PathFileType  4	(X/Y/Z) /Users/carmichaelong/repos/opencap-core/Examples/Data/c36cbbd8-7e6a-4dbe-a570-98e266c01fe0/MarkerData/PostAugmentation
DataRate	CameraRate	NumFrames	NumMarkers	Units	OrigDataRate	OrigDataStartFrame	OrigNumFrames
60.0	60.0	472	63	m	60.0	1	472
Frame#	Time	Neck			RShoulder			RElbow			RWrist			LShoulder			LElbow			LWrist			midHip			RHip			RKnee			RAnkle			LHip			LKnee			LAnkle			LBigToe			LSmallToe			LHeel			RBigToe			RSmallToe			RHeel			r.ASIS_study			L.ASIS_study			r.PSIS_study			L.PSIS_study			r_knee_study			r_mknee_study			r_ankle_study			r_mankle_study			r_toe_study			r_5meta_study			r_calc_study			L_knee_study			L_mknee_study			L_ankle_study			L_mankle_study			L_toe_study			L_calc_study			L_5meta_study			r_shoulder_study			L_shoulder_study			C7_study			r_thigh1_study			r_thigh2_study			r_thigh3_study			L_thigh1_study			L_thigh2_study			L_thigh3_study			r_sh1_study			r_sh2_study			r_sh3_study			L_sh1_study			L_sh2_study			L_sh3_study			RHJC_study			LHJC_study			r_lelbow_study			r_melbow_study			r_lwrist_study			r_mwrist_study			L_lelbow_study			L_melbow_study			L_lwrist_study			L_mwrist_study			
		X1	Y1	Z1	X2	Y2	Z2	X3	Y3	Z3	X4	Y4	Z4	X5	Y5	Z5	X6	Y6	Z6	X7	Y7	Z7	X8	Y8	Z8	X9	Y9	Z9	X10	Y10	Z10	X11	Y11	Z11	X12	Y12	Z12	X13	Y13	Z13	X14	Y14	Z14	X15	Y15	Z15	X16	Y16	Z16	X17	Y17	Z17	X18	Y18	Z18	X19	Y19	Z19	X20	Y20	Z20	X21	Y21	Z21	X22	Y22	Z22	X23	Y23	Z23	X24	Y24	Z24	X25	Y25	Z25	X26	Y26	Z26	X27	Y27	Z27	X28	Y28	Z28	X29	Y29	Z29	X30	Y30	Z30	X31	Y31	Z31	X32	Y32	Z32	X33	Y33	Z33	X34	Y34	Z34	X35	Y35	Z35	X36	Y36	Z36	X37	Y37	Z37	X38	Y38	Z38	X39	Y39	Z39	X40	Y40	Z40	X41	Y41	Z41	X42	Y42	Z42	X43	Y43	Z43	X44	Y44	Z44	X45	Y45	Z45	X46	Y46	Z46	X47	Y47	Z47	X48	Y48	Z48	X49	Y49	Z49	X50	Y50	Z50	X51	Y51	Z51	X52	Y52	Z52	X53	Y53	Z53	X54	Y54	Z54	X55	Y55	Z55	X56	Y56	Z56	X57	Y57	Z57	X58	Y58	Z58	X59	Y59	Z59	X60	Y60	Z60	X61	Y61	Z61	X62	Y62	Z62	X63	Y63	Z63	

1	0.0000000	-1.5722000	1.4526433	-0.1455800	-1.5649900	1.4399233	0.0347500	-1.5730200	1.1667233	0.0911300	-1.4761000	0.9185533	0.0905000	-1.5466500	1.4631233	-0.3251800	-1.5454900	1.1986833	-0.3977600	-1.4650900	0.9412633	-0.3964400	-1.4711800	0.8603333	-0.1487700	-1.4775000	0.8599733	-0.0260200	-1.5086000	0.4521033	-0.0526700	-1.5713300	0.0756933	-0.0728800	-1.4501600	0.8622133	-0.2708300	-1.5067500	0.4594633	-0.2424700	-1.5748100	0.0711233	-0.2190800	-1.3998500	0.0290833	-0.2456200	-1.4115800	0.0307633	-0.2469100	-1.6047500	0.0360033	-0.2075500	-1.4244200	0.0263833	-0.0540300	-1.4352600	0.0290433	-0.0523400	-1.5976200	0.0421733	-0.0828800	-1.4204460	0.9271923	0.0156182	-1.3927667	0.9212668	-0.3072751	-1.6390487	0.9622931	-0.0924879	-1.6285397	0.9597113	-0.2185830	-1.5115984	0.4658168	0.0216625	-1.4896647	0.4679207	-0.0990842	-1.5960093	0.0892238	-0.0235559	-1.5603032	0.0892267	-0.1119376	-1.4587752	0.0280602	-0.0538730	-1.5057062	0.0286319	-0.0007652	-1.6505252	0.0731644	-0.0872795	-1.5100091	0.4540279	-0.3026764	-1.4983806	0.4622613	-0.1757813	-1.5857976	0.0573961	-0.2764677	-1.5544404	0.0652740	-0.1861939	-1.4216129	0.0335782	-0.2454586	-1.6542063	0.0248195	-0.2158000	-1.4733267	0.0186396	-0.3060294	-1.5663880	1.4906084	0.0298322	-1.5300300	1.4855719	-0.3293828	-1.6598739	1.4953888	-0.1541176	-1.4403569	0.7119782	0.0437098	-1.4741428	0.6153030	0.0569460	-1.5516609	0.7070637	0.0578375	-1.4113460	0.6970786	-0.3368902	-1.4545631	0.5999978	-0.3473175	-1.5364493	0.6976622	-0.3577341	-1.5335934	0.3471690	0.0162218	-1.5305995	0.2276933	0.0183244	-1.5972139	0.2576092	0.0141892	-1.5316866	0.3329523	-0.3047093	-1.5212056	0.2079744	-0.3125901	-1.5943672	0.2330057	-0.3088821	-1.5175074	0.8381077	-0.0534915	-1.5010126	0.8352256	-0.2479318	-1.5835925	1.1259246	0.1280505	-1.5886194	1.1095168	0.0352524	-1.4335464	0.9141109	0.0826002	-1.4879436	0.8830538	0.0995222	-1.5503192	1.1487898	-0.4364881	-1.5728070	1.1333174	-0.3540234	-1.4391743	0.9394425	-0.3797294	-1.4942205	0.9118291	-0.3987350
2	0.0166667	-1.5719400	1.4526833	-0.1455600	-1.5641800	1.4398933	0.0347400	-1.5726000	1.1665033	0.0913200	-1.4760500	0.9186433	0.0905200	-1.5469300	1.4632533	-0.3251600	-1.5460800	1.1984233	-0.3978200	-1.4649300	0.9412033	-0.3963200	-1.4712800	0.8604633	-0.1487000	-1.4777000	0.8601133	-0.0259000	-1.5086000	0.4523133	-0.0525500	-1.5720100	0.0753833	-0.0730300	-1.4501400	0.8623333	-0.2708000	-1.5062900	0.4596233	-0.2424700	-1.5752700	0.0710933	-0.2193000	-1.4012700	0.0285333	-0.2457600	-1.4129000	0.0302533	-0.2470600	-1.6046800	0.0361233	-0.2077000	-1.4244800	0.0263233	-0.0541100	-1.4349200	0.0291033	-0.0523300	-1.5981200	0.0418433	-0.0830900	-1.4132564	0.9248010	0.0195400	-1.3861179	0.9233098	-0.3112652	-1.6387874	0.9662808	-0.0941596	-1.6276027	0.9658716	-0.2239413	-1.5056318	0.4608207	0.0167966	-1.4887807	0.4651515	-0.1033021	-1.5888868	0.0771761	-0.0301207	-1.5571116	0.0807197	-0.1147366	-1.4487881	0.0294585	-0.0620712	-1.4963058	0.0202472	-0.0104033	-1.6474499	0.0578920	-0.0896233	-1.5029070	0.4568690	-0.3069753	-1.4914615	0.4658287	-0.1769252	-1.5783169	0.0596312	-0.2668819	-1.5479435	0.0680429	-0.1782529	-1.4145356	0.0336589	-0.2374393	-1.6492545	0.0291710	-0.2074370	-1.4666118	0.0199021	-0.2961941	-1.5671742	1.4971049	0.0328091	-1.5359359	1.5023623	-0.3247043	-1.6665432	1.5032230	-0.1485000	-1.4362799	0.7053891	0.0426481	-1.4696003	0.6083259	0.0547559	-1.5485499	0.7044783	0.0578692	-1.4142449	0.6970379	-0.3382152	-1.4535651	0.6011336	-0.3506151	-1.5347597	0.6984702	-0.3621851	-1.5295939	0.3423712	0.0116163	-1.5247696	0.2218080	0.0119160	-1.5912967	0.2472779	0.0076926	-1.5243509	0.3337830	-0.3033372	-1.5149351	0.2072962	-0.3083965	-1.5852987	0.2355547	-0.3038682	-1.5205035	0.8373845	-0.0507903	-1.5041930	0.8370006	-0.2507130	-1.5879372	1.1348674	0.1368348	-1.5884188	1.1226054	0.0310843	-1.4300692	0.9191160	0.0813094	-1.4945844	0.8868779	0.1001560	-1.5529659	1.1620408	-0.4337875	-1.5661493	1.1482023	-0.3496240	-1.4363627	0.9408507	-0.3849176	-1.4899178	0.9097992	-0.4021377
3	0.0333333	-1.5717300	1.4527833	-0.1455400	-1.5639400	1.4399533	0.0347100	-1.5725300	1.1665433	0.0914300	-1.4761900	0.9187533	0.0905200	-1.5467800	1.4633833	-0.3250900	-1.5467000	1.1983933	-0.3979000	-1.4646900	0.9412633	-0.3962100	-1.4715600	0.8607233	-0.1486800	-1.4779200	0.8603933	-0.0258400	-1.5086900	0.4523633	-0.0524700	-1.5725200	0.0751533	-0.0731600	-1.4504600	0.8626033	-0.2708300	-1.5062800	0.4596333	-0.2424900	-1.5753600	0.0712033	-0.2194100	-1.4018500	0.0282633	-0.2458900	-1.4134200	0.0299933	-0.2471800	-1.6043700	0.0363633	-0.2077600	-1.4251800	0.0260933	-0.0542500	-1.4352900	0.0289733	-0.0524100	-1.5984900	0.0415833	-0.0832600	-1.4105939	0.9247565	0.0252356	-1.3801107	0.9272055	-0.3135786	-1.6417399	0.9687798	-0.0947798	-1.6293493	0.9699137	-0.2275209	-1.5089801	0.4576344	0.0199785	-1.4910509	0.4626812	-0.1042538	-1.5888727	0.0721929	-0.0296418	-1.5560491	0.0772908	-0.1145825	-1.4475455	0.0286138	-0.0623153	-1.4952554	0.0163515	-0.0101802	-1.6473509	0.0517385	-0.0898756	-1.5033427	0.4577431	-0.3118810	-1.4901131	0.4661709	-0.1782764	-1.5798882	0.0629481	-0.2658562	-1.5471136	0.0699320	-0.1767897	-1.4160388	0.0343583	-0.2369716	-1.6498558	0.0337229	-0.2052641	-1.4694559	0.0209486	-0.2944900	-1.5696019	1.5013407	0.0371775	-1.5408632	1.5118047	-0.3245919	-1.6723365	1.5082783	-0.1478390	-1.4372928	0.7021536	0.0463607	-1.4716156	0.6049111	0.0591147	-1.5532316	0.7017519	0.0628873	-1.4147847	0.6979667	-0.3439679	-1.4543621	0.6021285	-0.3567394	-1.5374178	0.7000102	-0.3685697	-1.5321183	0.3389723	0.0134645	-1.5254727	0.2185859	0.0144169	-1.5938082	0.2420888	0.0081217	-1.5256977	0.3358631	-0.3057360	-1.5157206	0.2095076	-0.3092372	-1.5882167	0.2386405	-0.3046501	-1.5240005	0.8359009	-0.0492223	-1.5056288	0.8378381	-0.2539146	-1.5885102	1.1392525	0.1390317	-1.5921115	1.1299066	0.0368710	-1.4290631	0.9237012	0.0799468	-1.4981627	0.8899318	0.1013097	-1.5488012	1.1696731	-0.4369955	-1.5721260	1.1522880	-0.3544909	-1.4338431	0.9374024	-0.3823172	-1.4917184	0.9073951	-0.4035354
4	0.0500000	-1.5715100	1.4529033	-0.1455100	-1.5640800	1.4400733	0.0345900	-1.5723900	1.1666933	0.0914500	-1.4767200	0.9189333	0.0904900	-1.5462500	1.4635133	-0.3248900	-1.5469100	1.1988033	-0.3979300	-1.4644300	0.9413833	-0.3961700	-1.4719200	0.8609933	-0.1487300	-1.4778800	0.8606833	-0.0258800	-1.5087900	0.4522433	-0.0524900	-1.5725700	0.0751033	-0.0732700	-1.4512100	0.8628233	-0.2709000	-1.5066500	0.4594833	-0.2425600	-1.5751700	0.0713433	-0.2193500	-1.4014700	0.0283133	-0.2458200	-1.4130100	0.0300333	-0.2471100	-1.6040800	0.0363833	-0.2077200	-1.4262100	0.0260633	-0.0545400	-1.4362000	0.0289833	-0.0526600	-1.5982300	0.0415533	-0.0833100	-1.4095963	0.9257570	0.0296715	-1.3778300	0.9293203	-0.3152176	-1.6425615	0.9686090	-0.0953040	-1.6296831	0.9700694	-0.2304589	-1.5110173	0.4565078	0.0222077	-1.4923927	0.4613377	-0.1056358	-1.5887218	0.0737477	-0.0295482	-1.5553747	0.0790191	-0.1150342	-1.4477996	0.0322706	-0.0638482	-1.4950219	0.0182288	-0.0112535	-1.6472206	0.0527384	-0.0895003	-1.5062611	0.4595680	-0.3130071	-1.4929392	0.4677249	-0.1766583	-1.5821918	0.0671735	-0.2647432	-1.5483737	0.0733338	-0.1751481	-1.4207775	0.0368543	-0.2352529	-1.6509252	0.0389183	-0.2035643	-1.4738116	0.0236398	-0.2922287	-1.5704383	1.5006052	0.0382810	-1.5448659	1.5148103	-0.3251161	-1.6747978	1.5075371	-0.1489703	-1.4369870	0.7009535	0.0491763	-1.4723067	0.6038345	0.0622344	-1.5560316	0.7010138	0.0666802	-1.4150232	0.6985577	-0.3480814	-1.4555893	0.6032250	-0.3601901	-1.5393263	0.7010113	-0.3727167	-1.5335573	0.3388342	0.0142594	-1.5258138	0.2195711	0.0151657	-1.5950559	0.2422606	0.0088621	-1.5287164	0.3388320	-0.3056670	-1.5176133	0.2130109	-0.3089696	-1.5920021	0.2422698	-0.3038803	-1.5256647	0.8352767	-0.0482005	-1.5065228	0.8378331	-0.2565073	-1.5883914	1.1401142	0.1384424	-1.5950361	1.1323415	0.0406096	-1.4286352	0.9249684	0.0768811	-1.4996919	0.8897900	0.1013808	-1.5462116	1.1734721	-0.4390469	-1.5788202	1.1550945	-0.3571221	-1.4330804	0.9362217	-0.3796051	-1.4956812	0.9059177	-0.4057023
5	0.0666667	-1.5712600	1.4528833	-0.1454700	-1.5638000	1.4400333	0.0344400	-1.5714600	1.1665133	0.0914100	-1.4776000	0.9191333	0.0904800	-1.5461000	1.4635033	-0.3246600	-1.5465900	1.1994133	-0.3978300	-1.4639700	0.9414833	-0.3962100	-1.4721900	0.8608933	-0.1488100	-1.4773100	0.8605733	-0.0260600	-1.5085200	0.4520533	-0.0525700	-1.5720200	0.0753133	-0.0734000	-1.4523100	0.8627133	-0.2709400	-1.5070600	0.4594033	-0.2426400	-1.5751800	0.0713133	-0.2191600	-1.4011400	0.0283233	-0.2455500	-1.4126400	0.0300533	-0.2468500	-1.6039900	0.0362833	-0.2076300	-1.4266600	0.0267433	-0.0550700	-1.4367300	0.0296033	-0.0531400	-1.5970400	0.0418033	-0.0832700	-1.4092191	0.9267982	0.0331443	-1.3769165	0.9306559	-0.3167861	-1.6429702	0.9678795	-0.0957206	-1.6298915	0.9693705	-0.2329398	-1.5124149	0.4546822	0.0242878	-1.4937764	0.4596923	-0.1072700	-1.5874934	0.0750334	-0.0300562	-1.5541260	0.0805712	-0.1166950	-1.4475801	0.0353659	-0.0662051	-1.4942434	0.0200279	-0.0127791	-1.6462729	0.0539597	-0.0900962	-1.5078396	0.4596296	-0.3139074	-1.4945119	0.4679385	-0.1744769	-1.5821578	0.0684789	-0.2643588	-1.5476129	0.0745139	-0.1736226	-1.4223325	0.0379680	-0.2335981	-1.6503398	0.0409925	-0.2024963	-1.4753036	0.0244069	-0.2909004	-1.5701863	1.4988369	0.0398868	-1.5471577	1.5162668	-0.3251535	-1.6755826	1.5059542	-0.1492587	-1.4356431	0.6990841	0.0519529	-1.4720368	0.6020586	0.0652915	-1.5576921	0.6998261	0.0704843	-1.4137926	0.6982568	-0.3516944	-1.4554506	0.6030378	-0.3633123	-1.5406815	0.7005501	-0.3767460	-1.5343607	0.3382925	0.0148383	-1.5254392	0.2200726	0.0152917	-1.5953627	0.2420833	0.0096390	-1.5301180	0.3397155	-0.3056988	-1.5177378	0.2144030	-0.3090788	-1.5937943	0.2430023	-0.3037851	-1.5265063	0.8345075	-0.0473152	-1.5070528	0.8371887	-0.2586286	-1.5877852	1.1404423	0.1377088	-1.5965696	1.1333625	0.0433608	-1.4283686	0.9247340	0.0746822	-1.4996172	0.8887542	0.1014291	-1.5432958	1.1748574	-0.4391358	-1.5808145	1.1568227	-0.3583336	-1.4312099	0.9356800	-0.3777905	-1.4967295	0.9050747	-0.4064305
6	0.0833333	-1.5711400	1.4526333	-0.1454200	-1.5630600	1.4397433	0.0343400	-1.5700000	1.1659733	0.0913300	-1.4783300	0.9192433	0.0905100	-1.5466500	1.4633333	-0.3245200	-1.5461200	1.1998033	-0.3976400	-1.4635200	0.9415333	-0.3962500	-1.4722700	0.8605233	-0.1488900	-1.4764600	0.8601133	-0.0263000	-1.5078900	0.4520533	-0.0526100	-1.5709600	0.0757433	-0.0735000	-1.4533400	0.8623233	-0.2709000	-1.5073700	0.4595633	-0.2426400	-1.5753500	0.0712533	-0.2189600	-1.4012800	0.0283733	-0.2452000	-1.4127000	0.0300833	-0.2465300	-1.6036900	0.0360333	-0.2075000	-1.4261500	0.0279433	-0.0556900	-1.4364000	0.0307233	-0.0536900	-1.5951000	0.0423233	-0.0831700	-1.4088703	0.9276492	0.0355191	-1.3768093	0.9313468	-0.3184639	-1.6432000	0.9668633	-0.0956616	-1.6302190	0.9682342	-0.2345537	-1.5125649	0.4527946	0.0259793	-1.4943102	0.4582638	-0.1086940	-1.5854623	0.0760456	-0.0302621	-1.5524362	0.0820171	-0.1181600	-1.4468019	0.0376638	-0.0681135	-1.4930445	0.0214198	-0.0138498	-1.6445476	0.0553203	-0.0903438	-1.5085588	0.4587285	-0.3145780	-1.4951886	0.4672116	-0.1726933	-1.5812519	0.0689732	-0.2643238	-1.5462182	0.0750478	-0.1726242	-1.4223627	0.0385198	-0.2325352	-1.6491799	0.0421649	-0.2018931	-1.4754133	0.0247500	-0.2902302	-1.5695750	1.4967685	0.0407193	-1.5492669	1.5162455	-0.3257547	-1.6759040	1.5040164	-0.1495712	-1.4337533	0.6973463	0.0544251	-1.4709155	0.6002577	0.0679625	-1.5580620	0.6983643	0.0738336	-1.4122396	0.6973495	-0.3544868	-1.4548146	0.6021160	-0.3657377	-1.5416113	0.6994895	-0.3798040	-1.5340945	0.3376255	0.0153803	-1.5242708	0.2202881	0.0153230	-1.5945192	0.2417322	0.0106228	-1.5306689	0.3396788	-0.3057883	-1.5172862	0.2150365	-0.3093656	-1.5944110	0.2426888	-0.3038802	-1.5266519	0.8336619	-0.0464068	-1.5073563	0.8361992	-0.2601524	-1.5864777	1.1404089	0.1374320	-1.5960832	1.1333757	0.0451857	-1.4281043	0.9237755	0.0739676	-1.4992840	0.8875634	0.1019761	-1.5409813	1.1746535	-0.4390144	-1.5798950	1.1571195	-0.3587544	-1.4283094	0.9347048	-0.3778521	-1.4957036	0.9039814	-0.4066893
7	0.1000000	-1.5713200	1.4524033	-0.1453700	-1.5626100	1.4394233	0.0343200	-1.5691500	1.1656833	0.0912800	-1.4784400	0.9191633	0.0905200	-1.5474800	1.4631733	-0.3244500	-1.5458000	1.1998933	-0.3975200	-1.4638000	0.9414833	-0.3962600	-1.4723000	0.8601333	-0.1488900	-1.4759300	0.8597333	-0.0264600	-1.5073100	0.4520633	-0.0525100	-1.5700400	0.0761533	-0.0735300	-1.4539500	0.8619033	-0.2707800	-1.5075400	0.4596633	-0.2425400	-1.5758300	0.0709133	-0.2187600	-1.4011900	0.0283533	-0.2449700	-1.4126000	0.0300733	-0.2463100	-1.6038400	0.0356433	-0.2073000	-1.4255700	0.0284933	-0.0559700	-1.4358900	0.0312633	-0.0539300	-1.5934700	0.0428733	-0.0830600	-1.4085659	0.9283917	0.0370747	-1.3771821	0.9317643	-0.3199146	-1.6433269	0.9659052	-0.0952329	-1.6305991	0.9671099	-0.2353817	-1.5122778	0.4511454	0.0274085	-1.4945423	0.4572659	-0.1096888	-1.5834255	0.0766460	-0.0300787	-1.5508544	0.0831940	-0.1190409	-1.4459103	0.0392914	-0.0692565	-1.4919250	0.0224701	-0.0143349	-1.6428216	0.0564932	-0.0901367	-1.5089392	0.4573433	-0.3150436	-1.4954646	0.4661777	-0.1710575	-1.5802617	0.0689704	-0.2643426	-1.5448775	0.0752703	-0.1717441	-1.4217636	0.0387635	-0.2316166	-1.6481455	0.0427900	-0.2013946	-1.4749993	0.0248350	-0.2897922	-1.5688103	1.4951335	0.0412647	-1.5507381	1.5160012	-0.3262591	-1.6758703	1.5024857	-0.1495865	-1.4318782	0.6957683	0.0564789	-1.4696259	0.5985849	0.0701949	-1.5578567	0.6969139	0.0766525	-1.4107443	0.6960037	-0.3566156	-1.4541184	0.6007202	-0.3676160	-1.5423930	0.6981671	-0.3821216	-1.5335427	0.3369979	0.0159982	-1.5230572	0.2203140	0.0154748	-1.5934106	0.2412297	0.0117609	-1.5309045	0.3391329	-0.3058606	-1.5167722	0.2151744	-0.3096844	-1.5946398	0.2417638	-0.3039510	-1.5264710	0.8329309	-0.0455276	-1.5075978	0.8352218	-0.2610901	-1.5852790	1.1403004	0.1372252	-1.5951244	1.1328990	0.0463863	-1.4283792	0.9226492	0.0740206	-1.4993158	0.8863683	0.1026739	-1.5393003	1.1736493	-0.4385778	-1.5778918	1.1565691	-0.3590060	-1.4256818	0.9334048	-0.3786999	-1.4939471	0.9029619	-0.4064562
8	0.1166667	-1.5718000	1.4523933	-0.1452800	-1.5625700	1.4393233	0.0343300	-1.5695000	1.1660233	0.0913900	-1.4780500	0.9190633	0.0905000	-1.5484800	1.4632633	-0.3243300	-1.5455900	1.1999933	-0.3975300	-1.4653600	0.9412533	-0.3961500	-1.4726400	0.8600133	-0.1488100	-1.4759700	0.8596633	-0.0265100	-1.5068900	0.4521233	-0.0523300	-1.5698000	0.0763433	-0.0735300	-1.4546100	0.8617033	-0.2705800	-1.5074800	0.4595233	-0.2424700	-1.5775200	0.0701833	-0.2184600	-1.4009300	0.0284433	-0.2449000	-1.4124500	0.0301333	-0.2462300	-1.6059100	0.0349333	-0.2069300	-1.4258800	0.0279633	-0.0557500	-1.4360600	0.0307933	-0.0537200	-1.5931300	0.0431933	-0.0830400	-1.4087078	0.9293237	0.0380993	-1.3780738	0.9322251	-0.3210303	-1.6437609	0.9652566	-0.0946531	-1.6313089	0.9662405	-0.2356975	-1.5120364	0.4500503	0.0285066	-1.4947966	0.4568839	-0.1104353	-1.5819678	0.0771233	-0.0298292	-1.5498197	0.0842758	-0.1196575	-1.4454918	0.0404908	-0.0699892	-1.4914133	0.0233447	-0.0145670	-1.6415961	0.0576788	-0.0898686	-1.5093793	0.4561308	-0.3153136	-1.4957841	0.4652720	-0.1696897	-1.5799587	0.0690972	-0.2644990	-1.5443403	0.0756137	-0.1711954	-1.4214255	0.0390311	-0.2310989	-1.6479925	0.0435383	-0.2011391	-1.4749000	0.0251515	-0.2896834	-1.5685860	1.4942428	0.0413259	-1.5524004	1.5158670	-0.3267551	-1.6761508	1.5016468	-0.1496274	-1.4305146	0.6947451	0.0581277	-1.4686686	0.5974217	0.0719790	-1.5577150	0.6958314	0.0789229	-1.4097443	0.6948262	-0.3581464	-1.4537418	0.5995115	-0.3689649	-1.5433112	0.6971521	-0.3837253	-1.5331931	0.3366402	0.0165290	-1.5222705	0.2203430	0.0156256	-1.5926153	0.2409224	0.0127297	-1.5313245	0.3387004	-0.3058854	-1.5167651	0.2153906	-0.3099978	-1.5951011	0.2410039	-0.3040272	-1.5264992	0.8325808	-0.0447322	-1.5080928	0.8345425	-0.2615952	-1.5845362	1.1403945	0.1370847	-1.5945065	1.1323534	0.0471322	-1.4290857	0.9219263	0.0743238	-1.4997650	0.8855419	0.1033962	-1.5384606	1.1725060	-0.4380292	-1.5761498	1.1558188	-0.3593053	-1.4242137	0.9319881	-0.3798390	-1.4927553	0.9021143	-0.4061380
9	0.1333333	-1.5722300	1.4526033	-0.1451500	-1.5622900	1.4393733	0.0343400	-1.5705800	1.1667733	0.0916500	-1.4777200	0.9191533	0.0905100	-1.5496300	1.4636533	-0.3241500	-1.5454200	1.2002033	-0.3976000	-1.4676800	0.9409033	-0.3959400	-1.4733800	0.8605433	-0.1487200	-1.4763400	0.8602033	-0.0265500	-1.5063100	0.4524633	-0.0522300	-1.5701900	0.0763833	-0.0735400	-1.4557300	0.8621533	-0.2704000	-1.5071000	0.4594433	-0.2424700	-1.5801100	0.0695033	-0.2180900	-1.4010200	0.0283833	-0.2447500	-1.4126500	0.0300433	-0.2460700	-1.6091000	0.0343933	-0.2065000	-1.4264200	0.0270833	-0.0553200	-1.4364200	0.0299833	-0.0533500	-1.5939800	0.0432633	-0.0830800	-1.4092483	0.9307724	0.0387160	-1.3795216	0.9331470	-0.3218941	-1.6444853	0.9652845	-0.0939932	-1.6323698	0.9660357	-0.2356590	-1.5119773	0.4498269	0.0293010	-1.4951497	0.4573610	-0.1109969	-1.5812350	0.0778509	-0.0295658	-1.5494237	0.0855788	-0.1200614	-1.4455831	0.0416040	-0.0703811	-1.4915778	0.0244436	-0.0146077	-1.6410544	0.0592000	-0.0895936	-1.5100595	0.4556062	-0.3155227	-1.4963305	0.4650313	-0.1686103	-1.5806723	0.0696593	-0.2647446	-1.5449049	0.0763719	-0.1708687	-1.4217738	0.0395074	-0.2307787	-1.6490380	0.0447583	-0.2010723	-1.4755432	0.0258370	-0.2897424	-1.5686077	1.4943034	0.0412036	-1.5541745	1.5163219	-0.3271116	-1.6766162	1.5017583	-0.1495310	-1.4296646	0.6945793	0.0593613	-1.4681075	0.5971074	0.0733185	-1.5578316	0.6955193	0.0806672	-1.4093728	0.6942927	-0.3593174	-1.4538417	0.5989701	-0.3700046	-1.5445247	0.6968678	-0.3848720	-1.5331597	0.3368997	0.0169464	-1.5220023	0.2207719	0.0157383	-1.5922992	0.2411651	0.0135286	-1.5321344	0.3388140	-0.3059453	-1.5174661	0.2160268	-0.3103412	-1.5961195	0.2408337	-0.3041338	-1.5268401	0.8329701	-0.0440731	-1.5089957	0.8345733	-0.2618412	-1.5843310	1.1410829	0.1368788	-1.5945624	1.1322982	0.0475468	-1.4301924	0.9220102	0.0745503	-1.5005112	0.8854463	0.1039949	-1.5382958	1.1718084	-0.4374611	-1.5750971	1.1555325	-0.3597645	-1.4241205	0.9309574	-0.3809539	-1.4925355	0.9018411	-0.4059453
10	0.1500000	-1.5723000	1.4528633	-0.1450600	-1.5616300	1.4394533	0.0343600	-1.5713600	1.1674033	0.0918700	-1.4778000	0.9194333	0.0906100	-1.5504300	1.4641333	-0.3240300	-1.5452400	1.2003333	-0.3977000	-1.4695700	0.9406033	-0.3957700	-1.4740500	0.8615933	-0.1486800	-1.4766000	0.8614133	-0.0265600	-1.5055200	0.4530633	-0.0522500	-1.5708900	0.0764033	-0.0735000	-1.4568200	0.8632333	-0.2703200	-1.5064600	0.4597033	-0.2425100	-1.5815800	0.0694233	-0.2177800	-1.4011200	0.0281233	-0.2443100	-1.4127700	0.0297833	-0.2456600	-1.6104300	0.0343233	-0.2061600	-1.4263600	0.0268433	-0.0551100	-1.4362900	0.0297833	-0.0531500	-1.5951000	0.0432133	-0.0830700	-1.4097672	0.9326276	0.0389868	-1.3809774	0.9344888	-0.3225562	-1.6450190	0.9658097	-0.0933604	-1.6332523	0.9663366	-0.2354168	-1.5117486	0.4502734	0.0297057	-1.4952422	0.4584665	-0.1115794	-1.5807778	0.0786805	-0.0294115	-1.5492101	0.0869314	-0.1204159	-1.4456622	0.0426284	-0.0706703	-1.4918489	0.0256314	-0.0146248	-1.6407917	0.0608002	-0.0894508	-1.5104560	0.4555915	-0.3156771	-1.4966272	0.4652686	-0.1678093	-1.5815883	0.0705603	-0.2649811	-1.5457564	0.0774471	-0.1706687	-1.4222137	0.0401114	-0.2305428	-1.6503689	0.0463707	-0.2011135	-1.4762605	0.0267705	-0.2898141	-1.5684924	1.4949673	0.0408444	-1.5556421	1.5171377	-0.3273652	-1.6768001	1.5024959	-0.1494032	-1.4288621	0.6950554	0.0601990	-1.4675167	0.5974429	0.0742052	-1.5578357	0.6958232	0.0818831	-1.4090854	0.6943414	-0.3601802	-1.4538682	0.5989876	-0.3707703	-1.5454954	0.6971545	-0.3856682	-1.5330541	0.3376018	0.0171343	-1.5218063	0.2214430	0.0157299	-1.5920710	0.2417894	0.0140238	-1.5327415	0.3393165	-0.3059842	-1.5181677	0.2169554	-0.3106038	-1.5970254	0.2411220	-0.3042353	-1.5270685	0.8339194	-0.0436130	-1.5098033	0.8351772	-0.2619547	-1.5840840	1.1421836	0.1365651	-1.5947289	1.1326942	0.0477039	-1.4312333	0.9226241	0.0745992	-1.5011310	0.8859072	0.1043859	-1.5380781	1.1714813	-0.4369598	-1.5741774	1.1556620	-0.3603446	-1.4245598	0.9302916	-0.3819230	-1.4925858	0.9019925	-0.4059358
11	0.1666667	-1.5721700	1.4530633	-0.1450300	-1.5611600	1.4395833	0.0344100	-1.5711200	1.1676633	0.0918500	-1.4780600	0.9196333	0.0906900	-1.5506200	1.4644133	-0.3240600	-1.5452000	1.2002733	-0.3977900	-1.4698300	0.9406133	-0.3957800	-1.4741500	0.8623633	-0.1486600	-1.4766700	0.8620733	-0.0264900	-1.5050300	0.4534733	-0.0523100	-1.5714700	0.0764133	-0.0734300	-1.4569400	0.8641233	-0.2703700	-1.5060400	0.4600133	-0.2424900	-1.5810100	0.0699633	-0.2176800	-1.4008500	0.0278233	-0.2438000	-1.4124700	0.0295133	-0.2451900	-1.6092300	0.0350533	-0.2060400	-1.4259600	0.0270433	-0.0551500	-1.4359200	0.0299833	-0.0531700	-1.5958300	0.0431733	-0.0829800	-1.4098064	0.9340372	0.0390798	-1.3818750	0.9355395	-0.3230639	-1.6448839	0.9660250	-0.0927313	-1.6334381	0.9663910	-0.2350395	-1.5110777	0.4505285	0.0298568	-1.4948189	0.4593433	-0.1121133	-1.5800381	0.0790474	-0.0293624	-1.5486450	0.0877730	-0.1207222	-1.4452697	0.0431334	-0.0709048	-1.4917021	0.0264006	-0.0146640	-1.6402286	0.0618879	-0.0894132	-1.5101694	0.4554386	-0.3158079	-1.4962497	0.4653307	-0.1672212	-1.5818440	0.0711480	-0.2651663	-1.5459733	0.0781902	-0.1705150	-1.4220432	0.0402408	-0.2303007	-1.6509945	0.0477113	-0.2011618	-1.4763188	0.0272892	-0.2898252	-1.5678030	1.4953539	0.0403997	-1.5563407	1.5175458	-0.3274566	-1.6762495	1.5029449	-0.1491782	-1.4276980	0.6952554	0.0607619	-1.4665381	0.5975385	0.0747706	-1.5573273	0.6959020	0.0827082	-1.4083639	0.6942587	-0.3608221	-1.4533541	0.5988766	-0.3713451	-1.5457711	0.6972910	-0.3862355	-1.5325237	0.3380037	0.0171558	-1.5212364	0.2217212	0.0156235	-1.5914886	0.2420914	0.0142788	-1.5326333	0.3395875	-0.3060180	-1.5181862	0.2175723	-0.3108070	-1.5972009	0.2412093	-0.3043179	-1.5267229	0.8345775	-0.0432743	-1.5099889	0.8355890	-0.2619872	-1.5833238	1.1429359	0.1361890	-1.5944777	1.1328628	0.0477259	-1.4318372	0.9229189	0.0745588	-1.5012470	0.8861649	0.1046234	-1.5373122	1.1708431	-0.4365436	-1.5728627	1.1555017	-0.3609563	-1.4245972	0.9294746	-0.3827015	-1.4920241	0.9019094	-0.4060622
12	0.1833333	-1.5720400	1.4531533	-0.1450500	-1.5611600	1.4397633	0.0344800	-1.5699300	1.1677033	0.0915500	-1.4778800	0.9196733	0.0906700	-1.5503500	1.4643933	-0.3241600	-1.5456200	1.2000433	-0.3977900	-1.4679300	0.9410433	-0.3959800	-1.4736800	0.8623833	-0.1486800	-1.4769700	0.8619933	-0.0263100	-1.5050900	0.4536633	-0.0523100	-1.5716700	0.0763433	-0.0734200	-1.4556800	0.8642433	-0.2705300	-1.5064100	0.4600433	-0.2424400	-1.5797100	0.0707333	-0.2178700	-1.4013400	0.0275033	-0.2436000	-1.4129300	0.0292233	-0.2450100	-1.6074100	0.0359133	-0.2062400	-1.4256100	0.0273333	-0.0552500	-1.4356400	0.0302433	-0.0532700	-1.5963100	0.0429933	-0.0829100	-1.4094325	0.9345253	0.0391285	-1.3820933	0.9358823	-0.3234898	-1.6441305	0.9654829	-0.0921500	-1.6329058	0.9657732	-0.2346536	-1.5101930	0.4501364	0.0298328	-1.4940508	0.4595069	-0.1125870	-1.5791137	0.0786916	-0.0293684	-1.5478076	0.0878311	-0.1209446	-1.4445706	0.0428666	-0.0710644	-1.4912674	0.0264154	-0.0147040	-1.6394332	0.0622055	-0.0894200	-1.5094654	0.4546642	-0.3159490	-1.4954838	0.4647537	-0.1668378	-1.5815335	0.0711058	-0.2653450	-1.5456291	0.0782860	-0.1704507	-1.4214879	0.0396380	-0.2300874	-1.6509333	0.0484447	-0.2012559	-1.4759101	0.0270934	-0.2897893	-1.5667789	1.4950189	0.0399005	-1.5564275	1.5171153	-0.3274758	-1.6751706	1.5025834	-0.1489411	-1.4263185	0.6947047	0.0611640	-1.4653612	0.5969332	0.0751234	-1.5564771	0.6952974	0.0832157	-1.4072559	0.6934995	-0.3613138	-1.4524300	0.5981141	-0.3717948	-1.5454038	0.6968113	-0.3866971	-1.5317621	0.3377252	0.0170546	-1.5204571	0.2213031	0.0154610	-1.5907040	0.2417118	0.0143446	-1.5320577	0.3392060	-0.3060913	-1.5177056	0.2174935	-0.3110113	-1.5968343	0.2407133	-0.3044095	-1.5258733	0.8344476	-0.0430417	-1.5095091	0.8353474	-0.2620478	-1.5820661	1.1429223	0.1357834	-1.5937622	1.1324155	0.0476735	-1.4319653	0.9224709	0.0744624	-1.5008134	0.8858227	0.1047245	-1.5360735	1.1695517	-0.4362475	-1.5711537	1.1546631	-0.3615524	-1.4237974	0.9283165	-0.3833026	-1.4904567	0.9012805	-0.4062752
13	0.2000000	-1.5719100	1.4532333	-0.1451100	-1.5612200	1.4399633	0.0344300	-1.5687600	1.1677733	0.0912300	-1.4769900	0.9197333	0.0906100	-1.5500500	1.4642733	-0.3242200	-1.5462200	1.1997633	-0.3976900	-1.4653800	0.9415333	-0.3961400	-1.4731700	0.8623733	-0.1487100	-1.4776000	0.8619833	-0.0261300	-1.5053600	0.4539133	-0.0522200	-1.5716700	0.0762533	-0.0734600	-1.4540000	0.8642333	-0.2707000	-1.5074600	0.4599733	-0.2425000	-1.5793700	0.0711933	-0.2182400	-1.4035400	0.0269733	-0.2438800	-1.4151000	0.0287533	-0.2452600	-1.6069800	0.0364333	-0.2066700	-1.4252300	0.0275333	-0.0552600	-1.4353800	0.0303733	-0.0532800	-1.5967400	0.0427433	-0.0829400	-1.4091839	0.9348170	0.0392247	-1.3821003	0.9362090	-0.3237932	-1.6433126	0.9649371	-0.0916474	-1.6321793	0.9652205	-0.2343148	-1.5096468	0.4497826	0.0297574	-1.4934914	0.4596475	-0.1129419	-1.5784478	0.0783794	-0.0293803	-1.5471461	0.0878783	-0.1210570	-1.4440116	0.0426362	-0.0711047	-1.4909864	0.0264417	-0.0147013	-1.6388632	0.0625054	-0.0894282	-1.5091279	0.4540107	-0.3160964	-1.4951019	0.4642515	-0.1666204	-1.5815427	0.0711982	-0.2655741	-1.5455937	0.0784749	-0.1705288	-1.4215059	0.0390412	-0.2300411	-1.6510568	0.0493212	-0.2014148	-1.4759990	0.0269458	-0.2898226	-1.5659776	1.4946846	0.0394168	-1.5565121	1.5166568	-0.3274015	-1.6741715	1.5021566	-0.1486925	-1.4252714	0.6941377	0.0614830	-1.4645374	0.5963417	0.0753685	-1.5558509	0.6947251	0.0835117	-1.4063571	0.6927255	-0.3616924	-1.4517656	0.5974013	-0.3721478	-1.5450190	0.6964754	-0.3870783	-1.5312960	0.3374830	0.0169237	-1.5199634	0.2209403	0.0153038	-1.5902109	0.2413675	0.0143128	-1.5318357	0.3389312	-0.3062159	-1.5175704	0.2174833	-0.3112684	-1.5967813	0.2404023	-0.3045279	-1.5250834	0.8342672	-0.0428902	-1.5088858	0.8351684	-0.2621429	-1.5808070	1.1428371	0.1354239	-1.5930233	1.1320292	0.0476418	-1.4319549	0.9220456	0.0743633	-1.5001420	0.8855877	0.1047714	-1.5349348	1.1683662	-0.4360006	-1.5695931	1.1538736	-0.3620517	-1.4225907	0.9275546	-0.3836891	-1.4883841	0.9008420	-0.4064845
14	0.2166667	-1.5718600	1.4532633	-0.1451800	-1.5608800	1.4399933	0.0342600	-1.5687100	1.1679033	0.0912100	-1.4759000	0.9198933	0.0906200	-1.5503100	1.4643133	-0.3242200	-1.5463000	1.1997533	-0.3975900	-1.4649800	0.9414933	-0.3960000	-1.4731600	0.8631533	-0.1487100	-1.4779400	0.8628533	-0.0261300	-1.5056400	0.4542333	-0.0520400	-1.5716500	0.0762633	-0.0734900	-1.4536400	0.8649233	-0.2706900	-1.5082600	0.4602933	-0.2427400	-1.5803100	0.0709833	-0.2184200	-1.4060100	0.0266933	-0.2443900	-1.4175300	0.0284833	-0.2457200	-1.6081200	0.0361033	-0.2068800	-1.4252100	0.0272633	-0.0550900	-1.4354300	0.0300833	-0.0531400	-1.5967600	0.0427133	-0.0831000	-1.4095029	0.9358097	0.0393786	-1.3824986	0.9372863	-0.3239436	-1.6429586	0.9651916	-0.0911964	-1.6318476	0.9654860	-0.2339870	-1.5098608	0.4502369	0.0296834	-1.4935921	0.4605276	-0.1131765	-1.5783698	0.0787592	-0.0293418	-1.5470000	0.0885645	-0.1210370	-1.4439600	0.0430726	-0.0709868	-1.4912132	0.0271157	-0.0146036	-1.6388309	0.0634126	-0.0893952	-1.5096653	0.4541991	-0.3161923	-1.4956131	0.4645512	-0.1664798	-1.5824685	0.0720261	-0.2658547	-1.5464786	0.0793648	-0.1707307	-1.4226385	0.0391125	-0.2301744	-1.6520063	0.0508958	-0.2016388	-1.4771501	0.0275142	-0.2899547	-1.5657675	1.4951423	0.0389856	-1.5571306	1.5169875	-0.3272314	-1.6737495	1.5025218	-0.1484122	-1.4249834	0.6943945	0.0617775	-1.4644859	0.5965801	0.0755708	-1.5559080	0.6950103	0.0836814	-1.4061928	0.6927203	-0.3619330	-1.4518816	0.5974940	-0.3723737	-1.5451889	0.6970232	-0.3873420	-1.5315309	0.3380192	0.0168216	-1.5201298	0.2213516	0.0152128	-1.5903844	0.2417521	0.0142560	-1.5325037	0.3394513	-0.3063417	-1.5183482	0.2182117	-0.3115486	-1.5976060	0.2409124	-0.3046473	-1.5248535	0.8348897	-0.0427768	-1.5087161	0.8358248	-0.2622172	-1.5800339	1.1434135	0.1351559	-1.5926915	1.1324000	0.0477057	-1.4321957	0.9224426	0.0743106	-1.4996166	0.8861702	0.1048555	-1.5344530	1.1680523	-0.4356813	-1.5687352	1.1539195	-0.3623894	-1.4219129	0.9277232	-0.3838569	-1.4868426	0.9012716	-0.4066211
15	0.2333333	-1.5718400	1.4533033	-0.1452000	-1.5601400	1.4398533	0.0341000	-1.5696900	1.1679033	0.0914900	-1.4753000	0.9199933	0.0906700	-1.5510000	1.4646133	-0.3241500	-1.5459500	1.2000533	-0.3975800	-1.4668600	0.9408433	-0.3956000	-1.4733900	0.8641133	-0.1486600	-1.4774800	0.8637033	-0.0262900	-1.5061700	0.4544233	-0.0519300	-1.5717800	0.0763733	-0.0735200	-1.4546100	0.8659833	-0.2704700	-1.5082300	0.4610933	-0.2430800	-1.5814500	0.0702233	-0.2182700	-1.4068500	0.0266833	-0.2447300	-1.4182900	0.0285233	-0.2460400	-1.6094800	0.0353133	-0.2066700	-1.4259700	0.0265233	-0.0548700	-1.4361000	0.0294233	-0.0529600	-1.5965700	0.0428333	-0.0833700	-1.4100321	0.9369513	0.0395317	-1.3831619	0.9385118	-0.3239652	-1.6427772	0.9656106	-0.0907232	-1.6317105	0.9659191	-0.2335824	-1.5104966	0.4508779	0.0296112	-1.4940956	0.4615412	-0.1132958	-1.5785494	0.0791545	-0.0292760	-1.5470927	0.0892211	-0.1209261	-1.4442061	0.0434762	-0.0707718	-1.4916966	0.0277815	-0.0144602	-1.6389809	0.0642706	-0.0893369	-1.5105935	0.4545724	-0.3161975	-1.4965122	0.4650358	-0.1663381	-1.5837516	0.0728458	-0.2660961	-1.5477256	0.0802529	-0.1709316	-1.4241716	0.0392702	-0.2303576	-1.6532749	0.0523780	-0.2018279	-1.4786918	0.0281532	-0.2900960	-1.5657434	1.4957419	0.0386115	-1.5579676	1.5174766	-0.3269418	-1.6735682	1.5030677	-0.1480572	-1.4250734	0.6948362	0.0620374	-1.4648269	0.5970177	0.0757281	-1.5562531	0.6955316	0.0837662	-1.4064332	0.6929140	-0.3620228	-1.4523972	0.5977769	-0.3724568	-1.5456395	0.6977582	-0.3874577	-1.5321350	0.3386980	0.0167443	-1.5206224	0.2218731	0.0151652	-1.5908753	0.2422264	0.0141906	-1.5335534	0.3400840	-0.3064044	-1.5195121	0.2189911	-0.3117667	-1.5987882	0.2415024	-0.3047066	-1.5248467	0.8357047	-0.0426597	-1.5088014	0.8366754	-0.2622086	-1.5795505	1.1440490	0.1349723	-1.5925342	1.1329061	0.0478807	-1.4325675	0.9230636	0.0743403	-1.4991354	0.8869442	0.1050020	-1.5344360	1.1679830	-0.4352468	-1.5683564	1.1542190	-0.3625626	-1.4219239	0.9280145	-0.3838717	-1.4860542	0.9018858	-0.4066566
16	0.2500000	-1.5715800	1.4534533	-0.1451400	-1.5593900	1.4398433	0.0340800	-1.5705300	1.1676233	0.0917800	-1.4753000	0.9199833	0.0906600	-1.5512600	1.4649433	-0.3240500	-1.5458700	1.2003933	-0.3976400	-1.4683100	0.9400333	-0.3951600	-1.4732100	0.8646133	-0.1485100	-1.4764700	0.8641533	-0.0263500	-1.5071000	0.4544033	-0.0519900	-1.5724300	0.0763033	-0.0736800	-1.4553000	0.8665133	-0.2701600	-1.5078700	0.4619033	-0.2433800	-1.5820300	0.0697433	-0.2180100	-1.4067000	0.0265333	-0.2449100	-1.4180300	0.0283933	-0.2462300	-1.6097900	0.0346033	-0.2062800	-1.4269700	0.0257733	-0.0548300	-1.4370100	0.0287433	-0.0529500	-1.5972300	0.0424833	-0.0837300	-1.4100951	0.9376099	0.0397143	-1.3834920	0.9392662	-0.3238600	-1.6421333	0.9655631	-0.0901377	-1.6311658	0.9658959	-0.2330218	-1.5109677	0.4510697	0.0295414	-1.4944556	0.4620729	-0.1133033	-1.5785384	0.0789778	-0.0292360	-1.5470080	0.0892696	-0.1207931	-1.4443236	0.0432701	-0.0705452	-1.4920061	0.0278492	-0.0143446	-1.6388844	0.0645033	-0.0893100	-1.5111413	0.4545162	-0.3160632	-1.4970009	0.4650950	-0.1661597	-1.5845480	0.0730666	-0.2661723	-1.5484720	0.0805589	-0.1710184	-1.4251542	0.0389758	-0.2304702	-1.6540384	0.0531627	-0.2018601	-1.4797000	0.0282757	-0.2901201	-1.5652895	1.4958603	0.0382863	-1.5584032	1.5174670	-0.3265624	-1.6730158	1.5031422	-0.1476277	-1.4248796	0.6947730	0.0622818	-1.4649208	0.5969827	0.0758556	-1.5562080	0.6956389	0.0838295	-1.4064094	0.6927175	-0.3619433	-1.4526089	0.5976494	-0.3723637	-1.5457123	0.6980365	-0.3873528	-1.5325576	0.3388971	0.0166788	-1.5209276	0.2218794	0.0151266	-1.5911650	0.2421935	0.0140983	-1.5341909	0.3402233	-0.3063245	-1.5202474	0.2192333	-0.3118192	-1.5995196	0.2415579	-0.3046067	-1.5243853	0.8360620	-0.0424611	-1.5085106	0.8370784	-0.2620581	-1.5788499	1.1441644	0.1348812	-1.5920437	1.1329815	0.0481624	-1.4327034	0.9232805	0.0744947	-1.4983792	0.8873269	0.1051929	-1.5342607	1.1675285	-0.4347042	-1.5678070	1.1541540	-0.3625677	-1.4219610	0.9278259	-0.3837444	-1.4853571	0.9020767	-0.4065345
17	0.2666667	-1.5710600	1.4536133	-0.1450400	-1.5589900	1.4399833	0.0341800	-1.5706100	1.1670733	0.0919300	-1.4754800	0.9199233	0.0905500	-1.5506400	1.4650833	-0.3239400	-1.5462000	1.2005533	-0.3976700	-1.4679900	0.9394733	-0.3948200	-1.4726200	0.8644233	-0.1482600	-1.4754400	0.8639233	-0.0262000	-1.5080400	0.4541833	-0.0521500	-1.5735800	0.0760333	-0.0739400	-1.4551600	0.8663833	-0.2698400	-1.5077400	0.4623233	-0.2436400	-1.5822200	0.0699233	-0.2179200	-1.4072800	0.0260333	-0.2451900	-1.4184600	0.0279233	-0.2465000	-1.6094200	0.0348833	-0.2060600	-1.4275200	0.0253333	-0.0550200	-1.4375700	0.0283033	-0.0531400	-1.5987700	0.0418133	-0.0841200	-1.4097171	0.9375280	0.0399653	-1.3834517	0.9393386	-0.3236623	-1.6410577	0.9648637	-0.0894242	-1.6302209	0.9652499	-0.2323206	-1.5112840	0.4505910	0.0294713	-1.4946793	0.4619118	-0.1132350	-1.5785054	0.0781340	-0.0292487	-1.5469154	0.0886222	-0.1206865	-1.4443931	0.0424091	-0.0703685	-1.4922543	0.0272375	-0.0142912	-1.6387684	0.0640187	-0.0893501	-1.5112811	0.4538609	-0.3158642	-1.4970334	0.4645347	-0.1660107	-1.5849014	0.0726419	-0.2660968	-1.5487433	0.0802157	-0.1710076	-1.4256782	0.0380900	-0.2305360	-1.6543229	0.0532581	-0.2017436	-1.4802572	0.0277552	-0.2900421	-1.5644697	1.4953295	0.0380214	-1.5584260	1.5167491	-0.3261427	-1.6721076	1.5025282	-0.1471474	-1.4244045	0.6939590	0.0625279	-1.4647760	0.5962356	0.0759703	-1.5557973	0.6950959	0.0839117	-1.4061077	0.6919503	-0.3617584	-1.4524998	0.5969393	-0.3721623	-1.5454022	0.6976783	-0.3870689	-1.5328489	0.3384271	0.0166139	-1.5211349	0.2212115	0.0150805	-1.5913549	0.2415079	0.0139689	-1.5344093	0.3397304	-0.3061578	-1.5205684	0.2188255	-0.3117481	-1.5998139	0.2409956	-0.3043834	-1.5234923	0.8357216	-0.0421595	-1.5078282	0.8368226	-0.2617895	-1.5779957	1.1436014	0.1348849	-1.5913193	1.1324735	0.0485093	-1.4326838	0.9228785	0.0747551	-1.4974897	0.8871344	0.1053776	-1.5338525	1.1664993	-0.4341318	-1.5670234	1.1535067	-0.3624628	-1.4217240	0.9270745	-0.3834920	-1.4844351	0.9016867	-0.4062669
18	0.2833333	-1.5706200	1.4536333	-0.1449600	-1.5590000	1.4400733	0.0343100	-1.5702900	1.1664233	0.0920000	-1.4754300	0.9198533	0.0904100	-1.5497400	1.4650533	-0.3238700	-1.5466300	1.2006533	-0.3976500	-1.4670300	0.9391933	-0.3945800	-1.4723000	0.8640333	-0.1480400	-1.4748600	0.8635433	-0.0260100	-1.5086500	0.4539033	-0.0522800	-1.5745000	0.0758233	-0.0741300	-1.4551000	0.8659733	-0.2696000	-1.5077500	0.4623933	-0.2438200	-1.5823800	0.0703233	-0.2179800	-1.4086100	0.0254133	-0.2454900	-1.4196300	0.0273733	-0.2467700	-1.6090600	0.0353333	-0.2060500	-1.4274800	0.0252533	-0.0552300	-1.4376000	0.0282133	-0.0533400	-1.5998300	0.0413633	-0.0843900	-1.4095911	0.9371822	0.0401808	-1.3836571	0.9391993	-0.3234944	-1.6402451	0.9640330	-0.0887452	-1.6295389	0.9644976	-0.2316509	-1.5119514	0.4499632	0.0292948	-1.4952658	0.4615716	-0.1132320	-1.5789053	0.0772112	-0.0293860	-1.5472630	0.0878702	-0.1206903	-1.4448119	0.0415581	-0.0703112	-1.4928575	0.0265787	-0.0143609	-1.6391019	0.0633703	-0.0895309	-1.5116331	0.4531179	-0.3157593	-1.4972551	0.4638592	-0.1660319	-1.5854612	0.0721472	-0.2660302	-1.5492121	0.0797904	-0.1710532	-1.4264726	0.0371408	-0.2306936	-1.6547694	0.0532636	-0.2016519	-1.4810559	0.0271440	-0.2900099	-1.5639432	1.4946665	0.0377185	-1.5586301	1.5158411	-0.3258234	-1.6714732	1.5017540	-0.1467613	-1.4242775	0.6929537	0.0626773	-1.4649759	0.5953205	0.0759766	-1.5556736	0.6944058	0.0839085	-1.4061573	0.6911213	-0.3616084	-1.4526885	0.5961579	-0.3720043	-1.5453431	0.6971863	-0.3867717	-1.5335015	0.3378255	0.0164514	-1.5217214	0.2204380	0.0149435	-1.5919260	0.2407169	0.0137161	-1.5348339	0.3391293	-0.3060587	-1.5211092	0.2183064	-0.3117060	-1.6002991	0.2403700	-0.3042042	-1.5228821	0.8351846	-0.0418884	-1.5074223	0.8364050	-0.2615485	-1.5775523	1.1428557	0.1348916	-1.5909653	1.1318559	0.0487934	-1.4329705	0.9223360	0.0749854	-1.4969667	0.8868236	0.1054475	-1.5337451	1.1654053	-0.4336711	-1.5665684	1.1527557	-0.3623914	-1.4216616	0.9263062	-0.3832301	-1.4837422	0.9012225	-0.4059986
19	0.3000000	-1.5703900	1.4535733	-0.1449300	-1.5589500	1.4400933	0.0344000	-1.5700500	1.1659533	0.0920100	-1.4752500	0.9197933	0.0903400	-1.5493000	1.4649233	-0.3238900	-1.5469400	1.2005533	-0.3976500	-1.4665200	0.9391733	-0.3945100	-1.4725600	0.8636133	-0.1480000	-1.4747900	0.8631433	-0.0259500	-1.5090400	0.4537133	-0.0523400	-1.5748400	0.0757333	-0.0741800	-1.4556800	0.8655133	-0.2696000	-1.5077400	0.4624033	-0.2438700	-1.5824800	0.0706033	-0.2180300	-1.4095700	0.0251333	-0.2456100	-1.4205100	0.0271333	-0.2468800	-1.6090500	0.0355933	-0.2061100	-1.4269900	0.0253633	-0.0552700	-1.4371600	0.0282933	-0.0533900	-1.6000400	0.0412433	-0.0844900	-1.4099974	0.9367523	0.0402221	-1.3843959	0.9390081	-0.3235272	-1.6400177	0.9632570	-0.0882498	-1.6294428	0.9638173	-0.2311759	-1.5130548	0.4493841	0.0289380	-1.4963222	0.4612447	-0.1134033	-1.5796596	0.0764280	-0.0296675	-1.5479834	0.0872367	-0.1208430	-1.4454932	0.0409886	-0.0703940	-1.4937190	0.0261467	-0.0145628	-1.6397991	0.0627554	-0.0898688	-1.5124062	0.4524588	-0.3158566	-1.4979048	0.4632648	-0.1662876	-1.5863655	0.0717428	-0.2660924	-1.5500455	0.0794623	-0.1712466	-1.4276726	0.0363477	-0.2310045	-1.6555335	0.0533223	-0.2017131	-1.4822176	0.0266530	-0.2901161	-1.5639331	1.4940507	0.0372988	-1.5592459	1.5149538	-0.3257219	-1.6713594	1.5010382	-0.1465673	-1.4247025	0.6920017	0.0626202	-1.4656752	0.5944637	0.0757850	-1.5560661	0.6937432	0.0837306	-1.4067912	0.6904046	-0.3616243	-1.4533935	0.5954727	-0.3720210	-1.5458046	0.6967024	-0.3866386	-1.5345605	0.3372975	0.0161303	-1.5226795	0.2197837	0.0146673	-1.5928726	0.2400182	0.0133092	-1.5356506	0.3385871	-0.3061332	-1.5220294	0.2178402	-0.3118009	-1.6011423	0.2398380	-0.3041949	-1.5228748	0.8346280	-0.0417854	-1.5076175	0.8359901	-0.2614931	-1.5776610	1.1421005	0.1347857	-1.5911528	1.1312640	0.0489027	-1.4336581	0.9218219	0.0750533	-1.4969133	0.8865358	0.1053152	-1.5341622	1.1644130	-0.4334486	-1.5666722	1.1520605	-0.3624846	-1.4220032	0.9256719	-0.3831130	-1.4835241	0.9008379	-0.4058959
20	0.3166667	-1.5700900	1.4534933	-0.1449600	-1.5584700	1.4400833	0.0344500	-1.5699600	1.1658833	0.0919800	-1.4752700	0.9198133	0.0903800	-1.5491600	1.4647133	-0.3240100	-1.5472100	1.2002733	-0.3976400	-1.4659500	0.9394533	-0.3946400	-1.4728800	0.8632433	-0.1482000	-1.4749600	0.8628433	-0.0260300	-1.5092600	0.4537533	-0.0523900	-1.5750800	0.0755533	-0.0741000	-1.4561300	0.8650933	-0.2699400	-1.5079200	0.4623433	-0.2438000	-1.5820600	0.0708633	-0.2180000	-1.4089000	0.0254433	-0.2456500	-1.4199100	0.0274333	-0.2469100	-1.6090000	0.0357833	-0.2061200	-1.4263300	0.0253333	-0.0551700	-1.4365500	0.0282333	-0.0532900	-1.6003600	0.0410133	-0.0844200	-1.4103997	0.9363369	0.0400418	-1.3851315	0.9388401	-0.3238458	-1.6398776	0.9626161	-0.0879949	-1.6294328	0.9632784	-0.2309666	-1.5140074	0.4489518	0.0284055	-1.4972633	0.4610203	-0.1137670	-1.5801906	0.0758432	-0.0300314	-1.5484992	0.0867786	-0.1210973	-1.4458258	0.0407153	-0.0705527	-1.4942328	0.0259818	-0.0148289	-1.6402974	0.0622443	-0.0902965	-1.5130667	0.4519357	-0.3161457	-1.4984671	0.4628355	-0.1667392	-1.5869278	0.0714677	-0.2662632	-1.5505676	0.0792949	-0.1715486	-1.4284619	0.0358497	-0.2314078	-1.6559657	0.0534230	-0.2019078	-1.4829508	0.0263858	-0.2903220	-1.5638879	1.4935514	0.0367464	-1.5597650	1.5141959	-0.3258770	-1.6712559	1.5004801	-0.1465774	-1.4251164	0.6912196	0.0623331	-1.4663028	0.5937753	0.0753878	-1.5564400	0.6931945	0.0833695	-1.4074446	0.6898554	-0.3618404	-1.4540604	0.5949319	-0.3722357	-1.5462620	0.6962663	-0.3867357	-1.5354420	0.3369284	0.0156704	-1.5234268	0.2193282	0.0142797	-1.5936158	0.2394862	0.0127941	-1.5362836	0.3381571	-0.3063722	-1.5226973	0.2174825	-0.3120229	-1.6017335	0.2394266	-0.3043442	-1.5229586	0.8341364	-0.0418965	-1.5079026	0.8356476	-0.2616919	-1.5777845	1.1414233	0.1345176	-1.5913435	1.1307604	0.0488148	-1.4342619	0.9214044	0.0749414	-1.4968489	0.8863415	0.1049743	-1.5346017	1.1635750	-0.4334952	-1.5668330	1.1514756	-0.3627644	-1.4222084	0.9252213	-0.3831904	-1.4832449	0.9005863	-0.4060091
21	0.3333333	-1.5696300	1.4533233	-0.1450700	-1.5578200	1.4400833	0.0344400	-1.5698400	1.1662833	0.0919400	-1.4755700	0.9199833	0.0904600	-1.5488500	1.4644133	-0.3242400	-1.5475000	1.1998833	-0.3975800	-1.4643600	0.9401433	-0.3949300	-1.4727400	0.8630033	-0.1485800	-1.4752900	0.8627533	-0.0261700	-1.5090600	0.4539633	-0.0524600	-1.5755900	0.0751433	-0.0739100	-1.4554600	0.8647833	-0.2705100	-1.5086300	0.4619633	-0.2436600	-1.5808400	0.0712233	-0.2180300	-1.4062600	0.0262833	-0.2458300	-1.4175200	0.0282333	-0.2470800	-1.6083600	0.0362133	-0.2061400	-1.4260400	0.0249333	-0.0550800	-1.4363300	0.0278033	-0.0531800	-1.6013800	0.0405233	-0.0841800	-1.4103359	0.9360347	0.0397336	-1.3852845	0.9387796	-0.3243876	-1.6393463	0.9621741	-0.0879620	-1.6289842	0.9629355	-0.2310157	-1.5143663	0.4487195	0.0278245	-1.4976137	0.4609443	-0.1142118	-1.5802488	0.0754782	-0.0303451	-1.5485404	0.0865082	-0.1213250	-1.4455624	0.0406348	-0.0706616	-1.4941610	0.0260236	-0.0150364	-1.6403641	0.0619127	-0.0906705	-1.5131969	0.4515897	-0.3165434	-1.4985388	0.4626201	-0.1672739	-1.5865532	0.0713482	-0.2664510	-1.5501793	0.0793220	-0.1718468	-1.4280962	0.0357512	-0.2317875	-1.6555050	0.0535370	-0.2021252	-1.4825436	0.0264142	-0.2905328	-1.5633596	1.4932111	0.0361394	-1.5597078	1.5136454	-0.3262101	-1.6706933	1.5001354	-0.1467262	-1.4250542	0.6906771	0.0619179	-1.4664100	0.5933196	0.0748984	-1.5563517	0.6928333	0.0829147	-1.4075664	0.6894989	-0.3621954	-1.4541889	0.5945653	-0.3725848	-1.5462072	0.6959403	-0.3870372	-1.5357539	0.3367515	0.0151958	-1.5236345	0.2190884	0.0139007	-1.5938275	0.2391692	0.0122999	-1.5362709	0.3378916	-0.3067057	-1.5225804	0.2172915	-0.3123052	-1.6015726	0.2391526	-0.3045687	-1.5226500	0.8337886	-0.0421632	-1.5077243	0.8354465	-0.2621046	-1.5775220	1.1409191	0.1341418	-1.5911243	1.1304340	0.0486029	-1.4344536	0.9211460	0.0747427	-1.4964564	0.8863208	0.1045041	-1.5345923	1.1629337	-0.4337467	-1.5665906	1.1510418	-0.3631567	-1.4216981	0.9250387	-0.3833742	-1.4823126	0.9005325	-0.4062603
22	0.3500000	-1.5695400	1.4532633	-0.1451900	-1.5576200	1.4401433	0.0344100	-1.5696700	1.1668433	0.0919300	-1.4759300	0.9201833	0.0905200	-1.5488500	1.4641333	-0.3244500	-1.5474500	1.1995633	-0.3975000	-1.4625100	0.9408733	-0.3952000	-1.4725100	0.8629633	-0.1489200	-1.4759000	0.8627833	-0.0263200	-1.5085700	0.4542833	-0.0525200	-1.5760100	0.0747333	-0.0737600	-1.4543300	0.8646133	-0.2710100	-1.5095900	0.4613333	-0.2435900	-1.5794000	0.0715533	-0.2182000	-1.4036100	0.0269033	-0.2460500	-1.4151100	0.0288133	-0.2472900	-1.6069600	0.0365833	-0.2062600	-1.4265200	0.0243933	-0.0550800	-1.4368200	0.0272233	-0.0531500	-1.6023200	0.0400533	-0.0839700	-1.4102488	0.9359198	0.0395362	-1.3851832	0.9389105	-0.3248941	-1.6388241	0.9619816	-0.0879797	-1.6284548	0.9628412	-0.2311441	-1.5145578	0.4487091	0.0274253	-1.4977630	0.4610418	-0.1145017	-1.5803340	0.0753615	-0.0304392	-1.5485871	0.0864501	-0.1213448	-1.4453094	0.0406661	-0.0705570	-1.4940960	0.0262180	-0.0150296	-1.6404690	0.0618530	-0.0908052	-1.5132644	0.4514705	-0.3168513	-1.4985981	0.4626468	-0.1676848	-1.5856568	0.0714038	-0.2665076	-1.5492926	0.0795469	-0.1719908	-1.4270065	0.0360316	-0.2319884	-1.6545605	0.0536883	-0.2022009	-1.4814264	0.0267251	-0.2905966	-1.5627965	1.4930452	0.0356704	-1.5595072	1.5133254	-0.3264886	-1.6700809	1.5000087	-0.1468294	-1.4249572	0.6904172	0.0616123	-1.4664379	0.5931309	0.0745482	-1.5562322	0.6927042	0.0825615	-1.4075168	0.6893507	-0.3624790	-1.4541786	0.5944083	-0.3728638	-1.5460120	0.6958156	-0.3873483	-1.5359436	0.3367845	0.0149076	-1.5237866	0.2190701	0.0137124	-1.5939762	0.2390995	0.0120124	-1.5360721	0.3378526	-0.3069543	-1.5221153	0.2173342	-0.3124892	-1.6011016	0.2390483	-0.3046957	-1.5223464	0.8336467	-0.0423881	-1.5074119	0.8354544	-0.2625202	-1.5772598	1.1406504	0.1338685	-1.5908882	1.1303439	0.0484691	-1.4346273	0.9210866	0.0746597	-1.4961399	0.8865055	0.1041203	-1.5344773	1.1625235	-0.4339842	-1.5662982	1.1507963	-0.3634613	-1.4208463	0.9251584	-0.3834485	-1.4810972	0.9007116	-0.4064413
23	0.3666667	-1.5701600	1.4532433	-0.1452200	-1.5580000	1.4401233	0.0344000	-1.5695500	1.1670933	0.0919400	-1.4758800	0.9202533	0.0904900	-1.5496800	1.4641233	-0.3245200	-1.5469400	1.1995533	-0.3974400	-1.4619500	0.9410733	-0.3952700	-1.4727100	0.8630033	-0.1490300	-1.4766400	0.8628433	-0.0263700	-1.5080400	0.4545633	-0.0525300	-1.5758400	0.0747133	-0.0738300	-1.4539900	0.8646133	-0.2711300	-1.5102300	0.4608333	-0.2436000	-1.5782100	0.0719033	-0.2184500	-1.4034000	0.0269933	-0.2460300	-1.4148800	0.0288933	-0.2472900	-1.6051300	0.0372133	-0.2065400	-1.4272100	0.0243333	-0.0551500	-1.4374700	0.0271733	-0.0532100	-1.6022500	0.0399933	-0.0840000	-1.4106752	0.9358685	0.0396205	-1.3853934	0.9391448	-0.3251405	-1.6388212	0.9618977	-0.0878412	-1.6283681	0.9628698	-0.2311261	-1.5150378	0.4487636	0.0273389	-1.4981688	0.4611769	-0.1144822	-1.5807496	0.0753919	-0.0302701	-1.5489544	0.0865172	-0.1210924	-1.4454964	0.0407143	-0.0702011	-1.4944346	0.0264652	-0.0147748	-1.6408736	0.0619977	-0.0906468	-1.5137681	0.4514648	-0.3169089	-1.4991324	0.4627746	-0.1678270	-1.5849262	0.0715420	-0.2663592	-1.5485886	0.0798505	-0.1719230	-1.4261062	0.0364377	-0.2319401	-1.6537593	0.0538813	-0.2020670	-1.4804776	0.0271201	-0.2904276	-1.5627463	1.4929099	0.0354983	-1.5597696	1.5130852	-0.3264961	-1.6699567	1.4999221	-0.1466999	-1.4253336	0.6902930	0.0615813	-1.4668715	0.5930550	0.0744843	-1.5565587	0.6926467	0.0824465	-1.4078234	0.6892804	-0.3625067	-1.4545468	0.5943453	-0.3728936	-1.5461907	0.6958044	-0.3874674	-1.5364289	0.3368922	0.0148980	-1.5242671	0.2191497	0.0137836	-1.5944236	0.2391466	0.0120057	-1.5362451	0.3379391	-0.3069697	-1.5219297	0.2175134	-0.3124541	-1.6009111	0.2390303	-0.3046048	-1.5225445	0.8335722	-0.0423999	-1.5074793	0.8355542	-0.2627348	-1.5773796	1.1404794	0.1338604	-1.5910441	1.1303426	0.0485669	-1.4351187	0.9210975	0.0748089	-1.4962169	0.8867249	0.1039853	-1.5347455	1.1622134	-0.4340101	-1.5664238	1.1506269	-0.3635194	-1.4203498	0.9253653	-0.3832856	-1.4803112	0.9009548	-0.4064014
24	0.3833333	-1.5707900	1.4532233	-0.1451600	-1.5586600	1.4400733	0.0344700	-1.5693100	1.1669333	0.0918800	-1.4754500	0.9201933	0.0904000	-1.5502700	1.4641633	-0.3244800	-1.5468200	1.1997333	-0.3974100	-1.4622200	0.9409333	-0.3952400	-1.4728300	0.8631633	-0.1489800	-1.4772500	0.8629633	-0.0262700	-1.5071400	0.4551033	-0.0525600	-1.5755500	0.0749933	-0.0739700	-1.4536200	0.8648233	-0.2711000	-1.5107800	0.4606233	-0.2435700	-1.5767000	0.0725433	-0.2187100	-1.4046600	0.0268533	-0.2458300	-1.4159000	0.0288033	-0.2471300	-1.6030300	0.0380333	-0.2068800	-1.4268500	0.0250133	-0.0553900	-1.4371500	0.0278733	-0.0534400	-1.6018700	0.0402033	-0.0841200	-1.4111009	0.9359271	0.0399087	-1.3854450	0.9395357	-0.3251852	-1.6388064	0.9619344	-0.0875974	-1.6282088	0.9630348	-0.2310051	-1.5152544	0.4489273	0.0274040	-1.4982858	0.4614055	-0.1142984	-1.5808782	0.0756188	-0.0300298	-1.5490375	0.0867718	-0.1207481	-1.4454521	0.0408831	-0.0698079	-1.4945103	0.0268249	-0.0144820	-1.6409902	0.0623752	-0.0903863	-1.5142121	0.4516003	-0.3168009	-1.4996307	0.4630305	-0.1678036	-1.5840541	0.0718307	-0.2661468	-1.5477468	0.0802939	-0.1717986	-1.4252490	0.0368826	-0.2317714	-1.6527399	0.0542692	-0.2018931	-1.4795280	0.0275523	-0.2901452	-1.5627813	1.4928625	0.0355480	-1.5600355	1.5129769	-0.3263105	-1.6698751	1.4999000	-0.1464188	-1.4256315	0.6903321	0.0617164	-1.4671574	0.5931224	0.0745762	-1.5567908	0.6926892	0.0824563	-1.4080021	0.6893145	-0.3623591	-1.4548089	0.5944049	-0.3727512	-1.5462517	0.6959425	-0.3874467	-1.5366359	0.3371260	0.0149935	-1.5244806	0.2193879	0.0139312	-1.5945796	0.2393444	0.0120975	-1.5363525	0.3381838	-0.3068492	-1.5216531	0.2178598	-0.3123150	-1.6006091	0.2391615	-0.3044042	-1.5227121	0.8335979	-0.0422743	-1.5074214	0.8357819	-0.2628121	-1.5773532	1.1404188	0.1339662	-1.5910652	1.1304390	0.0487832	-1.4354114	0.9212097	0.0750407	-1.4961346	0.8869974	0.1039579	-1.5350001	1.1620288	-0.4338898	-1.5665381	1.1505727	-0.3634070	-1.4199166	0.9256209	-0.3830152	-1.4796682	0.9012619	-0.4062342
25	0.4000000	-1.5706200	1.4531733	-0.1451300	-1.5593400	1.4401433	0.0346100	-1.5689200	1.1667033	0.0916600	-1.4751600	0.9201833	0.0903300	-1.5492600	1.4639133	-0.3244900	-1.5477100	1.1995933	-0.3974000	-1.4618000	0.9410433	-0.3953300	-1.4722700	0.8634733	-0.1489700	-1.4778500	0.8632833	-0.0260800	-1.5058200	0.4560833	-0.0526400	-1.5759600	0.0751633	-0.0739500	-1.4518700	0.8651233	-0.2712100	-1.5116400	0.4605133	-0.2434100	-1.5750300	0.0731533	-0.2189500	-1.4052400	0.0267533	-0.2457300	-1.4162400	0.0287433	-0.2470600	-1.6016200	0.0383333	-0.2070900	-1.4251200	0.0261533	-0.0558600	-1.4355900	0.0289133	-0.0538600	-1.6024000	0.0403333	-0.0840500	-1.4109477	0.9361470	0.0402416	-1.3846767	0.9400815	-0.3252292	-1.6381900	0.9621116	-0.0874981	-1.6273525	0.9633329	-0.2310461	-1.5146680	0.4492426	0.0274212	-1.4975736	0.4617652	-0.1141828	-1.5803365	0.0760332	-0.0299045	-1.5484481	0.0872061	-0.1205241	-1.4446054	0.0412078	-0.0696091	-1.4937904	0.0272809	-0.0143564	-1.6405311	0.0629230	-0.0902221	-1.5141320	0.4518725	-0.3167424	-1.4996340	0.4634173	-0.1678139	-1.5826819	0.0722507	-0.2660797	-1.5464010	0.0808557	-0.1718130	-1.4240267	0.0373057	-0.2316795	-1.6511664	0.0548206	-0.2018985	-1.4781807	0.0279682	-0.2899548	-1.5624152	1.4929479	0.0356507	-1.5596277	1.5130612	-0.3261695	-1.6692828	1.5000010	-0.1462314	-1.4252447	0.6905686	0.0618139	-1.4667179	0.5933705	0.0746289	-1.5563855	0.6928823	0.0824233	-1.4074674	0.6894239	-0.3622693	-1.4544292	0.5945672	-0.3726643	-1.5456344	0.6962414	-0.3875147	-1.5360597	0.3375072	0.0150068	-1.5239523	0.2197940	0.0139669	-1.5940098	0.2397053	0.0121040	-1.5359574	0.3385726	-0.3068191	-1.5208664	0.2183365	-0.3123009	-1.5998110	0.2394382	-0.3043084	-1.5222825	0.8337716	-0.0422110	-1.5066220	0.8361528	-0.2629774	-1.5767650	1.1404759	0.1339132	-1.5905010	1.1306442	0.0488855	-1.4351343	0.9214385	0.0751268	-1.4955082	0.8873632	0.1037682	-1.5347917	1.1619652	-0.4338356	-1.5661939	1.1506263	-0.3633244	-1.4190078	0.9259470	-0.3828371	-1.4786074	0.9016457	-0.4061388
26	0.4166667	-1.5700300	1.4529933	-0.1451200	-1.5598800	1.4401133	0.0347300	-1.5689300	1.1667533	0.0914400	-1.4751100	0.9203033	0.0903300	-1.5475100	1.4635933	-0.3245000	-1.5486500	1.1993133	-0.3974100	-1.4612100	0.9412833	-0.3954500	-1.4717500	0.8636333	-0.1489700	-1.4783000	0.8634033	-0.0259400	-1.5049100	0.4565233	-0.0525900	-1.5767600	0.0751833	-0.0738000	-1.4503700	0.8653233	-0.2712900	-1.5123000	0.4604033	-0.2432500	-1.5749500	0.0733333	-0.2190400	-1.4053700	0.0267033	-0.2457200	-1.4162900	0.0287033	-0.2470600	-1.6026500	0.0384233	-0.2070700	-1.4236200	0.0268633	-0.0562000	-1.4342800	0.0295833	-0.0541600	-1.6033700	0.0405233	-0.0838700	-1.4109168	0.9362397	0.0406502	-1.3837912	0.9404546	-0.3252419	-1.6376853	0.9621512	-0.0875427	-1.6265129	0.9634729	-0.2312485	-1.5140343	0.4493925	0.0274886	-1.4968116	0.4619397	-0.1140711	-1.5799767	0.0763267	-0.0297834	-1.5480457	0.0875105	-0.1203411	-1.4437618	0.0414258	-0.0695120	-1.4930955	0.0275702	-0.0142849	-1.6403775	0.0633050	-0.0900544	-1.5142631	0.4519826	-0.3167314	-1.4998855	0.4636150	-0.1678223	-1.5817919	0.0725048	-0.2661302	-1.5455437	0.0812143	-0.1719102	-1.4233164	0.0374208	-0.2316575	-1.6501066	0.0552200	-0.2020364	-1.4773457	0.0281068	-0.2898616	-1.5623024	1.4928569	0.0358307	-1.5591404	1.5130571	-0.3260419	-1.6688126	1.4999654	-0.1461331	-1.4248702	0.6907114	0.0619211	-1.4662705	0.5934995	0.0747169	-1.5560706	0.6929320	0.0824303	-1.4069318	0.6893113	-0.3622360	-1.4541294	0.5945372	-0.3726385	-1.5450664	0.6964107	-0.3876742	-1.5354883	0.3377145	0.0150474	-1.5234872	0.2200431	0.0139999	-1.5935320	0.2399249	0.0121482	-1.5358574	0.3387938	-0.3068669	-1.5204340	0.2186180	-0.3123896	-1.5993949	0.2395827	-0.3043122	-1.5219833	0.8338096	-0.0421813	-1.5058091	0.8363598	-0.2632032	-1.5763991	1.1403648	0.1337641	-1.5901236	1.1306709	0.0488987	-1.4350140	0.9215167	0.0751227	-1.4950803	0.8875484	0.1034569	-1.5347613	1.1617360	-0.4338294	-1.5660655	1.1505018	-0.3632752	-1.4182736	0.9260717	-0.3826902	-1.4777616	0.9018266	-0.4060876
27	0.4333333	-1.5697900	1.4528933	-0.1450600	-1.5598500	1.4399333	0.0347300	-1.5696400	1.1671033	0.0914500	-1.4748200	0.9204833	0.0903200	-1.5471100	1.4635833	-0.3243600	-1.5484300	1.1990933	-0.3974500	-1.4617500	0.9409533	-0.3953500	-1.4721300	0.8634833	-0.1488300	-1.4779500	0.8631633	-0.0259800	-1.5052600	0.4562033	-0.0522500	-1.5771100	0.0752433	-0.0736900	-1.4515100	0.8652433	-0.2710200	-1.5122000	0.4602633	-0.2432500	-1.5770700	0.0725833	-0.2188300	-1.4053700	0.0264333	-0.2456800	-1.4164000	0.0284033	-0.2470100	-1.6057500	0.0375133	-0.2067100	-1.4244400	0.0264833	-0.0559500	-1.4350100	0.0292533	-0.0539300	-1.6036500	0.0408733	-0.0837900	-1.4117398	0.9360604	0.0411732	-1.3838038	0.9404707	-0.3250905	-1.6380887	0.9619104	-0.0875186	-1.6265992	0.9633031	-0.2313636	-1.5142688	0.4492231	0.0277503	-1.4969568	0.4617887	-0.1137833	-1.5805893	0.0763277	-0.0295240	-1.5486412	0.0875156	-0.1200416	-1.4439251	0.0413677	-0.0693134	-1.4933959	0.0275791	-0.0141009	-1.6412067	0.0633690	-0.0897337	-1.5153159	0.4517661	-0.3166050	-1.5010578	0.4634579	-0.1676806	-1.5822881	0.0723929	-0.2661375	-1.5460771	0.0811707	-0.1719331	-1.4239090	0.0371307	-0.2315813	-1.6505261	0.0552435	-0.2021278	-1.4778601	0.0278698	-0.2897444	-1.5630366	1.4924619	0.0361367	-1.5594138	1.5128322	-0.3257813	-1.6691945	1.4997016	-0.1459697	-1.4253468	0.6905872	0.0621730	-1.4666741	0.5933457	0.0749708	-1.5566215	0.6926876	0.0825977	-1.4073010	0.6888749	-0.3621019	-1.4547448	0.5941856	-0.3725138	-1.5454243	0.6962691	-0.3877164	-1.5358154	0.3375979	0.0152611	-1.5239492	0.2199694	0.0141762	-1.5939732	0.2398486	0.0123830	-1.5368074	0.3386603	-0.3068098	-1.5211897	0.2185178	-0.3123912	-1.6001637	0.2394053	-0.3042509	-1.5225830	0.8335667	-0.0420294	-1.5059207	0.8362343	-0.2632763	-1.5769183	1.1399650	0.1337477	-1.5906307	1.1303898	0.0489871	-1.4356227	0.9213656	0.0751882	-1.4954203	0.8874333	0.1032228	-1.5355247	1.1612217	-0.4337066	-1.5667761	1.1500972	-0.3631391	-1.4185143	0.9258155	-0.3824177	-1.4779348	0.9016512	-0.4059292
28	0.4500000	-1.5700300	1.4528133	-0.1449700	-1.5591500	1.4396233	0.0346600	-1.5702100	1.1674633	0.0916500	-1.4741100	0.9206133	0.0902700	-1.5483000	1.4637933	-0.3241900	-1.5471000	1.1990333	-0.3974100	-1.4627400	0.9401033	-0.3949900	-1.4727500	0.8631433	-0.1485900	-1.4766600	0.8627833	-0.0261200	-1.5063400	0.4555333	-0.0517600	-1.5769600	0.0753433	-0.0737300	-1.4541100	0.8648833	-0.2705000	-1.5116700	0.4600733	-0.2434400	-1.5801100	0.0712033	-0.2184200	-1.4047600	0.0262433	-0.2457500	-1.4160100	0.0281533	-0.2470400	-1.6093600	0.0361333	-0.2061500	-1.4271500	0.0251033	-0.0552500	-1.4373800	0.0280533	-0.0533400	-1.6035000	0.0411433	-0.0838900	-1.4126372	0.9357539	0.0416698	-1.3842440	0.9402490	-0.3248613	-1.6386955	0.9614922	-0.0873647	-1.6270297	0.9629212	-0.2313079	-1.5148108	0.4488683	0.0281211	-1.4974695	0.4614538	-0.1133503	-1.5815236	0.0761215	-0.0292294	-1.5495940	0.0873027	-0.1197008	-1.4446834	0.0410508	-0.0690373	-1.4942357	0.0273919	-0.0138783	-1.6422488	0.0632527	-0.0893721	-1.5165139	0.4513179	-0.3163582	-1.5023142	0.4630585	-0.1674475	-1.5834493	0.0720005	-0.2660721	-1.5472584	0.0808320	-0.1718970	-1.4249614	0.0366441	-0.2314738	-1.6517283	0.0549532	-0.2021399	-1.4789322	0.0274260	-0.2896045	-1.5638434	1.4919520	0.0364231	-1.5599481	1.5125151	-0.3254660	-1.6697927	1.4993574	-0.1457703	-1.4260290	0.6902772	0.0625006	-1.4673106	0.5930123	0.0753055	-1.5573056	0.6922784	0.0828437	-1.4080055	0.6882665	-0.3618812	-1.4556338	0.5936356	-0.3722848	-1.5460901	0.6958951	-0.3875744	-1.5364607	0.3372813	0.0155667	-1.5247388	0.2196703	0.0144150	-1.5947052	0.2395970	0.0127078	-1.5380404	0.3382569	-0.3066209	-1.5224104	0.2181288	-0.3122664	-1.6013548	0.2389819	-0.3040866	-1.5233135	0.8331639	-0.0417717	-1.5063747	0.8358829	-0.2631803	-1.5774853	1.1394366	0.1338579	-1.5912284	1.1299619	0.0491429	-1.4361622	0.9211408	0.0752838	-1.4957162	0.8871740	0.1030542	-1.5363113	1.1605672	-0.4334847	-1.5675303	1.1495710	-0.3629397	-1.4190506	0.9252776	-0.3820642	-1.4784527	0.9012387	-0.4056701
29	0.4666667	-1.5701500	1.4527733	-0.1449800	-1.5583800	1.4395133	0.0346200	-1.5698300	1.1675333	0.0918100	-1.4734700	0.9206533	0.0902000	-1.5493000	1.4638333	-0.3242400	-1.5458000	1.1987033	-0.3972200	-1.4624200	0.9395333	-0.3946000	-1.4723800	0.8628233	-0.1483800	-1.4752800	0.8625933	-0.0261600	-1.5068400	0.4552433	-0.0514900	-1.5768000	0.0752633	-0.0738800	-1.4548200	0.8643833	-0.2701200	-1.5112700	0.4598633	-0.2436400	-1.5821700	0.0701233	-0.2181800	-1.4038600	0.0260933	-0.2459200	-1.4152800	0.0279433	-0.2471900	-1.6114100	0.0352133	-0.2058200	-1.4289300	0.0239233	-0.0548400	-1.4388700	0.0269333	-0.0530000	-1.6039400	0.0408933	-0.0840400	-1.4124089	0.9355208	0.0420223	-1.3838935	0.9400034	-0.3247009	-1.6382878	0.9610947	-0.0871840	-1.6265794	0.9625277	-0.2311957	-1.5145423	0.4485417	0.0284107	-1.4971967	0.4611483	-0.1129564	-1.5817028	0.0758744	-0.0290902	-1.5498008	0.0870396	-0.1195021	-1.4449086	0.0406167	-0.0688558	-1.4945034	0.0271344	-0.0137900	-1.6424390	0.0631310	-0.0891893	-1.5166801	0.4508548	-0.3161210	-1.5024616	0.4626376	-0.1672877	-1.5839963	0.0715578	-0.2659900	-1.5477901	0.0804320	-0.1718847	-1.4251727	0.0362075	-0.2314083	-1.6524156	0.0545635	-0.2021314	-1.4792622	0.0269882	-0.2894975	-1.5636213	1.4915604	0.0365243	-1.5596790	1.5122466	-0.3253046	-1.6695063	1.4990792	-0.1456906	-1.4257495	0.6899445	0.0627621	-1.4670387	0.5926803	0.0755595	-1.5569521	0.6919228	0.0830202	-1.4078530	0.6876869	-0.3617004	-1.4556107	0.5930947	-0.3720709	-1.5458509	0.6955057	-0.3873546	-1.5363097	0.3369662	0.0157856	-1.5247482	0.2193323	0.0145521	-1.5946448	0.2393605	0.0129132	-1.5383463	0.3378089	-0.3064171	-1.5228525	0.2176769	-0.3121122	-1.6017379	0.2385334	-0.3038982	-1.5229412	0.8328074	-0.0415277	-1.5059271	0.8355200	-0.2630523	-1.5769836	1.1389959	0.1339251	-1.5907942	1.1296170	0.0492512	-1.4356636	0.9210017	0.0752862	-1.4949969	0.8869873	0.1028023	-1.5360190	1.1599549	-0.4332912	-1.5672052	1.1490927	-0.3627666	-1.4186293	0.9246942	-0.3817436	-1.4780398	0.9007974	-0.4053894
30	0.4833333	-1.5698000	1.4527233	-0.1451100	-1.5582800	1.4396333	0.0346700	-1.5689800	1.1673633	0.0918300	-1.4733400	0.9205933	0.0901900	-1.5486300	1.4635933	-0.3245200	-1.5455200	1.1981733	-0.3969800	-1.4605100	0.9397533	-0.3944200	-1.4709600	0.8626633	-0.1483300	-1.4745100	0.8625733	-0.0260800	-1.5060700	0.4555633	-0.0516300	-1.5770100	0.0748733	-0.0739800	-1.4527600	0.8640633	-0.2700600	-1.5111400	0.4598033	-0.2436800	-1.5821200	0.0701333	-0.2183800	-1.4037200	0.0259333	-0.2459700	-1.4151300	0.0278033	-0.2472500	-1.6106500	0.0353933	-0.2060900	-1.4279000	0.0242433	-0.0551200	-1.4379800	0.0271833	-0.0532600	-1.6052400	0.0400833	-0.0839800	-1.4111262	0.9354575	0.0422037	-1.3825305	0.9398955	-0.3247206	-1.6368500	0.9608649	-0.0871427	-1.6251155	0.9622891	-0.2312272	-1.5133986	0.4483819	0.0284712	-1.4960357	0.4610021	-0.1128130	-1.5811215	0.0757308	-0.0291792	-1.5492300	0.0868724	-0.1195489	-1.4443078	0.0403216	-0.0689060	-1.4939561	0.0269746	-0.0139072	-1.6418971	0.0630763	-0.0892817	-1.5158183	0.4505559	-0.3160781	-1.5015633	0.4623636	-0.1673382	-1.5837114	0.0712851	-0.2660007	-1.5474702	0.0801829	-0.1719733	-1.4244880	0.0359618	-0.2314612	-1.6523083	0.0543182	-0.2022090	-1.4787152	0.0267062	-0.2895045	-1.5625108	1.4913731	0.0364061	-1.5585300	1.5120530	-0.3254285	-1.6683351	1.4989009	-0.1458435	-1.4244711	0.6897133	0.0628525	-1.4658191	0.5924768	0.0756241	-1.5556062	0.6917582	0.0830365	-1.4066841	0.6872794	-0.3617022	-1.4545687	0.5927255	-0.3720384	-1.5445845	0.6952854	-0.3872848	-1.5353064	0.3367973	0.0157953	-1.5239222	0.2191136	0.0145040	-1.5937852	0.2392671	0.0128820	-1.5376663	0.3375175	-0.3063794	-1.5223597	0.2173652	-0.3120895	-1.6012091	0.2382717	-0.3038463	-1.5215005	0.8326230	-0.0414329	-1.5044358	0.8353104	-0.2630792	-1.5756458	1.1387495	0.1337923	-1.5895110	1.1294743	0.0491887	-1.4344172	0.9210053	0.0751184	-1.4935700	0.8869749	0.1023419	-1.5347838	1.1594956	-0.4332631	-1.5659517	1.1487430	-0.3627236	-1.4171588	0.9242733	-0.3815407	-1.4765763	0.9004845	-0.4051903
31	0.5000000	-1.5692100	1.4527133	-0.1452300	-1.5588400	1.4398833	0.0348100	-1.5686000	1.1671933	0.0918100	-1.4735700	0.9204833	0.0902000	-1.5468500	1.4633133	-0.3248100	-1.5463000	1.1976833	-0.3968600	-1.4584200	0.9403933	-0.3944500	-1.4695100	0.8628533	-0.1484200	-1.4742200	0.8630933	-0.0260400	-1.5045500	0.4561733	-0.0519900	-1.5775800	0.0743733	-0.0739600	-1.4501500	0.8640633	-0.2702100	-1.5113300	0.4598333	-0.2435500	-1.5805200	0.0709133	-0.2188000	-1.4041800	0.0257233	-0.2458200	-1.4154600	0.0276433	-0.2471300	-1.6078800	0.0362133	-0.2066600	-1.4251300	0.0257133	-0.0557200	-1.4356500	0.0285133	-0.0537800	-1.6066900	0.0391333	-0.0837100	-1.4098722	0.9357172	0.0422978	-1.3810360	0.9401248	-0.3248799	-1.6354231	0.9610040	-0.0872550	-1.6235964	0.9624203	-0.2314348	-1.5122928	0.4485745	0.0283425	-1.4949008	0.4611906	-0.1129390	-1.5806453	0.0758900	-0.0293545	-1.5487464	0.0870040	-0.1197315	-1.4435162	0.0404773	-0.0691105	-1.4932627	0.0271638	-0.0140983	-1.6415851	0.0632172	-0.0894968	-1.5149622	0.4506359	-0.3162356	-1.5007186	0.4624511	-0.1675472	-1.5833232	0.0714116	-0.2661224	-1.5470566	0.0803155	-0.1721411	-1.4238136	0.0360524	-0.2316115	-1.6520599	0.0544778	-0.2023875	-1.4781131	0.0267544	-0.2896171	-1.5615810	1.4914964	0.0362136	-1.5573908	1.5120738	-0.3257397	-1.6672546	1.4989561	-0.1461394	-1.4231670	0.6897987	0.0628178	-1.4646027	0.5926041	0.0755542	-1.5543178	0.6919691	0.0829588	-1.4054133	0.6872451	-0.3618670	-1.4534570	0.5927357	-0.3721892	-1.5432518	0.6954476	-0.3874276	-1.5343543	0.3369762	0.0156579	-1.5231382	0.2192428	0.0143654	-1.5930258	0.2394911	0.0127161	-1.5369554	0.3376140	-0.3065290	-1.5217720	0.2174348	-0.3122283	-1.6006403	0.2384158	-0.3039619	-1.5200887	0.8327935	-0.0414757	-1.5028765	0.8354649	-0.2632765	-1.5746313	1.1388182	0.1334907	-1.5885010	1.1296555	0.0489758	-1.4335031	0.9212847	0.0748402	-1.4925209	0.8872581	0.1017202	-1.5337064	1.1593570	-0.4333713	-1.5648945	1.1486727	-0.3627833	-1.4156567	0.9242367	-0.3814043	-1.4750736	0.9004958	-0.4050714
32	0.5166667	-1.5688400	1.4527333	-0.1452600	-1.5594400	1.4400433	0.0349500	-1.5688200	1.1672133	0.0918600	-1.4738700	0.9204433	0.0902200	-1.5454700	1.4631933	-0.3249300	-1.5472900	1.1976533	-0.3969200	-1.4572600	0.9410033	-0.3945100	-1.4688500	0.8631133	-0.1485200	-1.4741100	0.8634633	-0.0260800	-1.5033000	0.4567733	-0.0522400	-1.5780700	0.0741133	-0.0739000	-1.4489200	0.8642233	-0.2703500	-1.5118700	0.4598133	-0.2433800	-1.5787500	0.0715333	-0.2190700	-1.4044900	0.0258933	-0.2456700	-1.4156500	0.0278533	-0.2470000	-1.6053000	0.0370233	-0.2070700	-1.4229500	0.0269833	-0.0560900	-1.4338300	0.0296333	-0.0540700	-1.6073000	0.0387133	-0.0834600	-1.4094471	0.9360098	0.0424294	-1.3802089	0.9404270	-0.3250520	-1.6348165	0.9612374	-0.0873881	-1.6228307	0.9626578	-0.2316857	-1.5119158	0.4488368	0.0282256	-1.4945123	0.4614390	-0.1131443	-1.5808170	0.0761064	-0.0294070	-1.5489121	0.0871974	-0.1198461	-1.4431326	0.0408529	-0.0692530	-1.4929982	0.0274831	-0.0141526	-1.6420205	0.0633165	-0.0896055	-1.5149028	0.4508132	-0.3164471	-1.5007236	0.4626346	-0.1677388	-1.5833921	0.0716454	-0.2662628	-1.5471166	0.0805562	-0.1722784	-1.4237653	0.0362505	-0.2317582	-1.6521883	0.0547388	-0.2025587	-1.4780537	0.0269016	-0.2897419	-1.5615526	1.4916275	0.0361216	-1.5569691	1.5120769	-0.3260119	-1.6669822	1.4989957	-0.1463793	-1.4225924	0.6899546	0.0628123	-1.4641142	0.5928015	0.0755236	-1.5538507	0.6922545	0.0829511	-1.4048320	0.6873090	-0.3620506	-1.4530661	0.5928449	-0.3723863	-1.5426692	0.6957021	-0.3876719	-1.5341128	0.3372357	0.0155654	-1.5230144	0.2194687	0.0143182	-1.5929687	0.2397608	0.0126317	-1.5369490	0.3378245	-0.3067352	-1.5217574	0.2176234	-0.3124197	-1.6006914	0.2386603	-0.3041333	-1.5195349	0.8330301	-0.0415247	-1.5020774	0.8357103	-0.2635112	-1.5746185	1.1389067	0.1331979	-1.5884637	1.1298558	0.0487551	-1.4335149	0.9215689	0.0745904	-1.4924394	0.8875325	0.1011054	-1.5335235	1.1592854	-0.4334929	-1.5647779	1.1486353	-0.3628411	-1.4149171	0.9243338	-0.3812172	-1.4743366	0.9005870	-0.4049530
33	0.5333333	-1.5688500	1.4527733	-0.1452300	-1.5598400	1.4400833	0.0350200	-1.5689500	1.1673633	0.0919300	-1.4739500	0.9205233	0.0902500	-1.5450900	1.4632033	-0.3249100	-1.5479600	1.1979033	-0.3970400	-1.4568900	0.9413633	-0.3945200	-1.4688800	0.8631933	-0.1485500	-1.4742900	0.8635533	-0.0260700	-1.5028600	0.4571633	-0.0523400	-1.5780600	0.0743133	-0.0738600	-1.4487800	0.8642933	-0.2703900	-1.5123900	0.4597633	-0.2432600	-1.5774800	0.0719033	-0.2191700	-1.4044700	0.0261233	-0.2456000	-1.4155600	0.0281133	-0.2469300	-1.6038000	0.0374333	-0.2072300	-1.4226200	0.0275333	-0.0561400	-1.4335600	0.0301533	-0.0541000	-1.6069200	0.0389933	-0.0833500	-1.4097230	0.9361008	0.0426474	-1.3799890	0.9405601	-0.3251605	-1.6349121	0.9613146	-0.0874705	-1.6227290	0.9627503	-0.2318970	-1.5121409	0.4489320	0.0282203	-1.4947449	0.4615219	-0.1132833	-1.5813852	0.0762016	-0.0292975	-1.5494843	0.0872783	-0.1198190	-1.4431358	0.0411888	-0.0692480	-1.4930980	0.0277195	-0.0140392	-1.6428441	0.0632634	-0.0895433	-1.5154840	0.4508409	-0.3165971	-1.5013924	0.4626844	-0.1678073	-1.5837043	0.0717237	-0.2663616	-1.5474255	0.0806611	-0.1723360	-1.4240967	0.0363481	-0.2318306	-1.6524730	0.0548297	-0.2026627	-1.4783186	0.0269314	-0.2898130	-1.5622191	1.4915448	0.0361513	-1.5571369	1.5118955	-0.3261490	-1.6673550	1.4988293	-0.1465067	-1.4226650	0.6899584	0.0629106	-1.4642514	0.5928402	0.0756072	-1.5540680	0.6923534	0.0830622	-1.4048642	0.6872199	-0.3621643	-1.4532943	0.5928004	-0.3725304	-1.5427450	0.6957805	-0.3879090	-1.5344291	0.3373550	0.0155878	-1.5233838	0.2195851	0.0144026	-1.5933997	0.2398715	0.0126906	-1.5374822	0.3379013	-0.3068924	-1.5221514	0.2176956	-0.3125782	-1.6011670	0.2387321	-0.3042665	-1.5197154	0.8330800	-0.0415004	-1.5019563	0.8357892	-0.2636869	-1.5752548	1.1387949	0.1330195	-1.5890842	1.1298430	0.0486162	-1.4340915	0.9216520	0.0744330	-1.4929466	0.8875787	0.1005967	-1.5340133	1.1590641	-0.4335556	-1.5653602	1.1484264	-0.3628308	-1.4148021	0.9243297	-0.3809356	-1.4742373	0.9005402	-0.4047871
34	0.5500000	-1.5691100	1.4527633	-0.1452000	-1.5601600	1.4400533	0.0350200	-1.5685900	1.1674533	0.0919600	-1.4736000	0.9206533	0.0903000	-1.5453000	1.4632133	-0.3248300	-1.5483900	1.1981133	-0.3971100	-1.4567300	0.9415333	-0.3945100	-1.4690700	0.8631633	-0.1484900	-1.4748500	0.8634533	-0.0259500	-1.5031700	0.4571633	-0.0523800	-1.5776100	0.0747633	-0.0737900	-1.4485900	0.8643133	-0.2703900	-1.5125300	0.4597933	-0.2432200	-1.5767200	0.0724133	-0.2192200	-1.4047500	0.0262033	-0.2455200	-1.4158300	0.0282333	-0.2468500	-1.6031500	0.0379433	-0.2072800	-1.4236100	0.0273933	-0.0561300	-1.4344200	0.0300633	-0.0540800	-1.6062400	0.0395733	-0.0833400	-1.4101760	0.9360797	0.0429694	-1.3798793	0.9406038	-0.3251760	-1.6351781	0.9612974	-0.0874967	-1.6227722	0.9627569	-0.2320575	-1.5125174	0.4489289	0.0283172	-1.4951123	0.4615112	-0.1133158	-1.5818779	0.0762779	-0.0290910	-1.5499768	0.0873438	-0.1196766	-1.4432351	0.0414625	-0.0691330	-1.4932473	0.0278975	-0.0138388	-1.6435000	0.0632341	-0.0893596	-1.5161137	0.4507871	-0.3166505	-1.5021077	0.4626666	-0.1677521	-1.5838310	0.0717395	-0.2663993	-1.5475412	0.0807186	-0.1723233	-1.4243658	0.0363781	-0.2318144	-1.6524981	0.0548837	-0.2026922	-1.4784966	0.0269073	-0.2898026	-1.5630368	1.4913561	0.0362550	-1.5574141	1.5116527	-0.3261546	-1.6678531	1.4985591	-0.1465593	-1.4229342	0.6898749	0.0631152	-1.4645686	0.5927867	0.0757934	-1.5544699	0.6923311	0.0832583	-1.4049996	0.6870413	-0.3621901	-1.4536036	0.5926683	-0.3725903	-1.5429383	0.6957483	-0.3880853	-1.5348490	0.3374121	0.0156939	-1.5238071	0.2196710	0.0145694	-1.5938470	0.2399152	0.0128363	-1.5380127	0.3379154	-0.3069643	-1.5224779	0.2177274	-0.3126721	-1.6015585	0.2387171	-0.3043206	-1.5200834	0.8330094	-0.0413890	-1.5019826	0.8357612	-0.2637815	-1.5758448	1.1385882	0.1329706	-1.5896906	1.1297128	0.0485829	-1.4345661	0.9216403	0.0743673	-1.4933556	0.8875061	0.1002125	-1.5346083	1.1587731	-0.4335509	-1.5660438	1.1481338	-0.3627349	-1.4147793	0.9242822	-0.3805851	-1.4742496	0.9004267	-0.4045705
35	0.5666667	-1.5694100	1.4528033	-0.1451400	-1.5602000	1.4400333	0.0349700	-1.5680600	1.1675433	0.0919400	-1.4729900	0.9207333	0.0903300	-1.5458900	1.4633233	-0.3246900	-1.5485600	1.1982933	-0.3971300	-1.4568400	0.9415033	-0.3944500	-1.4692900	0.8633133	-0.1483900	-1.4753300	0.8635033	-0.0258400	-1.5039400	0.4569433	-0.0523400	-1.5771800	0.0751533	-0.0737100	-1.4485400	0.8645633	-0.2702700	-1.5124400	0.4598933	-0.2432500	-1.5769600	0.0727133	-0.2191100	-1.4055300	0.0260133	-0.2453800	-1.4166100	0.0280533	-0.2467100	-1.6036600	0.0381133	-0.2071100	-1.4246700	0.0269933	-0.0561600	-1.4353400	0.0297133	-0.0541200	-1.6057300	0.0400333	-0.0833500	-1.4106466	0.9362410	0.0433299	-1.3797989	0.9408267	-0.3251276	-1.6354729	0.9614715	-0.0875113	-1.6228495	0.9629529	-0.2321973	-1.5129920	0.4490944	0.0284360	-1.4955413	0.4616677	-0.1132970	-1.5822689	0.0765419	-0.0288923	-1.5503510	0.0875962	-0.1195065	-1.4434116	0.0418216	-0.0690151	-1.4934394	0.0281743	-0.0136710	-1.6439548	0.0634520	-0.0891502	-1.5166869	0.4509110	-0.3166444	-1.5027470	0.4628313	-0.1676546	-1.5839255	0.0719506	-0.2664108	-1.5476086	0.0809753	-0.1723077	-1.4246842	0.0365187	-0.2317643	-1.6524490	0.0551862	-0.2026988	-1.4787285	0.0270403	-0.2897493	-1.5638152	1.4913718	0.0363701	-1.5577426	1.5116724	-0.3260896	-1.6683603	1.4985103	-0.1465849	-1.4233071	0.6899762	0.0633492	-1.4649923	0.5929126	0.0759985	-1.5549439	0.6924849	0.0834506	-1.4051637	0.6870342	-0.3621788	-1.4539102	0.5927110	-0.3726014	-1.5431465	0.6958930	-0.3882001	-1.5353220	0.3376554	0.0157991	-1.5242450	0.2199568	0.0147262	-1.5942747	0.2401302	0.0129696	-1.5385045	0.3381156	-0.3069830	-1.5227884	0.2179568	-0.3127321	-1.6019017	0.2388861	-0.3043179	-1.5204802	0.8331201	-0.0412521	-1.5020460	0.8359123	-0.2638345	-1.5761900	1.1385814	0.1329835	-1.5900954	1.1297570	0.0486024	-1.4347785	0.9218178	0.0743193	-1.4934991	0.8876059	0.0998909	-1.5351780	1.1586822	-0.4335253	-1.5666801	1.1480387	-0.3626036	-1.4147782	0.9244183	-0.3802444	-1.4743074	0.9004964	-0.4043565
36	0.5833333	-1.5697200	1.4529433	-0.1450200	-1.5595600	1.4399733	0.0348500	-1.5679000	1.1678433	0.0919600	-1.4726200	0.9207133	0.0903400	-1.5472000	1.4636733	-0.3244100	-1.5481600	1.1987933	-0.3971600	-1.4578300	0.9411633	-0.3943000	-1.4698800	0.8640033	-0.1482300	-1.4753500	0.8640833	-0.0258600	-1.5048900	0.4565933	-0.0522200	-1.5771300	0.0753433	-0.0736700	-1.4497600	0.8653833	-0.2699600	-1.5121900	0.4600833	-0.2432800	-1.5791300	0.0722933	-0.2187200	-1.4065600	0.0257233	-0.2452200	-1.4176600	0.0277533	-0.2465500	-1.6064000	0.0373633	-0.2066400	-1.4250100	0.0265533	-0.0561800	-1.4355900	0.0293133	-0.0541400	-1.6054200	0.0402233	-0.0834300	-1.4113763	0.9369623	0.0436910	-1.3801895	0.9415477	-0.3249962	-1.6361084	0.9621836	-0.0874465	-1.6233495	0.9636626	-0.2322253	-1.5138465	0.4497340	0.0285848	-1.4963638	0.4622969	-0.1132280	-1.5828491	0.0771750	-0.0286891	-1.5509203	0.0882193	-0.1193214	-1.4438465	0.0424977	-0.0689102	-1.4938759	0.0287663	-0.0135264	-1.6445550	0.0640417	-0.0889147	-1.5175798	0.4515055	-0.3165275	-1.5036705	0.4634600	-0.1674966	-1.5846502	0.0725978	-0.2663556	-1.5482951	0.0816592	-0.1722656	-1.4256100	0.0369932	-0.2316741	-1.6530566	0.0559662	-0.2026590	-1.4796070	0.0275691	-0.2896392	-1.5647305	1.4919423	0.0365198	-1.5585173	1.5123222	-0.3259346	-1.6691798	1.4990828	-0.1465054	-1.4240270	0.6906055	0.0635932	-1.4657723	0.5935461	0.0762180	-1.5557364	0.6931723	0.0836722	-1.4057641	0.6875240	-0.3621028	-1.4546127	0.5932426	-0.3725190	-1.5437704	0.6965504	-0.3881640	-1.5361274	0.3383494	0.0159297	-1.5249613	0.2206692	0.0148940	-1.5949767	0.2407529	0.0131204	-1.5394024	0.3387647	-0.3068910	-1.5236210	0.2186198	-0.3127001	-1.6027290	0.2395170	-0.3042092	-1.5211855	0.8337941	-0.0410699	-1.5025467	0.8365887	-0.2637924	-1.5765771	1.1391044	0.1330551	-1.5905979	1.1303117	0.0486804	-1.4350872	0.9224778	0.0742785	-1.4937462	0.8881865	0.0996383	-1.5360083	1.1591153	-0.4334494	-1.5675532	1.1484849	-0.3624363	-1.4152358	0.9249832	-0.3799268	-1.4748547	0.9010380	-0.4041444
37	0.6000000	-1.5700100	1.4530733	-0.1448900	-1.5584100	1.4398433	0.0346600	-1.5680700	1.1683333	0.0920200	-1.4727800	0.9206533	0.0903400	-1.5490100	1.4641433	-0.3240800	-1.5472800	1.1995933	-0.3971900	-1.4594700	0.9406933	-0.3940800	-1.4708000	0.8648833	-0.1480500	-1.4751400	0.8647533	-0.0259500	-1.5056200	0.4561933	-0.0521000	-1.5773500	0.0753533	-0.0737100	-1.4518700	0.8664833	-0.2695800	-1.5117100	0.4603533	-0.2433400	-1.5825600	0.0713433	-0.2182100	-1.4073300	0.0254033	-0.2451300	-1.4185200	0.0274133	-0.2464500	-1.6106600	0.0359333	-0.2060400	-1.4248500	0.0260833	-0.0560900	-1.4354000	0.0288733	-0.0540700	-1.6051400	0.0402733	-0.0835900	-1.4122663	0.9379111	0.0439590	-1.3811013	0.9424086	-0.3248496	-1.6370168	0.9630612	-0.0872870	-1.6242626	0.9645050	-0.2321143	-1.5149265	0.4504579	0.0287202	-1.4974788	0.4630247	-0.1131508	-1.5834865	0.0777383	-0.0285243	-1.5515810	0.0887871	-0.1191816	-1.4443359	0.0431247	-0.0688667	-1.4943638	0.0293081	-0.0134358	-1.6452106	0.0645245	-0.0887166	-1.5187156	0.4521854	-0.3163417	-1.5047775	0.4641637	-0.1673144	-1.5860945	0.0732470	-0.2662481	-1.5496887	0.0823322	-0.1721934	-1.4271168	0.0374189	-0.2315680	-1.6544722	0.0567537	-0.2025805	-1.4811430	0.0280844	-0.2895115	-1.5656132	1.4926908	0.0366506	-1.5596864	1.5132080	-0.3257405	-1.6702001	1.4999197	-0.1463232	-1.4249372	0.6913942	0.0637829	-1.4667440	0.5943085	0.0763981	-1.5566984	0.6940217	0.0839004	-1.4067707	0.6881762	-0.3620065	-1.4556704	0.5939067	-0.3723872	-1.5448012	0.6973451	-0.3879959	-1.5371123	0.3390821	0.0160576	-1.5257963	0.2213792	0.0150397	-1.5958119	0.2413658	0.0132647	-1.5406636	0.3394511	-0.3067194	-1.5249847	0.2192848	-0.3125916	-1.6040578	0.2401985	-0.3040295	-1.5221074	0.8346862	-0.0408681	-1.5034819	0.8374295	-0.2636653	-1.5769732	1.1398087	0.1331424	-1.5911735	1.1310395	0.0487748	-1.4355543	0.9232219	0.0742030	-1.4941778	0.8888781	0.0994155	-1.5369957	1.1597155	-0.4333597	-1.5685613	1.1491298	-0.3622903	-1.4161428	0.9255759	-0.3796808	-1.4758750	0.9016772	-0.4039715
38	0.6166667	-1.5702000	1.4532033	-0.1448000	-1.5574400	1.4397933	0.0344800	-1.5682100	1.1686533	0.0920700	-1.4732200	0.9206033	0.0903600	-1.5504200	1.4644533	-0.3238200	-1.5465100	1.2001333	-0.3971900	-1.4606500	0.9404533	-0.3939400	-1.4714800	0.8654633	-0.1479300	-1.4751300	0.8652233	-0.0260000	-1.5056900	0.4560233	-0.0520200	-1.5774200	0.0752833	-0.0737700	-1.4532900	0.8671533	-0.2693500	-1.5111000	0.4606133	-0.2434700	-1.5850500	0.0705433	-0.2178700	-1.4075400	0.0253433	-0.2451300	-1.4187900	0.0273233	-0.2464300	-1.6138300	0.0347733	-0.2056500	-1.4246900	0.0257633	-0.0559100	-1.4351900	0.0285733	-0.0539300	-1.6045200	0.0403833	-0.0837000	-1.4128046	0.9385945	0.0440641	-1.3819421	0.9429459	-0.3247879	-1.6376391	0.9636020	-0.0871137	-1.6250003	0.9649898	-0.2319564	-1.5156044	0.4508052	0.0287689	-1.4982397	0.4633969	-0.1131238	-1.5836260	0.0778249	-0.0284745	-1.5517674	0.0888991	-0.1191517	-1.4443521	0.0433100	-0.0689196	-1.4943755	0.0294302	-0.0134478	-1.6453517	0.0645109	-0.0886521	-1.5194520	0.4524801	-0.3162019	-1.5054251	0.4644778	-0.1672034	-1.5875255	0.0734417	-0.2661326	-1.5510555	0.0825423	-0.1721118	-1.4284290	0.0374425	-0.2314827	-1.6559742	0.0570466	-0.2024854	-1.4825668	0.0281816	-0.2894152	-1.5659436	1.4931105	0.0366604	-1.5606183	1.5137653	-0.3256132	-1.6708232	1.5004808	-0.1461504	-1.4254686	0.6918636	0.0638663	-1.4673188	0.5947266	0.0764755	-1.5572637	0.6945337	0.0840488	-1.4075565	0.6885455	-0.3619725	-1.4564518	0.5942463	-0.3723052	-1.5456256	0.6977853	-0.3878142	-1.5376638	0.3393969	0.0161119	-1.5261644	0.2216412	0.0150993	-1.5961900	0.2415413	0.0133185	-1.5416148	0.3397097	-0.3065695	-1.5261710	0.2194949	-0.3124770	-1.6051995	0.2404592	-0.3038688	-1.5226920	0.8352920	-0.0407155	-1.5042488	0.8379480	-0.2635400	-1.5769617	1.1402206	0.1331729	-1.5913786	1.1314777	0.0488129	-1.4357886	0.9235710	0.0740515	-1.4944023	0.8892206	0.0991525	-1.5375963	1.1600108	-0.4333231	-1.5691598	1.1494880	-0.3622265	-1.4168769	0.9257542	-0.3795526	-1.4767238	0.9019534	-0.4038716
39	0.6333333	-1.5702700	1.4532933	-0.1447600	-1.5571400	1.4398333	0.0343900	-1.5683500	1.1686533	0.0920300	-1.4735700	0.9205733	0.0903900	-1.5509100	1.4645833	-0.3236800	-1.5462400	1.2002233	-0.3971300	-1.4610900	0.9404833	-0.3939400	-1.4718400	0.8654233	-0.1479600	-1.4754000	0.8651433	-0.0260100	-1.5052900	0.4561133	-0.0519900	-1.5771500	0.0752833	-0.0738000	-1.4537400	0.8671633	-0.2693900	-1.5103900	0.4608533	-0.2435900	-1.5856400	0.0702333	-0.2177300	-1.4073200	0.0255233	-0.2451100	-1.4185800	0.0274933	-0.2464000	-1.6147300	0.0344133	-0.2055600	-1.4244200	0.0257733	-0.0557400	-1.4348900	0.0285933	-0.0537700	-1.6034100	0.0407033	-0.0836300	-1.4130030	0.9386604	0.0439759	-1.3825283	0.9428731	-0.3248990	-1.6379279	0.9635121	-0.0870545	-1.6254392	0.9648486	-0.2319034	-1.5157753	0.4505455	0.0286768	-1.4984858	0.4631729	-0.1132024	-1.5832276	0.0773108	-0.0285751	-1.5514100	0.0884236	-0.1192511	-1.4438937	0.0429201	-0.0690616	-1.4939106	0.0290166	-0.0135719	-1.6449088	0.0639035	-0.0887620	-1.5196295	0.4521424	-0.3162335	-1.5054886	0.4641680	-0.1672542	-1.5885320	0.0730030	-0.2660640	-1.5519954	0.0821212	-0.1720519	-1.4291864	0.0369708	-0.2314507	-1.6571180	0.0566426	-0.2024090	-1.4834819	0.0277368	-0.2893886	-1.5657660	1.4928932	0.0364917	-1.5611322	1.5136526	-0.3256362	-1.6709661	1.5004273	-0.1461073	-1.4256071	0.6917453	0.0638156	-1.4674574	0.5945472	0.0764102	-1.5574228	0.6944081	0.0840274	-1.4079504	0.6883684	-0.3620932	-1.4567833	0.5940005	-0.3723854	-1.5460761	0.6975765	-0.3877809	-1.5376928	0.3390882	0.0160342	-1.5260072	0.2212786	0.0150337	-1.5960393	0.2411121	0.0132187	-1.5420249	0.3393195	-0.3065528	-1.5268576	0.2190560	-0.3124411	-1.6058578	0.2400790	-0.3038261	-1.5229207	0.8352732	-0.0407014	-1.5047106	0.8378457	-0.2635407	-1.5766467	1.1400437	0.1330926	-1.5912809	1.1313305	0.0487285	-1.4357960	0.9232769	0.0737968	-1.4944136	0.8889469	0.0987914	-1.5377974	1.1597207	-0.4334003	-1.5693434	1.1492556	-0.3622992	-1.4172783	0.9252965	-0.3795670	-1.4772234	0.9016064	-0.4038719
40	0.6500000	-1.5702800	1.4533233	-0.1447400	-1.5573600	1.4398733	0.0343500	-1.5688500	1.1685033	0.0919300	-1.4737600	0.9205333	0.0904000	-1.5507300	1.4646233	-0.3235900	-1.5461000	1.2001433	-0.3970700	-1.4614300	0.9404533	-0.3940500	-1.4720900	0.8649433	-0.1480800	-1.4756100	0.8646233	-0.0260400	-1.5052500	0.4561533	-0.0520000	-1.5765900	0.0754133	-0.0738200	-1.4540000	0.8667233	-0.2696000	-1.5094500	0.4610933	-0.2435900	-1.5852100	0.0700133	-0.2176900	-1.4070300	0.0255433	-0.2450600	-1.4182700	0.0275033	-0.2463400	-1.6143200	0.0343433	-0.2055800	-1.4240100	0.0260433	-0.0555900	-1.4344800	0.0288633	-0.0536300	-1.6022500	0.0411633	-0.0835200	-1.4131068	0.9382682	0.0438015	-1.3829939	0.9423831	-0.3251198	-1.6381146	0.9629974	-0.0870753	-1.6257666	0.9642992	-0.2319393	-1.5157052	0.4499382	0.0285173	-1.4984577	0.4625970	-0.1133133	-1.5825718	0.0765291	-0.0287188	-1.5507800	0.0876823	-0.1193612	-1.4432414	0.0422797	-0.0691770	-1.4932537	0.0283932	-0.0137041	-1.6441582	0.0630466	-0.0889197	-1.5194354	0.4514126	-0.3163813	-1.5051883	0.4634864	-0.1673935	-1.5891106	0.0722320	-0.2660049	-1.5525161	0.0813806	-0.1719722	-1.4294645	0.0362917	-0.2314163	-1.6578571	0.0558663	-0.2023183	-1.4839228	0.0270508	-0.2893732	-1.5654198	1.4922465	0.0362404	-1.5613974	1.5130881	-0.3257375	-1.6708909	1.4999526	-0.1461500	-1.4256414	0.6912558	0.0637149	-1.4674441	0.5940059	0.0762814	-1.5574468	0.6938574	0.0838956	-1.4081197	0.6878469	-0.3623192	-1.4568333	0.5933849	-0.3725801	-1.5463169	0.6969203	-0.3878727	-1.5374703	0.3384442	0.0158954	-1.5256078	0.2206032	0.0149243	-1.5956294	0.2403826	0.0130487	-1.5420323	0.3385439	-0.3066198	-1.5271164	0.2182517	-0.3124437	-1.6061136	0.2393276	-0.3038567	-1.5230462	0.8348029	-0.0407659	-1.5050533	0.8373162	-0.2636339	-1.5763744	1.1394614	0.1329674	-1.5911951	1.1307760	0.0485823	-1.4357845	0.9225924	0.0735283	-1.4944000	0.8882639	0.0984084	-1.5378568	1.1590608	-0.4335059	-1.5693861	1.1486320	-0.3624336	-1.4175509	0.9244296	-0.3796271	-1.4775778	0.9008495	-0.4038919
41	0.6666667	-1.5701400	1.4532933	-0.1447500	-1.5576600	1.4398533	0.0343300	-1.5696100	1.1683933	0.0918800	-1.4739900	0.9205033	0.0903900	-1.5501700	1.4645633	-0.3235400	-1.5456700	1.2000933	-0.3970600	-1.4617400	0.9402133	-0.3941300	-1.4719000	0.8641433	-0.1481200	-1.4753100	0.8638033	-0.0260500	-1.5058500	0.4558733	-0.0520000	-1.5761100	0.0756133	-0.0738400	-1.4539100	0.8659633	-0.2696800	-1.5085200	0.4612433	-0.2434200	-1.5847500	0.0697933	-0.2177400	-1.4069600	0.0251533	-0.2450800	-1.4182200	0.0271133	-0.2463700	-1.6137400	0.0342733	-0.2056300	-1.4239100	0.0261833	-0.0554500	-1.4343900	0.0290133	-0.0535100	-1.6018700	0.0414433	-0.0835800	-1.4127935	0.9375428	0.0437326	-1.3829982	0.9416033	-0.3252912	-1.6378736	0.9621819	-0.0869995	-1.6256499	0.9634665	-0.2319005	-1.5152647	0.4491170	0.0284522	-1.4980243	0.4618008	-0.1132823	-1.5816212	0.0756666	-0.0287495	-1.5498425	0.0868534	-0.1193179	-1.4423435	0.0415240	-0.0691310	-1.4923609	0.0276925	-0.0137149	-1.6430889	0.0621598	-0.0889439	-1.5186616	0.4504316	-0.3164764	-1.5043119	0.4625668	-0.1674613	-1.5890574	0.0713177	-0.2658740	-1.5524027	0.0805002	-0.1718058	-1.4291182	0.0354871	-0.2312999	-1.6579563	0.0549639	-0.2021425	-1.4837303	0.0262429	-0.2892760	-1.5647451	1.4913401	0.0360845	-1.5611798	1.5122500	-0.3257498	-1.6704051	1.4991832	-0.1461156	-1.4253361	0.6904829	0.0637174	-1.4670854	0.5932094	0.0762441	-1.5570755	0.6930161	0.0838216	-1.4077865	0.6870747	-0.3624999	-1.4563519	0.5925146	-0.3727298	-1.5460598	0.6959583	-0.3879198	-1.5368927	0.3376207	0.0158479	-1.5248901	0.2197819	0.0149104	-1.5948814	0.2395231	0.0129692	-1.5414385	0.3375401	-0.3066291	-1.5267512	0.2172464	-0.3123806	-1.6057611	0.2383826	-0.3038279	-1.5227447	0.8339973	-0.0407319	-1.5049425	0.8364776	-0.2636623	-1.5759572	1.1386083	0.1329299	-1.5909155	1.1299470	0.0485251	-1.4355118	0.9216868	0.0734043	-1.4941063	0.8873092	0.0981513	-1.5375285	1.1581764	-0.4334896	-1.5690604	1.1477593	-0.3624825	-1.4174402	0.9232871	-0.3795708	-1.4775418	0.8998208	-0.4037865
42	0.6833333	-1.5698800	1.4531733	-0.1447800	-1.5578800	1.4398033	0.0343500	-1.5701800	1.1683233	0.0919500	-1.4742900	0.9204833	0.0903900	-1.5494200	1.4643833	-0.3235900	-1.5452100	1.2000233	-0.3971500	-1.4616000	0.9400133	-0.3940900	-1.4710600	0.8632433	-0.1480200	-1.4745200	0.8628533	-0.0260500	-1.5064900	0.4556033	-0.0519300	-1.5761000	0.0757533	-0.0738500	-1.4530500	0.8650933	-0.2694700	-1.5080200	0.4612533	-0.2432500	-1.5845100	0.0695833	-0.2178400	-1.4072000	0.0246133	-0.2452400	-1.4184700	0.0265733	-0.2465200	-1.6134200	0.0342233	-0.2056700	-1.4243100	0.0260933	-0.0553700	-1.4348000	0.0289333	-0.0534400	-1.6023800	0.0414633	-0.0837200	-1.4118794	0.9367070	0.0438294	-1.3823306	0.9407419	-0.3253325	-1.6369814	0.9612817	-0.0867821	-1.6248561	0.9625607	-0.2317344	-1.5144409	0.4482859	0.0285287	-1.4971589	0.4609867	-0.1130611	-1.5805352	0.0749249	-0.0286581	-1.5487459	0.0861297	-0.1191124	-1.4413395	0.0407970	-0.0689325	-1.4913883	0.0270478	-0.0136123	-1.6418901	0.0614755	-0.0888216	-1.5173094	0.4494141	-0.3164729	-1.5028492	0.4616009	-0.1674441	-1.5884620	0.0704870	-0.2656891	-1.5517349	0.0796880	-0.1715963	-1.4282707	0.0347077	-0.2311427	-1.6574918	0.0541940	-0.2019079	-1.4830220	0.0254852	-0.2891219	-1.5636744	1.4904386	0.0360663	-1.5604064	1.5113843	-0.3256364	-1.6694313	1.4983327	-0.1459676	-1.4245630	0.6896030	0.0638672	-1.4663010	0.5923459	0.0763416	-1.5561769	0.6921147	0.0838514	-1.4068413	0.6862250	-0.3625691	-1.4552736	0.5915850	-0.3727697	-1.5451601	0.6949363	-0.3878436	-1.5359914	0.3368191	0.0159267	-1.5239341	0.2190043	0.0150108	-1.5938851	0.2387464	0.0130060	-1.5402741	0.3365269	-0.3065597	-1.5258256	0.2162550	-0.3122551	-1.6048466	0.2374811	-0.3037187	-1.5218075	0.8330826	-0.0405514	-1.5041534	0.8355473	-0.2635649	-1.5752776	1.1377068	0.1330076	-1.5903253	1.1290733	0.0486003	-1.4348731	0.9207905	0.0734596	-1.4934262	0.8863110	0.0980463	-1.5366970	1.1572850	-0.4333395	-1.5682632	1.1468570	-0.3624127	-1.4167912	0.9221092	-0.3793560	-1.4769655	0.8987513	-0.4035236
43	0.7000000	-1.5697300	1.4529733	-0.1448400	-1.5582000	1.4397433	0.0344400	-1.5705500	1.1682933	0.0920500	-1.4744900	0.9204333	0.0903700	-1.5487500	1.4640333	-0.3237600	-1.5450700	1.1998533	-0.3972700	-1.4612200	0.9398233	-0.3939700	-1.4703300	0.8626333	-0.1478800	-1.4739500	0.8622333	-0.0260800	-1.5065600	0.4556333	-0.0518200	-1.5765000	0.0757933	-0.0738200	-1.4522000	0.8644233	-0.2691700	-1.5078600	0.4612933	-0.2432400	-1.5847100	0.0693933	-0.2178600	-1.4075000	0.0242633	-0.2454000	-1.4187200	0.0262233	-0.2466700	-1.6137400	0.0341133	-0.2056100	-1.4245700	0.0259933	-0.0554100	-1.4350900	0.0288433	-0.0534600	-1.6029200	0.0414833	-0.0837300	-1.4111362	0.9361475	0.0439813	-1.3817239	0.9401541	-0.3252961	-1.6361849	0.9606923	-0.0865741	-1.6241159	0.9619641	-0.2315705	-1.5139274	0.4478094	0.0286495	-1.4965620	0.4605128	-0.1127896	-1.5800445	0.0746010	-0.0285613	-1.5482162	0.0858043	-0.1188924	-1.4409141	0.0404313	-0.0687213	-1.4910271	0.0267623	-0.0135083	-1.6413103	0.0612534	-0.0886941	-1.5162148	0.4487452	-0.3164753	-1.5016626	0.4609601	-0.1674556	-1.5881843	0.0700593	-0.2655585	-1.5513970	0.0792563	-0.1714570	-1.4277959	0.0342788	-0.2310597	-1.6573364	0.0538539	-0.2017360	-1.4826542	0.0251071	-0.2890295	-1.5629509	1.4899323	0.0360886	-1.5598267	1.5108721	-0.3255225	-1.6687232	1.4978057	-0.1458382	-1.4240374	0.6890195	0.0640616	-1.4657962	0.5918044	0.0764801	-1.5555005	0.6915501	0.0838956	-1.4060664	0.6856685	-0.3625964	-1.4543934	0.5909760	-0.3727814	-1.5443748	0.6942541	-0.3877369	-1.5354705	0.3363773	0.0160359	-1.5234456	0.2185884	0.0151309	-1.5933638	0.2383785	0.0130580	-1.5393787	0.3358690	-0.3065159	-1.5251880	0.2156226	-0.3121672	-1.6042131	0.2369773	-0.3036413	-1.5210090	0.8324664	-0.0403525	-1.5034367	0.8349142	-0.2634356	-1.5749890	1.1371154	0.1331048	-1.5901046	1.1285183	0.0487003	-1.4345269	0.9202659	0.0735673	-1.4930288	0.8856428	0.0979771	-1.5360765	1.1567286	-0.4331871	-1.5677164	1.1462783	-0.3623379	-1.4163033	0.9212769	-0.3790878	-1.4765467	0.8980085	-0.4032245
44	0.7166667	-1.5698200	1.4528033	-0.1448800	-1.5586000	1.4396933	0.0345500	-1.5709700	1.1683133	0.0920600	-1.4745400	0.9203233	0.0903200	-1.5484900	1.4637233	-0.3239200	-1.5451000	1.1996433	-0.3973200	-1.4612400	0.9396333	-0.3939100	-1.4702600	0.8624033	-0.1478300	-1.4739800	0.8619733	-0.0261100	-1.5060800	0.4559433	-0.0517700	-1.5769300	0.0757333	-0.0737900	-1.4520600	0.8642133	-0.2690200	-1.5076000	0.4614633	-0.2433500	-1.5856400	0.0692533	-0.2177600	-1.4075500	0.0242133	-0.2454700	-1.4187300	0.0262033	-0.2467200	-1.6149400	0.0339033	-0.2054500	-1.4241300	0.0260333	-0.0555400	-1.4347100	0.0288633	-0.0535700	-1.6029500	0.0416133	-0.0836100	-1.4110800	0.9359494	0.0440538	-1.3817151	0.9399147	-0.3253035	-1.6360383	0.9605080	-0.0865179	-1.6239894	0.9617683	-0.2315462	-1.5140343	0.4477492	0.0286996	-1.4965917	0.4604420	-0.1126327	-1.5803275	0.0746830	-0.0285581	-1.5484591	0.0858725	-0.1188012	-1.4411908	0.0404911	-0.0686349	-1.4913865	0.0268867	-0.0134982	-1.6415464	0.0614225	-0.0886798	-1.5158528	0.4485183	-0.3165929	-1.5012576	0.4607462	-0.1675823	-1.5886913	0.0700354	-0.2655687	-1.5518834	0.0792173	-0.1714573	-1.4281258	0.0342367	-0.2311178	-1.6579899	0.0539200	-0.2017242	-1.4830593	0.0251340	-0.2890861	-1.5630212	1.4898664	0.0360524	-1.5599053	1.5107718	-0.3255393	-1.6687598	1.4976974	-0.1458520	-1.4241604	0.6888596	0.0641651	-1.4659280	0.5916858	0.0765430	-1.5554930	0.6913975	0.0838708	-1.4059603	0.6855074	-0.3626944	-1.4541945	0.5907838	-0.3728817	-1.5442204	0.6939909	-0.3877360	-1.5356064	0.3363366	0.0160721	-1.5236475	0.2185633	0.0151711	-1.5935559	0.2384300	0.0130410	-1.5392218	0.3356319	-0.3065929	-1.5253010	0.2153874	-0.3122012	-1.6043306	0.2369111	-0.3037038	-1.5209039	0.8322462	-0.0402701	-1.5033595	0.8346699	-0.2634020	-1.5754328	1.1368888	0.1331120	-1.5906231	1.1283308	0.0487027	-1.4348177	0.9201594	0.0735883	-1.4932697	0.8853638	0.0978242	-1.5361039	1.1565507	-0.4331559	-1.5678562	1.1460782	-0.3623789	-1.4164462	0.9208388	-0.3788991	-1.4767566	0.8976433	-0.4030358
45	0.7333333	-1.5700600	1.4527833	-0.1448500	-1.5587800	1.4396433	0.0346300	-1.5713500	1.1683833	0.0919800	-1.4746100	0.9202633	0.0902800	-1.5487900	1.4637133	-0.3239400	-1.5450700	1.1996433	-0.3972900	-1.4615700	0.9396333	-0.3939300	-1.4705300	0.8626433	-0.1478000	-1.4743500	0.8621733	-0.0260700	-1.5053800	0.4562933	-0.0518000	-1.5771100	0.0755733	-0.0738200	-1.4522300	0.8644733	-0.2690000	-1.5072100	0.4617233	-0.2434400	-1.5868100	0.0689833	-0.2176800	-1.4072500	0.0244533	-0.2454400	-1.4184500	0.0264433	-0.2466900	-1.6164300	0.0335833	-0.2053400	-1.4234700	0.0261133	-0.0556900	-1.4340700	0.0289233	-0.0537000	-1.6027100	0.0416533	-0.0835000	-1.4113570	0.9362053	0.0441095	-1.3819965	0.9401124	-0.3253034	-1.6362394	0.9608105	-0.0865266	-1.6241919	0.9620521	-0.2315773	-1.5143147	0.4481585	0.0287347	-1.4968338	0.4608378	-0.1125456	-1.5807966	0.0751558	-0.0285752	-1.5489066	0.0863302	-0.1187801	-1.4415704	0.0409847	-0.0686124	-1.4918488	0.0274327	-0.0135091	-1.6420123	0.0619411	-0.0887060	-1.5158452	0.4487938	-0.3167223	-1.5012588	0.4610310	-0.1677088	-1.5895605	0.0704086	-0.2656191	-1.5527735	0.0795768	-0.1714854	-1.4287740	0.0346106	-0.2311933	-1.6590512	0.0543574	-0.2017741	-1.4837701	0.0255713	-0.2891809	-1.5634779	1.4902634	0.0360249	-1.5603029	1.5111317	-0.3256075	-1.6691809	1.4980749	-0.1459176	-1.4245254	0.6892136	0.0642313	-1.4662681	0.5920628	0.0765882	-1.5557655	0.6917206	0.0838640	-1.4061670	0.6858267	-0.3627862	-1.4543127	0.5910815	-0.3729861	-1.5443740	0.6942149	-0.3877654	-1.5359148	0.3367348	0.0160980	-1.5240081	0.2189557	0.0151946	-1.5939348	0.2389034	0.0130299	-1.5394134	0.3358623	-0.3066859	-1.5257560	0.2155848	-0.3122534	-1.6048012	0.2372939	-0.3038089	-1.5211647	0.8325121	-0.0402240	-1.5036223	0.8349023	-0.2633909	-1.5761486	1.1370873	0.1330918	-1.5914317	1.1285682	0.0486763	-1.4353388	0.9204986	0.0735789	-1.4937465	0.8855235	0.0976531	-1.5364083	1.1568108	-0.4331670	-1.5682993	1.1463215	-0.3624531	-1.4168794	0.9208426	-0.3787460	-1.4772567	0.8977146	-0.4029105
46	0.7500000	-1.5702200	1.4528933	-0.1447500	-1.5585900	1.4395933	0.0346600	-1.5714600	1.1684033	0.0918700	-1.4748900	0.9202933	0.0902900	-1.5493100	1.4639933	-0.3238100	-1.5449800	1.1999533	-0.3972500	-1.4617800	0.9399333	-0.3939700	-1.4709400	0.8629833	-0.1478100	-1.4748200	0.8624833	-0.0259800	-1.5046700	0.4565533	-0.0518300	-1.5769400	0.0753933	-0.0738800	-1.4525400	0.8648933	-0.2691000	-1.5070100	0.4619533	-0.2434900	-1.5876100	0.0689033	-0.2177700	-1.4070200	0.0248433	-0.2453500	-1.4182700	0.0268033	-0.2466100	-1.6172800	0.0335733	-0.2054000	-1.4233100	0.0260333	-0.0557500	-1.4338400	0.0288533	-0.0537600	-1.6023700	0.0415433	-0.0835000	-1.4117612	0.9365417	0.0441270	-1.3823881	0.9403966	-0.3253385	-1.6365978	0.9612341	-0.0865858	-1.6245439	0.9624591	-0.2316578	-1.5145431	0.4486358	0.0287418	-1.4970548	0.4613097	-0.1125318	-1.5811551	0.0756142	-0.0286212	-1.5492555	0.0867816	-0.1188275	-1.4418224	0.0414855	-0.0686353	-1.4921683	0.0279940	-0.0135351	-1.6423763	0.0624267	-0.0887817	-1.5159418	0.4491835	-0.3168731	-1.5014006	0.4614256	-0.1678316	-1.5904588	0.0707932	-0.2656999	-1.5537210	0.0799510	-0.1715210	-1.4294152	0.0350473	-0.2312692	-1.6601712	0.0547664	-0.2018568	-1.4844665	0.0260485	-0.2892969	-1.5640059	1.4907139	0.0359887	-1.5607877	1.5115580	-0.3256963	-1.6696957	1.4985493	-0.1459975	-1.4249190	0.6896870	0.0642563	-1.4665995	0.5925373	0.0766055	-1.5561080	0.6921231	0.0838568	-1.4064585	0.6862627	-0.3628886	-1.4545153	0.5914953	-0.3731121	-1.5446386	0.6945511	-0.3878533	-1.5361561	0.3371735	0.0160996	-1.5242728	0.2193676	0.0151918	-1.5942334	0.2393914	0.0130069	-1.5396831	0.3361823	-0.3068011	-1.5262559	0.2158476	-0.3123251	-1.6053336	0.2377299	-0.3039562	-1.5215812	0.8328843	-0.0402208	-1.5040304	0.8352449	-0.2634211	-1.5768498	1.1373522	0.1330498	-1.5922561	1.1288725	0.0486203	-1.4358781	0.9208768	0.0735309	-1.4942624	0.8857444	0.0974575	-1.5367417	1.1571473	-0.4332445	-1.5687871	1.1466466	-0.3625783	-1.4173413	0.9209449	-0.3786568	-1.4777791	0.8978764	-0.4028707
47	0.7666667	-1.5701800	1.4530433	-0.1446700	-1.5582900	1.4396033	0.0346500	-1.5714000	1.1683933	0.0917900	-1.4753300	0.9204133	0.0903200	-1.5495400	1.4642833	-0.3236600	-1.5449800	1.2003633	-0.3972300	-1.4618500	0.9402433	-0.3940100	-1.4715800	0.8629133	-0.1479300	-1.4751400	0.8625033	-0.0259800	-1.5040600	0.4567233	-0.0518100	-1.5764300	0.0753233	-0.0739600	-1.4534700	0.8647633	-0.2693600	-1.5072900	0.4619933	-0.2435400	-1.5874100	0.0690633	-0.2180100	-1.4073900	0.0250133	-0.2452500	-1.4186300	0.0269833	-0.2465300	-1.6165700	0.0339233	-0.2057100	-1.4238600	0.0258133	-0.0556500	-1.4342500	0.0286733	-0.0536700	-1.6018700	0.0414733	-0.0836100	-1.4123778	0.9364410	0.0440241	-1.3830115	0.9402848	-0.3254962	-1.6371886	0.9612807	-0.0867215	-1.6251361	0.9625062	-0.2318161	-1.5148082	0.4486888	0.0286530	-1.4973180	0.4613657	-0.1126260	-1.5814601	0.0756250	-0.0287518	-1.5495500	0.0867932	-0.1189655	-1.4421112	0.0415165	-0.0687107	-1.4924989	0.0281192	-0.0136151	-1.6426405	0.0624892	-0.0889501	-1.5161928	0.4491906	-0.3171102	-1.5017149	0.4614390	-0.1680235	-1.5912710	0.0707526	-0.2658578	-1.5545986	0.0799071	-0.1716194	-1.4300311	0.0351209	-0.2313970	-1.6611711	0.0547232	-0.2020060	-1.4851085	0.0261335	-0.2894684	-1.5645690	1.4907229	0.0358678	-1.5613626	1.5115447	-0.3258320	-1.6702641	1.4986144	-0.1461184	-1.4254541	0.6897650	0.0641909	-1.4670293	0.5926038	0.0765310	-1.5566102	0.6920918	0.0837541	-1.4069256	0.6863286	-0.3630624	-1.4548813	0.5915333	-0.3733207	-1.5451053	0.6944930	-0.3880611	-1.5364175	0.3371842	0.0160053	-1.5245365	0.2193487	0.0151008	-1.5945132	0.2394345	0.0128955	-1.5400412	0.3361229	-0.3069974	-1.5267681	0.2157386	-0.3124703	-1.6058820	0.2377437	-0.3041932	-1.5222258	0.8328389	-0.0403198	-1.5046784	0.8351951	-0.2635547	-1.5775927	1.1372216	0.1329626	-1.5931516	1.1287784	0.0484911	-1.4365098	0.9208123	0.0734070	-1.4948997	0.8855548	0.0972008	-1.5371431	1.1570899	-0.4334441	-1.5693521	1.1465750	-0.3628169	-1.4178431	0.9206986	-0.3786717	-1.4783257	0.8976700	-0.4029530
48	0.7833333	-1.5700300	1.4530933	-0.1446600	-1.5581000	1.4396033	0.0346500	-1.5714500	1.1685233	0.0918000	-1.4758600	0.9206233	0.0903600	-1.5494300	1.4643933	-0.3236500	-1.5450400	1.2004333	-0.3972300	-1.4619400	0.9402233	-0.3940600	-1.4719900	0.8620033	-0.1480900	-1.4747100	0.8618033	-0.0260900	-1.5039500	0.4566133	-0.0517600	-1.5758300	0.0754833	-0.0740500	-1.4546800	0.8636733	-0.2696100	-1.5079200	0.4616733	-0.2436400	-1.5860600	0.0696733	-0.2183300	-1.4083000	0.0249133	-0.2451400	-1.4194100	0.0269433	-0.2464400	-1.6143500	0.0348633	-0.2062300	-1.4249100	0.0255833	-0.0553700	-1.4351500	0.0285033	-0.0534200	-1.6012400	0.0416833	-0.0838000	-1.4127269	0.9354775	0.0438622	-1.3834606	0.9393871	-0.3257398	-1.6375312	0.9605186	-0.0868022	-1.6255182	0.9617772	-0.2319314	-1.5147773	0.4479396	0.0285403	-1.4972752	0.4606195	-0.1127077	-1.5813916	0.0749329	-0.0288897	-1.5494693	0.0861008	-0.1190753	-1.4422103	0.0407705	-0.0687318	-1.4926055	0.0275228	-0.0136782	-1.6424498	0.0619225	-0.0891052	-1.5161721	0.4484192	-0.3173735	-1.5017381	0.4606878	-0.1682475	-1.5914589	0.0700196	-0.2660320	-1.5548395	0.0791853	-0.1717458	-1.4301900	0.0345244	-0.2315246	-1.6614351	0.0540166	-0.2021591	-1.4852485	0.0255245	-0.2896195	-1.5647352	1.4899431	0.0357237	-1.5615904	1.5107255	-0.3259344	-1.6704356	1.4978568	-0.1461864	-1.4257474	0.6890032	0.0641128	-1.4671967	0.5918468	0.0764316	-1.5568362	0.6912127	0.0836025	-1.4071745	0.6856089	-0.3632494	-1.4550122	0.5907855	-0.3735480	-1.5453566	0.6936146	-0.3882994	-1.5363734	0.3364331	0.0158789	-1.5244907	0.2186002	0.0149852	-1.5944362	0.2387312	0.0127576	-1.5400413	0.3353293	-0.3072135	-1.5268261	0.2149416	-0.3126327	-1.6059523	0.2370051	-0.3044420	-1.5226082	0.8319252	-0.0404311	-1.5051200	0.8343239	-0.2637164	-1.5780459	1.1363476	0.1329125	-1.5937581	1.1279310	0.0483742	-1.4368762	0.9199655	0.0733049	-1.4952861	0.8845969	0.0969712	-1.5372511	1.1562648	-0.4336703	-1.5696225	1.1457185	-0.3630822	-1.4179842	0.9197180	-0.3786931	-1.4785009	0.8967058	-0.4030457
49	0.8000000	-1.5698900	1.4530233	-0.1447200	-1.5579500	1.4395933	0.0346700	-1.5716300	1.1688533	0.0918900	-1.4764500	0.9209033	0.0904200	-1.5492700	1.4642933	-0.3237800	-1.5450000	1.2001033	-0.3973000	-1.4619000	0.9398933	-0.3941400	-1.4717000	0.8605933	-0.1481600	-1.4735000	0.8604533	-0.0262400	-1.5045200	0.4562833	-0.0517200	-1.5755400	0.0758133	-0.0741600	-1.4552700	0.8620833	-0.2696700	-1.5084800	0.4610933	-0.2437800	-1.5843900	0.0703133	-0.2185700	-1.4091200	0.0246633	-0.2450400	-1.4200500	0.0267633	-0.2463500	-1.6119200	0.0359333	-0.2066600	-1.4259600	0.0254933	-0.0550500	-1.4360900	0.0284533	-0.0531400	-1.6008200	0.0421133	-0.0839900	-1.4123194	0.9340009	0.0437675	-1.3832960	0.9380412	-0.3259419	-1.6371362	0.9592791	-0.0866880	-1.6252216	0.9605986	-0.2318633	-1.5142213	0.4467831	0.0285163	-1.4966816	0.4594541	-0.1126358	-1.5807906	0.0739897	-0.0289374	-1.5488481	0.0851440	-0.1190351	-1.4419493	0.0396865	-0.0685964	-1.4923345	0.0266174	-0.0136475	-1.6416544	0.0611819	-0.0891315	-1.5155451	0.4472198	-0.3175466	-1.5011008	0.4595289	-0.1684250	-1.5907289	0.0690316	-0.2661249	-1.5541229	0.0782269	-0.1718383	-1.4296094	0.0336405	-0.2315708	-1.6606412	0.0531203	-0.2022342	-1.4846072	0.0246201	-0.2896515	-1.5641858	1.4888128	0.0356519	-1.5611720	1.5095291	-0.3259301	-1.6699085	1.4966555	-0.1461070	-1.4254484	0.6877236	0.0641367	-1.4668019	0.5906194	0.0764156	-1.5563905	0.6898658	0.0835051	-1.4068533	0.6844152	-0.3633404	-1.4545685	0.5895780	-0.3736731	-1.5449937	0.6922587	-0.3884078	-1.5358089	0.3353361	0.0158246	-1.5239435	0.2175525	0.0149393	-1.5938118	0.2377162	0.0126876	-1.5393649	0.3341708	-0.3073416	-1.5261346	0.2138421	-0.3127179	-1.6052312	0.2359196	-0.3045783	-1.5222401	0.8304847	-0.0404234	-1.5048976	0.8329656	-0.2637738	-1.5779363	1.1351207	0.1329912	-1.5937703	1.1267227	0.0483881	-1.4366868	0.9187436	0.0733501	-1.4951074	0.8832564	0.0968840	-1.5367740	1.1550320	-0.4337917	-1.5692962	1.1444317	-0.3632405	-1.4174434	0.9183416	-0.3786064	-1.4780000	0.8953268	-0.4030140
50	0.8166667	-1.5698300	1.4529533	-0.1448000	-1.5579100	1.4396233	0.0346600	-1.5718000	1.1692433	0.0919700	-1.4770300	0.9211033	0.0904800	-1.5491800	1.4640833	-0.3239200	-1.5448400	1.1995933	-0.3974100	-1.4616400	0.9395433	-0.3942400	-1.4710100	0.8595233	-0.1481800	-1.4723500	0.8594833	-0.0263700	-1.5051700	0.4559733	-0.0516900	-1.5757000	0.0761033	-0.0742300	-1.4550400	0.8608733	-0.2696100	-1.5086000	0.4605833	-0.2439300	-1.5838400	0.0706833	-0.2185900	-1.4093000	0.0245633	-0.2449800	-1.4201300	0.0266833	-0.2462800	-1.6111600	0.0364433	-0.2067200	-1.4263500	0.0255633	-0.0548500	-1.4364600	0.0285433	-0.0529800	-1.6010100	0.0424833	-0.0840400	-1.4114537	0.9328774	0.0437103	-1.3827895	0.9370310	-0.3261105	-1.6363023	0.9583909	-0.0864833	-1.6245329	0.9597646	-0.2317067	-1.5135298	0.4460547	0.0285461	-1.4959355	0.4586955	-0.1124798	-1.5801466	0.0735687	-0.0289377	-1.5481749	0.0846873	-0.1189179	-1.4416785	0.0390972	-0.0683881	-1.4920689	0.0261848	-0.0135838	-1.6408103	0.0609762	-0.0890907	-1.5147065	0.4463999	-0.3176688	-1.5002050	0.4587600	-0.1686054	-1.5896894	0.0685610	-0.2661830	-1.5530671	0.0777952	-0.1719512	-1.4288059	0.0332082	-0.2315942	-1.6594608	0.0527964	-0.2023016	-1.4837186	0.0241808	-0.2896299	-1.5633595	1.4882080	0.0356098	-1.5605377	1.5088427	-0.3259260	-1.6691443	1.4958941	-0.1459814	-1.4248823	0.6867737	0.0642007	-1.4661943	0.5897654	0.0764383	-1.5556126	0.6889226	0.0834424	-1.4063091	0.6835333	-0.3633849	-1.4539127	0.5887075	-0.3737386	-1.5443390	0.6912524	-0.3884159	-1.5351331	0.3347048	0.0158179	-1.5233194	0.2169961	0.0149328	-1.5931007	0.2371935	0.0126558	-1.5384580	0.3334281	-0.3074254	-1.5252040	0.2131926	-0.3127745	-1.6042343	0.2352927	-0.3046444	-1.5214362	0.8293879	-0.0403561	-1.5043100	0.8319409	-0.2637738	-1.5776306	1.1343470	0.1331182	-1.5935488	1.1259681	0.0484734	-1.4363125	0.9179544	0.0734827	-1.4947318	0.8823429	0.0968814	-1.5360733	1.1541888	-0.4338588	-1.5687354	1.1435218	-0.3633356	-1.4165939	0.9173586	-0.3784802	-1.4772056	0.8943292	-0.4029228
51	0.8333333	-1.5699100	1.4529433	-0.1448600	-1.5583500	1.4396933	0.0345900	-1.5719300	1.1694233	0.0920100	-1.4774400	0.9210733	0.0905300	-1.5489100	1.4640033	-0.3239500	-1.5447600	1.1991933	-0.3975500	-1.4616000	0.9394533	-0.3943300	-1.4703600	0.8590733	-0.1482100	-1.4717900	0.8590233	-0.0264900	-1.5053700	0.4558133	-0.0517000	-1.5761300	0.0761633	-0.0742100	-1.4543300	0.8604333	-0.2695400	-1.5082400	0.4604133	-0.2440400	-1.5845400	0.0706333	-0.2184000	-1.4086400	0.0248533	-0.2450000	-1.4195200	0.0269633	-0.2462900	-1.6123900	0.0362033	-0.2064400	-1.4261000	0.0256433	-0.0548600	-1.4362300	0.0285933	-0.0529900	-1.6017700	0.0425333	-0.0839500	-1.4106052	0.9324033	0.0436417	-1.3823205	0.9365969	-0.3262667	-1.6354792	0.9581148	-0.0863293	-1.6238625	0.9595127	-0.2315909	-1.5130650	0.4459791	0.0285782	-1.4954324	0.4585734	-0.1123408	-1.5798724	0.0737947	-0.0289412	-1.5478771	0.0848614	-0.1188200	-1.4416726	0.0391961	-0.0682137	-1.4920967	0.0263919	-0.0135494	-1.6404025	0.0613669	-0.0890600	-1.5140868	0.4462016	-0.3177950	-1.4995199	0.4586132	-0.1688131	-1.5889817	0.0687343	-0.2662533	-1.5523457	0.0780075	-0.1721008	-1.4282894	0.0333782	-0.2316368	-1.6586384	0.0531248	-0.2024144	-1.4831193	0.0243601	-0.2896242	-1.5627929	1.4883453	0.0355452	-1.5601082	1.5088960	-0.3260022	-1.6686379	1.4958347	-0.1459301	-1.4244229	0.6864417	0.0642180	-1.4657384	0.5895464	0.0764376	-1.5549272	0.6886502	0.0833890	-1.4059199	0.6832177	-0.3634403	-1.4534379	0.5884256	-0.3738072	-1.5437899	0.6908592	-0.3884087	-1.5347154	0.3347221	0.0158238	-1.5229848	0.2170851	0.0149256	-1.5927075	0.2373264	0.0126329	-1.5377982	0.3332968	-0.3075189	-1.5245624	0.2131421	-0.3128488	-1.6035154	0.2353133	-0.3047080	-1.5206704	0.8289359	-0.0403129	-1.5037733	0.8315161	-0.2637839	-1.5775248	1.1342300	0.1332129	-1.5934991	1.1258732	0.0485544	-1.4361378	0.9177968	0.0736281	-1.4945524	0.8820623	0.0968953	-1.5355626	1.1539666	-0.4339389	-1.5683654	1.1432349	-0.3634345	-1.4159046	0.9169913	-0.3783888	-1.4765883	0.8939456	-0.4028616
52	0.8500000	-1.5701700	1.4529933	-0.1449200	-1.5594500	1.4397333	0.0344700	-1.5721100	1.1692033	0.0919400	-1.4775600	0.9208533	0.0905400	-1.5483700	1.4640533	-0.3238700	-1.5449200	1.1989433	-0.3977000	-1.4620700	0.9397033	-0.3944800	-1.4698900	0.8591633	-0.1482200	-1.4717400	0.8590633	-0.0265700	-1.5056000	0.4555633	-0.0518400	-1.5766800	0.0760433	-0.0741500	-1.4534800	0.8605733	-0.2694500	-1.5076000	0.4606833	-0.2440000	-1.5852400	0.0706133	-0.2181600	-1.4076200	0.0254633	-0.2450700	-1.4186300	0.0275333	-0.2463600	-1.6141400	0.0357633	-0.2061600	-1.4258600	0.0256633	-0.0550600	-1.4360300	0.0285933	-0.0531800	-1.6028100	0.0422433	-0.0838700	-1.4099712	0.9324934	0.0436035	-1.3819730	0.9366629	-0.3263522	-1.6348314	0.9583515	-0.0862487	-1.6233300	0.9597476	-0.2315310	-1.5129356	0.4464030	0.0286079	-1.4952949	0.4589484	-0.1122464	-1.5800123	0.0744441	-0.0289399	-1.5480053	0.0854573	-0.1187537	-1.4419315	0.0397933	-0.0680935	-1.4924078	0.0270466	-0.0135362	-1.6404931	0.0621055	-0.0890443	-1.5137396	0.4465234	-0.3178888	-1.4991408	0.4589770	-0.1689749	-1.5887121	0.0693498	-0.2662983	-1.5520897	0.0786532	-0.1722143	-1.4281025	0.0339845	-0.2316476	-1.6583418	0.0538629	-0.2025238	-1.4828642	0.0249848	-0.2896052	-1.5626873	1.4890226	0.0354750	-1.5599303	1.5094861	-0.3261107	-1.6685079	1.4963156	-0.1459715	-1.4241804	0.6866161	0.0641987	-1.4655412	0.5898325	0.0764226	-1.5544850	0.6889287	0.0833729	-1.4057166	0.6833988	-0.3634683	-1.4531786	0.5886517	-0.3738491	-1.5434115	0.6909967	-0.3883897	-1.5346477	0.3352171	0.0158485	-1.5230045	0.2176311	0.0149337	-1.5927126	0.2379148	0.0126270	-1.5374479	0.3336499	-0.3075839	-1.5242703	0.2135360	-0.3128939	-1.6031650	0.2358239	-0.3047510	-1.5201171	0.8290455	-0.0402806	-1.5033929	0.8316131	-0.2637810	-1.5776980	1.1346069	0.1332727	-1.5936978	1.1262738	0.0486268	-1.4362099	0.9181255	0.0737872	-1.4946089	0.8822658	0.0969264	-1.5353500	1.1542518	-0.4340064	-1.5682957	1.1434669	-0.3635154	-1.4155509	0.9171108	-0.3783240	-1.4763157	0.8940619	-0.4028322
53	0.8666667	-1.5705300	1.4530333	-0.1449600	-1.5607500	1.4397133	0.0343700	-1.5722800	1.1687333	0.0917300	-1.4773100	0.9206033	0.0905700	-1.5478300	1.4641433	-0.3237800	-1.5452000	1.1987233	-0.3978000	-1.4625800	0.9401033	-0.3946900	-1.4696900	0.8595933	-0.1482100	-1.4720500	0.8594833	-0.0265900	-1.5064400	0.4551733	-0.0520800	-1.5771900	0.0758733	-0.0741400	-1.4527900	0.8610033	-0.2694000	-1.5070600	0.4611933	-0.2437700	-1.5849900	0.0709933	-0.2180200	-1.4071700	0.0259433	-0.2450800	-1.4183200	0.0279733	-0.2463900	-1.6148400	0.0357433	-0.2060900	-1.4260400	0.0256933	-0.0553500	-1.4362800	0.0285833	-0.0534500	-1.6038100	0.0417533	-0.0839400	-1.4096814	0.9329250	0.0436130	-1.3818116	0.9370555	-0.3263616	-1.6344753	0.9588996	-0.0862366	-1.6230270	0.9602866	-0.2315275	-1.5132919	0.4470681	0.0285928	-1.4956497	0.4595745	-0.1122385	-1.5805548	0.0752342	-0.0289577	-1.5485289	0.0862026	-0.1187354	-1.4424809	0.0405968	-0.0680414	-1.4930117	0.0278601	-0.0135526	-1.6410302	0.0629210	-0.0890701	-1.5136552	0.4471595	-0.3179397	-1.4990773	0.4596385	-0.1690607	-1.5887761	0.0701667	-0.2663059	-1.5521969	0.0794873	-0.1722629	-1.4282077	0.0347813	-0.2316107	-1.6584445	0.0547719	-0.2025959	-1.4828989	0.0258122	-0.2895555	-1.5630901	1.4899320	0.0353987	-1.5600057	1.5102956	-0.3262107	-1.6687606	1.4970459	-0.1460942	-1.4242768	0.6870414	0.0641515	-1.4657390	0.5903655	0.0763805	-1.5544271	0.6895219	0.0833710	-1.4057030	0.6838985	-0.3634594	-1.4531294	0.5891991	-0.3738588	-1.5432377	0.6914780	-0.3883813	-1.5350449	0.3359410	0.0158513	-1.5234468	0.2183846	0.0149378	-1.5931802	0.2386761	0.0125911	-1.5373732	0.3342880	-0.3076072	-1.5242532	0.2141779	-0.3128947	-1.6031264	0.2365945	-0.3047695	-1.5198833	0.8295007	-0.0402610	-1.5032366	0.8320462	-0.2637732	-1.5781372	1.1352248	0.1332848	-1.5941345	1.1269123	0.0486635	-1.4364866	0.9187161	0.0739353	-1.4948539	0.8827271	0.0969459	-1.5354411	1.1548185	-0.4340706	-1.5685267	1.1439980	-0.3635856	-1.4155593	0.9174970	-0.3783007	-1.4764008	0.8944619	-0.4028533
54	0.8833333	-1.5708600	1.4530133	-0.1449700	-1.5616200	1.4396833	0.0343600	-1.5723900	1.1683633	0.0915000	-1.4769300	0.9204333	0.0906200	-1.5476400	1.4641333	-0.3237400	-1.5455200	1.1986433	-0.3978500	-1.4626200	0.9404333	-0.3948500	-1.4698700	0.8600633	-0.1482100	-1.4725300	0.8599933	-0.0265300	-1.5074600	0.4549433	-0.0522900	-1.5774000	0.0758233	-0.0741900	-1.4526600	0.8614933	-0.2694300	-1.5069900	0.4616233	-0.2435000	-1.5840500	0.0715233	-0.2180400	-1.4076200	0.0259533	-0.2450100	-1.4188100	0.0279733	-0.2463500	-1.6141700	0.0360833	-0.2062100	-1.4266400	0.0257133	-0.0555500	-1.4369200	0.0285733	-0.0536400	-1.6041700	0.0414933	-0.0840900	-1.4098443	0.9333774	0.0436419	-1.3819633	0.9374945	-0.3263387	-1.6345289	0.9594681	-0.0862812	-1.6230790	0.9608552	-0.2315762	-1.5142180	0.4476638	0.0285026	-1.4965527	0.4601449	-0.1123289	-1.5814321	0.0758686	-0.0290168	-1.5493611	0.0868059	-0.1187660	-1.4433468	0.0412733	-0.0680470	-1.4939169	0.0285084	-0.0136041	-1.6418805	0.0635530	-0.0891507	-1.5138892	0.4478082	-0.3179661	-1.4993753	0.4602968	-0.1690949	-1.5890780	0.0709001	-0.2663017	-1.5525599	0.0802290	-0.1722787	-1.4286249	0.0354677	-0.2315560	-1.6587818	0.0555923	-0.2026422	-1.4832179	0.0265448	-0.2894911	-1.5639477	1.4907346	0.0353058	-1.5603786	1.5109760	-0.3262921	-1.6693765	1.4976891	-0.1462683	-1.4248301	0.6874113	0.0640732	-1.4664402	0.5908362	0.0762931	-1.5548659	0.6901137	0.0833362	-1.4059711	0.6844286	-0.3634271	-1.4533679	0.5897746	-0.3738507	-1.5433701	0.6920105	-0.3884090	-1.5359583	0.3365963	0.0157943	-1.5243266	0.2190579	0.0149135	-1.5941059	0.2393011	0.0124850	-1.5375940	0.3349299	-0.3076076	-1.5244892	0.2148063	-0.3128732	-1.6033690	0.2373222	-0.3047827	-1.5200708	0.8299897	-0.0402746	-1.5034171	0.8325286	-0.2637905	-1.5788286	1.1357855	0.1332412	-1.5948152	1.1274869	0.0486318	-1.4369582	0.9192788	0.0740332	-1.4952879	0.8831659	0.0969125	-1.5358255	1.1553609	-0.4341774	-1.5690510	1.1445216	-0.3636856	-1.4158816	0.9178757	-0.3783322	-1.4767828	0.8948570	-0.4029450
55	0.9000000	-1.5711100	1.4529733	-0.1449600	-1.5620200	1.4396333	0.0343700	-1.5723800	1.1683833	0.0913800	-1.4768300	0.9204233	0.0906500	-1.5477400	1.4641133	-0.3237200	-1.5459500	1.1987233	-0.3978400	-1.4623100	0.9405233	-0.3948700	-1.4703900	0.8603633	-0.1482200	-1.4729600	0.8603533	-0.0264700	-1.5081200	0.4550033	-0.0523900	-1.5770700	0.0760333	-0.0742400	-1.4532600	0.8617933	-0.2695200	-1.5073800	0.4618233	-0.2433500	-1.5831400	0.0720233	-0.2181400	-1.4084700	0.0257033	-0.2448900	-1.4195900	0.0277433	-0.2462500	-1.6129200	0.0367333	-0.2064000	-1.4275500	0.0256833	-0.0556000	-1.4378000	0.0285733	-0.0536900	-1.6034300	0.0417433	-0.0842100	-1.4103888	0.9336400	0.0436687	-1.3824317	0.9377794	-0.3263031	-1.6349371	0.9598524	-0.0863446	-1.6234603	0.9612536	-0.2316397	-1.5155200	0.4480108	0.0283693	-1.4978059	0.4604764	-0.1124562	-1.5823592	0.0762161	-0.0291011	-1.5502207	0.0871352	-0.1188059	-1.4443715	0.0416564	-0.0680610	-1.4949411	0.0288459	-0.0136710	-1.6426937	0.0639047	-0.0892549	-1.5143827	0.4482639	-0.3179616	-1.4999519	0.4607593	-0.1690894	-1.5894483	0.0713905	-0.2662955	-1.5529979	0.0807315	-0.1722878	-1.4292460	0.0358829	-0.2314904	-1.6591299	0.0561872	-0.2026765	-1.4837050	0.0270151	-0.2894119	-1.5650521	1.4912506	0.0352011	-1.5609581	1.5113532	-0.3263371	-1.6701996	1.4980632	-0.1464519	-1.4257559	0.6875670	0.0639826	-1.4675176	0.5910775	0.0761782	-1.5556868	0.6904940	0.0832600	-1.4065119	0.6847838	-0.3633601	-1.4538685	0.5901705	-0.3738123	-1.5437888	0.6923764	-0.3884491	-1.5371725	0.3370128	0.0156958	-1.5254148	0.2194966	0.0148711	-1.5952302	0.2396369	0.0123267	-1.5380284	0.3353892	-0.3075807	-1.5248777	0.2152588	-0.3128305	-1.6037643	0.2378162	-0.3047868	-1.5206139	0.8302975	-0.0403101	-1.5039139	0.8328519	-0.2638207	-1.5796564	1.1361234	0.1331754	-1.5956451	1.1278286	0.0485524	-1.4375516	0.9196240	0.0740830	-1.4958562	0.8834082	0.0968301	-1.5363869	1.1556824	-0.4343281	-1.5697619	1.1448337	-0.3638194	-1.4163613	0.9180766	-0.3783789	-1.4773023	0.8950597	-0.4030741
56	0.9166667	-1.5712900	1.4529033	-0.1449300	-1.5621300	1.4395933	0.0343900	-1.5721900	1.1686733	0.0914000	-1.4770800	0.9205533	0.0906500	-1.5479900	1.4640133	-0.3236900	-1.5465000	1.1987933	-0.3978000	-1.4621200	0.9404233	-0.3948100	-1.4710400	0.8603333	-0.1482000	-1.4732700	0.8603033	-0.0264200	-1.5085600	0.4551133	-0.0524100	-1.5764200	0.0763433	-0.0742700	-1.4542100	0.8616933	-0.2695400	-1.5082000	0.4616633	-0.2432600	-1.5824300	0.0725033	-0.2182900	-1.4091100	0.0255833	-0.2448200	-1.4201200	0.0276733	-0.2461800	-1.6118000	0.0375233	-0.2066500	-1.4284500	0.0256833	-0.0555700	-1.4386000	0.0286133	-0.0536600	-1.6021700	0.0422233	-0.0842700	-1.4110711	0.9335594	0.0437087	-1.3830511	0.9377553	-0.3262327	-1.6354709	0.9598959	-0.0863580	-1.6239730	0.9613251	-0.2316460	-1.5168513	0.4479926	0.0282559	-1.4990775	0.4604523	-0.1125321	-1.5829842	0.0762176	-0.0291772	-1.5507741	0.0871324	-0.1188080	-1.4452658	0.0416926	-0.0680324	-1.4957827	0.0288298	-0.0137241	-1.6430954	0.0639282	-0.0893396	-1.5149535	0.4483747	-0.3178848	-1.5006021	0.4608848	-0.1690212	-1.5896466	0.0715425	-0.2662651	-1.5532617	0.0809103	-0.1722828	-1.4298064	0.0359634	-0.2313897	-1.6592320	0.0564571	-0.2026894	-1.4841058	0.0271453	-0.2892920	-1.5661025	1.4913824	0.0351179	-1.5615288	1.5113418	-0.3263166	-1.6709747	1.4980698	-0.1465887	-1.4267943	0.6873990	0.0639194	-1.4686748	0.5909766	0.0760815	-1.5565985	0.6905094	0.0831797	-1.4071652	0.6848067	-0.3632173	-1.4544664	0.5902287	-0.3736983	-1.5443196	0.6924067	-0.3884359	-1.5383365	0.3370815	0.0156067	-1.5263687	0.2196075	0.0148417	-1.5961883	0.2395993	0.0121666	-1.5384818	0.3355267	-0.3074898	-1.5252192	0.2154148	-0.3127359	-1.6040927	0.2379491	-0.3047446	-1.5212762	0.8302626	-0.0403180	-1.5045380	0.8328534	-0.2638103	-1.5804037	1.1361421	0.1331586	-1.5964166	1.1278387	0.0484975	-1.4380957	0.9196230	0.0741339	-1.4963959	0.8833310	0.0967575	-1.5369426	1.1556514	-0.4344757	-1.5704738	1.1447933	-0.3639414	-1.4167938	0.9179762	-0.3783817	-1.4777642	0.8949373	-0.4031741
57	0.9333333	-1.5713600	1.4528733	-0.1448900	-1.5619900	1.4396133	0.0344400	-1.5719600	1.1689533	0.0914900	-1.4774200	0.9207033	0.0906500	-1.5482600	1.4639333	-0.3236700	-1.5470300	1.1987933	-0.3977200	-1.4624200	0.9401733	-0.3947300	-1.4715700	0.8599233	-0.1481100	-1.4736000	0.8598833	-0.0263500	-1.5088900	0.4549433	-0.0523500	-1.5759800	0.0763333	-0.0743000	-1.4549400	0.8612333	-0.2694300	-1.5093600	0.4610933	-0.2431500	-1.5819000	0.0725833	-0.2184500	-1.4091900	0.0255833	-0.2448400	-1.4201300	0.0276733	-0.2461900	-1.6112000	0.0376033	-0.2068700	-1.4289800	0.0256433	-0.0555100	-1.4390500	0.0285933	-0.0535900	-1.6015500	0.0422733	-0.0843400	-1.4116137	0.9330912	0.0437937	-1.3835810	0.9373581	-0.3260984	-1.6358735	0.9595652	-0.0862769	-1.6243742	0.9610277	-0.2315500	-1.5179209	0.4475979	0.0282197	-1.5000826	0.4600613	-0.1124975	-1.5831574	0.0758673	-0.0292229	-1.5508785	0.0867914	-0.1187535	-1.4458121	0.0413960	-0.0679391	-1.4962482	0.0284688	-0.0137455	-1.6429765	0.0636010	-0.0893843	-1.5154435	0.4480846	-0.3177002	-1.5011570	0.4606231	-0.1688668	-1.5895079	0.0713186	-0.2661895	-1.5531822	0.0807308	-0.1722510	-1.4300389	0.0357318	-0.2312374	-1.6589468	0.0563208	-0.2026730	-1.4841740	0.0269369	-0.2891149	-1.5668309	1.4911524	0.0350906	-1.5618780	1.5109772	-0.3262315	-1.6714799	1.4977413	-0.1466429	-1.4276740	0.6868853	0.0639227	-1.4696327	0.5905142	0.0760496	-1.5573261	0.6901261	0.0831459	-1.4077338	0.6844292	-0.3629716	-1.4549824	0.5898841	-0.3734757	-1.5447604	0.6920463	-0.3883160	-1.5391901	0.3367799	0.0155751	-1.5269705	0.2193644	0.0148516	-1.5967652	0.2391860	0.0120505	-1.5387917	0.3352867	-0.3073087	-1.5253503	0.2152225	-0.3125702	-1.6041953	0.2376731	-0.3046216	-1.5218005	0.8298442	-0.0402528	-1.5050549	0.8324801	-0.2637153	-1.5808747	1.1358422	0.1332443	-1.5969255	1.1275186	0.0485311	-1.4384089	0.9192643	0.0742397	-1.4967181	0.8829125	0.0967573	-1.5373476	1.1552526	-0.4345611	-1.5710229	1.1443805	-0.3639930	-1.4170466	0.9175392	-0.3783090	-1.4780545	0.8944617	-0.4031919
58	0.9500000	-1.5713900	1.4528933	-0.1448600	-1.5617500	1.4396533	0.0344900	-1.5719900	1.1690133	0.0915800	-1.4776100	0.9207433	0.0905900	-1.5485600	1.4639233	-0.3236800	-1.5473100	1.1988133	-0.3976400	-1.4632100	0.9399133	-0.3946500	-1.4719700	0.8595033	-0.1479900	-1.4739900	0.8594633	-0.0262500	-1.5087800	0.4547033	-0.0522600	-1.5760200	0.0760033	-0.0742800	-1.4553600	0.8608233	-0.2693000	-1.5102500	0.4604233	-0.2430400	-1.5817500	0.0721033	-0.2185500	-1.4088500	0.0256333	-0.2449700	-1.4198100	0.0276833	-0.2463100	-1.6114200	0.0370533	-0.2070000	-1.4290000	0.0255133	-0.0554700	-1.4390800	0.0284733	-0.0535600	-1.6018700	0.0418233	-0.0843600	-1.4119896	0.9326230	0.0438875	-1.3840009	0.9369324	-0.3259413	-1.6361413	0.9592412	-0.0861561	-1.6246622	0.9607249	-0.2314068	-1.5186677	0.4472090	0.0282401	-1.5007736	0.4596830	-0.1123973	-1.5830596	0.0755111	-0.0292584	-1.5507205	0.0864542	-0.1186903	-1.4460561	0.0411194	-0.0678350	-1.4964234	0.0281178	-0.0137627	-1.6426020	0.0632498	-0.0894190	-1.5158755	0.4477520	-0.3174665	-1.5016410	0.4603202	-0.1686861	-1.5891729	0.0710554	-0.2661259	-1.5529077	0.0805191	-0.1722460	-1.4299930	0.0355447	-0.2311097	-1.6584659	0.0560821	-0.2026882	-1.4839771	0.0267449	-0.2889563	-1.5672411	1.4909613	0.0350913	-1.5620377	1.5106741	-0.3261532	-1.6717487	1.4974988	-0.1466583	-1.4283416	0.6864163	0.0639506	-1.4703341	0.5900777	0.0760548	-1.5578409	0.6897294	0.0831500	-1.4082178	0.6840126	-0.3626858	-1.4554270	0.5894984	-0.3732044	-1.5451189	0.6916619	-0.3881317	-1.5397301	0.3364647	0.0155875	-1.5272805	0.2191029	0.0148777	-1.5970412	0.2387690	0.0119744	-1.5390056	0.3350111	-0.3070992	-1.5253515	0.2150088	-0.3123956	-1.6041621	0.2373414	-0.3044754	-1.5221815	0.8294279	-0.0401544	-1.5054633	0.8320911	-0.2635786	-1.5811252	1.1355918	0.1333811	-1.5972131	1.1272424	0.0486134	-1.4385308	0.9189345	0.0743641	-1.4968425	0.8825229	0.0967986	-1.5376624	1.1548695	-0.4346009	-1.5714517	1.1439838	-0.3639956	-1.4172288	0.9171206	-0.3782200	-1.4782930	0.8940060	-0.4031658
59	0.9666667	-1.5717000	1.4529733	-0.1448300	-1.5617500	1.4396633	0.0345100	-1.5723100	1.1688033	0.0916300	-1.4775100	0.9206833	0.0904600	-1.5491600	1.4640633	-0.3236700	-1.5472800	1.1990133	-0.3976000	-1.4640700	0.9399233	-0.3945900	-1.4723500	0.8596233	-0.1479200	-1.4745000	0.8595433	-0.0261600	-1.5081000	0.4547133	-0.0521600	-1.5761100	0.0757333	-0.0742800	-1.4556100	0.8609933	-0.2692600	-1.5106300	0.4602133	-0.2430000	-1.5816100	0.0716533	-0.2186100	-1.4087400	0.0255833	-0.2450900	-1.4197100	0.0276433	-0.2464100	-1.6115600	0.0364133	-0.2070600	-1.4283100	0.0255933	-0.0556100	-1.4384600	0.0285333	-0.0536800	-1.6022800	0.0413133	-0.0843200	-1.4123125	0.9327121	0.0439084	-1.3844202	0.9370249	-0.3258351	-1.6363924	0.9594554	-0.0860814	-1.6249532	0.9609432	-0.2312988	-1.5191391	0.4473540	0.0282328	-1.5012129	0.4598448	-0.1123360	-1.5828347	0.0756357	-0.0293424	-1.5504500	0.0866062	-0.1186969	-1.4460438	0.0413444	-0.0678168	-1.4963765	0.0282671	-0.0138403	-1.6421783	0.0633519	-0.0895035	-1.5163254	0.4479210	-0.3172811	-1.5021348	0.4605065	-0.1685770	-1.5888279	0.0712418	-0.2661450	-1.5526327	0.0807521	-0.1723339	-1.4298656	0.0358423	-0.2310860	-1.6579975	0.0562421	-0.2028011	-1.4837104	0.0270257	-0.2888956	-1.5674956	1.4912997	0.0350500	-1.5621775	1.5109237	-0.3261508	-1.6719385	1.4978338	-0.1466995	-1.4288571	0.6865321	0.0639186	-1.4708325	0.5902029	0.0760164	-1.5582281	0.6898632	0.0831261	-1.4087022	0.6841154	-0.3624520	-1.4558816	0.5896267	-0.3729781	-1.5454897	0.6918052	-0.3879647	-1.5400259	0.3366497	0.0155722	-1.5273874	0.2193228	0.0148543	-1.5971261	0.2388546	0.0118774	-1.5392233	0.3352243	-0.3069509	-1.5253524	0.2152778	-0.3122929	-1.6041272	0.2374728	-0.3043929	-1.5225303	0.8295647	-0.0401066	-1.5058714	0.8322307	-0.2634792	-1.5812945	1.1358799	0.1334711	-1.5974123	1.1275074	0.0486550	-1.4385746	0.9191526	0.0744268	-1.4968686	0.8826747	0.0967988	-1.5379853	1.1550331	-0.4346588	-1.5718511	1.1441423	-0.3640160	-1.4174793	0.9172381	-0.3782033	-1.4786135	0.8941011	-0.4031756
60	0.9833333	-1.5724000	1.4530433	-0.1447600	-1.5622000	1.4395933	0.0345500	-1.5726600	1.1683833	0.0916200	-1.4770100	0.9206333	0.0902900	-1.5501100	1.4643233	-0.3235800	-1.5472100	1.1993933	-0.3976100	-1.4644600	0.9403933	-0.3946100	-1.4727600	0.8605433	-0.1479600	-1.4753300	0.8604133	-0.0261300	-1.5072900	0.4550633	-0.0521200	-1.5756900	0.0758033	-0.0743800	-1.4556000	0.8620133	-0.2693400	-1.5109800	0.4605133	-0.2430200	-1.5807300	0.0717133	-0.2187700	-1.4092000	0.0254233	-0.2450600	-1.4200900	0.0275133	-0.2464000	-1.6106100	0.0364833	-0.2072100	-1.4266800	0.0260233	-0.0559500	-1.4369800	0.0289333	-0.0540000	-1.6022900	0.0409933	-0.0843600	-1.4126634	0.9336145	0.0438106	-1.3848811	0.9379198	-0.3258329	-1.6366928	0.9604286	-0.0861058	-1.6252981	0.9619121	-0.2312827	-1.5193996	0.4482399	0.0281098	-1.5014504	0.4607535	-0.1124092	-1.5824360	0.0764134	-0.0295204	-1.5500058	0.0874209	-0.1188201	-1.4456700	0.0422351	-0.0679406	-1.4960078	0.0290720	-0.0140169	-1.6416732	0.0640735	-0.0896856	-1.5168148	0.4488348	-0.3172077	-1.5026599	0.4614254	-0.1685927	-1.5884768	0.0720744	-0.2662744	-1.5523504	0.0816254	-0.1725324	-1.4297458	0.0367266	-0.2311750	-1.6575136	0.0570445	-0.2030264	-1.4834469	0.0279010	-0.2889475	-1.5677450	1.4923283	0.0349365	-1.5624231	1.5118840	-0.3262350	-1.6721660	1.4988886	-0.1467853	-1.4292700	0.6874487	0.0637766	-1.4711854	0.5911024	0.0758700	-1.5585646	0.6907624	0.0830055	-1.4091995	0.6849924	-0.3623358	-1.4563623	0.5905205	-0.3728630	-1.5459078	0.6927328	-0.3878879	-1.5401127	0.3375460	0.0154534	-1.5272866	0.2202365	0.0147302	-1.5970347	0.2396189	0.0116845	-1.5394642	0.3361621	-0.3069217	-1.5253598	0.2162511	-0.3123124	-1.6041087	0.2382883	-0.3044222	-1.5229038	0.8304990	-0.0401724	-1.5063130	0.8331606	-0.2634839	-1.5814210	1.1368762	0.1334451	-1.5975629	1.1284883	0.0485905	-1.4385527	0.9201199	0.0743671	-1.4968051	0.8835737	0.0966879	-1.5383133	1.1559631	-0.4347880	-1.5722187	1.1450769	-0.3641040	-1.4177809	0.9181258	-0.3783079	-1.4789812	0.8949764	-0.4032738
61	1.0000000	-1.5729700	1.4531233	-0.1446600	-1.5628700	1.4395833	0.0346500	-1.5729400	1.1680333	0.0915200	-1.4764900	0.9206733	0.0901900	-1.5505800	1.4645333	-0.3234900	-1.5477500	1.1996733	-0.3976100	-1.4640000	0.9410633	-0.3947000	-1.4727900	0.8617933	-0.1481100	-1.4761300	0.8617733	-0.0261600	-1.5069700	0.4553433	-0.0521400	-1.5751100	0.0760733	-0.0745000	-1.4548400	0.8632933	-0.2695600	-1.5115900	0.4609133	-0.2430000	-1.5791300	0.0722533	-0.2190500	-1.4089900	0.0254133	-0.2450000	-1.4198300	0.0275433	-0.2463700	-1.6085700	0.0369833	-0.2074700	-1.4249700	0.0263733	-0.0562800	-1.4354200	0.0292233	-0.0543000	-1.6022000	0.0409733	-0.0845400	-1.4126877	0.9348708	0.0436333	-1.3849396	0.9391735	-0.3259383	-1.6366542	0.9616504	-0.0862364	-1.6252733	0.9631261	-0.2313824	-1.5192408	0.4493667	0.0278629	-1.5012326	0.4619015	-0.1126104	-1.5815969	0.0773392	-0.0297646	-1.5490923	0.0883895	-0.1190126	-1.4446778	0.0432258	-0.0681559	-1.4950576	0.0299702	-0.0142596	-1.6407957	0.0649362	-0.0899323	-1.5169876	0.4499841	-0.3172426	-1.5028522	0.4625877	-0.1686968	-1.5876462	0.0730706	-0.2665005	-1.5515585	0.0826691	-0.1728041	-1.4291705	0.0376828	-0.2313216	-1.6565045	0.0580308	-0.2033325	-1.4827290	0.0288522	-0.2890768	-1.5677329	1.4935353	0.0347863	-1.5624025	1.5130504	-0.3263572	-1.6721110	1.5001205	-0.1468941	-1.4292751	0.6886491	0.0635511	-1.4711334	0.5922676	0.0756248	-1.5585579	0.6919474	0.0827713	-1.4092792	0.6861324	-0.3623506	-1.4564708	0.5916664	-0.3728722	-1.5459738	0.6939484	-0.3879435	-1.5397694	0.3386639	0.0152285	-1.5267422	0.2213613	0.0145226	-1.5965344	0.2405565	0.0113900	-1.5393521	0.3373315	-0.3070207	-1.5249500	0.2174413	-0.3124680	-1.6037061	0.2392875	-0.3045578	-1.5229146	0.8317457	-0.0403480	-1.5063468	0.8344049	-0.2636143	-1.5812042	1.1380674	0.1332792	-1.5973444	1.1296700	0.0484158	-1.4381704	0.9213338	0.0741915	-1.4963633	0.8847284	0.0964438	-1.5382992	1.1571621	-0.4349842	-1.5722186	1.1462762	-0.3642503	-1.4176933	0.9193081	-0.3784988	-1.4789376	0.8961387	-0.4034392
62	1.0166667	-1.5727400	1.4531733	-0.1446700	-1.5632800	1.4397633	0.0347300	-1.5729800	1.1680233	0.0913200	-1.4765700	0.9207533	0.0902100	-1.5497000	1.4644333	-0.3235400	-1.5493400	1.1996933	-0.3975300	-1.4625600	0.9416033	-0.3948700	-1.4718200	0.8622433	-0.1483900	-1.4761900	0.8621033	-0.0262800	-1.5072600	0.4553833	-0.0522300	-1.5750800	0.0763033	-0.0744400	-1.4528100	0.8638333	-0.2699400	-1.5123200	0.4610633	-0.2429200	-1.5771700	0.0728433	-0.2193400	-1.4064700	0.0261633	-0.2452800	-1.4173700	0.0282633	-0.2466600	-1.6064300	0.0380033	-0.2077900	-1.4243400	0.0262933	-0.0563700	-1.4349000	0.0291233	-0.0543800	-1.6023300	0.0412933	-0.0846200	-1.4118440	0.9353515	0.0434027	-1.3839176	0.9396873	-0.3261682	-1.6356699	0.9619858	-0.0865247	-1.6242204	0.9634645	-0.2316658	-1.5183406	0.4496440	0.0275395	-1.5002010	0.4621882	-0.1128729	-1.5801704	0.0774405	-0.0300243	-1.5475507	0.0885228	-0.1192053	-1.4430232	0.0432808	-0.0683754	-1.4934690	0.0299554	-0.0145146	-1.6393585	0.0650204	-0.0901843	-1.5163200	0.4502609	-0.3174250	-1.5021876	0.4629020	-0.1688805	-1.5857438	0.0732430	-0.2668426	-1.5496445	0.0829012	-0.1731335	-1.4274225	0.0378420	-0.2315323	-1.6544014	0.0581784	-0.2037101	-1.4808746	0.0289773	-0.2893131	-1.5670017	1.4938486	0.0345967	-1.5614757	1.5133530	-0.3265066	-1.6712198	1.5004136	-0.1470670	-1.4284159	0.6889911	0.0632629	-1.4702806	0.5925800	0.0753082	-1.5577364	0.6923052	0.0824064	-1.4083210	0.6863976	-0.3625322	-1.4556277	0.5919344	-0.3730535	-1.5450727	0.6943237	-0.3882199	-1.5387238	0.3389369	0.0149369	-1.5255452	0.2216487	0.0142671	-1.5953927	0.2406650	0.0110383	-1.5383554	0.3376565	-0.3072947	-1.5235598	0.2177986	-0.3128012	-1.6023765	0.2394291	-0.3048367	-1.5219786	0.8321591	-0.0406535	-1.5053058	0.8348365	-0.2639168	-1.5802879	1.1383906	0.1329444	-1.5963651	1.1299883	0.0481235	-1.4371128	0.9217056	0.0739149	-1.4952433	0.8850614	0.0960403	-1.5375452	1.1575347	-0.4352630	-1.5714746	1.1466229	-0.3644624	-1.4166620	0.9197232	-0.3787410	-1.4779247	0.8964992	-0.4036573
63	1.0333333	-1.5718900	1.4532533	-0.1447900	-1.5633700	1.4401033	0.0347200	-1.5725800	1.1681633	0.0911000	-1.4771600	0.9208233	0.0903000	-1.5479200	1.4641533	-0.3236800	-1.5514700	1.1994633	-0.3974000	-1.4607400	0.9420133	-0.3950800	-1.4701500	0.8617633	-0.1486800	-1.4756600	0.8615933	-0.0263700	-1.5075500	0.4553433	-0.0522800	-1.5753900	0.0763833	-0.0742600	-1.4499800	0.8634033	-0.2703500	-1.5130500	0.4609733	-0.2428400	-1.5751900	0.0734933	-0.2195600	-1.4024100	0.0274433	-0.2459200	-1.4134100	0.0294733	-0.2472800	-1.6043700	0.0387533	-0.2080200	-1.4242000	0.0258933	-0.0562500	-1.4348000	0.0287033	-0.0542400	-1.6024600	0.0416633	-0.0844900	-1.4104843	0.9348896	0.0432568	-1.3820427	0.9393212	-0.3263638	-1.6340467	0.9613564	-0.0869157	-1.6223982	0.9628612	-0.2320710	-1.5171155	0.4490120	0.0273182	-1.4987573	0.4615540	-0.1130324	-1.5787127	0.0767783	-0.0301634	-1.5459351	0.0878756	-0.1192675	-1.4413302	0.0424841	-0.0684249	-1.4918630	0.0291071	-0.0146217	-1.6378878	0.0643973	-0.0903203	-1.5151814	0.4496260	-0.3176439	-1.5010683	0.4623157	-0.1690411	-1.5831177	0.0726201	-0.2671700	-1.5469811	0.0823418	-0.1734032	-1.4247359	0.0373939	-0.2317324	-1.6516064	0.0574337	-0.2040250	-1.4781327	0.0284394	-0.2895662	-1.5658973	1.4932055	0.0344404	-1.5599024	1.5127258	-0.3266032	-1.6697981	1.4997046	-0.1472747	-1.4270834	0.6883820	0.0630614	-1.4690308	0.5919594	0.0750829	-1.5564726	0.6917355	0.0820393	-1.4066458	0.6856948	-0.3627482	-1.4541633	0.5912550	-0.3732825	-1.5434720	0.6937869	-0.3886066	-1.5374335	0.3383260	0.0147403	-1.5242052	0.2210755	0.0141137	-1.5940934	0.2399691	0.0107863	-1.5368347	0.3371130	-0.3076197	-1.5215431	0.2173223	-0.3131741	-1.6004689	0.2387168	-0.3051374	-1.5204370	0.8316147	-0.0409906	-1.5034556	0.8343475	-0.2642812	-1.5791076	1.1377981	0.1325821	-1.5950435	1.1294006	0.0478389	-1.4358209	0.9211638	0.0736893	-1.4938990	0.8844963	0.0956169	-1.5364979	1.1570021	-0.4355083	-1.5704450	1.1460254	-0.3646122	-1.4150553	0.9193315	-0.3788979	-1.4763250	0.8959954	-0.4038070
64	1.0500000	-1.5713600	1.4533033	-0.1448800	-1.5635200	1.4402533	0.0346300	-1.5721000	1.1681033	0.0910200	-1.4777000	0.9208333	0.0903400	-1.5467200	1.4640833	-0.3237300	-1.5525500	1.1994633	-0.3973500	-1.4599100	0.9422233	-0.3951900	-1.4691000	0.8610433	-0.1487000	-1.4752800	0.8608933	-0.0263200	-1.5073000	0.4554733	-0.0521900	-1.5753100	0.0764233	-0.0741500	-1.4482500	0.8626633	-0.2704100	-1.5135100	0.4609233	-0.2429400	-1.5738900	0.0741233	-0.2196200	-1.4003100	0.0283333	-0.2463600	-1.4113100	0.0303633	-0.2476700	-1.6029600	0.0396233	-0.2080700	-1.4234600	0.0258833	-0.0561100	-1.4340800	0.0286733	-0.0540900	-1.6021100	0.0418933	-0.0842800	-1.4098718	0.9341409	0.0434553	-1.3806395	0.9387469	-0.3262355	-1.6330975	0.9605223	-0.0871269	-1.6211426	0.9620842	-0.2323053	-1.5166495	0.4481830	0.0274662	-1.4980353	0.4607261	-0.1128678	-1.5781884	0.0761126	-0.0299714	-1.5452422	0.0872200	-0.1190242	-1.4405522	0.0417082	-0.0681280	-1.4911829	0.0282709	-0.0143652	-1.6373581	0.0637914	-0.0901471	-1.5147972	0.4488702	-0.3176350	-1.5007465	0.4615841	-0.1689507	-1.5811830	0.0719745	-0.2672283	-1.5450239	0.0817399	-0.1733998	-1.4226293	0.0370672	-0.2317217	-1.6495481	0.0565919	-0.2040467	-1.4759926	0.0279969	-0.2895991	-1.5656031	1.4923355	0.0345574	-1.5589550	1.5118863	-0.3264260	-1.6690809	1.4987505	-0.1472864	-1.4264803	0.6875552	0.0632104	-1.4685304	0.5911265	0.0752243	-1.5559653	0.6909259	0.0819810	-1.4055766	0.6847876	-0.3627157	-1.4533524	0.5904092	-0.3732765	-1.5424512	0.6930960	-0.3887873	-1.5369568	0.3375580	0.0148889	-1.5237397	0.2203808	0.0142973	-1.5936460	0.2392013	0.0108864	-1.5360608	0.3364812	-0.3077049	-1.5202439	0.2167844	-0.3132969	-1.5992837	0.2379521	-0.3051879	-1.5196035	0.8308122	-0.0410851	-1.5021461	0.8336484	-0.2644164	-1.5787753	1.1370200	0.1325006	-1.5945321	1.1286369	0.0478154	-1.4353570	0.9204243	0.0737784	-1.4934054	0.8837266	0.0954826	-1.5362935	1.1562876	-0.4354888	-1.5702689	1.1452211	-0.3644799	-1.4141581	0.9188441	-0.3787616	-1.4754441	0.8953565	-0.4036954
65	1.0666667	-1.5715800	1.4533433	-0.1448800	-1.5637300	1.4401133	0.0345500	-1.5721200	1.1679633	0.0911500	-1.4777800	0.9208433	0.0902600	-1.5469800	1.4643133	-0.3236400	-1.5518000	1.1995833	-0.3974700	-1.4607300	0.9419733	-0.3950600	-1.4694900	0.8605633	-0.1484300	-1.4753100	0.8604033	-0.0261700	-1.5068100	0.4558033	-0.0520700	-1.5748300	0.0766133	-0.0741400	-1.4490300	0.8621933	-0.2700300	-1.5133500	0.4611333	-0.2432600	-1.5739500	0.0746133	-0.2195100	-1.4024100	0.0279233	-0.2460400	-1.4132300	0.0300633	-0.2473500	-1.6023700	0.0402633	-0.2079600	-1.4225200	0.0264133	-0.0561600	-1.4331100	0.0291933	-0.0541200	-1.6013800	0.0421033	-0.0840900	-1.4106665	0.9335885	0.0439453	-1.3806648	0.9384245	-0.3258070	-1.6335929	0.9600087	-0.0870391	-1.6213391	0.9616524	-0.2322393	-1.5174145	0.4476556	0.0278889	-1.4985943	0.4602173	-0.1124736	-1.5788684	0.0758885	-0.0295533	-1.5457973	0.0870172	-0.1185932	-1.4409529	0.0414444	-0.0676733	-1.4916744	0.0279294	-0.0138949	-1.6380645	0.0636302	-0.0897434	-1.5157805	0.4485173	-0.3173880	-1.5018102	0.4612133	-0.1686581	-1.5809113	0.0717786	-0.2670516	-1.5447567	0.0815514	-0.1732065	-1.4223400	0.0370718	-0.2315386	-1.6491465	0.0562700	-0.2038538	-1.4756442	0.0279267	-0.2894099	-1.5666654	1.4917371	0.0349526	-1.5594263	1.5113223	-0.3259930	-1.6697583	1.4980758	-0.1470416	-1.4272008	0.6870211	0.0636440	-1.4693077	0.5905848	0.0756580	-1.5567955	0.6903556	0.0822440	-1.4059643	0.6842248	-0.3624262	-1.4539568	0.5899399	-0.3730139	-1.5428324	0.6927471	-0.3886603	-1.5377132	0.3371312	0.0152836	-1.5244995	0.2200575	0.0147079	-1.5943983	0.2388136	0.0112599	-1.5367378	0.3362575	-0.3075235	-1.5205055	0.2166596	-0.3131566	-1.5996002	0.2376468	-0.3049796	-1.5202141	0.8302440	-0.0408937	-1.5022925	0.8332179	-0.2642618	-1.5797361	1.1365461	0.1327348	-1.5953422	1.1281712	0.0480467	-1.4361272	0.9199798	0.0741521	-1.4941682	0.8832272	0.0956736	-1.5373702	1.1558650	-0.4352314	-1.5713781	1.1447194	-0.3641221	-1.4146745	0.9186600	-0.3784005	-1.4759941	0.8950327	-0.4033887
66	1.0833333	-1.5721900	1.4533533	-0.1447800	-1.5637300	1.4398233	0.0345700	-1.5727100	1.1679833	0.0913700	-1.4774100	0.9209033	0.0901600	-1.5482000	1.4646933	-0.3235000	-1.5501800	1.1996733	-0.3976900	-1.4622600	0.9414233	-0.3947500	-1.4707300	0.8605633	-0.1480800	-1.4754900	0.8604033	-0.0260200	-1.5065800	0.4559033	-0.0520400	-1.5745600	0.0767733	-0.0741300	-1.4513700	0.8621133	-0.2695500	-1.5129600	0.4614133	-0.2435500	-1.5749300	0.0751333	-0.2193500	-1.4070400	0.0268233	-0.2452600	-1.4175900	0.0291133	-0.2466200	-1.6023800	0.0411333	-0.2078600	-1.4222500	0.0269633	-0.0563600	-1.4328300	0.0297633	-0.0542900	-1.6010000	0.0421533	-0.0839100	-1.4121451	0.9335164	0.0444437	-1.3816856	0.9385789	-0.3253485	-1.6348872	0.9600347	-0.0867641	-1.6224552	0.9617633	-0.2319798	-1.5186876	0.4476512	0.0282710	-1.4997722	0.4602425	-0.1121283	-1.5799653	0.0762154	-0.0291926	-1.5468490	0.0873708	-0.1182400	-1.4417788	0.0417689	-0.0673917	-1.4925670	0.0281683	-0.0135453	-1.6392305	0.0640184	-0.0893575	-1.5173896	0.4487590	-0.3171027	-1.5034573	0.4613960	-0.1684076	-1.5818486	0.0722011	-0.2668716	-1.5457007	0.0819445	-0.1730833	-1.4236055	0.0373314	-0.2313934	-1.6498853	0.0567744	-0.2037059	-1.4768033	0.0282096	-0.2891939	-1.5683091	1.4916748	0.0353978	-1.5607474	1.5113060	-0.3255241	-1.6711686	1.4979467	-0.1466868	-1.4285276	0.6869996	0.0640708	-1.4706310	0.5905582	0.0760765	-1.5582190	0.6902724	0.0825882	-1.4072609	0.6842647	-0.3620966	-1.4553651	0.5900773	-0.3726956	-1.5440696	0.6929341	-0.3883614	-1.5389588	0.3372471	0.0156235	-1.5257149	0.2202859	0.0150453	-1.5955824	0.2389600	0.0116134	-1.5382021	0.3366103	-0.3072755	-1.5217772	0.2170999	-0.3129636	-1.6008231	0.2379869	-0.3047167	-1.5215859	0.8301597	-0.0405948	-1.5033875	0.8332701	-0.2639875	-1.5811907	1.1365984	0.1330641	-1.5967137	1.1282128	0.0483200	-1.4373477	0.9200624	0.0745597	-1.4953883	0.8832374	0.0959634	-1.5389087	1.1559426	-0.4349642	-1.5729448	1.1447550	-0.3637778	-1.4159256	0.9189139	-0.3780604	-1.4772897	0.8951960	-0.4031122
67	1.1000000	-1.5726300	1.4534033	-0.1446600	-1.5635700	1.4396633	0.0346700	-1.5732200	1.1680433	0.0915400	-1.4769900	0.9209233	0.0901000	-1.5492200	1.4649533	-0.3234100	-1.5491000	1.1995933	-0.3978500	-1.4630700	0.9409933	-0.3945000	-1.4716500	0.8606733	-0.1479000	-1.4756400	0.8606133	-0.0259400	-1.5066300	0.4558733	-0.0521100	-1.5748600	0.0766233	-0.0740400	-1.4530700	0.8621933	-0.2693200	-1.5129400	0.4615233	-0.2435900	-1.5755800	0.0752833	-0.2192400	-1.4103000	0.0260333	-0.2446900	-1.4207000	0.0284033	-0.2460800	-1.6023200	0.0414533	-0.2078300	-1.4224500	0.0273133	-0.0564500	-1.4330600	0.0300833	-0.0543800	-1.6015000	0.0418433	-0.0837600	-1.4131291	0.9335883	0.0446856	-1.3825586	0.9388172	-0.3251363	-1.6357887	0.9601919	-0.0865498	-1.6233135	0.9619847	-0.2317785	-1.5194437	0.4477913	0.0283664	-1.5005273	0.4604033	-0.1120567	-1.5805538	0.0765952	-0.0291030	-1.5474533	0.0877678	-0.1181573	-1.4421207	0.0421560	-0.0674623	-1.4929526	0.0284549	-0.0135302	-1.6399246	0.0644370	-0.0892053	-1.5184943	0.4491293	-0.3170048	-1.5045222	0.4617001	-0.1684035	-1.5827690	0.0727290	-0.2668851	-1.5465957	0.0824333	-0.1732016	-1.4251260	0.0374018	-0.2314391	-1.6505273	0.0575518	-0.2037877	-1.4781869	0.0283704	-0.2891362	-1.5693583	1.4918113	0.0356401	-1.5617482	1.5115102	-0.3252712	-1.6721470	1.4980297	-0.1464481	-1.4293482	0.6870854	0.0642436	-1.4714258	0.5906577	0.0762257	-1.5591172	0.6903344	0.0827526	-1.4083098	0.6844831	-0.3619709	-1.4564400	0.5903731	-0.3725609	-1.5450429	0.6932134	-0.3881463	-1.5396872	0.3374905	0.0156805	-1.5264042	0.2206161	0.0150937	-1.5962371	0.2392046	0.0117055	-1.5392959	0.3370577	-0.3071984	-1.5228635	0.2176081	-0.3129491	-1.6017909	0.2384617	-0.3046179	-1.5225334	0.8302020	-0.0404264	-1.5042677	0.8334132	-0.2638373	-1.5820416	1.1367896	0.1332306	-1.5975469	1.1283768	0.0484142	-1.4379854	0.9202827	0.0747451	-1.4960218	0.8833951	0.0960696	-1.5397993	1.1561270	-0.4349235	-1.5738557	1.1449346	-0.3636717	-1.4167255	0.9192048	-0.3779504	-1.4781262	0.8954396	-0.4030556
68	1.1166667	-1.5727200	1.4533233	-0.1446100	-1.5635000	1.4395933	0.0347600	-1.5729900	1.1678633	0.0915400	-1.4768800	0.9208733	0.0901100	-1.5494500	1.4648633	-0.3234100	-1.5490100	1.1995033	-0.3978600	-1.4626500	0.9410333	-0.3944600	-1.4716400	0.8605233	-0.1478600	-1.4757600	0.8604133	-0.0258600	-1.5064600	0.4558133	-0.0522200	-1.5755100	0.0762633	-0.0739600	-1.4529200	0.8620633	-0.2693100	-1.5130300	0.4613533	-0.2434900	-1.5755500	0.0752133	-0.2192000	-1.4104300	0.0260133	-0.2445800	-1.4209500	0.0283633	-0.2459600	-1.6024400	0.0413233	-0.2078300	-1.4224100	0.0274533	-0.0563700	-1.4331300	0.0301933	-0.0543000	-1.6026300	0.0413633	-0.0837000	-1.4131007	0.9334413	0.0447484	-1.3825699	0.9387654	-0.3251215	-1.6357222	0.9600812	-0.0864467	-1.6232616	0.9619099	-0.2316955	-1.5192442	0.4477054	0.0282924	-1.5003704	0.4603157	-0.1121573	-1.5803824	0.0766447	-0.0291630	-1.5473220	0.0878147	-0.1182268	-1.4416961	0.0422246	-0.0677019	-1.4925643	0.0284096	-0.0136870	-1.6399017	0.0644835	-0.0892013	-1.5185852	0.4492042	-0.3170526	-1.5045180	0.4617262	-0.1685506	-1.5829224	0.0729356	-0.2669951	-1.5466888	0.0826100	-0.1734181	-1.4259101	0.0370807	-0.2315600	-1.6503879	0.0580436	-0.2039733	-1.4788457	0.0281515	-0.2891619	-1.5693678	1.4917725	0.0357107	-1.5618185	1.5115622	-0.3252080	-1.6721608	1.4979521	-0.1463393	-1.4291745	0.6869145	0.0642488	-1.4712345	0.5905183	0.0762066	-1.5590197	0.6901812	0.0827951	-1.4084550	0.6844540	-0.3620133	-1.4565805	0.5903972	-0.3725820	-1.5451321	0.6931800	-0.3880464	-1.5395059	0.3374705	0.0155824	-1.5262289	0.2206470	0.0149891	-1.5960438	0.2391828	0.0116441	-1.5394410	0.3371788	-0.3072570	-1.5230854	0.2177635	-0.3130594	-1.6018874	0.2386307	-0.3046323	-1.5225081	0.8300024	-0.0403696	-1.5042667	0.8332715	-0.2638096	-1.5818954	1.1367339	0.1332480	-1.5974142	1.1282964	0.0483750	-1.4377045	0.9202381	0.0747499	-1.4957316	0.8833197	0.0959894	-1.5396609	1.1560494	-0.4350576	-1.5737320	1.1448632	-0.3637348	-1.4165210	0.9192079	-0.3779838	-1.4779387	0.8954065	-0.4031252
69	1.1333333	-1.5726500	1.4530533	-0.1446600	-1.5636000	1.4394433	0.0347700	-1.5721500	1.1674633	0.0913900	-1.4770900	0.9208333	0.0901700	-1.5492100	1.4644633	-0.3235100	-1.5495500	1.1994433	-0.3977800	-1.4615900	0.9414733	-0.3945800	-1.4710200	0.8603033	-0.1478700	-1.4758600	0.8602333	-0.0257800	-1.5058500	0.4558333	-0.0523500	-1.5760400	0.0760733	-0.0739100	-1.4515800	0.8618233	-0.2693600	-1.5127700	0.4611333	-0.2434300	-1.5752500	0.0751633	-0.2192100	-1.4090400	0.0264333	-0.2447300	-1.4198300	0.0286933	-0.2460700	-1.6028800	0.0410533	-0.2078000	-1.4221300	0.0274633	-0.0562900	-1.4329600	0.0301633	-0.0542200	-1.6034700	0.0412333	-0.0837100	-1.4124805	0.9332507	0.0447669	-1.3819381	0.9386148	-0.3251696	-1.6350560	0.9598802	-0.0864411	-1.6225899	0.9617222	-0.2317168	-1.5184768	0.4475792	0.0281959	-1.4996435	0.4601696	-0.1122925	-1.5799222	0.0766150	-0.0292316	-1.5468987	0.0877650	-0.1183125	-1.4409619	0.0422071	-0.0679326	-1.4918748	0.0282848	-0.0138410	-1.6396293	0.0644287	-0.0892229	-1.5180504	0.4491735	-0.3171611	-1.5038737	0.4616609	-0.1687383	-1.5825420	0.0730229	-0.2670890	-1.5462323	0.0826745	-0.1735968	-1.4260235	0.0367260	-0.2316527	-1.6497706	0.0583621	-0.2041281	-1.4788743	0.0278841	-0.2891825	-1.5688061	1.4916718	0.0357113	-1.5612935	1.5115727	-0.3252424	-1.6716042	1.4978389	-0.1463216	-1.4284131	0.6867011	0.0642151	-1.4704655	0.5903409	0.0761570	-1.5583438	0.6899908	0.0828101	-1.4079713	0.6843433	-0.3621276	-1.4560978	0.5903264	-0.3726732	-1.5446113	0.6930381	-0.3880161	-1.5388243	0.3373792	0.0154751	-1.5256293	0.2205839	0.0148793	-1.5954447	0.2391179	0.0115678	-1.5389773	0.3371758	-0.3073663	-1.5227149	0.2177790	-0.3131967	-1.6014255	0.2386861	-0.3046749	-1.5218917	0.8297487	-0.0403582	-1.5036440	0.8330421	-0.2638386	-1.5812294	1.1365881	0.1331908	-1.5967542	1.1281468	0.0482890	-1.4369908	0.9200719	0.0746823	-1.4950096	0.8831577	0.0958092	-1.5390054	1.1558929	-0.4352508	-1.5730870	1.1446982	-0.3638403	-1.4157061	0.9191519	-0.3780388	-1.4771267	0.8952986	-0.4032040
70	1.1500000	-1.5728000	1.4528233	-0.1447400	-1.5638000	1.4393433	0.0347200	-1.5717400	1.1672633	0.0913200	-1.4773000	0.9208833	0.0902500	-1.5493300	1.4640333	-0.3236200	-1.5499600	1.1993733	-0.3977200	-1.4610600	0.9417633	-0.3946800	-1.4706100	0.8604733	-0.1478600	-1.4757700	0.8601633	-0.0257000	-1.5053700	0.4559833	-0.0523900	-1.5759900	0.0761933	-0.0739400	-1.4508200	0.8620133	-0.2694000	-1.5124000	0.4611433	-0.2434500	-1.5751700	0.0750333	-0.2192400	-1.4083700	0.0264833	-0.2448300	-1.4192800	0.0287333	-0.2461400	-1.6034100	0.0408333	-0.2077900	-1.4219800	0.0276133	-0.0563400	-1.4328400	0.0302933	-0.0542600	-1.6031900	0.0415133	-0.0837000	-1.4121038	0.9334520	0.0448144	-1.3814830	0.9388385	-0.3251855	-1.6346297	0.9600412	-0.0864621	-1.6221330	0.9618894	-0.2317634	-1.5179542	0.4478383	0.0281403	-1.4991516	0.4604029	-0.1123918	-1.5798092	0.0769643	-0.0292417	-1.5468156	0.0880860	-0.1183425	-1.4406071	0.0425624	-0.0680817	-1.4915617	0.0285500	-0.0139182	-1.6397015	0.0647460	-0.0891918	-1.5177344	0.4494955	-0.3172526	-1.5034643	0.4619518	-0.1688899	-1.5823913	0.0734260	-0.2671212	-1.5460103	0.0830550	-0.1736929	-1.4262345	0.0367795	-0.2316731	-1.6494515	0.0589370	-0.2042033	-1.4790309	0.0280200	-0.2891516	-1.5685105	1.4918885	0.0357194	-1.5610193	1.5118902	-0.3252815	-1.6713112	1.4980689	-0.1463254	-1.4278996	0.6868970	0.0642138	-1.4699449	0.5905647	0.0761432	-1.5579103	0.6901945	0.0828459	-1.4076742	0.6845967	-0.3622306	-1.4558113	0.5906148	-0.3727549	-1.5442796	0.6932697	-0.3879863	-1.5384131	0.3376621	0.0154162	-1.5253320	0.2208862	0.0148260	-1.5951511	0.2394416	0.0115394	-1.5387259	0.3375151	-0.3074494	-1.5225430	0.2181257	-0.3132888	-1.6011994	0.2390725	-0.3046899	-1.5215063	0.8298917	-0.0403351	-1.5032119	0.8331987	-0.2638538	-1.5808772	1.1367740	0.1331266	-1.5963803	1.1283491	0.0482171	-1.4366229	0.9202238	0.0746311	-1.4946339	0.8833251	0.0956318	-1.5386792	1.1560850	-0.4353961	-1.5727671	1.1448649	-0.3638983	-1.4151597	0.9194581	-0.3780429	-1.4765830	0.8955422	-0.4032281
71	1.1666667	-1.5732500	1.4527733	-0.1447600	-1.5640000	1.4394033	0.0346800	-1.5722000	1.1675233	0.0914500	-1.4772100	0.9210333	0.0903300	-1.5500000	1.4639533	-0.3236400	-1.5498500	1.1995033	-0.3977300	-1.4615900	0.9416633	-0.3946400	-1.4707100	0.8610733	-0.1477900	-1.4753000	0.8609133	-0.0256600	-1.5056600	0.4559733	-0.0522900	-1.5752500	0.0764933	-0.0740600	-1.4514900	0.8626833	-0.2693400	-1.5124100	0.4613333	-0.2434800	-1.5758100	0.0748233	-0.2192200	-1.4086200	0.0263633	-0.2447500	-1.4194300	0.0286333	-0.2460900	-1.6041700	0.0404033	-0.2077600	-1.4222900	0.0275933	-0.0564600	-1.4330700	0.0303233	-0.0543800	-1.6021100	0.0418333	-0.0838000	-1.4122118	0.9340886	0.0448992	-1.3815852	0.9394819	-0.3251468	-1.6347326	0.9605896	-0.0864151	-1.6222349	0.9624386	-0.2317355	-1.5179850	0.4484727	0.0281357	-1.4992319	0.4610160	-0.1124304	-1.5800751	0.0776482	-0.0291969	-1.5471212	0.0887461	-0.1183140	-1.4407522	0.0432561	-0.0681548	-1.4917116	0.0291710	-0.0139341	-1.6400941	0.0653932	-0.0890992	-1.5179730	0.4501725	-0.3172475	-1.5036202	0.4626066	-0.1689392	-1.5827635	0.0741259	-0.2670783	-1.5463180	0.0837394	-0.1737079	-1.4268719	0.0372092	-0.2316058	-1.6497040	0.0597661	-0.2041958	-1.4796377	0.0285251	-0.2890477	-1.5687421	1.4924532	0.0357633	-1.5613285	1.5125235	-0.3252652	-1.6715849	1.4986571	-0.1462854	-1.4279112	0.6875016	0.0642632	-1.4699555	0.5911846	0.0761778	-1.5579652	0.6908082	0.0829304	-1.4079114	0.6852182	-0.3622583	-1.4560637	0.5912647	-0.3727553	-1.5444756	0.6939008	-0.3878814	-1.5385131	0.3383184	0.0154099	-1.5254963	0.2215541	0.0148281	-1.5953104	0.2401122	0.0115632	-1.5390169	0.3382016	-0.3074354	-1.5228954	0.2188099	-0.3132865	-1.6015146	0.2397780	-0.3046267	-1.5216059	0.8304678	-0.0402502	-1.5033085	0.8337792	-0.2637965	-1.5810645	1.1373245	0.1331093	-1.5965261	1.1289208	0.0482014	-1.4367666	0.9207566	0.0746504	-1.4947636	0.8838546	0.0955384	-1.5389087	1.1566478	-0.4354310	-1.5730004	1.1454059	-0.3638742	-1.4152269	0.9201020	-0.3779752	-1.4766668	0.8961402	-0.4031792
72	1.1833333	-1.5735200	1.4529133	-0.1447400	-1.5641500	1.4396633	0.0347300	-1.5726400	1.1679233	0.0916000	-1.4769600	0.9212433	0.0904800	-1.5503800	1.4639733	-0.3236600	-1.5498800	1.1997133	-0.3977900	-1.4622600	0.9414333	-0.3945900	-1.4707000	0.8617133	-0.1477300	-1.4745000	0.8615433	-0.0256600	-1.5064700	0.4558433	-0.0521500	-1.5744200	0.0766933	-0.0741900	-1.4522900	0.8633233	-0.2692700	-1.5129300	0.4614233	-0.2435200	-1.5766900	0.0740733	-0.2191200	-1.4077200	0.0262933	-0.2447200	-1.4185100	0.0285133	-0.2460900	-1.6054400	0.0393333	-0.2075500	-1.4232000	0.0271333	-0.0564700	-1.4338100	0.0299133	-0.0544200	-1.6014900	0.0418933	-0.0840600	-1.4121679	0.9347927	0.0449369	-1.3816629	0.9401474	-0.3251345	-1.6347296	0.9611195	-0.0863623	-1.6222819	0.9629530	-0.2316922	-1.5180543	0.4490790	0.0280967	-1.4993557	0.4616077	-0.1124674	-1.5801705	0.0782007	-0.0292023	-1.5472536	0.0892798	-0.1183157	-1.4408883	0.0437919	-0.0682368	-1.4918113	0.0296566	-0.0140033	-1.6402203	0.0659043	-0.0890507	-1.5182345	0.4507555	-0.3171916	-1.5037941	0.4632013	-0.1689308	-1.5830403	0.0746516	-0.2670236	-1.5465253	0.0842775	-0.1737018	-1.4272176	0.0376019	-0.2314941	-1.6499174	0.0603452	-0.2041754	-1.4800008	0.0289410	-0.2889268	-1.5689037	1.4930241	0.0357653	-1.5615867	1.5131131	-0.3252736	-1.6718227	1.4992431	-0.1462844	-1.4278683	0.6880959	0.0642802	-1.4699450	0.5917881	0.0761717	-1.5579158	0.6914442	0.0829727	-1.4081083	0.6857629	-0.3622688	-1.4563020	0.5918246	-0.3727285	-1.5446294	0.6944981	-0.3877609	-1.5385993	0.3389271	0.0153702	-1.5255912	0.2221507	0.0147911	-1.5953889	0.2406904	0.0115393	-1.5392995	0.3387847	-0.3073823	-1.5231970	0.2193804	-0.3132533	-1.6017996	0.2403240	-0.3045380	-1.5215486	0.8310926	-0.0401681	-1.5033253	0.8343808	-0.2637288	-1.5811559	1.1378711	0.1330709	-1.5965650	1.1294825	0.0481834	-1.4368016	0.9213055	0.0746802	-1.4947734	0.8843836	0.0954676	-1.5390835	1.1571971	-0.4354331	-1.5731710	1.1459483	-0.3638390	-1.4153168	0.9206825	-0.3779267	-1.4767892	0.8967005	-0.4031393
73	1.2000000	-1.5735400	1.4530133	-0.1447600	-1.5645000	1.4399033	0.0348600	-1.5723200	1.1680833	0.0916100	-1.4768300	0.9214433	0.0906600	-1.5500200	1.4639233	-0.3238100	-1.5505900	1.1998833	-0.3978000	-1.4621700	0.9414933	-0.3946400	-1.4702100	0.8619233	-0.1477600	-1.4738800	0.8617433	-0.0257000	-1.5071000	0.4556633	-0.0520900	-1.5741600	0.0765833	-0.0742300	-1.4519100	0.8635133	-0.2693000	-1.5136800	0.4612633	-0.2435000	-1.5771500	0.0731733	-0.2189400	-1.4052100	0.0266433	-0.2449000	-1.4162200	0.0287333	-0.2462800	-1.6067900	0.0382033	-0.2071800	-1.4240500	0.0264633	-0.0563100	-1.4345500	0.0292733	-0.0543000	-1.6019700	0.0416733	-0.0842900	-1.4116732	0.9350985	0.0448764	-1.3812857	0.9403657	-0.3252032	-1.6342627	0.9611659	-0.0864303	-1.6218650	0.9629657	-0.2317605	-1.5178369	0.4492057	0.0279898	-1.4991637	0.4617268	-0.1125463	-1.5799390	0.0781930	-0.0293110	-1.5470329	0.0892571	-0.1184092	-1.4408044	0.0437470	-0.0683524	-1.4916769	0.0295854	-0.0141522	-1.6399401	0.0658504	-0.0891330	-1.5181781	0.4507854	-0.3171637	-1.5036527	0.4632755	-0.1689338	-1.5828207	0.0745677	-0.2669751	-1.5462350	0.0842369	-0.1736800	-1.4267614	0.0376202	-0.2313897	-1.6497252	0.0601834	-0.2041440	-1.4796294	0.0288962	-0.2888397	-1.5687177	1.4931553	0.0356548	-1.5613756	1.5132076	-0.3253993	-1.6716635	1.4993679	-0.1464386	-1.4274467	0.6882193	0.0642098	-1.4695965	0.5919174	0.0760804	-1.5574592	0.6916393	0.0829045	-1.4078614	0.6857597	-0.3623306	-1.4561466	0.5918269	-0.3727489	-1.5443499	0.6945960	-0.3877265	-1.5383874	0.3390268	0.0152670	-1.5253829	0.2222099	0.0146821	-1.5951616	0.2407487	0.0114214	-1.5392132	0.3388100	-0.3073599	-1.5230618	0.2193885	-0.3132363	-1.6016868	0.2402613	-0.3044763	-1.5210012	0.8312968	-0.0401825	-1.5028494	0.8345315	-0.2637467	-1.5808277	1.1379792	0.1329477	-1.5961749	1.1296024	0.0480981	-1.4364352	0.9214179	0.0746565	-1.4943784	0.8844797	0.0953307	-1.5388978	1.1572957	-0.4355025	-1.5729712	1.1460486	-0.3638645	-1.4150269	0.9208043	-0.3779662	-1.4765369	0.8968053	-0.4031730
74	1.2166667	-1.5737300	1.4530233	-0.1448300	-1.5650000	1.4400533	0.0349800	-1.5718000	1.1680633	0.0915200	-1.4769300	0.9215233	0.0907800	-1.5498500	1.4637633	-0.3240400	-1.5513200	1.1996833	-0.3977900	-1.4618200	0.9415733	-0.3947300	-1.4699300	0.8618433	-0.1478300	-1.4739300	0.8618133	-0.0257400	-1.5073100	0.4555633	-0.0520800	-1.5742000	0.0764933	-0.0742500	-1.4513100	0.8633833	-0.2693700	-1.5140000	0.4611333	-0.2434200	-1.5775600	0.0726333	-0.2187700	-1.4036600	0.0267933	-0.2450000	-1.4148500	0.0287933	-0.2463700	-1.6079100	0.0371733	-0.2068500	-1.4244100	0.0260433	-0.0561100	-1.4348400	0.0288433	-0.0541400	-1.6027000	0.0415533	-0.0844200	-1.4114498	0.9351164	0.0447960	-1.3810818	0.9402747	-0.3252754	-1.6340404	0.9609120	-0.0865916	-1.6216554	0.9626708	-0.2319139	-1.5178999	0.4490251	0.0278952	-1.4992059	0.4615466	-0.1126057	-1.5800170	0.0778654	-0.0294429	-1.5470852	0.0889190	-0.1185270	-1.4410495	0.0433797	-0.0684245	-1.4918878	0.0292164	-0.0142779	-1.6399252	0.0654740	-0.0892807	-1.5183934	0.4504820	-0.3171334	-1.5038157	0.4630219	-0.1689263	-1.5827825	0.0741144	-0.2668726	-1.5461506	0.0838349	-0.1735879	-1.4262581	0.0374595	-0.2312638	-1.6498099	0.0595385	-0.2040399	-1.4792501	0.0286105	-0.2887389	-1.5688355	1.4929689	0.0355035	-1.5613450	1.5129320	-0.3256098	-1.6717495	1.4991611	-0.1467044	-1.4273092	0.6880541	0.0641196	-1.4695391	0.5917490	0.0759802	-1.5572824	0.6915385	0.0827895	-1.4077996	0.6854097	-0.3623965	-1.4562037	0.5914860	-0.3727740	-1.5442551	0.6943901	-0.3877384	-1.5384624	0.3388021	0.0151804	-1.5254764	0.2219311	0.0145877	-1.5952377	0.2404967	0.0112916	-1.5393636	0.3384997	-0.3073233	-1.5231204	0.2190598	-0.3131775	-1.6018027	0.2398354	-0.3043971	-1.5206888	0.8312209	-0.0402570	-1.5025486	0.8343893	-0.2638151	-1.5807310	1.1377995	0.1328037	-1.5960107	1.1294339	0.0479853	-1.4363101	0.9212398	0.0746243	-1.4942313	0.8842962	0.0951718	-1.5389746	1.1570896	-0.4355974	-1.5730292	1.1458458	-0.3639033	-1.4149491	0.9206461	-0.3780295	-1.4764904	0.8966170	-0.4032231
75	1.2333333	-1.5742700	1.4529733	-0.1449100	-1.5652400	1.4400333	0.0349700	-1.5717900	1.1679133	0.0914600	-1.4773700	0.9214133	0.0907700	-1.5506500	1.4637233	-0.3242000	-1.5512900	1.1993033	-0.3978500	-1.4621100	0.9413533	-0.3947900	-1.4705000	0.8613933	-0.1478500	-1.4745200	0.8612133	-0.0257800	-1.5073000	0.4555533	-0.0520800	-1.5739600	0.0767433	-0.0743500	-1.4518700	0.8629933	-0.2693700	-1.5134900	0.4612533	-0.2433800	-1.5787300	0.0724833	-0.2186700	-1.4053200	0.0264033	-0.2448200	-1.4164600	0.0284333	-0.2461900	-1.6095700	0.0370333	-0.2067700	-1.4247800	0.0261233	-0.0559500	-1.4351400	0.0289733	-0.0540000	-1.6027600	0.0417833	-0.0845300	-1.4120833	0.9347362	0.0447864	-1.3817194	0.9398198	-0.3252830	-1.6346891	0.9603290	-0.0866905	-1.6223115	0.9620637	-0.2320076	-1.5186366	0.4484944	0.0279132	-1.4999155	0.4610285	-0.1125448	-1.5807477	0.0772815	-0.0294996	-1.5477901	0.0883328	-0.1185737	-1.4419634	0.0427806	-0.0683956	-1.4927788	0.0286522	-0.0142955	-1.6405448	0.0648654	-0.0893773	-1.5193033	0.4498714	-0.3170561	-1.5047011	0.4624386	-0.1688650	-1.5836982	0.0733875	-0.2666969	-1.5470525	0.0831377	-0.1734123	-1.4267263	0.0370219	-0.2311036	-1.6509035	0.0586392	-0.2038523	-1.4798384	0.0280574	-0.2885942	-1.5697363	1.4924101	0.0354274	-1.5621250	1.5122431	-0.3257916	-1.6726241	1.4985620	-0.1469232	-1.4279768	0.6875687	0.0640934	-1.4702363	0.5912447	0.0759644	-1.5578997	0.6910551	0.0827403	-1.4085150	0.6847426	-0.3624094	-1.4569999	0.5908360	-0.3727507	-1.5449329	0.6938615	-0.3877144	-1.5392050	0.3382417	0.0151988	-1.5262352	0.2213328	0.0145905	-1.5959684	0.2399499	0.0112609	-1.5402679	0.3378818	-0.3072157	-1.5240112	0.2184229	-0.3130284	-1.6027424	0.2391429	-0.3042672	-1.5212327	0.8307715	-0.0402864	-1.5030934	0.8338949	-0.2638429	-1.5813763	1.1372835	0.1327531	-1.5966124	1.1289235	0.0479332	-1.4369299	0.9207086	0.0746649	-1.4948506	0.8837651	0.0950982	-1.5397816	1.1565189	-0.4356567	-1.5738237	1.1452832	-0.3639064	-1.4156116	0.9201403	-0.3780495	-1.4771810	0.8960748	-0.4032340
76	1.2500000	-1.5748700	1.4528733	-0.1450000	-1.5650500	1.4398633	0.0348500	-1.5721500	1.1677233	0.0914200	-1.4782500	0.9212133	0.0906800	-1.5520300	1.4636933	-0.3243400	-1.5511000	1.1987733	-0.3980100	-1.4627900	0.9410233	-0.3948800	-1.4715300	0.8605133	-0.1478900	-1.4752800	0.8604033	-0.0258400	-1.5072200	0.4556933	-0.0520700	-1.5735700	0.0770833	-0.0745000	-1.4531700	0.8620733	-0.2694200	-1.5126900	0.4614333	-0.2434400	-1.5801500	0.0725433	-0.2187000	-1.4088400	0.0258333	-0.2446100	-1.4197800	0.0279533	-0.2460000	-1.6109300	0.0369133	-0.2068800	-1.4250700	0.0264233	-0.0557600	-1.4354100	0.0292633	-0.0538500	-1.6021900	0.0420633	-0.0845900	-1.4131202	0.9338899	0.0447530	-1.3828538	0.9389368	-0.3253275	-1.6357828	0.9593876	-0.0867423	-1.6234491	0.9611165	-0.2320614	-1.5195197	0.4476234	0.0279411	-1.5007904	0.4601799	-0.1124541	-1.5815488	0.0764762	-0.0295762	-1.5485899	0.0875348	-0.1186291	-1.4429650	0.0419979	-0.0683690	-1.4937625	0.0279316	-0.0143131	-1.6412274	0.0640683	-0.0894994	-1.5203904	0.4489497	-0.3170236	-1.5057599	0.4615204	-0.1688659	-1.5852421	0.0724390	-0.2665733	-1.5485991	0.0821914	-0.1732998	-1.4280257	0.0362560	-0.2310436	-1.6526131	0.0576110	-0.2037199	-1.4812273	0.0272210	-0.2885216	-1.5708907	1.4914814	0.0353483	-1.5633407	1.5111784	-0.3259984	-1.6738394	1.4975774	-0.1471076	-1.4289853	0.6867442	0.0640558	-1.4711947	0.5903975	0.0759436	-1.5588341	0.6901539	0.0826774	-1.4096289	0.6837758	-0.3624557	-1.4581069	0.5898853	-0.3727617	-1.5459928	0.6929618	-0.3877006	-1.5400680	0.3373665	0.0152128	-1.5270953	0.2204511	0.0145816	-1.5967826	0.2391272	0.0112292	-1.5414630	0.3369515	-0.3071306	-1.5253476	0.2174791	-0.3128942	-1.6040831	0.2382209	-0.3041871	-1.5222135	0.8298915	-0.0403229	-1.5041299	0.8329941	-0.2638869	-1.5823304	1.1364095	0.1327401	-1.5975650	1.1280477	0.0478886	-1.4379002	0.9197854	0.0747052	-1.4958439	0.8828523	0.0950517	-1.5408776	1.1555519	-0.4357705	-1.5749133	1.1443288	-0.3639590	-1.4165739	0.9192503	-0.3781162	-1.4781748	0.8951441	-0.4032907
77	1.2666667	-1.5752700	1.4527933	-0.1451000	-1.5647100	1.4396833	0.0347700	-1.5725100	1.1676833	0.0915000	-1.4790400	0.9211433	0.0905400	-1.5531400	1.4637133	-0.3245200	-1.5512000	1.1984533	-0.3981900	-1.4632700	0.9408233	-0.3950200	-1.4724100	0.8594433	-0.1480400	-1.4760500	0.8594133	-0.0259100	-1.5071000	0.4559233	-0.0520900	-1.5733300	0.0772133	-0.0745800	-1.4541400	0.8609533	-0.2696400	-1.5122600	0.4614633	-0.2435700	-1.5807500	0.0727033	-0.2187900	-1.4112100	0.0257033	-0.2446200	-1.4219500	0.0279033	-0.2459900	-1.6112300	0.0369333	-0.2070100	-1.4246400	0.0268133	-0.0555600	-1.4351400	0.0295933	-0.0537000	-1.6012100	0.0422833	-0.0844900	-1.4139335	0.9328237	0.0446085	-1.3838482	0.9378605	-0.3255215	-1.6366967	0.9583395	-0.0868440	-1.6244371	0.9600729	-0.2321830	-1.5199647	0.4466971	0.0278897	-1.5012390	0.4592727	-0.1124458	-1.5817922	0.0756946	-0.0297284	-1.5488477	0.0867666	-0.1187490	-1.4433849	0.0413126	-0.0683994	-1.4941675	0.0273103	-0.0143889	-1.6413508	0.0632966	-0.0897027	-1.5210329	0.4479598	-0.3171386	-1.5063648	0.4605342	-0.1690104	-1.5866175	0.0715151	-0.2665761	-1.5499813	0.0812619	-0.1733158	-1.4293645	0.0354671	-0.2311379	-1.6541035	0.0566725	-0.2037126	-1.4826178	0.0263977	-0.2885880	-1.5716643	1.4904846	0.0351896	-1.5643521	1.5100819	-0.3262931	-1.6747664	1.4965347	-0.1473130	-1.4297352	0.6858327	0.0639497	-1.4718227	0.5894745	0.0758504	-1.5595005	0.6891018	0.0825301	-1.4105175	0.6827712	-0.3626378	-1.4589032	0.5888823	-0.3729125	-1.5468344	0.6919056	-0.3878087	-1.5404542	0.3364562	0.0151408	-1.5274415	0.2195664	0.0144969	-1.5970768	0.2382880	0.0111155	-1.5422834	0.3359509	-0.3071721	-1.5264074	0.2164712	-0.3128781	-1.6051158	0.2373010	-0.3042432	-1.5230326	0.8288252	-0.0404454	-1.5050552	0.8319237	-0.2640409	-1.5830289	1.1354411	0.1327077	-1.5983063	1.1270733	0.0477943	-1.4386468	0.9187434	0.0746701	-1.4966291	0.8818241	0.0949567	-1.5417033	1.1544613	-0.4360210	-1.5757346	1.1432488	-0.3641379	-1.4172312	0.9182544	-0.3782990	-1.4788701	0.8940942	-0.4034577
78	1.2833333	-1.5754800	1.4527933	-0.1451300	-1.5645000	1.4395833	0.0348200	-1.5732700	1.1680033	0.0919100	-1.4783800	0.9213633	0.0901800	-1.5537300	1.4637933	-0.3246500	-1.5511300	1.1984733	-0.3983100	-1.4636200	0.9406933	-0.3951200	-1.4728800	0.8588433	-0.1482100	-1.4766700	0.8588033	-0.0260200	-1.5071100	0.4559933	-0.0521500	-1.5731900	0.0772233	-0.0745700	-1.4544300	0.8603433	-0.2698600	-1.5119400	0.4614033	-0.2437700	-1.5804900	0.0730133	-0.2188600	-1.4112500	0.0259833	-0.2447100	-1.4219100	0.0282233	-0.2460700	-1.6107900	0.0374933	-0.2070500	-1.4238400	0.0269433	-0.0554500	-1.4344600	0.0296833	-0.0536000	-1.6001200	0.0426833	-0.0842800	-1.4142789	0.9322174	0.0444544	-1.3843957	0.9372519	-0.3257737	-1.6371821	0.9578230	-0.0869466	-1.6250005	0.9595607	-0.2323254	-1.5198675	0.4463546	0.0278275	-1.5011340	0.4589335	-0.1124699	-1.5813680	0.0755127	-0.0298433	-1.5484308	0.0865967	-0.1188262	-1.4430744	0.0412643	-0.0683930	-1.4938494	0.0273259	-0.0144273	-1.6408075	0.0631134	-0.0898635	-1.5210278	0.4475278	-0.3173178	-1.5063270	0.4601191	-0.1691923	-1.5873358	0.0712188	-0.2666119	-1.5507068	0.0809663	-0.1733539	-1.4301371	0.0352835	-0.2312565	-1.6548926	0.0563954	-0.2037335	-1.4834187	0.0262152	-0.2886848	-1.5718774	1.4900594	0.0350422	-1.5649054	1.5096295	-0.3265752	-1.6751978	1.4961046	-0.1474659	-1.4300405	0.6854695	0.0638734	-1.4719709	0.5891150	0.0757742	-1.5597289	0.6885624	0.0823912	-1.4109041	0.6823604	-0.3628780	-1.4591388	0.5884547	-0.3731277	-1.5472049	0.6913244	-0.3879737	-1.5402630	0.3361418	0.0150653	-1.5271701	0.2193033	0.0144346	-1.5967577	0.2380306	0.0110047	-1.5424533	0.3355110	-0.3072693	-1.5268161	0.2160362	-0.3129161	-1.6054931	0.2369775	-0.3043459	-1.5234558	0.8282325	-0.0405662	-1.5055983	0.8313318	-0.2642228	-1.5832880	1.1350071	0.1327569	-1.5986325	1.1266297	0.0477422	-1.4388255	0.9183199	0.0746335	-1.4968154	0.8813564	0.0948894	-1.5420613	1.1539095	-0.4362725	-1.5760766	1.1427041	-0.3643283	-1.4174015	0.9177893	-0.3784716	-1.4790876	0.8935647	-0.4036021
79	1.3000000	-1.5758300	1.4528633	-0.1450200	-1.5646300	1.4395033	0.0350200	-1.5755400	1.1687133	0.0928400	-1.4752800	0.9221133	0.0891700	-1.5542700	1.4640133	-0.3246400	-1.5509900	1.1987833	-0.3983200	-1.4641500	0.9407333	-0.3951400	-1.4730500	0.8590333	-0.1483000	-1.4770700	0.8589233	-0.0261900	-1.5073700	0.4559133	-0.0522000	-1.5731000	0.0769733	-0.0745300	-1.4544100	0.8605933	-0.2698600	-1.5114000	0.4615133	-0.2439800	-1.5799700	0.0730933	-0.2189000	-1.4101700	0.0261433	-0.2447700	-1.4208600	0.0283633	-0.2461300	-1.6100100	0.0376833	-0.2070400	-1.4234700	0.0269333	-0.0554700	-1.4340000	0.0297033	-0.0535900	-1.5995700	0.0426633	-0.0840700	-1.4142988	0.9324119	0.0443841	-1.3846022	0.9374291	-0.3259591	-1.6373600	0.9581081	-0.0869758	-1.6252478	0.9598398	-0.2324004	-1.5195465	0.4468371	0.0278113	-1.5007864	0.4594043	-0.1124666	-1.5806360	0.0760612	-0.0298430	-1.5476895	0.0871519	-0.1187870	-1.4423957	0.0419412	-0.0683011	-1.4931710	0.0280611	-0.0143750	-1.6399645	0.0636437	-0.0898859	-1.5205907	0.4478972	-0.3174509	-1.5058675	0.4605148	-0.1693021	-1.5874414	0.0717102	-0.2666044	-1.5508143	0.0814672	-0.1733352	-1.4302905	0.0358536	-0.2313013	-1.6550416	0.0569208	-0.2037064	-1.4835904	0.0268191	-0.2887221	-1.5717572	1.4904476	0.0350047	-1.5651809	1.5100694	-0.3267355	-1.6753358	1.4965408	-0.1474805	-1.4300930	0.6858989	0.0638883	-1.4718811	0.5895633	0.0757729	-1.5597095	0.6888386	0.0823353	-1.4109160	0.6827868	-0.3630684	-1.4589757	0.5888480	-0.3732987	-1.5472379	0.6915159	-0.3880907	-1.5398251	0.3366419	0.0150501	-1.5266252	0.2198437	0.0144571	-1.5961766	0.2385374	0.0109667	-1.5421432	0.3358682	-0.3073324	-1.5266836	0.2164007	-0.3129335	-1.6053458	0.2374343	-0.3044014	-1.5235977	0.8284336	-0.0406010	-1.5058524	0.8315242	-0.2643283	-1.5833287	1.1353743	0.1329813	-1.5987476	1.1269785	0.0478201	-1.4383637	0.9190145	0.0746232	-1.4962388	0.8818279	0.0948778	-1.5421600	1.1542108	-0.4363908	-1.5761166	1.1430160	-0.3644206	-1.4173064	0.9181327	-0.3785170	-1.4790524	0.8938417	-0.4035867
80	1.3166667	-1.5766400	1.4529233	-0.1448400	-1.5649800	1.4395033	0.0353300	-1.5797100	1.1696833	0.0943500	-1.4703300	0.9238033	0.0872700	-1.5554600	1.4641633	-0.3246300	-1.5519300	1.1992933	-0.3981900	-1.4646900	0.9413433	-0.3951200	-1.4735100	0.8598333	-0.1483700	-1.4776000	0.8596333	-0.0264900	-1.5074900	0.4558833	-0.0522000	-1.5731800	0.0762933	-0.0744500	-1.4548500	0.8615533	-0.2697000	-1.5113600	0.4618033	-0.2440100	-1.5800700	0.0725133	-0.2187700	-1.4095200	0.0261233	-0.2448100	-1.4203000	0.0283133	-0.2461600	-1.6099500	0.0369933	-0.2068700	-1.4226500	0.0270033	-0.0555800	-1.4332200	0.0297733	-0.0536700	-1.5999300	0.0416533	-0.0839000	-1.4145854	0.9332201	0.0443095	-1.3850938	0.9381979	-0.3261054	-1.6378199	0.9589763	-0.0869803	-1.6257826	0.9606898	-0.2324331	-1.5195889	0.4478659	0.0277808	-1.5008137	0.4604100	-0.1125152	-1.5802127	0.0769316	-0.0297852	-1.5472545	0.0880238	-0.1187200	-1.4418882	0.0429776	-0.0682049	-1.4926832	0.0291098	-0.0142827	-1.6394906	0.0644246	-0.0898425	-1.5204477	0.4488103	-0.3175419	-1.5057148	0.4614547	-0.1693700	-1.5876363	0.0726204	-0.2665793	-1.5510106	0.0823946	-0.1732983	-1.4304746	0.0368327	-0.2313206	-1.6552748	0.0578391	-0.2036637	-1.4837890	0.0278419	-0.2887384	-1.5719032	1.4913885	0.0350421	-1.5658439	1.5111101	-0.3268209	-1.6758075	1.4975846	-0.1473820	-1.4304273	0.6868908	0.0638981	-1.4721032	0.5905694	0.0757691	-1.5600050	0.6897226	0.0823113	-1.4111979	0.6837883	-0.3632209	-1.4590897	0.5898055	-0.3734288	-1.5475680	0.6922926	-0.3881687	-1.5397315	0.3376381	0.0150451	-1.5263926	0.2208241	0.0145068	-1.5959474	0.2394571	0.0109615	-1.5420689	0.3367414	-0.3073723	-1.5267161	0.2172575	-0.3129449	-1.6053867	0.2383506	-0.3044248	-1.5240296	0.8292533	-0.0406277	-1.5064094	0.8323212	-0.2643990	-1.5838006	1.1363274	0.1333250	-1.5993247	1.1279018	0.0479820	-1.4376614	0.9208953	0.0744597	-1.4952073	0.8831943	0.0947385	-1.5426889	1.1551801	-0.4364540	-1.5765053	1.1440072	-0.3644902	-1.4175377	0.9191354	-0.3784922	-1.4793488	0.8947552	-0.4034391
81	1.3333333	-1.5775400	1.4529833	-0.1447300	-1.5651600	1.4397733	0.0356600	-1.5844300	1.1710433	0.0965500	-1.4653200	0.9267333	0.0847500	-1.5569800	1.4640733	-0.3248100	-1.5543200	1.1998433	-0.3980100	-1.4648400	0.9426033	-0.3951000	-1.4745300	0.8607633	-0.1485600	-1.4784000	0.8603733	-0.0269000	-1.5071100	0.4559333	-0.0521700	-1.5733300	0.0755533	-0.0743900	-1.4561400	0.8626733	-0.2696900	-1.5129400	0.4618033	-0.2437200	-1.5813800	0.0712533	-0.2183600	-1.4094000	0.0260633	-0.2448200	-1.4203100	0.0281933	-0.2461500	-1.6115600	0.0353333	-0.2063800	-1.4204200	0.0272633	-0.0557300	-1.4313400	0.0299033	-0.0538100	-1.6006800	0.0401533	-0.0838100	-1.4153725	0.9341447	0.0440672	-1.3861862	0.9390669	-0.3263628	-1.6388277	0.9599305	-0.0870559	-1.6269026	0.9616173	-0.2325139	-1.5200650	0.4488833	0.0276534	-1.5013425	0.4614007	-0.1127177	-1.5801518	0.0775287	-0.0297660	-1.5472121	0.0886303	-0.1187548	-1.4414834	0.0438605	-0.0682157	-1.4923320	0.0299226	-0.0142313	-1.6395087	0.0648026	-0.0898478	-1.5210933	0.4497263	-0.3176590	-1.5063547	0.4624123	-0.1694678	-1.5883889	0.0733323	-0.2665809	-1.5517644	0.0831432	-0.1732855	-1.4310647	0.0376943	-0.2313668	-1.6560902	0.0584647	-0.2036501	-1.4844135	0.0286911	-0.2887903	-1.5724891	1.4923641	0.0350657	-1.5671268	1.5121832	-0.3269704	-1.6768265	1.4987110	-0.1472552	-1.4311542	0.6879692	0.0637543	-1.4727240	0.5916231	0.0756468	-1.5607699	0.6906967	0.0822295	-1.4121083	0.6847983	-0.3634410	-1.4598961	0.5907690	-0.3736081	-1.5485650	0.6931596	-0.3883066	-1.5400427	0.3385502	0.0149745	-1.5265101	0.2216586	0.0144902	-1.5961369	0.2402019	0.0109282	-1.5427154	0.3375755	-0.3074501	-1.5273852	0.2180266	-0.3130022	-1.6061036	0.2391401	-0.3044736	-1.5249956	0.8302155	-0.0407797	-1.5075617	0.8332503	-0.2645609	-1.5849290	1.1374048	0.1336749	-1.6006527	1.1289342	0.0481495	-1.4369330	0.9236594	0.0738990	-1.4939162	0.8851301	0.0942271	-1.5439524	1.1563343	-0.4366563	-1.5775358	1.1451899	-0.3647185	-1.4182575	0.9204041	-0.3785306	-1.4801229	0.8958693	-0.4032782
82	1.3500000	-1.5779500	1.4530633	-0.1447600	-1.5648000	1.4403133	0.0358600	-1.5878000	1.1734133	0.0997400	-1.4613900	0.9312633	0.0819700	-1.5580700	1.4636033	-0.3251500	-1.5568300	1.2001933	-0.3979100	-1.4648900	0.9438633	-0.3950900	-1.4753200	0.8613033	-0.1488700	-1.4785500	0.8606933	-0.0273000	-1.5064400	0.4557733	-0.0521800	-1.5734000	0.0754133	-0.0744200	-1.4575600	0.8633633	-0.2699300	-1.5160300	0.4610333	-0.2432100	-1.5839000	0.0699233	-0.2178400	-1.4088400	0.0260633	-0.2449000	-1.4199100	0.0281333	-0.2462000	-1.6149100	0.0334433	-0.2057100	-1.4182900	0.0274233	-0.0557600	-1.4294400	0.0299733	-0.0538700	-1.6011400	0.0393033	-0.0838500	-1.4158398	0.9346866	0.0436546	-1.3871462	0.9395376	-0.3267888	-1.6396042	0.9604305	-0.0871507	-1.6278652	0.9620848	-0.2326109	-1.5201070	0.4493510	0.0274957	-1.5015437	0.4618493	-0.1129792	-1.5797037	0.0774658	-0.0297535	-1.5468423	0.0885928	-0.1188566	-1.4404731	0.0441625	-0.0682992	-1.4914008	0.0301126	-0.0142000	-1.6392798	0.0644385	-0.0898551	-1.5220237	0.4500846	-0.3177592	-1.5072446	0.4628444	-0.1695381	-1.5892179	0.0733585	-0.2665528	-1.5525703	0.0832321	-0.1732256	-1.4314233	0.0380194	-0.2313839	-1.6570493	0.0582771	-0.2035899	-1.4848833	0.0288834	-0.2888339	-1.5727254	1.4928831	0.0350809	-1.5682050	1.5127464	-0.3272030	-1.6775892	1.4993769	-0.1470973	-1.4314186	0.6886337	0.0634651	-1.4728781	0.5922076	0.0754349	-1.5611370	0.6912119	0.0821229	-1.4129819	0.6852159	-0.3637388	-1.4608036	0.5911487	-0.3738304	-1.5495806	0.6935768	-0.3884993	-1.5399215	0.3388646	0.0148961	-1.5261784	0.2218719	0.0144334	-1.5959304	0.2403241	0.0109323	-1.5435922	0.3378352	-0.3075239	-1.5282046	0.2181863	-0.3130594	-1.6070183	0.2392836	-0.3044996	-1.5256750	0.8307895	-0.0410237	-1.5085405	0.8337813	-0.2648142	-1.5859028	1.1381904	0.1340721	-1.6019679	1.1296465	0.0484189	-1.4355555	0.9268603	0.0729054	-1.4917905	0.8872347	0.0933219	-1.5452166	1.1571565	-0.4370109	-1.5784789	1.1460366	-0.3651303	-1.4187143	0.9214527	-0.3786186	-1.4806231	0.8966812	-0.4030820
83	1.3666667	-1.5777800	1.4531933	-0.1449700	-1.5637800	1.4409633	0.0357000	-1.5889800	1.1771633	0.1039700	-1.4575900	0.9384233	0.0788100	-1.5587100	1.4631833	-0.3255000	-1.5582700	1.2003033	-0.3979400	-1.4653800	0.9444033	-0.3952200	-1.4752400	0.8614433	-0.1490600	-1.4773800	0.8609633	-0.0274900	-1.5060400	0.4554133	-0.0522400	-1.5736000	0.0761533	-0.0745400	-1.4585300	0.8633733	-0.2701900	-1.5188100	0.4597333	-0.2427300	-1.5865000	0.0686933	-0.2175000	-1.4068400	0.0261833	-0.2451900	-1.4181300	0.0281433	-0.2464600	-1.6187600	0.0318333	-0.2051800	-1.4188700	0.0269633	-0.0555300	-1.4297100	0.0296333	-0.0537000	-1.6015100	0.0397033	-0.0839900	-1.4153594	0.9348935	0.0432942	-1.3873798	0.9396036	-0.3271578	-1.6395161	0.9604646	-0.0870485	-1.6280544	0.9620624	-0.2325036	-1.5192650	0.4493235	0.0275343	-1.5009390	0.4618200	-0.1130101	-1.5787335	0.0769981	-0.0295928	-1.5459975	0.0881543	-0.1188276	-1.4389724	0.0439492	-0.0682528	-1.4899852	0.0298485	-0.0140489	-1.6385786	0.0637305	-0.0896861	-1.5226869	0.4498719	-0.3176225	-1.5077989	0.4627203	-0.1693557	-1.5896443	0.0728116	-0.2663257	-1.5529341	0.0827627	-0.1729378	-1.4309570	0.0379534	-0.2312115	-1.6577121	0.0573921	-0.2032928	-1.4846443	0.0285531	-0.2887215	-1.5720431	1.4930024	0.0351860	-1.5684761	1.5128470	-0.3273566	-1.6775034	1.4995979	-0.1468016	-1.4307086	0.6888769	0.0632758	-1.4720807	0.5923410	0.0753564	-1.5605182	0.6912810	0.0821711	-1.4132439	0.6850228	-0.3638953	-1.4612521	0.5909283	-0.3738802	-1.5500223	0.6935267	-0.3885196	-1.5390081	0.3386744	0.0150076	-1.5251615	0.2215847	0.0145064	-1.5950313	0.2400199	0.0111498	-1.5441714	0.3375418	-0.3073912	-1.5286762	0.2178043	-0.3129247	-1.6076196	0.2388375	-0.3043134	-1.5254058	0.8309684	-0.0411149	-1.5087036	0.8338742	-0.2649104	-1.5860498	1.1388499	0.1348218	-1.6026275	1.1301842	0.0491190	-1.4329772	0.9306150	0.0716927	-1.4883087	0.8896416	0.0922822	-1.5459310	1.1576367	-0.4372624	-1.5787368	1.1465404	-0.3654895	-1.4184600	0.9222294	-0.3785729	-1.4804300	0.8971622	-0.4026243
84	1.3833333	-1.5773400	1.4534233	-0.1454000	-1.5621300	1.4416833	0.0350900	-1.5886400	1.1819533	0.1090100	-1.4517800	0.9488633	0.0750300	-1.5595300	1.4628733	-0.3258600	-1.5590300	1.2002733	-0.3980000	-1.4662800	0.9442933	-0.3956100	-1.4752800	0.8617333	-0.1490400	-1.4764100	0.8615333	-0.0274200	-1.5065700	0.4549533	-0.0523500	-1.5743100	0.0775033	-0.0746300	-1.4595100	0.8634633	-0.2702700	-1.5193600	0.4587333	-0.2425700	-1.5874900	0.0680033	-0.2175800	-1.4039800	0.0263633	-0.2455900	-1.4155400	0.0281933	-0.2468200	-1.6208400	0.0311233	-0.2051000	-1.4224500	0.0261533	-0.0552200	-1.4327400	0.0290633	-0.0534100	-1.6025900	0.0411433	-0.0840900	-1.4149771	0.9353497	0.0430643	-1.3878467	0.9398006	-0.3273171	-1.6395479	0.9606294	-0.0867484	-1.6284227	0.9621293	-0.2321622	-1.5187071	0.4494241	0.0277645	-1.5006134	0.4619424	-0.1127863	-1.5786216	0.0768612	-0.0293363	-1.5460022	0.0880363	-0.1186813	-1.4386126	0.0438219	-0.0680640	-1.4897049	0.0298095	-0.0138066	-1.6386467	0.0635204	-0.0894121	-1.5236195	0.4496983	-0.3172502	-1.5085870	0.4626025	-0.1689211	-1.5902294	0.0723428	-0.2659249	-1.5534529	0.0823610	-0.1724411	-1.4303497	0.0381110	-0.2308807	-1.6586301	0.0565052	-0.2027874	-1.4843314	0.0283835	-0.2884861	-1.5713329	1.4932939	0.0352927	-1.5688661	1.5130596	-0.3274294	-1.6774547	1.4999782	-0.1464501	-1.4301801	0.6892335	0.0632838	-1.4715029	0.5925941	0.0754587	-1.5600241	0.6914972	0.0823586	-1.4137008	0.6849155	-0.3638261	-1.4619305	0.5907754	-0.3737083	-1.5506735	0.6935773	-0.3883156	-1.5385466	0.3386361	0.0152839	-1.5247992	0.2214565	0.0147024	-1.5947139	0.2400033	0.0115123	-1.5449893	0.3373098	-0.3070469	-1.5293556	0.2175329	-0.3125860	-1.6084367	0.2384283	-0.3039394	-1.5251973	0.8313142	-0.0410013	-1.5090074	0.8340622	-0.2647518	-1.5860616	1.1400994	0.1361252	-1.6033839	1.1312329	0.0504227	-1.4297741	0.9357675	0.0702797	-1.4840046	0.8931507	0.0911957	-1.5470053	1.1583002	-0.4373189	-1.5791065	1.1472510	-0.3657051	-1.4184605	0.9232458	-0.3784210	-1.4805426	0.8978458	-0.4018688
85	1.4000000	-1.5770500	1.4537433	-0.1459100	-1.5603100	1.4424433	0.0343400	-1.5882900	1.1870533	0.1146800	-1.4427300	0.9628233	0.0707600	-1.5608000	1.4627933	-0.3262700	-1.5595900	1.2005133	-0.3981200	-1.4670500	0.9441833	-0.3961800	-1.4768100	0.8620733	-0.1489300	-1.4780600	0.8621333	-0.0271700	-1.5081400	0.4545933	-0.0523900	-1.5752900	0.0789033	-0.0746500	-1.4608300	0.8635733	-0.2703000	-1.5175900	0.4585533	-0.2427200	-1.5865100	0.0681633	-0.2180100	-1.4022900	0.0266433	-0.2458000	-1.4140500	0.0283833	-0.2470200	-1.6200700	0.0317033	-0.2054900	-1.4261800	0.0257333	-0.0552100	-1.4361900	0.0288033	-0.0534100	-1.6044200	0.0428833	-0.0840600	-1.4161359	0.9359133	0.0429071	-1.3897652	0.9400268	-0.3273356	-1.6410885	0.9609206	-0.0864461	-1.6302671	0.9622957	-0.2317903	-1.5197023	0.4495854	0.0280122	-1.5017696	0.4621527	-0.1125189	-1.5804359	0.0770315	-0.0291824	-1.5478864	0.0882186	-0.1186153	-1.4404721	0.0438020	-0.0679275	-1.4916323	0.0299910	-0.0136421	-1.6404917	0.0637774	-0.0892751	-1.5254354	0.4495942	-0.3168786	-1.5102964	0.4624961	-0.1684532	-1.5916070	0.0719589	-0.2655456	-1.5548085	0.0820242	-0.1719282	-1.4305574	0.0384109	-0.2305725	-1.6603641	0.0556964	-0.2022956	-1.4848046	0.0283789	-0.2883012	-1.5717093	1.4936362	0.0352311	-1.5705176	1.5132946	-0.3275836	-1.6785575	1.5004724	-0.1462408	-1.4312393	0.6896157	0.0634039	-1.4725076	0.5928842	0.0756277	-1.5611004	0.6917722	0.0825444	-1.4153567	0.6850178	-0.3636707	-1.4636724	0.5907825	-0.3734944	-1.5525632	0.6936743	-0.3880858	-1.5397648	0.3387117	0.0155373	-1.5262646	0.2214647	0.0148676	-1.5961387	0.2402246	0.0118041	-1.5466605	0.3371516	-0.3066957	-1.5308679	0.2173883	-0.3122291	-1.6100739	0.2380752	-0.3036011	-1.5265041	0.8317289	-0.0408290	-1.5107699	0.8342724	-0.2644933	-1.5868510	1.1419945	0.1380013	-1.6052179	1.1327902	0.0523061	-1.4265433	0.9427474	0.0684766	-1.4793567	0.8981000	0.0899041	-1.5494782	1.1590740	-0.4373383	-1.5805162	1.1481094	-0.3659427	-1.4196867	0.9244883	-0.3783620	-1.4819290	0.8987104	-0.4009828
86	1.4166667	-1.5772000	1.4542433	-0.1462700	-1.5590800	1.4432633	0.0339000	-1.5895100	1.1918633	0.1210400	-1.4302100	0.9794233	0.0661200	-1.5623600	1.4628733	-0.3267000	-1.5597900	1.2010633	-0.3983800	-1.4672900	0.9442733	-0.3966500	-1.4796100	0.8621233	-0.1488100	-1.4822400	0.8620433	-0.0268000	-1.5096200	0.4544633	-0.0523000	-1.5755800	0.0798133	-0.0746000	-1.4621700	0.8635533	-0.2703400	-1.5151100	0.4590033	-0.2428900	-1.5852400	0.0691333	-0.2184000	-1.4019600	0.0270933	-0.2456900	-1.4137900	0.0287833	-0.2469300	-1.6182900	0.0332333	-0.2059100	-1.4276300	0.0259133	-0.0556800	-1.4377100	0.0290033	-0.0538200	-1.6056100	0.0442433	-0.0839100	-1.4186573	0.9361661	0.0428438	-1.3927467	0.9399610	-0.3273036	-1.6439581	0.9610580	-0.0862418	-1.6333201	0.9623155	-0.2315355	-1.5217271	0.4494725	0.0282112	-1.5038683	0.4621047	-0.1123240	-1.5832186	0.0771467	-0.0291749	-1.5507024	0.0883574	-0.1186909	-1.4434004	0.0436709	-0.0679563	-1.4946127	0.0300858	-0.0136227	-1.6432037	0.0640536	-0.0893200	-1.5274639	0.4493120	-0.3166587	-1.5123105	0.4621800	-0.1680899	-1.5932443	0.0714466	-0.2653006	-1.5564841	0.0815485	-0.1715235	-1.4312508	0.0385083	-0.2303503	-1.6623270	0.0548361	-0.2019783	-1.4856970	0.0282456	-0.2882306	-1.5728392	1.4936950	0.0350317	-1.5730496	1.5132696	-0.3278646	-1.6804657	1.5007933	-0.1462071	-1.4335762	0.6897657	0.0635914	-1.4747080	0.5929187	0.0758243	-1.5635119	0.6917455	0.0827073	-1.4177589	0.6851179	-0.3635455	-1.4659313	0.5907210	-0.3733673	-1.5552615	0.6935009	-0.3879746	-1.5420129	0.3385693	0.0156969	-1.5287624	0.2213080	0.0149469	-1.5985473	0.2403004	0.0119690	-1.5485614	0.3368113	-0.3064670	-1.5326303	0.2170987	-0.3119729	-1.6119286	0.2375626	-0.3034305	-1.5291975	0.8318591	-0.0406669	-1.5137366	0.8342109	-0.2642730	-1.5879889	1.1442813	0.1404104	-1.6076826	1.1345234	0.0547745	-1.4225252	0.9518870	0.0661527	-1.4733900	0.9047159	0.0882162	-1.5528480	1.1597062	-0.4374088	-1.5824064	1.1488566	-0.3663390	-1.4215433	0.9257487	-0.3784576	-1.4839595	0.8995295	-0.4000288
87	1.4333333	-1.5775800	1.4546033	-0.1464800	-1.5585700	1.4439333	0.0339100	-1.5928700	1.1964833	0.1281400	-1.4149900	0.9985733	0.0612100	-1.5635400	1.4628933	-0.3271900	-1.5598900	1.2018233	-0.3986900	-1.4671900	0.9444333	-0.3969000	-1.4824400	0.8614533	-0.1484200	-1.4861100	0.8611633	-0.0262500	-1.5100700	0.4545233	-0.0521900	-1.5747000	0.0801133	-0.0744300	-1.4639300	0.8629533	-0.2700500	-1.5134600	0.4595433	-0.2428700	-1.5847200	0.0702233	-0.2183700	-1.4008300	0.0280833	-0.2455000	-1.4127400	0.0297733	-0.2467500	-1.6174300	0.0345933	-0.2058700	-1.4276200	0.0259033	-0.0563000	-1.4377600	0.0289733	-0.0543500	-1.6049300	0.0449833	-0.0835800	-1.4212828	0.9356488	0.0431427	-1.3955381	0.9391947	-0.3270118	-1.6469214	0.9605903	-0.0858403	-1.6363474	0.9617554	-0.2311260	-1.5233102	0.4486796	0.0286312	-1.5055049	0.4613931	-0.1119534	-1.5851891	0.0767528	-0.0290242	-1.5527323	0.0880192	-0.1186379	-1.4455403	0.0430957	-0.0679388	-1.4967512	0.0297042	-0.0135183	-1.6450609	0.0638374	-0.0892135	-1.5285471	0.4484456	-0.3163373	-1.5134597	0.4612861	-0.1675971	-1.5940649	0.0704925	-0.2649680	-1.5573856	0.0806324	-0.1710280	-1.4313028	0.0381018	-0.2299779	-1.6634444	0.0536153	-0.2016344	-1.4859205	0.0276731	-0.2880329	-1.5735852	1.4931156	0.0350367	-1.5752081	1.5126636	-0.3279540	-1.6819998	1.5005895	-0.1460277	-1.4358254	0.6893305	0.0640924	-1.4766887	0.5923213	0.0763114	-1.5658998	0.6909635	0.0831625	-1.4197315	0.6847889	-0.3632046	-1.4675447	0.5901656	-0.3730723	-1.5575671	0.6926197	-0.3877089	-1.5437139	0.3377858	0.0160282	-1.5306064	0.2205773	0.0151846	-1.6002899	0.2397695	0.0123123	-1.5495642	0.3358958	-0.3061161	-1.5335451	0.2162710	-0.3115822	-1.6128861	0.2365423	-0.3031852	-1.5320427	0.8312608	-0.0402264	-1.5166770	0.8334637	-0.2638382	-1.5884118	1.1466108	0.1435196	-1.6096189	1.1360012	0.0581567	-1.4165281	0.9635421	0.0635043	-1.4646384	0.9132839	0.0861978	-1.5559016	1.1598791	-0.4372882	-1.5835501	1.1491785	-0.3667315	-1.4227462	0.9267048	-0.3784136	-1.4853174	0.8999759	-0.3987292
88	1.4500000	-1.5775800	1.4546233	-0.1467300	-1.5583000	1.4444233	0.0340900	-1.5977900	1.2018133	0.1359700	-1.3997400	1.0214433	0.0565300	-1.5636500	1.4624233	-0.3279100	-1.5604900	1.2023033	-0.3988900	-1.4674700	0.9444733	-0.3970400	-1.4842900	0.8600633	-0.1474800	-1.4871400	0.8601133	-0.0253200	-1.5101000	0.4544933	-0.0522500	-1.5731700	0.0802733	-0.0741000	-1.4665700	0.8613233	-0.2691500	-1.5133600	0.4598433	-0.2427100	-1.5845600	0.0710233	-0.2179200	-1.3986600	0.0291433	-0.2454200	-1.4107800	0.0308733	-0.2466400	-1.6175800	0.0351333	-0.2052800	-1.4280800	0.0254733	-0.0566300	-1.4380600	0.0285133	-0.0545900	-1.6029400	0.0452533	-0.0830400	-1.4229082	0.9343890	0.0440035	-1.3973063	0.9377353	-0.3262627	-1.6489339	0.9594618	-0.0848622	-1.6384145	0.9605543	-0.2301820	-1.5235388	0.4472567	0.0294852	-1.5058633	0.4600709	-0.1111691	-1.5854086	0.0758809	-0.0284981	-1.5531001	0.0872388	-0.1182268	-1.4460768	0.0421074	-0.0676762	-1.4971863	0.0288911	-0.0131481	-1.6451382	0.0631703	-0.0886662	-1.5281737	0.4470006	-0.3156149	-1.5131662	0.4598202	-0.1667546	-1.5935095	0.0691763	-0.2643202	-1.5569211	0.0793452	-0.1702754	-1.4300373	0.0373178	-0.2292745	-1.6631664	0.0520792	-0.2010324	-1.4848452	0.0267588	-0.2874804	-1.5731458	1.4920023	0.0354825	-1.5760940	1.5115111	-0.3276089	-1.6823187	1.4998892	-0.1454378	-1.4369432	0.6882936	0.0651111	-1.4774400	0.5911056	0.0772920	-1.5671385	0.6894429	0.0841922	-1.4206016	0.6839369	-0.3623690	-1.4679179	0.5890626	-0.3723072	-1.5587128	0.6910446	-0.3869088	-1.5439354	0.3364132	0.0167491	-1.5308531	0.2193248	0.0157670	-1.6004263	0.2386675	0.0130850	-1.5491434	0.3344410	-0.3053656	-1.5330891	0.2149597	-0.3108064	-1.6123985	0.2350660	-0.3025726	-1.5339296	0.8299302	-0.0391852	-1.5186462	0.8320139	-0.2628660	-1.5876113	1.1490871	0.1474005	-1.6103604	1.1372702	0.0627722	-1.4082897	0.9784764	0.0607514	-1.4526002	0.9246262	0.0839110	-1.5579496	1.1596427	-0.4367195	-1.5832768	1.1491610	-0.3669543	-1.4225763	0.9273267	-0.3779374	-1.4852852	0.9000475	-0.3968163
89	1.4666667	-1.5776100	1.4545333	-0.1471100	-1.5589600	1.4450733	0.0341600	-1.6023600	1.2079033	0.1443000	-1.3865900	1.0491833	0.0525700	-1.5629100	1.4615633	-0.3286800	-1.5614000	1.2026033	-0.3989800	-1.4683100	0.9446133	-0.3972600	-1.4848400	0.8593033	-0.1462500	-1.4858100	0.8602333	-0.0242000	-1.5107300	0.4541233	-0.0525000	-1.5716600	0.0803733	-0.0737500	-1.4689800	0.8597933	-0.2679500	-1.5147100	0.4601033	-0.2425500	-1.5839700	0.0715133	-0.2173700	-1.3981300	0.0297233	-0.2454000	-1.4103700	0.0313733	-0.2465700	-1.6174800	0.0353233	-0.2045100	-1.4285300	0.0251333	-0.0566100	-1.4383300	0.0282633	-0.0545300	-1.6006200	0.0456533	-0.0824500	-1.4231726	0.9337770	0.0451069	-1.3979172	0.9369189	-0.3253424	-1.6496369	0.9589386	-0.0834999	-1.6392561	0.9599569	-0.2288828	-1.5225292	0.4465412	0.0304180	-1.5050594	0.4594561	-0.1102817	-1.5840195	0.0757654	-0.0278741	-1.5519252	0.0872295	-0.1177043	-1.4452253	0.0418599	-0.0673937	-1.4961443	0.0288156	-0.0127813	-1.6435731	0.0632945	-0.0879346	-1.5266981	0.4462670	-0.3147205	-1.5117214	0.4590520	-0.1658826	-1.5918628	0.0687538	-0.2635986	-1.5553434	0.0789184	-0.1695758	-1.4277940	0.0373161	-0.2285473	-1.6617343	0.0514869	-0.2003921	-1.4827952	0.0266709	-0.2868150	-1.5715764	1.4917210	0.0360466	-1.5756329	1.5110289	-0.3271695	-1.6813897	1.4998962	-0.1447571	-1.4367584	0.6878682	0.0663152	-1.4769015	0.5905433	0.0784115	-1.5669774	0.6885785	0.0854784	-1.4204340	0.6837064	-0.3612759	-1.4672400	0.5886207	-0.3712883	-1.5586607	0.6901444	-0.3857335	-1.5428016	0.3357944	0.0175415	-1.5296377	0.2188705	0.0163933	-1.5991031	0.2382743	0.0139614	-1.5476302	0.3337558	-0.3044601	-1.5315835	0.2144598	-0.3099065	-1.6107719	0.2344187	-0.3017898	-1.5344369	0.8292237	-0.0377920	-1.5193614	0.8311835	-0.2615825	-1.5857160	1.1530264	0.1515939	-1.6098430	1.1396499	0.0684168	-1.3985433	0.9984928	0.0577068	-1.4378806	0.9407928	0.0810390	-1.5590081	1.1602709	-0.4358825	-1.5816702	1.1501486	-0.3672575	-1.4211031	0.9287673	-0.3772223	-1.4839798	0.9009523	-0.3945202
90	1.4833333	-1.5787500	1.4547833	-0.1474100	-1.5622900	1.4459533	0.0341100	-1.6036700	1.2145033	0.1527300	-1.3744100	1.0822833	0.0496700	-1.5618300	1.4611133	-0.3290700	-1.5618200	1.2024433	-0.3991300	-1.4691200	0.9449433	-0.3976700	-1.4848100	0.8603333	-0.1454900	-1.4853400	0.8617133	-0.0235400	-1.5119800	0.4542533	-0.0528400	-1.5712600	0.0806133	-0.0735000	-1.4693800	0.8604033	-0.2671100	-1.5168100	0.4605833	-0.2424300	-1.5822500	0.0714233	-0.2172200	-1.4001100	0.0291133	-0.2453800	-1.4122700	0.0308633	-0.2465500	-1.6158500	0.0353233	-0.2041400	-1.4276100	0.0252833	-0.0567900	-1.4373900	0.0283933	-0.0546500	-1.5987600	0.0462433	-0.0819100	-1.4229479	0.9349950	0.0457304	-1.3980476	0.9378866	-0.3248953	-1.6497343	0.9600897	-0.0826158	-1.6394989	0.9610102	-0.2280628	-1.5214711	0.4476129	0.0306756	-1.5041423	0.4605969	-0.1100342	-1.5821609	0.0772535	-0.0277751	-1.5502193	0.0888096	-0.1176568	-1.4439736	0.0431164	-0.0676278	-1.4946847	0.0302099	-0.0129801	-1.6415080	0.0650214	-0.0876770	-1.5252982	0.4472779	-0.3143627	-1.5103135	0.4600215	-0.1656594	-1.5901224	0.0700438	-0.2634410	-1.5536395	0.0801759	-0.1695341	-1.4257470	0.0387431	-0.2284105	-1.6600706	0.0526939	-0.2003047	-1.4808699	0.0280938	-0.2866620	-1.5701220	1.4933161	0.0360397	-1.5747369	1.5121736	-0.3273559	-1.6802494	1.5015348	-0.1447758	-1.4362450	0.6890737	0.0669574	-1.4761536	0.5916853	0.0789090	-1.5664257	0.6895580	0.0861922	-1.4200391	0.6850297	-0.3606397	-1.4664605	0.5898165	-0.3707328	-1.5582298	0.6910548	-0.3849713	-1.5414917	0.3369767	0.0177104	-1.5281235	0.2202130	0.0164442	-1.5975353	0.2395264	0.0142092	-1.5461466	0.3348457	-0.3041238	-1.5300705	0.2157125	-0.3095998	-1.6091073	0.2355168	-0.3015097	-1.5343157	0.8303087	-0.0368716	-1.5194574	0.8321135	-0.2607643	-1.5831629	1.1593660	0.1553530	-1.6083576	1.1441100	0.0745222	-1.3886297	1.0248023	0.0539254	-1.4218300	0.9634066	0.0771249	-1.5597659	1.1627451	-0.4352474	-1.5795478	1.1532080	-0.3681546	-1.4191748	0.9319362	-0.3767950	-1.4822853	0.9036507	-0.3924196
91	1.5000000	-1.5805800	1.4553333	-0.1473900	-1.5672700	1.4470133	0.0342600	-1.5993500	1.2219233	0.1610500	-1.3609100	1.1202633	0.0486100	-1.5605300	1.4611633	-0.3289100	-1.5612900	1.2015133	-0.3994500	-1.4693400	0.9449233	-0.3981400	-1.4851500	0.8626333	-0.1454200	-1.4882100	0.8637033	-0.0233300	-1.5127900	0.4551433	-0.0531400	-1.5726500	0.0802633	-0.0733200	-1.4672000	0.8629733	-0.2670400	-1.5189900	0.4610133	-0.2423600	-1.5799500	0.0708033	-0.2176100	-1.4026500	0.0280833	-0.2455400	-1.4145000	0.0298933	-0.2467300	-1.6133800	0.0354333	-0.2044500	-1.4260300	0.0255533	-0.0575800	-1.4360400	0.0285833	-0.0553100	-1.5988400	0.0462633	-0.0812600	-1.4234208	0.9375143	0.0457805	-1.3983833	0.9401149	-0.3249863	-1.6502133	0.9623615	-0.0826259	-1.6399279	0.9631560	-0.2281272	-1.5214128	0.4498519	0.0301966	-1.5040386	0.4628554	-0.1105373	-1.5810292	0.0795332	-0.0282021	-1.5490833	0.0911489	-0.1181036	-1.4432814	0.0450482	-0.0683600	-1.4938284	0.0322096	-0.0136914	-1.6401857	0.0675005	-0.0879583	-1.5249500	0.4494164	-0.3146932	-1.5099987	0.4621207	-0.1661149	-1.5891182	0.0722300	-0.2639387	-1.5526578	0.0823184	-0.1701373	-1.4247835	0.0407361	-0.2289111	-1.6589904	0.0548883	-0.2008203	-1.4799091	0.0301840	-0.2871276	-1.5700446	1.4961042	0.0354272	-1.5743310	1.5143180	-0.3282233	-1.6799713	1.5041432	-0.1456647	-1.4364680	0.6913835	0.0668974	-1.4762761	0.5939658	0.0786826	-1.5666792	0.6918351	0.0861380	-1.4201286	0.6872934	-0.3606350	-1.4663770	0.5920379	-0.3708302	-1.5582536	0.6932277	-0.3849699	-1.5410991	0.3392716	0.0172223	-1.5274368	0.2226010	0.0159354	-1.5968941	0.2416979	0.0137759	-1.5456295	0.3370495	-0.3045218	-1.5293955	0.2179952	-0.3100398	-1.6083422	0.2376297	-0.3018942	-1.5346704	0.8326642	-0.0367273	-1.5197365	0.8342856	-0.2606988	-1.5796502	1.1674515	0.1586804	-1.6055572	1.1500132	0.0811057	-1.3794280	1.0567138	0.0496215	-1.4054341	0.9922480	0.0725134	-1.5607713	1.1663783	-0.4347389	-1.5776207	1.1577023	-0.3695894	-1.4175279	0.9361261	-0.3766662	-1.4809139	0.9074782	-0.3906034
92	1.5166667	-1.5810600	1.4557933	-0.1469700	-1.5692400	1.4475733	0.0349000	-1.5870200	1.2299933	0.1694600	-1.3453500	1.1613433	0.0497400	-1.5595000	1.4614133	-0.3285900	-1.5600900	1.2007933	-0.3998100	-1.4690300	0.9442033	-0.3983600	-1.4858600	0.8655833	-0.1454500	-1.4926100	0.8658333	-0.0227200	-1.5128600	0.4565733	-0.0532100	-1.5753000	0.0794833	-0.0731900	-1.4641400	0.8666933	-0.2674700	-1.5208100	0.4612033	-0.2424400	-1.5782800	0.0703633	-0.2181200	-1.4032200	0.0274233	-0.2459800	-1.4148100	0.0293033	-0.2472000	-1.6115100	0.0354233	-0.2049400	-1.4252200	0.0254433	-0.0585100	-1.4355000	0.0283433	-0.0561000	-1.6008700	0.0454833	-0.0805700	-1.4246170	0.9406795	0.0459172	-1.3987742	0.9429698	-0.3249754	-1.6511112	0.9651740	-0.0829807	-1.6405070	0.9658210	-0.2285312	-1.5222078	0.4525406	0.0297033	-1.5046077	0.4655340	-0.1111130	-1.5808091	0.0818200	-0.0284887	-1.5487086	0.0934680	-0.1184272	-1.4431839	0.0468712	-0.0689434	-1.4936418	0.0340402	-0.0142187	-1.6398552	0.0699418	-0.0881502	-1.5254953	0.4520083	-0.3150789	-1.5106633	0.4646637	-0.1665542	-1.5886711	0.0745889	-0.2644899	-1.5522306	0.0846325	-0.1707263	-1.4245781	0.0426729	-0.2294701	-1.6583680	0.0572991	-0.2013258	-1.4796245	0.0323008	-0.2876564	-1.5709431	1.4992544	0.0349552	-1.5742874	1.5168345	-0.3290000	-1.6803179	1.5070931	-0.1466267	-1.4373314	0.6942226	0.0667841	-1.4771534	0.5967445	0.0784221	-1.5677548	0.6947311	0.0859698	-1.4205014	0.6899176	-0.3606760	-1.4667951	0.5946699	-0.3709910	-1.5586553	0.6960367	-0.3851932	-1.5415823	0.3419096	0.0167782	-1.5276230	0.2252173	0.0155485	-1.5972173	0.2440539	0.0133702	-1.5459257	0.3396762	-0.3050340	-1.5293729	0.2206189	-0.3106173	-1.6083399	0.2400442	-0.3023582	-1.5355831	0.8356751	-0.0367913	-1.5201735	0.8371003	-0.2608324	-1.5733013	1.1767524	0.1624329	-1.5996419	1.1568751	0.0888226	-1.3703837	1.0931662	0.0456484	-1.3883305	1.0266558	0.0682498	-1.5617578	1.1704244	-0.4337140	-1.5757476	1.1628719	-0.3709157	-1.4160644	0.9405893	-0.3764036	-1.4797348	0.9117394	-0.3887059
93	1.5333333	-1.5794900	1.4556633	-0.1463400	-1.5655800	1.4473633	0.0360300	-1.5658200	1.2376033	0.1782200	-1.3276600	1.2034833	0.0522100	-1.5598000	1.4612933	-0.3286500	-1.5587100	1.2003833	-0.4000000	-1.4687100	0.9427233	-0.3981500	-1.4862200	0.8696033	-0.1450100	-1.4942600	0.8695133	-0.0214400	-1.5125800	0.4582333	-0.0530700	-1.5773300	0.0786733	-0.0731100	-1.4630500	0.8711733	-0.2677800	-1.5221700	0.4615233	-0.2428200	-1.5780600	0.0707233	-0.2182000	-1.4021900	0.0278033	-0.2466100	-1.4136700	0.0297333	-0.2478000	-1.6114400	0.0360133	-0.2050600	-1.4251700	0.0252533	-0.0588800	-1.4356200	0.0280833	-0.0564100	-1.6028600	0.0444833	-0.0801500	-1.4255392	0.9449172	0.0466338	-1.3987225	0.9468595	-0.3244172	-1.6517068	0.9689404	-0.0828706	-1.6407109	0.9694156	-0.2284792	-1.5229766	0.4559600	0.0297580	-1.5051370	0.4689497	-0.1112058	-1.5807956	0.0844063	-0.0281419	-1.5485073	0.0960778	-0.1181877	-1.4429934	0.0489292	-0.0689268	-1.4934189	0.0360728	-0.0140701	-1.6398702	0.0726242	-0.0877579	-1.5261446	0.4554030	-0.3149269	-1.5114496	0.4679678	-0.1664395	-1.5882164	0.0775463	-0.2646116	-1.5517659	0.0875310	-0.1708573	-1.4243971	0.0450720	-0.2297060	-1.6576914	0.0603231	-0.2013536	-1.4793700	0.0349411	-0.2878291	-1.5712734	1.5029835	0.0352267	-1.5739329	1.5200961	-0.3290522	-1.6802171	1.5107792	-0.1467995	-1.4378582	0.6979572	0.0671617	-1.4778189	0.6003483	0.0786893	-1.5686711	0.6985995	0.0863331	-1.4205388	0.6933819	-0.3602360	-1.4670431	0.5981431	-0.3706541	-1.5588534	0.6998814	-0.3849687	-1.5421313	0.3451686	0.0169191	-1.5279102	0.2283180	0.0157750	-1.5976914	0.2469021	0.0135674	-1.5463278	0.3430836	-0.3050696	-1.5293914	0.2239807	-0.3107788	-1.6084308	0.2431485	-0.3023551	-1.5362015	0.8397663	-0.0364194	-1.5202155	0.8409734	-0.2605505	-1.5616889	1.1878834	0.1672367	-1.5882377	1.1653923	0.0979622	-1.3601381	1.1338154	0.0425339	-1.3694324	1.0665688	0.0649914	-1.5621794	1.1750861	-0.4316809	-1.5733819	1.1688565	-0.3717089	-1.4144427	0.9455244	-0.3759639	-1.4783538	0.9167037	-0.3866514
94	1.5500000	-1.5779900	1.4556033	-0.1459200	-1.5606700	1.4472733	0.0372000	-1.5409700	1.2442333	0.1871300	-1.3075900	1.2444633	0.0550500	-1.5613500	1.4612033	-0.3292700	-1.5576700	1.1990733	-0.4000000	-1.4686100	0.9409733	-0.3976100	-1.4862600	0.8756333	-0.1443600	-1.4923400	0.8761033	-0.0202800	-1.5121200	0.4596833	-0.0529000	-1.5777300	0.0779033	-0.0730600	-1.4649000	0.8765533	-0.2677700	-1.5228300	0.4624333	-0.2435200	-1.5787700	0.0713133	-0.2178200	-1.4016800	0.0281033	-0.2472200	-1.4131100	0.0300533	-0.2483400	-1.6123100	0.0363533	-0.2047100	-1.4248500	0.0252533	-0.0587300	-1.4353900	0.0280033	-0.0562600	-1.6041000	0.0431333	-0.0803200	-1.4259507	0.9512313	0.0474900	-1.3986325	0.9526997	-0.3236814	-1.6519783	0.9744890	-0.0823282	-1.6407721	0.9747384	-0.2279732	-1.5236436	0.4609296	0.0299332	-1.5056772	0.4739336	-0.1111837	-1.5808420	0.0879864	-0.0275565	-1.5484144	0.0996828	-0.1177726	-1.4426299	0.0519653	-0.0686968	-1.4930669	0.0390580	-0.0136497	-1.6400905	0.0761796	-0.0871608	-1.5268917	0.4604081	-0.3144626	-1.5122498	0.4728418	-0.1661003	-1.5879573	0.0818783	-0.2645987	-1.5514371	0.0917904	-0.1708940	-1.4243960	0.0486449	-0.2299497	-1.6571638	0.0647538	-0.2012390	-1.4793468	0.0387999	-0.2879517	-1.5706497	1.5080836	0.0358787	-1.5734473	1.5248628	-0.3287457	-1.6795925	1.5160105	-0.1463742	-1.4378718	0.7034098	0.0676605	-1.4781120	0.6056021	0.0790862	-1.5691804	0.7043555	0.0869236	-1.4204949	0.6986160	-0.3595853	-1.4672963	0.6033345	-0.3700508	-1.5590302	0.7056133	-0.3843768	-1.5426580	0.3498542	0.0172451	-1.5281911	0.2326800	0.0162120	-1.5981782	0.2509893	0.0139829	-1.5468940	0.3480589	-0.3048500	-1.5296240	0.2288746	-0.3107614	-1.6086941	0.2477170	-0.3021165	-1.5363418	0.8458901	-0.0358134	-1.5200647	0.8468033	-0.2600109	-1.5444495	1.2019425	0.1725317	-1.5708151	1.1767377	0.1075765	-1.3484161	1.1782640	0.0400658	-1.3489629	1.1117660	0.0625281	-1.5623057	1.1809841	-0.4287995	-1.5707959	1.1761080	-0.3724136	-1.4132610	0.9514261	-0.3760833	-1.4771688	0.9229734	-0.3850999
95	1.5666667	-1.5795000	1.4564633	-0.1463100	-1.5615200	1.4488433	0.0373300	-1.5205400	1.2525533	0.1954000	-1.2871000	1.2816433	0.0578500	-1.5632900	1.4614333	-0.3302400	-1.5579300	1.1979033	-0.3999300	-1.4682500	0.9395033	-0.3970300	-1.4869700	0.8816733	-0.1440900	-1.4907100	0.8832433	-0.0199200	-1.5123500	0.4598733	-0.0527700	-1.5766400	0.0769233	-0.0729700	-1.4678800	0.8816233	-0.2677600	-1.5219200	0.4637933	-0.2443600	-1.5783700	0.0706533	-0.2173300	-1.4023200	0.0273433	-0.2475400	-1.4137200	0.0293133	-0.2486300	-1.6114300	0.0354033	-0.2042100	-1.4239900	0.0256633	-0.0583900	-1.4346200	0.0282833	-0.0559600	-1.6051400	0.0410733	-0.0812200	-1.4269451	0.9576712	0.0478041	-1.3995821	0.9585441	-0.3233342	-1.6528781	0.9797053	-0.0819929	-1.6416440	0.9796835	-0.2276094	-1.5250834	0.4654780	0.0295716	-1.5070794	0.4785173	-0.1116278	-1.5814930	0.0905858	-0.0273856	-1.5489654	0.1023179	-0.1177652	-1.4427837	0.0541870	-0.0688082	-1.4932436	0.0411680	-0.0135745	-1.6409517	0.0785301	-0.0870385	-1.5283191	0.4649749	-0.3143005	-1.5136169	0.4773028	-0.1661133	-1.5883936	0.0854412	-0.2648974	-1.5517383	0.0953193	-0.1712392	-1.4251763	0.0513238	-0.2305370	-1.6572425	0.0684474	-0.2014192	-1.4801215	0.0417494	-0.2884279	-1.5705200	1.5126401	0.0360977	-1.5737937	1.5289948	-0.3288296	-1.6796011	1.5206978	-0.1462384	-1.4383797	0.7085323	0.0676619	-1.4789882	0.6104934	0.0789618	-1.5702162	0.7099941	0.0870479	-1.4212315	0.7036572	-0.3592859	-1.4683196	0.6082316	-0.3697670	-1.5600123	0.7111259	-0.3840172	-1.5439298	0.3540011	0.0171119	-1.5291522	0.2363477	0.0162452	-1.5993576	0.2543287	0.0139304	-1.5481692	0.3525164	-0.3049403	-1.5306040	0.2331904	-0.3110541	-1.6096512	0.2516162	-0.3021847	-1.5369539	0.8520174	-0.0355845	-1.5206592	0.8525618	-0.2597542	-1.5242024	1.2174669	0.1773491	-1.5497370	1.1894163	0.1162061	-1.3363543	1.2227395	0.0380820	-1.3288114	1.1584075	0.0607254	-1.5630964	1.1860990	-0.4255408	-1.5691358	1.1822736	-0.3738734	-1.4137510	0.9560932	-0.3774949	-1.4770079	0.9284547	-0.3848852
96	1.5833333	-1.5835900	1.4592833	-0.1478600	-1.5682800	1.4539633	0.0353200	-1.5075400	1.2648433	0.2024900	-1.2712300	1.3173633	0.0603900	-1.5648900	1.4621433	-0.3311400	-1.5597400	1.1969933	-0.3999400	-1.4670400	0.9388833	-0.3966600	-1.4888000	0.8854933	-0.1442200	-1.4921900	0.8876933	-0.0201700	-1.5140100	0.4588233	-0.0526300	-1.5749100	0.0763333	-0.0729100	-1.4701100	0.8844133	-0.2678000	-1.5197100	0.4647233	-0.2449600	-1.5770500	0.0694633	-0.2171300	-1.4036500	0.0259433	-0.2472900	-1.4150500	0.0277833	-0.2484400	-1.6082000	0.0338433	-0.2038700	-1.4234600	0.0259433	-0.0579700	-1.4341600	0.0285333	-0.0555900	-1.6060400	0.0394233	-0.0825300	-1.4292167	0.9619430	0.0475954	-1.4018210	0.9622461	-0.3233155	-1.6548682	0.9824468	-0.0820873	-1.6436205	0.9821737	-0.2275982	-1.5276185	0.4675685	0.0287284	-1.5095389	0.4806636	-0.1124193	-1.5827583	0.0904923	-0.0276805	-1.5501075	0.1022757	-0.1181408	-1.4436361	0.0539584	-0.0691808	-1.4941025	0.0407676	-0.0138364	-1.6422946	0.0780010	-0.0874676	-1.5303697	0.4670412	-0.3144918	-1.5155492	0.4793336	-0.1664962	-1.5893363	0.0862478	-0.2653579	-1.5525055	0.0961613	-0.1717179	-1.4266089	0.0512413	-0.2312034	-1.6577299	0.0694167	-0.2017455	-1.4815205	0.0418850	-0.2890402	-1.5720269	1.5147965	0.0355507	-1.5753717	1.5303562	-0.3295162	-1.6809799	1.5227552	-0.1468874	-1.4399880	0.7112448	0.0672128	-1.4809625	0.6129579	0.0783509	-1.5723441	0.7133004	0.0866048	-1.4229352	0.7064199	-0.3593328	-1.4701924	0.6107492	-0.3698247	-1.5619274	0.7142306	-0.3839788	-1.5461614	0.3556497	0.0165253	-1.5309385	0.2374669	0.0158801	-1.6013640	0.2550489	0.0133558	-1.5500362	0.3544101	-0.3053337	-1.5321593	0.2348927	-0.3115644	-1.6111602	0.2528239	-0.3025228	-1.5386089	0.8558732	-0.0358028	-1.5222998	0.8560657	-0.2598261	-1.5042648	1.2330445	0.1816299	-1.5281442	1.2019005	0.1233944	-1.3252085	1.2640449	0.0368590	-1.3106193	1.2029996	0.0600197	-1.5648357	1.1884400	-0.4221180	-1.5688821	1.1851391	-0.3763769	-1.4161154	0.9576387	-0.3800657	-1.4777173	0.9311829	-0.3860837
97	1.6000000	-1.5859400	1.4633933	-0.1501900	-1.5725900	1.4618233	0.0312700	-1.4981000	1.2818433	0.2087500	-1.2657300	1.3528233	0.0630700	-1.5660100	1.4624433	-0.3316800	-1.5610200	1.1966433	-0.3998100	-1.4651500	0.9383933	-0.3964900	-1.4901200	0.8851233	-0.1442900	-1.4945300	0.8875633	-0.0204900	-1.5149700	0.4579233	-0.0524800	-1.5737100	0.0766633	-0.0729900	-1.4705000	0.8838633	-0.2675500	-1.5179000	0.4645633	-0.2450700	-1.5768200	0.0687533	-0.2173600	-1.4052000	0.0249333	-0.2467000	-1.4166800	0.0266733	-0.2479500	-1.6060200	0.0335533	-0.2040400	-1.4243200	0.0260933	-0.0577700	-1.4350000	0.0287633	-0.0554200	-1.6063900	0.0394033	-0.0833300	-1.4311391	0.9619591	0.0473867	-1.4036087	0.9618967	-0.3232324	-1.6563098	0.9810575	-0.0821317	-1.6450230	0.9806340	-0.2275148	-1.5294026	0.4655379	0.0281089	-1.5112112	0.4787211	-0.1128473	-1.5831672	0.0867040	-0.0279368	-1.5504081	0.0985489	-0.1184004	-1.4438890	0.0501639	-0.0693664	-1.4943182	0.0368364	-0.0139732	-1.6426230	0.0738451	-0.0878923	-1.5313647	0.4649578	-0.3146118	-1.5163845	0.4772543	-0.1668675	-1.5894606	0.0830673	-0.2654950	-1.5524281	0.0930468	-0.1718933	-1.4272978	0.0473204	-0.2314628	-1.6573744	0.0664568	-0.2017598	-1.4821633	0.0381176	-0.2892602	-1.5735504	1.5132066	0.0345395	-1.5766432	1.5274268	-0.3304341	-1.6821504	1.5206711	-0.1479669	-1.4410630	0.7098515	0.0668725	-1.4823204	0.6113040	0.0778717	-1.5738768	0.7123515	0.0861589	-1.4240201	0.7051226	-0.3592820	-1.4712827	0.6091626	-0.3697809	-1.5630927	0.7131490	-0.3838111	-1.5475839	0.3532588	0.0160865	-1.5318963	0.2346400	0.0156214	-1.6025142	0.2518957	0.0128827	-1.5508904	0.3521774	-0.3055700	-1.5327958	0.2324921	-0.3118016	-1.6117164	0.2499854	-0.3026617	-1.5397338	0.8554613	-0.0359672	-1.5233433	0.8554317	-0.2598063	-1.4857223	1.2474137	0.1863130	-1.5071821	1.2128299	0.1298930	-1.3148759	1.3005829	0.0366711	-1.2940908	1.2436540	0.0607918	-1.5660057	1.1865476	-0.4185074	-1.5684534	1.1832659	-0.3796881	-1.4185344	0.9549229	-0.3831016	-1.4774325	0.9298176	-0.3881869
98	1.6166667	-1.5817300	1.4667233	-0.1524100	-1.5645100	1.4682133	0.0265100	-1.4876000	1.3022833	0.2146500	-1.2691300	1.3923533	0.0664800	-1.5665500	1.4625133	-0.3318000	-1.5600500	1.1969433	-0.3993400	-1.4636000	0.9374833	-0.3964500	-1.4899300	0.8844833	-0.1439800	-1.4955500	0.8865833	-0.0206500	-1.5132000	0.4583533	-0.0523800	-1.5738800	0.0771733	-0.0731100	-1.4692400	0.8836433	-0.2667100	-1.5171500	0.4641233	-0.2449400	-1.5776500	0.0681333	-0.2178500	-1.4050700	0.0250033	-0.2464000	-1.4167100	0.0266533	-0.2477500	-1.6066100	0.0330633	-0.2045800	-1.4259800	0.0258033	-0.0581700	-1.4365700	0.0285133	-0.0557900	-1.6057500	0.0402733	-0.0830800	-1.4313862	0.9615475	0.0474039	-1.4039870	0.9612353	-0.3227927	-1.6560894	0.9798163	-0.0817224	-1.6448738	0.9793005	-0.2269281	-1.5292344	0.4634946	0.0280450	-1.5109629	0.4767914	-0.1126217	-1.5822328	0.0834893	-0.0278938	-1.5494238	0.0953882	-0.1183306	-1.4430130	0.0468965	-0.0692069	-1.4934088	0.0335212	-0.0137880	-1.6415339	0.0704755	-0.0879820	-1.5306527	0.4628097	-0.3143042	-1.5154803	0.4750545	-0.1670431	-1.5883853	0.0801799	-0.2650956	-1.5511775	0.0901927	-0.1716859	-1.4266667	0.0439762	-0.2312728	-1.6558880	0.0637343	-0.2013177	-1.4815013	0.0348706	-0.2889207	-1.5727728	1.5120148	0.0333205	-1.5765971	1.5245665	-0.3312387	-1.6815155	1.5188868	-0.1488798	-1.4404778	0.7084965	0.0669429	-1.4818960	0.6096566	0.0778437	-1.5736418	0.7111893	0.0860670	-1.4238028	0.7037935	-0.3587906	-1.4709003	0.6075367	-0.3692579	-1.5627140	0.7119637	-0.3830065	-1.5471920	0.3509316	0.0160901	-1.5312437	0.2319778	0.0156928	-1.6019734	0.2491102	0.0128461	-1.5501265	0.3499319	-0.3053153	-1.5320169	0.2301709	-0.3114810	-1.6107864	0.2473219	-0.3022807	-1.5392786	0.8548094	-0.0357432	-1.5229648	0.8546343	-0.2593217	-1.4685418	1.2644035	0.1921915	-1.4868160	1.2261320	0.1366566	-1.3056334	1.3373215	0.0373959	-1.2790716	1.2853161	0.0628434	-1.5655694	1.1844912	-0.4144701	-1.5664321	1.1808919	-0.3834463	-1.4200487	0.9521619	-0.3860310	-1.4753970	0.9284381	-0.3906511
99	1.6333333	-1.5705500	1.4679333	-0.1536400	-1.5423800	1.4705633	0.0230500	-1.4746900	1.3251033	0.2197200	-1.2744200	1.4359833	0.0703200	-1.5670400	1.4623733	-0.3317800	-1.5576100	1.1975033	-0.3987600	-1.4630700	0.9365033	-0.3965200	-1.4894000	0.8857633	-0.1432000	-1.4959200	0.8869133	-0.0204000	-1.5109800	0.4597633	-0.0522500	-1.5750400	0.0767633	-0.0732100	-1.4679600	0.8861733	-0.2653500	-1.5164400	0.4644333	-0.2447700	-1.5787300	0.0681533	-0.2181200	-1.4021500	0.0264033	-0.2464300	-1.4141500	0.0278733	-0.2478300	-1.6092400	0.0324633	-0.2048000	-1.4273800	0.0250933	-0.0588900	-1.4379300	0.0278033	-0.0564600	-1.6044100	0.0403733	-0.0823800	-1.4307064	0.9629057	0.0476857	-1.4042114	0.9623063	-0.3220289	-1.6552770	0.9811104	-0.0805669	-1.6444274	0.9804869	-0.2255695	-1.5282858	0.4634620	0.0285756	-1.5101064	0.4769046	-0.1118480	-1.5812794	0.0826877	-0.0274962	-1.5485376	0.0946398	-0.1179838	-1.4421633	0.0460852	-0.0688005	-1.4925407	0.0327196	-0.0132672	-1.6404617	0.0696374	-0.0876961	-1.5294902	0.4628022	-0.3135028	-1.5140532	0.4748906	-0.1668700	-1.5873551	0.0796627	-0.2641814	-1.5499917	0.0896592	-0.1710699	-1.4258469	0.0434125	-0.2307777	-1.6545480	0.0632036	-0.2003975	-1.4807174	0.0343470	-0.2881521	-1.5689131	1.5132093	0.0321993	-1.5759848	1.5241924	-0.3316275	-1.6790977	1.5198821	-0.1489188	-1.4392137	0.7092644	0.0675222	-1.4807254	0.6100758	0.0783716	-1.5726707	0.7120186	0.0865777	-1.4234930	0.7046991	-0.3578583	-1.4702811	0.6081195	-0.3682485	-1.5622064	0.7128803	-0.3815061	-1.5462494	0.3506633	0.0165996	-1.5302700	0.2314204	0.0161464	-1.6010093	0.2486281	0.0133424	-1.5490078	0.3498327	-0.3045266	-1.5310803	0.2300782	-0.3106358	-1.6096539	0.2469507	-0.3013496	-1.5383351	0.8561964	-0.0349684	-1.5225650	0.8558567	-0.2582542	-1.4527841	1.2860702	0.1991892	-1.4669333	1.2441181	0.1440802	-1.2984570	1.3775816	0.0387288	-1.2664015	1.3315351	0.0657844	-1.5644151	1.1844213	-0.4096524	-1.5632757	1.1801322	-0.3873508	-1.4217538	0.9514026	-0.3884624	-1.4728743	0.9291372	-0.3930619
100	1.6500000	-1.5598400	1.4667333	-0.1532600	-1.5202500	1.4689933	0.0228800	-1.4594800	1.3508533	0.2232000	-1.2787700	1.4798733	0.0746000	-1.5678900	1.4616833	-0.3318400	-1.5545900	1.1976433	-0.3981500	-1.4634700	0.9357333	-0.3968900	-1.4879000	0.8858433	-0.1421300	-1.4948200	0.8861933	-0.0196800	-1.5111100	0.4604033	-0.0519100	-1.5751400	0.0760633	-0.0731300	-1.4661600	0.8867033	-0.2639000	-1.5153300	0.4652033	-0.2444500	-1.5797800	0.0681833	-0.2176100	-1.3991800	0.0280933	-0.2459300	-1.4116100	0.0294433	-0.2473800	-1.6116500	0.0321633	-0.2042200	-1.4284600	0.0239933	-0.0590400	-1.4389300	0.0267633	-0.0565800	-1.6022800	0.0400333	-0.0819900	-1.4284330	0.9629966	0.0482114	-1.4036645	0.9621056	-0.3213179	-1.6533109	0.9816186	-0.0786696	-1.6431374	0.9808756	-0.2235797	-1.5263712	0.4622161	0.0295065	-1.5084613	0.4758257	-0.1107254	-1.5798654	0.0811387	-0.0268592	-1.5473296	0.0931556	-0.1174453	-1.4409149	0.0445023	-0.0683120	-1.4912378	0.0312271	-0.0125987	-1.6390116	0.0681697	-0.0871201	-1.5274386	0.4618127	-0.3125205	-1.5115829	0.4737190	-0.1664367	-1.5859474	0.0784450	-0.2630425	-1.5483558	0.0883905	-0.1702042	-1.4243965	0.0424917	-0.2301703	-1.6529130	0.0618115	-0.1992062	-1.4794667	0.0333580	-0.2872365	-1.5612191	1.5133607	0.0314270	-1.5741275	1.5231534	-0.3315483	-1.6741270	1.5202271	-0.1478418	-1.4368177	0.7088156	0.0684948	-1.4784692	0.6092742	0.0793182	-1.5704887	0.7116722	0.0876266	-1.4224288	0.7046563	-0.3568400	-1.4688933	0.6077377	-0.3671337	-1.5611155	0.7126916	-0.3797599	-1.5445254	0.3492920	0.0174518	-1.5286850	0.2298585	0.0168330	-1.5993078	0.2472543	0.0142133	-1.5471592	0.3487716	-0.3035453	-1.5295972	0.2290775	-0.3096467	-1.6079435	0.2457725	-0.3001723	-1.5362669	0.8564415	-0.0337004	-1.5215381	0.8559312	-0.2568760	-1.4369232	1.3099236	0.2064348	-1.4457133	1.2645238	0.1517207	-1.2924175	1.4194152	0.0403546	-1.2552402	1.3805756	0.0692916	-1.5623066	1.1836214	-0.4036952	-1.5584865	1.1779555	-0.3912007	-1.4235866	0.9496047	-0.3900912	-1.4698430	0.9290639	-0.3949576
101	1.6666667	-1.5577500	1.4663233	-0.1516000	-1.5149500	1.4686633	0.0260100	-1.4435900	1.3775633	0.2253400	-1.2848900	1.5188633	0.0797000	-1.5685000	1.4612633	-0.3319400	-1.5512800	1.1966233	-0.3973800	-1.4647800	0.9351633	-0.3977100	-1.4838000	0.8822133	-0.1414100	-1.4908900	0.8818733	-0.0191400	-1.5126400	0.4600733	-0.0513900	-1.5726700	0.0766133	-0.0726300	-1.4619500	0.8841933	-0.2629900	-1.5153200	0.4652233	-0.2441000	-1.5809900	0.0690833	-0.2165700	-1.3994700	0.0283733	-0.2449000	-1.4119800	0.0297633	-0.2463800	-1.6125900	0.0339333	-0.2033300	-1.4299600	0.0232733	-0.0581900	-1.4402500	0.0261433	-0.0557600	-1.5988200	0.0409433	-0.0817000	-1.4234578	0.9593244	0.0486185	-1.4005593	0.9584507	-0.3212815	-1.6487436	0.9783794	-0.0768065	-1.6393014	0.9776284	-0.2218423	-1.5224801	0.4574123	0.0303127	-1.5047635	0.4711602	-0.1096276	-1.5768398	0.0768508	-0.0264116	-1.5445449	0.0889207	-0.1169511	-1.4383925	0.0398870	-0.0680341	-1.4885988	0.0268730	-0.0122820	-1.6359340	0.0642486	-0.0865756	-1.5234633	0.4574383	-0.3122152	-1.5070457	0.4692400	-0.1663997	-1.5832578	0.0743895	-0.2623686	-1.5453006	0.0842454	-0.1696605	-1.4214579	0.0387542	-0.2298913	-1.6500790	0.0576027	-0.1983579	-1.4769226	0.0294381	-0.2867572	-1.5505814	1.5100667	0.0308544	-1.5700442	1.5188966	-0.3314938	-1.6664698	1.5169046	-0.1464351	-1.4322363	0.7045574	0.0693221	-1.4741403	0.6047686	0.0801183	-1.5659260	0.7076049	0.0884883	-1.4190566	0.7009959	-0.3565056	-1.4654059	0.6038109	-0.3667547	-1.5578058	0.7088882	-0.3787735	-1.5409379	0.3445789	0.0181184	-1.5254354	0.2251848	0.0172644	-1.5957789	0.2428346	0.0149010	-1.5436270	0.3444251	-0.3032247	-1.5266206	0.2248291	-0.3093064	-1.6047158	0.2415768	-0.2995457	-1.5315680	0.8528466	-0.0325795	-1.5179683	0.8523430	-0.2559809	-1.4207853	1.3333613	0.2128840	-1.4228201	1.2848711	0.1583285	-1.2869475	1.4597063	0.0419183	-1.2451862	1.4289994	0.0729400	-1.5587773	1.1802118	-0.3968130	-1.5516820	1.1722431	-0.3950123	-1.4253537	0.9444360	-0.3911942	-1.4661754	0.9261050	-0.3962597
102	1.6833333	-1.5644200	1.4667733	-0.1500800	-1.5270000	1.4703133	0.0297200	-1.4303400	1.4046233	0.2272400	-1.2933100	1.5520833	0.0842700	-1.5689400	1.4605833	-0.3321900	-1.5490100	1.1952933	-0.3966200	-1.4666200	0.9345333	-0.3987100	-1.4790700	0.8769633	-0.1418400	-1.4865600	0.8765633	-0.0197300	-1.5132800	0.4595333	-0.0510600	-1.5698000	0.0780433	-0.0718700	-1.4568700	0.8789333	-0.2632300	-1.5176300	0.4641133	-0.2440900	-1.5813600	0.0699433	-0.2157300	-1.4027000	0.0269133	-0.2445000	-1.4148600	0.0284633	-0.2459300	-1.6116400	0.0351733	-0.2026600	-1.4315500	0.0230033	-0.0570700	-1.4416500	0.0260233	-0.0547000	-1.5959600	0.0425833	-0.0813100	-1.4183528	0.9539893	0.0482164	-1.3965907	0.9535320	-0.3223499	-1.6436806	0.9731333	-0.0762431	-1.6346891	0.9725252	-0.2215274	-1.5186345	0.4514820	0.0302234	-1.5007805	0.4652779	-0.1092705	-1.5741846	0.0722191	-0.0267639	-1.5420114	0.0842774	-0.1170207	-1.4367217	0.0345720	-0.0683829	-1.4867700	0.0219841	-0.0128541	-1.6330778	0.0602657	-0.0866723	-1.5199200	0.4518163	-0.3132875	-1.5029839	0.4636333	-0.1675244	-1.5813181	0.0696526	-0.2627459	-1.5429651	0.0794055	-0.1700600	-1.4191799	0.0342291	-0.2304977	-1.6480826	0.0528098	-0.1984528	-1.4750982	0.0246792	-0.2872791	-1.5418324	1.5056238	0.0299221	-1.5663762	1.5134484	-0.3322561	-1.6598802	1.5117845	-0.1460239	-1.4278197	0.6987828	0.0692282	-1.4699943	0.5989157	0.0799695	-1.5612549	0.7019979	0.0881228	-1.4153449	0.6956374	-0.3574319	-1.4618886	0.5983410	-0.3677239	-1.5539801	0.7035706	-0.3793533	-1.5374407	0.3389162	0.0178605	-1.5225030	0.2197873	0.0168006	-1.5924296	0.2377645	0.0146391	-1.5406518	0.3389519	-0.3042394	-1.5242667	0.2194805	-0.3101881	-1.6021127	0.2365255	-0.3001451	-1.5263971	0.8474316	-0.0326183	-1.5134859	0.8471673	-0.2564218	-1.4080641	1.3570768	0.2176584	-1.4020449	1.3058592	0.1625142	-1.2847283	1.4977981	0.0427698	-1.2389942	1.4754864	0.0760205	-1.5559161	1.1763791	-0.3902001	-1.5452635	1.1653771	-0.3992827	-1.4291674	0.9379612	-0.3925730	-1.4640076	0.9224389	-0.3976109
103	1.7000000	-1.5722800	1.4677133	-0.1498200	-1.5417300	1.4726933	0.0313400	-1.4235100	1.4323833	0.2296300	-1.3022900	1.5839133	0.0865500	-1.5695100	1.4600933	-0.3327100	-1.5490200	1.1941333	-0.3961700	-1.4680800	0.9339333	-0.3995200	-1.4767000	0.8724033	-0.1433500	-1.4852400	0.8727133	-0.0214400	-1.5127700	0.4591933	-0.0512300	-1.5691300	0.0785033	-0.0713300	-1.4535200	0.8734233	-0.2644900	-1.5204000	0.4625933	-0.2442600	-1.5809100	0.0699833	-0.2155200	-1.4054400	0.0252133	-0.2451600	-1.4172800	0.0268633	-0.2464800	-1.6115000	0.0350033	-0.2022700	-1.4314900	0.0231733	-0.0566300	-1.4415000	0.0262233	-0.0543000	-1.5956000	0.0432133	-0.0809800	-1.4161869	0.9492720	0.0470337	-1.3945190	0.9495147	-0.3241721	-1.6411529	0.9683127	-0.0772164	-1.6322037	0.9679590	-0.2227491	-1.5172829	0.4468797	0.0293692	-1.4990080	0.4606238	-0.1097249	-1.5741444	0.0692997	-0.0277236	-1.5419477	0.0812658	-0.1176346	-1.4378742	0.0309389	-0.0691748	-1.4877488	0.0188297	-0.0139791	-1.6327084	0.0580334	-0.0873545	-1.5194615	0.4473368	-0.3153850	-1.5022748	0.4592538	-0.1695006	-1.5822687	0.0662621	-0.2638491	-1.5436549	0.0759317	-0.1710952	-1.4197988	0.0310507	-0.2317487	-1.6490826	0.0493992	-0.1992110	-1.4760598	0.0213089	-0.2885270	-1.5386925	1.5024032	0.0287107	-1.5660923	1.5091516	-0.3338643	-1.6578701	1.5074052	-0.1468478	-1.4262994	0.6940303	0.0682675	-1.4686301	0.5942186	0.0789845	-1.5593479	0.6972508	0.0866346	-1.4139862	0.6909117	-0.3593106	-1.4609502	0.5936926	-0.3697106	-1.5523196	0.6991068	-0.3812950	-1.5364182	0.3346484	0.0168390	-1.5221411	0.2158948	0.0156588	-1.5916263	0.2342556	0.0136345	-1.5406901	0.3346625	-0.3062092	-1.5247932	0.2152831	-0.3118970	-1.6024895	0.2328006	-0.3016573	-1.5238719	0.8425797	-0.0339121	-1.5110216	0.8427249	-0.2581023	-1.4021955	1.3822791	0.2206855	-1.3872090	1.3287565	0.1642660	-1.2881509	1.5338754	0.0426910	-1.2389701	1.5197560	0.0783441	-1.5558975	1.1741103	-0.3847721	-1.5416862	1.1597720	-0.4040656	-1.4365820	0.9326366	-0.3944025	-1.4650460	0.9204191	-0.3992584
104	1.7166667	-1.5763400	1.4687633	-0.1506600	-1.5492700	1.4755233	0.0306100	-1.4239400	1.4607833	0.2318700	-1.3122500	1.6149733	0.0867800	-1.5700600	1.4595933	-0.3333800	-1.5501000	1.1932733	-0.3960400	-1.4690100	0.9330633	-0.4002600	-1.4765100	0.8681133	-0.1451200	-1.4863700	0.8696133	-0.0234500	-1.5120200	0.4588133	-0.0516800	-1.5698400	0.0778833	-0.0711200	-1.4520800	0.8680133	-0.2659700	-1.5210200	0.4614833	-0.2442600	-1.5799600	0.0697333	-0.2157600	-1.4049600	0.0248833	-0.2460900	-1.4168000	0.0265333	-0.2473400	-1.6130500	0.0342333	-0.2019600	-1.4282100	0.0236933	-0.0568100	-1.4383400	0.0266333	-0.0544800	-1.5962000	0.0429133	-0.0808500	-1.4164794	0.9447379	0.0458326	-1.3940485	0.9458166	-0.3259949	-1.6410055	0.9638419	-0.0788685	-1.6317536	0.9638025	-0.2246507	-1.5176752	0.4431062	0.0286321	-1.4989470	0.4567565	-0.1103692	-1.5756093	0.0673037	-0.0284603	-1.5433542	0.0791531	-0.1181982	-1.4402661	0.0286210	-0.0697532	-1.4899582	0.0169013	-0.0147633	-1.6338829	0.0565046	-0.0879236	-1.5211739	0.4436422	-0.3175859	-1.5040559	0.4556966	-0.1713053	-1.5849372	0.0635232	-0.2648718	-1.5462390	0.0731460	-0.1718989	-1.4220983	0.0287438	-0.2328520	-1.6519231	0.0465487	-0.1998638	-1.4785651	0.0188616	-0.2897304	-1.5399541	1.4999603	0.0278408	-1.5684693	1.5056983	-0.3356540	-1.6596256	1.5036942	-0.1481152	-1.4269528	0.6899377	0.0672743	-1.4692687	0.5902498	0.0780723	-1.5597249	0.6929369	0.0851133	-1.4143957	0.6865921	-0.3613429	-1.4618624	0.5895940	-0.3718896	-1.5525072	0.6951023	-0.3837726	-1.5370495	0.3312247	0.0159369	-1.5233144	0.2128903	0.0147075	-1.5924440	0.2316119	0.0128432	-1.5427471	0.3311198	-0.3082056	-1.5270958	0.2117534	-0.3135665	-1.6048212	0.2298318	-0.3032327	-1.5238562	0.8379663	-0.0356065	-1.5105477	0.8386087	-0.2601768	-1.4029041	1.4082030	0.2226081	-1.3785294	1.3529048	0.1649035	-1.2960810	1.5669133	0.0421640	-1.2440021	1.5605949	0.0804037	-1.5576417	1.1725968	-0.3804935	-1.5400666	1.1549693	-0.4087167	-1.4458871	0.9282473	-0.3961481	-1.4679447	0.9196295	-0.4007361
105	1.7333333	-1.5772900	1.4703233	-0.1518400	-1.5517500	1.4793933	0.0288500	-1.4274000	1.4887033	0.2326800	-1.3208600	1.6465033	0.0859000	-1.5698000	1.4585733	-0.3339200	-1.5503100	1.1925033	-0.3961000	-1.4701200	0.9320533	-0.4012400	-1.4773000	0.8642233	-0.1465400	-1.4871100	0.8668633	-0.0249600	-1.5116300	0.4585233	-0.0520200	-1.5706600	0.0772633	-0.0712000	-1.4529200	0.8629633	-0.2673000	-1.5198000	0.4610433	-0.2442800	-1.5787000	0.0701533	-0.2160900	-1.4029900	0.0259233	-0.2466600	-1.4148700	0.0276133	-0.2478900	-1.6130700	0.0344033	-0.2017700	-1.4238900	0.0243433	-0.0567800	-1.4343800	0.0271133	-0.0544900	-1.5962700	0.0425533	-0.0810500	-1.4177389	0.9405460	0.0451186	-1.3940588	0.9424887	-0.3274084	-1.6420187	0.9600735	-0.0803936	-1.6322642	0.9603700	-0.2264587	-1.5184091	0.4401659	0.0284741	-1.4993589	0.4537523	-0.1107912	-1.5769534	0.0660949	-0.0285595	-1.5446928	0.0778754	-0.1183560	-1.4420167	0.0275907	-0.0697827	-1.4915441	0.0161419	-0.0147985	-1.6350860	0.0555016	-0.0879850	-1.5232807	0.4408270	-0.3193052	-1.5064760	0.4530238	-0.1723665	-1.5874027	0.0614517	-0.2653835	-1.5487631	0.0710607	-0.1720614	-1.4241671	0.0273845	-0.2333886	-1.6546286	0.0442297	-0.2000281	-1.4807307	0.0173911	-0.2904409	-1.5431425	1.4984028	0.0275660	-1.5716945	1.5031636	-0.3371305	-1.6630146	1.5009306	-0.1492170	-1.4282585	0.6865631	0.0667979	-1.4704101	0.5870357	0.0777654	-1.5609820	0.6891325	0.0842614	-1.4152214	0.6830054	-0.3630026	-1.4631289	0.5862799	-0.3737107	-1.5533267	0.6916477	-0.3861164	-1.5379018	0.3286518	0.0156122	-1.5244879	0.2107679	0.0143801	-1.5933560	0.2297217	0.0127414	-1.5450238	0.3284122	-0.3096583	-1.5293570	0.2090134	-0.3146872	-1.6072472	0.2276215	-0.3043457	-1.5250896	0.8337756	-0.0369829	-1.5110264	0.8349388	-0.2619846	-1.4075576	1.4349654	0.2236838	-1.3737739	1.3785945	0.1654335	-1.3057474	1.5976599	0.0415020	-1.2513842	1.5987050	0.0825655	-1.5592178	1.1716684	-0.3770659	-1.5385874	1.1510117	-0.4125993	-1.4548896	0.9248680	-0.3974103	-1.4708931	0.9198993	-0.4016017
106	1.7500000	-1.5773900	1.4718733	-0.1529300	-1.5531000	1.4840033	0.0270600	-1.4279600	1.5158233	0.2315100	-1.3258500	1.6780333	0.0841200	-1.5689400	1.4568833	-0.3342800	-1.5499400	1.1919233	-0.3962600	-1.4715200	0.9313833	-0.4023200	-1.4788700	0.8616933	-0.1475500	-1.4867000	0.8652033	-0.0256400	-1.5115600	0.4585433	-0.0522500	-1.5720800	0.0772333	-0.0715100	-1.4563400	0.8596033	-0.2687500	-1.5190200	0.4608333	-0.2445800	-1.5782400	0.0710933	-0.2163900	-1.4033300	0.0267333	-0.2467100	-1.4149800	0.0285633	-0.2479400	-1.6105300	0.0358933	-0.2020000	-1.4228400	0.0244433	-0.0562200	-1.4336400	0.0271333	-0.0540100	-1.5967400	0.0426833	-0.0816300	-1.4195847	0.9377201	0.0448335	-1.3946115	0.9404587	-0.3285084	-1.6439242	0.9579950	-0.0815379	-1.6336482	0.9586156	-0.2279306	-1.5193886	0.4388900	0.0286990	-1.5001690	0.4524605	-0.1110389	-1.5782931	0.0663543	-0.0282626	-1.5460914	0.0781213	-0.1182532	-1.4434003	0.0282088	-0.0694618	-1.4928146	0.0170260	-0.0143715	-1.6364181	0.0558777	-0.0877106	-1.5254288	0.4396975	-0.3204918	-1.5090754	0.4520194	-0.1728255	-1.5893580	0.0609278	-0.2654938	-1.5508866	0.0705455	-0.1718289	-1.4258739	0.0276161	-0.2334964	-1.6567900	0.0434557	-0.1998755	-1.4824126	0.0175625	-0.2906950	-1.5471487	1.4986910	0.0276153	-1.5751509	1.5023118	-0.3382993	-1.6671001	1.5000329	-0.1501219	-1.4299855	0.6847524	0.0667383	-1.4718738	0.5854187	0.0779008	-1.5628257	0.6867694	0.0840129	-1.4164407	0.6811248	-0.3642316	-1.4646230	0.5846594	-0.3750808	-1.5546568	0.6896309	-0.3880739	-1.5389530	0.3277387	0.0156627	-1.5257306	0.2102871	0.0144437	-1.5943741	0.2293384	0.0130844	-1.5471901	0.3273846	-0.3105443	-1.5313278	0.2079739	-0.3152778	-1.6093822	0.2269785	-0.3049817	-1.5272206	0.8309915	-0.0378988	-1.5123747	0.8326396	-0.2634026	-1.4133496	1.4633457	0.2234925	-1.3705024	1.4067457	0.1658237	-1.3149948	1.6278197	0.0403642	-1.2589532	1.6358006	0.0845100	-1.5601018	1.1719826	-0.3744768	-1.5368530	1.1486273	-0.4155200	-1.4629347	0.9231686	-0.3983045	-1.4735561	0.9216199	-0.4019252
107	1.7666667	-1.5765300	1.4733633	-0.1540100	-1.5520300	1.4884633	0.0252000	-1.4250400	1.5412733	0.2287400	-1.3298400	1.7086133	0.0815200	-1.5685900	1.4553333	-0.3346900	-1.5504300	1.1921833	-0.3963700	-1.4718500	0.9313133	-0.4030000	-1.4796600	0.8609533	-0.1480900	-1.4854200	0.8650333	-0.0257600	-1.5108100	0.4590933	-0.0526100	-1.5731500	0.0778733	-0.0717600	-1.4590300	0.8582933	-0.2698400	-1.5197100	0.4610133	-0.2449500	-1.5796800	0.0713933	-0.2166200	-1.4055300	0.0264033	-0.2461800	-1.4170200	0.0283033	-0.2474900	-1.6094100	0.0366933	-0.2026200	-1.4252400	0.0240233	-0.0559000	-1.4359700	0.0267933	-0.0537300	-1.5976100	0.0433833	-0.0820300	-1.4203300	0.9367508	0.0449301	-1.3944518	0.9400863	-0.3293070	-1.6450706	0.9579626	-0.0821273	-1.6344333	0.9588451	-0.2288793	-1.5193590	0.4395438	0.0292195	-1.5001416	0.4530920	-0.1110373	-1.5787901	0.0681882	-0.0277530	-1.5467313	0.0799305	-0.1179845	-1.4439276	0.0301486	-0.0690232	-1.4932564	0.0192868	-0.0137968	-1.6369981	0.0579099	-0.0871715	-1.5265176	0.4404506	-0.3210473	-1.5106301	0.4528682	-0.1727843	-1.5901285	0.0621425	-0.2653128	-1.5518729	0.0717750	-0.1714408	-1.4265946	0.0293181	-0.2332347	-1.6576949	0.0445648	-0.1995852	-1.4830114	0.0192473	-0.2905129	-1.5498360	1.5012147	0.0277827	-1.5773439	1.5034267	-0.3392121	-1.6700028	1.5013177	-0.1507971	-1.4306770	0.6848267	0.0669834	-1.4722796	0.5857132	0.0783448	-1.5636507	0.6863081	0.0842927	-1.4169240	0.6811280	-0.3649370	-1.4652489	0.5849238	-0.3758619	-1.5552121	0.6894214	-0.3893762	-1.5390455	0.3286871	0.0159746	-1.5260275	0.2115649	0.0147139	-1.5944683	0.2306933	0.0137254	-1.5482683	0.3282373	-0.3108349	-1.5322131	0.2088326	-0.3153742	-1.6103256	0.2281014	-0.3051162	-1.5285176	0.8300813	-0.0382598	-1.5131234	0.8320982	-0.2643117	-1.4174980	1.4929320	0.2219254	-1.3662311	1.4369472	0.1659081	-1.3220015	1.6579176	0.0386055	-1.2648362	1.6724835	0.0859074	-1.5593596	1.1735213	-0.3724660	-1.5339137	1.1478097	-0.4172504	-1.4687410	0.9234685	-0.3989824	-1.4748999	0.9247231	-0.4018055
108	1.7833333	-1.5742600	1.4748533	-0.1553600	-1.5473500	1.4919133	0.0228200	-1.4225100	1.5658133	0.2248700	-1.3366900	1.7390733	0.0782100	-1.5691300	1.4547333	-0.3352600	-1.5513700	1.1929233	-0.3963700	-1.4699100	0.9308633	-0.4030000	-1.4772800	0.8625633	-0.1478600	-1.4827800	0.8669833	-0.0258400	-1.5089000	0.4602333	-0.0529800	-1.5725200	0.0790333	-0.0717000	-1.4569700	0.8595433	-0.2693200	-1.5204100	0.4616833	-0.2449700	-1.5826900	0.0709733	-0.2166500	-1.4062300	0.0256733	-0.2451300	-1.4180500	0.0275133	-0.2466500	-1.6126600	0.0365033	-0.2032300	-1.4276400	0.0230333	-0.0564800	-1.4379800	0.0261033	-0.0541800	-1.5979600	0.0442933	-0.0817600	-1.4175852	0.9382918	0.0456172	-1.3913826	0.9418524	-0.3294457	-1.6430041	0.9603672	-0.0818793	-1.6322448	0.9613724	-0.2289625	-1.5164984	0.4424174	0.0302602	-1.4974455	0.4558762	-0.1105017	-1.5768948	0.0717484	-0.0268588	-1.5450587	0.0833897	-0.1173681	-1.4422266	0.0332766	-0.0684504	-1.4914395	0.0227332	-0.0130462	-1.6352736	0.0618079	-0.0861332	-1.5249177	0.4433351	-0.3206609	-1.5094091	0.4557890	-0.1720024	-1.5887186	0.0652598	-0.2647372	-1.5506343	0.0748743	-0.1708120	-1.4251318	0.0323949	-0.2323930	-1.6564180	0.0477824	-0.1990871	-1.4814340	0.0223428	-0.2897547	-1.5487648	1.5063326	0.0281329	-1.5764674	1.5069124	-0.3397010	-1.6695271	1.5051045	-0.1510060	-1.4281479	0.6871690	0.0677283	-1.4695881	0.5882791	0.0792920	-1.5611938	0.6883152	0.0853137	-1.4146773	0.6831941	-0.3648178	-1.4631738	0.5872917	-0.3757309	-1.5529330	0.6915078	-0.3896217	-1.5364040	0.3317263	0.0167740	-1.5236757	0.2147659	0.0153758	-1.5919907	0.2340389	0.0148624	-1.5468149	0.3311882	-0.3103250	-1.5307657	0.2117411	-0.3148498	-1.6088244	0.2312385	-0.3045518	-1.5264867	0.8316438	-0.0378049	-1.5108970	0.8338075	-0.2643585	-1.4187131	1.5234319	0.2193813	-1.3598172	1.4688838	0.1659313	-1.3263729	1.6885553	0.0366490	-1.2687427	1.7093648	0.0869137	-1.5557447	1.1761395	-0.3703901	-1.5284570	1.1484759	-0.4174273	-1.4707058	0.9259798	-0.3993170	-1.4735669	0.9291607	-0.4011088
109	1.8000000	-1.5730200	1.4761633	-0.1569300	-1.5433700	1.4943233	0.0198800	-1.4235900	1.5886933	0.2199800	-1.3474100	1.7701533	0.0744000	-1.5711200	1.4550733	-0.3357200	-1.5513600	1.1930033	-0.3964000	-1.4674200	0.9303833	-0.4027100	-1.4727400	0.8668733	-0.1471400	-1.4795700	0.8720133	-0.0262800	-1.5076800	0.4620733	-0.0532500	-1.5719400	0.0797333	-0.0715700	-1.4514300	0.8630233	-0.2673800	-1.5193200	0.4627733	-0.2445400	-1.5850400	0.0702633	-0.2165500	-1.4040000	0.0254933	-0.2439800	-1.4165200	0.0270933	-0.2457400	-1.6166300	0.0351933	-0.2034000	-1.4302900	0.0217633	-0.0572900	-1.4401700	0.0251333	-0.0548000	-1.5979800	0.0446933	-0.0812200	-1.4126112	0.9428131	0.0465457	-1.3864175	0.9460641	-0.3289907	-1.6387075	0.9652903	-0.0812501	-1.6279676	0.9662011	-0.2285214	-1.5125892	0.4475926	0.0314117	-1.4937074	0.4609013	-0.1098191	-1.5742935	0.0769196	-0.0259032	-1.5426431	0.0883824	-0.1167055	-1.4400575	0.0374573	-0.0680520	-1.4890889	0.0271661	-0.0124347	-1.6328308	0.0674090	-0.0849671	-1.5218993	0.4483714	-0.3196679	-1.5066737	0.4607899	-0.1707317	-1.5865020	0.0701463	-0.2641190	-1.5484949	0.0796921	-0.1701788	-1.4226979	0.0367521	-0.2312717	-1.6543889	0.0528909	-0.1986561	-1.4789541	0.0267480	-0.2888273	-1.5454268	1.5139948	0.0282439	-1.5740750	1.5128032	-0.3400332	-1.6670864	1.5113420	-0.1511237	-1.4237966	0.6918575	0.0686783	-1.4653733	0.5931978	0.0803921	-1.5568547	0.6930936	0.0866267	-1.4106808	0.6874217	-0.3641229	-1.4594947	0.5918356	-0.3749854	-1.5488461	0.6961031	-0.3891552	-1.5327806	0.3368910	0.0177109	-1.5204094	0.2198700	0.0161504	-1.5887161	0.2393400	0.0160796	-1.5441302	0.3362153	-0.3094190	-1.5282778	0.2166267	-0.3141150	-1.6062642	0.2363245	-0.3036864	-1.5221513	0.8360478	-0.0369410	-1.5065706	0.8380331	-0.2637763	-1.4194712	1.5544061	0.2157741	-1.3537954	1.5021475	0.1656154	-1.3312100	1.7200986	0.0345686	-1.2738615	1.7465699	0.0874437	-1.5508221	1.1796438	-0.3682383	-1.5221046	1.1505186	-0.4163700	-1.4704219	0.9305103	-0.3995168	-1.4712168	0.9347101	-0.4001645
110	1.8166667	-1.5750200	1.4783033	-0.1583100	-1.5443700	1.4969133	0.0170200	-1.4271300	1.6102933	0.2139900	-1.3612900	1.8000533	0.0706300	-1.5747000	1.4567833	-0.3357200	-1.5498000	1.1924133	-0.3965400	-1.4672600	0.9298533	-0.4028600	-1.4701700	0.8727733	-0.1468100	-1.4784700	0.8791933	-0.0270600	-1.5088200	0.4631433	-0.0535900	-1.5731600	0.0793633	-0.0716200	-1.4476900	0.8676233	-0.2658900	-1.5169100	0.4633433	-0.2438000	-1.5848500	0.0698033	-0.2164900	-1.4002800	0.0263833	-0.2434900	-1.4134600	0.0278133	-0.2454100	-1.6175900	0.0340833	-0.2030600	-1.4352500	0.0203733	-0.0575000	-1.4448200	0.0239233	-0.0549000	-1.5974600	0.0445333	-0.0810200	-1.4098607	0.9491878	0.0468516	-1.3835245	0.9516598	-0.3285819	-1.6363258	0.9714652	-0.0813334	-1.6255493	0.9720827	-0.2285639	-1.5119896	0.4537884	0.0318156	-1.4930746	0.4669301	-0.1098563	-1.5747600	0.0823438	-0.0256189	-1.5431042	0.0935971	-0.1166860	-1.4413478	0.0415811	-0.0683045	-1.4901027	0.0314866	-0.0125041	-1.6331922	0.0732475	-0.0845410	-1.5209841	0.4543101	-0.3189942	-1.5060695	0.4666389	-0.1697334	-1.5864147	0.0754551	-0.2641089	-1.5484488	0.0849038	-0.1700406	-1.4222969	0.0413913	-0.2306123	-1.6545334	0.0583792	-0.1987872	-1.4785292	0.0314748	-0.2885201	-1.5443444	1.5226870	0.0273386	-1.5742275	1.5196969	-0.3408483	-1.6668776	1.5186114	-0.1520291	-1.4220049	0.6976452	0.0690615	-1.4640420	0.5992003	0.0808347	-1.5550716	0.6994259	0.0872339	-1.4085579	0.6927543	-0.3636377	-1.4577708	0.5974195	-0.3745022	-1.5466814	0.7020113	-0.3890290	-1.5324104	0.3429054	0.0179884	-1.5203217	0.2256018	0.0163695	-1.5887072	0.2452322	0.0165046	-1.5435637	0.3420567	-0.3089881	-1.5278718	0.2222387	-0.3139364	-1.6058716	0.2420109	-0.3033698	-1.5197469	0.8421498	-0.0366821	-1.5040865	0.8436690	-0.2634452	-1.4236869	1.5841520	0.2106203	-1.3521000	1.5349894	0.1641285	-1.3409332	1.7512430	0.0318339	-1.2843300	1.7824857	0.0869054	-1.5480989	1.1829519	-0.3666153	-1.5184659	1.1529318	-0.4149475	-1.4719468	0.9355298	-0.4000773	-1.4716582	0.9399995	-0.3996751
111	1.8333333	-1.5784300	1.4803133	-0.1593100	-1.5486400	1.4998333	0.0147200	-1.4312800	1.6299733	0.2069500	-1.3764400	1.8282133	0.0673000	-1.5776100	1.4582933	-0.3353400	-1.5475600	1.1908133	-0.3965900	-1.4688900	0.9291033	-0.4035400	-1.4724800	0.8777833	-0.1471600	-1.4810500	0.8855433	-0.0276600	-1.5122500	0.4630433	-0.0539800	-1.5756900	0.0783833	-0.0718000	-1.4498100	0.8712533	-0.2660100	-1.5160500	0.4632333	-0.2431500	-1.5828200	0.0691133	-0.2164000	-1.3984800	0.0270733	-0.2440400	-1.4118900	0.0285233	-0.2459600	-1.6159400	0.0329233	-0.2024400	-1.4402200	0.0197433	-0.0574800	-1.4497400	0.0233533	-0.0548200	-1.5968500	0.0441333	-0.0811900	-1.4123094	0.9547705	0.0463329	-1.3854696	0.9562518	-0.3284917	-1.6388070	0.9764890	-0.0824007	-1.6278474	0.9767195	-0.2293942	-1.5168692	0.4585317	0.0313502	-1.4977086	0.4715491	-0.1107628	-1.5796333	0.0857216	-0.0260665	-1.5477821	0.0968141	-0.1173657	-1.4473942	0.0438291	-0.0690803	-1.4957636	0.0338396	-0.0131410	-1.6375845	0.0768542	-0.0850136	-1.5242796	0.4587767	-0.3188934	-1.5098092	0.4710188	-0.1691806	-1.5897544	0.0788588	-0.2646031	-1.5518716	0.0882493	-0.1702535	-1.4254255	0.0443937	-0.2305000	-1.6580624	0.0617799	-0.1992888	-1.4815801	0.0345681	-0.2888465	-1.5480740	1.5297217	0.0254421	-1.5790115	1.5249897	-0.3421830	-1.6712322	1.5244169	-0.1538363	-1.4254177	0.7021792	0.0687012	-1.4680542	0.6038682	0.0804758	-1.5585740	0.7047155	0.0869180	-1.4107477	0.6969516	-0.3635914	-1.4602917	0.6017397	-0.3745390	-1.5489887	0.7067700	-0.3896162	-1.5372752	0.3473670	0.0175027	-1.5251549	0.2296507	0.0159884	-1.5936574	0.2492782	0.0160307	-1.5469911	0.3463735	-0.3091432	-1.5311576	0.2262991	-0.3142974	-1.6093063	0.2458945	-0.3036871	-1.5222644	0.8474131	-0.0373171	-1.5063063	0.8483360	-0.2637025	-1.4326284	1.6101837	0.2040578	-1.3559916	1.5648330	0.1612548	-1.3570991	1.7796860	0.0283704	-1.3012562	1.8146363	0.0852871	-1.5491339	1.1841289	-0.3656818	-1.5191152	1.1537463	-0.4134272	-1.4772521	0.9387422	-0.4008955	-1.4765090	0.9428860	-0.3997571
112	1.8500000	-1.5795600	1.4823233	-0.1601900	-1.5519800	1.5029033	0.0127500	-1.4349800	1.6490533	0.1988800	-1.3916000	1.8550033	0.0644600	-1.5770100	1.4589233	-0.3349900	-1.5468500	1.1892933	-0.3963000	-1.4697700	0.9281833	-0.4042000	-1.4791400	0.8808433	-0.1475700	-1.4859600	0.8895033	-0.0275300	-1.5174400	0.4620833	-0.0542000	-1.5789600	0.0770633	-0.0720300	-1.4580300	0.8733533	-0.2670600	-1.5192300	0.4628833	-0.2431700	-1.5815700	0.0685333	-0.2162900	-1.4008600	0.0266333	-0.2452700	-1.4139900	0.0281733	-0.2470900	-1.6139400	0.0315333	-0.2020900	-1.4416700	0.0205933	-0.0578500	-1.4515200	0.0240833	-0.0550800	-1.5983900	0.0428733	-0.0814600	-1.4191804	0.9583320	0.0456651	-1.3917470	0.9588535	-0.3283380	-1.6456159	0.9795417	-0.0835439	-1.6344263	0.9793956	-0.2302186	-1.5256644	0.4608645	0.0307139	-1.5062603	0.4738506	-0.1118713	-1.5868417	0.0863732	-0.0265170	-1.5547670	0.0974326	-0.1180685	-1.4556557	0.0440466	-0.0696912	-1.5035970	0.0339261	-0.0135883	-1.6441333	0.0773338	-0.0856580	-1.5309589	0.4609103	-0.3187126	-1.5170355	0.4731038	-0.1685032	-1.5951997	0.0797340	-0.2648093	-1.5574532	0.0891479	-0.1701273	-1.4309228	0.0452593	-0.2303518	-1.6635207	0.0624437	-0.1994105	-1.4869147	0.0354806	-0.2890611	-1.5551464	1.5341250	0.0234021	-1.5868267	1.5277273	-0.3433823	-1.6787030	1.5279698	-0.1557262	-1.4328961	0.7046024	0.0682241	-1.4760707	0.6062866	0.0799928	-1.5663241	0.7078338	0.0864883	-1.4167021	0.6992024	-0.3634233	-1.4664096	0.6039577	-0.3744824	-1.5552512	0.7094029	-0.3902125	-1.5456887	0.3494173	0.0169500	-1.5330411	0.2312887	0.0156747	-1.6016808	0.2506129	0.0154374	-1.5534569	0.3483750	-0.3091266	-1.5370617	0.2281057	-0.3143969	-1.6154467	0.2472206	-0.3038623	-1.5291447	0.8507394	-0.0380801	-1.5128326	0.8510855	-0.2639639	-1.4440684	1.6321802	0.1968503	-1.3632664	1.5912051	0.1576092	-1.3773997	1.8050326	0.0247186	-1.3220914	1.8426183	0.0832563	-1.5524071	1.1828306	-0.3650326	-1.5225332	1.1524209	-0.4112854	-1.4846776	0.9397415	-0.4012450	-1.4840089	0.9430278	-0.3998220
113	1.8666667	-1.5786500	1.4834633	-0.1613600	-1.5531300	1.5057133	0.0105700	-1.4386500	1.6663533	0.1899200	-1.4054100	1.8800933	0.0621300	-1.5743500	1.4586633	-0.3350000	-1.5489500	1.1888933	-0.3958200	-1.4704800	0.9275833	-0.4047200	-1.4869300	0.8822733	-0.1473900	-1.4904500	0.8914333	-0.0266700	-1.5228700	0.4610133	-0.0543000	-1.5818600	0.0755733	-0.0722900	-1.4689000	0.8745533	-0.2677500	-1.5256700	0.4625833	-0.2438200	-1.5813400	0.0676733	-0.2163900	-1.4049000	0.0254133	-0.2463700	-1.4176300	0.0270833	-0.2481200	-1.6118900	0.0308833	-0.2024100	-1.4395400	0.0216133	-0.0585200	-1.4499800	0.0248233	-0.0555400	-1.6018700	0.0407533	-0.0817600	-1.4269757	0.9601609	0.0454708	-1.3993073	0.9598477	-0.3277725	-1.6534858	0.9810787	-0.0837937	-1.6421977	0.9806082	-0.2301713	-1.5346521	0.4612406	0.0304994	-1.5152278	0.4743134	-0.1125756	-1.5927373	0.0849881	-0.0263881	-1.5605673	0.0961788	-0.1182496	-1.4620257	0.0431059	-0.0697301	-1.5095814	0.0325307	-0.0133724	-1.6494760	0.0753189	-0.0858100	-1.5380445	0.4611540	-0.3178834	-1.5246205	0.4733433	-0.1672911	-1.5996969	0.0787920	-0.2643010	-1.5620889	0.0883166	-0.1693714	-1.4357389	0.0446052	-0.2297921	-1.6677557	0.0611446	-0.1988265	-1.4915046	0.0347982	-0.2886909	-1.5617469	1.5365001	0.0218123	-1.5939893	1.5284388	-0.3439525	-1.6855817	1.5298679	-0.1569814	-1.4408057	0.7053231	0.0682218	-1.4843876	0.6068749	0.0799867	-1.5747062	0.7090983	0.0867239	-1.4235536	0.6999556	-0.3626025	-1.4732484	0.6045157	-0.3737515	-1.5625288	0.7102757	-0.3900379	-1.5539299	0.3495814	0.0169089	-1.5402490	0.2311331	0.0159330	-1.6090666	0.2497979	0.0153854	-1.5599762	0.3485638	-0.3083863	-1.5426466	0.2282331	-0.3137356	-1.6212297	0.2465777	-0.3033363	-1.5370591	0.8524215	-0.0381486	-1.5206066	0.8522682	-0.2635727	-1.4543039	1.6511408	0.1896717	-1.3702530	1.6147930	0.1538211	-1.3975313	1.8280676	0.0213460	-1.3425519	1.8673043	0.0814270	-1.5551705	1.1799532	-0.3644186	-1.5258594	1.1496002	-0.4081547	-1.4910077	0.9394951	-0.4008532	-1.4911202	0.9413926	-0.3994960
114	1.8833333	-1.5773800	1.4841933	-0.1627000	-1.5523500	1.5080133	0.0080700	-1.4414700	1.6820833	0.1804400	-1.4159300	1.9020233	0.0603500	-1.5730600	1.4576833	-0.3351800	-1.5515700	1.1898833	-0.3955900	-1.4735500	0.9271333	-0.4053400	-1.4926900	0.8844733	-0.1465900	-1.4928900	0.8931833	-0.0256100	-1.5253700	0.4603833	-0.0545900	-1.5823700	0.0746633	-0.0727000	-1.4779000	0.8771033	-0.2674000	-1.5303700	0.4625933	-0.2442000	-1.5812200	0.0680033	-0.2168700	-1.4068700	0.0244033	-0.2468100	-1.4193700	0.0262133	-0.2486300	-1.6085300	0.0320233	-0.2032500	-1.4346900	0.0225433	-0.0590900	-1.4459000	0.0255233	-0.0558800	-1.6045100	0.0389833	-0.0823800	-1.4324201	0.9627021	0.0456987	-1.4051826	0.9616658	-0.3268540	-1.6591953	0.9834503	-0.0829970	-1.6480679	0.9827008	-0.2290964	-1.5405803	0.4621741	0.0306001	-1.5214072	0.4754306	-0.1129197	-1.5946303	0.0841413	-0.0258486	-1.5625245	0.0955942	-0.1180681	-1.4636314	0.0433810	-0.0694425	-1.5109386	0.0320927	-0.0127429	-1.6510797	0.0734917	-0.0855766	-1.5426242	0.4619632	-0.3164414	-1.5295488	0.4741458	-0.1657523	-1.6007580	0.0786139	-0.2633778	-1.5632836	0.0882969	-0.1683941	-1.4372793	0.0447219	-0.2290383	-1.6683145	0.0605974	-0.1979545	-1.4927710	0.0348639	-0.2879535	-1.5648034	1.5394448	0.0204931	-1.5978037	1.5296135	-0.3440550	-1.6889512	1.5325753	-0.1576286	-1.4459032	0.7067963	0.0686288	-1.4897501	0.6081140	0.0803652	-1.5804089	0.7109505	0.0876040	-1.4284883	0.7016517	-0.3611403	-1.4779718	0.6058655	-0.3723295	-1.5678328	0.7118253	-0.3889143	-1.5588654	0.3503606	0.0172562	-1.5438173	0.2316821	0.0165750	-1.6128682	0.2494058	0.0157599	-1.5637396	0.3493908	-0.3070412	-1.5453038	0.2291456	-0.3125124	-1.6239097	0.2465213	-0.3022488	-1.5427374	0.8548454	-0.0374466	-1.5265447	0.8542605	-0.2624540	-1.4606581	1.6694818	0.1827593	-1.3742147	1.6375638	0.1500742	-1.4140098	1.8507767	0.0182075	-1.3591623	1.8907808	0.0798123	-1.5556325	1.1779192	-0.3640763	-1.5271396	1.1476630	-0.4043490	-1.4943770	0.9402393	-0.4002025	-1.4961606	0.9403451	-0.3990211
115	1.9000000	-1.5764700	1.4844333	-0.1638800	-1.5503700	1.5095133	0.0056400	-1.4434500	1.6960733	0.1707900	-1.4223800	1.9216033	0.0592300	-1.5736900	1.4567333	-0.3352200	-1.5516300	1.1908233	-0.3956100	-1.4781300	0.9267533	-0.4057700	-1.4946600	0.8882133	-0.1456400	-1.4929000	0.8961433	-0.0250600	-1.5238800	0.4606833	-0.0551400	-1.5803700	0.0747533	-0.0732600	-1.4819800	0.8816033	-0.2661500	-1.5284200	0.4634433	-0.2435600	-1.5808200	0.0690133	-0.2173200	-1.4057400	0.0238833	-0.2467000	-1.4182100	0.0258633	-0.2486500	-1.6048600	0.0344333	-0.2040400	-1.4267400	0.0236233	-0.0591600	-1.4388200	0.0264633	-0.0558000	-1.6061700	0.0381233	-0.0833700	-1.4338068	0.9668021	0.0458675	-1.4077225	0.9650878	-0.3259737	-1.6609705	0.9872502	-0.0816495	-1.6502905	0.9862396	-0.2274524	-1.5418372	0.4645375	0.0305188	-1.5231134	0.4780243	-0.1133458	-1.5918446	0.0846303	-0.0254408	-1.5599168	0.0964013	-0.1180570	-1.4596770	0.0452417	-0.0693663	-1.5069869	0.0331707	-0.0122485	-1.6484073	0.0728487	-0.0855008	-1.5429449	0.4641331	-0.3148716	-1.5300278	0.4762683	-0.1644295	-1.5976619	0.0799840	-0.2626961	-1.5603246	0.0898148	-0.1678511	-1.4346717	0.0460035	-0.2285973	-1.6646427	0.0617739	-0.1975149	-1.4898795	0.0361893	-0.2874412	-1.5632692	1.5437591	0.0189520	-1.5974728	1.5320194	-0.3442334	-1.6878641	1.5367077	-0.1581429	-1.4465481	0.7098218	0.0689184	-1.4905435	0.6108413	0.0806009	-1.5817283	0.7142330	0.0885812	-1.4298362	0.7050405	-0.3595313	-1.4788866	0.6087821	-0.3706920	-1.5693990	0.7148307	-0.3872639	-1.5590884	0.3525496	0.0174995	-1.5426245	0.2336518	0.0170684	-1.6120126	0.2503318	0.0160552	-1.5632418	0.3515746	-0.3056584	-1.5438666	0.2314847	-0.3113444	-1.6222741	0.2479073	-0.3011797	-1.5443655	0.8587739	-0.0364884	-1.5288671	0.8577825	-0.2610661	-1.4626039	1.6875718	0.1759171	-1.3744346	1.6596000	0.1461661	-1.4254606	1.8733431	0.0150648	-1.3705479	1.9132927	0.0782325	-1.5533020	1.1772351	-0.3644407	-1.5256869	1.1472342	-0.4005956	-1.4944460	0.9421897	-0.3999230	-1.4987339	0.9403389	-0.3988438
116	1.9166667	-1.5762600	1.4845233	-0.1649200	-1.5493500	1.5106233	0.0035000	-1.4452000	1.7081833	0.1606900	-1.4272200	1.9401733	0.0587700	-1.5747100	1.4557833	-0.3352600	-1.5495900	1.1905133	-0.3953600	-1.4809900	0.9262933	-0.4056200	-1.4929100	0.8926033	-0.1450700	-1.4911600	0.8998033	-0.0253800	-1.5212500	0.4611533	-0.0556700	-1.5774500	0.0752533	-0.0736600	-1.4805200	0.8867533	-0.2647100	-1.5217200	0.4646733	-0.2422300	-1.5808400	0.0694533	-0.2172900	-1.4027300	0.0232033	-0.2462800	-1.4153900	0.0254033	-0.2483600	-1.6034800	0.0359133	-0.2042900	-1.4179700	0.0250033	-0.0585700	-1.4306500	0.0276733	-0.0551500	-1.6078300	0.0378233	-0.0842400	-1.4314122	0.9715944	0.0455185	-1.4069605	0.9692185	-0.3255105	-1.6589087	0.9913993	-0.0804279	-1.6488723	0.9901325	-0.2258868	-1.5390702	0.4675098	0.0298462	-1.5208432	0.4812108	-0.1141828	-1.5858801	0.0856000	-0.0255416	-1.5541538	0.0976622	-0.1185327	-1.4516910	0.0474014	-0.0697794	-1.4993256	0.0346732	-0.0122348	-1.6430116	0.0727331	-0.0859440	-1.5392581	0.4667844	-0.3137184	-1.5263164	0.4788152	-0.1638426	-1.5917655	0.0819795	-0.2627144	-1.5545527	0.0918893	-0.1681482	-1.4290800	0.0472437	-0.2288011	-1.6583029	0.0638728	-0.1979372	-1.4840719	0.0376442	-0.2875727	-1.5583301	1.5484379	0.0168075	-1.5939905	1.5346695	-0.3449263	-1.6833912	1.5410548	-0.1590228	-1.4432053	0.7134759	0.0685800	-1.4873356	0.6141901	0.0802009	-1.5790497	0.7181382	0.0890384	-1.4276819	0.7091202	-0.3583323	-1.4761471	0.6123156	-0.3693938	-1.5672736	0.7184299	-0.3856727	-1.5554350	0.3552662	0.0172478	-1.5377742	0.2360984	0.0170205	-1.6076473	0.2518094	0.0158622	-1.5590086	0.3541649	-0.3048034	-1.5391638	0.2341927	-0.3107680	-1.6172056	0.2499140	-0.3006516	-1.5420472	0.8633130	-0.0358875	-1.5275318	0.8619207	-0.2599723	-1.4617133	1.7042078	0.1687707	-1.3723232	1.6796250	0.1417443	-1.4329951	1.8947473	0.0118972	-1.3778765	1.9338045	0.0767157	-1.5490630	1.1768293	-0.3657871	-1.5222876	1.1473113	-0.3974796	-1.4920118	0.9440813	-0.4003013	-1.4994071	0.9403310	-0.3991943
117	1.9333333	-1.5766200	1.4848133	-0.1659600	-1.5508600	1.5120233	0.0014300	-1.4461500	1.7190833	0.1495800	-1.4328400	1.9585433	0.0587500	-1.5743100	1.4550433	-0.3352100	-1.5482700	1.1890833	-0.3946900	-1.4816600	0.9263133	-0.4051600	-1.4892000	0.8955233	-0.1450100	-1.4892200	0.9021333	-0.0262900	-1.5201100	0.4614833	-0.0559000	-1.5751000	0.0757233	-0.0738700	-1.4753500	0.8901733	-0.2635800	-1.5164500	0.4652833	-0.2412100	-1.5815200	0.0687833	-0.2169100	-1.4001400	0.0233733	-0.2460300	-1.4130100	0.0254633	-0.2481600	-1.6050200	0.0358533	-0.2041800	-1.4126700	0.0257633	-0.0575400	-1.4254300	0.0283833	-0.0541700	-1.6092000	0.0377133	-0.0846700	-1.4273319	0.9749024	0.0446510	-1.4044469	0.9719604	-0.3254462	-1.6548165	0.9937414	-0.0796925	-1.6454113	0.9922549	-0.2247610	-1.5347421	0.4690186	0.0287671	-1.5168978	0.4828959	-0.1152167	-1.5796020	0.0852101	-0.0260009	-1.5480037	0.0974961	-0.1192727	-1.4429734	0.0477949	-0.0703692	-1.4911733	0.0346396	-0.0124867	-1.6376023	0.0714999	-0.0867486	-1.5338437	0.4678551	-0.3131640	-1.5207215	0.4797188	-0.1640580	-1.5858082	0.0825797	-0.2632717	-1.5486655	0.0924604	-0.1690384	-1.4231271	0.0466726	-0.2294848	-1.6521550	0.0647674	-0.1988989	-1.4780377	0.0373821	-0.2882190	-1.5527463	1.5513443	0.0141290	-1.5895229	1.5354365	-0.3460306	-1.6779423	1.5433032	-0.1603737	-1.4381588	0.7155799	0.0676623	-1.4825116	0.6160353	0.0792482	-1.5745612	0.7205835	0.0888343	-1.4238231	0.7116283	-0.3576669	-1.4717352	0.6142862	-0.3686059	-1.5632502	0.7205907	-0.3844540	-1.5504635	0.3564562	0.0166541	-1.5319664	0.2369834	0.0165935	-1.6024670	0.2519573	0.0152929	-1.5534354	0.3551058	-0.3045995	-1.5336604	0.2351631	-0.3107993	-1.6112914	0.2505629	-0.3006993	-1.5376756	0.8663238	-0.0358560	-1.5241026	0.8645847	-0.2593731	-1.4604302	1.7175939	0.1610392	-1.3702669	1.6959122	0.1364862	-1.4392183	1.9135315	0.0090259	-1.3838597	1.9508324	0.0755744	-1.5451482	1.1749357	-0.3680611	-1.5191714	1.1460221	-0.3950340	-1.4889502	0.9440400	-0.4012352	-1.4998590	0.9385952	-0.3999313
118	1.9500000	-1.5757600	1.4853833	-0.1669700	-1.5529900	1.5137733	-0.0008200	-1.4461400	1.7291933	0.1375900	-1.4400500	1.9765133	0.0591400	-1.5709400	1.4544333	-0.3347600	-1.5484000	1.1875933	-0.3939200	-1.4815200	0.9263633	-0.4048100	-1.4853300	0.8951233	-0.1452000	-1.4882000	0.9021033	-0.0272400	-1.5194900	0.4622933	-0.0558700	-1.5748700	0.0760933	-0.0741100	-1.4688800	0.8894233	-0.2628600	-1.5154900	0.4652733	-0.2409600	-1.5822800	0.0682233	-0.2167700	-1.3989200	0.0231633	-0.2462400	-1.4118800	0.0252233	-0.2483500	-1.6073500	0.0354933	-0.2042300	-1.4118700	0.0256633	-0.0564200	-1.4243300	0.0285033	-0.0532000	-1.6116800	0.0378833	-0.0848000	-1.4236041	0.9747963	0.0436392	-1.4016647	0.9714658	-0.3254265	-1.6505221	0.9926603	-0.0794165	-1.6415155	0.9910230	-0.2240629	-1.5308764	0.4673826	0.0277846	-1.5131761	0.4813912	-0.1159935	-1.5753935	0.0822016	-0.0263887	-1.5437813	0.0946235	-0.1198234	-1.4363493	0.0450727	-0.0706155	-1.4852455	0.0317565	-0.0125230	-1.6343604	0.0680560	-0.0874926	-1.5289425	0.4657317	-0.3129855	-1.5155762	0.4773648	-0.1647134	-1.5817661	0.0803078	-0.2638645	-1.5446523	0.0900421	-0.1699434	-1.4187882	0.0432179	-0.2302080	-1.6481869	0.0628235	-0.1997782	-1.4737424	0.0342060	-0.2889273	-1.5485570	1.5508246	0.0113319	-1.5855991	1.5327152	-0.3471258	-1.6733001	1.5417878	-0.1619683	-1.4335157	0.7144042	0.0666471	-1.4781652	0.6146654	0.0782327	-1.5703316	0.7197738	0.0882623	-1.4200646	0.7107323	-0.3572586	-1.4675990	0.6129483	-0.3681058	-1.5591143	0.7196055	-0.3835399	-1.5463192	0.3545098	0.0161517	-1.5274913	0.2347697	0.0162378	-1.5986664	0.2493770	0.0147666	-1.5486938	0.3528480	-0.3047464	-1.5293887	0.2328802	-0.3110514	-1.6066677	0.2483395	-0.3009735	-1.5332322	0.8659608	-0.0361867	-1.5202251	0.8639804	-0.2590753	-1.4603434	1.7268703	0.1527075	-1.3698949	1.7076949	0.1303417	-1.4461531	1.9290491	0.0069251	-1.3906847	1.9637862	0.0752362	-1.5431723	1.1704562	-0.3709787	-1.5180216	1.1420762	-0.3929259	-1.4867064	0.9409082	-0.4024315	-1.5014159	0.9340760	-0.4007799
119	1.9666667	-1.5726700	1.4859833	-0.1680800	-1.5530200	1.5157133	-0.0033600	-1.4466000	1.7380733	0.1253900	-1.4486600	1.9934333	0.0600900	-1.5652200	1.4538533	-0.3342100	-1.5475200	1.1870833	-0.3932800	-1.4807400	0.9266033	-0.4045900	-1.4824600	0.8931633	-0.1454500	-1.4883700	0.9012133	-0.0279100	-1.5172500	0.4635133	-0.0557200	-1.5765700	0.0761233	-0.0744200	-1.4630700	0.8863233	-0.2625500	-1.5184200	0.4651033	-0.2411000	-1.5814000	0.0684733	-0.2171400	-1.3996400	0.0221433	-0.2464200	-1.4122400	0.0244333	-0.2485400	-1.6076900	0.0362533	-0.2046300	-1.4119300	0.0252833	-0.0556100	-1.4240500	0.0281833	-0.0525100	-1.6147300	0.0381033	-0.0848800	-1.4214009	0.9729551	0.0427255	-1.3994901	0.9694509	-0.3252112	-1.6471803	0.9902109	-0.0795377	-1.6382143	0.9885035	-0.2237334	-1.5282701	0.4644954	0.0270885	-1.5104259	0.4785817	-0.1164186	-1.5740696	0.0786694	-0.0265520	-1.5422707	0.0911371	-0.1200546	-1.4327561	0.0413912	-0.0703438	-1.4824337	0.0281353	-0.0121438	-1.6339785	0.0644946	-0.0880450	-1.5258558	0.4624153	-0.3129678	-1.5123464	0.4737523	-0.1655537	-1.5801738	0.0771880	-0.2641813	-1.5431474	0.0866812	-0.1705626	-1.4167929	0.0391168	-0.2307314	-1.6468365	0.0599633	-0.2002781	-1.4717985	0.0303007	-0.2893931	-1.5463549	1.5487635	0.0086831	-1.5827383	1.5284816	-0.3479668	-1.6700551	1.5385659	-0.1636196	-1.4303862	0.7118996	0.0658442	-1.4752872	0.6120038	0.0774319	-1.5675241	0.7175143	0.0875260	-1.4174961	0.7083075	-0.3568582	-1.4648640	0.6102269	-0.3676721	-1.5559372	0.7173511	-0.3827951	-1.5438547	0.3513705	0.0158807	-1.5252394	0.2314537	0.0161268	-1.5970215	0.2460782	0.0144221	-1.5458889	0.3494438	-0.3049674	-1.5271963	0.2294522	-0.3112142	-1.6042080	0.2452361	-0.3012085	-1.5300240	0.8640149	-0.0367173	-1.5170280	0.8619244	-0.2589204	-1.4621314	1.7344987	0.1439922	-1.3719508	1.7173779	0.1236000	-1.4546079	1.9436381	0.0058941	-1.3993212	1.9751199	0.0759503	-1.5431000	1.1655851	-0.3744368	-1.5189483	1.1375838	-0.3910521	-1.4854998	0.9368287	-0.4037475	-1.5041900	0.9290159	-0.4018014
120	1.9833333	-1.5693600	1.4869533	-0.1695000	-1.5514700	1.5177733	-0.0061800	-1.4486300	1.7454833	0.1131500	-1.4577200	2.0085333	0.0618400	-1.5608000	1.4533733	-0.3341500	-1.5441600	1.1879033	-0.3927300	-1.4796900	0.9271833	-0.4044300	-1.4814600	0.8929133	-0.1455700	-1.4895200	0.9019333	-0.0280700	-1.5139200	0.4645633	-0.0556300	-1.5773100	0.0757933	-0.0745300	-1.4599500	0.8850933	-0.2625100	-1.5226400	0.4649833	-0.2409600	-1.5783100	0.0689133	-0.2175900	-1.4008800	0.0209033	-0.2457800	-1.4128400	0.0234433	-0.2480200	-1.6053200	0.0367833	-0.2050700	-1.4112600	0.0250633	-0.0556400	-1.4232600	0.0280433	-0.0525500	-1.6138700	0.0386233	-0.0849500	-1.4213783	0.9726492	0.0420768	-1.3987232	0.9691424	-0.3246529	-1.6456523	0.9897544	-0.0798599	-1.6364183	0.9880373	-0.2235828	-1.5273533	0.4635223	0.0266723	-1.5091827	0.4776304	-0.1165779	-1.5751315	0.0775992	-0.0265034	-1.5430376	0.0900436	-0.1200124	-1.4318361	0.0399497	-0.0696932	-1.4822606	0.0268580	-0.0114426	-1.6358112	0.0636150	-0.0883692	-1.5253101	0.4611759	-0.3128482	-1.5118935	0.4722118	-0.1662388	-1.5807686	0.0762118	-0.2641151	-1.5439727	0.0854572	-0.1707700	-1.4171563	0.0374234	-0.2308408	-1.6476686	0.0591417	-0.2003559	-1.4720749	0.0287201	-0.2894255	-1.5461943	1.5484088	0.0063103	-1.5813164	1.5260852	-0.3484350	-1.6684973	1.5371150	-0.1651643	-1.4294066	0.7113531	0.0653881	-1.4744063	0.6112894	0.0769396	-1.5667990	0.7170445	0.0868205	-1.4168460	0.7076334	-0.3562297	-1.4642250	0.6093871	-0.3670772	-1.5545345	0.7170391	-0.3820588	-1.5433001	0.3502210	0.0158056	-1.5251765	0.2302255	0.0162366	-1.5974144	0.2450713	0.0142475	-1.5455134	0.3481517	-0.3050093	-1.5272695	0.2281421	-0.3110933	-1.6040822	0.2442897	-0.3012329	-1.5289422	0.8637815	-0.0372365	-1.5154913	0.8616875	-0.2587088	-1.4660282	1.7435305	0.1353121	-1.3767066	1.7278037	0.1168027	-1.4645325	1.9598990	0.0061307	-1.4098077	1.9875542	0.0778540	-1.5443052	1.1633093	-0.3783630	-1.5214351	1.1356133	-0.3894010	-1.4851678	0.9346412	-0.4050428	-1.5079244	0.9263862	-0.4030955
121	2.0000000	-1.5682900	1.4882733	-0.1712000	-1.5503100	1.5203233	-0.0091200	-1.4527200	1.7521933	0.1005700	-1.4659100	2.0210833	0.0649100	-1.5603000	1.4535633	-0.3346400	-1.5403100	1.1893533	-0.3922800	-1.4798100	0.9278633	-0.4042900	-1.4826400	0.8953133	-0.1453100	-1.4910200	0.9045233	-0.0277100	-1.5119500	0.4656333	-0.0556200	-1.5760300	0.0756933	-0.0743400	-1.4608000	0.8871933	-0.2623400	-1.5243700	0.4653733	-0.2404000	-1.5750200	0.0697433	-0.2177600	-1.4018600	0.0207433	-0.2446200	-1.4134500	0.0235233	-0.2470600	-1.6027600	0.0374933	-0.2053300	-1.4122000	0.0243033	-0.0564200	-1.4240000	0.0273033	-0.0532200	-1.6080500	0.0397133	-0.0848400	-1.4235446	0.9749216	0.0418769	-1.3998770	0.9715095	-0.3236382	-1.6462684	0.9921346	-0.0799845	-1.6366551	0.9904434	-0.2232350	-1.5282457	0.4652056	0.0265742	-1.5097578	0.4793083	-0.1164674	-1.5774990	0.0793997	-0.0262033	-1.5451342	0.0917921	-0.1197038	-1.4328641	0.0412501	-0.0688483	-1.4837966	0.0283880	-0.0105518	-1.6386074	0.0657176	-0.0883444	-1.5270788	0.4627919	-0.3122889	-1.5139850	0.4735826	-0.1663561	-1.5828937	0.0779038	-0.2636360	-1.5464612	0.0869640	-0.1705060	-1.4194251	0.0385753	-0.2304031	-1.6498968	0.0609641	-0.2000166	-1.4740775	0.0299857	-0.2889343	-1.5479069	1.5506884	0.0042606	-1.5816705	1.5264700	-0.3484637	-1.6687842	1.5384549	-0.1664535	-1.4306380	0.7135713	0.0653682	-1.4755657	0.6133029	0.0768383	-1.5681804	0.7192141	0.0864427	-1.4182640	0.7096308	-0.3551197	-1.4656923	0.6112835	-0.3660514	-1.5551783	0.7194499	-0.3810767	-1.5444786	0.3518063	0.0159557	-1.5267591	0.2317946	0.0165726	-1.5992653	0.2468480	0.0143218	-1.5472640	0.3497206	-0.3045919	-1.5291960	0.2296791	-0.3105217	-1.6058193	0.2460718	-0.3008683	-1.5301731	0.8661856	-0.0374209	-1.5161069	0.8641509	-0.2581574	-1.4717086	1.7542454	0.1268930	-1.3838925	1.7390763	0.1103415	-1.4750518	1.9776184	0.0077916	-1.4213824	2.0009631	0.0810433	-1.5464150	1.1639277	-0.3825415	-1.5250665	1.1365748	-0.3878424	-1.4856393	0.9344921	-0.4061089	-1.5124760	0.9264421	-0.4044838
122	2.0166667	-1.5689900	1.4897333	-0.1726800	-1.5501500	1.5227333	-0.0116600	-1.4595200	1.7583933	0.0877500	-1.4713200	2.0306933	0.0696500	-1.5623700	1.4539733	-0.3351800	-1.5386300	1.1895833	-0.3920100	-1.4810300	0.9276233	-0.4041300	-1.4848600	0.8982633	-0.1446000	-1.4920200	0.9074433	-0.0270100	-1.5115800	0.4666133	-0.0555200	-1.5745200	0.0756533	-0.0739500	-1.4642700	0.8903233	-0.2617000	-1.5237600	0.4661733	-0.2397600	-1.5726200	0.0703133	-0.2176100	-1.4045300	0.0206233	-0.2437900	-1.4158200	0.0235833	-0.2463600	-1.6002900	0.0382133	-0.2053600	-1.4146600	0.0233733	-0.0571500	-1.4262300	0.0264033	-0.0538400	-1.6020100	0.0407033	-0.0844000	-1.4265672	0.9777363	0.0420995	-1.4021253	0.9744846	-0.3222147	-1.6478849	0.9951504	-0.0796266	-1.6379836	0.9935144	-0.2224104	-1.5298492	0.4673692	0.0267472	-1.5111583	0.4814811	-0.1160731	-1.5796010	0.0816594	-0.0257120	-1.5470715	0.0940086	-0.1191794	-1.4344270	0.0428336	-0.0680013	-1.4855534	0.0302811	-0.0096569	-1.6407754	0.0684088	-0.0879691	-1.5296269	0.4650209	-0.3111762	-1.5169489	0.4756179	-0.1658600	-1.5851433	0.0799785	-0.2628330	-1.5491216	0.0889105	-0.1699136	-1.4223136	0.0401073	-0.2295703	-1.6520252	0.0632463	-0.1993623	-1.4765563	0.0317189	-0.2880228	-1.5502093	1.5535153	0.0024800	-1.5829737	1.5275025	-0.3481118	-1.6698778	1.5404615	-0.1674146	-1.4328119	0.7163109	0.0656906	-1.4775430	0.6158226	0.0770467	-1.5703445	0.7218721	0.0864649	-1.4206228	0.7121995	-0.3534608	-1.4680150	0.6137617	-0.3644935	-1.5567807	0.7224030	-0.3796638	-1.5461508	0.3539335	0.0162910	-1.5285972	0.2339220	0.0170507	-1.6011965	0.2490665	0.0146273	-1.5496520	0.3519027	-0.3036477	-1.5315686	0.2318211	-0.3095026	-1.6079475	0.2482928	-0.3000687	-1.5324011	0.8691106	-0.0371351	-1.5178650	0.8671774	-0.2571422	-1.4779676	1.7642777	0.1184555	-1.3924088	1.7487899	0.1043357	-1.4840004	1.9941908	0.0108336	-1.4321480	2.0127665	0.0855352	-1.5486723	1.1649357	-0.3868145	-1.5289714	1.1379464	-0.3863474	-1.4860889	0.9338628	-0.4068710	-1.5169710	0.9266497	-0.4057606
123	2.0333333	-1.5698300	1.4908033	-0.1734700	-1.5509200	1.5245633	-0.0133200	-1.4682700	1.7636233	0.0752900	-1.4725500	2.0370333	0.0752300	-1.5637300	1.4543833	-0.3351400	-1.5390600	1.1886333	-0.3917000	-1.4812000	0.9273133	-0.4036900	-1.4853600	0.8998533	-0.1435300	-1.4913500	0.9088233	-0.0262000	-1.5111500	0.4675733	-0.0553300	-1.5738500	0.0752633	-0.0734500	-1.4660000	0.8919833	-0.2604200	-1.5238000	0.4665033	-0.2393300	-1.5717100	0.0710033	-0.2173600	-1.4090600	0.0198533	-0.2436800	-1.4198300	0.0229933	-0.2462900	-1.5978800	0.0385633	-0.2052600	-1.4151600	0.0226633	-0.0574200	-1.4267700	0.0257233	-0.0540400	-1.5996500	0.0403933	-0.0836900	-1.4276670	0.9792003	0.0426411	-1.4028807	0.9761729	-0.3205538	-1.6477474	0.9968084	-0.0787217	-1.6377265	0.9952555	-0.2210704	-1.5296647	0.4681159	0.0271544	-1.5108945	0.4822467	-0.1153797	-1.5793138	0.0824085	-0.0250736	-1.5467414	0.0947225	-0.1184689	-1.4341020	0.0426811	-0.0672259	-1.4851952	0.0304878	-0.0088362	-1.6404055	0.0697131	-0.0872908	-1.5304367	0.4658670	-0.3096619	-1.5181051	0.4762818	-0.1650356	-1.5854756	0.0806110	-0.2618776	-1.5497985	0.0894169	-0.1692620	-1.4237175	0.0400145	-0.2286676	-1.6519901	0.0642010	-0.1985692	-1.4774933	0.0319358	-0.2869311	-1.5506761	1.5550691	0.0009447	-1.5828688	1.5272951	-0.3474761	-1.6693580	1.5411484	-0.1680128	-1.4331934	0.7175709	0.0662125	-1.4777013	0.6168876	0.0774594	-1.5705579	0.7231279	0.0868405	-1.4213921	0.7133625	-0.3514033	-1.4687068	0.6148456	-0.3625216	-1.5567914	0.7239950	-0.3778057	-1.5458771	0.3546717	0.0167998	-1.5283357	0.2346531	0.0176254	-1.6009358	0.2497979	0.0151448	-1.5502948	0.3527293	-0.3023553	-1.5321792	0.2326065	-0.3082333	-1.6082179	0.2490840	-0.2989424	-1.5327754	0.8706376	-0.0364199	-1.5180312	0.8688448	-0.2557450	-1.4828524	1.7719882	0.1095578	-1.4003642	1.7552922	0.0988387	-1.4883016	2.0077164	0.0149595	-1.4393415	2.0211658	0.0911241	-1.5492931	1.1645984	-0.3910819	-1.5313558	1.1378799	-0.3849846	-1.4844147	0.9311888	-0.4073011	-1.5192698	0.9253311	-0.4068127
124	2.0500000	-1.5708200	1.4913333	-0.1737200	-1.5537400	1.5256833	-0.0143600	-1.4780700	1.7673933	0.0637000	-1.4704100	2.0411433	0.0799300	-1.5632600	1.4544433	-0.3344900	-1.5400300	1.1874333	-0.3912000	-1.4795700	0.9271733	-0.4029200	-1.4824700	0.9004233	-0.1424500	-1.4888400	0.9093633	-0.0256800	-1.5105500	0.4680433	-0.0553900	-1.5736800	0.0750433	-0.0731300	-1.4628600	0.8926433	-0.2587800	-1.5235300	0.4665133	-0.2390600	-1.5726800	0.0706933	-0.2171800	-1.4099700	0.0194633	-0.2441200	-1.4207000	0.0225533	-0.2467300	-1.5982600	0.0377233	-0.2051500	-1.4141600	0.0225733	-0.0573900	-1.4258400	0.0255733	-0.0539900	-1.6009500	0.0393433	-0.0830700	-1.4253490	0.9797183	0.0432328	-1.4003602	0.9768645	-0.3189640	-1.6442384	0.9973174	-0.0777750	-1.6341532	0.9958236	-0.2197331	-1.5265726	0.4678684	0.0275200	-1.5077693	0.4819785	-0.1146336	-1.5763192	0.0820421	-0.0245247	-1.5437807	0.0942878	-0.1177839	-1.4311918	0.0412633	-0.0667215	-1.4821559	0.0294211	-0.0083369	-1.6373940	0.0699026	-0.0865721	-1.5282719	0.4656004	-0.3082930	-1.5161643	0.4758586	-0.1643680	-1.5832035	0.0802103	-0.2612509	-1.5477485	0.0888771	-0.1689655	-1.4225269	0.0387583	-0.2281134	-1.6492663	0.0641415	-0.1981132	-1.4759007	0.0310194	-0.2861712	-1.5484590	1.5557680	-0.0005583	-1.5799606	1.5263295	-0.3468844	-1.6661218	1.5408291	-0.1686284	-1.4304226	0.7176793	0.0666035	-1.4747971	0.6168717	0.0777629	-1.5674467	0.7234182	0.0872116	-1.4190160	0.7133418	-0.3494530	-1.4663571	0.6147698	-0.3606644	-1.5536601	0.7245146	-0.3759908	-1.5427121	0.3543845	0.0172431	-1.5252554	0.2343227	0.0180578	-1.5978403	0.2494926	0.0156141	-1.5481083	0.3524599	-0.3012987	-1.5300915	0.2322791	-0.3072850	-1.6057410	0.2488188	-0.2980189	-1.5296989	0.8711339	-0.0356497	-1.5148344	0.8694476	-0.2543643	-1.4859618	1.7780514	0.0997680	-1.4072535	1.7592713	0.0937568	-1.4868860	2.0184962	0.0194226	-1.4420533	2.0267226	0.0971054	-1.5474981	1.1634558	-0.3953934	-1.5315446	1.1368993	-0.3840023	-1.4796876	0.9272190	-0.4074933	-1.5184092	0.9231280	-0.4077876
125	2.0666667	-1.5728100	1.4914533	-0.1740800	-1.5592600	1.5266033	-0.0155000	-1.4888200	1.7705733	0.0534600	-1.4668800	2.0449733	0.0826200	-1.5619000	1.4540933	-0.3337900	-1.5410500	1.1864633	-0.3906600	-1.4782400	0.9268133	-0.4022600	-1.4779000	0.9015533	-0.1419800	-1.4857800	0.9107333	-0.0258400	-1.5108600	0.4679933	-0.0558500	-1.5739900	0.0759333	-0.0733200	-1.4569300	0.8936033	-0.2576200	-1.5200700	0.4671533	-0.2388700	-1.5756400	0.0696133	-0.2172300	-1.4033900	0.0210733	-0.2449700	-1.4151800	0.0236933	-0.2475100	-1.6031800	0.0359933	-0.2052000	-1.4142100	0.0226733	-0.0571600	-1.4257900	0.0257533	-0.0537800	-1.6046500	0.0391133	-0.0830100	-1.4215806	0.9809418	0.0433357	-1.3960170	0.9780570	-0.3178831	-1.6391605	0.9981480	-0.0777501	-1.6288646	0.9966276	-0.2193180	-1.5226492	0.4682883	0.0272831	-1.5037696	0.4823212	-0.1144241	-1.5733279	0.0822401	-0.0245651	-1.5408266	0.0943576	-0.1176433	-1.4282213	0.0404369	-0.0668626	-1.4790579	0.0289384	-0.0085644	-1.6345066	0.0705139	-0.0864100	-1.5247042	0.4657958	-0.3077898	-1.5128222	0.4759284	-0.1644088	-1.5802794	0.0803083	-0.2615529	-1.5450148	0.0888274	-0.1694581	-1.4201111	0.0381519	-0.2283605	-1.6461578	0.0644197	-0.1985949	-1.4732381	0.0307204	-0.2863706	-1.5460389	1.5570734	-0.0025458	-1.5759798	1.5261833	-0.3469227	-1.6623295	1.5410431	-0.1700725	-1.4264906	0.7182990	0.0662881	-1.4708728	0.6174410	0.0773915	-1.5630196	0.7243942	0.0869087	-1.4149387	0.7137439	-0.3482958	-1.4624399	0.6151204	-0.3596565	-1.5488622	0.7254794	-0.3750409	-1.5388937	0.3546866	0.0171103	-1.5217806	0.2345156	0.0178824	-1.5943713	0.2498576	0.0154970	-1.5447361	0.3526016	-0.3011823	-1.5270110	0.2323122	-0.3072928	-1.6023324	0.2490519	-0.2980426	-1.5250375	0.8722237	-0.0355505	-1.5098276	0.8705152	-0.2536661	-1.4897108	1.7841417	0.0887557	-1.4151891	1.7625563	0.0888082	-1.4821378	2.0279213	0.0231389	-1.4426129	2.0311561	0.1024254	-1.5452264	1.1629397	-0.3999704	-1.5315823	1.1365826	-0.3837533	-1.4741119	0.9235010	-0.4077519	-1.5165782	0.9215301	-0.4090926
126	2.0833333	-1.5751800	1.4912633	-0.1749300	-1.5660400	1.5268433	-0.0170100	-1.4985400	1.7735333	0.0453900	-1.4628200	2.0483733	0.0836600	-1.5600400	1.4535333	-0.3336400	-1.5420900	1.1865633	-0.3902900	-1.4784900	0.9263333	-0.4019100	-1.4740400	0.9031933	-0.1422800	-1.4832300	0.9124433	-0.0266300	-1.5115700	0.4678833	-0.0564400	-1.5753900	0.0772133	-0.0738600	-1.4519000	0.8951333	-0.2573500	-1.5152700	0.4681533	-0.2387500	-1.5791200	0.0683833	-0.2175800	-1.3937800	0.0237133	-0.2456800	-1.4070100	0.0257433	-0.2481700	-1.6097700	0.0349233	-0.2056400	-1.4141600	0.0229033	-0.0569100	-1.4256700	0.0260833	-0.0535600	-1.6100900	0.0396933	-0.0835000	-1.4188679	0.9827585	0.0428160	-1.3920977	0.9796865	-0.3173464	-1.6349739	0.9992855	-0.0789110	-1.6242177	0.9976782	-0.2200518	-1.5201496	0.4692988	0.0263474	-1.5011312	0.4832399	-0.1149310	-1.5726877	0.0830174	-0.0252616	-1.5401816	0.0949778	-0.1181900	-1.4273278	0.0403829	-0.0675979	-1.4781230	0.0292383	-0.0094090	-1.6341259	0.0715229	-0.0869980	-1.5217694	0.4664699	-0.3082039	-1.5102851	0.4764763	-0.1651614	-1.5787327	0.0808220	-0.2626659	-1.5437678	0.0891792	-0.1705644	-1.4181985	0.0383342	-0.2292196	-1.6449538	0.0648487	-0.1999231	-1.4712398	0.0311431	-0.2873936	-1.5459428	1.5586429	-0.0050746	-1.5731365	1.5265182	-0.3477104	-1.6603824	1.5415704	-0.1725494	-1.4237142	0.7194421	0.0651650	-1.4682232	0.6185625	0.0762628	-1.5597104	0.7259558	0.0857959	-1.4112355	0.7146527	-0.3479919	-1.4589774	0.6159595	-0.3595699	-1.5445018	0.7268858	-0.3751333	-1.5367191	0.3555151	0.0163376	-1.5202080	0.2351844	0.0170836	-1.5928713	0.2508582	0.0147262	-1.5421653	0.3531348	-0.3019711	-1.5248747	0.2326730	-0.3081262	-1.6000224	0.2497493	-0.2990291	-1.5212681	0.8738601	-0.0363485	-1.5053269	0.8720324	-0.2538204	-1.4958979	1.7901015	0.0769914	-1.4256104	1.7653090	0.0841090	-1.4765061	2.0357144	0.0256996	-1.4432369	2.0345410	0.1066506	-1.5443488	1.1628834	-0.4046156	-1.5333617	1.1369481	-0.3840506	-1.4700007	0.9200123	-0.4079820	-1.5161123	0.9204554	-0.4106794
127	2.1000000	-1.5763100	1.4910033	-0.1761000	-1.5709800	1.5270933	-0.0185000	-1.5040400	1.7754933	0.0405500	-1.4581400	2.0497133	0.0839000	-1.5574100	1.4529533	-0.3342000	-1.5425900	1.1865533	-0.3902100	-1.4789800	0.9255833	-0.4016400	-1.4719500	0.9041033	-0.1427900	-1.4820700	0.9135533	-0.0274800	-1.5120500	0.4677733	-0.0568200	-1.5778300	0.0775633	-0.0742500	-1.4489800	0.8958233	-0.2574800	-1.5129900	0.4686733	-0.2387200	-1.5808300	0.0677333	-0.2181400	-1.3881300	0.0251133	-0.2454700	-1.4020400	0.0269133	-0.2480200	-1.6132000	0.0344933	-0.2063200	-1.4125000	0.0238333	-0.0571000	-1.4242300	0.0270133	-0.0537200	-1.6151400	0.0400833	-0.0840300	-1.4181904	0.9838016	0.0422357	-1.3896354	0.9805402	-0.3168627	-1.6327527	0.9996819	-0.0805224	-1.6213069	0.9979936	-0.2212323	-1.5197273	0.4695736	0.0253170	-1.5005531	0.4834619	-0.1156522	-1.5746132	0.0831595	-0.0260053	-1.5420640	0.0949878	-0.1188892	-1.4285410	0.0400345	-0.0683100	-1.4794151	0.0291843	-0.0101512	-1.6364850	0.0717133	-0.0877794	-1.5203664	0.4664631	-0.3088543	-1.5095258	0.4763230	-0.1659897	-1.5790393	0.0805645	-0.2637432	-1.5445385	0.0887503	-0.1714854	-1.4174797	0.0381865	-0.2298597	-1.6460653	0.0642441	-0.2012561	-1.4705028	0.0311126	-0.2883309	-1.5485727	1.5590996	-0.0075084	-1.5720786	1.5258375	-0.3486985	-1.6608147	1.5410890	-0.1753495	-1.4228589	0.7198615	0.0638830	-1.4675596	0.6189467	0.0750273	-1.5584360	0.7267759	0.0845444	-1.4088723	0.7149254	-0.3478726	-1.4568850	0.6161441	-0.3597252	-1.5415660	0.7275870	-0.3756397	-1.5367525	0.3556087	0.0155173	-1.5209364	0.2351197	0.0162870	-1.5937635	0.2511897	0.0139216	-1.5411591	0.3529357	-0.3028892	-1.5242984	0.2322643	-0.3089434	-1.5994606	0.2497341	-0.3002032	-1.5194607	0.8747859	-0.0374381	-1.5024332	0.8728394	-0.2542658	-1.5038399	1.7945575	0.0659256	-1.4375523	1.7665218	0.0804510	-1.4706478	2.0406028	0.0277242	-1.4441735	2.0358842	0.1103167	-1.5449279	1.1620280	-0.4086731	-1.5368318	1.1368472	-0.3841462	-1.4676255	0.9157848	-0.4076270	-1.5173305	0.9187962	-0.4119383
128	2.1166667	-1.5760800	1.4909133	-0.1772300	-1.5732100	1.5276633	-0.0196100	-1.5061600	1.7757633	0.0392800	-1.4536900	2.0492133	0.0836500	-1.5547700	1.4521733	-0.3351600	-1.5420000	1.1860033	-0.3902600	-1.4787500	0.9248833	-0.4013400	-1.4720100	0.9038233	-0.1428800	-1.4832200	0.9136133	-0.0277100	-1.5130800	0.4672133	-0.0568600	-1.5796900	0.0770133	-0.0744300	-1.4480000	0.8951933	-0.2573700	-1.5131300	0.4687433	-0.2388100	-1.5793900	0.0673233	-0.2187000	-1.3872900	0.0252133	-0.2446900	-1.4010100	0.0270433	-0.2473500	-1.6123300	0.0345733	-0.2068900	-1.4106600	0.0245133	-0.0577100	-1.4226700	0.0276133	-0.0542900	-1.6165100	0.0401833	-0.0844500	-1.4197940	0.9835563	0.0422100	-1.3889967	0.9801912	-0.3159356	-1.6328417	0.9990440	-0.0818005	-1.6205231	0.9973163	-0.2221287	-1.5213745	0.4686197	0.0247868	-1.5020731	0.4825228	-0.1160443	-1.5782567	0.0822433	-0.0262449	-1.5456555	0.0940088	-0.1191932	-1.4311556	0.0390678	-0.0684687	-1.4821527	0.0283572	-0.0102347	-1.6405996	0.0706707	-0.0881799	-1.5206709	0.4653857	-0.3090996	-1.5106858	0.4751016	-0.1662818	-1.5807761	0.0792010	-0.2641318	-1.5468726	0.0872427	-0.1716248	-1.4180503	0.0373722	-0.2297061	-1.6487744	0.0623416	-0.2019031	-1.4710070	0.0302702	-0.2885145	-1.5533637	1.5581174	-0.0093385	-1.5726949	1.5237145	-0.3493296	-1.6632627	1.5392667	-0.1777836	-1.4240937	0.7190994	0.0631534	-1.4689715	0.6181177	0.0743564	-1.5594150	0.7263451	0.0838465	-1.4082213	0.7141762	-0.3472799	-1.4564558	0.6152848	-0.3594658	-1.5404400	0.7271522	-0.3759046	-1.5387900	0.3545428	0.0151950	-1.5235140	0.2339577	0.0160473	-1.5965498	0.2503532	0.0136342	-1.5417501	0.3516780	-0.3032671	-1.5251585	0.2308174	-0.3090878	-1.6004680	0.2486159	-0.3008884	-1.5199914	0.8745255	-0.0381136	-1.5015964	0.8725169	-0.2543683	-1.5123430	1.7970473	0.0569080	-1.4496075	1.7660389	0.0785579	-1.4647801	2.0424632	0.0298290	-1.4451918	2.0351983	0.1139893	-1.5463580	1.1599948	-0.4116395	-1.5411798	1.1358938	-0.3834904	-1.4663372	0.9108176	-0.4063186	-1.5195803	0.9163481	-0.4123941
129	2.1333333	-1.5760000	1.4909033	-0.1780600	-1.5743800	1.5280433	-0.0203000	-1.5077500	1.7752933	0.0406100	-1.4514200	2.0481733	0.0830400	-1.5534900	1.4517133	-0.3360500	-1.5403800	1.1850733	-0.3901400	-1.4784300	0.9243933	-0.4012000	-1.4732600	0.9028633	-0.1424300	-1.4852000	0.9128533	-0.0271200	-1.5148800	0.4663533	-0.0566400	-1.5793700	0.0767033	-0.0746400	-1.4484600	0.8939633	-0.2570300	-1.5133400	0.4688233	-0.2390000	-1.5759700	0.0673133	-0.2190400	-1.3883100	0.0248233	-0.2446400	-1.4015200	0.0267533	-0.2473500	-1.6090200	0.0344333	-0.2070600	-1.4104700	0.0247333	-0.0583900	-1.4224900	0.0278333	-0.0549500	-1.6137500	0.0405133	-0.0849500	-1.4225532	0.9825504	0.0428134	-1.3893204	0.9791844	-0.3145708	-1.6342298	0.9979121	-0.0825200	-1.6209595	0.9961918	-0.2225489	-1.5239540	0.4669958	0.0247962	-1.5045947	0.4809855	-0.1160206	-1.5817825	0.0808569	-0.0260625	-1.5491722	0.0926417	-0.1191264	-1.4337284	0.0380036	-0.0681924	-1.4847620	0.0272712	-0.0098361	-1.6444401	0.0690550	-0.0881973	-1.5215991	0.4637799	-0.3088165	-1.5125609	0.4733895	-0.1659820	-1.5824988	0.0773746	-0.2639170	-1.5492408	0.0853302	-0.1711577	-1.4188719	0.0364137	-0.2290014	-1.6513461	0.0599016	-0.2019125	-1.4716757	0.0291898	-0.2880942	-1.5587995	1.5564502	-0.0106367	-1.5739175	1.5208984	-0.3495295	-1.6664024	1.5368141	-0.1797429	-1.4264010	0.7176901	0.0630862	-1.4713863	0.6166205	0.0743198	-1.5615361	0.7251688	0.0838023	-1.4084478	0.7129232	-0.3461318	-1.4567782	0.6139038	-0.3586786	-1.5402647	0.7260729	-0.3757324	-1.5415180	0.3529206	0.0153425	-1.5264557	0.2323397	0.0162816	-1.5996571	0.2488986	0.0138166	-1.5427964	0.3499562	-0.3030374	-1.5262639	0.2289800	-0.3085949	-1.6017325	0.2469664	-0.3010141	-1.5218344	0.8735729	-0.0381887	-1.5019536	0.8715694	-0.2539879	-1.5200994	1.7982869	0.0502978	-1.4603447	1.7647687	0.0783933	-1.4587930	2.0424826	0.0319816	-1.4458624	2.0336414	0.1176046	-1.5473851	1.1573825	-0.4134842	-1.5449104	1.1345799	-0.3821419	-1.4648281	0.9059514	-0.4043307	-1.5214742	0.9137615	-0.4121447
130	2.1500000	-1.5766100	1.4907833	-0.1786100	-1.5750100	1.5281133	-0.0207000	-1.5097000	1.7750733	0.0430200	-1.4516800	2.0476133	0.0825400	-1.5540700	1.4513533	-0.3367500	-1.5385100	1.1844233	-0.3898800	-1.4782800	0.9240133	-0.4012200	-1.4736800	0.9016433	-0.1418300	-1.4852400	0.9117033	-0.0262700	-1.5163300	0.4658633	-0.0562900	-1.5773600	0.0772533	-0.0747700	-1.4491700	0.8927733	-0.2567000	-1.5127100	0.4689433	-0.2390500	-1.5735500	0.0678333	-0.2190100	-1.3901700	0.0245233	-0.2454700	-1.4030100	0.0265433	-0.2481100	-1.6064400	0.0344833	-0.2068100	-1.4115500	0.0247433	-0.0588000	-1.4233800	0.0279633	-0.0553600	-1.6101300	0.0411333	-0.0851800	-1.4242510	0.9812510	0.0435930	-1.3888582	0.9779667	-0.3132714	-1.6348422	0.9966550	-0.0828970	-1.6207265	0.9949804	-0.2227275	-1.5254663	0.4652070	0.0249679	-1.5061452	0.4793243	-0.1158568	-1.5832879	0.0795140	-0.0258896	-1.5507542	0.0913705	-0.1190616	-1.4346204	0.0370663	-0.0679772	-1.4855483	0.0262597	-0.0095099	-1.6460707	0.0675420	-0.0881626	-1.5213529	0.4620480	-0.3083483	-1.5131884	0.4715920	-0.1655594	-1.5826999	0.0756447	-0.2636431	-1.5500366	0.0835490	-0.1707437	-1.4185717	0.0355773	-0.2284698	-1.6521532	0.0576491	-0.2018178	-1.4711828	0.0282471	-0.2876953	-1.5628092	1.5547384	-0.0117895	-1.5741658	1.5180398	-0.3496321	-1.6683829	1.5342624	-0.1814546	-1.4277417	0.7160713	0.0632215	-1.4727777	0.6149241	0.0744736	-1.5626396	0.7237097	0.0840169	-1.4078609	0.7115073	-0.3448718	-1.4561546	0.6123679	-0.3577409	-1.5392800	0.7247606	-0.3753566	-1.5429516	0.3512466	0.0155608	-1.5278330	0.2307664	0.0165221	-1.6011099	0.2473574	0.0140738	-1.5426047	0.3482034	-0.3026130	-1.5260732	0.2271993	-0.3079778	-1.6015922	0.2452977	-0.3009546	-1.5228120	0.8723363	-0.0379899	-1.5016126	0.8703910	-0.2534803	-1.5257480	1.7989690	0.0455465	-1.4683790	1.7634858	0.0792397	-1.4521696	2.0418120	0.0337545	-1.4455302	2.0322123	0.1207052	-1.5466083	1.1547439	-0.4145756	-1.5464331	1.1332758	-0.3805928	-1.4616728	0.9017942	-0.4024074	-1.5214971	0.9114863	-0.4117085
131	2.1666667	-1.5767600	1.4904433	-0.1790400	-1.5739800	1.5279533	-0.0210900	-1.5117200	1.7747733	0.0456400	-1.4526000	2.0474233	0.0826100	-1.5553400	1.4509333	-0.3373000	-1.5373100	1.1836633	-0.3898100	-1.4779600	0.9235433	-0.4011200	-1.4739400	0.9006633	-0.1413200	-1.4839600	0.9105233	-0.0256600	-1.5169300	0.4659633	-0.0558000	-1.5755700	0.0778733	-0.0745000	-1.4508900	0.8919033	-0.2563700	-1.5124900	0.4688133	-0.2386700	-1.5743400	0.0682233	-0.2185500	-1.3935300	0.0239933	-0.2458900	-1.4062300	0.0261233	-0.2484700	-1.6069400	0.0345533	-0.2062700	-1.4129500	0.0241033	-0.0586400	-1.4245100	0.0273833	-0.0552000	-1.6082700	0.0415733	-0.0847700	-1.4253926	0.9801712	0.0442174	-1.3885021	0.9769785	-0.3122764	-1.6352417	0.9957849	-0.0830739	-1.6205374	0.9941626	-0.2227694	-1.5264882	0.4637868	0.0251129	-1.5072809	0.4780240	-0.1156781	-1.5838617	0.0786252	-0.0258404	-1.5514659	0.0905614	-0.1190758	-1.4349029	0.0364443	-0.0679287	-1.4856500	0.0255901	-0.0093964	-1.6466418	0.0666107	-0.0881544	-1.5208861	0.4606844	-0.3079054	-1.5134238	0.4701629	-0.1653006	-1.5828301	0.0745040	-0.2635257	-1.5506773	0.0823418	-0.1706488	-1.4185805	0.0350965	-0.2283856	-1.6526742	0.0561551	-0.2018518	-1.4709920	0.0277570	-0.2875636	-1.5658274	1.5535885	-0.0129396	-1.5743459	1.5157882	-0.3498139	-1.6698773	1.5322434	-0.1829571	-1.4287010	0.7147846	0.0632646	-1.4737331	0.6135747	0.0745540	-1.5632841	0.7225364	0.0842299	-1.4074060	0.7103948	-0.3437680	-1.4555523	0.6111614	-0.3568807	-1.5383742	0.7237435	-0.3748931	-1.5437991	0.3499933	0.0157025	-1.5285179	0.2296624	0.0166234	-1.6017804	0.2462184	0.0142638	-1.5422552	0.3468812	-0.3022139	-1.5258518	0.2259066	-0.3074707	-1.6012670	0.2441366	-0.3008870	-1.5234617	0.8713513	-0.0377580	-1.5013459	0.8694706	-0.2530303	-1.5302532	1.7996511	0.0422105	-1.4747456	1.7627340	0.0807357	-1.4460799	2.0412636	0.0351131	-1.4452668	2.0315015	0.1232904	-1.5451428	1.1525931	-0.4152525	-1.5468798	1.1323500	-0.3791481	-1.4580077	0.8988142	-0.4009587	-1.5207327	0.9098635	-0.4113936
132	2.1833333	-1.5757500	1.4898433	-0.1794900	-1.5716800	1.5272133	-0.0216100	-1.5129100	1.7734533	0.0484300	-1.4520600	2.0461933	0.0832100	-1.5556300	1.4504233	-0.3377700	-1.5364000	1.1828533	-0.3900100	-1.4777800	0.9228633	-0.4007800	-1.4772800	0.9000533	-0.1407500	-1.4850300	0.9098433	-0.0251300	-1.5173000	0.4662633	-0.0550500	-1.5749600	0.0775433	-0.0740300	-1.4564800	0.8914133	-0.2558800	-1.5146800	0.4683033	-0.2379600	-1.5768300	0.0678633	-0.2178200	-1.3981600	0.0227333	-0.2453000	-1.4107300	0.0249833	-0.2478800	-1.6092100	0.0348033	-0.2056600	-1.4150700	0.0230733	-0.0579500	-1.4263200	0.0263433	-0.0545400	-1.6073500	0.0413933	-0.0844300	-1.4291523	0.9794494	0.0447560	-1.3914924	0.9762794	-0.3113693	-1.6385453	0.9954897	-0.0829525	-1.6235319	0.9938923	-0.2225170	-1.5298223	0.4627991	0.0253676	-1.5107686	0.4771355	-0.1153574	-1.5863809	0.0780955	-0.0257112	-1.5541241	0.0901158	-0.1189537	-1.4374161	0.0361729	-0.0677433	-1.4879645	0.0252760	-0.0092134	-1.6489863	0.0660510	-0.0880261	-1.5233139	0.4598281	-0.3073571	-1.5163876	0.4692227	-0.1650138	-1.5858699	0.0738764	-0.2632709	-1.5541763	0.0816382	-0.1705188	-1.4218695	0.0348836	-0.2283474	-1.6559099	0.0553043	-0.2017386	-1.4740474	0.0276286	-0.2873630	-1.5704150	1.5531020	-0.0139405	-1.5770764	1.5143048	-0.3499358	-1.6734789	1.5310809	-0.1841051	-1.4323354	0.7140258	0.0633787	-1.4772132	0.6127176	0.0747139	-1.5665895	0.7217775	0.0845503	-1.4102368	0.7097998	-0.3426712	-1.4581066	0.6104709	-0.3559671	-1.5407682	0.7231400	-0.3742076	-1.5469062	0.3491668	0.0159471	-1.5313866	0.2289977	0.0168226	-1.6045381	0.2454445	0.0145306	-1.5448099	0.3460608	-0.3016548	-1.5286175	0.2251383	-0.3068275	-1.6038112	0.2434785	-0.3006204	-1.5270124	0.8707898	-0.0373843	-1.5044223	0.8689310	-0.2524411	-1.5359566	1.8003012	0.0403210	-1.4819244	1.7623831	0.0830843	-1.4425173	2.0406953	0.0364223	-1.4468869	2.0311997	0.1257783	-1.5455615	1.1509804	-0.4156771	-1.5490263	1.1318652	-0.3777737	-1.4565664	0.8969668	-0.3997624	-1.5218767	0.9088330	-0.4110926
133	2.2000000	-1.5745300	1.4891433	-0.1799100	-1.5704500	1.5264633	-0.0220900	-1.5118100	1.7711633	0.0517500	-1.4494000	2.0431433	0.0838800	-1.5544300	1.4498133	-0.3381400	-1.5349800	1.1819133	-0.3902500	-1.4782600	0.9220633	-0.4003100	-1.4833800	0.8995333	-0.1400800	-1.4893200	0.9093033	-0.0244300	-1.5174300	0.4668833	-0.0541600	-1.5751700	0.0765133	-0.0739800	-1.4643500	0.8909133	-0.2553500	-1.5185700	0.4678433	-0.2373400	-1.5781500	0.0675933	-0.2172500	-1.4023900	0.0209733	-0.2443900	-1.4146300	0.0234133	-0.2470200	-1.6097600	0.0353033	-0.2052800	-1.4175800	0.0219633	-0.0572200	-1.4286200	0.0252833	-0.0538800	-1.6065200	0.0408333	-0.0850900	-1.4352985	0.9788200	0.0452676	-1.3973677	0.9756183	-0.3104878	-1.6444237	0.9954802	-0.0825896	-1.6292919	0.9938854	-0.2220201	-1.5348131	0.4619459	0.0256978	-1.5158851	0.4763755	-0.1149143	-1.5900778	0.0775506	-0.0255917	-1.5579078	0.0896821	-0.1187625	-1.4413897	0.0359644	-0.0674241	-1.4917334	0.0250272	-0.0089936	-1.6522760	0.0654244	-0.0879214	-1.5280519	0.4591985	-0.3066894	-1.5215261	0.4685312	-0.1646223	-1.5906930	0.0733240	-0.2627599	-1.5594162	0.0810519	-0.1701779	-1.4272488	0.0345625	-0.2281066	-1.6607105	0.0546249	-0.2013688	-1.4791552	0.0274418	-0.2869043	-1.5759926	1.5529117	-0.0148209	-1.5813151	1.5132387	-0.3500219	-1.6783634	1.5305514	-0.1850418	-1.4382582	0.7135706	0.0636362	-1.4827362	0.6120961	0.0749814	-1.5722315	0.7211034	0.0849580	-1.4158128	0.7095103	-0.3415424	-1.4632588	0.6100482	-0.3549827	-1.5460070	0.7226176	-0.3733284	-1.5515921	0.3484408	0.0162480	-1.5357366	0.2284412	0.0170871	-1.6086793	0.2446724	0.0147698	-1.5495383	0.3454368	-0.3009002	-1.5334543	0.2245792	-0.3059713	-1.6083657	0.2429032	-0.3001100	-1.5332226	0.8703571	-0.0368452	-1.5104619	0.8684866	-0.2516851	-1.5415241	1.8004983	0.0397978	-1.4887459	1.7618427	0.0862431	-1.4399584	2.0394181	0.0377584	-1.4486707	2.0305298	0.1282203	-1.5469185	1.1495345	-0.4159915	-1.5520651	1.1315576	-0.3764816	-1.4565872	0.8957561	-0.3985530	-1.5241269	0.9079867	-0.4106530
134	2.2166667	-1.5744900	1.4886433	-0.1802400	-1.5716800	1.5259233	-0.0223600	-1.5080600	1.7687333	0.0559500	-1.4454300	2.0390433	0.0840500	-1.5531300	1.4493933	-0.3384200	-1.5333900	1.1817633	-0.3904600	-1.4787400	0.9214433	-0.3998800	-1.4871700	0.8988933	-0.1397700	-1.4933800	0.9085733	-0.0239500	-1.5162000	0.4678533	-0.0535000	-1.5754700	0.0758133	-0.0744300	-1.4678400	0.8904533	-0.2551800	-1.5207100	0.4677933	-0.2372400	-1.5774000	0.0678833	-0.2170800	-1.4047800	0.0197733	-0.2438000	-1.4166700	0.0223933	-0.2464900	-1.6078500	0.0361533	-0.2052800	-1.4185200	0.0214033	-0.0567800	-1.4295900	0.0247133	-0.0535200	-1.6066500	0.0403633	-0.0864100	-1.4390188	0.9780998	0.0454252	-1.4009279	0.9748722	-0.3100771	-1.6479379	0.9954007	-0.0825257	-1.6327337	0.9938090	-0.2218610	-1.5366959	0.4611149	0.0256815	-1.5177505	0.4756141	-0.1147017	-1.5906792	0.0768942	-0.0259642	-1.5585009	0.0891359	-0.1189493	-1.4424024	0.0354925	-0.0674491	-1.4925879	0.0245904	-0.0092430	-1.6523622	0.0647274	-0.0883094	-1.5301845	0.4585195	-0.3063917	-1.5239204	0.4678582	-0.1646429	-1.5923963	0.0726630	-0.2624888	-1.5614456	0.0804174	-0.1701203	-1.4296357	0.0339026	-0.2280892	-1.6622078	0.0539586	-0.2012400	-1.4812898	0.0269495	-0.2866321	-1.5783412	1.5527294	-0.0159489	-1.5822920	1.5123180	-0.3504928	-1.6799950	1.5302442	-0.1862744	-1.4416624	0.7132089	0.0636105	-1.4855355	0.6115408	0.0749182	-1.5753840	0.7203164	0.0849487	-1.4190534	0.7091977	-0.3408647	-1.4660033	0.6095786	-0.3544034	-1.5489825	0.7219237	-0.3727632	-1.5531717	0.3476760	0.0161542	-1.5370332	0.2278289	0.0169265	-1.6097232	0.2438311	0.0145104	-1.5515313	0.3447589	-0.3004900	-1.5354308	0.2239752	-0.3054426	-1.6100439	0.2421890	-0.2998526	-1.5371136	0.8697923	-0.0366062	-1.5142529	0.8679123	-0.2512964	-1.5424341	1.7999619	0.0400747	-1.4907102	1.7606938	0.0894583	-1.4341423	2.0371194	0.0385301	-1.4462672	2.0291258	0.1299382	-1.5451328	1.1481257	-0.4164954	-1.5518799	1.1313449	-0.3756370	-1.4539132	0.8949953	-0.3975659	-1.5233487	0.9072002	-0.4102665
135	2.2333333	-1.5759600	1.4884233	-0.1804200	-1.5736200	1.5256233	-0.0224200	-1.5033300	1.7662633	0.0610500	-1.4408300	2.0354633	0.0833400	-1.5541000	1.4492933	-0.3386800	-1.5333800	1.1817533	-0.3908300	-1.4776000	0.9213633	-0.3995300	-1.4858900	0.8989833	-0.1401800	-1.4942300	0.9083833	-0.0242700	-1.5138300	0.4686133	-0.0534600	-1.5754300	0.0760633	-0.0749200	-1.4644400	0.8908033	-0.2555600	-1.5192000	0.4679533	-0.2376500	-1.5755300	0.0684333	-0.2173200	-1.4045000	0.0198233	-0.2437400	-1.4163700	0.0224433	-0.2464500	-1.6052700	0.0367233	-0.2055700	-1.4179100	0.0217233	-0.0565100	-1.4291300	0.0250233	-0.0533100	-1.6074200	0.0404833	-0.0872200	-1.4377948	0.9781713	0.0449390	-1.3994200	0.9749207	-0.3103952	-1.6464362	0.9958867	-0.0831840	-1.6311188	0.9942935	-0.2224518	-1.5335297	0.4612108	0.0250513	-1.5143546	0.4757039	-0.1149192	-1.5869918	0.0770720	-0.0269752	-1.5546966	0.0893474	-0.1196364	-1.4390856	0.0354464	-0.0679917	-1.4892274	0.0247283	-0.0101382	-1.6482372	0.0650059	-0.0892775	-1.5273986	0.4585212	-0.3068380	-1.5212587	0.4679216	-0.1654917	-1.5892004	0.0727727	-0.2629028	-1.5584520	0.0805781	-0.1707813	-1.4270780	0.0337505	-0.2287239	-1.6587274	0.0542021	-0.2017772	-1.4785424	0.0270208	-0.2870001	-1.5759168	1.5532718	-0.0174835	-1.5784532	1.5123227	-0.3515112	-1.6767810	1.5306699	-0.1879534	-1.4402144	0.7136908	0.0629392	-1.4834477	0.6118731	0.0741824	-1.5736150	0.7203410	0.0841030	-1.4173550	0.7095188	-0.3409942	-1.4638516	0.6097519	-0.3545817	-1.5469912	0.7218950	-0.3728808	-1.5498510	0.3477601	0.0154227	-1.5337005	0.2280049	0.0160961	-1.6061493	0.2439182	0.0135624	-1.5486088	0.3447732	-0.3008692	-1.5325056	0.2240640	-0.3057035	-1.6068352	0.2421946	-0.3002796	-1.5359435	0.8699212	-0.0370812	-1.5129119	0.8680313	-0.2516680	-1.5376283	1.7992941	0.0408876	-1.4865553	1.7595106	0.0922944	-1.4242350	2.0346665	0.0382934	-1.4388100	2.0277482	0.1305185	-1.5394839	1.1475589	-0.4173673	-1.5476753	1.1319708	-0.3754697	-1.4472979	0.8955541	-0.3971290	-1.5183850	0.9072489	-0.4101633
136	2.2500000	-1.5782900	1.4882633	-0.1804800	-1.5740800	1.5250433	-0.0223200	-1.4994800	1.7637933	0.0668200	-1.4358300	2.0322733	0.0816600	-1.5582100	1.4495333	-0.3390400	-1.5360600	1.1815033	-0.3915500	-1.4746400	0.9217833	-0.3993200	-1.4821900	0.9001433	-0.1411700	-1.4924500	0.9093533	-0.0253700	-1.5121500	0.4683533	-0.0540100	-1.5752900	0.0768233	-0.0751100	-1.4589300	0.8921333	-0.2563400	-1.5155800	0.4678233	-0.2381900	-1.5743300	0.0688233	-0.2177500	-1.4019900	0.0209833	-0.2442800	-1.4142200	0.0234233	-0.2469100	-1.6043200	0.0365833	-0.2059100	-1.4180100	0.0222333	-0.0563300	-1.4292200	0.0255733	-0.0531500	-1.6073000	0.0410833	-0.0870000	-1.4342878	0.9793863	0.0439087	-1.3956257	0.9760875	-0.3112147	-1.6425793	0.9971481	-0.0844044	-1.6271529	0.9955358	-0.2235874	-1.5286233	0.4624605	0.0240215	-1.5090914	0.4768406	-0.1153893	-1.5825166	0.0783536	-0.0281951	-1.5500544	0.0905381	-0.1204418	-1.4349609	0.0361191	-0.0686853	-1.4851400	0.0257415	-0.0112546	-1.6434627	0.0665263	-0.0903673	-1.5225855	0.4594504	-0.3078372	-1.5164702	0.4689305	-0.1669369	-1.5844508	0.0739237	-0.2638667	-1.5538025	0.0817708	-0.1719794	-1.4228308	0.0345152	-0.2298847	-1.6537334	0.0555866	-0.2028130	-1.4741753	0.0280759	-0.2879290	-1.5719630	1.5547197	-0.0191346	-1.5735315	1.5134955	-0.3527568	-1.6722153	1.5319151	-0.1896643	-1.4367551	0.7151972	0.0617434	-1.4794814	0.6133007	0.0729371	-1.5696889	0.7215430	0.0825864	-1.4134551	0.7107181	-0.3417457	-1.4595888	0.6108230	-0.3553397	-1.5427374	0.7228707	-0.3735409	-1.5449909	0.3489435	0.0143290	-1.5291302	0.2292022	0.0149210	-1.6013705	0.2452251	0.0122974	-1.5437751	0.3457107	-0.3018650	-1.5278026	0.2250585	-0.3065972	-1.6018831	0.2432215	-0.3012605	-1.5322962	0.8710853	-0.0381764	-1.5090937	0.8691684	-0.2526310	-1.5310530	1.7985398	0.0425321	-1.4799303	1.7584292	0.0950923	-1.4138883	2.0323106	0.0370622	-1.4298873	2.0265740	0.1301274	-1.5339220	1.1480009	-0.4185275	-1.5434220	1.1335183	-0.3757656	-1.4400335	0.8977557	-0.3971525	-1.5126048	0.9082931	-0.4102730
137	2.2666667	-1.5804400	1.4879633	-0.1804700	-1.5731600	1.5242633	-0.0219700	-1.4965400	1.7614533	0.0729900	-1.4301000	2.0286833	0.0791500	-1.5633300	1.4493733	-0.3396000	-1.5399700	1.1814733	-0.3925700	-1.4721700	0.9221033	-0.3993100	-1.4805600	0.9013733	-0.1421900	-1.4911100	0.9106133	-0.0265300	-1.5118100	0.4671933	-0.0545900	-1.5756100	0.0771533	-0.0748800	-1.4570700	0.8934233	-0.2572100	-1.5128800	0.4674233	-0.2385400	-1.5746800	0.0687333	-0.2179100	-1.3998700	0.0220933	-0.2449700	-1.4125100	0.0243733	-0.2474900	-1.6053300	0.0360733	-0.2059300	-1.4192100	0.0220733	-0.0563000	-1.4302100	0.0254233	-0.0531000	-1.6061600	0.0413933	-0.0860000	-1.4328262	0.9806886	0.0428249	-1.3941180	0.9773513	-0.3119960	-1.6408105	0.9982581	-0.0855499	-1.6253681	0.9966243	-0.2246146	-1.5263444	0.4636936	0.0231493	-1.5064892	0.4778911	-0.1156988	-1.5811594	0.0795842	-0.0289566	-1.5485643	0.0915920	-0.1208100	-1.4340125	0.0366388	-0.0689574	-1.4842183	0.0266760	-0.0119109	-1.6418996	0.0680367	-0.0909540	-1.5200667	0.4603320	-0.3087774	-1.5139390	0.4698817	-0.1682836	-1.5824588	0.0750329	-0.2647082	-1.5518666	0.0829050	-0.1730039	-1.4212238	0.0353305	-0.2309339	-1.6515937	0.0569356	-0.2036652	-1.4724994	0.0292099	-0.2887952	-1.5706258	1.5560011	-0.0203380	-1.5720842	1.5147147	-0.3537149	-1.6707106	1.5329710	-0.1907916	-1.4355250	0.7166548	0.0605703	-1.4778946	0.6147050	0.0717656	-1.5679189	0.7228501	0.0810793	-1.4117609	0.7118795	-0.3425279	-1.4575697	0.6118580	-0.3560992	-1.5406771	0.7238850	-0.3742087	-1.5428746	0.3500918	0.0134719	-1.5274305	0.2303103	0.0140522	-1.5994983	0.2465588	0.0113792	-1.5413446	0.3465677	-0.3028021	-1.5256232	0.2259373	-0.3074267	-1.5995075	0.2442395	-0.3021670	-1.5306063	0.8722942	-0.0393332	-1.5073783	0.8703556	-0.2536010	-1.5269824	1.7967593	0.0455165	-1.4749815	1.7566325	0.0986124	-1.4067699	2.0290377	0.0351448	-1.4230892	2.0246017	0.1292275	-1.5324721	1.1484068	-0.4196680	-1.5432514	1.1349371	-0.3760041	-1.4360205	0.9005850	-0.3971020	-1.5099009	0.9092879	-0.4102008
138	2.2833333	-1.5816700	1.4875833	-0.1803900	-1.5723000	1.5236933	-0.0212800	-1.4929200	1.7589233	0.0794800	-1.4248900	2.0228933	0.0761400	-1.5663200	1.4492133	-0.3402500	-1.5435000	1.1812033	-0.3935400	-1.4715000	0.9220433	-0.3994100	-1.4830600	0.9020333	-0.1425700	-1.4931000	0.9113333	-0.0269100	-1.5119900	0.4664233	-0.0546700	-1.5765500	0.0766333	-0.0743100	-1.4601200	0.8939433	-0.2576100	-1.5126800	0.4673633	-0.2386400	-1.5758100	0.0684133	-0.2174900	-1.3991100	0.0228133	-0.2453200	-1.4120700	0.0250233	-0.2477200	-1.6062500	0.0355533	-0.2052600	-1.4205100	0.0222133	-0.0563500	-1.4313200	0.0256333	-0.0531300	-1.6059000	0.0407433	-0.0847300	-1.4353623	0.9813822	0.0423438	-1.3968493	0.9780480	-0.3121390	-1.6431460	0.9987496	-0.0859406	-1.6277740	0.9971079	-0.2248738	-1.5280113	0.4641998	0.0230057	-1.5080008	0.4782209	-0.1154132	-1.5836508	0.0800293	-0.0287602	-1.5510340	0.0918637	-0.1203367	-1.4369268	0.0366936	-0.0683943	-1.4870847	0.0270760	-0.0116098	-1.6442381	0.0686123	-0.0906123	-1.5214544	0.4606239	-0.3089961	-1.5153330	0.4702480	-0.1687960	-1.5843469	0.0754247	-0.2646409	-1.5538178	0.0833480	-0.1730445	-1.4234168	0.0357550	-0.2311207	-1.6533940	0.0574425	-0.2035657	-1.4746523	0.0298808	-0.2888325	-1.5731506	1.5565093	-0.0205659	-1.5751978	1.5153014	-0.3539259	-1.6734983	1.5334186	-0.1908979	-1.4381465	0.7174951	0.0600738	-1.4801635	0.6154448	0.0713218	-1.5700705	0.7235273	0.0803605	-1.4140831	0.7125506	-0.3426642	-1.4595158	0.6123638	-0.3562067	-1.5427272	0.7243081	-0.3742655	-1.5446918	0.3505004	0.0134119	-1.5295956	0.2306552	0.0140513	-1.6015125	0.2471333	0.0113683	-1.5428031	0.3467816	-0.3029375	-1.5273021	0.2261466	-0.3074010	-1.6010608	0.2445845	-0.3022754	-1.5329800	0.8729255	-0.0398437	-1.5098712	0.8709910	-0.2539065	-1.5262321	1.7934479	0.0503784	-1.4726184	1.7536212	0.1035277	-1.4036001	2.0240139	0.0330037	-1.4190601	2.0210860	0.1282436	-1.5355923	1.1481249	-0.4204601	-1.5477363	1.1356894	-0.3756508	-1.4360800	0.9032909	-0.3963351	-1.5110739	0.9096366	-0.4094800
139	2.3000000	-1.5821300	1.4872133	-0.1802000	-1.5720900	1.5235033	-0.0203800	-1.4882300	1.7549233	0.0866800	-1.4211100	2.0154933	0.0729900	-1.5670400	1.4486833	-0.3408100	-1.5463100	1.1815933	-0.3940400	-1.4711200	0.9219233	-0.3993700	-1.4879400	0.9021733	-0.1422400	-1.4978900	0.9112433	-0.0265400	-1.5125100	0.4664533	-0.0544300	-1.5782500	0.0760533	-0.0738400	-1.4651000	0.8943033	-0.2573100	-1.5141100	0.4679333	-0.2386700	-1.5768500	0.0689533	-0.2168500	-1.3982100	0.0241733	-0.2456800	-1.4115700	0.0262633	-0.2479300	-1.6062300	0.0358933	-0.2041700	-1.4206300	0.0221533	-0.0561900	-1.4314000	0.0255533	-0.0530000	-1.6084600	0.0396133	-0.0839200	-1.4401548	0.9814851	0.0425778	-1.4018921	0.9782494	-0.3116398	-1.6478670	0.9987904	-0.0855365	-1.6325781	0.9971793	-0.2243620	-1.5313362	0.4640744	0.0235288	-1.5113599	0.4779764	-0.1146427	-1.5874961	0.0797716	-0.0278261	-1.5549863	0.0915018	-0.1192848	-1.4409707	0.0364866	-0.0672432	-1.4910374	0.0270974	-0.0105629	-1.6480406	0.0682642	-0.0896211	-1.5246673	0.4604654	-0.3084947	-1.5185748	0.4701842	-0.1685142	-1.5876050	0.0752679	-0.2636700	-1.5571487	0.0832956	-0.1721469	-1.4268187	0.0360067	-0.2305302	-1.6565822	0.0572126	-0.2025456	-1.4780785	0.0302672	-0.2880709	-1.5772605	1.5563669	-0.0199339	-1.5801888	1.5153228	-0.3535125	-1.6781230	1.5334981	-0.1902002	-1.4426163	0.7178710	0.0603040	-1.4841719	0.6156376	0.0716263	-1.5742760	0.7235667	0.0805257	-1.4184979	0.7129404	-0.3421257	-1.4634462	0.6125154	-0.3556379	-1.5470186	0.7242007	-0.3736484	-1.5480964	0.3502580	0.0140519	-1.5332088	0.2303554	0.0147779	-1.6050078	0.2469886	0.0121252	-1.5459653	0.3465154	-0.3022674	-1.5305327	0.2258915	-0.3065129	-1.6042285	0.2443676	-0.3015697	-1.5377611	0.8730225	-0.0396019	-1.5148039	0.8711507	-0.2535068	-1.5262039	1.7885996	0.0571478	-1.4703421	1.7493233	0.1097444	-1.4021962	2.0170402	0.0306440	-1.4156084	2.0159226	0.1270081	-1.5403038	1.1472897	-0.4210977	-1.5539328	1.1360005	-0.3748017	-1.4374633	0.9059637	-0.3948294	-1.5133821	0.9095824	-0.4081883
140	2.3166667	-1.5820000	1.4867933	-0.1799200	-1.5720500	1.5227933	-0.0194200	-1.4831200	1.7491133	0.0952100	-1.4192300	2.0068233	0.0700200	-1.5664400	1.4487433	-0.3411500	-1.5478100	1.1815833	-0.3941200	-1.4703100	0.9218633	-0.3990100	-1.4917100	0.9015533	-0.1419300	-1.5018000	0.9101833	-0.0262000	-1.5136500	0.4666933	-0.0543200	-1.5798600	0.0762033	-0.0739500	-1.4687200	0.8941233	-0.2570300	-1.5149600	0.4683733	-0.2390200	-1.5766200	0.0697933	-0.2166400	-1.3983300	0.0250733	-0.2463200	-1.4118600	0.0270433	-0.2484200	-1.6054300	0.0365533	-0.2036400	-1.4195300	0.0226333	-0.0560200	-1.4305100	0.0260133	-0.0528900	-1.6124300	0.0392633	-0.0841500	-1.4437677	0.9807523	0.0428534	-1.4056984	0.9777522	-0.3112816	-1.6515366	0.9981765	-0.0850587	-1.6363057	0.9966511	-0.2238418	-1.5330118	0.4631700	0.0239562	-1.5131920	0.4770259	-0.1140721	-1.5895382	0.0788115	-0.0270785	-1.5572249	0.0905162	-0.1185216	-1.4428454	0.0358433	-0.0663899	-1.4928542	0.0266078	-0.0097040	-1.6502218	0.0670897	-0.0888746	-1.5263540	0.4596744	-0.3081183	-1.5202579	0.4694900	-0.1683499	-1.5889213	0.0745115	-0.2627643	-1.5585093	0.0826659	-0.1713266	-1.4281466	0.0358181	-0.2301268	-1.6578110	0.0562620	-0.2015805	-1.4795036	0.0301415	-0.2874373	-1.5795000	1.5553829	-0.0192172	-1.5833275	1.5146189	-0.3531853	-1.6809469	1.5329943	-0.1894706	-1.4455987	0.7175289	0.0605184	-1.4866110	0.6150707	0.0719124	-1.5771745	0.7227401	0.0807969	-1.4215972	0.7127837	-0.3417422	-1.4659925	0.6120834	-0.3552132	-1.5501237	0.7233778	-0.3730939	-1.5498083	0.3492604	0.0145776	-1.5350532	0.2293456	0.0153475	-1.6067682	0.2460642	0.0127833	-1.5474905	0.3456378	-0.3016919	-1.5319929	0.2250719	-0.3057132	-1.6056715	0.2434921	-0.3009325	-1.5414960	0.8723287	-0.0393074	-1.5186562	0.8706021	-0.2531653	-1.5238729	1.7818493	0.0654012	-1.4651121	1.7433352	0.1166059	-1.4002002	2.0078747	0.0276171	-1.4103933	2.0089263	0.1248767	-1.5431060	1.1458343	-0.4221869	-1.5582855	1.1358028	-0.3741525	-1.4368586	0.9084435	-0.3931895	-1.5135180	0.9090620	-0.4068751
141	2.3333333	-1.5811700	1.4861233	-0.1795700	-1.5711100	1.5211933	-0.0184400	-1.4779200	1.7418333	0.1051600	-1.4188400	1.9964033	0.0674200	-1.5655900	1.4486033	-0.3414500	-1.5473400	1.1812733	-0.3941800	-1.4698500	0.9224133	-0.3983300	-1.4921600	0.9001633	-0.1422000	-1.5022300	0.9080133	-0.0263400	-1.5143000	0.4667733	-0.0543600	-1.5794300	0.0770733	-0.0745200	-1.4691800	0.8935433	-0.2574300	-1.5136400	0.4683633	-0.2397600	-1.5752700	0.0703433	-0.2170300	-1.4005300	0.0242233	-0.2467200	-1.4137000	0.0262933	-0.2487400	-1.6048000	0.0376533	-0.2042200	-1.4176900	0.0232233	-0.0560700	-1.4290500	0.0265633	-0.0529900	-1.6137100	0.0399733	-0.0851800	-1.4440383	0.9792132	0.0426412	-1.4061535	0.9765821	-0.3116455	-1.6519502	0.9968313	-0.0850279	-1.6367785	0.9954454	-0.2238583	-1.5313590	0.4615620	0.0237858	-1.5117141	0.4754050	-0.1140712	-1.5883205	0.0774355	-0.0270636	-1.5562291	0.0891432	-0.1184794	-1.4412224	0.0347615	-0.0663063	-1.4912469	0.0256729	-0.0096017	-1.6492992	0.0655502	-0.0888420	-1.5246746	0.4582374	-0.3084764	-1.5184948	0.4681276	-0.1689563	-1.5870663	0.0733170	-0.2626488	-1.5566488	0.0815626	-0.1713362	-1.4263943	0.0349541	-0.2305264	-1.6558406	0.0549778	-0.2014149	-1.4778738	0.0293752	-0.2875551	-1.5781293	1.5536132	-0.0189166	-1.5828552	1.5132194	-0.3533563	-1.6801345	1.5317522	-0.1891412	-1.4452244	0.7164086	0.0601719	-1.4857052	0.6137476	0.0716228	-1.5767595	0.7211047	0.0805343	-1.4214069	0.7119418	-0.3421086	-1.4652439	0.6109862	-0.3555228	-1.5499614	0.7218641	-0.3731626	-1.5482068	0.3476472	0.0144571	-1.5336065	0.2278060	0.0152049	-1.6052433	0.2445853	0.0127771	-1.5457056	0.3441722	-0.3018643	-1.5302140	0.2237077	-0.3056952	-1.6038533	0.2421080	-0.3010246	-1.5419288	0.8708151	-0.0395068	-1.5192010	0.8693127	-0.2534578	-1.5184195	1.7730531	0.0750845	-1.4560055	1.7355162	0.1238176	-1.3972607	1.9965030	0.0238937	-1.4031082	2.0001684	0.1216672	-1.5426786	1.1440364	-0.4239924	-1.5593771	1.1352999	-0.3741555	-1.4333114	0.9107766	-0.3918313	-1.5105341	0.9082468	-0.4058367
142	2.3500000	-1.5805800	1.4852133	-0.1793400	-1.5695200	1.5191733	-0.0175100	-1.4740000	1.7334833	0.1159800	-1.4193400	1.9838733	0.0651000	-1.5657600	1.4488033	-0.3419600	-1.5460000	1.1816233	-0.3946900	-1.4694600	0.9230333	-0.3976200	-1.4896300	0.8987533	-0.1427300	-1.4999900	0.9060333	-0.0267000	-1.5134700	0.4662733	-0.0543600	-1.5763900	0.0780033	-0.0749200	-1.4663400	0.8928433	-0.2580900	-1.5112400	0.4677733	-0.2402600	-1.5745000	0.0697633	-0.2175000	-1.4008400	0.0233533	-0.2464800	-1.4136400	0.0255033	-0.2485300	-1.6048000	0.0366833	-0.2051000	-1.4170600	0.0234933	-0.0562800	-1.4285900	0.0267533	-0.0532100	-1.6113800	0.0409333	-0.0860200	-1.4413827	0.9776881	0.0422375	-1.4036867	0.9754411	-0.3123537	-1.6494180	0.9953569	-0.0852165	-1.6343153	0.9941162	-0.2241562	-1.5272143	0.4600527	0.0233692	-1.5076915	0.4738544	-0.1141800	-1.5848246	0.0764474	-0.0274353	-1.5529465	0.0881220	-0.1187104	-1.4374458	0.0339014	-0.0665876	-1.4875083	0.0249684	-0.0099699	-1.6461066	0.0645161	-0.0891027	-1.5204378	0.4568001	-0.3091648	-1.5141073	0.4667830	-0.1699180	-1.5832566	0.0723289	-0.2630091	-1.5527952	0.0806443	-0.1718396	-1.4227507	0.0340970	-0.2312357	-1.6519395	0.0540193	-0.2017701	-1.4743590	0.0286064	-0.2880237	-1.5741391	1.5518903	-0.0187237	-1.5797772	1.5119633	-0.3536869	-1.6766791	1.5304340	-0.1889160	-1.4421867	0.7152476	0.0595753	-1.4822145	0.6124462	0.0710566	-1.5735292	0.7195062	0.0799407	-1.4184860	0.7109607	-0.3428070	-1.4618509	0.6098021	-0.3561561	-1.5469793	0.7203376	-0.3735311	-1.5441547	0.3462010	0.0140231	-1.5298104	0.2264930	0.0146763	-1.6013306	0.2434001	0.0124214	-1.5415374	0.3427413	-0.3024253	-1.5262572	0.2223868	-0.3061142	-1.5997924	0.2408823	-0.3015142	-1.5393564	0.8692549	-0.0399173	-1.5167439	0.8679834	-0.2540512	-1.5116879	1.7628002	0.0866858	-1.4448593	1.7264578	0.1318616	-1.3950608	1.9833482	0.0201042	-1.3955247	1.9901811	0.1179629	-1.5402954	1.1427497	-0.4261562	-1.5584495	1.1352198	-0.3746029	-1.4283499	0.9135342	-0.3905427	-1.5059937	0.9078345	-0.4048478
143	2.3666667	-1.5812900	1.4844533	-0.1794500	-1.5690000	1.5173933	-0.0168600	-1.4734500	1.7241833	0.1271700	-1.4192700	1.9690633	0.0627600	-1.5673000	1.4494233	-0.3428600	-1.5453600	1.1816933	-0.3956600	-1.4689400	0.9235033	-0.3973000	-1.4858800	0.8981933	-0.1430400	-1.4967000	0.9050433	-0.0269600	-1.5133400	0.4651133	-0.0544400	-1.5731500	0.0780833	-0.0748100	-1.4621400	0.8926633	-0.2584100	-1.5102100	0.4667733	-0.2400800	-1.5751300	0.0682433	-0.2176000	-1.3972800	0.0233133	-0.2457600	-1.4102000	0.0253133	-0.2479100	-1.6056400	0.0346133	-0.2054600	-1.4180500	0.0230233	-0.0566500	-1.4295300	0.0262233	-0.0535500	-1.6087700	0.0406733	-0.0860900	-1.4375869	0.9770940	0.0420886	-1.4000953	0.9751571	-0.3128591	-1.6457118	0.9945274	-0.0852412	-1.6306917	0.9933999	-0.2243114	-1.5228407	0.4594269	0.0231448	-1.5033778	0.4731312	-0.1139956	-1.5812338	0.0764496	-0.0276853	-1.5495410	0.0880270	-0.1187325	-1.4339278	0.0338608	-0.0667603	-1.4839626	0.0250575	-0.0103327	-1.6427003	0.0645500	-0.0891531	-1.5158259	0.4561162	-0.3095569	-1.5093574	0.4662303	-0.1705681	-1.5795203	0.0721364	-0.2632556	-1.5490105	0.0805220	-0.1722127	-1.4189743	0.0340302	-0.2315635	-1.6482382	0.0538636	-0.2020768	-1.4707343	0.0285345	-0.2882292	-1.5698749	1.5510832	-0.0182522	-1.5764153	1.5116754	-0.3538145	-1.6729671	1.5298220	-0.1884680	-1.4384505	0.7148076	0.0591854	-1.4782183	0.6119448	0.0706666	-1.5694018	0.7188415	0.0794725	-1.4147108	0.7105294	-0.3432440	-1.4577891	0.6092433	-0.3565174	-1.5430155	0.7196168	-0.3737040	-1.5399000	0.3456679	0.0137426	-1.5258839	0.2261013	0.0142663	-1.5972545	0.2431990	0.0121863	-1.5371325	0.3420666	-0.3027711	-1.5221955	0.2217849	-0.3063719	-1.5956034	0.2404716	-0.3018180	-1.5355223	0.8685376	-0.0401011	-1.5130354	0.8674506	-0.2544466	-1.5064656	1.7517716	0.1003434	-1.4346783	1.7166927	0.1412767	-1.3952324	1.9685465	0.0166887	-1.3894444	1.9791732	0.1143037	-1.5381847	1.1425397	-0.4283393	-1.5577906	1.1360249	-0.3752318	-1.4242040	0.9170016	-0.3891405	-1.5021329	0.9081919	-0.4038211
144	2.3833333	-1.5818700	1.4842633	-0.1798700	-1.5692600	1.5158233	-0.0164200	-1.4755100	1.7135433	0.1382200	-1.4162200	1.9515033	0.0604500	-1.5679600	1.4502933	-0.3441300	-1.5452200	1.1825933	-0.3967000	-1.4698600	0.9244233	-0.3976800	-1.4823800	0.8979533	-0.1432700	-1.4923200	0.9044433	-0.0272600	-1.5163000	0.4633933	-0.0545800	-1.5724600	0.0769233	-0.0745700	-1.4595000	0.8928033	-0.2586100	-1.5108700	0.4660533	-0.2398200	-1.5753500	0.0674433	-0.2173600	-1.3945800	0.0240333	-0.2449800	-1.4076900	0.0258833	-0.2472200	-1.6046500	0.0331533	-0.2054200	-1.4192000	0.0227733	-0.0575200	-1.4307800	0.0258533	-0.0543300	-1.6077100	0.0391633	-0.0856800	-1.4340339	0.9768461	0.0420205	-1.3969141	0.9752255	-0.3133111	-1.6422731	0.9938773	-0.0851269	-1.6274050	0.9928648	-0.2243402	-1.5201156	0.4590180	0.0229426	-1.5007366	0.4726245	-0.1138298	-1.5790667	0.0766421	-0.0278934	-1.5475510	0.0881056	-0.1187280	-1.4321387	0.0340526	-0.0669854	-1.4820268	0.0252655	-0.0107356	-1.6405992	0.0647630	-0.0891295	-1.5124731	0.4556437	-0.3097430	-1.5059133	0.4658889	-0.1709486	-1.5770184	0.0721357	-0.2633229	-1.5464591	0.0805773	-0.1723759	-1.4162922	0.0343167	-0.2315678	-1.6458597	0.0538221	-0.2021992	-1.4681852	0.0286991	-0.2881672	-1.5668320	1.5505952	-0.0176857	-1.5743235	1.5116540	-0.3539054	-1.6705243	1.5292887	-0.1879103	-1.4354641	0.7143134	0.0588627	-1.4753167	0.6115052	0.0703294	-1.5659191	0.7185247	0.0791037	-1.4115747	0.7101044	-0.3435052	-1.4545984	0.6087774	-0.3567064	-1.5396216	0.7192309	-0.3738265	-1.5372584	0.3454077	0.0134900	-1.5234836	0.2259696	0.0139034	-1.5947231	0.2432137	0.0119733	-1.5339908	0.3416271	-0.3029311	-1.5193479	0.2213825	-0.3064607	-1.5926855	0.2403000	-0.3019346	-1.5318563	0.8681174	-0.0401894	-1.5095958	0.8672187	-0.2547619	-1.5040627	1.7393813	0.1152995	-1.4271971	1.7053517	0.1518526	-1.3972870	1.9508957	0.0134451	-1.3846747	1.9659383	0.1106067	-1.5375719	1.1428637	-0.4306462	-1.5586781	1.1371460	-0.3762383	-1.4223520	0.9202790	-0.3879658	-1.5003729	0.9085819	-0.4032116
145	2.4000000	-1.5804300	1.4839633	-0.1803100	-1.5677800	1.5142133	-0.0159200	-1.4770900	1.7012333	0.1487300	-1.4096200	1.9308933	0.0584400	-1.5662200	1.4513633	-0.3454800	-1.5453200	1.1841433	-0.3977900	-1.4731400	0.9247733	-0.3986300	-1.4801200	0.8976233	-0.1438400	-1.4868900	0.9039033	-0.0278400	-1.5204000	0.4628233	-0.0546100	-1.5746300	0.0754033	-0.0746500	-1.4603000	0.8925333	-0.2593400	-1.5130000	0.4663533	-0.2403400	-1.5731800	0.0678333	-0.2171900	-1.3954700	0.0247833	-0.2445300	-1.4083800	0.0266633	-0.2467700	-1.6007500	0.0337333	-0.2056000	-1.4213200	0.0226833	-0.0587300	-1.4330900	0.0255933	-0.0554500	-1.6065100	0.0378933	-0.0852900	-1.4315112	0.9764670	0.0415497	-1.3952305	0.9752312	-0.3142215	-1.6399988	0.9931572	-0.0851054	-1.6254639	0.9922903	-0.2244886	-1.5199356	0.4584075	0.0223742	-1.5007221	0.4719508	-0.1141345	-1.5790052	0.0765714	-0.0283649	-1.5476636	0.0879438	-0.1190395	-1.4327428	0.0340809	-0.0675988	-1.4823597	0.0251828	-0.0114625	-1.6404650	0.0647087	-0.0893430	-1.5112218	0.4550827	-0.3101970	-1.5045614	0.4654285	-0.1715485	-1.5760892	0.0720548	-0.2635337	-1.5454552	0.0805296	-0.1726926	-1.4153979	0.0346886	-0.2317589	-1.6449449	0.0536439	-0.2023931	-1.4673231	0.0288430	-0.2882219	-1.5653323	1.5500146	-0.0174000	-1.5740200	1.5114080	-0.3543327	-1.6697705	1.5284682	-0.1875114	-1.4340249	0.7132932	0.0582165	-1.4743348	0.6106707	0.0696691	-1.5639641	0.7181322	0.0785185	-1.4101086	0.7094367	-0.3440254	-1.4532430	0.6081402	-0.3571735	-1.5378533	0.7188419	-0.3742926	-1.5371120	0.3450366	0.0129073	-1.5234064	0.2257277	0.0132731	-1.5945215	0.2429767	0.0114541	-1.5328158	0.3411631	-0.3033099	-1.5182801	0.2209707	-0.3067556	-1.5915929	0.2400570	-0.3022161	-1.5292802	0.8675899	-0.0405471	-1.5075265	0.8669221	-0.2553811	-1.5039230	1.7252072	0.1305825	-1.4224168	1.6917196	0.1630090	-1.3995417	1.9296941	0.0101885	-1.3798503	1.9495637	0.1066500	-1.5387045	1.1433470	-0.4332658	-1.5613233	1.1382405	-0.3778873	-1.4235183	0.9225338	-0.3874764	-1.5014403	0.9084163	-0.4035103
146	2.4166667	-1.5777600	1.4832533	-0.1805200	-1.5641500	1.5120733	-0.0154900	-1.4764200	1.6870233	0.1586100	-1.4011100	1.9081233	0.0565300	-1.5643100	1.4519533	-0.3463700	-1.5465800	1.1846333	-0.3991200	-1.4763100	0.9245833	-0.3994400	-1.4795700	0.8972233	-0.1449000	-1.4823400	0.9036833	-0.0286700	-1.5220900	0.4641333	-0.0546500	-1.5785200	0.0746933	-0.0748400	-1.4635600	0.8919433	-0.2608400	-1.5169100	0.4671733	-0.2416600	-1.5713800	0.0691533	-0.2173100	-1.3978000	0.0254633	-0.2447000	-1.4104200	0.0274533	-0.2468600	-1.5980400	0.0345533	-0.2059300	-1.4280100	0.0219833	-0.0596600	-1.4395100	0.0249933	-0.0564000	-1.6054000	0.0382433	-0.0849400	-1.4303360	0.9759953	0.0404697	-1.3955782	0.9751223	-0.3158147	-1.6392865	0.9924684	-0.0853106	-1.6253486	0.9917448	-0.2248965	-1.5220506	0.4577682	0.0214643	-1.5031008	0.4712405	-0.1148045	-1.5812817	0.0764390	-0.0291035	-1.5501299	0.0877013	-0.1196203	-1.4362655	0.0338830	-0.0685686	-1.4854661	0.0249025	-0.0125626	-1.6424527	0.0647238	-0.0897397	-1.5123448	0.4545548	-0.3110873	-1.5054880	0.4650049	-0.1726105	-1.5768490	0.0720161	-0.2640294	-1.5461008	0.0805431	-0.1733665	-1.4165071	0.0352684	-0.2323616	-1.6455065	0.0534813	-0.2028090	-1.4683638	0.0290610	-0.2885587	-1.5651190	1.5494100	-0.0174802	-1.5753592	1.5110690	-0.3552055	-1.6705176	1.5275558	-0.1873558	-1.4343521	0.7120340	0.0571037	-1.4753050	0.6096877	0.0685959	-1.5636976	0.7177551	0.0775999	-1.4108591	0.7086603	-0.3449757	-1.4541757	0.6074501	-0.3580760	-1.5382162	0.7184470	-0.3751751	-1.5393470	0.3446726	0.0120099	-1.5257201	0.2254713	0.0123492	-1.5966274	0.2427167	0.0106511	-1.5338392	0.3407904	-0.3040576	-1.5192321	0.2206989	-0.3074020	-1.5924760	0.2398162	-0.3027854	-1.5282168	0.8670188	-0.0412865	-1.5073816	0.8665700	-0.2564286	-1.5046294	1.7092831	0.1456414	-1.4193779	1.6756572	0.1742166	-1.4007169	1.9052623	0.0070758	-1.3739056	1.9299568	0.1023524	-1.5413909	1.1439245	-0.4361599	-1.5654475	1.1392066	-0.3801343	-1.4271342	0.9237073	-0.3876882	-1.5048096	0.9076217	-0.4047295
147	2.4333333	-1.5760300	1.4824933	-0.1804500	-1.5605300	1.5093733	-0.0153600	-1.4736600	1.6706433	0.1678800	-1.3925100	1.8841533	0.0544400	-1.5643700	1.4532133	-0.3464500	-1.5484600	1.1847033	-0.4004000	-1.4765500	0.9239833	-0.3994600	-1.4800300	0.8960933	-0.1463100	-1.4807700	0.9031433	-0.0296300	-1.5216900	0.4651333	-0.0547600	-1.5829300	0.0748533	-0.0745600	-1.4658200	0.8902333	-0.2627900	-1.5204200	0.4675633	-0.2432200	-1.5737100	0.0699233	-0.2174000	-1.3991200	0.0257833	-0.2452900	-1.4118100	0.0276033	-0.2472900	-1.6010800	0.0351733	-0.2057600	-1.4385600	0.0199533	-0.0598700	-1.4492500	0.0233133	-0.0567300	-1.6068100	0.0394833	-0.0843200	-1.4298747	0.9748254	0.0389397	-1.3971537	0.9741598	-0.3178706	-1.6394387	0.9911856	-0.0858248	-1.6262962	0.9905513	-0.2256193	-1.5249985	0.4565899	0.0205402	-1.5063605	0.4699049	-0.1154103	-1.5852410	0.0758254	-0.0298450	-1.5543022	0.0868785	-0.1201504	-1.4422302	0.0327541	-0.0695799	-1.4908879	0.0238825	-0.0138086	-1.6458888	0.0644777	-0.0900332	-1.5148513	0.4534900	-0.3122833	-1.5076749	0.4640842	-0.1740080	-1.5788198	0.0713989	-0.2646830	-1.5479230	0.0800276	-0.1742496	-1.4188656	0.0353095	-0.2332027	-1.6471928	0.0527645	-0.2033686	-1.4706615	0.0286290	-0.2890817	-1.5652775	1.5481535	-0.0177599	-1.5773159	1.5102707	-0.3563741	-1.6718085	1.5261055	-0.1874141	-1.4356157	0.7102212	0.0556626	-1.4771606	0.6081739	0.0673028	-1.5642147	0.7168226	0.0764390	-1.4130304	0.7071712	-0.3462852	-1.4565294	0.6061049	-0.3593184	-1.5398890	0.7173474	-0.3763316	-1.5426825	0.3437280	0.0111087	-1.5294365	0.2245877	0.0113881	-1.5999813	0.2420420	0.0098644	-1.5362072	0.3398700	-0.3050546	-1.5215343	0.2198949	-0.3082721	-1.5946183	0.2389763	-0.3035327	-1.5280237	0.8657924	-0.0423191	-1.5084166	0.8654695	-0.2577793	-1.5043895	1.6911705	0.1603744	-1.4165268	1.6566769	0.1850538	-1.4000256	1.8779666	0.0044321	-1.3661126	1.9070499	0.0977085	-1.5444909	1.1441047	-0.4389757	-1.5698448	1.1394285	-0.3826773	-1.4309893	0.9237405	-0.3881197	-1.5082103	0.9058543	-0.4063700
148	2.4500000	-1.5760800	1.4819633	-0.1801300	-1.5590700	1.5067533	-0.0150700	-1.4702100	1.6523233	0.1764900	-1.3853300	1.8595633	0.0524300	-1.5658600	1.4549833	-0.3461400	-1.5491300	1.1843533	-0.4013100	-1.4743200	0.9236833	-0.3989700	-1.4801900	0.8939333	-0.1475900	-1.4820000	0.9012033	-0.0305200	-1.5215200	0.4647633	-0.0547900	-1.5856700	0.0750933	-0.0738300	-1.4648000	0.8880533	-0.2644100	-1.5204900	0.4676133	-0.2443800	-1.5784400	0.0699733	-0.2171000	-1.3992200	0.0263033	-0.2458100	-1.4123200	0.0279033	-0.2476600	-1.6062700	0.0356633	-0.2048600	-1.4467300	0.0178733	-0.0593600	-1.4566100	0.0214133	-0.0563400	-1.6097600	0.0401933	-0.0835500	-1.4291086	0.9726410	0.0375432	-1.3983544	0.9720685	-0.3197033	-1.6392260	0.9889766	-0.0864278	-1.6268508	0.9883918	-0.2263957	-1.5271528	0.4546034	0.0200602	-1.5087851	0.4676776	-0.1154845	-1.5892392	0.0745356	-0.0301801	-1.5585118	0.0852842	-0.1202035	-1.4487428	0.0306789	-0.0701104	-1.4967908	0.0220698	-0.0146830	-1.6491963	0.0636575	-0.0899155	-1.5169481	0.4516187	-0.3133358	-1.5093910	0.4624002	-0.1752299	-1.5807831	0.0698869	-0.2649839	-1.5497222	0.0786666	-0.1747597	-1.4210392	0.0344662	-0.2337409	-1.6489552	0.0511764	-0.2035777	-1.4728673	0.0272844	-0.2893406	-1.5648636	1.5459252	-0.0178131	-1.5786002	1.5088559	-0.3573417	-1.6724810	1.5238819	-0.1873836	-1.4365542	0.7076791	0.0543920	-1.4785136	0.6059134	0.0662686	-1.5642886	0.7150088	0.0754033	-1.4149319	0.7047580	-0.3475263	-1.4585632	0.6038683	-0.3604722	-1.5412459	0.7152339	-0.3773674	-1.5454440	0.3419185	0.0106552	-1.5328818	0.2228082	0.0108559	-1.6029491	0.2407201	0.0094874	-1.5382733	0.3380655	-0.3058347	-1.5236860	0.2181682	-0.3088582	-1.5965719	0.2372735	-0.3040299	-1.5275659	0.8635944	-0.0432796	-1.5091434	0.8633291	-0.2590061	-1.5021338	1.6709676	0.1750557	-1.4128745	1.6348811	0.1953896	-1.3975725	1.8489413	0.0028521	-1.3566354	1.8816722	0.0931150	-1.5465870	1.1438523	-0.4410112	-1.5730222	1.1387602	-0.3849811	-1.4329807	0.9229766	-0.3881307	-1.5093428	0.9032164	-0.4077161
149	2.4666667	-1.5775000	1.4813833	-0.1796300	-1.5604500	1.5048133	-0.0140100	-1.4683700	1.6330333	0.1845900	-1.3809400	1.8338233	0.0510300	-1.5671000	1.4558033	-0.3461700	-1.5487900	1.1845233	-0.4017900	-1.4713700	0.9245433	-0.3985900	-1.4794900	0.8910633	-0.1481500	-1.4838100	0.8977033	-0.0308500	-1.5211500	0.4643433	-0.0545700	-1.5849200	0.0751433	-0.0731900	-1.4615600	0.8856733	-0.2650400	-1.5175800	0.4681633	-0.2447000	-1.5813300	0.0700733	-0.2165800	-1.3976600	0.0274733	-0.2457400	-1.4111400	0.0288833	-0.2474900	-1.6083200	0.0361933	-0.2038800	-1.4475500	0.0173633	-0.0585100	-1.4572300	0.0209833	-0.0556100	-1.6101200	0.0399433	-0.0829800	-1.4277345	0.9696745	0.0369979	-1.3983111	0.9692593	-0.3205978	-1.6382245	0.9861028	-0.0866535	-1.6263661	0.9855927	-0.2267605	-1.5278282	0.4521020	0.0204107	-1.5096344	0.4649156	-0.1147337	-1.5916695	0.0728507	-0.0297843	-1.5611219	0.0832880	-0.1194962	-1.4536370	0.0284612	-0.0697574	-1.5010802	0.0200895	-0.0147126	-1.6508825	0.0622932	-0.0892015	-1.5176333	0.4492920	-0.3137093	-1.5097785	0.4602925	-0.1756601	-1.5817855	0.0678160	-0.2644453	-1.5506017	0.0767800	-0.1743460	-1.4220470	0.0331645	-0.2333970	-1.6499221	0.0489851	-0.2029841	-1.4739777	0.0255136	-0.2888272	-1.5638807	1.5430519	-0.0171050	-1.5787802	1.5070610	-0.3575818	-1.6723145	1.5211722	-0.1868546	-1.4366229	0.7047244	0.0539086	-1.4787739	0.6031962	0.0660383	-1.5635079	0.7125219	0.0750225	-1.4155742	0.7018697	-0.3481166	-1.4592577	0.6011555	-0.3609835	-1.5413917	0.7124606	-0.3778201	-1.5466710	0.3395709	0.0110197	-1.5347813	0.2205205	0.0111671	-1.6043736	0.2389490	0.0098317	-1.5390423	0.3357161	-0.3058674	-1.5246523	0.2158316	-0.3086221	-1.5973891	0.2350762	-0.3038179	-1.5264678	0.8606869	-0.0436420	-1.5088442	0.8605196	-0.2595850	-1.4987102	1.6492936	0.1899202	-1.4092814	1.6109142	0.2051738	-1.3948071	1.8194427	0.0028897	-1.3471138	1.8549752	0.0891072	-1.5473736	1.1437002	-0.4417486	-1.5746341	1.1377284	-0.3866088	-1.4327276	0.9222150	-0.3874514	-1.5076475	0.9004876	-0.4084228
150	2.4833333	-1.5795200	1.4804533	-0.1791100	-1.5640800	1.5033233	-0.0123000	-1.4692700	1.6134433	0.1922500	-1.3779100	1.8062433	0.0506100	-1.5671600	1.4553633	-0.3467100	-1.5496100	1.1852933	-0.4020600	-1.4688800	0.9257633	-0.3985900	-1.4783300	0.8876533	-0.1477700	-1.4845200	0.8931233	-0.0302200	-1.5192200	0.4648833	-0.0540600	-1.5818700	0.0752433	-0.0728900	-1.4585300	0.8833633	-0.2647900	-1.5142300	0.4693133	-0.2440700	-1.5817700	0.0699133	-0.2161400	-1.3942200	0.0291333	-0.2448300	-1.4079900	0.0303233	-0.2465700	-1.6080900	0.0359233	-0.2032100	-1.4428600	0.0184333	-0.0579500	-1.4526500	0.0219133	-0.0551400	-1.6068000	0.0395033	-0.0826100	-1.4262132	0.9660356	0.0376056	-1.3972887	0.9659758	-0.3203963	-1.6369536	0.9827007	-0.0862461	-1.6252853	0.9823425	-0.2265121	-1.5272273	0.4493163	0.0216332	-1.5091664	0.4619257	-0.1132238	-1.5919700	0.0709372	-0.0287306	-1.5616009	0.0811530	-0.1181815	-1.4559294	0.0266350	-0.0686692	-1.5028043	0.0183466	-0.0139578	-1.6505164	0.0604044	-0.0880075	-1.5171755	0.4467117	-0.3132302	-1.5092409	0.4579624	-0.1750606	-1.5818259	0.0654444	-0.2630924	-1.5506362	0.0746132	-0.1729907	-1.4218471	0.0318160	-0.2320201	-1.6501450	0.0463539	-0.2016752	-1.4738871	0.0237103	-0.2874465	-1.5631790	1.5397627	-0.0154786	-1.5783188	1.5049030	-0.3570341	-1.6720244	1.5181199	-0.1857777	-1.4360907	0.7015544	0.0544243	-1.4781748	0.6002141	0.0667827	-1.5622380	0.7094468	0.0755734	-1.4151454	0.6987398	-0.3478185	-1.4588144	0.5981884	-0.3606509	-1.5405778	0.7092297	-0.3775797	-1.5463381	0.3369322	0.0122037	-1.5348353	0.2180108	0.0122935	-1.6040623	0.2368405	0.0108981	-1.5387003	0.3330587	-0.3050345	-1.5244937	0.2131352	-0.3074913	-1.5971964	0.2326220	-0.3028571	-1.5252091	0.8571955	-0.0431473	-1.5078807	0.8572474	-0.2593433	-1.4957991	1.6265308	0.2045669	-1.4074641	1.5851133	0.2140937	-1.3928770	1.7897546	0.0045288	-1.3389509	1.8271776	0.0858886	-1.5478266	1.1437494	-0.4412875	-1.5756310	1.1365445	-0.3875061	-1.4313171	0.9216918	-0.3864652	-1.5041928	0.8980265	-0.4087150
151	2.5000000	-1.5814700	1.4791633	-0.1786500	-1.5682700	1.5020833	-0.0106100	-1.4705700	1.5930133	0.1990200	-1.3728600	1.7759433	0.0512200	-1.5665100	1.4538633	-0.3472900	-1.5515500	1.1862433	-0.4024500	-1.4683700	0.9264233	-0.3991000	-1.4773500	0.8851233	-0.1469700	-1.4845000	0.8895033	-0.0289000	-1.5167200	0.4654633	-0.0534700	-1.5790400	0.0753833	-0.0727800	-1.4565400	0.8820233	-0.2644400	-1.5119000	0.4700933	-0.2429800	-1.5810500	0.0695033	-0.2158100	-1.3917000	0.0302133	-0.2436300	-1.4056200	0.0312833	-0.2454000	-1.6081500	0.0351533	-0.2025500	-1.4381700	0.0195533	-0.0578600	-1.4479900	0.0229733	-0.0551500	-1.6023500	0.0397633	-0.0823100	-1.4251310	0.9631600	0.0388356	-1.3960031	0.9636395	-0.3197124	-1.6360971	0.9801683	-0.0856381	-1.6243464	0.9800346	-0.2261135	-1.5260411	0.4476796	0.0230771	-1.5081053	0.4601861	-0.1116048	-1.5907365	0.0701207	-0.0277112	-1.5605537	0.0802427	-0.1169704	-1.4561676	0.0263890	-0.0676303	-1.5025358	0.0180783	-0.0131851	-1.6487430	0.0594147	-0.0869545	-1.5163795	0.4452598	-0.3124147	-1.5086079	0.4567581	-0.1739971	-1.5815472	0.0641964	-0.2616370	-1.5504949	0.0735565	-0.1714356	-1.4211425	0.0317239	-0.2302946	-1.6502504	0.0447390	-0.2003676	-1.4732448	0.0232116	-0.2858438	-1.5635240	1.5374248	-0.0135336	-1.5779226	1.5035879	-0.3563308	-1.6723834	1.5160315	-0.1847550	-1.4355706	0.6995468	0.0553494	-1.4773531	0.5983613	0.0678872	-1.5610791	0.7071764	0.0765369	-1.4143640	0.6967173	-0.3471296	-1.4579848	0.5963370	-0.3599723	-1.5395103	0.7069869	-0.3771402	-1.5451064	0.3354360	0.0135342	-1.5336763	0.2166990	0.0135123	-1.6026608	0.2357357	0.0120414	-1.5379968	0.3315271	-0.3039187	-1.5239063	0.2115458	-0.3061105	-1.5966907	0.2313112	-0.3017539	-1.5243891	0.8545407	-0.0422648	-1.5069324	0.8549231	-0.2587973	-1.4937486	1.6036144	0.2179962	-1.4078680	1.5581850	0.2213148	-1.3911034	1.7600928	0.0070496	-1.3315419	1.7983005	0.0829740	-1.5489673	1.1448050	-0.4402669	-1.5769376	1.1362838	-0.3880440	-1.4303275	0.9219903	-0.3861469	-1.5006492	0.8966919	-0.4092516
152	2.5166667	-1.5824200	1.4780033	-0.1784200	-1.5710200	1.5008033	-0.0096900	-1.4689900	1.5708633	0.2044500	-1.3644400	1.7439933	0.0525800	-1.5653700	1.4529633	-0.3475900	-1.5521800	1.1870733	-0.4031800	-1.4703100	0.9265633	-0.4000900	-1.4767300	0.8858233	-0.1464000	-1.4852200	0.8890433	-0.0275700	-1.5146800	0.4654033	-0.0531900	-1.5773300	0.0756333	-0.0727600	-1.4544700	0.8839333	-0.2645300	-1.5113300	0.4698533	-0.2422600	-1.5796400	0.0689833	-0.2156200	-1.3932000	0.0297133	-0.2428300	-1.4068700	0.0307733	-0.2445900	-1.6088400	0.0345033	-0.2018800	-1.4365900	0.0199033	-0.0578200	-1.4461600	0.0232733	-0.0552300	-1.5988800	0.0406533	-0.0821800	-1.4246537	0.9634613	0.0399956	-1.3947659	0.9645420	-0.3191685	-1.6358067	0.9808114	-0.0854605	-1.6237604	0.9809214	-0.2261691	-1.5249023	0.4493204	0.0240034	-1.5069600	0.4618042	-0.1105199	-1.5888588	0.0722685	-0.0273524	-1.5587591	0.0823872	-0.1164123	-1.4554246	0.0290984	-0.0672041	-1.5013971	0.0207912	-0.0130334	-1.6463740	0.0613994	-0.0865882	-1.5158296	0.4470494	-0.3118477	-1.5083939	0.4587341	-0.1731759	-1.5815364	0.0660867	-0.2607584	-1.5507206	0.0755827	-0.1704374	-1.4208012	0.0344574	-0.2290263	-1.6506890	0.0463319	-0.1996739	-1.4728714	0.0257083	-0.2847179	-1.5648543	1.5381570	-0.0119891	-1.5777902	1.5052092	-0.3560802	-1.6734114	1.5170275	-0.1844001	-1.4354601	0.7008603	0.0559795	-1.4768183	0.5997941	0.0686047	-1.5603963	0.7080487	0.0771309	-1.4136284	0.6978871	-0.3466547	-1.4572489	0.5977135	-0.3595224	-1.5385688	0.7080621	-0.3770294	-1.5437018	0.3371717	0.0142972	-1.5321441	0.2185949	0.0141337	-1.6009694	0.2376266	0.0125473	-1.5375236	0.3332605	-0.3031578	-1.5235026	0.2132087	-0.3051714	-1.5964442	0.2332002	-0.3011025	-1.5241160	0.8551056	-0.0416637	-1.5061999	0.8558540	-0.2585699	-1.4912023	1.5814508	0.2294771	-1.4091412	1.5309281	0.2259540	-1.3878563	1.7310814	0.0098039	-1.3231519	1.7686276	0.0798036	-1.5507979	1.1481905	-0.4390565	-1.5782506	1.1386148	-0.3884495	-1.4307314	0.9238812	-0.3871898	-1.4980956	0.8976127	-0.4103621
153	2.5333333	-1.5817900	1.4769233	-0.1787000	-1.5713500	1.4989033	-0.0099600	-1.4648900	1.5471333	0.2085300	-1.3558600	1.7116033	0.0542500	-1.5638400	1.4524733	-0.3477700	-1.5507900	1.1874333	-0.4040400	-1.4727300	0.9262333	-0.4011600	-1.4767800	0.8897433	-0.1461100	-1.4875700	0.8915233	-0.0265700	-1.5127100	0.4657233	-0.0533000	-1.5759400	0.0761033	-0.0728800	-1.4521500	0.8892633	-0.2648000	-1.5130100	0.4691933	-0.2422700	-1.5791500	0.0688633	-0.2157800	-1.3970600	0.0283633	-0.2426200	-1.4102800	0.0295233	-0.2443500	-1.6107200	0.0331733	-0.2016800	-1.4374300	0.0203333	-0.0575700	-1.4466900	0.0236533	-0.0551200	-1.5964200	0.0415333	-0.0822900	-1.4251304	0.9670115	0.0409847	-1.3939686	0.9685984	-0.3187124	-1.6363163	0.9845473	-0.0858039	-1.6237773	0.9848526	-0.2267117	-1.5244411	0.4539003	0.0243629	-1.5062613	0.4663929	-0.1099387	-1.5871836	0.0767799	-0.0275718	-1.5569764	0.0869310	-0.1163561	-1.4547673	0.0339152	-0.0671911	-1.5004543	0.0256536	-0.0133730	-1.6441460	0.0658049	-0.0868154	-1.5162335	0.4517445	-0.3115134	-1.5092168	0.4635333	-0.1726269	-1.5825139	0.0706039	-0.2604630	-1.5519609	0.0801767	-0.1700217	-1.4217346	0.0392770	-0.2283075	-1.6520473	0.0507140	-0.1995423	-1.4736768	0.0304932	-0.2841233	-1.5669293	1.5416830	-0.0109883	-1.5780037	1.5095484	-0.3562155	-1.6749362	1.5209052	-0.1846965	-1.4362154	0.7053136	0.0562551	-1.4771119	0.6042829	0.0688575	-1.5606559	0.7120274	0.0771866	-1.4134004	0.7019402	-0.3463791	-1.4571782	0.6020083	-0.3592758	-1.5382622	0.7123490	-0.3772204	-1.5428435	0.3417250	0.0144804	-1.5310439	0.2231869	0.0141982	-1.5997626	0.2420615	0.0123945	-1.5380222	0.3379076	-0.3027686	-1.5240456	0.2177467	-0.3047173	-1.5971896	0.2378408	-0.3008895	-1.5246562	0.8589205	-0.0414540	-1.5059763	0.8599745	-0.2586772	-1.4875635	1.5589388	0.2389044	-1.4105114	1.5026274	0.2276930	-1.3831871	1.7021706	0.0126906	-1.3138981	1.7373303	0.0762642	-1.5530842	1.1530738	-0.4373959	-1.5789874	1.1428921	-0.3883673	-1.4326840	0.9263565	-0.3893698	-1.4968393	0.8998895	-0.4116087
154	2.5500000	-1.5806900	1.4756633	-0.1793000	-1.5702700	1.4963333	-0.0110000	-1.4611200	1.5226733	0.2115800	-1.3501400	1.6801433	0.0561800	-1.5628200	1.4526133	-0.3478800	-1.5491200	1.1877133	-0.4046200	-1.4734900	0.9260833	-0.4019400	-1.4784100	0.8944333	-0.1458500	-1.4912800	0.8953333	-0.0258200	-1.5109300	0.4670833	-0.0535200	-1.5745600	0.0766233	-0.0730600	-1.4516700	0.8948033	-0.2649100	-1.5160200	0.4692133	-0.2427100	-1.5803900	0.0685433	-0.2161900	-1.3996200	0.0277433	-0.2430800	-1.4126000	0.0289833	-0.2447700	-1.6140300	0.0321233	-0.2021900	-1.4373300	0.0209433	-0.0575200	-1.4466400	0.0242733	-0.0551600	-1.5944500	0.0420433	-0.0825100	-1.4274315	0.9714065	0.0419528	-1.3945964	0.9733077	-0.3180519	-1.6384476	0.9889389	-0.0863977	-1.6252596	0.9893538	-0.2274155	-1.5253869	0.4588154	0.0244747	-1.5068092	0.4713388	-0.1095968	-1.5863791	0.0809981	-0.0279593	-1.5559149	0.0912137	-0.1164518	-1.4548599	0.0383557	-0.0672095	-1.5003255	0.0300738	-0.0137564	-1.6427076	0.0698500	-0.0872774	-1.5184836	0.4567511	-0.3111457	-1.5119100	0.4685760	-0.1720332	-1.5851946	0.0750670	-0.2604754	-1.5548867	0.0846840	-0.1698610	-1.4245525	0.0437013	-0.2278945	-1.6550069	0.0551158	-0.1996781	-1.4763279	0.0350086	-0.2838646	-1.5699824	1.5453829	-0.0103740	-1.5791530	1.5141151	-0.3564136	-1.6773191	1.5251979	-0.1853160	-1.4385357	0.7104413	0.0564642	-1.4789343	0.6093091	0.0689606	-1.5626496	0.7166394	0.0770023	-1.4145872	0.7063866	-0.3460236	-1.4586852	0.6066875	-0.3589673	-1.5395589	0.7173085	-0.3774455	-1.5432607	0.3464568	0.0144383	-1.5310591	0.2278107	0.0141011	-1.5997360	0.2464192	0.0119803	-1.5403584	0.3428440	-0.3024853	-1.5263569	0.2225259	-0.3044809	-1.5997463	0.2425704	-0.3008669	-1.5268745	0.8635647	-0.0414107	-1.5071923	0.8648066	-0.2588113	-1.4839000	1.5341723	0.2463040	-1.4127478	1.4721580	0.2267633	-1.3786870	1.6724003	0.0157975	-1.3057079	1.7034644	0.0726524	-1.5561261	1.1572041	-0.4350298	-1.5793275	1.1467498	-0.3873891	-1.4357786	0.9276844	-0.3920346	-1.4966968	0.9014344	-0.4123648
155	2.5666667	-1.5816000	1.4745033	-0.1796000	-1.5709500	1.4935133	-0.0116400	-1.4589300	1.4976733	0.2141100	-1.3461800	1.6485133	0.0582100	-1.5641100	1.4531733	-0.3478300	-1.5485400	1.1879733	-0.4049100	-1.4726300	0.9262833	-0.4025000	-1.4818200	0.8977533	-0.1457200	-1.4952200	0.8984033	-0.0253900	-1.5100900	0.4687033	-0.0537000	-1.5740500	0.0765033	-0.0731200	-1.4545100	0.8983633	-0.2650400	-1.5181500	0.4702633	-0.2432700	-1.5821200	0.0686133	-0.2165000	-1.3997600	0.0281133	-0.2441800	-1.4126700	0.0293633	-0.2457700	-1.6163700	0.0318733	-0.2027600	-1.4339900	0.0222433	-0.0580800	-1.4437800	0.0253933	-0.0557000	-1.5939400	0.0419833	-0.0825500	-1.4315910	0.9745000	0.0426873	-1.3969910	0.9765754	-0.3173937	-1.6423444	0.9918814	-0.0871557	-1.6284651	0.9923454	-0.2281917	-1.5275745	0.4620421	0.0243250	-1.5086422	0.4746511	-0.1096380	-1.5862265	0.0830213	-0.0284187	-1.5555040	0.0933735	-0.1167403	-1.4551651	0.0408612	-0.0673742	-1.5004493	0.0323931	-0.0141315	-1.6420105	0.0714767	-0.0878943	-1.5223140	0.4599801	-0.3108561	-1.5161707	0.4718231	-0.1714519	-1.5889986	0.0774959	-0.2607740	-1.5589014	0.0871692	-0.1698938	-1.4284258	0.0460932	-0.2278198	-1.6590084	0.0574380	-0.2000532	-1.4800664	0.0375301	-0.2840014	-1.5739676	1.5470877	-0.0101570	-1.5814447	1.5168519	-0.3566681	-1.6806416	1.5278149	-0.1861182	-1.4422153	0.7141450	0.0565370	-1.4820643	0.6127950	0.0689033	-1.5662744	0.7197434	0.0766809	-1.4172843	0.7093084	-0.3457205	-1.4617366	0.6097494	-0.3587293	-1.5425911	0.7207363	-0.3777835	-1.5447677	0.3493711	0.0142024	-1.5319316	0.2305041	0.0138895	-1.6006729	0.2487455	0.0114442	-1.5441769	0.3459725	-0.3023628	-1.5299970	0.2254802	-0.3044738	-1.6036767	0.2453312	-0.3010794	-1.5308844	0.8668756	-0.0415722	-1.5101435	0.8682203	-0.2590112	-1.4808037	1.5067199	0.2515565	-1.4163809	1.4396385	0.2236419	-1.3747388	1.6413723	0.0187959	-1.2992201	1.6669388	0.0691471	-1.5596707	1.1593503	-0.4322149	-1.5793937	1.1486594	-0.3856733	-1.4388965	0.9272898	-0.3947186	-1.4968128	0.9011533	-0.4124578
156	2.5833333	-1.5851400	1.4735333	-0.1792900	-1.5756700	1.4906133	-0.0110700	-1.4582100	1.4725133	0.2167200	-1.3377400	1.6164633	0.0594000	-1.5664300	1.4542233	-0.3476500	-1.5486400	1.1879633	-0.4051800	-1.4716300	0.9268433	-0.4030600	-1.4857000	0.8986833	-0.1459600	-1.4985500	0.8995633	-0.0255300	-1.5099600	0.4694233	-0.0537500	-1.5744000	0.0756133	-0.0730000	-1.4588400	0.8993733	-0.2654000	-1.5179800	0.4714333	-0.2439200	-1.5829300	0.0687633	-0.2164300	-1.3987000	0.0288533	-0.2452300	-1.4115100	0.0300533	-0.2467100	-1.6165900	0.0316933	-0.2028300	-1.4292500	0.0234233	-0.0586700	-1.4395600	0.0263533	-0.0562300	-1.5954000	0.0412733	-0.0823000	-1.4362281	0.9752612	0.0429215	-1.3999234	0.9774699	-0.3171216	-1.6466953	0.9923506	-0.0881846	-1.6321403	0.9928477	-0.2291915	-1.5295331	0.4628188	0.0238095	-1.5103941	0.4755775	-0.1101811	-1.5856459	0.0823454	-0.0290002	-1.5547593	0.0929147	-0.1173053	-1.4544036	0.0409850	-0.0678391	-1.4995757	0.0322168	-0.0146137	-1.6411479	0.0701955	-0.0886680	-1.5259138	0.4606046	-0.3109584	-1.5201445	0.4725003	-0.1712047	-1.5920663	0.0772682	-0.2614202	-1.5621363	0.0870355	-0.1701981	-1.4313370	0.0460172	-0.2281691	-1.6622297	0.0570034	-0.2007169	-1.4829243	0.0375501	-0.2845944	-1.5780421	1.5459246	-0.0103254	-1.5837915	1.5169316	-0.3570784	-1.6839609	1.5277958	-0.1871166	-1.4458006	0.7154736	0.0562453	-1.4850286	0.6138618	0.0685175	-1.5700557	0.7203661	0.0761299	-1.4200921	0.7099411	-0.3458052	-1.4647897	0.6103878	-0.3588867	-1.5459250	0.7216050	-0.3784686	-1.5459777	0.3497593	0.0136896	-1.5323798	0.2306180	0.0134541	-1.6012910	0.2484472	0.0107719	-1.5476306	0.3464777	-0.3026366	-1.5331208	0.2258331	-0.3048570	-1.6071185	0.2453943	-0.3016753	-1.5353292	0.8677880	-0.0420965	-1.5135634	0.8692096	-0.2595072	-1.4771160	1.4779368	0.2545685	-1.4204549	1.4064942	0.2190046	-1.3688403	1.6092551	0.0211646	-1.2920042	1.6283737	0.0661063	-1.5623195	1.1596335	-0.4293645	-1.5785246	1.1484773	-0.3838030	-1.4405464	0.9255377	-0.3969804	-1.4958310	0.8991784	-0.4120037
157	2.6000000	-1.5869600	1.4723233	-0.1787700	-1.5793100	1.4873033	-0.0099500	-1.4604200	1.4473433	0.2196500	-1.3216800	1.5841733	0.0589600	-1.5662700	1.4552633	-0.3475100	-1.5480800	1.1875233	-0.4055000	-1.4712900	0.9276833	-0.4035700	-1.4884600	0.8987533	-0.1465600	-1.5016900	0.8998633	-0.0261400	-1.5096100	0.4692933	-0.0535600	-1.5741100	0.0751933	-0.0727500	-1.4611900	0.8992333	-0.2659600	-1.5167300	0.4722533	-0.2445500	-1.5834800	0.0679733	-0.2161100	-1.3991700	0.0286533	-0.2454900	-1.4118200	0.0298933	-0.2469100	-1.6165100	0.0314033	-0.2027300	-1.4273500	0.0234433	-0.0584800	-1.4377700	0.0262733	-0.0560300	-1.5963300	0.0408733	-0.0818700	-1.4398090	0.9752153	0.0427129	-1.4017744	0.9775089	-0.3172567	-1.6499267	0.9919264	-0.0895307	-1.6346856	0.9924397	-0.2304917	-1.5298843	0.4628280	0.0230386	-1.5105644	0.4757444	-0.1109259	-1.5838550	0.0809267	-0.0296178	-1.5528339	0.0917252	-0.1179101	-1.4521176	0.0402969	-0.0683378	-1.4972857	0.0313121	-0.0151112	-1.6392465	0.0681947	-0.0894261	-1.5276663	0.4603400	-0.3114900	-1.5221808	0.4723187	-0.1714655	-1.5931937	0.0762052	-0.2622808	-1.5633911	0.0860856	-0.1707432	-1.4321807	0.0451255	-0.2287914	-1.6634968	0.0557201	-0.2015513	-1.4837949	0.0367213	-0.2854098	-1.5808725	1.5435720	-0.0106675	-1.5846299	1.5160311	-0.3575486	-1.6858499	1.5267357	-0.1882162	-1.4480044	0.7160627	0.0555898	-1.4865254	0.6141759	0.0678080	-1.5725351	0.7201296	0.0752533	-1.4215423	0.7098620	-0.3463255	-1.4663234	0.6102338	-0.3594595	-1.5479322	0.7215228	-0.3794270	-1.5456706	0.3493534	0.0129909	-1.5314291	0.2299355	0.0128549	-1.6005222	0.2474010	0.0100124	-1.5491908	0.3460880	-0.3032966	-1.5343486	0.2253303	-0.3055659	-1.6086430	0.2445500	-0.3025582	-1.5386377	0.8678418	-0.0429584	-1.5158316	0.8693088	-0.2603190	-1.4721312	1.4508505	0.2555390	-1.4245150	1.3755144	0.2137384	-1.3581390	1.5771355	0.0227766	-1.2813561	1.5890890	0.0642474	-1.5625800	1.1598466	-0.4267162	-1.5759795	1.1479933	-0.3822432	-1.4400783	0.9240988	-0.3984166	-1.4930746	0.8974315	-0.4111864
158	2.6166667	-1.5830900	1.4705633	-0.1786900	-1.5735800	1.4834933	-0.0098600	-1.4673200	1.4225333	0.2224800	-1.3050400	1.5516133	0.0575400	-1.5641400	1.4556233	-0.3475300	-1.5468100	1.1871033	-0.4057600	-1.4706900	0.9282433	-0.4039800	-1.4892100	0.9010733	-0.1472600	-1.5043100	0.9021833	-0.0267700	-1.5086100	0.4696133	-0.0532800	-1.5725300	0.0761933	-0.0725300	-1.4600800	0.9013433	-0.2666400	-1.5157400	0.4729633	-0.2449900	-1.5849400	0.0675433	-0.2160800	-1.4030500	0.0272533	-0.2451100	-1.4153600	0.0285733	-0.2465400	-1.6169700	0.0307833	-0.2031300	-1.4292900	0.0229633	-0.0577500	-1.4394900	0.0259033	-0.0553700	-1.5947700	0.0417233	-0.0814000	-1.4413846	0.9774863	0.0423174	-1.4017370	0.9796884	-0.3175094	-1.6511092	0.9938203	-0.0909328	-1.6352333	0.9942791	-0.2318182	-1.5283067	0.4650618	0.0222457	-1.5086953	0.4780673	-0.1114370	-1.5808549	0.0818422	-0.0300553	-1.5496371	0.0927876	-0.1181785	-1.4488349	0.0414302	-0.0684774	-1.4940868	0.0324425	-0.0153879	-1.6360955	0.0687876	-0.0898806	-1.5271898	0.4622549	-0.3120862	-1.5218606	0.4742920	-0.1720411	-1.5926292	0.0773639	-0.2630763	-1.5628984	0.0873332	-0.1713680	-1.4315314	0.0461105	-0.2294339	-1.6630166	0.0568462	-0.2023054	-1.4832024	0.0378271	-0.2860962	-1.5808685	1.5431171	-0.0109538	-1.5831430	1.5172365	-0.3578268	-1.6850907	1.5277606	-0.1890280	-1.4483442	0.7189900	0.0547956	-1.4861527	0.6167978	0.0669566	-1.5730401	0.7222219	0.0741093	-1.4210960	0.7119862	-0.3469669	-1.4658528	0.6122804	-0.3600834	-1.5479237	0.7236666	-0.3802367	-1.5436391	0.3511733	0.0123120	-1.5290312	0.2314664	0.0122993	-1.5982140	0.2486965	0.0093048	-1.5486484	0.3478822	-0.3039936	-1.5336875	0.2270411	-0.3062807	-1.6081914	0.2459056	-0.3033800	-1.5398706	0.8702106	-0.0439159	-1.5160970	0.8716153	-0.2611812	-1.4674535	1.4279465	0.2550769	-1.4300294	1.3492513	0.2088037	-1.3432298	1.5463991	0.0240131	-1.2680669	1.5504863	0.0638988	-1.5602602	1.1620875	-0.4244080	-1.5717650	1.1495750	-0.3811188	-1.4379971	0.9250390	-0.3993401	-1.4889932	0.8983001	-0.4105387
159	2.6333333	-1.5780100	1.4694133	-0.1790900	-1.5636700	1.4807833	-0.0108200	-1.4779500	1.3979333	0.2244600	-1.2982700	1.5174233	0.0568500	-1.5637800	1.4561033	-0.3477000	-1.5467500	1.1868333	-0.4059800	-1.4689400	0.9284233	-0.4043600	-1.4877600	0.9058333	-0.1478200	-1.5042000	0.9073433	-0.0272600	-1.5069000	0.4710133	-0.0533600	-1.5708400	0.0778333	-0.0725000	-1.4572900	0.9059233	-0.2671900	-1.5145900	0.4739533	-0.2450200	-1.5852300	0.0677233	-0.2166100	-1.4070100	0.0258733	-0.2447300	-1.4190200	0.0273233	-0.2462400	-1.6165600	0.0307633	-0.2042000	-1.4316400	0.0230333	-0.0575000	-1.4416500	0.0260633	-0.0551300	-1.5929700	0.0430133	-0.0809600	-1.4406636	0.9823378	0.0419170	-1.3998157	0.9841803	-0.3176621	-1.6499925	0.9981504	-0.0920332	-1.6336470	0.9984405	-0.2328016	-1.5252210	0.4694948	0.0215772	-1.5052361	0.4824764	-0.1115853	-1.5771769	0.0849640	-0.0301364	-1.5457219	0.0959206	-0.1179393	-1.4452298	0.0441236	-0.0682279	-1.4905760	0.0352932	-0.0153653	-1.6322191	0.0718890	-0.0898242	-1.5248149	0.4663194	-0.3124284	-1.5195064	0.4783832	-0.1725437	-1.5909301	0.0806656	-0.2637229	-1.5611784	0.0906868	-0.1719388	-1.4301297	0.0487197	-0.2299330	-1.6612740	0.0604263	-0.2029110	-1.4818370	0.0406848	-0.2865598	-1.5775844	1.5447483	-0.0111086	-1.5796869	1.5207056	-0.3577740	-1.6815979	1.5309794	-0.1892409	-1.4467908	0.7242102	0.0540908	-1.4840497	0.6216999	0.0661622	-1.5714941	0.7268428	0.0729265	-1.4187791	0.7162998	-0.3474460	-1.4635210	0.6165128	-0.3604702	-1.5459476	0.7281518	-0.3806615	-1.5403470	0.3551816	0.0117955	-1.5256687	0.2351203	0.0119553	-1.5948477	0.2522929	0.0088023	-1.5464325	0.3518194	-0.3044826	-1.5316318	0.2308881	-0.3068410	-1.6062395	0.2494329	-0.3039678	-1.5387276	0.8750943	-0.0447156	-1.5142380	0.8762740	-0.2618184	-1.4660332	1.4078442	0.2540443	-1.4394717	1.3268183	0.2048716	-1.3285032	1.5165152	0.0252960	-1.2562273	1.5121883	0.0643311	-1.5568502	1.1657455	-0.4225475	-1.5671906	1.1528621	-0.3803145	-1.4354921	0.9279777	-0.4009145	-1.4848128	0.9013362	-0.4110104
160	2.6500000	-1.5804100	1.4700433	-0.1791200	-1.5660000	1.4817633	-0.0105600	-1.4884300	1.3736833	0.2249700	-1.2996800	1.4805533	0.0578200	-1.5660900	1.4562533	-0.3480100	-1.5480500	1.1870233	-0.4062400	-1.4670300	0.9283733	-0.4047700	-1.4854600	0.9109233	-0.1481700	-1.5011900	0.9129033	-0.0278700	-1.5052100	0.4728333	-0.0539300	-1.5700200	0.0789333	-0.0726500	-1.4557400	0.9104933	-0.2673300	-1.5133800	0.4747933	-0.2446300	-1.5827500	0.0687933	-0.2174400	-1.4067700	0.0259333	-0.2447600	-1.4187200	0.0275133	-0.2463200	-1.6139900	0.0317333	-0.2052800	-1.4311100	0.0239433	-0.0580100	-1.4412000	0.0269233	-0.0556000	-1.5935700	0.0433733	-0.0806200	-1.4391596	0.9876855	0.0416031	-1.3973658	0.9890488	-0.3176303	-1.6479782	1.0024561	-0.0928046	-1.6312626	1.0025192	-0.2334196	-1.5221395	0.4739462	0.0210455	-1.5017961	0.4868085	-0.1115519	-1.5742035	0.0879711	-0.0298978	-1.5425441	0.0988402	-0.1173517	-1.4424347	0.0463143	-0.0678600	-1.4878199	0.0376648	-0.0151931	-1.6291630	0.0750143	-0.0893390	-1.5219997	0.4703032	-0.3125462	-1.5166935	0.4824082	-0.1727889	-1.5890294	0.0838082	-0.2642959	-1.5592008	0.0938631	-0.1723963	-1.4287299	0.0508491	-0.2301940	-1.6592357	0.0640306	-0.2034553	-1.4804280	0.0431505	-0.2868795	-1.5739959	1.5464924	-0.0110672	-1.5763281	1.5242310	-0.3574353	-1.6778820	1.5340617	-0.1890568	-1.4446107	0.7293990	0.0535500	-1.4815662	0.6266109	0.0655159	-1.5692756	0.7317918	0.0719155	-1.4157899	0.7206741	-0.3476958	-1.4606166	0.6207511	-0.3606268	-1.5432664	0.7327668	-0.3808443	-1.5372476	0.3591650	0.0114572	-1.5226976	0.2386669	0.0118416	-1.5918828	0.2559159	0.0085319	-1.5438832	0.3556456	-0.3048215	-1.5293174	0.2345698	-0.3073057	-1.6039838	0.2528500	-0.3044295	-1.5365694	0.8802772	-0.0452947	-1.5115183	0.8811575	-0.2621741	-1.4700167	1.3878481	0.2527207	-1.4543823	1.3057784	0.2011518	-1.3199585	1.4860854	0.0266609	-1.2511967	1.4732666	0.0649037	-1.5538068	1.1686617	-0.4208506	-1.5641412	1.1556460	-0.3798479	-1.4330585	0.9307773	-0.4014639	-1.4806518	0.9041067	-0.4111343
161	2.6666667	-1.5910000	1.4714933	-0.1781400	-1.5847800	1.4845033	-0.0077800	-1.4951500	1.3502633	0.2236600	-1.2968800	1.4409533	0.0596200	-1.5681400	1.4559633	-0.3482100	-1.5483800	1.1875633	-0.4064900	-1.4667900	0.9286733	-0.4051000	-1.4849000	0.9137733	-0.1483500	-1.4992000	0.9164733	-0.0284400	-1.5053000	0.4738733	-0.0544800	-1.5702900	0.0791233	-0.0728300	-1.4566800	0.9123633	-0.2672100	-1.5127800	0.4749933	-0.2442000	-1.5792700	0.0700433	-0.2178200	-1.4033600	0.0272333	-0.2451100	-1.4154400	0.0287933	-0.2466600	-1.6106600	0.0327833	-0.2055000	-1.4282400	0.0251333	-0.0586200	-1.4386400	0.0279933	-0.0561700	-1.5959300	0.0426433	-0.0805300	-1.4398092	0.9908683	0.0414755	-1.3966962	0.9918954	-0.3173564	-1.6477958	1.0039547	-0.0935412	-1.6305647	1.0038456	-0.2339865	-1.5212836	0.4759803	0.0206669	-1.5006327	0.4887127	-0.1115122	-1.5736369	0.0885107	-0.0295189	-1.5418228	0.0992930	-0.1167209	-1.4419038	0.0461554	-0.0675685	-1.4872576	0.0375984	-0.0150063	-1.6286855	0.0755784	-0.0887330	-1.5209923	0.4718102	-0.3126272	-1.5158243	0.4840073	-0.1728343	-1.5884187	0.0843868	-0.2647291	-1.5585476	0.0944881	-0.1726010	-1.4285676	0.0505602	-0.2301227	-1.6584983	0.0649798	-0.2038435	-1.4802006	0.0431708	-0.2870241	-1.5747960	1.5459340	-0.0106568	-1.5757497	1.5251679	-0.3568662	-1.6776910	1.5343317	-0.1889382	-1.4442526	0.7320195	0.0531808	-1.4810584	0.6290190	0.0650645	-1.5689699	0.7343916	0.0711657	-1.4143388	0.7226980	-0.3477515	-1.4593422	0.6225793	-0.3606761	-1.5421124	0.7349828	-0.3810466	-1.5363893	0.3607131	0.0112822	-1.5219626	0.2397691	0.0119026	-1.5912784	0.2571019	0.0084386	-1.5430195	0.3569642	-0.3051256	-1.5284767	0.2356839	-0.3076796	-1.6032704	0.2537337	-0.3048587	-1.5361621	0.8830822	-0.0457473	-1.5103224	0.8837485	-0.2623707	-1.4773675	1.3662907	0.2503248	-1.4721761	1.2840456	0.1963249	-1.3157266	1.4521576	0.0281694	-1.2513834	1.4310919	0.0663112	-1.5525840	1.1691449	-0.4186171	-1.5636881	1.1561287	-0.3790581	-1.4331083	0.9311112	-0.4009012	-1.4786529	0.9046558	-0.4105936
162	2.6833333	-1.6011100	1.4710133	-0.1767300	-1.6049600	1.4841233	-0.0041800	-1.4979200	1.3284133	0.2203200	-1.2866200	1.4021233	0.0613700	-1.5676900	1.4555633	-0.3481400	-1.5474100	1.1884833	-0.4068400	-1.4685600	0.9296833	-0.4051100	-1.4869300	0.9158833	-0.1484200	-1.5009100	0.9193033	-0.0285700	-1.5078400	0.4736533	-0.0545300	-1.5720000	0.0784133	-0.0728900	-1.4590500	0.9137733	-0.2672600	-1.5123600	0.4749533	-0.2440700	-1.5777200	0.0703933	-0.2173100	-1.4008400	0.0280233	-0.2455300	-1.4130300	0.0295333	-0.2470000	-1.6094500	0.0330233	-0.2045400	-1.4253300	0.0259433	-0.0587400	-1.4360200	0.0286733	-0.0562900	-1.5990500	0.0412333	-0.0808900	-1.4434870	0.9932610	0.0415881	-1.3984019	0.9941478	-0.3168254	-1.6504053	1.0043335	-0.0944650	-1.6324007	1.0041338	-0.2347376	-1.5231639	0.4772113	0.0203626	-1.5022087	0.4898664	-0.1115952	-1.5754971	0.0881930	-0.0291614	-1.5435073	0.0989547	-0.1162585	-1.4434223	0.0455560	-0.0673227	-1.4887652	0.0369879	-0.0147905	-1.6307535	0.0750438	-0.0882790	-1.5222322	0.4725310	-0.3126893	-1.5173884	0.4848476	-0.1728138	-1.5893549	0.0841325	-0.2648726	-1.5595346	0.0943059	-0.1724905	-1.4298008	0.0497336	-0.2297868	-1.6593779	0.0648946	-0.2039170	-1.4813251	0.0426301	-0.2869161	-1.5810614	1.5444594	-0.0097658	-1.5782618	1.5249796	-0.3561172	-1.6818669	1.5333962	-0.1890919	-1.4464995	0.7337585	0.0529477	-1.4832089	0.6305680	0.0647614	-1.5714405	0.7361325	0.0706042	-1.4150984	0.7240089	-0.3476476	-1.4602592	0.6236585	-0.3606321	-1.5431350	0.7364201	-0.3812712	-1.5381590	0.3614657	0.0111845	-1.5236903	0.2401131	0.0120406	-1.5932990	0.2573872	0.0083991	-1.5441910	0.3574853	-0.3053378	-1.5293962	0.2359822	-0.3078437	-1.6044274	0.2537896	-0.3051592	-1.5384963	0.8850461	-0.0461730	-1.5114717	0.8856187	-0.2625328	-1.4845379	1.3457748	0.2465594	-1.4889735	1.2638532	0.1901569	-1.3112912	1.4165361	0.0298756	-1.2524083	1.3880074	0.0692035	-1.5528775	1.1691972	-0.4164789	-1.5651469	1.1561148	-0.3784661	-1.4360946	0.9302368	-0.3998770	-1.4794198	0.9044379	-0.4100082
163	2.7000000	-1.6026500	1.4689533	-0.1755900	-1.6099600	1.4803733	-0.0018200	-1.4989800	1.3085233	0.2148900	-1.2804600	1.3666733	0.0636100	-1.5654800	1.4555533	-0.3478800	-1.5475700	1.1893733	-0.4075400	-1.4702500	0.9317133	-0.4046100	-1.4892700	0.9196733	-0.1484200	-1.5033600	0.9236233	-0.0284100	-1.5105000	0.4726533	-0.0543200	-1.5745700	0.0773133	-0.0727700	-1.4612400	0.9170833	-0.2674200	-1.5117800	0.4752133	-0.2441000	-1.5782000	0.0695533	-0.2163800	-1.4005500	0.0275833	-0.2459300	-1.4126600	0.0290333	-0.2472900	-1.6106800	0.0318533	-0.2031200	-1.4223500	0.0262533	-0.0584100	-1.4332500	0.0288633	-0.0559700	-1.6037100	0.0395333	-0.0816100	-1.4474532	0.9972426	0.0418570	-1.4003210	0.9979848	-0.3161932	-1.6535032	1.0064422	-0.0953860	-1.6346853	1.0061527	-0.2355086	-1.5254526	0.4799364	0.0200976	-1.5042448	0.4925826	-0.1118396	-1.5775227	0.0891735	-0.0287861	-1.5453106	0.0999812	-0.1159696	-1.4444222	0.0466389	-0.0670053	-1.4899107	0.0379761	-0.0143830	-1.6331749	0.0755684	-0.0879699	-1.5234936	0.4748772	-0.3125958	-1.5190069	0.4872550	-0.1727523	-1.5900437	0.0853924	-0.2646991	-1.5603057	0.0956247	-0.1721489	-1.4306499	0.0505382	-0.2294383	-1.6600464	0.0661803	-0.2036331	-1.4820821	0.0437809	-0.2866332	-1.5884516	1.5443011	-0.0083575	-1.5809593	1.5261863	-0.3551867	-1.6869040	1.5339813	-0.1891202	-1.4488872	0.7370817	0.0528066	-1.4855974	0.6336518	0.0645666	-1.5742954	0.7394821	0.0702441	-1.4160225	0.7270287	-0.3474514	-1.4612663	0.6264239	-0.3604537	-1.5443620	0.7395845	-0.3813291	-1.5402891	0.3637036	0.0111581	-1.5256082	0.2419309	0.0122537	-1.5956746	0.2589906	0.0084535	-1.5452726	0.3596081	-0.3053235	-1.5301213	0.2378789	-0.3077380	-1.6054679	0.2554105	-0.3051870	-1.5411997	0.8887325	-0.0465416	-1.5129441	0.8892131	-0.2626747	-1.4893587	1.3281581	0.2417323	-1.5023430	1.2473906	0.1831284	-1.3054411	1.3829164	0.0314985	-1.2525729	1.3480663	0.0726055	-1.5524474	1.1708370	-0.4153117	-1.5661104	1.1575091	-0.3786593	-1.4392993	0.9306620	-0.3989295	-1.4804986	0.9056306	-0.4099769
164	2.7166667	-1.5956000	1.4666033	-0.1743900	-1.5975800	1.4750233	-0.0002400	-1.4987900	1.2911133	0.2078600	-1.2859100	1.3350133	0.0671000	-1.5635200	1.4560633	-0.3474400	-1.5495600	1.1899633	-0.4083800	-1.4694500	0.9332333	-0.4038700	-1.4891400	0.9237333	-0.1483400	-1.5017000	0.9279333	-0.0283500	-1.5100800	0.4720233	-0.0543400	-1.5761000	0.0768233	-0.0726000	-1.4626300	0.9207433	-0.2674000	-1.5118200	0.4753033	-0.2439700	-1.5783300	0.0688133	-0.2159800	-1.4005400	0.0266533	-0.2462600	-1.4124400	0.0281933	-0.2475500	-1.6120200	0.0312833	-0.2026200	-1.4189700	0.0266433	-0.0579900	-1.4300500	0.0291733	-0.0555600	-1.6087900	0.0382833	-0.0821300	-1.4483551	1.0014821	0.0420934	-1.4001371	1.0018832	-0.3157349	-1.6541216	1.0091503	-0.0957788	-1.6348534	1.0086959	-0.2358073	-1.5253045	0.4826097	0.0199528	-1.5041036	0.4952938	-0.1121192	-1.5774756	0.0901135	-0.0282343	-1.5451229	0.1009923	-0.1157098	-1.4426518	0.0478816	-0.0665704	-1.4884583	0.0390802	-0.0136597	-1.6338495	0.0759629	-0.0875802	-1.5224290	0.4773962	-0.3122342	-1.5180861	0.4897219	-0.1725913	-1.5886287	0.0868036	-0.2643034	-1.5588898	0.0970377	-0.1717044	-1.4292983	0.0514888	-0.2292662	-1.6585729	0.0675794	-0.2030797	-1.4807287	0.0451048	-0.2863178	-1.5916424	1.5440314	-0.0064214	-1.5808429	1.5275305	-0.3539437	-1.6885699	1.5348857	-0.1882539	-1.4482942	0.7405291	0.0527401	-1.4851792	0.6367799	0.0645027	-1.5743916	0.7430703	0.0702337	-1.4147975	0.7303524	-0.3471928	-1.4600840	0.6294609	-0.3601024	-1.5435684	0.7430656	-0.3810282	-1.5401411	0.3659120	0.0113005	-1.5252500	0.2437047	0.0126072	-1.5958605	0.2605637	0.0087969	-1.5440723	0.3618901	-0.3050189	-1.5286794	0.2399564	-0.3074048	-1.6043051	0.2572137	-0.3048935	-1.5412053	0.8928107	-0.0466784	-1.5122964	0.8930844	-0.2626755	-1.4919488	1.3113469	0.2367144	-1.5121403	1.2329140	0.1760228	-1.2998933	1.3518084	0.0328371	-1.2526730	1.3115853	0.0751350	-1.5500804	1.1723871	-0.4153301	-1.5649251	1.1587350	-0.3794984	-1.4400532	0.9318903	-0.3984849	-1.4794527	0.9072458	-0.4105946
165	2.7333333	-1.5859600	1.4640033	-0.1725500	-1.5787900	1.4691933	0.0021200	-1.4979400	1.2769633	0.2001400	-1.2974000	1.3054233	0.0711800	-1.5626300	1.4564533	-0.3468000	-1.5510300	1.1901133	-0.4087700	-1.4666200	0.9337933	-0.4033900	-1.4864500	0.9252733	-0.1480900	-1.4956100	0.9296133	-0.0281000	-1.5065500	0.4722933	-0.0544400	-1.5760200	0.0773633	-0.0726800	-1.4632500	0.9222733	-0.2673400	-1.5134800	0.4746533	-0.2437300	-1.5769200	0.0691133	-0.2162600	-1.3997700	0.0264533	-0.2463000	-1.4114100	0.0280933	-0.2475700	-1.6112100	0.0317833	-0.2032200	-1.4171800	0.0271933	-0.0578400	-1.4283300	0.0296933	-0.0553900	-1.6107100	0.0386133	-0.0820200	-1.4458539	1.0032564	0.0422307	-1.3981164	1.0031375	-0.3155853	-1.6519672	1.0096556	-0.0952293	-1.6328567	1.0089704	-0.2352470	-1.5224604	0.4825553	0.0200585	-1.5016617	0.4952992	-0.1121657	-1.5756528	0.0888448	-0.0274993	-1.5433873	0.0997842	-0.1153649	-1.4389325	0.0469187	-0.0660842	-1.4851063	0.0380058	-0.0127570	-1.6330180	0.0742729	-0.0869780	-1.5194026	0.4773823	-0.3115983	-1.5148543	0.4895912	-0.1723054	-1.5854847	0.0859322	-0.2637327	-1.5556102	0.0961258	-0.1712000	-1.4261559	0.0503331	-0.2291997	-1.6552707	0.0666492	-0.2023211	-1.4776966	0.0441521	-0.2859566	-1.5893857	1.5410580	-0.0039839	-1.5779177	1.5263880	-0.3522618	-1.6860889	1.5333646	-0.1860417	-1.4445031	0.7413247	0.0528167	-1.4816995	0.6372240	0.0646436	-1.5713147	0.7441408	0.0706773	-1.4117386	0.7312278	-0.3468160	-1.4570819	0.6300221	-0.3595445	-1.5409961	0.7440410	-0.3802649	-1.5376180	0.3655020	0.0116800	-1.5227496	0.2429297	0.0130868	-1.5938149	0.2597971	0.0094979	-1.5409881	0.3616854	-0.3044414	-1.5255309	0.2396334	-0.3068814	-1.6012763	0.2566332	-0.3042901	-1.5382111	0.8944543	-0.0463678	-1.5095904	0.8944137	-0.2623601	-1.4935407	1.2938205	0.2322380	-1.5196123	1.2186861	0.1697194	-1.2963731	1.3218684	0.0342700	-1.2541770	1.2770460	0.0768091	-1.5467161	1.1716063	-0.4160340	-1.5621995	1.1576230	-0.3804126	-1.4384323	0.9322752	-0.3985635	-1.4763671	0.9075820	-0.4114324
166	2.7500000	-1.5800400	1.4616933	-0.1705200	-1.5667100	1.4642333	0.0051200	-1.5013000	1.2663733	0.1920400	-1.3071400	1.2746333	0.0740000	-1.5623500	1.4568033	-0.3461900	-1.5501700	1.1904533	-0.4085700	-1.4641200	0.9340333	-0.4032000	-1.4832900	0.9235933	-0.1476500	-1.4897300	0.9281333	-0.0272800	-1.5032200	0.4733933	-0.0543600	-1.5756700	0.0785333	-0.0731200	-1.4626400	0.9204233	-0.2674400	-1.5165600	0.4733733	-0.2435500	-1.5756400	0.0703333	-0.2167100	-1.3994700	0.0276733	-0.2460400	-1.4110300	0.0294733	-0.2473000	-1.6097500	0.0336333	-0.2040500	-1.4186400	0.0269333	-0.0578900	-1.4296400	0.0295233	-0.0554300	-1.6086300	0.0406833	-0.0815600	-1.4422821	1.0018908	0.0423756	-1.3962340	1.0012138	-0.3157286	-1.6491072	1.0070866	-0.0938777	-1.6306332	1.0061618	-0.2340026	-1.5189352	0.4793484	0.0204388	-1.4988246	0.4921437	-0.1118326	-1.5741662	0.0853503	-0.0267963	-1.5422190	0.0963148	-0.1150011	-1.4360464	0.0435467	-0.0656875	-1.4824962	0.0346285	-0.0119943	-1.6325434	0.0706431	-0.0863177	-1.5166787	0.4743449	-0.3108658	-1.5116241	0.4864597	-0.1719999	-1.5827314	0.0825169	-0.2631013	-1.5526076	0.0926658	-0.1707233	-1.4233795	0.0470090	-0.2291576	-1.6522589	0.0630778	-0.2014974	-1.4751161	0.0407221	-0.2855641	-1.5845933	1.5350641	-0.0012702	-1.5744780	1.5222808	-0.3503338	-1.6819822	1.5287460	-0.1828984	-1.4398911	0.7388821	0.0531012	-1.4774119	0.6344688	0.0650131	-1.5672159	0.7420317	0.0714855	-1.4090081	0.7289729	-0.3463704	-1.4544593	0.6274812	-0.3588943	-1.5386337	0.7418177	-0.3791994	-1.5347379	0.3621243	0.0122243	-1.5202512	0.2393608	0.0135595	-1.5915344	0.2565182	0.0103702	-1.5382673	0.3585581	-0.3037701	-1.5228857	0.2365047	-0.3063087	-1.5985451	0.2533045	-0.3035364	-1.5343806	0.8928721	-0.0455909	-1.5067742	0.8924929	-0.2617620	-1.4964835	1.2765424	0.2282468	-1.5274780	1.2050998	0.1641815	-1.2957648	1.2917350	0.0362919	-1.2586340	1.2429745	0.0787463	-1.5440582	1.1686496	-0.4168425	-1.5597984	1.1543276	-0.3809482	-1.4364372	0.9313848	-0.3986378	-1.4731775	0.9065968	-0.4119438
167	2.7666667	-1.5799800	1.4600233	-0.1693400	-1.5667800	1.4608733	0.0072300	-1.5133200	1.2585533	0.1832500	-1.3137700	1.2414333	0.0747800	-1.5617900	1.4568733	-0.3458800	-1.5482700	1.1910833	-0.4082000	-1.4632800	0.9345333	-0.4030800	-1.4819600	0.9198533	-0.1472300	-1.4884400	0.9247033	-0.0263700	-1.5022600	0.4741133	-0.0542000	-1.5755800	0.0798933	-0.0736600	-1.4611200	0.9163333	-0.2674900	-1.5196100	0.4721233	-0.2434500	-1.5765300	0.0713533	-0.2169700	-1.4000500	0.0291833	-0.2457500	-1.4117200	0.0309133	-0.2469700	-1.6100200	0.0354733	-0.2043900	-1.4231300	0.0257333	-0.0578400	-1.4336900	0.0285233	-0.0554000	-1.6050000	0.0434233	-0.0813000	-1.4404736	0.9985218	0.0425284	-1.3962751	0.9973510	-0.3161037	-1.6479525	1.0024844	-0.0924971	-1.6301888	1.0013525	-0.2328239	-1.5169875	0.4744305	0.0208316	-1.4975461	0.4872361	-0.1113313	-1.5749409	0.0811052	-0.0265047	-1.5433837	0.0920434	-0.1148833	-1.4362953	0.0391839	-0.0655825	-1.4828767	0.0304169	-0.0117434	-1.6340494	0.0665523	-0.0860073	-1.5162899	0.4696136	-0.3103980	-1.5106373	0.4817179	-0.1719424	-1.5823342	0.0779080	-0.2626872	-1.5519435	0.0880403	-0.1704936	-1.4229245	0.0428716	-0.2292229	-1.6515875	0.0582099	-0.2009341	-1.4748851	0.0362235	-0.2853309	-1.5812918	1.5275591	0.0012289	-1.5728203	1.5165814	-0.3486710	-1.6794403	1.5223248	-0.1799362	-1.4372380	0.7345805	0.0534495	-1.4749405	0.6299223	0.0653987	-1.5647766	0.7379576	0.0722316	-1.4085724	0.7247572	-0.3460802	-1.4541673	0.6230595	-0.3584502	-1.5383043	0.7375821	-0.3782791	-1.5336318	0.3572176	0.0126231	-1.5198615	0.2344790	0.0137419	-1.5910808	0.2521537	0.0109713	-1.5379187	0.3538360	-0.3033579	-1.5226897	0.2318760	-0.3059755	-1.5981093	0.2485764	-0.3029994	-1.5323207	0.8891765	-0.0447166	-1.5058229	0.8884955	-0.2612117	-1.5034547	1.2609865	0.2239793	-1.5386368	1.1932781	0.1583984	-1.2989121	1.2609394	0.0390167	-1.2676666	1.2088473	0.0818789	-1.5432045	1.1650329	-0.4177432	-1.5593552	1.1503911	-0.3811854	-1.4357854	0.9296875	-0.3982162	-1.4715688	0.9051113	-0.4120241
168	2.7833333	-1.5828700	1.4591433	-0.1691700	-1.5744600	1.4592033	0.0077900	-1.5311600	1.2518933	0.1736900	-1.3194400	1.2072433	0.0745500	-1.5598500	1.4568233	-0.3456700	-1.5477500	1.1918033	-0.4079100	-1.4643900	0.9351233	-0.4030000	-1.4843100	0.9148733	-0.1470300	-1.4926800	0.9196733	-0.0260000	-1.5032100	0.4734133	-0.0541300	-1.5748200	0.0812233	-0.0739100	-1.4615300	0.9113433	-0.2673500	-1.5211800	0.4712233	-0.2433600	-1.5802100	0.0714233	-0.2169900	-1.4005600	0.0295633	-0.2456900	-1.4125900	0.0312933	-0.2468700	-1.6130300	0.0355433	-0.2042000	-1.4285400	0.0242133	-0.0575300	-1.4384900	0.0273133	-0.0551600	-1.6010500	0.0458133	-0.0813500	-1.4426829	0.9938669	0.0426113	-1.3995517	0.9923292	-0.3165473	-1.6504273	0.9967866	-0.0918373	-1.6330751	0.9955089	-0.2323693	-1.5180501	0.4687983	0.0210145	-1.4990439	0.4815837	-0.1109337	-1.5786578	0.0769288	-0.0268156	-1.5474124	0.0878129	-0.1151916	-1.4404066	0.0349043	-0.0658172	-1.4869725	0.0264324	-0.0120969	-1.6379813	0.0626567	-0.0863220	-1.5193302	0.4641381	-0.3103777	-1.5132453	0.4763083	-0.1722285	-1.5853546	0.0728912	-0.2625809	-1.5548357	0.0830467	-0.1705294	-1.4258394	0.0386736	-0.2294004	-1.6544515	0.0528335	-0.2007671	-1.4779756	0.0315854	-0.2853271	-1.5822740	1.5195680	0.0031458	-1.5742444	1.5103037	-0.3475805	-1.6805814	1.5152656	-0.1780490	-1.4385589	0.7295165	0.0536863	-1.4761023	0.6246362	0.0656027	-1.5660626	0.7327592	0.0725511	-1.4116792	0.7195265	-0.3460527	-1.4573354	0.6177063	-0.3583689	-1.5412481	0.7322225	-0.3778340	-1.5355080	0.3517355	0.0126666	-1.5225828	0.2292295	0.0135004	-1.5934900	0.2475339	0.0110326	-1.5409875	0.3484152	-0.3033346	-1.5259237	0.2266003	-0.3059327	-1.6010498	0.2433144	-0.3028791	-1.5341900	0.8842063	-0.0441555	-1.5083270	0.8833000	-0.2609755	-1.5153164	1.2470653	0.2187843	-1.5538670	1.1830942	0.1516079	-1.3064881	1.2296733	0.0421084	-1.2820065	1.1749900	0.0861645	-1.5447892	1.1616444	-0.4191175	-1.5619131	1.1467643	-0.3814374	-1.4374852	0.9274083	-0.3972687	-1.4725426	0.9033558	-0.4120216
169	2.8000000	-1.5845100	1.4587033	-0.1690500	-1.5805200	1.4583333	0.0078700	-1.5486300	1.2447533	0.1639900	-1.3269700	1.1740633	0.0748000	-1.5572000	1.4568333	-0.3451300	-1.5491900	1.1924733	-0.4076200	-1.4672500	0.9352533	-0.4029300	-1.4897000	0.9103833	-0.1469800	-1.4995900	0.9144633	-0.0260500	-1.5047900	0.4711233	-0.0540200	-1.5734100	0.0821833	-0.0738500	-1.4654700	0.9075433	-0.2671000	-1.5209500	0.4705433	-0.2432900	-1.5844000	0.0700633	-0.2168800	-1.4010000	0.0288433	-0.2458000	-1.4131400	0.0304733	-0.2469800	-1.6171400	0.0339833	-0.2039700	-1.4315700	0.0231133	-0.0570400	-1.4409800	0.0264933	-0.0547700	-1.5969000	0.0475233	-0.0816500	-1.4482272	0.9895252	0.0426690	-1.4052542	0.9877990	-0.3168322	-1.6559068	0.9919518	-0.0919200	-1.6386096	0.9906113	-0.2325890	-1.5210664	0.4641801	0.0209899	-1.5022465	0.4769563	-0.1106940	-1.5833518	0.0742023	-0.0275435	-1.5522932	0.0850595	-0.1157910	-1.4460821	0.0323694	-0.0661922	-1.4925352	0.0242990	-0.0127814	-1.6423557	0.0601545	-0.0871095	-1.5244588	0.4596488	-0.3105455	-1.5182441	0.4719192	-0.1726211	-1.5903740	0.0689726	-0.2625708	-1.5599662	0.0791866	-0.1706248	-1.4307059	0.0357772	-0.2295265	-1.6594970	0.0485033	-0.2008272	-1.4829316	0.0283702	-0.2853564	-1.5865200	1.5127884	0.0046002	-1.5775553	1.5052456	-0.3468897	-1.6843864	1.5096014	-0.1771869	-1.4430423	0.7255408	0.0538241	-1.4799864	0.6204021	0.0656395	-1.5703695	0.7281359	0.0724632	-1.4172727	0.7151574	-0.3461013	-1.4627625	0.6132506	-0.3584322	-1.5465162	0.7275263	-0.3776966	-1.5390645	0.3473637	0.0124209	-1.5268068	0.2252592	0.0129800	-1.5972315	0.2441132	0.0106650	-1.5460730	0.3439747	-0.3034060	-1.5311361	0.2223312	-0.3058794	-1.6059815	0.2391160	-0.3029581	-1.5394338	0.8797341	-0.0439264	-1.5136572	0.8787126	-0.2609626	-1.5297312	1.2351057	0.2127700	-1.5708765	1.1750371	0.1439874	-1.3171721	1.1995225	0.0451457	-1.2999410	1.1430293	0.0908571	-1.5476811	1.1598707	-0.4210936	-1.5664488	1.1448366	-0.3817203	-1.4407352	0.9256926	-0.3960343	-1.4754265	0.9023410	-0.4122689
170	2.8166667	-1.5836100	1.4583333	-0.1682300	-1.5801200	1.4573733	0.0086400	-1.5632600	1.2371733	0.1549700	-1.3389700	1.1430333	0.0767000	-1.5558400	1.4569533	-0.3442200	-1.5510300	1.1931733	-0.4073400	-1.4707700	0.9356433	-0.4027500	-1.4934000	0.9096833	-0.1469000	-1.5031800	0.9128633	-0.0259800	-1.5056100	0.4690033	-0.0538100	-1.5725600	0.0825533	-0.0736600	-1.4692900	0.9078933	-0.2670200	-1.5197300	0.4703333	-0.2432400	-1.5858100	0.0690933	-0.2169800	-1.4016900	0.0278833	-0.2457900	-1.4136000	0.0295333	-0.2470000	-1.6182900	0.0330933	-0.2042200	-1.4305400	0.0233033	-0.0566500	-1.4397700	0.0267733	-0.0544800	-1.5937200	0.0484633	-0.0820100	-1.4520253	0.9888163	0.0428116	-1.4089734	0.9870356	-0.3169531	-1.6597044	0.9912591	-0.0921467	-1.6423621	0.9899099	-0.2329190	-1.5218294	0.4636213	0.0208410	-1.5030523	0.4764065	-0.1105339	-1.5845742	0.0754119	-0.0282998	-1.5536023	0.0862827	-0.1163527	-1.4482797	0.0339063	-0.0664932	-1.4946209	0.0263367	-0.0134532	-1.6430169	0.0615169	-0.0879021	-1.5271395	0.4591434	-0.3105217	-1.5210005	0.4715028	-0.1728769	-1.5928959	0.0690014	-0.2625174	-1.5627577	0.0792722	-0.1707341	-1.4330492	0.0365805	-0.2295665	-1.6621531	0.0482430	-0.2009750	-1.4853083	0.0291275	-0.2852733	-1.5888004	1.5102364	0.0059924	-1.5784812	1.5044807	-0.3462374	-1.6861337	1.5084433	-0.1765921	-1.4458789	0.7256453	0.0539387	-1.4820017	0.6202310	0.0655952	-1.5729595	0.7273406	0.0722368	-1.4207895	0.7147994	-0.3460291	-1.4659175	0.6127963	-0.3583389	-1.5496925	0.7267381	-0.3774574	-1.5400312	0.3470801	0.0120683	-1.5281172	0.2254279	0.0124154	-1.5980210	0.2445928	0.0101671	-1.5486567	0.3435111	-0.3032630	-1.5338196	0.2220389	-0.3056243	-1.6084023	0.2388953	-0.3029251	-1.5431348	0.8790711	-0.0437434	-1.5173058	0.8780179	-0.2609471	-1.5422963	1.2270346	0.2062255	-1.5853773	1.1713520	0.1358607	-1.3274576	1.1728382	0.0481158	-1.3179313	1.1151304	0.0953279	-1.5481300	1.1619658	-0.4233862	-1.5690879	1.1467872	-0.3816722	-1.4419793	0.9268450	-0.3947001	-1.4768855	0.9042840	-0.4127756
171	2.8333333	-1.5821300	1.4580233	-0.1668900	-1.5772300	1.4562633	0.0101300	-1.5763000	1.2308133	0.1467600	-1.3542400	1.1156633	0.0804800	-1.5556600	1.4574633	-0.3431300	-1.5518000	1.1941133	-0.4071200	-1.4730200	0.9362033	-0.4026300	-1.4912000	0.9130233	-0.1469300	-1.4989700	0.9155333	-0.0257700	-1.5049800	0.4686833	-0.0536800	-1.5723000	0.0822833	-0.0734500	-1.4690600	0.9116033	-0.2673900	-1.5182700	0.4707133	-0.2432100	-1.5839400	0.0697133	-0.2171700	-1.4020800	0.0275533	-0.2453700	-1.4136600	0.0293033	-0.2466300	-1.6152600	0.0341733	-0.2047400	-1.4279100	0.0240333	-0.0563800	-1.4372600	0.0274933	-0.0542700	-1.5922100	0.0486533	-0.0821600	-1.4496574	0.9921554	0.0428425	-1.4070052	0.9903396	-0.3173064	-1.6576301	0.9946260	-0.0921893	-1.6404264	0.9932644	-0.2331067	-1.5174870	0.4670104	0.0204941	-1.4987001	0.4797752	-0.1105147	-1.5801671	0.0799542	-0.0289321	-1.5492064	0.0908217	-0.1167525	-1.4445489	0.0384086	-0.0667490	-1.4908369	0.0314613	-0.0140739	-1.6381446	0.0663005	-0.0884411	-1.5241949	0.4624494	-0.3104493	-1.5180952	0.4748573	-0.1731920	-1.5899908	0.0727844	-0.2626875	-1.5600767	0.0830557	-0.1711629	-1.4300025	0.0404669	-0.2298124	-1.6593568	0.0520376	-0.2013784	-1.4822896	0.0332371	-0.2853224	-1.5853870	1.5118436	0.0073739	-1.5740949	1.5078601	-0.3455427	-1.6823938	1.5114022	-0.1757920	-1.4430879	0.7295018	0.0538658	-1.4786023	0.6238976	0.0653446	-1.5698572	0.7306077	0.0719013	-1.4185741	0.7182882	-0.3460563	-1.4633934	0.6161886	-0.3582604	-1.5472208	0.7299819	-0.3771758	-1.5357433	0.3506888	0.0116132	-1.5239882	0.2293742	0.0118228	-1.5934646	0.2486426	0.0096340	-1.5456718	0.3468842	-0.3031538	-1.5309857	0.2255455	-0.3055266	-1.6053045	0.2424912	-0.3029247	-1.5408087	0.8824349	-0.0435961	-1.5152226	0.8813612	-0.2610343	-1.5507343	1.2225254	0.1990193	-1.5948604	1.1718492	0.1271102	-1.3353866	1.1493987	0.0512334	-1.3341687	1.0909842	0.0993120	-1.5436474	1.1671843	-0.4257052	-1.5670825	1.1518308	-0.3810975	-1.4385756	0.9303737	-0.3935033	-1.4743352	0.9085675	-0.4135078
172	2.8500000	-1.5817200	1.4578433	-0.1654700	-1.5774900	1.4551233	0.0119600	-1.5880400	1.2266133	0.1387900	-1.3689100	1.0918333	0.0850500	-1.5544600	1.4582133	-0.3420400	-1.5520000	1.1952833	-0.4068900	-1.4725400	0.9371433	-0.4028900	-1.4842400	0.9170833	-0.1471800	-1.4881900	0.9194533	-0.0258200	-1.5042600	0.4694433	-0.0536900	-1.5715800	0.0824733	-0.0734100	-1.4657800	0.9156833	-0.2680500	-1.5166700	0.4711333	-0.2433600	-1.5816300	0.0709833	-0.2169800	-1.4019700	0.0278233	-0.2446800	-1.4134300	0.0296233	-0.2459500	-1.6119500	0.0357833	-0.2048700	-1.4279500	0.0245433	-0.0559700	-1.4372800	0.0279833	-0.0538900	-1.5913900	0.0489433	-0.0821700	-1.4423503	0.9963508	0.0425889	-1.4007960	0.9944493	-0.3180363	-1.6507442	0.9983912	-0.0920401	-1.6339594	0.9969882	-0.2331393	-1.5102516	0.4708469	0.0200053	-1.4914499	0.4835097	-0.1105475	-1.5731758	0.0843203	-0.0294160	-1.5421765	0.0950960	-0.1169361	-1.4382375	0.0420933	-0.0669470	-1.4844796	0.0358771	-0.0146781	-1.6308459	0.0711193	-0.0886607	-1.5176815	0.4660678	-0.3105571	-1.5114106	0.4784875	-0.1737281	-1.5840376	0.0769068	-0.2631770	-1.5541647	0.0870923	-0.1719624	-1.4240330	0.0440220	-0.2303201	-1.6534252	0.0564920	-0.2020110	-1.4763641	0.0371340	-0.2856023	-1.5784666	1.5141200	0.0086620	-1.5664591	1.5117352	-0.3447501	-1.6751499	1.5145745	-0.1747455	-1.4361348	0.7334415	0.0535187	-1.4715436	0.6278209	0.0648508	-1.5624369	0.7346380	0.0714075	-1.4122147	0.7219955	-0.3463436	-1.4570072	0.6198527	-0.3583942	-1.5406533	0.7338672	-0.3770338	-1.5286426	0.3546683	0.0111089	-1.5170963	0.2335111	0.0112246	-1.5862638	0.2528384	0.0091158	-1.5392945	0.3506199	-0.3033219	-1.5249127	0.2293624	-0.3058196	-1.5989457	0.2464749	-0.3031020	-1.5334394	0.8864677	-0.0435753	-1.5085206	0.8853386	-0.2612968	-1.5570040	1.2185239	0.1911943	-1.6010078	1.1732443	0.1178132	-1.3427827	1.1266537	0.0547079	-1.3502628	1.0681307	0.1028615	-1.5363002	1.1720954	-0.4278598	-1.5622779	1.1565509	-0.3800090	-1.4321293	0.9333306	-0.3925589	-1.4692124	0.9120090	-0.4143991
173	2.8666667	-1.5822200	1.4574733	-0.1641200	-1.5806400	1.4538633	0.0138600	-1.5954900	1.2229333	0.1310700	-1.3819500	1.0692533	0.0894200	-1.5521900	1.4587533	-0.3410000	-1.5529900	1.1965933	-0.4065800	-1.4704500	0.9377133	-0.4033600	-1.4768500	0.9190933	-0.1474000	-1.4762700	0.9213233	-0.0260800	-1.5044400	0.4697433	-0.0537700	-1.5700100	0.0835433	-0.0736200	-1.4627900	0.9181033	-0.2684900	-1.5150800	0.4712933	-0.2438300	-1.5813100	0.0716433	-0.2164000	-1.4023100	0.0280033	-0.2441700	-1.4138300	0.0298433	-0.2454300	-1.6120000	0.0363333	-0.2044000	-1.4300800	0.0242233	-0.0554300	-1.4392200	0.0277633	-0.0534100	-1.5905000	0.0496233	-0.0822900	-1.4345494	0.9985807	0.0422511	-1.3946828	0.9966051	-0.3187458	-1.6432746	0.9997425	-0.0915811	-1.6271509	0.9983033	-0.2328285	-1.5044602	0.4723915	0.0197069	-1.4856836	0.4848861	-0.1103372	-1.5681382	0.0860873	-0.0296329	-1.5370859	0.0966851	-0.1167990	-1.4342161	0.0427539	-0.0669097	-1.4803403	0.0372684	-0.0151043	-1.6255453	0.0735160	-0.0885152	-1.5121049	0.4673798	-0.3106454	-1.5054427	0.4797756	-0.1742362	-1.5797419	0.0787757	-0.2635889	-1.5497324	0.0887974	-0.1727118	-1.4198734	0.0449870	-0.2307572	-1.6491006	0.0588863	-0.2024350	-1.4722642	0.0384158	-0.2857985	-1.5728868	1.5142917	0.0100204	-1.5600176	1.5132212	-0.3436538	-1.6690202	1.5150578	-0.1734301	-1.4293443	0.7347493	0.0531645	-1.4651438	0.6292747	0.0644135	-1.5550019	0.7366555	0.0709892	-1.4061553	0.7231927	-0.3466156	-1.4512215	0.6211032	-0.3585062	-1.5343151	0.7356927	-0.3768202	-1.5231288	0.3563242	0.0108285	-1.5118977	0.2351954	0.0108566	-1.5808548	0.2546381	0.0088297	-1.5340786	0.3520826	-0.3034862	-1.5202203	0.2308492	-0.3061426	-1.5939427	0.2482593	-0.3031670	-1.5253566	0.8883878	-0.0435150	-1.5014593	0.8872072	-0.2614538	-1.5640551	1.2127589	0.1833903	-1.6068910	1.1728627	0.1086236	-1.3523846	1.1027319	0.0586125	-1.3684647	1.0448050	0.1061189	-1.5302185	1.1744665	-0.4296842	-1.5586761	1.1587122	-0.3783998	-1.4264762	0.9339234	-0.3917806	-1.4652127	0.9126224	-0.4153023
174	2.8833333	-1.5831600	1.4572733	-0.1628900	-1.5831100	1.4527133	0.0154700	-1.5956700	1.2182933	0.1240900	-1.3949900	1.0475833	0.0936700	-1.5515300	1.4594833	-0.3399900	-1.5547500	1.1977733	-0.4063000	-1.4697200	0.9379333	-0.4035800	-1.4719800	0.9203933	-0.1473900	-1.4682800	0.9224233	-0.0260700	-1.5040600	0.4697533	-0.0539400	-1.5687600	0.0845133	-0.0738300	-1.4609800	0.9195833	-0.2686500	-1.5139900	0.4717433	-0.2443800	-1.5824400	0.0719333	-0.2159700	-1.4028300	0.0278533	-0.2440900	-1.4143600	0.0297033	-0.2453200	-1.6142200	0.0356933	-0.2038200	-1.4309400	0.0244233	-0.0553100	-1.4399800	0.0279033	-0.0533100	-1.5901700	0.0499933	-0.0825100	-1.4291800	1.0000902	0.0420280	-1.3914267	0.9980625	-0.3191359	-1.6381569	1.0001829	-0.0907728	-1.6228631	0.9987190	-0.2320964	-1.5022396	0.4730459	0.0197206	-1.4835790	0.4853659	-0.1098903	-1.5668521	0.0867898	-0.0296059	-1.5357592	0.0971822	-0.1164642	-1.4341351	0.0424089	-0.0666932	-1.4800600	0.0374819	-0.0153164	-1.6239939	0.0748077	-0.0881550	-1.5099553	0.4679220	-0.3104752	-1.5027771	0.4802579	-0.1744508	-1.5793588	0.0797284	-0.2636183	-1.5491130	0.0895545	-0.1730871	-1.4196889	0.0450420	-0.2308897	-1.6486768	0.0603692	-0.2024009	-1.4721404	0.0386935	-0.2856876	-1.5711991	1.5136923	0.0115804	-1.5573348	1.5136895	-0.3422727	-1.6666705	1.5144072	-0.1718791	-1.4252968	0.7350052	0.0530120	-1.4617893	0.6297472	0.0642336	-1.5502607	0.7379655	0.0708597	-1.4031246	0.7234582	-0.3466394	-1.4486345	0.6215000	-0.3583696	-1.5309260	0.7368602	-0.3763359	-1.5212449	0.3570641	0.0108587	-1.5103140	0.2358818	0.0108054	-1.5791667	0.2554756	0.0088297	-1.5324247	0.3527378	-0.3033432	-1.5192317	0.2314493	-0.3061473	-1.5926620	0.2492474	-0.3028756	-1.5196062	0.8895786	-0.0432726	-1.4969838	0.8883612	-0.2613069	-1.5723783	1.2068366	0.1762332	-1.6134023	1.1719631	0.1001594	-1.3647191	1.0790055	0.0627388	-1.3889824	1.0224769	0.1090617	-1.5276742	1.1760169	-0.4312274	-1.5584195	1.1600073	-0.3763524	-1.4239872	0.9340545	-0.3911556	-1.4647082	0.9123020	-0.4161776
175	2.9000000	-1.5841600	1.4572533	-0.1618100	-1.5833600	1.4517133	0.0165300	-1.5898100	1.2123433	0.1177100	-1.4078900	1.0270733	0.0979400	-1.5532600	1.4604433	-0.3389500	-1.5561300	1.1987233	-0.4060600	-1.4712100	0.9381233	-0.4035400	-1.4697500	0.9206833	-0.1474100	-1.4655500	0.9221133	-0.0258600	-1.5020100	0.4703533	-0.0542500	-1.5689800	0.0843933	-0.0736900	-1.4592100	0.9205333	-0.2689100	-1.5132600	0.4729933	-0.2446400	-1.5824100	0.0725633	-0.2160300	-1.4020900	0.0283633	-0.2442000	-1.4135600	0.0302233	-0.2454500	-1.6151500	0.0356933	-0.2037600	-1.4293600	0.0250633	-0.0556900	-1.4386500	0.0285433	-0.0536500	-1.5908600	0.0497033	-0.0825700	-1.4263520	1.0005203	0.0417424	-1.3908711	0.9985235	-0.3195135	-1.6355711	0.9996105	-0.0899331	-1.6211626	0.9981583	-0.2313075	-1.5026512	0.4726291	0.0197705	-1.4842397	0.4848312	-0.1096367	-1.5681244	0.0863583	-0.0296255	-1.5370323	0.0965863	-0.1163457	-1.4364464	0.0413619	-0.0666505	-1.4821232	0.0367533	-0.0155290	-1.6250546	0.0747720	-0.0879940	-1.5105235	0.4675840	-0.3103039	-1.5028168	0.4798547	-0.1745239	-1.5816023	0.0795627	-0.2634630	-1.5510993	0.0892272	-0.1731932	-1.4221104	0.0443370	-0.2308936	-1.6508711	0.0605756	-0.2021407	-1.4745962	0.0380694	-0.2854878	-1.5726946	1.5120647	0.0130900	-1.5579239	1.5129556	-0.3409871	-1.6675663	1.5125996	-0.1703591	-1.4236306	0.7341601	0.0528879	-1.4608850	0.6291151	0.0641321	-1.5480676	0.7382139	0.0708870	-1.4027450	0.7228293	-0.3466699	-1.4487138	0.6210107	-0.3582641	-1.5302636	0.7370771	-0.3759542	-1.5219847	0.3567091	0.0109247	-1.5112372	0.2354371	0.0108163	-1.5801064	0.2551962	0.0088596	-1.5334459	0.3524395	-0.3031219	-1.5208601	0.2310268	-0.3060245	-1.5940929	0.2492258	-0.3025058	-1.5164544	0.8897434	-0.0430793	-1.4951984	0.8885440	-0.2611693	-1.5801773	1.2007626	0.1698266	-1.6190993	1.1702599	0.0925065	-1.3780629	1.0552770	0.0666530	-1.4098816	1.0010001	0.1115442	-1.5281789	1.1767310	-0.4328757	-1.5607812	1.1604277	-0.3743052	-1.4242843	0.9338316	-0.3910184	-1.4672383	0.9112491	-0.4172589
176	2.9166667	-1.5841400	1.4571633	-0.1609400	-1.5818300	1.4507233	0.0171000	-1.5819100	1.2060133	0.1114900	-1.4189700	1.0090733	0.1018000	-1.5548000	1.4613133	-0.3379000	-1.5563100	1.1992533	-0.4057200	-1.4728600	0.9384333	-0.4034700	-1.4695800	0.9203433	-0.1477900	-1.4669800	0.9213133	-0.0260000	-1.4998200	0.4713633	-0.0546000	-1.5702800	0.0836333	-0.0733300	-1.4574900	0.9206733	-0.2694300	-1.5124500	0.4744033	-0.2444500	-1.5803000	0.0739133	-0.2163300	-1.4000700	0.0295133	-0.2441600	-1.4115000	0.0313933	-0.2454500	-1.6130400	0.0369333	-0.2040800	-1.4273500	0.0258533	-0.0562000	-1.4369200	0.0292233	-0.0540900	-1.5918600	0.0493133	-0.0823600	-1.4255274	1.0002035	0.0411432	-1.3921271	0.9983640	-0.3202297	-1.6350165	0.9985679	-0.0894963	-1.6214065	0.9971769	-0.2309303	-1.5044265	0.4716505	0.0194851	-1.4863416	0.4837971	-0.1099480	-1.5705346	0.0853711	-0.0299731	-1.5394710	0.0955004	-0.1167156	-1.4395006	0.0402482	-0.0669901	-1.4849504	0.0357804	-0.0159565	-1.6273176	0.0739457	-0.0883324	-1.5124758	0.4669010	-0.3104969	-1.5043314	0.4791397	-0.1747771	-1.5844865	0.0788505	-0.2634665	-1.5537734	0.0884350	-0.1733227	-1.4251199	0.0435592	-0.2310400	-1.6536635	0.0599989	-0.2020309	-1.4775838	0.0372273	-0.2854951	-1.5758727	1.5098172	0.0142072	-1.5604191	1.5115619	-0.3401535	-1.6703204	1.5102675	-0.1691999	-1.4235931	0.7328237	0.0525044	-1.4614895	0.6279417	0.0637901	-1.5477640	0.7377781	0.0707271	-1.4040014	0.7219490	-0.3470592	-1.4503038	0.6202221	-0.3585598	-1.5314039	0.7367223	-0.3760911	-1.5240433	0.3557849	0.0106765	-1.5133545	0.2344416	0.0105694	-1.5822971	0.2543166	0.0085814	-1.5356218	0.3517395	-0.3031970	-1.5233716	0.2301908	-0.3061302	-1.5965424	0.2486841	-0.3024452	-1.5154870	0.8892709	-0.0432538	-1.4954795	0.8881697	-0.2614199	-1.5860707	1.1950117	0.1640764	-1.6227777	1.1680493	0.0855230	-1.3907967	1.0325157	0.0701127	-1.4292851	0.9811812	0.1135700	-1.5303138	1.1770580	-0.4348722	-1.5642496	1.1604558	-0.3727127	-1.4260405	0.9337664	-0.3915156	-1.4712881	0.9101291	-0.4186287
177	2.9333333	-1.5831000	1.4568333	-0.1602900	-1.5798200	1.4495933	0.0174200	-1.5754200	1.2003033	0.1056000	-1.4285400	0.9943933	0.1050400	-1.5548200	1.4617833	-0.3369800	-1.5552300	1.1995033	-0.4054200	-1.4732000	0.9386733	-0.4034200	-1.4714300	0.9205133	-0.1483900	-1.4711500	0.9212233	-0.0264900	-1.4994200	0.4720733	-0.0549500	-1.5711700	0.0829433	-0.0731400	-1.4571000	0.9209933	-0.2700000	-1.5117900	0.4751933	-0.2440000	-1.5780800	0.0750233	-0.2163200	-1.3986400	0.0301033	-0.2439300	-1.4100500	0.0320233	-0.2452500	-1.6099800	0.0386333	-0.2041200	-1.4261200	0.0260733	-0.0565400	-1.4358500	0.0293533	-0.0543800	-1.5924100	0.0490833	-0.0820400	-1.4267167	1.0002799	0.0404184	-1.3949512	0.9986936	-0.3211198	-1.6365322	0.9982778	-0.0894389	-1.6235361	0.9969812	-0.2309473	-1.5072938	0.4712467	0.0189610	-1.4895360	0.4833752	-0.1106595	-1.5734916	0.0849126	-0.0304361	-1.5424515	0.0950058	-0.1172962	-1.4426689	0.0400500	-0.0674247	-1.4879554	0.0356124	-0.0163711	-1.6301509	0.0734216	-0.0889045	-1.5154130	0.4669649	-0.3108963	-1.5069605	0.4792240	-0.1750677	-1.5873186	0.0787274	-0.2635132	-1.5564631	0.0883303	-0.1733658	-1.4280734	0.0436828	-0.2311694	-1.6563212	0.0598385	-0.2019687	-1.4804515	0.0372279	-0.2855487	-1.5799811	1.5080934	0.0150487	-1.5640442	1.5107913	-0.3395974	-1.6741813	1.5087502	-0.1683050	-1.4252042	0.7322522	0.0519812	-1.4635242	0.6274410	0.0633037	-1.5493554	0.7378023	0.0704368	-1.4066455	0.7219726	-0.3476907	-1.4530946	0.6202609	-0.3591214	-1.5341362	0.7368959	-0.3766086	-1.5270668	0.3554317	0.0102343	-1.5162632	0.2340588	0.0102124	-1.5852807	0.2539166	0.0081222	-1.5384827	0.3517560	-0.3034320	-1.5262088	0.2301034	-0.3063429	-1.5994441	0.2487034	-0.3025625	-1.5167756	0.8893227	-0.0436728	-1.4977485	0.8883797	-0.2619472	-1.5902401	1.1905410	0.1591250	-1.6246787	1.1662733	0.0793153	-1.4025837	1.0124733	0.0733642	-1.4466877	0.9644249	0.1154740	-1.5331425	1.1779688	-0.4370156	-1.5680267	1.1610898	-0.3716139	-1.4283917	0.9347755	-0.3922437	-1.4758326	0.9100328	-0.4199434
178	2.9500000	-1.5822300	1.4565033	-0.1599100	-1.5784200	1.4485733	0.0175100	-1.5718000	1.1954733	0.1004100	-1.4377200	0.9811233	0.1078100	-1.5545600	1.4621333	-0.3363600	-1.5541700	1.1998233	-0.4053900	-1.4728400	0.9387433	-0.4033700	-1.4743700	0.9217833	-0.1488200	-1.4762600	0.9227533	-0.0268300	-1.5004300	0.4723533	-0.0552800	-1.5708200	0.0825433	-0.0732500	-1.4579300	0.9219233	-0.2704200	-1.5116100	0.4753133	-0.2436200	-1.5776700	0.0751033	-0.2159500	-1.3987500	0.0297233	-0.2436600	-1.4101100	0.0316833	-0.2449800	-1.6086000	0.0392233	-0.2037700	-1.4253200	0.0257733	-0.0567200	-1.4350900	0.0290033	-0.0545600	-1.5924200	0.0487333	-0.0817900	-1.4290309	1.0014124	0.0399491	-1.3984279	1.0000574	-0.3217839	-1.6392353	0.9992843	-0.0894132	-1.6266638	0.9980678	-0.2310013	-1.5104248	0.4719261	0.0185157	-1.4929733	0.4840496	-0.1113472	-1.5759230	0.0853638	-0.0306494	-1.5449077	0.0954710	-0.1176550	-1.4449440	0.0409736	-0.0676060	-1.4901268	0.0364847	-0.0164769	-1.6324726	0.0736245	-0.0892527	-1.5185479	0.4681573	-0.3110413	-1.5098793	0.4804924	-0.1750209	-1.5895365	0.0796016	-0.2633072	-1.5585785	0.0893074	-0.1730854	-1.4304280	0.0448364	-0.2309743	-1.6582768	0.0606306	-0.2016816	-1.4826985	0.0382946	-0.2853220	-1.5838856	1.5074758	0.0159337	-1.5676274	1.5112928	-0.3389356	-1.6779796	1.5086911	-0.1673678	-1.4276573	0.7330308	0.0516123	-1.4661788	0.6281753	0.0629558	-1.5519474	0.7388800	0.0703042	-1.4098380	0.7232851	-0.3481663	-1.4562808	0.6215128	-0.3595067	-1.5375873	0.7381095	-0.3770198	-1.5301463	0.3561335	0.0099168	-1.5190077	0.2347532	0.0100450	-1.5880859	0.2544217	0.0078184	-1.5413251	0.3528860	-0.3034209	-1.5287587	0.2311649	-0.3063135	-1.6021234	0.2496885	-0.3024638	-1.5193872	0.8905158	-0.0439562	-1.5010582	0.8897177	-0.2623564	-1.5927048	1.1875454	0.1550879	-1.6248182	1.1652738	0.0740343	-1.4130022	0.9957629	0.0767827	-1.4617420	0.9510300	0.1175484	-1.5355950	1.1797979	-0.4389159	-1.5712364	1.1626709	-0.3707012	-1.4302764	0.9370049	-0.3926584	-1.4797815	0.9112328	-0.4207556
179	2.9666667	-1.5815900	1.4563933	-0.1598100	-1.5772100	1.4479833	0.0173600	-1.5704800	1.1915033	0.0958900	-1.4467300	0.9691433	0.1101800	-1.5545500	1.4624933	-0.3360500	-1.5544800	1.2004733	-0.4054200	-1.4724800	0.9391133	-0.4034000	-1.4779600	0.9224533	-0.1489200	-1.4822000	0.9236533	-0.0266300	-1.5013500	0.4724133	-0.0554600	-1.5696500	0.0823033	-0.0733600	-1.4591200	0.9224033	-0.2706800	-1.5117800	0.4752633	-0.2434800	-1.5784200	0.0745933	-0.2156600	-1.3992000	0.0293233	-0.2434700	-1.4105500	0.0313133	-0.2447900	-1.6089600	0.0389733	-0.2035300	-1.4245800	0.0254033	-0.0567800	-1.4343200	0.0286133	-0.0546500	-1.5917900	0.0483633	-0.0816300	-1.4321524	1.0019578	0.0398705	-1.4021579	1.0007537	-0.3220486	-1.6426707	0.9998682	-0.0892895	-1.6303089	0.9986992	-0.2309485	-1.5134048	0.4719864	0.0183110	-1.4962142	0.4841335	-0.1117806	-1.5774734	0.0850796	-0.0305443	-1.5464853	0.0952578	-0.1176770	-1.4461135	0.0413480	-0.0674564	-1.4912371	0.0367243	-0.0162341	-1.6338939	0.0729558	-0.0892877	-1.5215414	0.4686680	-0.3108028	-1.5127207	0.4811244	-0.1745335	-1.5911542	0.0797563	-0.2627703	-1.5601257	0.0896242	-0.1724051	-1.4321904	0.0453026	-0.2303570	-1.6595912	0.0606810	-0.2010938	-1.4843609	0.0387200	-0.2847282	-1.5871223	1.5063601	0.0169226	-1.5706373	1.5114344	-0.3380304	-1.6811521	1.5084611	-0.1663094	-1.4305728	0.7334596	0.0515386	-1.4690649	0.6284441	0.0628806	-1.5551127	0.7393035	0.0704276	-1.4131850	0.7240872	-0.3483005	-1.4595004	0.6221774	-0.3595449	-1.5413202	0.7386236	-0.3771546	-1.5328658	0.3561771	0.0098491	-1.5212055	0.2348033	0.0101488	-1.5903198	0.2541752	0.0077786	-1.5439086	0.3533303	-0.3030522	-1.5309043	0.2315810	-0.3059268	-1.6044244	0.2499026	-0.3020554	-1.5228678	0.8911549	-0.0439548	-1.5049043	0.8904520	-0.2624738	-1.5940425	1.1842609	0.1519526	-1.6238184	1.1634503	0.0696642	-1.4221782	0.9809111	0.0804247	-1.4746420	0.9392485	0.1197883	-1.5376966	1.1808507	-0.4404841	-1.5739243	1.1635410	-0.3698669	-1.4315188	0.9387691	-0.3927220	-1.4829201	0.9120337	-0.4210230
180	2.9833333	-1.5804300	1.4563333	-0.1597400	-1.5756200	1.4476133	0.0173100	-1.5702800	1.1881033	0.0919700	-1.4559400	0.9577833	0.1123600	-1.5538200	1.4628433	-0.3358900	-1.5555500	1.2012433	-0.4051600	-1.4719600	0.9398033	-0.4035300	-1.4827900	0.9219633	-0.1487000	-1.4900500	0.9233733	-0.0258100	-1.5016400	0.4723633	-0.0554400	-1.5687200	0.0819133	-0.0732300	-1.4608300	0.9219433	-0.2708800	-1.5122700	0.4752733	-0.2435500	-1.5788900	0.0745433	-0.2157000	-1.3989400	0.0296333	-0.2434500	-1.4103000	0.0316233	-0.2447800	-1.6094600	0.0388933	-0.2036400	-1.4245800	0.0251133	-0.0567000	-1.4342100	0.0283133	-0.0545800	-1.5906300	0.0481633	-0.0815200	-1.4368017	1.0013627	0.0401714	-1.4066805	1.0002252	-0.3218956	-1.6474052	0.9994970	-0.0891552	-1.6349695	0.9983448	-0.2308648	-1.5166869	0.4709604	0.0183029	-1.4996502	0.4831705	-0.1119373	-1.5788304	0.0837374	-0.0302832	-1.5478528	0.0940458	-0.1174695	-1.4470247	0.0408557	-0.0670569	-1.4921346	0.0360534	-0.0157871	-1.6350301	0.0711395	-0.0891825	-1.5248150	0.4680005	-0.3102910	-1.5159527	0.4806102	-0.1737517	-1.5927347	0.0788005	-0.2620151	-1.5617186	0.0888739	-0.1714474	-1.4338972	0.0448026	-0.2294290	-1.6608867	0.0595606	-0.2003430	-1.4859737	0.0382068	-0.2838757	-1.5901989	1.5042885	0.0179048	-1.5734367	1.5107088	-0.3369762	-1.6841102	1.5076041	-0.1652894	-1.4345885	0.7330634	0.0517652	-1.4727589	0.6277740	0.0630497	-1.5594493	0.7385259	0.0707058	-1.4171988	0.7239047	-0.3480890	-1.4632218	0.6217709	-0.3592706	-1.5457675	0.7378957	-0.3770446	-1.5357340	0.3551041	0.0099466	-1.5234689	0.2337701	0.0104091	-1.5925417	0.2528069	0.0078746	-1.5466813	0.3526023	-0.3024299	-1.5331485	0.2308951	-0.3052553	-1.6068204	0.2489116	-0.3014642	-1.5278404	0.8906823	-0.0436965	-1.5098003	0.8900216	-0.2623102	-1.5953771	1.1801617	0.1496386	-1.6229189	1.1604358	0.0661144	-1.4309899	0.9673337	0.0842268	-1.4864443	0.9283870	0.1221201	-1.5401502	1.1807056	-0.4418050	-1.5768585	1.1632854	-0.3691485	-1.4327015	0.9396738	-0.3925562	-1.4858026	0.9120075	-0.4209141
181	3.0000000	-1.5791700	1.4561133	-0.1594500	-1.5744100	1.4469833	0.0177000	-1.5706900	1.1847433	0.0888100	-1.4651600	0.9478133	0.1145500	-1.5524900	1.4629933	-0.3356900	-1.5559800	1.2017033	-0.4046400	-1.4712300	0.9406833	-0.4036100	-1.4882900	0.9210833	-0.1483200	-1.4984000	0.9226433	-0.0246300	-1.5015200	0.4720833	-0.0553600	-1.5686700	0.0812733	-0.0729200	-1.4633200	0.9209833	-0.2711300	-1.5130000	0.4752733	-0.2436800	-1.5788300	0.0749233	-0.2158600	-1.3984200	0.0303033	-0.2436100	-1.4097900	0.0322433	-0.2449400	-1.6094600	0.0393533	-0.2038400	-1.4256100	0.0247233	-0.0565400	-1.4351000	0.0279433	-0.0544200	-1.5897300	0.0480133	-0.0814100	-1.4424232	1.0003913	0.0407164	-1.4114511	0.9992665	-0.3215117	-1.6528865	0.9989349	-0.0891536	-1.6400977	0.9977819	-0.2309136	-1.5197179	0.4696948	0.0183251	-1.5026950	0.4819927	-0.1119392	-1.5798154	0.0822440	-0.0300748	-1.5488239	0.0927212	-0.1172158	-1.4476054	0.0402459	-0.0666030	-1.4927502	0.0353293	-0.0153676	-1.6357027	0.0691844	-0.0891172	-1.5277790	0.4669637	-0.3097218	-1.5190206	0.4797517	-0.1729673	-1.5938237	0.0776369	-0.2612993	-1.5629360	0.0879434	-0.1705254	-1.4350590	0.0441924	-0.2284864	-1.6617562	0.0582088	-0.1997133	-1.4870511	0.0376372	-0.2830176	-1.5926799	1.5020529	0.0187633	-1.5754742	1.5098857	-0.3359552	-1.6863737	1.5068903	-0.1644881	-1.4391908	0.7326456	0.0521380	-1.4767388	0.6269876	0.0632957	-1.5643951	0.7373402	0.0709512	-1.4213410	0.7235416	-0.3477077	-1.4668803	0.6210996	-0.3588607	-1.5503100	0.7367178	-0.3768224	-1.5382890	0.3537634	0.0100244	-1.5254631	0.2325013	0.0106169	-1.5943936	0.2512232	0.0079160	-1.5490826	0.3515288	-0.3017740	-1.5349806	0.2299521	-0.3045189	-1.6087694	0.2475847	-0.3009151	-1.5337235	0.8898551	-0.0433250	-1.5151714	0.8892018	-0.2620397	-1.5966565	1.1760150	0.1479233	-1.6220973	1.1571085	0.0631720	-1.4391812	0.9556192	0.0880294	-1.4970683	0.9189643	0.1243684	-1.5424207	1.1801863	-0.4430139	-1.5795960	1.1627132	-0.3686534	-1.4333899	0.9404707	-0.3923165	-1.4880020	0.9119059	-0.4206509
182	3.0166667	-1.5788700	1.4557233	-0.1589000	-1.5740700	1.4460633	0.0184300	-1.5718100	1.1813933	0.0865800	-1.4731300	0.9392833	0.1164800	-1.5521500	1.4631033	-0.3353100	-1.5555500	1.2020333	-0.4041300	-1.4705700	0.9412833	-0.4035400	-1.4924800	0.9204633	-0.1480800	-1.5041800	0.9222033	-0.0237500	-1.5012000	0.4717333	-0.0553900	-1.5692200	0.0805733	-0.0727100	-1.4658000	0.9202633	-0.2714300	-1.5134300	0.4752233	-0.2438200	-1.5784800	0.0753233	-0.2159600	-1.3980100	0.0307233	-0.2438400	-1.4094100	0.0326433	-0.2451700	-1.6088500	0.0399633	-0.2039300	-1.4265000	0.0245033	-0.0565400	-1.4359300	0.0277333	-0.0544000	-1.5896500	0.0477333	-0.0813400	-1.4469445	0.9996988	0.0411827	-1.4147061	0.9985688	-0.3212594	-1.6571378	0.9987457	-0.0894295	-1.6438389	0.9975875	-0.2312570	-1.5208852	0.4688532	0.0181522	-1.5037699	0.4812361	-0.1120008	-1.5792844	0.0812462	-0.0301200	-1.5482752	0.0918899	-0.1171308	-1.4467165	0.0399392	-0.0663710	-1.4919512	0.0350561	-0.0152383	-1.6348733	0.0678501	-0.0892334	-1.5288270	0.4661732	-0.3094000	-1.5202638	0.4791489	-0.1725570	-1.5931104	0.0769378	-0.2609556	-1.5624283	0.0874754	-0.1700351	-1.4343417	0.0439739	-0.2279312	-1.6609063	0.0573948	-0.1995221	-1.4862794	0.0375546	-0.2825074	-1.5931028	1.5002481	0.0193492	-1.5754181	1.5095604	-0.3351575	-1.6865323	1.5067923	-0.1639931	-1.4424804	0.7327374	0.0523585	-1.4792144	0.6266757	0.0633468	-1.5679836	0.7364312	0.0709196	-1.4238866	0.7235549	-0.3474882	-1.4688079	0.6207477	-0.3586198	-1.5531700	0.7357605	-0.3767141	-1.5390299	0.3528162	0.0098603	-1.5258057	0.2316269	0.0105264	-1.5945304	0.2501236	0.0077205	-1.5495870	0.3507384	-0.3014001	-1.5349707	0.2293673	-0.3040591	-1.6088163	0.2466018	-0.3006928	-1.5384193	0.8892967	-0.0431016	-1.5191068	0.8886385	-0.2619469	-1.5966653	1.1723829	0.1464364	-1.6200980	1.1541066	0.0605366	-1.4452980	0.9461503	0.0915392	-1.5051705	0.9112841	0.1262169	-1.5430906	1.1798927	-0.4442165	-1.5807619	1.1624038	-0.3684696	-1.4323655	0.9415497	-0.3921700	-1.4883649	0.9121612	-0.4204219
183	3.0333333	-1.5793100	1.4554733	-0.1582600	-1.5739000	1.4452933	0.0191200	-1.5733800	1.1784833	0.0851800	-1.4791000	0.9323133	0.1177400	-1.5531500	1.4634033	-0.3347500	-1.5545200	1.2022833	-0.4037900	-1.4699400	0.9416533	-0.4033600	-1.4939500	0.9204833	-0.1479700	-1.5057200	0.9222533	-0.0233600	-1.5011100	0.4714733	-0.0555600	-1.5698800	0.0799933	-0.0726900	-1.4671100	0.9202533	-0.2716000	-1.5134100	0.4751833	-0.2438900	-1.5778700	0.0754033	-0.2160200	-1.3973500	0.0310033	-0.2441300	-1.4087800	0.0329133	-0.2454400	-1.6077000	0.0403733	-0.2040500	-1.4259500	0.0246733	-0.0567500	-1.4354400	0.0278733	-0.0545900	-1.5900800	0.0473433	-0.0813300	-1.4488231	0.9996773	0.0415212	-1.4153220	0.9985420	-0.3211859	-1.6587160	0.9991832	-0.0897790	-1.6449144	0.9980195	-0.2316934	-1.5194210	0.4687485	0.0178729	-1.5021812	0.4811880	-0.1120597	-1.5767815	0.0810053	-0.0302878	-1.5457802	0.0917752	-0.1171193	-1.4438240	0.0400779	-0.0663109	-1.4892085	0.0353646	-0.0153096	-1.6322185	0.0674371	-0.0893648	-1.5271817	0.4659545	-0.3093180	-1.5188061	0.4790989	-0.1725330	-1.5901133	0.0769948	-0.2609795	-1.5596342	0.0877219	-0.1700020	-1.4312540	0.0443019	-0.2278054	-1.6578433	0.0574613	-0.1997177	-1.4831854	0.0381163	-0.2823714	-1.5907586	1.4992012	0.0197801	-1.5728443	1.5100074	-0.3344631	-1.6839928	1.5074276	-0.1635448	-1.4431641	0.7334836	0.0524392	-1.4790864	0.6270583	0.0632504	-1.5688637	0.7362092	0.0707059	-1.4237870	0.7241679	-0.3474620	-1.4680797	0.6209873	-0.3585567	-1.5532846	0.7354346	-0.3766570	-1.5372674	0.3525828	0.0095592	-1.5238588	0.2314335	0.0102351	-1.5923813	0.2498262	0.0074315	-1.5475057	0.3505495	-0.3013159	-1.5325172	0.2294124	-0.3039191	-1.6063584	0.2463145	-0.3007559	-1.5403597	0.8893647	-0.0429808	-1.5202907	0.8887003	-0.2619849	-1.5947703	1.1695500	0.1450846	-1.6162640	1.1517922	0.0581873	-1.4485626	0.9390372	0.0946786	-1.5100319	0.9054182	0.1275877	-1.5415997	1.1800972	-0.4452418	-1.5797675	1.1626237	-0.3683920	-1.4292223	0.9429676	-0.3920354	-1.4865492	0.9128805	-0.4201197
184	3.0500000	-1.5796400	1.4555033	-0.1577200	-1.5736900	1.4450133	0.0196000	-1.5744700	1.1768033	0.0842700	-1.4837200	0.9269933	0.1183300	-1.5540200	1.4637633	-0.3342000	-1.5524600	1.2027233	-0.4035900	-1.4690500	0.9417533	-0.4031200	-1.4930100	0.9207533	-0.1477400	-1.5038100	0.9225833	-0.0231000	-1.5016800	0.4714033	-0.0558000	-1.5703200	0.0796633	-0.0727100	-1.4671000	0.9205233	-0.2714600	-1.5135200	0.4752133	-0.2438700	-1.5774600	0.0752033	-0.2161100	-1.3964100	0.0313033	-0.2443500	-1.4079000	0.0332133	-0.2456500	-1.6069200	0.0403433	-0.2043000	-1.4243000	0.0251233	-0.0569400	-1.4339100	0.0282633	-0.0547700	-1.5905100	0.0470333	-0.0812800	-1.4482731	0.9999568	0.0419533	-1.4137935	0.9988064	-0.3210878	-1.6578913	0.9997648	-0.0898277	-1.6437047	0.9985899	-0.2318582	-1.5162428	0.4688972	0.0177749	-1.4989194	0.4813548	-0.1118929	-1.5732854	0.0810413	-0.0302657	-1.5423374	0.0918811	-0.1169194	-1.4398608	0.0402181	-0.0661567	-1.4854375	0.0357364	-0.0152734	-1.6287832	0.0674364	-0.0892183	-1.5237682	0.4659024	-0.3092464	-1.5155009	0.4791706	-0.1726247	-1.5859396	0.0773245	-0.2611173	-1.5555989	0.0881696	-0.1701611	-1.4269128	0.0446826	-0.2278475	-1.6536607	0.0579015	-0.2000066	-1.4788890	0.0387704	-0.2823640	-1.5865824	1.4985424	0.0203271	-1.5687850	1.5107218	-0.3336252	-1.6797319	1.5081962	-0.1628119	-1.4416555	0.7342800	0.0526382	-1.4769521	0.6275840	0.0632896	-1.5674381	0.7362976	0.0706531	-1.4216527	0.7248432	-0.3474123	-1.4654417	0.6213411	-0.3584570	-1.5512707	0.7353873	-0.3764220	-1.5339474	0.3526076	0.0094274	-1.5205463	0.2314626	0.0100612	-1.5889265	0.2498603	0.0073693	-1.5438267	0.3505440	-0.3012969	-1.5286543	0.2296159	-0.3038973	-1.6024450	0.2463145	-0.3008429	-1.5397517	0.8896594	-0.0426840	-1.5190980	0.8889819	-0.2618865	-1.5916964	1.1671859	0.1439826	-1.6113542	1.1498938	0.0562739	-1.4497682	0.9336597	0.0975685	-1.5125294	0.9008235	0.1286511	-1.5386872	1.1803840	-0.4458570	-1.5773313	1.1629616	-0.3681663	-1.4248730	0.9441540	-0.3917205	-1.4834708	0.9135379	-0.4195434
185	3.0666667	-1.5798000	1.4556233	-0.1573300	-1.5740200	1.4450833	0.0200500	-1.5747700	1.1763233	0.0836600	-1.4879800	0.9232233	0.1184800	-1.5540200	1.4639233	-0.3338500	-1.5498600	1.2033833	-0.4034800	-1.4680800	0.9418133	-0.4028300	-1.4915000	0.9204433	-0.1473700	-1.5013600	0.9221633	-0.0227500	-1.5026100	0.4713533	-0.0560200	-1.5704300	0.0796633	-0.0726600	-1.4665100	0.9202833	-0.2711000	-1.5142000	0.4751533	-0.2437600	-1.5778500	0.0748733	-0.2162400	-1.3960300	0.0314933	-0.2444100	-1.4075500	0.0334133	-0.2457100	-1.6074000	0.0399433	-0.2046100	-1.4228000	0.0257433	-0.0568600	-1.4325100	0.0288433	-0.0547000	-1.5910900	0.0468933	-0.0812200	-1.4471451	0.9996976	0.0425165	-1.4119440	0.9985290	-0.3209269	-1.6564716	0.9996528	-0.0895773	-1.6420056	0.9984651	-0.2317542	-1.5133555	0.4684420	0.0178894	-1.4960059	0.4808932	-0.1115422	-1.5706894	0.0805880	-0.0300375	-1.5398296	0.0914516	-0.1165536	-1.4367472	0.0397617	-0.0658630	-1.4825359	0.0354967	-0.0150673	-1.6264246	0.0670133	-0.0888485	-1.5206716	0.4652553	-0.3091768	-1.5124446	0.4785931	-0.1727500	-1.5827108	0.0771145	-0.2612732	-1.5524519	0.0880014	-0.1703732	-1.4234885	0.0444163	-0.2279386	-1.6504846	0.0578324	-0.2002757	-1.4755345	0.0387386	-0.2823920	-1.5827226	1.4974914	0.0209984	-1.5652138	1.5108097	-0.3326950	-1.6758201	1.5082000	-0.1618637	-1.4398130	0.7342506	0.0529981	-1.4747217	0.6273821	0.0635157	-1.5656071	0.7358592	0.0708333	-1.4193931	0.7247223	-0.3472949	-1.4628670	0.6209916	-0.3583083	-1.5490400	0.7348318	-0.3760650	-1.5310652	0.3520648	0.0095068	-1.5178167	0.2309174	0.0100696	-1.5861258	0.2494076	0.0075541	-1.5406480	0.3499491	-0.3013071	-1.5254817	0.2291777	-0.3039314	-1.5991951	0.2458306	-0.3009107	-1.5384435	0.8893510	-0.0422000	-1.5173589	0.8886577	-0.2616417	-1.5891752	1.1646245	0.1430859	-1.6071703	1.1477690	0.0547197	-1.4507872	0.9290297	0.1001604	-1.5146199	0.8966571	0.1294352	-1.5360473	1.1800246	-0.4461587	-1.5751429	1.1626970	-0.3678570	-1.4211286	0.9443927	-0.3912899	-1.4808890	0.9134082	-0.4187715
186	3.0833333	-1.5801700	1.4557033	-0.1569500	-1.5747900	1.4451533	0.0206200	-1.5748400	1.1762333	0.0833900	-1.4920700	0.9204533	0.1183100	-1.5539100	1.4640733	-0.3336200	-1.5484800	1.2039133	-0.4033700	-1.4674900	0.9421833	-0.4025200	-1.4911500	0.9193033	-0.1471000	-1.5009400	0.9207833	-0.0225100	-1.5031900	0.4710533	-0.0561000	-1.5707100	0.0797133	-0.0726600	-1.4662200	0.9194133	-0.2708200	-1.5150900	0.4748833	-0.2435900	-1.5789000	0.0746333	-0.2164400	-1.3966500	0.0313933	-0.2443100	-1.4081600	0.0332733	-0.2456300	-1.6087900	0.0395633	-0.2048900	-1.4219900	0.0263233	-0.0565600	-1.4318100	0.0293733	-0.0544400	-1.5924700	0.0466233	-0.0814200	-1.4472146	0.9986082	0.0430041	-1.4113504	0.9974493	-0.3208758	-1.6561734	0.9986642	-0.0893736	-1.6414511	0.9974757	-0.2317144	-1.5121779	0.4671787	0.0179749	-1.4948217	0.4796220	-0.1113003	-1.5702552	0.0795067	-0.0298899	-1.5394837	0.0903711	-0.1163278	-1.4357429	0.0387350	-0.0656415	-1.4817659	0.0346434	-0.0149038	-1.6263249	0.0659649	-0.0886243	-1.5193882	0.4638871	-0.3093031	-1.5112149	0.4772547	-0.1730438	-1.5818170	0.0762007	-0.2615482	-1.5516495	0.0870791	-0.1706953	-1.4224264	0.0434531	-0.2281730	-1.6497183	0.0570421	-0.2006343	-1.4745241	0.0379403	-0.2825681	-1.5808181	1.4958237	0.0215727	-1.5635729	1.5100458	-0.3319639	-1.6738345	1.5072678	-0.1610495	-1.4392748	0.7332605	0.0533068	-1.4739513	0.6262824	0.0637140	-1.5650833	0.7346249	0.0710069	-1.4185660	0.7236700	-0.3472823	-1.4618680	0.6198039	-0.3583072	-1.5481619	0.7335474	-0.3758809	-1.5300156	0.3507580	0.0095530	-1.5170256	0.2296260	0.0100372	-1.5853094	0.2482807	0.0077037	-1.5394272	0.3486215	-0.3014979	-1.5244178	0.2279529	-0.3041255	-1.5980439	0.2447065	-0.3011323	-1.5382468	0.8881957	-0.0418063	-1.5167646	0.8875034	-0.2615094	-1.5884421	1.1616958	0.1422276	-1.6050333	1.1452479	0.0532770	-1.4529163	0.9247426	0.1022072	-1.5176452	0.8926337	0.1297741	-1.5350831	1.1788928	-0.4464579	-1.5745917	1.1617072	-0.3677120	-1.4193233	0.9437096	-0.3909919	-1.4800934	0.9124484	-0.4180683
187	3.1000000	-1.5806600	1.4557633	-0.1564300	-1.5753800	1.4450733	0.0213600	-1.5754000	1.1759333	0.0834800	-1.4954600	0.9183133	0.1178300	-1.5542200	1.4642733	-0.3333200	-1.5490900	1.2038833	-0.4032000	-1.4673000	0.9426833	-0.4022400	-1.4920700	0.9177933	-0.1470200	-1.5022700	0.9189333	-0.0224300	-1.5031800	0.4703833	-0.0559800	-1.5713800	0.0794933	-0.0728200	-1.4667300	0.9181933	-0.2707100	-1.5154600	0.4746633	-0.2434100	-1.5796700	0.0743933	-0.2166600	-1.3974200	0.0311633	-0.2441200	-1.4089100	0.0330233	-0.2454700	-1.6098200	0.0390033	-0.2051000	-1.4217600	0.0264933	-0.0563300	-1.4317200	0.0295033	-0.0542600	-1.5943100	0.0460933	-0.0818900	-1.4485725	0.9971108	0.0433426	-1.4119936	0.9960176	-0.3209875	-1.6571173	0.9973298	-0.0893714	-1.6421146	0.9961650	-0.2318851	-1.5123992	0.4656257	0.0179263	-1.4950324	0.4780767	-0.1112843	-1.5715117	0.0782716	-0.0299618	-1.5408122	0.0891341	-0.1163804	-1.4363728	0.0376594	-0.0655867	-1.4826522	0.0337201	-0.0148824	-1.6279504	0.0647459	-0.0887145	-1.5196094	0.4623295	-0.3096308	-1.5115743	0.4757160	-0.1734905	-1.5827145	0.0750687	-0.2619199	-1.5527044	0.0859279	-0.1710865	-1.4232039	0.0423417	-0.2285245	-1.6508133	0.0559998	-0.2010792	-1.4753088	0.0369378	-0.2828702	-1.5806667	1.4939872	0.0220028	-1.5636012	1.5089542	-0.3315129	-1.6735954	1.5059890	-0.1604833	-1.4400166	0.7318979	0.0534797	-1.4745060	0.6248391	0.0637933	-1.5658956	0.7330381	0.0710648	-1.4190601	0.7222859	-0.3474116	-1.4622394	0.6183429	-0.3584852	-1.5485584	0.7319847	-0.3759575	-1.5304546	0.3491857	0.0094523	-1.5177925	0.2280832	0.0098575	-1.5860664	0.2469590	0.0076823	-1.5397811	0.3470793	-0.3018493	-1.5250043	0.2264702	-0.3044353	-1.5985475	0.2434173	-0.3015163	-1.5393376	0.8866592	-0.0416135	-1.5174250	0.8860027	-0.2615891	-1.5891605	1.1588140	0.1414139	-1.6046540	1.1427354	0.0518885	-1.4557815	0.9211027	0.1036120	-1.5212297	0.8890926	0.1296283	-1.5357228	1.1774790	-0.4468526	-1.5755950	1.1604724	-0.3677720	-1.4191995	0.9427269	-0.3908685	-1.4808119	0.9112163	-0.4174988
188	3.1166667	-1.5810200	1.4557533	-0.1558000	-1.5755500	1.4448933	0.0222000	-1.5769400	1.1754833	0.0838300	-1.4980700	0.9168633	0.1170600	-1.5547000	1.4644433	-0.3329100	-1.5506200	1.2034033	-0.4030000	-1.4672300	0.9432233	-0.4020300	-1.4932800	0.9164333	-0.1469900	-1.5034300	0.9173233	-0.0223700	-1.5028700	0.4696733	-0.0557600	-1.5719000	0.0790533	-0.0730200	-1.4680100	0.9171433	-0.2707100	-1.5148900	0.4746833	-0.2431800	-1.5798400	0.0742033	-0.2167300	-1.3974200	0.0311733	-0.2439700	-1.4089400	0.0330233	-0.2453400	-1.6102200	0.0385833	-0.2051900	-1.4220500	0.0261033	-0.0564500	-1.4320900	0.0291033	-0.0544000	-1.5955000	0.0454633	-0.0823000	-1.4501532	0.9957137	0.0436568	-1.4128868	0.9947536	-0.3211427	-1.6583404	0.9962001	-0.0894124	-1.6430645	0.9950898	-0.2321089	-1.5128082	0.4643188	0.0178619	-1.4954634	0.4767960	-0.1113613	-1.5730852	0.0773384	-0.0301370	-1.5424714	0.0882032	-0.1165885	-1.4373362	0.0369323	-0.0656243	-1.4838552	0.0331564	-0.0149248	-1.6298919	0.0638310	-0.0889634	-1.5200594	0.4611025	-0.3099526	-1.5122502	0.4745143	-0.1738889	-1.5839400	0.0742121	-0.2622171	-1.5541561	0.0850603	-0.1713849	-1.4243466	0.0415771	-0.2288199	-1.6522852	0.0552124	-0.2014509	-1.4764200	0.0362579	-0.2831215	-1.5810198	1.4924789	0.0224381	-1.5641064	1.5081005	-0.3311647	-1.6739153	1.5049639	-0.1599963	-1.4409567	0.7307273	0.0536232	-1.4752469	0.6236052	0.0638625	-1.5669551	0.7316096	0.0711408	-1.4197953	0.7211662	-0.3475383	-1.4628252	0.6171694	-0.3586717	-1.5491813	0.7306390	-0.3761156	-1.5311279	0.3478667	0.0093158	-1.5188185	0.2267943	0.0096316	-1.5870778	0.2459272	0.0076122	-1.5403836	0.3458406	-0.3021523	-1.5258602	0.2252599	-0.3046624	-1.5993238	0.2424443	-0.3018727	-1.5407345	0.8852617	-0.0414708	-1.5184073	0.8846841	-0.2617325	-1.5902654	1.1564119	0.1407823	-1.6049300	1.1406619	0.0506853	-1.4582886	0.9184852	0.1045086	-1.5242680	0.8863973	0.1291420	-1.5369471	1.1762745	-0.4472166	-1.5771418	1.1594592	-0.3678843	-1.4196041	0.9419688	-0.3907482	-1.4818894	0.9102221	-0.4169241
189	3.1333333	-1.5813500	1.4557533	-0.1552000	-1.5753900	1.4447833	0.0230000	-1.5788800	1.1753233	0.0843100	-1.5007200	0.9161733	0.1159900	-1.5554300	1.4645333	-0.3325500	-1.5516000	1.2031333	-0.4027500	-1.4675300	0.9436933	-0.4019200	-1.4945100	0.9155733	-0.1470700	-1.5040200	0.9163433	-0.0223900	-1.5026300	0.4689533	-0.0555800	-1.5721400	0.0785533	-0.0732600	-1.4698400	0.9164733	-0.2708800	-1.5137700	0.4746233	-0.2428100	-1.5802100	0.0738033	-0.2166000	-1.3971900	0.0311333	-0.2441400	-1.4088000	0.0330033	-0.2454900	-1.6105100	0.0380333	-0.2051000	-1.4224700	0.0255433	-0.0568600	-1.4325300	0.0285233	-0.0547800	-1.5961500	0.0447533	-0.0825900	-1.4516057	0.9947634	0.0438563	-1.4138145	0.9939873	-0.3214226	-1.6595832	0.9956348	-0.0895160	-1.6440955	0.9946030	-0.2324009	-1.5130669	0.4635802	0.0177113	-1.4958085	0.4760964	-0.1115816	-1.5744929	0.0769271	-0.0304521	-1.5440030	0.0877998	-0.1169794	-1.4381953	0.0367272	-0.0658436	-1.4849125	0.0331265	-0.0151165	-1.6316568	0.0634395	-0.0893584	-1.5203619	0.4604953	-0.3102775	-1.5128202	0.4739395	-0.1742675	-1.5850392	0.0738833	-0.2624793	-1.5555156	0.0847323	-0.1716477	-1.4253773	0.0413731	-0.2291279	-1.6536525	0.0549393	-0.2017809	-1.4774043	0.0361470	-0.2833779	-1.5814030	1.4916103	0.0228304	-1.5647498	1.5078500	-0.3309427	-1.6743988	1.5045757	-0.1595898	-1.4417834	0.7300890	0.0536408	-1.4758458	0.6229160	0.0638310	-1.5679192	0.7306912	0.0711682	-1.4205093	0.7206560	-0.3477359	-1.4633278	0.6166060	-0.3589098	-1.5497916	0.7298357	-0.3763619	-1.5316527	0.3471060	0.0090786	-1.5196798	0.2260456	0.0092904	-1.5879160	0.2454432	0.0074478	-1.5408384	0.3451906	-0.3024218	-1.5265713	0.2246109	-0.3048392	-1.5999585	0.2420438	-0.3022144	-1.5421345	0.8843636	-0.0414278	-1.5194908	0.8838980	-0.2619824	-1.5914601	1.1547559	0.1402360	-1.6055192	1.1393018	0.0496024	-1.4602924	0.9170216	0.1048703	-1.5266579	0.8847222	0.1282903	-1.5383422	1.1755911	-0.4476055	-1.5788437	1.1589709	-0.3681065	-1.4202030	0.9416838	-0.3906753	-1.4830099	0.9097497	-0.4164195
190	3.1500000	-1.5819000	1.4557433	-0.1547500	-1.5749200	1.4447333	0.0236400	-1.5799100	1.1757933	0.0848400	-1.5040600	0.9158933	0.1146500	-1.5568800	1.4645633	-0.3323800	-1.5514300	1.2032733	-0.4023100	-1.4686700	0.9441833	-0.4019500	-1.4962800	0.9149933	-0.1474100	-1.5050200	0.9157833	-0.0226600	-1.5028200	0.4682033	-0.0554700	-1.5730400	0.0780733	-0.0736200	-1.4723600	0.9157933	-0.2713400	-1.5128900	0.4741333	-0.2424100	-1.5813600	0.0727133	-0.2165500	-1.3982900	0.0304733	-0.2446800	-1.4099000	0.0323433	-0.2459900	-1.6109300	0.0369033	-0.2049700	-1.4227200	0.0254333	-0.0572000	-1.4329100	0.0283833	-0.0551200	-1.5975100	0.0439333	-0.0829800	-1.4534087	0.9940609	0.0437681	-1.4153495	0.9934713	-0.3219975	-1.6613661	0.9954190	-0.0897867	-1.6457655	0.9944690	-0.2328642	-1.5136720	0.4631582	0.0173481	-1.4965698	0.4757214	-0.1120526	-1.5761800	0.0767306	-0.0309812	-1.5458526	0.0876165	-0.1176177	-1.4393389	0.0367414	-0.0663288	-1.4862285	0.0333163	-0.0155366	-1.6337176	0.0632408	-0.0899583	-1.5210155	0.4602103	-0.3107183	-1.5137290	0.4736907	-0.1747496	-1.5864990	0.0737552	-0.2628229	-1.5572320	0.0846145	-0.1719949	-1.4268121	0.0413568	-0.2296137	-1.6553658	0.0548608	-0.2021600	-1.4787893	0.0362552	-0.2837844	-1.5821293	1.4911188	0.0230693	-1.5660061	1.5079778	-0.3309494	-1.6754252	1.5046055	-0.1593108	-1.4429997	0.7297477	0.0533768	-1.4768024	0.6225308	0.0635508	-1.5692739	0.7300685	0.0710015	-1.4217350	0.7204940	-0.3481649	-1.4642781	0.6163779	-0.3593371	-1.5509651	0.7293236	-0.3768100	-1.5325088	0.3466440	0.0086312	-1.5208412	0.2255688	0.0087334	-1.5890508	0.2452170	0.0070930	-1.5416388	0.3448285	-0.3027767	-1.5276289	0.2242194	-0.3050964	-1.6009536	0.2418956	-0.3026460	-1.5440274	0.8837612	-0.0416235	-1.5212227	0.8834110	-0.2624754	-1.5929820	1.1535809	0.1396225	-1.6066763	1.1384047	0.0485143	-1.4623886	0.9162117	0.1046193	-1.5290849	0.8837003	0.1270217	-1.5401489	1.1751931	-0.4481293	-1.5809419	1.1587891	-0.3685373	-1.4214196	0.9415748	-0.3908015	-1.4846280	0.9095387	-0.4161319
191	3.1666667	-1.5823400	1.4556733	-0.1544400	-1.5741200	1.4446933	0.0241400	-1.5800200	1.1766933	0.0854000	-1.5075600	0.9156933	0.1132500	-1.5584400	1.4644933	-0.3323500	-1.5504900	1.2035733	-0.4017300	-1.4702900	0.9445333	-0.4019900	-1.4984500	0.9142233	-0.1478600	-1.5063600	0.9151633	-0.0230800	-1.5035800	0.4675033	-0.0553400	-1.5750000	0.0777133	-0.0739800	-1.4753300	0.9148333	-0.2718800	-1.5124800	0.4735133	-0.2421000	-1.5824200	0.0711833	-0.2167800	-1.4008300	0.0293533	-0.2452200	-1.4122900	0.0311733	-0.2465000	-1.6110300	0.0353433	-0.2049300	-1.4232000	0.0258833	-0.0573000	-1.4335700	0.0287533	-0.0552500	-1.5999200	0.0431733	-0.0834100	-1.4554172	0.9931736	0.0435244	-1.4173816	0.9927279	-0.3227447	-1.6635299	0.9950855	-0.0900373	-1.6479291	0.9942019	-0.2333144	-1.5145326	0.4625841	0.0169359	-1.4976479	0.4751950	-0.1125748	-1.5781271	0.0763139	-0.0315148	-1.5479954	0.0872167	-0.1182663	-1.4406936	0.0365454	-0.0668458	-1.4877551	0.0332882	-0.0159631	-1.6360876	0.0627960	-0.0905448	-1.5218854	0.4597342	-0.3111404	-1.5148023	0.4732558	-0.1752019	-1.5881639	0.0733432	-0.2631135	-1.5591232	0.0842202	-0.1722876	-1.4285662	0.0410148	-0.2301561	-1.6572267	0.0545085	-0.2024371	-1.4804868	0.0360687	-0.2842050	-1.5828940	1.4905233	0.0233045	-1.5676472	1.5079969	-0.3310068	-1.6766996	1.5045652	-0.1589443	-1.4444883	0.7292256	0.0529880	-1.4780121	0.6219771	0.0631763	-1.5708905	0.7292850	0.0707829	-1.4233412	0.7201884	-0.3486897	-1.4655552	0.6159853	-0.3598170	-1.5525991	0.7286041	-0.3773045	-1.5336272	0.3460241	0.0081498	-1.5222594	0.2249188	0.0081475	-1.5904333	0.2448004	0.0067291	-1.5426458	0.3442517	-0.3030913	-1.5288896	0.2235944	-0.3053150	-1.6021683	0.2414970	-0.3030273	-1.5462565	0.8829918	-0.0418927	-1.5234672	0.8827318	-0.2630521	-1.5944765	1.1524228	0.1390784	-1.6080523	1.1375160	0.0475533	-1.4645071	0.9154084	0.1039859	-1.5315358	0.8827913	0.1255767	-1.5420389	1.1746214	-0.4486172	-1.5830950	1.1584608	-0.3689851	-1.4230243	0.9411551	-0.3909814	-1.4865334	0.9091116	-0.4159023
192	3.1833333	-1.5822100	1.4554533	-0.1541300	-1.5733100	1.4445133	0.0246400	-1.5809800	1.1773733	0.0860600	-1.5100100	0.9153933	0.1118700	-1.5588900	1.4642533	-0.3322900	-1.5498300	1.2035233	-0.4011700	-1.4715300	0.9445033	-0.4017900	-1.4999200	0.9135933	-0.1481200	-1.5067600	0.9147833	-0.0234200	-1.5045200	0.4674433	-0.0551500	-1.5770200	0.0775233	-0.0741100	-1.4778600	0.9139933	-0.2721200	-1.5121800	0.4732633	-0.2419200	-1.5825500	0.0701333	-0.2170600	-1.4028100	0.0282233	-0.2453300	-1.4141000	0.0300233	-0.2466200	-1.6109100	0.0341033	-0.2049200	-1.4238300	0.0263533	-0.0573400	-1.4343500	0.0291833	-0.0552900	-1.6023800	0.0426133	-0.0835600	-1.4565455	0.9924714	0.0434114	-1.4188207	0.9920828	-0.3233762	-1.6649629	0.9949305	-0.0899803	-1.6494743	0.9940792	-0.2334622	-1.5147293	0.4621859	0.0167523	-1.4981136	0.4748194	-0.1128447	-1.5794961	0.0760267	-0.0317411	-1.5495882	0.0869310	-0.1185930	-1.4414192	0.0364457	-0.0670955	-1.4886563	0.0333341	-0.0161113	-1.6379409	0.0624565	-0.0907819	-1.5219760	0.4593703	-0.3113020	-1.5150260	0.4729379	-0.1753961	-1.5890202	0.0729837	-0.2631417	-1.5601587	0.0838795	-0.1723265	-1.4296203	0.0406267	-0.2304864	-1.6582063	0.0542380	-0.2024261	-1.4814838	0.0358539	-0.2843842	-1.5826618	1.4901466	0.0237777	-1.5685320	1.5082073	-0.3308412	-1.6771226	1.5047387	-0.1582477	-1.4452280	0.7288385	0.0527668	-1.4784966	0.6215810	0.0629907	-1.5717346	0.7286963	0.0707915	-1.4242962	0.7200340	-0.3490378	-1.4661475	0.6157264	-0.3600852	-1.5536321	0.7279875	-0.3775486	-1.5341120	0.3455830	0.0079205	-1.5230649	0.2244450	0.0078287	-1.5911950	0.2445368	0.0066432	-1.5428682	0.3437740	-0.3031427	-1.5293619	0.2230565	-0.3052864	-1.6025970	0.2411696	-0.3031280	-1.5477169	0.8823887	-0.0419312	-1.5251166	0.8821668	-0.2634062	-1.5951434	1.1515561	0.1388092	-1.6087443	1.1369186	0.0469186	-1.4657963	0.9149069	0.1033005	-1.5331129	0.8822522	0.1242385	-1.5430660	1.1741806	-0.4487762	-1.5843630	1.1582663	-0.3691567	-1.4240289	0.9407031	-0.3908927	-1.4877415	0.9087429	-0.4154219
193	3.2000000	-1.5819300	1.4551733	-0.1537900	-1.5731600	1.4443433	0.0251400	-1.5838100	1.1774333	0.0866800	-1.5108600	0.9150433	0.1104000	-1.5584400	1.4638033	-0.3321100	-1.5499500	1.2030133	-0.4007000	-1.4719200	0.9441033	-0.4013100	-1.5000600	0.9137733	-0.1481800	-1.5056900	0.9152933	-0.0237300	-1.5052000	0.4678433	-0.0549200	-1.5782100	0.0774533	-0.0740100	-1.4792500	0.9137833	-0.2719900	-1.5117300	0.4733933	-0.2418700	-1.5821700	0.0697633	-0.2171100	-1.4030700	0.0275833	-0.2450600	-1.4142900	0.0293933	-0.2463800	-1.6109800	0.0332733	-0.2048400	-1.4244000	0.0263833	-0.0574100	-1.4349700	0.0292133	-0.0553300	-1.6039700	0.0422333	-0.0834300	-1.4562202	0.9926504	0.0434296	-1.4190462	0.9922026	-0.3238563	-1.6650491	0.9955393	-0.0896586	-1.6497687	0.9946732	-0.2333362	-1.5138917	0.4625890	0.0167888	-1.4975735	0.4751977	-0.1128712	-1.5798932	0.0764437	-0.0316543	-1.5502159	0.0873164	-0.1185915	-1.4411825	0.0369616	-0.0670969	-1.4885823	0.0339575	-0.0160080	-1.6388558	0.0628014	-0.0906509	-1.5208740	0.4597293	-0.3112360	-1.5139839	0.4733417	-0.1753865	-1.5886509	0.0732731	-0.2629701	-1.5599113	0.0841787	-0.1721891	-1.4294758	0.0407644	-0.2305878	-1.6579095	0.0546427	-0.2022166	-1.4812972	0.0361653	-0.2843346	-1.5811372	1.4906041	0.0244404	-1.5681457	1.5091930	-0.3304819	-1.6762801	1.5056893	-0.1573253	-1.4447060	0.7292079	0.0527167	-1.4778034	0.6219709	0.0629920	-1.5712817	0.7289822	0.0710174	-1.4240749	0.7206126	-0.3492035	-1.4655740	0.6161972	-0.3601461	-1.5534813	0.7281297	-0.3775292	-1.5335841	0.3459364	0.0079444	-1.5228678	0.2247530	0.0077871	-1.5909682	0.2450247	0.0068260	-1.5418992	0.3440064	-0.3029819	-1.5286401	0.2232075	-0.3050712	-1.6018227	0.2415219	-0.3029947	-1.5477783	0.8826213	-0.0417463	-1.5255125	0.8823670	-0.2635228	-1.5948986	1.1515084	0.1387079	-1.6085276	1.1371504	0.0465156	-1.4658966	0.9153933	0.1025639	-1.5333610	0.8826432	0.1229364	-1.5429231	1.1744671	-0.4486065	-1.5844553	1.1587774	-0.3690725	-1.4240167	0.9408033	-0.3904838	-1.4878317	0.9090128	-0.4146691
194	3.2166667	-1.5820000	1.4549833	-0.1534600	-1.5737700	1.4442933	0.0254600	-1.5870400	1.1769533	0.0869900	-1.5104700	0.9147433	0.1087600	-1.5579800	1.4635233	-0.3317300	-1.5500200	1.2024033	-0.4002700	-1.4713000	0.9436333	-0.4007200	-1.4992200	0.9147833	-0.1482700	-1.5037900	0.9166633	-0.0242300	-1.5057800	0.4682333	-0.0546700	-1.5783700	0.0774233	-0.0739100	-1.4795600	0.9144433	-0.2717600	-1.5113200	0.4735233	-0.2419500	-1.5816400	0.0695733	-0.2170100	-1.4022300	0.0274333	-0.2446700	-1.4135300	0.0292033	-0.2460100	-1.6109700	0.0326933	-0.2048000	-1.4253700	0.0260533	-0.0574000	-1.4358800	0.0289133	-0.0552900	-1.6043400	0.0419133	-0.0833000	-1.4548876	0.9937282	0.0433418	-1.4184133	0.9931190	-0.3243577	-1.6641515	0.9968504	-0.0893633	-1.6491412	0.9959269	-0.2332033	-1.5126212	0.4637429	0.0168157	-1.4965763	0.4762811	-0.1128796	-1.5797542	0.0774728	-0.0315024	-1.5502694	0.0882802	-0.1184986	-1.4405604	0.0379726	-0.0670593	-1.4880813	0.0350403	-0.0158897	-1.6391737	0.0637597	-0.0904120	-1.5191340	0.4607780	-0.3111826	-1.5122399	0.4744287	-0.1754117	-1.5875437	0.0741371	-0.2628300	-1.5588674	0.0850411	-0.1721022	-1.4285667	0.0414039	-0.2306330	-1.6568428	0.0556204	-0.2020374	-1.4803645	0.0369497	-0.2842575	-1.5790439	1.4918232	0.0250300	-1.5670164	1.5108479	-0.3301432	-1.6747704	1.5072920	-0.1564810	-1.4434120	0.7302794	0.0526232	-1.4764748	0.6230955	0.0629550	-1.5700069	0.7301414	0.0711927	-1.4230850	0.7218542	-0.3493849	-1.4642963	0.6173451	-0.3602155	-1.5525213	0.7290517	-0.3774875	-1.5326033	0.3470309	0.0079919	-1.5221819	0.2257789	0.0078016	-1.5902786	0.2461855	0.0070193	-1.5402773	0.3449165	-0.3028562	-1.5272366	0.2240055	-0.3049115	-1.6003651	0.2425008	-0.3028688	-1.5467952	0.8836989	-0.0416021	-1.5249541	0.8833500	-0.2636268	-1.5942854	1.1521521	0.1384893	-1.6078920	1.1380888	0.0460815	-1.4651992	0.9168377	0.1015499	-1.5326376	0.8838773	0.1214043	-1.5420547	1.1754506	-0.4483389	-1.5838247	1.1599579	-0.3689762	-1.4233610	0.9414555	-0.3899562	-1.4871743	0.9099085	-0.4138628
195	3.2333333	-1.5819200	1.4550533	-0.1531300	-1.5744000	1.4443733	0.0255700	-1.5885100	1.1761033	0.0869600	-1.5096300	0.9143033	0.1070900	-1.5572800	1.4635833	-0.3311200	-1.5491500	1.2017833	-0.3998800	-1.4696900	0.9432233	-0.4000700	-1.4978000	0.9159133	-0.1484200	-1.5017500	0.9180533	-0.0248000	-1.5063700	0.4682133	-0.0543300	-1.5770300	0.0774633	-0.0738500	-1.4788600	0.9152333	-0.2715300	-1.5111300	0.4735333	-0.2421200	-1.5810200	0.0693833	-0.2169700	-1.4011700	0.0275133	-0.2441800	-1.4126800	0.0292233	-0.2455400	-1.6107000	0.0322333	-0.2049600	-1.4265900	0.0256733	-0.0573300	-1.4369100	0.0286233	-0.0552000	-1.6032000	0.0416433	-0.0832300	-1.4530412	0.9949647	0.0431385	-1.4172866	0.9941446	-0.3248568	-1.6626771	0.9981314	-0.0891797	-1.6479494	0.9971298	-0.2331385	-1.5114109	0.4648880	0.0168172	-1.4955705	0.4773225	-0.1128773	-1.5793071	0.0783980	-0.0313583	-1.5499458	0.0891154	-0.1183670	-1.4399421	0.0388120	-0.0669937	-1.4875019	0.0359067	-0.0158000	-1.6390077	0.0646184	-0.0901632	-1.5172665	0.4618073	-0.3111696	-1.5103329	0.4754900	-0.1754754	-1.5861443	0.0748739	-0.2627324	-1.5574855	0.0857657	-0.1720614	-1.4273458	0.0419388	-0.2305957	-1.6554593	0.0564327	-0.2018957	-1.4791268	0.0375590	-0.2841456	-1.5769829	1.4930449	0.0254998	-1.5656028	1.5123894	-0.3298270	-1.6730969	1.5087515	-0.1557957	-1.4418418	0.7313103	0.0524814	-1.4750122	0.6242033	0.0628668	-1.5683865	0.7314297	0.0712536	-1.4217197	0.7230003	-0.3495694	-1.4627460	0.6184334	-0.3603030	-1.5511337	0.7300667	-0.3774900	-1.5315964	0.3481238	0.0080299	-1.5213647	0.2267949	0.0078380	-1.5894744	0.2472735	0.0071542	-1.5384978	0.3458082	-0.3027888	-1.5256192	0.2247579	-0.3048195	-1.5987015	0.2434036	-0.3027802	-1.5451923	0.8848966	-0.0415579	-1.5237880	0.8844224	-0.2637581	-1.5934991	1.1527150	0.1381015	-1.6070654	1.1389572	0.0455854	-1.4640460	0.9184035	0.1002511	-1.5313364	0.8851821	0.1196297	-1.5407287	1.1764294	-0.4480284	-1.5827405	1.1611051	-0.3689126	-1.4223221	0.9420095	-0.3893649	-1.4860302	0.9107571	-0.4130580
196	3.2500000	-1.5812000	1.4551733	-0.1528000	-1.5745100	1.4445133	0.0256100	-1.5878300	1.1750833	0.0868000	-1.5091600	0.9136233	0.1055700	-1.5558800	1.4636733	-0.3304400	-1.5477400	1.2015033	-0.3996300	-1.4675800	0.9428633	-0.3993000	-1.4958900	0.9165933	-0.1483500	-1.4999400	0.9187433	-0.0250700	-1.5065700	0.4684733	-0.0538600	-1.5741700	0.0777633	-0.0736600	-1.4769100	0.9158733	-0.2711100	-1.5109500	0.4739333	-0.2422000	-1.5810000	0.0694933	-0.2170500	-1.3999900	0.0281533	-0.2436300	-1.4117700	0.0298033	-0.2450300	-1.6111600	0.0321733	-0.2053100	-1.4270800	0.0253533	-0.0572500	-1.4371300	0.0283933	-0.0550900	-1.6004200	0.0417933	-0.0830300	-1.4508430	0.9957560	0.0431466	-1.4156802	0.9947296	-0.3250373	-1.6607277	0.9988299	-0.0888825	-1.6462367	0.9977523	-0.2329210	-1.5102273	0.4654729	0.0170677	-1.4945126	0.4777874	-0.1125903	-1.5783202	0.0787599	-0.0310244	-1.5490206	0.0893833	-0.1179955	-1.4391583	0.0391036	-0.0666810	-1.4866457	0.0361628	-0.0155294	-1.6380737	0.0649116	-0.0897348	-1.5153852	0.4623045	-0.3109304	-1.5084176	0.4760149	-0.1752986	-1.5846683	0.0750553	-0.2624546	-1.5560083	0.0859241	-0.1718365	-1.4260150	0.0420265	-0.2302400	-1.6540080	0.0566261	-0.2015951	-1.4777886	0.0376299	-0.2837727	-1.5751018	1.4937265	0.0260853	-1.5639423	1.5132534	-0.3293000	-1.6713497	1.5095019	-0.1550905	-1.4400849	0.7317856	0.0525765	-1.4734586	0.6247591	0.0630101	-1.5665024	0.7322518	0.0714648	-1.4200368	0.7234939	-0.3494517	-1.4609948	0.6189230	-0.3601225	-1.5493549	0.7306407	-0.3772972	-1.5304716	0.3486814	0.0083082	-1.5202700	0.2272990	0.0081290	-1.5884017	0.2477753	0.0074579	-1.5367064	0.3461894	-0.3025191	-1.5239631	0.2249875	-0.3045349	-1.5970000	0.2437750	-0.3024996	-1.5431042	0.8856326	-0.0413517	-1.5220587	0.8850353	-0.2636626	-1.5924095	1.1526738	0.1377821	-1.6059575	1.1392296	0.0452667	-1.4625946	0.9193957	0.0989571	-1.5296891	0.8859659	0.1179008	-1.5389787	1.1768923	-0.4474843	-1.5812304	1.1616994	-0.3686580	-1.4209397	0.9419978	-0.3885233	-1.4844483	0.9110689	-0.4120594
197	3.2666667	-1.5802200	1.4552033	-0.1524800	-1.5742400	1.4446033	0.0257700	-1.5863600	1.1742133	0.0866200	-1.5097600	0.9131033	0.1043000	-1.5542600	1.4636533	-0.3299100	-1.5468100	1.2018333	-0.3995500	-1.4659400	0.9427233	-0.3985200	-1.4941400	0.9170233	-0.1479700	-1.4988800	0.9189233	-0.0249600	-1.5059500	0.4693733	-0.0533900	-1.5715200	0.0781933	-0.0732300	-1.4745400	0.9165433	-0.2704400	-1.5107300	0.4748333	-0.2420500	-1.5819700	0.0701233	-0.2171700	-1.3980000	0.0293133	-0.2432300	-1.4100700	0.0309233	-0.2446800	-1.6129300	0.0328533	-0.2057000	-1.4270900	0.0247833	-0.0570200	-1.4368400	0.0279333	-0.0548300	-1.5971900	0.0425833	-0.0826400	-1.4489788	0.9962779	0.0434792	-1.4141616	0.9950682	-0.3247680	-1.6589596	0.9991919	-0.0884437	-1.6446100	0.9980477	-0.2325133	-1.5094589	0.4657647	0.0176121	-1.4937696	0.4779623	-0.1119851	-1.5772576	0.0788573	-0.0304938	-1.5479522	0.0894003	-0.1173941	-1.4385819	0.0391543	-0.0661154	-1.4859148	0.0361426	-0.0150602	-1.6368466	0.0649580	-0.0891485	-1.5140093	0.4625457	-0.3104002	-1.5070678	0.4762704	-0.1748169	-1.5837503	0.0750326	-0.2620164	-1.5551166	0.0858609	-0.1714349	-1.4251058	0.0420363	-0.2295876	-1.6531895	0.0565451	-0.2011955	-1.4768934	0.0375655	-0.2831757	-1.5739446	1.4941017	0.0268304	-1.5625612	1.5136997	-0.3285657	-1.6700957	1.5098297	-0.1543848	-1.4387114	0.7320144	0.0529917	-1.4723170	0.6250477	0.0634577	-1.5649613	0.7327984	0.0718928	-1.4186015	0.7236342	-0.3489322	-1.4595778	0.6191037	-0.3595892	-1.5477304	0.7310020	-0.3768389	-1.5296289	0.3489594	0.0088642	-1.5193238	0.2275547	0.0087028	-1.5874832	0.2479692	0.0079623	-1.5354462	0.3463409	-0.3020002	-1.5228478	0.2249960	-0.3040176	-1.5958369	0.2439347	-0.3020262	-1.5412261	0.8861115	-0.0409156	-1.5203898	0.8854045	-0.2632623	-1.5915363	1.1523119	0.1376066	-1.6051055	1.1391921	0.0451674	-1.4615780	0.9199410	0.0977792	-1.5284857	0.8864236	0.1163292	-1.5374658	1.1770850	-0.4467117	-1.5799406	1.1619849	-0.3681871	-1.4198765	0.9417113	-0.3874519	-1.4831067	0.9111213	-0.4108769
198	3.2833333	-1.5795000	1.4552633	-0.1521900	-1.5739300	1.4446333	0.0260400	-1.5856400	1.1736933	0.0863500	-1.5113300	0.9131233	0.1032600	-1.5531600	1.4637133	-0.3295700	-1.5466400	1.2023033	-0.3995700	-1.4652800	0.9425533	-0.3979400	-1.4935400	0.9174333	-0.1475900	-1.4987900	0.9191333	-0.0247700	-1.5049300	0.4705533	-0.0531400	-1.5708900	0.0783033	-0.0727600	-1.4734600	0.9171133	-0.2698300	-1.5106800	0.4757233	-0.2417600	-1.5830500	0.0707333	-0.2172400	-1.3958400	0.0304933	-0.2430700	-1.4080900	0.0320533	-0.2445600	-1.6147200	0.0337133	-0.2059700	-1.4274200	0.0240233	-0.0566300	-1.4369700	0.0272433	-0.0544400	-1.5955100	0.0433133	-0.0822400	-1.4484026	0.9967391	0.0438174	-1.4136788	0.9953741	-0.3243495	-1.6583602	0.9995206	-0.0881712	-1.6440510	0.9983209	-0.2322140	-1.5097974	0.4660604	0.0181145	-1.4940295	0.4781679	-0.1114366	-1.5770770	0.0789291	-0.0300907	-1.5476879	0.0894202	-0.1169270	-1.4389990	0.0391696	-0.0656266	-1.4861606	0.0361126	-0.0146833	-1.6363481	0.0650240	-0.0887586	-1.5138496	0.4628159	-0.3098854	-1.5070402	0.4765284	-0.1743409	-1.5840314	0.0750770	-0.2617281	-1.5554987	0.0858473	-0.1711563	-1.4251985	0.0422575	-0.2290042	-1.6536825	0.0564513	-0.2010101	-1.4770068	0.0377008	-0.2827058	-1.5741840	1.4943939	0.0274392	-1.5622420	1.5140086	-0.3279609	-1.6700909	1.5100791	-0.1539647	-1.4385630	0.7322976	0.0534210	-1.4723708	0.6253610	0.0638993	-1.5646720	0.7332993	0.0722416	-1.4182582	0.7237875	-0.3483148	-1.4592766	0.6193088	-0.3590083	-1.5471389	0.7313946	-0.3764175	-1.5298311	0.3492207	0.0093718	-1.5193636	0.2277935	0.0092371	-1.5875595	0.2481268	0.0083560	-1.5353888	0.3465349	-0.3015327	-1.5229193	0.2250677	-0.3035587	-1.5958770	0.2441461	-0.3016783	-1.5405670	0.8865749	-0.0405643	-1.5197871	0.8857747	-0.2628615	-1.5917302	1.1519323	0.1373368	-1.6053591	1.1391371	0.0449834	-1.4618661	0.9202886	0.0964905	-1.5286246	0.8868108	0.1146955	-1.5370618	1.1772379	-0.4460391	-1.5797328	1.1622024	-0.3678248	-1.4200045	0.9414229	-0.3864974	-1.4828920	0.9111784	-0.4098573
199	3.3000000	-1.5792000	1.4552933	-0.1518900	-1.5736100	1.4445833	0.0263600	-1.5860600	1.1733833	0.0860400	-1.5129300	0.9136133	0.1023300	-1.5528600	1.4638233	-0.3293000	-1.5466400	1.2024533	-0.3995400	-1.4651400	0.9423333	-0.3976200	-1.4938600	0.9180833	-0.1473900	-1.4990000	0.9196833	-0.0247600	-1.5040600	0.4713433	-0.0531500	-1.5716800	0.0779833	-0.0725000	-1.4739200	0.9178833	-0.2694300	-1.5106900	0.4762033	-0.2415400	-1.5836400	0.0709533	-0.2172500	-1.3952900	0.0309233	-0.2429700	-1.4076100	0.0324833	-0.2444800	-1.6154800	0.0339833	-0.2060500	-1.4278300	0.0237433	-0.0564100	-1.4373800	0.0269633	-0.0542200	-1.5957500	0.0433433	-0.0819800	-1.4487720	0.9973800	0.0439631	-1.4140530	0.9959054	-0.3240141	-1.6586925	1.0001168	-0.0881443	-1.6443850	0.9988789	-0.2321157	-1.5108314	0.4666255	0.0183877	-1.4949392	0.4786770	-0.1111443	-1.5775861	0.0791673	-0.0299610	-1.5480706	0.0896347	-0.1167618	-1.4400591	0.0393134	-0.0654008	-1.4870758	0.0362699	-0.0145466	-1.6365027	0.0653013	-0.0886907	-1.5145074	0.4633792	-0.3095473	-1.5079290	0.4770490	-0.1740517	-1.5850567	0.0754000	-0.2616937	-1.5567049	0.0860989	-0.1711225	-1.4259211	0.0428224	-0.2286751	-1.6549985	0.0565889	-0.2011176	-1.4777277	0.0382004	-0.2824989	-1.5752626	1.4948149	0.0278022	-1.5626591	1.5144312	-0.3276195	-1.6708948	1.5105294	-0.1538523	-1.4392661	0.7328757	0.0536547	-1.4732226	0.6259490	0.0641379	-1.5652827	0.7340138	0.0723716	-1.4187185	0.7242692	-0.3478044	-1.4597626	0.6198333	-0.3585619	-1.5473515	0.7320806	-0.3761730	-1.5307270	0.3497114	0.0096531	-1.5200945	0.2282278	0.0095462	-1.5883386	0.2484870	0.0084994	-1.5361107	0.3470238	-0.3012560	-1.5237362	0.2254502	-0.3032918	-1.5966830	0.2446336	-0.3015704	-1.5408625	0.8872839	-0.0404467	-1.5200859	0.8864182	-0.2626293	-1.5926945	1.1518146	0.1368718	-1.6063973	1.1393255	0.0445754	-1.4630471	0.9207567	0.0950097	-1.5296821	0.8874043	0.1129186	-1.5374228	1.1775827	-0.4455969	-1.5802581	1.1625902	-0.3677068	-1.4209546	0.9413786	-0.3858074	-1.4834531	0.9114822	-0.4091500
200	3.3166667	-1.5791000	1.4553533	-0.1515800	-1.5730000	1.4445933	0.0266800	-1.5868200	1.1731133	0.0858200	-1.5140300	0.9142033	0.1014400	-1.5532500	1.4639333	-0.3290400	-1.5461700	1.2021133	-0.3993400	-1.4648100	0.9419633	-0.3974300	-1.4939900	0.9188133	-0.1472100	-1.4988600	0.9203433	-0.0248100	-1.5034600	0.4717533	-0.0533000	-1.5721900	0.0776133	-0.0724200	-1.4743700	0.9186633	-0.2690500	-1.5105000	0.4764933	-0.2414300	-1.5839600	0.0708533	-0.2171600	-1.3966200	0.0307233	-0.2427600	-1.4088900	0.0322833	-0.2442800	-1.6156800	0.0337433	-0.2059800	-1.4278800	0.0241533	-0.0565400	-1.4375300	0.0273233	-0.0543100	-1.5963200	0.0429233	-0.0817500	-1.4488899	0.9980587	0.0440638	-1.4142679	0.9965096	-0.3236830	-1.6588323	1.0008102	-0.0880941	-1.6445614	0.9995472	-0.2319771	-1.5114684	0.4672620	0.0185999	-1.4954859	0.4792851	-0.1109222	-1.5777624	0.0793837	-0.0299064	-1.5481399	0.0898477	-0.1166964	-1.4406876	0.0394155	-0.0653045	-1.4875829	0.0364125	-0.0144982	-1.6363824	0.0655740	-0.0886968	-1.5149102	0.4640357	-0.3092417	-1.5085854	0.4776434	-0.1738021	-1.5858661	0.0757836	-0.2617137	-1.5577173	0.0864031	-0.1711412	-1.4264585	0.0434074	-0.2284465	-1.6561026	0.0568023	-0.2012765	-1.4782362	0.0387382	-0.2823727	-1.5759328	1.4952080	0.0281222	-1.5628115	1.5148166	-0.3273392	-1.6713615	1.5109883	-0.1537400	-1.4396544	0.7335206	0.0538206	-1.4737218	0.6265992	0.0643155	-1.5655974	0.7347849	0.0724791	-1.4189318	0.7248784	-0.3473039	-1.4599952	0.6204755	-0.3581324	-1.5473710	0.7328762	-0.3759348	-1.5312377	0.3502445	0.0098719	-1.5204486	0.2286670	0.0097758	-1.5887574	0.2488689	0.0085956	-1.5365801	0.3476032	-0.3010153	-1.5243058	0.2259262	-0.3030675	-1.5972519	0.2451908	-0.3015090	-1.5409479	0.8880745	-0.0403568	-1.5202303	0.8871644	-0.2624002	-1.5933659	1.1518057	0.1363977	-1.6071429	1.1395942	0.0441409	-1.4639901	0.9212343	0.0935408	-1.5305061	0.8880531	0.1112014	-1.5374793	1.1779350	-0.4451835	-1.5804383	1.1629665	-0.3676296	-1.4216128	0.9413786	-0.3851948	-1.4836972	0.9118345	-0.4085550
201	3.3333333	-1.5787800	1.4554833	-0.1512400	-1.5718300	1.4447533	0.0269600	-1.5867900	1.1730833	0.0856900	-1.5148100	0.9146433	0.1006200	-1.5538000	1.4640133	-0.3287100	-1.5453700	1.2016033	-0.3989600	-1.4641200	0.9416033	-0.3972100	-1.4933400	0.9192633	-0.1469400	-1.4982400	0.9207733	-0.0247400	-1.5031200	0.4719433	-0.0534400	-1.5721300	0.0773833	-0.0723500	-1.4737400	0.9191733	-0.2685900	-1.5101000	0.4768733	-0.2413600	-1.5841400	0.0707833	-0.2170500	-1.3980100	0.0305633	-0.2426100	-1.4101800	0.0321333	-0.2441100	-1.6157600	0.0336133	-0.2058900	-1.4279800	0.0245733	-0.0567200	-1.4376800	0.0277133	-0.0544500	-1.5962300	0.0426333	-0.0815100	-1.4481566	0.9984509	0.0442231	-1.4137798	0.9968352	-0.3232893	-1.6581723	1.0012198	-0.0878761	-1.6439967	0.9999345	-0.2316687	-1.5112804	0.4675983	0.0188657	-1.4952593	0.4796105	-0.1106302	-1.5772229	0.0792844	-0.0297933	-1.5475338	0.0897531	-0.1165759	-1.4405472	0.0391924	-0.0652087	-1.4873291	0.0362263	-0.0144250	-1.6356126	0.0655432	-0.0886181	-1.5145540	0.4643999	-0.3088961	-1.5084338	0.4779402	-0.1735016	-1.5860508	0.0758800	-0.2616937	-1.5580672	0.0864175	-0.1711086	-1.4264634	0.0436286	-0.2282356	-1.6565349	0.0567789	-0.2013612	-1.4782032	0.0389195	-0.2822475	-1.5756364	1.4952864	0.0284914	-1.5622903	1.5148653	-0.3269966	-1.6709880	1.5110952	-0.1534672	-1.4391927	0.7338351	0.0540365	-1.4733726	0.6269289	0.0645433	-1.5650505	0.7352653	0.0726738	-1.4183869	0.7252188	-0.3467562	-1.4594816	0.6208401	-0.3576592	-1.5466934	0.7333922	-0.3756122	-1.5309450	0.3504739	0.0101375	-1.5200227	0.2287853	0.0100336	-1.5884044	0.2489517	0.0087662	-1.5363324	0.3478911	-0.3007428	-1.5241994	0.2261125	-0.3028249	-1.5971444	0.2454580	-0.3014032	-1.5402080	0.8885832	-0.0401608	-1.5196386	0.8876338	-0.2620623	-1.5931964	1.1515795	0.1360333	-1.6070703	1.1396191	0.0438286	-1.4642036	0.9213809	0.0922032	-1.5306061	0.8884171	0.1096699	-1.5367930	1.1779462	-0.4446733	-1.5798219	1.1629920	-0.3674542	-1.4214905	0.9410685	-0.3845375	-1.4831564	0.9118774	-0.4079256
202	3.3500000	-1.5779700	1.4556333	-0.1508900	-1.5702600	1.4449133	0.0271700	-1.5858900	1.1734433	0.0856000	-1.5154000	0.9149133	0.0999900	-1.5537700	1.4641133	-0.3282900	-1.5446500	1.2012433	-0.3984700	-1.4633500	0.9414433	-0.3969100	-1.4922900	0.9194933	-0.1466800	-1.4973700	0.9209833	-0.0245900	-1.5029100	0.4720133	-0.0535100	-1.5720900	0.0773633	-0.0722800	-1.4725500	0.9194033	-0.2682000	-1.5094700	0.4773233	-0.2413200	-1.5839300	0.0710033	-0.2170300	-1.3981000	0.0307533	-0.2426700	-1.4102100	0.0323433	-0.2441600	-1.6154800	0.0339733	-0.2059300	-1.4285700	0.0244233	-0.0566500	-1.4382200	0.0275633	-0.0543900	-1.5958100	0.0427333	-0.0813800	-1.4469848	0.9986287	0.0443449	-1.4129339	0.9969431	-0.3229203	-1.6570832	1.0014145	-0.0876274	-1.6430349	1.0001040	-0.2313243	-1.5107694	0.4677071	0.0190912	-1.4947133	0.4797169	-0.1103580	-1.5765347	0.0790004	-0.0297076	-1.5467856	0.0894738	-0.1164703	-1.4402638	0.0387510	-0.0651409	-1.4869441	0.0358268	-0.0143847	-1.6347119	0.0653596	-0.0885571	-1.5137975	0.4645436	-0.3086339	-1.5078218	0.4780149	-0.1732599	-1.5859069	0.0757938	-0.2617407	-1.5580389	0.0862496	-0.1711226	-1.4262099	0.0436176	-0.2281468	-1.6565848	0.0566144	-0.2014701	-1.4779133	0.0388786	-0.2822385	-1.5747847	1.4951752	0.0287861	-1.5614985	1.5147085	-0.3266803	-1.6701805	1.5109648	-0.1531549	-1.4383448	0.7338908	0.0542387	-1.4726615	0.6270106	0.0647437	-1.5641101	0.7355254	0.0728384	-1.4174643	0.7253687	-0.3462800	-1.4585940	0.6210020	-0.3572663	-1.5456813	0.7336824	-0.3753269	-1.5303771	0.3504858	0.0103591	-1.5193752	0.2286856	0.0102468	-1.5878217	0.2488426	0.0089011	-1.5357113	0.3479643	-0.3005626	-1.5237432	0.2260940	-0.3026847	-1.5966902	0.2455241	-0.3013694	-1.5390426	0.8888715	-0.0399668	-1.5186697	0.8878806	-0.2617186	-1.5925424	1.1512197	0.1357006	-1.6065577	1.1394892	0.0435668	-1.4640990	0.9212531	0.0909213	-1.5304093	0.8885691	0.1082543	-1.5358162	1.1777045	-0.4441496	-1.5788601	1.1627659	-0.3672570	-1.4210235	0.9405397	-0.3839065	-1.4822799	0.9116945	-0.4073242
203	3.3666667	-1.5770000	1.4556333	-0.1505500	-1.5690400	1.4448733	0.0274200	-1.5853400	1.1738633	0.0855500	-1.5156800	0.9150133	0.0996000	-1.5530700	1.4641633	-0.3278800	-1.5439400	1.2008233	-0.3980300	-1.4630100	0.9414033	-0.3965800	-1.4916500	0.9193433	-0.1465400	-1.4967800	0.9207933	-0.0244900	-1.5027300	0.4719833	-0.0534700	-1.5718500	0.0776333	-0.0723100	-1.4718600	0.9192633	-0.2680200	-1.5085600	0.4776133	-0.2413000	-1.5833300	0.0712833	-0.2170500	-1.3975400	0.0309533	-0.2428100	-1.4096000	0.0325633	-0.2442800	-1.6149800	0.0344633	-0.2060000	-1.4290400	0.0241333	-0.0565200	-1.4386200	0.0273033	-0.0542800	-1.5951900	0.0431933	-0.0814200	-1.4462233	0.9984163	0.0443395	-1.4124703	0.9966767	-0.3226619	-1.6563753	1.0012589	-0.0875041	-1.6424431	0.9999285	-0.2310993	-1.5106466	0.4674527	0.0191927	-1.4945317	0.4794733	-0.1102059	-1.5763399	0.0784600	-0.0297516	-1.5465150	0.0889430	-0.1164814	-1.4405031	0.0380642	-0.0651661	-1.4870951	0.0351867	-0.0144503	-1.6342835	0.0649399	-0.0886413	-1.5133162	0.4643494	-0.3085582	-1.5074556	0.4777539	-0.1731650	-1.5859893	0.0754175	-0.2619063	-1.5582142	0.0857993	-0.1712284	-1.4262495	0.0433307	-0.2282158	-1.6568212	0.0561742	-0.2016625	-1.4779067	0.0385723	-0.2823890	-1.5741610	1.4947277	0.0289267	-1.5610724	1.5142289	-0.3264654	-1.6696487	1.5104991	-0.1529318	-1.4379208	0.7335773	0.0543450	-1.4723645	0.6267225	0.0648360	-1.5636000	0.7354006	0.0728678	-1.4168914	0.7252128	-0.3459735	-1.4580322	0.6208435	-0.3570578	-1.5450578	0.7335954	-0.3752066	-1.5302350	0.3501570	0.0104516	-1.5191934	0.2282656	0.0103384	-1.5876861	0.2484364	0.0088945	-1.5353531	0.3477045	-0.3005552	-1.5235344	0.2257611	-0.3027058	-1.5964953	0.2452714	-0.3014894	-1.5383002	0.8887775	-0.0398983	-1.5181064	0.8877547	-0.2614906	-1.5922028	1.1505880	0.1353280	-1.6063825	1.1390572	0.0432527	-1.4643777	0.9207539	0.0896467	-1.5306114	0.8883857	0.1068935	-1.5352653	1.1770948	-0.4437134	-1.5782914	1.1621809	-0.3671518	-1.4209520	0.9396819	-0.3833637	-1.4818074	0.9111701	-0.4068316
204	3.3833333	-1.5765300	1.4554133	-0.1502500	-1.5687800	1.4445433	0.0277500	-1.5860700	1.1738133	0.0856300	-1.5154600	0.9148433	0.0992900	-1.5523900	1.4640433	-0.3276100	-1.5430100	1.2006233	-0.3977500	-1.4634400	0.9412433	-0.3962500	-1.4914700	0.9181833	-0.1465200	-1.4964100	0.9195733	-0.0245100	-1.5026500	0.4717833	-0.0532500	-1.5708500	0.0780733	-0.0724800	-1.4718900	0.9181933	-0.2679800	-1.5074400	0.4774933	-0.2412500	-1.5827000	0.0713033	-0.2170300	-1.3975800	0.0307433	-0.2427700	-1.4096000	0.0323833	-0.2442400	-1.6148200	0.0343933	-0.2059200	-1.4280100	0.0243233	-0.0566600	-1.4376500	0.0274733	-0.0544200	-1.5940800	0.0435933	-0.0815400	-1.4459228	0.9971638	0.0442278	-1.4124186	0.9954262	-0.3225316	-1.6561072	1.0001340	-0.0874914	-1.6422712	0.9988073	-0.2309949	-1.5107593	0.4662594	0.0192055	-1.4945984	0.4783125	-0.1101519	-1.5762861	0.0771756	-0.0299184	-1.5464017	0.0876889	-0.1166138	-1.4408470	0.0367617	-0.0653074	-1.4873587	0.0338977	-0.0146252	-1.6340023	0.0637472	-0.0888603	-1.5130796	0.4632377	-0.3086288	-1.5073291	0.4765977	-0.1731808	-1.5862637	0.0742143	-0.2621128	-1.5585838	0.0845439	-0.1713589	-1.4265642	0.0422774	-0.2283486	-1.6572252	0.0549103	-0.2018828	-1.4781576	0.0374986	-0.2825993	-1.5738695	1.4933363	0.0289778	-1.5609759	1.5128347	-0.3263291	-1.6694337	1.5091007	-0.1527822	-1.4378894	0.7323253	0.0543536	-1.4723965	0.6254901	0.0648377	-1.5634826	0.7342546	0.0728000	-1.4166797	0.7241448	-0.3458166	-1.4577878	0.6197661	-0.3570044	-1.5448238	0.7325101	-0.3752405	-1.5303065	0.3489370	0.0104394	-1.5192009	0.2270094	0.0103169	-1.5877255	0.2471925	0.0087795	-1.5352216	0.3465403	-0.3006560	-1.5235367	0.2245462	-0.3028055	-1.5965184	0.2441484	-0.3017017	-1.5380420	0.8876598	-0.0399433	-1.5179966	0.8866392	-0.2613910	-1.5923428	1.1491042	0.1349490	-1.6066590	1.1377286	0.0428892	-1.4649818	0.9194089	0.0884515	-1.5311178	0.8873096	0.1056265	-1.5351190	1.1755979	-0.4433749	-1.5781306	1.1607170	-0.3671685	-1.4212953	0.9379592	-0.3828642	-1.4817635	0.9097710	-0.4064251
205	3.4000000	-1.5766600	1.4550633	-0.1500300	-1.5691400	1.4440433	0.0280500	-1.5873500	1.1733133	0.0858600	-1.5147900	0.9144333	0.0990000	-1.5522700	1.4638333	-0.3274500	-1.5422300	1.2007933	-0.3976600	-1.4643200	0.9409033	-0.3959600	-1.4910700	0.9161233	-0.1465500	-1.4956100	0.9174933	-0.0246400	-1.5025500	0.4712733	-0.0529300	-1.5694400	0.0783233	-0.0727200	-1.4719100	0.9161533	-0.2679200	-1.5061100	0.4770133	-0.2411200	-1.5823300	0.0708333	-0.2170000	-1.3982800	0.0302633	-0.2425800	-1.4102700	0.0319433	-0.2440600	-1.6150900	0.0334633	-0.2057600	-1.4254800	0.0250033	-0.0570900	-1.4353600	0.0280933	-0.0548200	-1.5927600	0.0435333	-0.0816400	-1.4453677	0.9949870	0.0440814	-1.4121328	0.9933083	-0.3225026	-1.6556095	0.9981455	-0.0874767	-1.6418770	0.9968477	-0.2309159	-1.5103732	0.4643019	0.0192137	-1.4942281	0.4764123	-0.1101096	-1.5755728	0.0753456	-0.0301259	-1.5456867	0.0859181	-0.1167935	-1.4403811	0.0351193	-0.0655373	-1.4868274	0.0322038	-0.0148639	-1.6331388	0.0619398	-0.0891036	-1.5124661	0.4613350	-0.3087360	-1.5068195	0.4746865	-0.1732222	-1.5862230	0.0723566	-0.2622763	-1.5586450	0.0826570	-0.1714517	-1.4266209	0.0406380	-0.2284576	-1.6573089	0.0529908	-0.2020684	-1.4781414	0.0358303	-0.2827685	-1.5733999	1.4911805	0.0290477	-1.5606711	1.5107101	-0.3262171	-1.6690363	1.5069164	-0.1526133	-1.4375262	0.7302722	0.0543116	-1.4720204	0.6234642	0.0648122	-1.5630063	0.7322120	0.0727369	-1.4162079	0.7222588	-0.3457295	-1.4572408	0.6178741	-0.3570092	-1.5443305	0.7305345	-0.3753256	-1.5298249	0.3470093	0.0104008	-1.5186029	0.2251176	0.0102387	-1.5871567	0.2452910	0.0086605	-1.5347226	0.3446030	-0.3007575	-1.5231953	0.2225782	-0.3028825	-1.5961921	0.2423169	-0.3019005	-1.5375682	0.8856249	-0.0400072	-1.5176827	0.8846415	-0.2613519	-1.5924288	1.1469039	0.1346308	-1.6068295	1.1356424	0.0425617	-1.4652498	0.9174456	0.0874285	-1.5312271	0.8855003	0.1045155	-1.5348125	1.1734234	-0.4430870	-1.5778269	1.1585774	-0.3672561	-1.4214912	0.9355570	-0.3823443	-1.4816092	0.9076826	-0.4060334
206	3.4166667	-1.5770400	1.4549233	-0.1498800	-1.5695600	1.4437433	0.0282100	-1.5878300	1.1728633	0.0861100	-1.5140000	0.9140433	0.0988700	-1.5526000	1.4638633	-0.3273000	-1.5421400	1.2012433	-0.3976900	-1.4649200	0.9406933	-0.3957300	-1.4902000	0.9143933	-0.1465200	-1.4944200	0.9156633	-0.0247500	-1.5023200	0.4708133	-0.0527200	-1.5686700	0.0782533	-0.0728800	-1.4714100	0.9145133	-0.2677700	-1.5046000	0.4765333	-0.2409500	-1.5824700	0.0703233	-0.2169900	-1.3989100	0.0299033	-0.2424300	-1.4109100	0.0315933	-0.2439200	-1.6157400	0.0324433	-0.2056900	-1.4234700	0.0256133	-0.0574900	-1.4335800	0.0286133	-0.0551900	-1.5921800	0.0431333	-0.0816600	-1.4442885	0.9931499	0.0439975	-1.4113946	0.9915332	-0.3224776	-1.6546357	0.9965101	-0.0873549	-1.6410343	0.9952436	-0.2307554	-1.5093931	0.4628204	0.0192979	-1.4933270	0.4749993	-0.1099851	-1.5743071	0.0741209	-0.0302594	-1.5444759	0.0847653	-0.1169015	-1.4391766	0.0342106	-0.0657582	-1.4855908	0.0312018	-0.0150752	-1.6318401	0.0606891	-0.0892330	-1.5113187	0.4598512	-0.3087672	-1.5057612	0.4732131	-0.1732000	-1.5858555	0.0710334	-0.2623558	-1.5583831	0.0813100	-0.1714773	-1.4263555	0.0395341	-0.2284978	-1.6570865	0.0516184	-0.2021864	-1.4778062	0.0347081	-0.2828487	-1.5726726	1.4895463	0.0292168	-1.5601074	1.5091289	-0.3260659	-1.6684146	1.5051979	-0.1523464	-1.4366380	0.7286256	0.0542991	-1.4710812	0.6218685	0.0648365	-1.5619551	0.7305314	0.0727763	-1.4152935	0.7207577	-0.3456091	-1.4562205	0.6163749	-0.3569607	-1.5433712	0.7288953	-0.3753307	-1.5287437	0.3455896	0.0104273	-1.5174135	0.2237744	0.0101952	-1.5859965	0.2439323	0.0086410	-1.5337352	0.3430924	-0.3007745	-1.5224374	0.2210442	-0.3028769	-1.5954342	0.2409834	-0.3020048	-1.5366113	0.8839154	-0.0399749	-1.5169293	0.8829712	-0.2612573	-1.5922008	1.1451601	0.1344410	-1.6066655	1.1339950	0.0423872	-1.4649918	0.9160380	0.0866382	-1.5307474	0.8841439	0.1036178	-1.5342517	1.1717810	-0.4427799	-1.5772746	1.1569714	-0.3673121	-1.4213971	0.9336841	-0.3817574	-1.4812230	0.9061042	-0.4055903
207	3.4333333	-1.5775800	1.4549333	-0.1498300	-1.5701200	1.4436733	0.0281900	-1.5871900	1.1726733	0.0863200	-1.5133600	0.9138433	0.0989700	-1.5531700	1.4639433	-0.3271800	-1.5424900	1.2014133	-0.3976400	-1.4648900	0.9405633	-0.3955600	-1.4895700	0.9135033	-0.1464400	-1.4936200	0.9147133	-0.0247300	-1.5023500	0.4704433	-0.0527300	-1.5691600	0.0779733	-0.0728800	-1.4709600	0.9136833	-0.2676500	-1.5033100	0.4762833	-0.2407600	-1.5829800	0.0701133	-0.2170000	-1.3989300	0.0298933	-0.2424200	-1.4109500	0.0315833	-0.2439200	-1.6164900	0.0320533	-0.2057100	-1.4234300	0.0254733	-0.0576400	-1.4336400	0.0284433	-0.0553400	-1.5930300	0.0427033	-0.0816300	-1.4434188	0.9921889	0.0439542	-1.4109049	0.9905861	-0.3224339	-1.6538920	0.9957319	-0.0871844	-1.6404364	0.9944781	-0.2305533	-1.5087072	0.4622755	0.0194076	-1.4927463	0.4745149	-0.1098364	-1.5736193	0.0738358	-0.0303264	-1.5438618	0.0845390	-0.1169466	-1.4384207	0.0342219	-0.0659503	-1.4848461	0.0311312	-0.0152478	-1.6312141	0.0603802	-0.0892687	-1.5103345	0.4592634	-0.3087504	-1.5048576	0.4726289	-0.1731347	-1.5858599	0.0706497	-0.2624093	-1.5584991	0.0808925	-0.1714796	-1.4264344	0.0393215	-0.2285169	-1.6572721	0.0512098	-0.2022858	-1.4778189	0.0345119	-0.2829041	-1.5724185	1.4889330	0.0294071	-1.5600181	1.5085692	-0.3259136	-1.6683002	1.5044482	-0.1520564	-1.4360084	0.7278509	0.0543049	-1.4704097	0.6211719	0.0648819	-1.5611324	0.7297387	0.0728768	-1.4146215	0.7201510	-0.3454628	-1.4554140	0.6157700	-0.3568763	-1.5426403	0.7280985	-0.3752775	-1.5280235	0.3451016	0.0104883	-1.5166669	0.2233556	0.0101821	-1.5852807	0.2435235	0.0086835	-1.5329561	0.3424685	-0.3007515	-1.5219563	0.2203941	-0.3028413	-1.5949457	0.2405821	-0.3020659	-1.5358875	0.8830559	-0.0398775	-1.5164328	0.8821217	-0.2611100	-1.5921605	1.1443017	0.1343456	-1.6067242	1.1332283	0.0423484	-1.4648428	0.9155508	0.0860159	-1.5303561	0.8836712	0.1028883	-1.5340641	1.1710589	-0.4424857	-1.5770908	1.1562950	-0.3673473	-1.4215895	0.9327622	-0.3811553	-1.4811712	0.9054425	-0.4051467
208	3.4500000	-1.5781600	1.4548233	-0.1498900	-1.5707900	1.4436533	0.0280500	-1.5859900	1.1725033	0.0865800	-1.5127900	0.9137033	0.0991600	-1.5536800	1.4637733	-0.3271500	-1.5425500	1.2010733	-0.3974100	-1.4642200	0.9402933	-0.3953800	-1.4898600	0.9129433	-0.1463500	-1.4937400	0.9142233	-0.0245400	-1.5031100	0.4699633	-0.0529500	-1.5706000	0.0775833	-0.0727600	-1.4714000	0.9131533	-0.2676600	-1.5025200	0.4761933	-0.2405900	-1.5832400	0.0701833	-0.2170100	-1.3980100	0.0303633	-0.2425900	-1.4100800	0.0320233	-0.2440900	-1.6166400	0.0323233	-0.2058200	-1.4247600	0.0248533	-0.0576000	-1.4349500	0.0278433	-0.0553300	-1.5948500	0.0422833	-0.0816000	-1.4434672	0.9915793	0.0439086	-1.4113018	0.9899515	-0.3223779	-1.6540566	0.9953182	-0.0870376	-1.6407337	0.9940633	-0.2303693	-1.5090519	0.4621017	0.0194690	-1.4932031	0.4743887	-0.1097665	-1.5742519	0.0738553	-0.0303690	-1.5445637	0.0845986	-0.1169848	-1.4389257	0.0344835	-0.0661196	-1.4853930	0.0313363	-0.0153828	-1.6319497	0.0603837	-0.0892852	-1.5100642	0.4590549	-0.3087403	-1.5046797	0.4724079	-0.1730528	-1.5865592	0.0706264	-0.2624592	-1.5593214	0.0808300	-0.1714593	-1.4271657	0.0394781	-0.2285333	-1.6581774	0.0511555	-0.2023752	-1.4784813	0.0347112	-0.2829693	-1.5731553	1.4887727	0.0295222	-1.5608914	1.5084475	-0.3258058	-1.6691860	1.5041462	-0.1518328	-1.4363292	0.7274048	0.0543062	-1.4707189	0.6208249	0.0649092	-1.5612761	0.7293154	0.0729847	-1.4147748	0.7199682	-0.3453184	-1.4553864	0.6155717	-0.3568011	-1.5427516	0.7276352	-0.3752350	-1.5284158	0.3449646	0.0105237	-1.5171120	0.2232580	0.0101701	-1.5857595	0.2434678	0.0087218	-1.5328764	0.3422074	-0.3007329	-1.5221648	0.2201072	-0.3028064	-1.5951613	0.2405438	-0.3021343	-1.5361005	0.8825387	-0.0397737	-1.5168540	0.8815915	-0.2609478	-1.5927200	1.1437788	0.1343156	-1.6074547	1.1327853	0.0423874	-1.4652810	0.9153664	0.0854999	-1.5305806	0.8835244	0.1022861	-1.5346169	1.1706405	-0.4422485	-1.5776517	1.1559378	-0.3674043	-1.4224094	0.9322231	-0.3805713	-1.4817669	0.9051149	-0.4047574
209	3.4666667	-1.5783700	1.4545733	-0.1500300	-1.5711800	1.4435833	0.0278800	-1.5848700	1.1722733	0.0868700	-1.5122300	0.9135233	0.0993300	-1.5537300	1.4633533	-0.3272500	-1.5420500	1.2002433	-0.3971600	-1.4629700	0.9399633	-0.3952900	-1.4907300	0.9124333	-0.1463000	-1.4943800	0.9137833	-0.0243000	-1.5042600	0.4694733	-0.0533100	-1.5720400	0.0771833	-0.0726100	-1.4724700	0.9125733	-0.2678200	-1.5018700	0.4762233	-0.2404200	-1.5831500	0.0703633	-0.2170800	-1.3967700	0.0311033	-0.2428800	-1.4088400	0.0327233	-0.2443900	-1.6159100	0.0328133	-0.2060400	-1.4260500	0.0245533	-0.0575400	-1.4362000	0.0275633	-0.0552900	-1.5963100	0.0420433	-0.0815600	-1.4440924	0.9910066	0.0438291	-1.4122132	0.9893540	-0.3223659	-1.6548081	0.9950097	-0.0869573	-1.6415931	0.9937553	-0.2302562	-1.5100422	0.4619841	0.0194267	-1.4943233	0.4743082	-0.1098456	-1.5756315	0.0738722	-0.0304252	-1.5460171	0.0846420	-0.1170637	-1.4401710	0.0347308	-0.0662893	-1.4866830	0.0315387	-0.0154993	-1.6334375	0.0603652	-0.0893307	-1.5100838	0.4589531	-0.3087847	-1.5048192	0.4722854	-0.1729967	-1.5873100	0.0706635	-0.2625335	-1.5602107	0.0808358	-0.1714478	-1.4279131	0.0397641	-0.2285775	-1.6591387	0.0511232	-0.2024824	-1.4791535	0.0350372	-0.2830687	-1.5743494	1.4887160	0.0295149	-1.5621662	1.5084073	-0.3257931	-1.6705225	1.5039879	-0.1517332	-1.4372317	0.7269992	0.0542558	-1.4716319	0.6205285	0.0648720	-1.5620393	0.7289632	0.0730640	-1.4153637	0.7199411	-0.3452231	-1.4557312	0.6155095	-0.3567836	-1.5433265	0.7272350	-0.3752632	-1.5294927	0.3448751	0.0104828	-1.5182642	0.2231866	0.0101183	-1.5869440	0.2434462	0.0087103	-1.5330160	0.3420434	-0.3007537	-1.5225108	0.2199260	-0.3027998	-1.5955387	0.2405659	-0.3022483	-1.5369277	0.8820796	-0.0397088	-1.5178516	0.8811204	-0.2608306	-1.5934562	1.1433015	0.1342906	-1.6084147	1.1323589	0.0424283	-1.4659102	0.9151561	0.0850419	-1.5310398	0.8834009	0.1017633	-1.5353448	1.1701952	-0.4421165	-1.5784095	1.1555579	-0.3675378	-1.4232777	0.9317545	-0.3800488	-1.4824091	0.9048055	-0.4044840
210	3.4833333	-1.5779400	1.4543833	-0.1502400	-1.5710100	1.4435333	0.0276900	-1.5841500	1.1721033	0.0870200	-1.5116000	0.9133633	0.0994500	-1.5530400	1.4630133	-0.3274600	-1.5413100	1.1996733	-0.3971000	-1.4614400	0.9398433	-0.3954100	-1.4912700	0.9119933	-0.1464600	-1.4947000	0.9133033	-0.0243000	-1.5050300	0.4692933	-0.0536900	-1.5726900	0.0770733	-0.0724500	-1.4732000	0.9122033	-0.2681500	-1.5010900	0.4764133	-0.2403600	-1.5830400	0.0705633	-0.2172300	-1.3964400	0.0316333	-0.2431000	-1.4084600	0.0332433	-0.2446100	-1.6151400	0.0335533	-0.2063600	-1.4266300	0.0249233	-0.0575500	-1.4367500	0.0279133	-0.0553100	-1.5966100	0.0421933	-0.0814500	-1.4443752	0.9904702	0.0435660	-1.4127453	0.9888248	-0.3225905	-1.6552501	0.9948289	-0.0870784	-1.6421288	0.9935889	-0.2303660	-1.5107096	0.4619287	0.0191627	-1.4951485	0.4742734	-0.1101738	-1.5766409	0.0739526	-0.0305930	-1.5471198	0.0847369	-0.1172709	-1.4410805	0.0350408	-0.0665655	-1.4876202	0.0318106	-0.0157110	-1.6345536	0.0603907	-0.0894797	-1.5095731	0.4589700	-0.3090408	-1.5044496	0.4722844	-0.1731434	-1.5873350	0.0708087	-0.2627822	-1.5603868	0.0809587	-0.1716152	-1.4279554	0.0401700	-0.2287940	-1.6593647	0.0511903	-0.2027652	-1.4791127	0.0354722	-0.2833284	-1.5750094	1.4887315	0.0292857	-1.5628504	1.5084182	-0.3260075	-1.6713046	1.5039394	-0.1518687	-1.4377857	0.7266663	0.0539794	-1.4722024	0.6203052	0.0646165	-1.5624779	0.7286928	0.0729678	-1.4155342	0.7200376	-0.3453449	-1.4556104	0.6155684	-0.3569842	-1.5434915	0.7269269	-0.3755195	-1.5302449	0.3448619	0.0102496	-1.5190753	0.2231980	0.0099037	-1.5877788	0.2434899	0.0085467	-1.5325704	0.3420049	-0.3009655	-1.5222076	0.2198813	-0.3029716	-1.5952751	0.2406858	-0.3025539	-1.5374506	0.8816918	-0.0398377	-1.5185226	0.8807399	-0.2609396	-1.5936281	1.1428973	0.1340914	-1.6087996	1.1319659	0.0423011	-1.4659816	0.9149457	0.0845169	-1.5309671	0.8833103	0.1011710	-1.5353933	1.1697609	-0.4422404	-1.5785248	1.1551806	-0.3679056	-1.4233446	0.9313787	-0.3797424	-1.4822455	0.9045468	-0.4044855
211	3.5000000	-1.5769100	1.4543033	-0.1505300	-1.5701800	1.4435433	0.0274800	-1.5835800	1.1722133	0.0869700	-1.5105800	0.9132433	0.0994400	-1.5518000	1.4628133	-0.3278100	-1.5408500	1.1994433	-0.3972800	-1.4601300	0.9399133	-0.3957200	-1.4913300	0.9114033	-0.1469200	-1.4945600	0.9126133	-0.0246400	-1.5051400	0.4695633	-0.0539900	-1.5724800	0.0774333	-0.0722800	-1.4734200	0.9117033	-0.2687300	-1.5005800	0.4766733	-0.2405300	-1.5827200	0.0710433	-0.2173400	-1.3967600	0.0319333	-0.2431400	-1.4086700	0.0335633	-0.2446500	-1.6146300	0.0342333	-0.2065900	-1.4268200	0.0255233	-0.0576700	-1.4368900	0.0285333	-0.0553900	-1.5960600	0.0428333	-0.0812300	-1.4441718	0.9897549	0.0430213	-1.4127809	0.9881442	-0.3231419	-1.6552126	0.9945504	-0.0874729	-1.6421817	0.9933367	-0.2307694	-1.5108349	0.4617419	0.0186583	-1.4954532	0.4740845	-0.1107418	-1.5770259	0.0739670	-0.0308863	-1.5476192	0.0847510	-0.1175980	-1.4414424	0.0352700	-0.0669638	-1.4879857	0.0320069	-0.0160501	-1.6350326	0.0603514	-0.0897213	-1.5085338	0.4588664	-0.3095718	-1.5035540	0.4721822	-0.1735728	-1.5867181	0.0708802	-0.2632296	-1.5599273	0.0810238	-0.1719961	-1.4274259	0.0404881	-0.2292053	-1.6589256	0.0512069	-0.2032445	-1.4784910	0.0357998	-0.2837610	-1.5749412	1.4886006	0.0288054	-1.5627720	1.5082718	-0.3264793	-1.6713283	1.5037691	-0.1522587	-1.4378295	0.7262213	0.0534029	-1.4722477	0.6199673	0.0640849	-1.5624072	0.7282925	0.0726096	-1.4152201	0.7199857	-0.3457484	-1.4549881	0.6154873	-0.3574638	-1.5431554	0.7264782	-0.3760714	-1.5304400	0.3447432	0.0098032	-1.5193108	0.2231305	0.0094988	-1.5880189	0.2434386	0.0082142	-1.5315654	0.3418659	-0.3014204	-1.5213142	0.2197549	-0.3033587	-1.5944122	0.2407014	-0.3030907	-1.5375014	0.8811554	-0.0402500	-1.5187154	0.8802273	-0.2613598	-1.5932285	1.1423716	0.1336668	-1.6085696	1.1314140	0.0419495	-1.4654431	0.9145875	0.0838756	-1.5302815	0.8830616	0.1004472	-1.5347982	1.1691625	-0.4426710	-1.5780251	1.1546348	-0.3685601	-1.4226575	0.9309071	-0.3797154	-1.4813373	0.9041584	-0.4048071
212	3.5166667	-1.5755300	1.4542233	-0.1509000	-1.5685100	1.4435733	0.0271700	-1.5827000	1.1726233	0.0867500	-1.5092300	0.9131933	0.0992300	-1.5506700	1.4626633	-0.3282500	-1.5408000	1.1994033	-0.3976300	-1.4594200	0.9399033	-0.3961100	-1.4913700	0.9106433	-0.1476200	-1.4943100	0.9116533	-0.0252200	-1.5048800	0.4702433	-0.0543100	-1.5721300	0.0780933	-0.0720500	-1.4737200	0.9111633	-0.2695600	-1.5005900	0.4768833	-0.2409100	-1.5820700	0.0718833	-0.2172700	-1.3964700	0.0323133	-0.2431800	-1.4083100	0.0339733	-0.2446800	-1.6144300	0.0351233	-0.2065700	-1.4270400	0.0259933	-0.0578100	-1.4370300	0.0290133	-0.0554800	-1.5952800	0.0438033	-0.0809500	-1.4439173	0.9888470	0.0422326	-1.4128135	0.9872911	-0.3239538	-1.6551272	0.9941552	-0.0880660	-1.6422059	0.9929769	-0.2313797	-1.5107988	0.4614462	0.0180184	-1.4956155	0.4737573	-0.1114348	-1.5771955	0.0739600	-0.0312050	-1.5479235	0.0847249	-0.1179389	-1.4416844	0.0354456	-0.0673858	-1.4882071	0.0321651	-0.0164212	-1.6352699	0.0603109	-0.0899482	-1.5075112	0.4586299	-0.3102794	-1.5026628	0.4719807	-0.1741990	-1.5859837	0.0708913	-0.2637303	-1.5593505	0.0810564	-0.1724527	-1.4268151	0.0407593	-0.2296882	-1.6583438	0.0511900	-0.2037664	-1.4777896	0.0360531	-0.2842386	-1.5745184	1.4883312	0.0281549	-1.5624014	1.5079891	-0.3271234	-1.6710118	1.5034918	-0.1527961	-1.4377932	0.7256864	0.0526061	-1.4721783	0.6195378	0.0633640	-1.5622447	0.7277574	0.0720499	-1.4149417	0.7197595	-0.3463539	-1.4543950	0.6152424	-0.3581325	-1.5428246	0.7258588	-0.3768259	-1.5304643	0.3445409	0.0092457	-1.5193698	0.2230107	0.0090029	-1.5880534	0.2433317	0.0078148	-1.5305409	0.3416174	-0.3020078	-1.5203709	0.2195433	-0.3038366	-1.5934830	0.2406119	-0.3037308	-1.5375197	0.8804517	-0.0408892	-1.5189048	0.8795592	-0.2620173	-1.5926772	1.1417280	0.1331190	-1.6081744	1.1307187	0.0414698	-1.4647077	0.9141143	0.0831619	-1.5293898	0.8826614	0.0996511	-1.5341664	1.1684088	-0.4433189	-1.5774961	1.1539435	-0.3694079	-1.4218530	0.9303252	-0.3798997	-1.4803489	0.9036340	-0.4053558
213	3.5333333	-1.5738800	1.4542833	-0.1514000	-1.5659000	1.4436333	0.0265800	-1.5815400	1.1730233	0.0864100	-1.5080900	0.9133333	0.0988800	-1.5500000	1.4626933	-0.3287400	-1.5404900	1.1997033	-0.3980600	-1.4592900	0.9397833	-0.3965100	-1.4916900	0.9101433	-0.1484400	-1.4942900	0.9110533	-0.0258800	-1.5046700	0.4709533	-0.0547200	-1.5722900	0.0785633	-0.0717900	-1.4743200	0.9106933	-0.2705500	-1.5007600	0.4770133	-0.2413500	-1.5817800	0.0726133	-0.2170900	-1.3956800	0.0327933	-0.2433500	-1.4075200	0.0344833	-0.2448300	-1.6145400	0.0359233	-0.2064000	-1.4268100	0.0261133	-0.0578700	-1.4368100	0.0291133	-0.0555000	-1.5947500	0.0446633	-0.0807600	-1.4438546	0.9881781	0.0413092	-1.4131597	0.9866731	-0.3249056	-1.6552903	0.9940903	-0.0887221	-1.6425252	0.9929453	-0.2320553	-1.5108579	0.4614702	0.0173658	-1.4958929	0.4737186	-0.1121442	-1.5774118	0.0742824	-0.0314371	-1.5482881	0.0850061	-0.1181990	-1.4419864	0.0358995	-0.0677187	-1.4884878	0.0326185	-0.0166978	-1.6355481	0.0606084	-0.0900660	-1.5068550	0.4586933	-0.3110123	-1.5021125	0.4721071	-0.1748842	-1.5854652	0.0712160	-0.2641404	-1.5589809	0.0814305	-0.1728508	-1.4263817	0.0413534	-0.2301368	-1.6579627	0.0514953	-0.2041816	-1.4772872	0.0366114	-0.2846486	-1.5739124	1.4883594	0.0274421	-1.5620766	1.5080311	-0.3278497	-1.6706287	1.5035836	-0.1533468	-1.4379374	0.7255007	0.0517141	-1.4722521	0.6194506	0.0625810	-1.5622668	0.7275254	0.0714191	-1.4150403	0.7197836	-0.3470547	-1.4541756	0.6152627	-0.3588634	-1.5428476	0.7255048	-0.3776310	-1.5305755	0.3446622	0.0087020	-1.5195065	0.2232251	0.0085414	-1.5881475	0.2435511	0.0074675	-1.5298417	0.3416760	-0.3025806	-1.5197181	0.2196491	-0.3042698	-1.5928346	0.2408194	-0.3043164	-1.5377927	0.8800232	-0.0416356	-1.5194233	0.8791641	-0.2627854	-1.5921757	1.1413940	0.1325559	-1.6078561	1.1303253	0.0409785	-1.4640541	0.9139225	0.0824410	-1.5285911	0.8825223	0.0988732	-1.5338029	1.1679289	-0.4440612	-1.5772298	1.1535443	-0.3703309	-1.4213228	0.9300184	-0.3802037	-1.4796908	0.9033816	-0.4060265
214	3.5500000	-1.5718600	1.4544733	-0.1521100	-1.5627600	1.4437533	0.0256400	-1.5804300	1.1731733	0.0859900	-1.5073100	0.9137533	0.0984900	-1.5491400	1.4629633	-0.3293100	-1.5393400	1.2000633	-0.3986100	-1.4591400	0.9397933	-0.3969200	-1.4922100	0.9105933	-0.1492500	-1.4948600	0.9115333	-0.0265200	-1.5048600	0.4714233	-0.0551400	-1.5730900	0.0785533	-0.0716100	-1.4747500	0.9111933	-0.2715200	-1.5009800	0.4770033	-0.2417500	-1.5822700	0.0728233	-0.2170400	-1.3949500	0.0331433	-0.2435300	-1.4069300	0.0348333	-0.2449800	-1.6149400	0.0362733	-0.2063400	-1.4257500	0.0260933	-0.0578400	-1.4359100	0.0290333	-0.0554500	-1.5946700	0.0450333	-0.0807600	-1.4439035	0.9884558	0.0403919	-1.4137065	0.9869497	-0.3258533	-1.6556382	0.9950376	-0.0893350	-1.6430622	0.9939007	-0.2326860	-1.5110187	0.4624215	0.0167800	-1.4962703	0.4745802	-0.1127966	-1.5776131	0.0753850	-0.0315122	-1.5486243	0.0860540	-0.1183125	-1.4421348	0.0370895	-0.0678778	-1.4886511	0.0338021	-0.0167889	-1.6358431	0.0616493	-0.0900326	-1.5065577	0.4596766	-0.3116369	-1.5018954	0.4731650	-0.1754849	-1.5851704	0.0723626	-0.2643925	-1.5588177	0.0826411	-0.1731107	-1.4260863	0.0427045	-0.2304619	-1.6577986	0.0526183	-0.2044308	-1.4769556	0.0379301	-0.2849200	-1.5729789	1.4893163	0.0267563	-1.5616903	1.5090454	-0.3285662	-1.6700601	1.5047223	-0.1538174	-1.4382089	0.7263010	0.0508458	-1.4724430	0.6203297	0.0618405	-1.5624570	0.7282701	0.0708296	-1.4154293	0.7206939	-0.3477443	-1.4542751	0.6161817	-0.3595395	-1.5431771	0.7260917	-0.3783616	-1.5307632	0.3456803	0.0082617	-1.5196835	0.2243136	0.0082108	-1.5882911	0.2446038	0.0072352	-1.5294683	0.3426372	-0.3030340	-1.5193529	0.2206373	-0.3045833	-1.5924822	0.2418837	-0.3047498	-1.5382583	0.8805767	-0.0423678	-1.5201898	0.8797193	-0.2635399	-1.5916236	1.1420041	0.1320361	-1.6075133	1.1308812	0.0405460	-1.4634717	0.9146065	0.0817831	-1.5278917	0.8832768	0.0981948	-1.5335008	1.1683576	-0.4447850	-1.5770209	1.1540712	-0.3712332	-1.4209676	0.9305869	-0.3805376	-1.4792459	0.9040276	-0.4067327
215	3.5666667	-1.5696000	1.4547133	-0.1530600	-1.5600000	1.4439533	0.0244800	-1.5793700	1.1732433	0.0855000	-1.5064200	0.9142133	0.0980500	-1.5474300	1.4632833	-0.3300900	-1.5379500	1.2003733	-0.3993900	-1.4585700	0.9399933	-0.3974000	-1.4927500	0.9120933	-0.1500700	-1.4961100	0.9130433	-0.0272300	-1.5052500	0.4716733	-0.0554100	-1.5745400	0.0781333	-0.0715300	-1.4745600	0.9127233	-0.2724200	-1.5014900	0.4768133	-0.2421700	-1.5832900	0.0725933	-0.2172100	-1.3944000	0.0332733	-0.2435500	-1.4065700	0.0349533	-0.2450200	-1.6156700	0.0360733	-0.2065000	-1.4247800	0.0261133	-0.0578100	-1.4351000	0.0289833	-0.0554200	-1.5954800	0.0447533	-0.0808400	-1.4439736	0.9898151	0.0394838	-1.4142085	0.9882073	-0.3267829	-1.6560177	0.9970496	-0.0899917	-1.6436035	0.9958744	-0.2333519	-1.5112623	0.4642958	0.0162025	-1.4966861	0.4763421	-0.1134379	-1.5778113	0.0771383	-0.0315104	-1.5489094	0.0877430	-0.1183499	-1.4420513	0.0388754	-0.0679368	-1.4886444	0.0355573	-0.0167716	-1.6361917	0.0632769	-0.0899462	-1.5065237	0.4615583	-0.3121782	-1.5019359	0.4751225	-0.1760074	-1.5850427	0.0742316	-0.2645825	-1.5588082	0.0845778	-0.1733007	-1.4258457	0.0446523	-0.2306915	-1.6578118	0.0544538	-0.2046232	-1.4767109	0.0398489	-0.2851142	-1.5716164	1.4912074	0.0260420	-1.5609690	1.5110242	-0.3293137	-1.6691054	1.5069268	-0.1543069	-1.4385125	0.7281223	0.0499730	-1.4726935	0.6221944	0.0611000	-1.5627564	0.7300624	0.0702233	-1.4158835	0.7225035	-0.3484334	-1.4545197	0.6180018	-0.3601804	-1.5436217	0.7276786	-0.3790680	-1.5310160	0.3475555	0.0078704	-1.5198989	0.2262012	0.0079587	-1.5885028	0.2464095	0.0070326	-1.5293418	0.3444647	-0.3034290	-1.5191969	0.2224487	-0.3048573	-1.5923634	0.2437398	-0.3051082	-1.5387775	0.8822205	-0.0431262	-1.5209724	0.8813018	-0.2643134	-1.5908746	1.1435883	0.1314754	-1.6069810	1.1324132	0.0400924	-1.4628271	0.9161828	0.0811315	-1.5271594	0.8849650	0.0975548	-1.5329935	1.1697307	-0.4455270	-1.5766140	1.1555526	-0.3721629	-1.4205680	0.9320541	-0.3809252	-1.4787616	0.9056070	-0.4075143
216	3.5833333	-1.5675100	1.4549133	-0.1541500	-1.5582600	1.4441833	0.0233300	-1.5780000	1.1736433	0.0848800	-1.5051300	0.9143233	0.0973900	-1.5450200	1.4634733	-0.3310900	-1.5373700	1.2004733	-0.4004600	-1.4580000	0.9403433	-0.3980600	-1.4930700	0.9136833	-0.1510100	-1.4974100	0.9147033	-0.0281100	-1.5049600	0.4719933	-0.0555600	-1.5767800	0.0774833	-0.0714400	-1.4739000	0.9141733	-0.2733400	-1.5025700	0.4765033	-0.2427500	-1.5844400	0.0723333	-0.2174500	-1.3944300	0.0330933	-0.2434900	-1.4067200	0.0347133	-0.2449900	-1.6167400	0.0357633	-0.2066900	-1.4250800	0.0261033	-0.0577800	-1.4354600	0.0289733	-0.0553800	-1.5977400	0.0439633	-0.0808200	-1.4439359	0.9913226	0.0384854	-1.4144033	0.9895117	-0.3277768	-1.6562098	0.9991112	-0.0908459	-1.6438807	0.9978538	-0.2342001	-1.5114057	0.4661004	0.0155586	-1.4969305	0.4780090	-0.1141245	-1.5781460	0.0785763	-0.0315385	-1.5492729	0.0890964	-0.1184140	-1.4419119	0.0402163	-0.0680157	-1.4886489	0.0368774	-0.0167659	-1.6367560	0.0645767	-0.0899109	-1.5065920	0.4633103	-0.3127582	-1.5020895	0.4769470	-0.1765802	-1.5850360	0.0758364	-0.2648367	-1.5589151	0.0862427	-0.1735368	-1.4256179	0.0461862	-0.2309309	-1.6579772	0.0560383	-0.2048837	-1.4765071	0.0413437	-0.2853423	-1.5697901	1.4930118	0.0251993	-1.5596520	1.5129230	-0.3301879	-1.6675885	1.5091325	-0.1549714	-1.4386480	0.7299897	0.0489947	-1.4728170	0.6240636	0.0602649	-1.5629810	0.7319230	0.0694770	-1.4161510	0.7241999	-0.3492008	-1.4546943	0.6197053	-0.3608802	-1.5439159	0.7292833	-0.3798726	-1.5312320	0.3492775	0.0074441	-1.5201521	0.2278599	0.0076852	-1.5887788	0.2480135	0.0067718	-1.5293346	0.3461407	-0.3038990	-1.5191549	0.2240694	-0.3052132	-1.5923757	0.2453892	-0.3055281	-1.5391305	0.8839803	-0.0440373	-1.5214698	0.8829369	-0.2652215	-1.5897560	1.1451755	0.1307352	-1.6060766	1.1339352	0.0394887	-1.4619131	0.9176929	0.0803509	-1.5261710	0.8866215	0.0968069	-1.5321726	1.1710878	-0.4463919	-1.5759053	1.1570196	-0.3732183	-1.4199767	0.9334540	-0.3814369	-1.4780741	0.9071496	-0.4084482
217	3.6000000	-1.5655900	1.4550033	-0.1552800	-1.5569600	1.4443733	0.0222400	-1.5760400	1.1742833	0.0840200	-1.5037600	0.9141733	0.0963900	-1.5424800	1.4634833	-0.3321900	-1.5375200	1.2006833	-0.4016700	-1.4577300	0.9406133	-0.3989700	-1.4930200	0.9142033	-0.1520500	-1.4978900	0.9153533	-0.0290900	-1.5040800	0.4723033	-0.0556800	-1.5793100	0.0769333	-0.0714100	-1.4733100	0.9145233	-0.2744000	-1.5038300	0.4761433	-0.2435800	-1.5851500	0.0724233	-0.2176400	-1.3956300	0.0325033	-0.2435400	-1.4078700	0.0340933	-0.2450400	-1.6173200	0.0357933	-0.2068100	-1.4265800	0.0259533	-0.0576700	-1.4369300	0.0288333	-0.0552700	-1.6006500	0.0431333	-0.0809000	-1.4436855	0.9918005	0.0374018	-1.4141760	0.9897570	-0.3288086	-1.6560532	1.0000507	-0.0918638	-1.6437313	0.9987005	-0.2351918	-1.5112690	0.4667293	0.0149193	-1.4968191	0.4784820	-0.1147683	-1.5787372	0.0787793	-0.0315951	-1.5498449	0.0891857	-0.1184913	-1.4419708	0.0401485	-0.0680869	-1.4889081	0.0368410	-0.0167574	-1.6376402	0.0647050	-0.0899210	-1.5066053	0.4638383	-0.3134102	-1.5021882	0.4775354	-0.1772535	-1.5851011	0.0762063	-0.2651218	-1.5590852	0.0866546	-0.1737972	-1.4254520	0.0463582	-0.2311994	-1.6582274	0.0564383	-0.2051525	-1.4763769	0.0414588	-0.2855958	-1.5675188	1.4935886	0.0242357	-1.5576866	1.5135834	-0.3311435	-1.6654568	1.5101266	-0.1557910	-1.4384665	0.7307520	0.0479634	-1.4726546	0.6248049	0.0593904	-1.5629601	0.7326878	0.0686058	-1.4161026	0.7246718	-0.3500306	-1.4546609	0.6201887	-0.3616397	-1.5438919	0.7297809	-0.3807579	-1.5313113	0.3497729	0.0070214	-1.5204406	0.2282394	0.0074055	-1.5890887	0.2484443	0.0064891	-1.5293169	0.3465967	-0.3044514	-1.5191349	0.2244601	-0.3056295	-1.5924077	0.2458172	-0.3060071	-1.5391521	0.8846653	-0.0450838	-1.5215088	0.8834781	-0.2662353	-1.5881932	1.1456835	0.1298344	-1.6047315	1.1343603	0.0387543	-1.4606356	0.9180619	0.0794360	-1.5248253	0.8871500	0.0959369	-1.5311032	1.1713590	-0.4473652	-1.5749514	1.1573949	-0.3743697	-1.4191954	0.9337148	-0.3820441	-1.4771968	0.9075736	-0.4094916
218	3.6166667	-1.5635100	1.4551133	-0.1564800	-1.5552100	1.4445933	0.0210700	-1.5735800	1.1746933	0.0828200	-1.5026800	0.9140233	0.0950500	-1.5400800	1.4634433	-0.3333800	-1.5375900	1.2007033	-0.4027200	-1.4570400	0.9405533	-0.4000100	-1.4924700	0.9131733	-0.1531600	-1.4971300	0.9144733	-0.0301100	-1.5043900	0.4720433	-0.0558900	-1.5811700	0.0766033	-0.0715800	-1.4729300	0.9133833	-0.2756200	-1.5038200	0.4759033	-0.2446400	-1.5847900	0.0724733	-0.2179800	-1.3977200	0.0316233	-0.2437200	-1.4098400	0.0332833	-0.2452200	-1.6167700	0.0357133	-0.2071000	-1.4287300	0.0254333	-0.0573800	-1.4389700	0.0283833	-0.0550000	-1.6027100	0.0427133	-0.0813200	-1.4430453	0.9907406	0.0362575	-1.4134408	0.9885040	-0.3298819	-1.6553851	0.9994255	-0.0929693	-1.6430300	0.9980031	-0.2362656	-1.5108621	0.4658036	0.0143168	-1.4963611	0.4773892	-0.1153222	-1.5795199	0.0775811	-0.0317036	-1.5505679	0.0878440	-0.1185770	-1.4423346	0.0385472	-0.0681083	-1.4894988	0.0353256	-0.0167408	-1.6386962	0.0635249	-0.0899991	-1.5062743	0.4628017	-0.3141838	-1.5019152	0.4765535	-0.1780627	-1.5850092	0.0751031	-0.2654533	-1.5590692	0.0855776	-0.1741047	-1.4252940	0.0449820	-0.2315467	-1.6582715	0.0554424	-0.2054212	-1.4762341	0.0400204	-0.2859041	-1.5647748	1.4925847	0.0231326	-1.5551180	1.5126432	-0.3321601	-1.6627183	1.5094860	-0.1567348	-1.4379210	0.7299093	0.0469512	-1.4721810	0.6239676	0.0585288	-1.5625827	0.7319055	0.0676318	-1.4156091	0.7235506	-0.3509562	-1.4542306	0.6190908	-0.3625015	-1.5433960	0.7287379	-0.3817250	-1.5312530	0.3487393	0.0066006	-1.5207487	0.2270919	0.0071139	-1.5893820	0.2474528	0.0061716	-1.5290166	0.3455127	-0.3051099	-1.5188904	0.2233244	-0.3061260	-1.5921957	0.2447492	-0.3065657	-1.5386851	0.8837730	-0.0462159	-1.5209861	0.8824665	-0.2673223	-1.5861656	1.1447495	0.1288105	-1.6029192	1.1333392	0.0379153	-1.4589845	0.9169331	0.0784108	-1.5231124	0.8861852	0.0949517	-1.5297778	1.1701683	-0.4484157	-1.5737300	1.1562931	-0.3755656	-1.4181239	0.9324929	-0.3827229	-1.4760410	0.9065139	-0.4105937
219	3.6333333	-1.5612800	1.4552133	-0.1578800	-1.5529900	1.4448733	0.0196600	-1.5710200	1.1747133	0.0813400	-1.5016000	0.9140433	0.0935500	-1.5378600	1.4633433	-0.3347700	-1.5367800	1.2006733	-0.4035700	-1.4552400	0.9400233	-0.4010700	-1.4911700	0.9111133	-0.1543700	-1.4953000	0.9124633	-0.0313000	-1.5062400	0.4712233	-0.0563000	-1.5819900	0.0765733	-0.0718600	-1.4721400	0.9112533	-0.2768700	-1.5019900	0.4758833	-0.2457400	-1.5838300	0.0720033	-0.2186700	-1.3991200	0.0307433	-0.2439400	-1.4112500	0.0324133	-0.2454300	-1.6162600	0.0349533	-0.2077200	-1.4305100	0.0249633	-0.0567300	-1.4406300	0.0279833	-0.0544100	-1.6041400	0.0425633	-0.0817800	-1.4416898	0.9886557	0.0350405	-1.4119584	0.9862644	-0.3310635	-1.6539404	0.9977934	-0.0941703	-1.6415432	0.9963197	-0.2374524	-1.5101569	0.4639412	0.0137039	-1.4955305	0.4753365	-0.1158433	-1.5802452	0.0757029	-0.0318816	-1.5511955	0.0857849	-0.1186806	-1.4427777	0.0362444	-0.0680658	-1.4901816	0.0331194	-0.0167226	-1.6396298	0.0617036	-0.0901679	-1.5051882	0.4608162	-0.3151340	-1.5008534	0.4746327	-0.1790435	-1.5844595	0.0731819	-0.2659309	-1.5585607	0.0836757	-0.1745632	-1.4248866	0.0427674	-0.2320370	-1.6577958	0.0536925	-0.2058201	-1.4758100	0.0377469	-0.2863437	-1.5614553	1.4906885	0.0218521	-1.5519285	1.5107962	-0.3333098	-1.6593567	1.5078529	-0.1578391	-1.4368739	0.7279850	0.0459448	-1.4712995	0.6221142	0.0576559	-1.5616551	0.7301530	0.0665404	-1.4144103	0.7214314	-0.3520506	-1.4530834	0.6170113	-0.3635352	-1.5421494	0.7266886	-0.3828296	-1.5309735	0.3468468	0.0061376	-1.5209235	0.2251311	0.0067868	-1.5895025	0.2457104	0.0057794	-1.5280536	0.3434986	-0.3059305	-1.5180809	0.2212699	-0.3067805	-1.5913874	0.2428318	-0.3072733	-1.5374685	0.8818289	-0.0474413	-1.5196920	0.8804278	-0.2685243	-1.5835891	1.1429869	0.1276497	-1.6005289	1.1315005	0.0369382	-1.4568297	0.9149352	0.0772883	-1.5209035	0.8843442	0.0938434	-1.5279618	1.1681047	-0.4495579	-1.5720059	1.1542905	-0.3768136	-1.4164511	0.9304145	-0.3834935	-1.4743025	0.9045740	-0.4117624
220	3.6500000	-1.5591500	1.4552833	-0.1595600	-1.5507600	1.4451633	0.0179600	-1.5685200	1.1745933	0.0798200	-1.4998100	0.9141733	0.0920300	-1.5358600	1.4631833	-0.3364200	-1.5347200	1.2005033	-0.4045200	-1.4528500	0.9392933	-0.4021600	-1.4891800	0.9091233	-0.1557100	-1.4931200	0.9105733	-0.0327800	-1.5073100	0.4705333	-0.0569500	-1.5823600	0.0767733	-0.0719700	-1.4703700	0.9091833	-0.2780900	-1.5001200	0.4759033	-0.2467400	-1.5831600	0.0709233	-0.2193900	-1.3983900	0.0302433	-0.2442500	-1.4107300	0.0318633	-0.2457200	-1.6168900	0.0333233	-0.2082400	-1.4298700	0.0253633	-0.0558700	-1.4400200	0.0283933	-0.0536200	-1.6062600	0.0420633	-0.0818900	-1.4396416	0.9866405	0.0337255	-1.4097628	0.9840806	-0.3323821	-1.6517940	0.9962598	-0.0955104	-1.6393451	0.9947310	-0.2387962	-1.5091248	0.4622863	0.0130522	-1.4943440	0.4734605	-0.1164282	-1.5807963	0.0742233	-0.0320718	-1.5516330	0.0840918	-0.1188027	-1.4429153	0.0345122	-0.0679526	-1.4906050	0.0314125	-0.0166463	-1.6404290	0.0601839	-0.0903980	-1.5034582	0.4589798	-0.3162296	-1.4991453	0.4728805	-0.1801705	-1.5835672	0.0714884	-0.2665392	-1.5577033	0.0820103	-0.1751637	-1.4241552	0.0408888	-0.2326352	-1.6569882	0.0521346	-0.2063850	-1.4750521	0.0357778	-0.2868994	-1.5577643	1.4890682	0.0204236	-1.5483638	1.5092274	-0.3346622	-1.6556511	1.5064152	-0.1591164	-1.4353118	0.7261483	0.0448924	-1.4699831	0.6204014	0.0567443	-1.5601862	0.7285628	0.0653632	-1.4125762	0.7194089	-0.3533005	-1.4512961	0.6150437	-0.3647186	-1.5402207	0.7247191	-0.3840763	-1.5304051	0.3452124	0.0056430	-1.5208441	0.2234712	0.0064536	-1.5893829	0.2443102	0.0053569	-1.5265303	0.3416235	-0.3068867	-1.5168074	0.2193413	-0.3075679	-1.5901003	0.2411340	-0.3081111	-1.5355737	0.8799631	-0.0487906	-1.5177059	0.8784602	-0.2698759	-1.5806069	1.1414983	0.1263436	-1.5976910	1.1299494	0.0358003	-1.4542159	0.9132033	0.0760841	-1.5182367	0.8827391	0.0926308	-1.5256630	1.1662592	-0.4508032	-1.5697913	1.1524805	-0.3781367	-1.4142020	0.9285709	-0.3843803	-1.4720159	0.9028445	-0.4130266
221	3.6666667	-1.5571500	1.4551133	-0.1613900	-1.5485700	1.4451533	0.0160800	-1.5659900	1.1745933	0.0783700	-1.4973700	0.9142433	0.0905100	-1.5340600	1.4629033	-0.3382200	-1.5318000	1.2003233	-0.4059000	-1.4508300	0.9386033	-0.4035200	-1.4870900	0.9079833	-0.1571700	-1.4912600	0.9094833	-0.0344000	-1.5058800	0.4704833	-0.0577800	-1.5834000	0.0766333	-0.0719100	-1.4680800	0.9079233	-0.2793700	-1.4997400	0.4756933	-0.2477200	-1.5828300	0.0703133	-0.2198300	-1.3967400	0.0302933	-0.2447700	-1.4092200	0.0318633	-0.2462100	-1.6177800	0.0324133	-0.2084200	-1.4272400	0.0264833	-0.0552300	-1.4376400	0.0294133	-0.0530300	-1.6098000	0.0409733	-0.0816300	-1.4374697	0.9854707	0.0323030	-1.4074448	0.9827202	-0.3338400	-1.6495638	0.9955835	-0.0969522	-1.6370578	0.9939903	-0.2402543	-1.5079837	0.4615800	0.0123616	-1.4931027	0.4725175	-0.1171521	-1.5815212	0.0737721	-0.0321944	-1.5522759	0.0834158	-0.1189458	-1.4428142	0.0340614	-0.0677873	-1.4908691	0.0309074	-0.0164409	-1.6416045	0.0595435	-0.0906271	-1.5017898	0.4580518	-0.3174044	-1.4975369	0.4720473	-0.1813957	-1.5828894	0.0707313	-0.2671628	-1.5570926	0.0812905	-0.1757950	-1.4234843	0.0401056	-0.2332819	-1.6564724	0.0514198	-0.2070005	-1.4743656	0.0348528	-0.2874973	-1.5543093	1.4884276	0.0189171	-1.5450655	1.5086158	-0.3362271	-1.6522448	1.5059067	-0.1605072	-1.4335734	0.7252297	0.0437551	-1.4685099	0.6196164	0.0557884	-1.5585923	0.7278749	0.0641895	-1.4106989	0.7182610	-0.3546390	-1.4494967	0.6139610	-0.3659827	-1.5382254	0.7236071	-0.3854139	-1.5297899	0.3445287	0.0051568	-1.5207636	0.2227792	0.0061570	-1.5893200	0.2439160	0.0049944	-1.5251011	0.3406359	-0.3079040	-1.5156703	0.2182778	-0.3083942	-1.5889566	0.2403791	-0.3089920	-1.5335902	0.8789606	-0.0502469	-1.5156310	0.8773438	-0.2713565	-1.5777128	1.1409839	0.1249082	-1.5949325	1.1293802	0.0345221	-1.4516028	0.9124403	0.0747962	-1.5155773	0.8820692	0.0913438	-1.5233670	1.1653475	-0.4521732	-1.5675730	1.1516004	-0.3795708	-1.4119675	0.9276354	-0.3854281	-1.4697851	0.9020238	-0.4144470
222	3.6833333	-1.5549500	1.4549533	-0.1631600	-1.5461000	1.4447833	0.0143800	-1.5634200	1.1746433	0.0767500	-1.4947400	0.9140833	0.0889500	-1.5321500	1.4628633	-0.3400500	-1.5287900	1.2001033	-0.4077000	-1.4494900	0.9376533	-0.4052100	-1.4850100	0.9076833	-0.1587500	-1.4894200	0.9092633	-0.0360100	-1.5029400	0.4709633	-0.0587600	-1.5851600	0.0760633	-0.0717800	-1.4658000	0.9075633	-0.2808900	-1.5001400	0.4753333	-0.2488100	-1.5822700	0.0703533	-0.2200700	-1.3965800	0.0300433	-0.2452200	-1.4089200	0.0316833	-0.2466300	-1.6171700	0.0323533	-0.2084600	-1.4257000	0.0268533	-0.0548000	-1.4362500	0.0297133	-0.0526300	-1.6141000	0.0396033	-0.0812100	-1.4352555	0.9851302	0.0307592	-1.4051549	0.9822038	-0.3354692	-1.6473795	0.9957386	-0.0984431	-1.6348400	0.9940861	-0.2417805	-1.5066663	0.4617500	0.0115973	-1.4917709	0.4724356	-0.1180452	-1.5825640	0.0741775	-0.0322348	-1.5532879	0.0835803	-0.1191065	-1.4426696	0.0344816	-0.0676022	-1.4911602	0.0313022	-0.0161177	-1.6433367	0.0597310	-0.0907997	-1.5003815	0.4580147	-0.3186724	-1.4962241	0.4721023	-0.1827483	-1.5824667	0.0708385	-0.2677839	-1.5567671	0.0814336	-0.1764451	-1.4229688	0.0402085	-0.2340086	-1.6562601	0.0515354	-0.2075987	-1.4738366	0.0347813	-0.2881351	-1.5511073	1.4886428	0.0173584	-1.5421145	1.5088131	-0.3379965	-1.6491854	1.5061983	-0.1619616	-1.4316403	0.7251878	0.0424890	-1.4668374	0.6197077	0.0547470	-1.5568901	0.7280420	0.0630259	-1.4089190	0.7179596	-0.3560741	-1.4478509	0.6137420	-0.3673364	-1.5363237	0.7233610	-0.3868331	-1.5291216	0.3446971	0.0046552	-1.5207432	0.2229238	0.0058694	-1.5893595	0.2444044	0.0047008	-1.5239219	0.3405286	-0.3089986	-1.5147723	0.2180726	-0.3092726	-1.5880645	0.2405081	-0.3099051	-1.5316058	0.8787940	-0.0517922	-1.5135982	0.8770732	-0.2729577	-1.5749247	1.1413229	0.1233060	-1.5922927	1.1296675	0.0330937	-1.4490694	0.9125053	0.0733652	-1.5130063	0.8822132	0.0899435	-1.5211592	1.1652828	-0.4536963	-1.5654324	1.1515820	-0.3811578	-1.4099510	0.9274508	-0.3867046	-1.4678149	0.9019916	-0.4161005
223	3.7000000	-1.5526900	1.4547633	-0.1648600	-1.5433800	1.4442533	0.0129400	-1.5607800	1.1744233	0.0747500	-1.4919400	0.9139633	0.0873600	-1.5302500	1.4630833	-0.3420300	-1.5259200	1.1999633	-0.4097100	-1.4483800	0.9364433	-0.4070600	-1.4825700	0.9077633	-0.1604400	-1.4868800	0.9094233	-0.0376400	-1.5006700	0.4714633	-0.0598200	-1.5854700	0.0757433	-0.0717100	-1.4634600	0.9076333	-0.2826300	-1.5001200	0.4750833	-0.2499900	-1.5817600	0.0707833	-0.2202300	-1.3983800	0.0293133	-0.2451800	-1.4104300	0.0310533	-0.2466100	-1.6161500	0.0327533	-0.2085600	-1.4253900	0.0264733	-0.0543300	-1.4358800	0.0293233	-0.0522000	-1.6167300	0.0387933	-0.0808700	-1.4326102	0.9851541	0.0291135	-1.4025638	0.9821014	-0.3372652	-1.6448776	0.9962300	-0.0999525	-1.6323570	0.9945381	-0.2433524	-1.5049041	0.4622709	0.0107670	-1.4900753	0.4726641	-0.1190626	-1.5834374	0.0748866	-0.0321888	-1.5541801	0.0840093	-0.1192371	-1.4422773	0.0350392	-0.0673762	-1.4912051	0.0319042	-0.0156953	-1.6450282	0.0602711	-0.0908660	-1.4989476	0.4583841	-0.3200370	-1.4948773	0.4725621	-0.1842129	-1.5820448	0.0713025	-0.2684068	-1.5564300	0.0819273	-0.1771167	-1.4225519	0.0405251	-0.2347799	-1.6560187	0.0520723	-0.2081524	-1.4733872	0.0349144	-0.2887851	-1.5477602	1.4891818	0.0157515	-1.5391623	1.5093003	-0.3399034	-1.6460677	1.5067205	-0.1634391	-1.4292061	0.7254963	0.0411005	-1.4646737	0.6201600	0.0536162	-1.5547306	0.7285989	0.0618497	-1.4069211	0.7179680	-0.3576268	-1.4460641	0.6138727	-0.3687979	-1.5342167	0.7235307	-0.3883453	-1.5280826	0.3452082	0.0041321	-1.5204133	0.2233950	0.0055885	-1.5891095	0.2452382	0.0044584	-1.5227331	0.3408306	-0.3101737	-1.5138645	0.2182501	-0.3102195	-1.5871610	0.2410308	-0.3108497	-1.5292291	0.8789844	-0.0534134	-1.5112514	0.8771907	-0.2746736	-1.5718926	1.1419812	0.1215149	-1.5894028	1.1302813	0.0315043	-1.4463013	0.9128746	0.0717659	-1.5101921	0.8826544	0.0883927	-1.5187291	1.1655590	-0.4553531	-1.5630482	1.1519268	-0.3828877	-1.4078916	0.9274818	-0.3882156	-1.4658282	0.9022350	-0.4179792
224	3.7166667	-1.5505900	1.4547033	-0.1667900	-1.5410100	1.4439333	0.0113800	-1.5581800	1.1740133	0.0724300	-1.4891700	0.9142333	0.0857200	-1.5283000	1.4632733	-0.3443000	-1.5229500	1.1996733	-0.4118800	-1.4470200	0.9354833	-0.4089000	-1.4798600	0.9080833	-0.1622500	-1.4840600	0.9098633	-0.0394400	-1.4996900	0.4717533	-0.0608500	-1.5825500	0.0763233	-0.0718600	-1.4608700	0.9077733	-0.2844700	-1.4995700	0.4749633	-0.2511800	-1.5817200	0.0711533	-0.2201100	-1.4010900	0.0283333	-0.2446400	-1.4129400	0.0301533	-0.2461000	-1.6168200	0.0328533	-0.2084500	-1.4239900	0.0264733	-0.0540300	-1.4344400	0.0293433	-0.0519300	-1.6152900	0.0391433	-0.0808300	-1.4296429	0.9854060	0.0273642	-1.3997576	0.9822600	-0.3391978	-1.6421385	0.9968788	-0.1015446	-1.6296824	0.9951594	-0.2450250	-1.5029147	0.4629732	0.0098443	-1.4882060	0.4730320	-0.1201983	-1.5836045	0.0757386	-0.0321416	-1.5543967	0.0845557	-0.1193675	-1.4413446	0.0356817	-0.0671651	-1.4906242	0.0325627	-0.0152838	-1.6459637	0.0609373	-0.0908941	-1.4976614	0.4589611	-0.3214529	-1.4936419	0.4732564	-0.1857058	-1.5818773	0.0719170	-0.2689843	-1.5563023	0.0825842	-0.1777516	-1.4226188	0.0408046	-0.2354483	-1.6559527	0.0528612	-0.2086270	-1.4733938	0.0350066	-0.2893436	-1.5444303	1.4898701	0.0140450	-1.5362870	1.5099222	-0.3419373	-1.6429934	1.5072874	-0.1650189	-1.4264888	0.7259955	0.0395853	-1.4622381	0.6208119	0.0523732	-1.5522629	0.7294038	0.0605914	-1.4048354	0.7180317	-0.3592946	-1.4442868	0.6141186	-0.3703538	-1.5320338	0.7239461	-0.3899735	-1.5266928	0.3459282	0.0035354	-1.5195798	0.2240967	0.0052673	-1.5883733	0.2462135	0.0041662	-1.5217470	0.3413487	-0.3113728	-1.5131850	0.2186067	-0.3111822	-1.5864766	0.2417533	-0.3117836	-1.5265527	0.8793963	-0.0551444	-1.5086698	0.8775505	-0.2765181	-1.5687707	1.1427866	0.1195096	-1.5863760	1.1310525	0.0297149	-1.4434406	0.9134089	0.0699922	-1.5072671	0.8832575	0.0866546	-1.5161364	1.1660070	-0.4571248	-1.5604797	1.1524636	-0.3847574	-1.4058450	0.9275828	-0.3899286	-1.4638450	0.9026069	-0.4200301
225	3.7333333	-1.5486300	1.4546133	-0.1691400	-1.5396700	1.4439233	0.0093200	-1.5557900	1.1737733	0.0700700	-1.4872600	0.9148933	0.0840600	-1.5256500	1.4630933	-0.3468700	-1.5199200	1.1993333	-0.4141100	-1.4455300	0.9350633	-0.4107900	-1.4774100	0.9085833	-0.1641900	-1.4820500	0.9106233	-0.0414500	-1.4988600	0.4720033	-0.0617600	-1.5780500	0.0772933	-0.0722100	-1.4580200	0.9080933	-0.2863100	-1.4993600	0.4746333	-0.2522800	-1.5819400	0.0713033	-0.2196200	-1.4040600	0.0274333	-0.2439900	-1.4158000	0.0293233	-0.2454600	-1.6187700	0.0322733	-0.2078800	-1.4215800	0.0270633	-0.0542200	-1.4321000	0.0299133	-0.0521400	-1.6110300	0.0401033	-0.0809700	-1.4269687	0.9858623	0.0255050	-1.3972137	0.9825998	-0.3412326	-1.6396826	0.9976008	-0.1033223	-1.6272823	0.9958435	-0.2468845	-1.5012053	0.4638145	0.0087868	-1.4866256	0.4735326	-0.1214657	-1.5830331	0.0766929	-0.0322159	-1.5538777	0.0852229	-0.1195822	-1.4399674	0.0365288	-0.0670924	-1.4894570	0.0333220	-0.0150398	-1.6459813	0.0616425	-0.0910102	-1.4970471	0.4596051	-0.3228327	-1.4930575	0.4740761	-0.1871298	-1.5824412	0.0725678	-0.2694065	-1.5568676	0.0833111	-0.1782343	-1.4236589	0.0410165	-0.2358757	-1.6565354	0.0537646	-0.2089284	-1.4743459	0.0350308	-0.2896784	-1.5417491	1.4906438	0.0121834	-1.5338401	1.5105837	-0.3441415	-1.6404524	1.5078515	-0.1668565	-1.4240901	0.7266627	0.0379251	-1.4600990	0.6216244	0.0509839	-1.5500547	0.7303740	0.0591827	-1.4031565	0.7180200	-0.3610137	-1.4430223	0.6143418	-0.3719334	-1.5302578	0.7244844	-0.3917129	-1.5253126	0.3468273	0.0028007	-1.5184570	0.2250236	0.0048324	-1.5873576	0.2472456	0.0037076	-1.5214771	0.3419525	-0.3124953	-1.5132334	0.2190182	-0.3120421	-1.5865168	0.2425430	-0.3126118	-1.5241384	0.8799820	-0.0570234	-1.5063326	0.8780697	-0.2785050	-1.5661419	1.1436833	0.1172738	-1.5837613	1.1319187	0.0276971	-1.4410803	0.9140435	0.0680771	-1.5048443	0.8839781	0.0847319	-1.5137621	1.1665563	-0.4590095	-1.5581378	1.1531168	-0.3867897	-1.4042007	0.9277164	-0.3918018	-1.4622214	0.9030629	-0.4222166
226	3.7500000	-1.5466600	1.4543933	-0.1718500	-1.5388700	1.4440633	0.0068000	-1.5532400	1.1739733	0.0679100	-1.4863100	0.9155633	0.0824500	-1.5224900	1.4625633	-0.3496500	-1.5175500	1.1987833	-0.4162800	-1.4442900	0.9346733	-0.4128300	-1.4756200	0.9089233	-0.1661500	-1.4810600	0.9111233	-0.0434900	-1.4974200	0.4720733	-0.0625500	-1.5752400	0.0775733	-0.0725400	-1.4554900	0.9082633	-0.2881300	-1.5001700	0.4736933	-0.2532400	-1.5813400	0.0711633	-0.2191400	-1.4060500	0.0268533	-0.2436800	-1.4176600	0.0287933	-0.2451300	-1.6199400	0.0316433	-0.2072600	-1.4199800	0.0276133	-0.0548400	-1.4306100	0.0304133	-0.0527300	-1.6078000	0.0404933	-0.0809600	-1.4250630	0.9862122	0.0236269	-1.3952805	0.9827703	-0.3432285	-1.6378929	0.9980852	-0.1052374	-1.6254877	0.9962653	-0.2488596	-1.5000940	0.4644839	0.0076686	-1.4856101	0.4738849	-0.1227673	-1.5822118	0.0774308	-0.0324025	-1.5530878	0.0857125	-0.1198596	-1.4386129	0.0372823	-0.0671703	-1.4881887	0.0339050	-0.0149799	-1.6455499	0.0620888	-0.0912079	-1.4973545	0.4599483	-0.3240267	-1.4934146	0.4746492	-0.1883435	-1.5837188	0.0729240	-0.2695511	-1.5581386	0.0837844	-0.1784325	-1.4255542	0.0409778	-0.2359906	-1.6577600	0.0543837	-0.2089356	-1.4761220	0.0348119	-0.2896993	-1.5400214	1.4911826	0.0102122	-1.5319688	1.5109403	-0.3464634	-1.6386792	1.5081548	-0.1689572	-1.4224138	0.7271956	0.0362191	-1.4586325	0.6222838	0.0495331	-1.5485226	0.7311550	0.0576831	-1.4021736	0.7176548	-0.3626088	-1.4425368	0.6142270	-0.3733710	-1.5291807	0.7247740	-0.3934392	-1.5243042	0.3475748	0.0019841	-1.5174726	0.2258312	0.0043205	-1.5864614	0.2480195	0.0031176	-1.5220914	0.3422866	-0.3134042	-1.5140952	0.2191650	-0.3126548	-1.5873834	0.2430256	-0.3132066	-1.5224166	0.8804123	-0.0589603	-1.5045939	0.8783947	-0.2805141	-1.5643107	1.1443581	0.1149457	-1.5818836	1.1325570	0.0255751	-1.4395727	0.9144185	0.0661599	-1.5033089	0.8844823	0.0827650	-1.5119025	1.1668529	-0.4609088	-1.5563386	1.1535344	-0.3888819	-1.4032403	0.9275557	-0.3937118	-1.4612414	0.9032611	-0.4244278
227	3.7666667	-1.5443800	1.4541533	-0.1747300	-1.5371500	1.4442133	0.0041100	-1.5502300	1.1743633	0.0659500	-1.4851300	0.9159733	0.0808700	-1.5196000	1.4619633	-0.3526500	-1.5160800	1.1980933	-0.4184000	-1.4432300	0.9340433	-0.4149700	-1.4747700	0.9089233	-0.1679700	-1.4804900	0.9112433	-0.0452700	-1.4955600	0.4716433	-0.0632500	-1.5746200	0.0771733	-0.0727000	-1.4543300	0.9081333	-0.2899700	-1.5014200	0.4722933	-0.2541200	-1.5794300	0.0713733	-0.2192100	-1.4053200	0.0268333	-0.2438400	-1.4169000	0.0287833	-0.2452900	-1.6191800	0.0316633	-0.2072000	-1.4201800	0.0274733	-0.0554800	-1.4308100	0.0302333	-0.0533600	-1.6067900	0.0403433	-0.0808200	-1.4241800	0.9862762	0.0218525	-1.3942225	0.9825854	-0.3450336	-1.6370294	0.9982277	-0.1071290	-1.6245605	0.9963204	-0.2507746	-1.4997373	0.4648037	0.0066379	-1.4853047	0.4739208	-0.1239497	-1.5817839	0.0777890	-0.0325992	-1.5526620	0.0858569	-0.1201093	-1.4378922	0.0377116	-0.0672992	-1.4874752	0.0341565	-0.0149985	-1.6453228	0.0621594	-0.0913915	-1.4985132	0.4598592	-0.3249433	-1.4946793	0.4748085	-0.1892511	-1.5852482	0.0728645	-0.2694179	-1.5596900	0.0838761	-0.1783282	-1.4276870	0.0407182	-0.2358255	-1.6591839	0.0545152	-0.2086582	-1.4780987	0.0343837	-0.2894430	-1.5391418	1.4913342	0.0082017	-1.5307011	1.5108606	-0.3488021	-1.6376510	1.5081524	-0.1712022	-1.4216793	0.7274321	0.0346389	-1.4580357	0.6226185	0.0481832	-1.5479119	0.7315619	0.0562401	-1.4020046	0.7169348	-0.3639331	-1.4428660	0.6137222	-0.3745439	-1.5289477	0.7246488	-0.3950088	-1.5239648	0.3479734	0.0012188	-1.5170783	0.2262961	0.0038485	-1.5860941	0.2483980	0.0025320	-1.5234026	0.3422256	-0.3140353	-1.5154649	0.2189721	-0.3129747	-1.5887810	0.2430378	-0.3135366	-1.5216729	0.8805146	-0.0607921	-1.5037445	0.8783502	-0.2823648	-1.5632251	1.1446640	0.1127605	-1.5807719	1.1328156	0.0235395	-1.4388548	0.9143732	0.0643843	-1.5026187	0.8846096	0.0809348	-1.5107516	1.1667012	-0.4627196	-1.5552634	1.1535305	-0.3908834	-1.4030682	0.9269567	-0.3955304	-1.4610412	0.9030255	-0.4265409
228	3.7833333	-1.5414000	1.4539533	-0.1777200	-1.5339500	1.4444033	0.0013200	-1.5478700	1.1747233	0.0640300	-1.4824600	0.9160433	0.0791100	-1.5168000	1.4612933	-0.3558400	-1.5146400	1.1973133	-0.4206200	-1.4420100	0.9334733	-0.4170700	-1.4743300	0.9093133	-0.1696200	-1.4795600	0.9120333	-0.0467500	-1.4931300	0.4709933	-0.0639200	-1.5739000	0.0770933	-0.0728200	-1.4543600	0.9080833	-0.2918200	-1.5022600	0.4708533	-0.2551300	-1.5771100	0.0719333	-0.2197900	-1.4023600	0.0274733	-0.2441800	-1.4141000	0.0293833	-0.2456700	-1.6171400	0.0324633	-0.2078000	-1.4220900	0.0266133	-0.0560300	-1.4325200	0.0294433	-0.0539100	-1.6054900	0.0407033	-0.0807800	-1.4237022	0.9867859	0.0201867	-1.3935587	0.9827618	-0.3466672	-1.6365688	0.9987892	-0.1089291	-1.6240327	0.9967658	-0.2525689	-1.4994802	0.4654622	0.0057172	-1.4850714	0.4743229	-0.1249506	-1.5814066	0.0784923	-0.0328230	-1.5522724	0.0863656	-0.1203378	-1.4375959	0.0383752	-0.0674791	-1.4871084	0.0347355	-0.0151260	-1.6449283	0.0626605	-0.0915519	-1.4997542	0.4600912	-0.3256518	-1.4960824	0.4752787	-0.1899579	-1.5860596	0.0731275	-0.2692044	-1.5605704	0.0843144	-0.1781432	-1.4289683	0.0410036	-0.2355404	-1.6598607	0.0548647	-0.2083381	-1.4792000	0.0344993	-0.2890800	-1.5382288	1.4918157	0.0061047	-1.5293673	1.5110638	-0.3511925	-1.6366076	1.5086174	-0.1735865	-1.4213064	0.7281111	0.0331985	-1.4576984	0.6233492	0.0469470	-1.5476086	0.7323165	0.0548747	-1.4020755	0.7166800	-0.3650136	-1.4433604	0.6136232	-0.3754896	-1.5289752	0.7248530	-0.3963841	-1.5237319	0.3487063	0.0005131	-1.5168197	0.2270937	0.0033944	-1.5857585	0.2491159	0.0019647	-1.5245848	0.3425287	-0.3144891	-1.5164689	0.2192294	-0.3131403	-1.5898086	0.2432980	-0.3137358	-1.5213468	0.8810275	-0.0624619	-1.5033060	0.8786666	-0.2840148	-1.5621877	1.1453175	0.1107391	-1.5797442	1.1334026	0.0215902	-1.4380955	0.9147024	0.0627215	-1.5019063	0.8851049	0.0792336	-1.5097333	1.1668006	-0.4644674	-1.5543267	1.1538012	-0.3927938	-1.4030260	0.9266394	-0.3972505	-1.4609836	0.9030569	-0.4285621
229	3.8000000	-1.5377500	1.4536633	-0.1808100	-1.5300500	1.4446433	-0.0016200	-1.5473200	1.1752033	0.0621100	-1.4783100	0.9161333	0.0771500	-1.5133500	1.4604133	-0.3590700	-1.5124200	1.1964233	-0.4229600	-1.4405000	0.9329933	-0.4189900	-1.4727500	0.9106133	-0.1711100	-1.4771600	0.9138333	-0.0480600	-1.4894100	0.4704333	-0.0645200	-1.5718600	0.0779033	-0.0729100	-1.4535300	0.9089833	-0.2935300	-1.5025600	0.4695633	-0.2564500	-1.5757400	0.0724033	-0.2204000	-1.3999600	0.0281533	-0.2443200	-1.4119600	0.0300433	-0.2459000	-1.6153700	0.0331733	-0.2084800	-1.4243900	0.0255033	-0.0565800	-1.4344300	0.0285033	-0.0544400	-1.6025600	0.0420733	-0.0807800	-1.4220385	0.9882760	0.0186211	-1.3918568	0.9838196	-0.3481768	-1.6349895	1.0002411	-0.1105857	-1.6224496	0.9980671	-0.2542050	-1.4977711	0.4669144	0.0049169	-1.4833688	0.4755289	-0.1256944	-1.5797767	0.0800267	-0.0330832	-1.5506346	0.0877039	-0.1205262	-1.4365632	0.0395099	-0.0677370	-1.4859150	0.0359613	-0.0154226	-1.6430823	0.0642025	-0.0916420	-1.4997460	0.4610768	-0.3262162	-1.4962359	0.4764780	-0.1906214	-1.5851021	0.0741772	-0.2690569	-1.5597012	0.0855406	-0.1780946	-1.4283279	0.0421427	-0.2352556	-1.6587606	0.0559589	-0.2081627	-1.4783932	0.0354600	-0.2887072	-1.5357758	1.4931071	0.0039007	-1.5265731	1.5119794	-0.3536755	-1.6340806	1.5099586	-0.1761178	-1.4197488	0.7297345	0.0318455	-1.4560733	0.6249637	0.0457869	-1.5460057	0.7339278	0.0535638	-1.4010260	0.7172859	-0.3659004	-1.4426848	0.6143449	-0.3762442	-1.5278364	0.7259033	-0.3975144	-1.5221076	0.3502212	-0.0001310	-1.5152820	0.2286656	0.0029196	-1.5840396	0.2506645	0.0014274	-1.5243872	0.3436427	-0.3148523	-1.5159617	0.2203831	-0.3132658	-1.5892718	0.2442705	-0.3138893	-1.5198258	0.8824694	-0.0639574	-1.5017622	0.8798526	-0.2854742	-1.5600051	1.1468154	0.1087605	-1.5775081	1.1347995	0.0196590	-1.4359384	0.9160321	0.0611243	-1.4997289	0.8865037	0.0775890	-1.5074913	1.1676461	-0.4661739	-1.5521856	1.1548280	-0.3946642	-1.4017581	0.9270487	-0.3988695	-1.4597129	0.9038187	-0.4305022
230	3.8166667	-1.5337700	1.4533433	-0.1838400	-1.5261500	1.4448233	-0.0046200	-1.5475200	1.1758333	0.0602200	-1.4740000	0.9167933	0.0752100	-1.5093000	1.4595533	-0.3621100	-1.5095900	1.1953733	-0.4252600	-1.4387400	0.9323633	-0.4206800	-1.4694300	0.9125233	-0.1725000	-1.4735300	0.9161033	-0.0493700	-1.4837800	0.4698333	-0.0647500	-1.5692900	0.0792533	-0.0729300	-1.4505200	0.9104933	-0.2950200	-1.5026200	0.4684033	-0.2580600	-1.5758000	0.0727733	-0.2205500	-1.4002900	0.0284733	-0.2442500	-1.4124100	0.0303333	-0.2459100	-1.6149400	0.0336533	-0.2086000	-1.4252900	0.0248033	-0.0571000	-1.4350500	0.0279633	-0.0549400	-1.5994300	0.0438033	-0.0807500	-1.4186412	0.9904563	0.0171072	-1.3886055	0.9854644	-0.3495868	-1.6316994	1.0022118	-0.1121278	-1.6192347	0.9998475	-0.2557052	-1.4940207	0.4688029	0.0042578	-1.4795841	0.4771627	-0.1261323	-1.5766507	0.0820639	-0.0333715	-1.5474993	0.0895228	-0.1206571	-1.4344669	0.0406594	-0.0680805	-1.4836078	0.0373907	-0.0158932	-1.6396527	0.0665206	-0.0916443	-1.4983027	0.4624227	-0.3267168	-1.4948769	0.4779959	-0.1914008	-1.5828187	0.0756979	-0.2690046	-1.5574739	0.0872036	-0.1782629	-1.4262846	0.0436099	-0.2350754	-1.6563363	0.0575805	-0.2081479	-1.4762333	0.0367645	-0.2883841	-1.5314788	1.4948804	0.0015938	-1.5220353	1.5132507	-0.3562609	-1.6297193	1.5117396	-0.1787891	-1.4164079	0.7319827	0.0305226	-1.4525731	0.6271300	0.0446703	-1.5425004	0.7360890	0.0522476	-1.3984840	0.7182822	-0.3666682	-1.4405550	0.6154543	-0.3768651	-1.5251043	0.7275048	-0.3984009	-1.5185713	0.3521414	-0.0006912	-1.5120428	0.2306242	0.0024243	-1.5805540	0.2527214	0.0009424	-1.5227957	0.3451768	-0.3151972	-1.5141327	0.2220168	-0.3134101	-1.5873304	0.2456557	-0.3140320	-1.5164677	0.8845351	-0.0653558	-1.4984930	0.8815985	-0.2868051	-1.5565322	1.1488459	0.1066995	-1.5738414	1.1366960	0.0176944	-1.4322335	0.9181139	0.0595463	-1.4958919	0.8885142	0.0759247	-1.5037102	1.1689277	-0.4678632	-1.5485303	1.1563007	-0.3965574	-1.3990147	0.9278257	-0.4004138	-1.4569698	0.9049786	-0.4323736
231	3.8333333	-1.5301100	1.4530033	-0.1866400	-1.5226400	1.4448733	-0.0074900	-1.5463600	1.1762633	0.0583800	-1.4707900	0.9179133	0.0734100	-1.5055200	1.4588133	-0.3648300	-1.5066400	1.1941933	-0.4273100	-1.4365700	0.9316833	-0.4222400	-1.4661500	0.9142133	-0.1738600	-1.4709100	0.9178633	-0.0507300	-1.4757200	0.4694633	-0.0644100	-1.5669700	0.0806833	-0.0729900	-1.4465600	0.9122033	-0.2963400	-1.5023200	0.4675233	-0.2597100	-1.5761000	0.0732033	-0.2201800	-1.4026700	0.0282333	-0.2440900	-1.4147000	0.0301533	-0.2457900	-1.6145700	0.0342433	-0.2080200	-1.4244000	0.0247333	-0.0575000	-1.4341100	0.0279833	-0.0553000	-1.5974100	0.0454733	-0.0809000	-1.4154030	0.9924737	0.0155759	-1.3855313	0.9868841	-0.3508623	-1.6284388	1.0038537	-0.1136732	-1.6160595	1.0012720	-0.2571501	-1.4896479	0.4703228	0.0037525	-1.4750866	0.4784177	-0.1262832	-1.5737368	0.0838471	-0.0337081	-1.5445414	0.0910616	-0.1207681	-1.4327858	0.0411602	-0.0684875	-1.4817356	0.0383333	-0.0164801	-1.6364485	0.0688246	-0.0916531	-1.4971722	0.4633354	-0.3272423	-1.4937405	0.4790401	-0.1923683	-1.5813174	0.0769201	-0.2689631	-1.5559886	0.0885299	-0.1785334	-1.4250867	0.0445819	-0.2350204	-1.6546801	0.0590082	-0.2081541	-1.4749546	0.0376227	-0.2881183	-1.5272155	1.4962901	-0.0008102	-1.5175693	1.5140554	-0.3589095	-1.6253076	1.5131141	-0.1815909	-1.4129296	0.7341064	0.0292308	-1.4487637	0.6290729	0.0436063	-1.5388238	0.7379556	0.0508533	-1.3961646	0.7188823	-0.3673802	-1.4386983	0.6161628	-0.3774255	-1.5225170	0.7288388	-0.3991260	-1.5146062	0.3536363	-0.0011560	-1.5086644	0.2321337	0.0019335	-1.5768938	0.2545187	0.0004976	-1.5216424	0.3463125	-0.3155665	-1.5129196	0.2232868	-0.3135561	-1.5859395	0.2467008	-0.3141764	-1.5130856	0.8863826	-0.0667837	-1.4952105	0.8830869	-0.2880734	-1.5534361	1.1505815	0.1045672	-1.5704787	1.1382867	0.0157008	-1.4288101	0.9200563	0.0579512	-1.4922867	0.8903116	0.0742161	-1.5000673	1.1698260	-0.4695736	-1.5450226	1.1574141	-0.3985104	-1.3964975	0.9282050	-0.4019197	-1.4544316	0.9057534	-0.4341877
232	3.8500000	-1.5269900	1.4525933	-0.1891900	-1.5194800	1.4448033	-0.0101100	-1.5437100	1.1764533	0.0566000	-1.4686000	0.9189433	0.0715300	-1.5024900	1.4580633	-0.3672800	-1.5036100	1.1932133	-0.4291600	-1.4339000	0.9312933	-0.4238100	-1.4643400	0.9149433	-0.1752200	-1.4706300	0.9183333	-0.0520500	-1.4654700	0.4698533	-0.0636500	-1.5648100	0.0822433	-0.0731300	-1.4432200	0.9131333	-0.2976400	-1.5010400	0.4669833	-0.2610500	-1.5751200	0.0741833	-0.2195800	-1.4044200	0.0280833	-0.2438500	-1.4162800	0.0301233	-0.2455400	-1.6125700	0.0359333	-0.2071300	-1.4226700	0.0251033	-0.0579300	-1.4324800	0.0283733	-0.0556700	-1.5959800	0.0473333	-0.0812700	-1.4138155	0.9935467	0.0140140	-1.3839286	0.9873947	-0.3519883	-1.6266134	1.0044512	-0.1153030	-1.6142490	1.0016643	-0.2586099	-1.4854278	0.4708670	0.0034152	-1.4706573	0.4786910	-0.1261731	-1.5719467	0.0848948	-0.0341337	-1.5426901	0.0918417	-0.1209322	-1.4322933	0.0406718	-0.0689648	-1.4810890	0.0384555	-0.0171495	-1.6344272	0.0705831	-0.0917811	-1.4972631	0.4632546	-0.3278266	-1.4937841	0.4790870	-0.1934890	-1.5814146	0.0772876	-0.2688322	-1.5560934	0.0890020	-0.1787419	-1.4256271	0.0445929	-0.2350240	-1.6545879	0.0596885	-0.2080499	-1.4754184	0.0375830	-0.2878685	-1.5242906	1.4966130	-0.0032839	-1.5143751	1.5137165	-0.3615743	-1.6220894	1.5134261	-0.1845091	-1.4104966	0.7355534	0.0280030	-1.4456652	0.6302125	0.0426289	-1.5362377	0.7387736	0.0493688	-1.3951963	0.7185869	-0.3680772	-1.4381465	0.6159367	-0.3779759	-1.5212737	0.7291770	-0.3997748	-1.5110168	0.3541006	-0.0015295	-1.5059911	0.2326161	0.0014469	-1.5738915	0.2555224	0.0000797	-1.5217986	0.3464632	-0.3159518	-1.5131534	0.2236062	-0.3136439	-1.5859641	0.2468362	-0.3143148	-1.5111828	0.8872402	-0.0682952	-1.4932979	0.8836067	-0.2893173	-1.5517256	1.1513309	0.1024568	-1.5685357	1.1388945	0.0137030	-1.4268102	0.9210544	0.0563352	-1.4901516	0.8911881	0.0724822	-1.4976253	1.1696761	-0.4713285	-1.5427217	1.1574931	-0.4005178	-1.3951951	0.9276141	-0.4033725	-1.4530652	0.9055167	-0.4359309
233	3.8666667	-1.5237800	1.4521733	-0.1915700	-1.5157200	1.4447533	-0.0126500	-1.5407500	1.1768533	0.0548700	-1.4663100	0.9197433	0.0694300	-1.4998700	1.4572633	-0.3695400	-1.5002600	1.1921533	-0.4310100	-1.4307000	0.9310533	-0.4253000	-1.4628300	0.9150033	-0.1765300	-1.4707800	0.9181633	-0.0532000	-1.4543500	0.4709633	-0.0628200	-1.5623600	0.0841633	-0.0733500	-1.4400300	0.9134333	-0.2989800	-1.4987100	0.4666233	-0.2620700	-1.5730300	0.0751633	-0.2188900	-1.4042900	0.0281733	-0.2437800	-1.4160500	0.0302633	-0.2454500	-1.6090900	0.0379233	-0.2061300	-1.4211900	0.0252033	-0.0586400	-1.4311100	0.0285133	-0.0562900	-1.5938900	0.0497733	-0.0814900	-1.4126366	0.9939215	0.0125082	-1.3825741	0.9873297	-0.3529851	-1.6250929	1.0043358	-0.1169322	-1.6126817	1.0013924	-0.2600398	-1.4799150	0.4708743	0.0032938	-1.4649120	0.4784160	-0.1257574	-1.5698982	0.0857406	-0.0346064	-1.5406255	0.0923900	-0.1211276	-1.4316533	0.0396704	-0.0695074	-1.4802880	0.0382820	-0.0178796	-1.6322274	0.0723706	-0.0919567	-1.4971498	0.4625936	-0.3284066	-1.4935852	0.4785850	-0.1946882	-1.5814700	0.0772068	-0.2685686	-1.5561302	0.0890568	-0.1788434	-1.4261862	0.0441127	-0.2350454	-1.6544079	0.0600121	-0.2077841	-1.4759273	0.0371061	-0.2875956	-1.5214314	1.4961821	-0.0057557	-1.5112567	1.5126199	-0.3642031	-1.6188869	1.5130544	-0.1874499	-1.4078261	0.7367297	0.0268923	-1.4419192	0.6309672	0.0417919	-1.5334446	0.7388525	0.0478791	-1.3943170	0.7178104	-0.3687739	-1.4375743	0.6151818	-0.3785031	-1.5201457	0.7288315	-0.4003073	-1.5063618	0.3539960	-0.0017852	-1.5026009	0.2325600	0.0009695	-1.5701072	0.2562313	-0.0002471	-1.5217803	0.3460434	-0.3162996	-1.5132714	0.2233947	-0.3136390	-1.5858736	0.2464528	-0.3143880	-1.5096142	0.8873729	-0.0697996	-1.4916223	0.8834781	-0.2905103	-1.5501194	1.1514506	0.1004405	-1.5667480	1.1388725	0.0117556	-1.4249843	0.9214092	0.0547384	-1.4882496	0.8914697	0.0707740	-1.4951400	1.1688394	-0.4730567	-1.5403930	1.1568633	-0.4024931	-1.3937529	0.9264410	-0.4046845	-1.4515200	0.9046193	-0.4375258
234	3.8833333	-1.5198100	1.4517833	-0.1939100	-1.5106500	1.4448033	-0.0152600	-1.5377700	1.1775333	0.0531200	-1.4629900	0.9205533	0.0673200	-1.4970800	1.4564333	-0.3716900	-1.4965000	1.1908333	-0.4328000	-1.4266900	0.9303833	-0.4264000	-1.4597900	0.9155533	-0.1777800	-1.4685100	0.9186633	-0.0542800	-1.4432500	0.4720133	-0.0620700	-1.5590500	0.0864733	-0.0738500	-1.4361800	0.9139733	-0.3003500	-1.4964000	0.4662133	-0.2630900	-1.5716400	0.0755133	-0.2182100	-1.4046800	0.0277933	-0.2442700	-1.4163300	0.0299033	-0.2458700	-1.6062800	0.0394133	-0.2052000	-1.4204500	0.0246833	-0.0596200	-1.4303000	0.0280433	-0.0571800	-1.5903700	0.0527133	-0.0816300	-1.4098888	0.9947459	0.0110903	-1.3797453	0.9878493	-0.3539540	-1.6220965	1.0046801	-0.1184369	-1.6096805	1.0016313	-0.2613680	-1.4716252	0.4714840	0.0033883	-1.4564204	0.4787222	-0.1250257	-1.5660849	0.0875336	-0.0350704	-1.5368793	0.0938395	-0.1212998	-1.4295191	0.0391352	-0.0701163	-1.4779279	0.0388175	-0.0186800	-1.6283451	0.0754191	-0.0920450	-1.4954212	0.4624637	-0.3289567	-1.4916468	0.4786213	-0.1959836	-1.5801584	0.0777669	-0.2682575	-1.5546912	0.0897536	-0.1789800	-1.4253907	0.0441014	-0.2352052	-1.6527951	0.0610980	-0.2074212	-1.4751567	0.0371772	-0.2873790	-1.5168765	1.4961960	-0.0082106	-1.5067407	1.5119844	-0.3667715	-1.6141094	1.5131577	-0.1903039	-1.4031988	0.7387041	0.0258808	-1.4358891	0.6324383	0.0410820	-1.5286393	0.7393712	0.0464393	-1.3919717	0.7175728	-0.3695493	-1.4354996	0.6149614	-0.3790362	-1.5175677	0.7290025	-0.4006710	-1.4991499	0.3544923	-0.0019225	-1.4969935	0.2331396	0.0004873	-1.5640405	0.2577966	-0.0004410	-1.5202153	0.3461800	-0.3166242	-1.5119248	0.2237623	-0.3136277	-1.5843203	0.2466728	-0.3143857	-1.5064872	0.8879392	-0.0712236	-1.4884467	0.8838676	-0.2916571	-1.5469878	1.1520994	0.0984792	-1.5634447	1.1393770	0.0098680	-1.4216953	0.9222728	0.0531499	-1.4848949	0.8922811	0.0690926	-1.4910668	1.1684472	-0.4746882	-1.5364897	1.1566382	-0.4043707	-1.3905657	0.9257893	-0.4058171	-1.4482125	0.9041652	-0.4389290
235	3.9000000	-1.5149900	1.4514433	-0.1962400	-1.5046500	1.4449533	-0.0178900	-1.5347000	1.1780233	0.0514100	-1.4587300	0.9213333	0.0654000	-1.4935200	1.4556133	-0.3738300	-1.4927100	1.1893833	-0.4342000	-1.4223100	0.9290233	-0.4272200	-1.4555200	0.9164633	-0.1790400	-1.4637800	0.9198633	-0.0554300	-1.4319700	0.4724733	-0.0614900	-1.5542200	0.0889933	-0.0750100	-1.4323500	0.9145533	-0.3017500	-1.4951800	0.4656633	-0.2641900	-1.5715200	0.0752933	-0.2177800	-1.4071500	0.0264533	-0.2450700	-1.4185000	0.0286033	-0.2465700	-1.6050500	0.0402533	-0.2047100	-1.4191800	0.0242933	-0.0604700	-1.4286900	0.0277433	-0.0580100	-1.5853500	0.0561833	-0.0823800	-1.4057882	0.9959033	0.0096720	-1.3758677	0.9887937	-0.3550045	-1.6178835	1.0053604	-0.1198059	-1.6055872	1.0022368	-0.2625949	-1.4612429	0.4724582	0.0035852	-1.4458711	0.4793784	-0.1241246	-1.5609058	0.0900343	-0.0355938	-1.5318283	0.0959570	-0.1215173	-1.4263415	0.0389374	-0.0708239	-1.4744470	0.0398438	-0.0195978	-1.6231463	0.0794298	-0.0921298	-1.4929301	0.4626487	-0.3295367	-1.4887456	0.4789416	-0.1973923	-1.5784638	0.0787158	-0.2680088	-1.5527020	0.0908016	-0.1792509	-1.4243179	0.0442179	-0.2355936	-1.6506947	0.0627078	-0.2070487	-1.4741807	0.0374618	-0.2873185	-1.5109482	1.4965589	-0.0107042	-1.5013424	1.5117227	-0.3692755	-1.6081364	1.5136020	-0.1930296	-1.3970291	0.7411985	0.0249067	-1.4280942	0.6343651	0.0404208	-1.5222028	0.7401989	0.0450031	-1.3887174	0.7175763	-0.3704960	-1.4326087	0.6150212	-0.3796631	-1.5141219	0.7295834	-0.4009545	-1.4900092	0.3553869	-0.0020375	-1.4897041	0.2341676	-0.0000660	-1.5562423	0.2599612	-0.0006048	-1.5180111	0.3466592	-0.3170011	-1.5100602	0.2244714	-0.3137271	-1.5822504	0.2472934	-0.3143795	-1.5020294	0.8888267	-0.0726136	-1.4841248	0.8846351	-0.2928171	-1.5427617	1.1531222	0.0965126	-1.5590396	1.1402541	0.0080037	-1.4173449	0.9235054	0.0515164	-1.4804594	0.8934527	0.0674040	-1.4859443	1.1683197	-0.4762277	-1.5315266	1.1566528	-0.4061663	-1.3861734	0.9254615	-0.4068166	-1.4436958	0.9039775	-0.4401786
236	3.9166667	-1.5096500	1.4511333	-0.1984200	-1.4986400	1.4451933	-0.0203300	-1.5319500	1.1781333	0.0499800	-1.4541800	0.9219333	0.0637600	-1.4889400	1.4547633	-0.3758000	-1.4892200	1.1878433	-0.4351500	-1.4186700	0.9274233	-0.4281700	-1.4517500	0.9167433	-0.1802900	-1.4592100	0.9204633	-0.0565800	-1.4200600	0.4729433	-0.0613400	-1.5476900	0.0919333	-0.0768600	-1.4293600	0.9144733	-0.3031300	-1.4949200	0.4649133	-0.2651800	-1.5716500	0.0753033	-0.2177400	-1.4095500	0.0251933	-0.2455000	-1.4205700	0.0274433	-0.2469400	-1.6043900	0.0410633	-0.2048700	-1.4152000	0.0253533	-0.0609100	-1.4242700	0.0288933	-0.0585000	-1.5784600	0.0597233	-0.0842000	-1.4020867	0.9963987	0.0082723	-1.3726194	0.9891577	-0.3560925	-1.6141094	1.0054055	-0.1210458	-1.6020237	1.0022333	-0.2637180	-1.4504231	0.4728383	0.0038051	-1.4349029	0.4794562	-0.1232191	-1.5553993	0.0922794	-0.0362685	-1.5264747	0.0978288	-0.1218972	-1.4229934	0.0386260	-0.0715839	-1.4707504	0.0407274	-0.0205982	-1.6176199	0.0831668	-0.0924377	-1.4914474	0.4622006	-0.3301110	-1.4867036	0.4786118	-0.1987563	-1.5779604	0.0790755	-0.2677486	-1.5517816	0.0912412	-0.1795011	-1.4245842	0.0436708	-0.2360335	-1.6496829	0.0637572	-0.2066175	-1.4745674	0.0371007	-0.2873069	-1.5052746	1.4963200	-0.0131935	-1.4965008	1.5108911	-0.3716527	-1.6024811	1.5134724	-0.1956056	-1.3910156	0.7432372	0.0240212	-1.4202162	0.6357721	0.0398252	-1.5158784	0.7403403	0.0436020	-1.3862076	0.7168586	-0.3715275	-1.4305912	0.6144012	-0.3803424	-1.5115106	0.7295793	-0.4012381	-1.4804486	0.3557479	-0.0021962	-1.4820469	0.2347522	-0.0007064	-1.5480467	0.2617101	-0.0008495	-1.5168917	0.3465192	-0.3173731	-1.5093337	0.2245516	-0.3138565	-1.5813399	0.2473443	-0.3143446	-1.4979954	0.8890552	-0.0739622	-1.4803649	0.8847930	-0.2939700	-1.5390888	1.1535433	0.0946369	-1.5551900	1.1405237	0.0062208	-1.4135013	0.9241768	0.0499092	-1.4765069	0.8940294	0.0657948	-1.4814560	1.1674997	-0.4776343	-1.5271659	1.1559694	-0.4078483	-1.3823021	0.9244950	-0.4076755	-1.4397025	0.9031139	-0.4412736
237	3.9333333	-1.5044800	1.4509533	-0.2002500	-1.4933800	1.4454633	-0.0223500	-1.5293400	1.1782633	0.0488400	-1.4500700	0.9225833	0.0623700	-1.4839300	1.4541133	-0.3774500	-1.4855200	1.1863933	-0.4359400	-1.4156200	0.9260033	-0.4292700	-1.4487200	0.9155433	-0.1813600	-1.4560500	0.9195933	-0.0575000	-1.4076000	0.4743833	-0.0616400	-1.5394300	0.0955733	-0.0790900	-1.4264400	0.9127933	-0.3043600	-1.4947000	0.4639133	-0.2659300	-1.5714200	0.0753133	-0.2181200	-1.4094800	0.0250033	-0.2451500	-1.4203500	0.0272733	-0.2466500	-1.6037200	0.0413233	-0.2055800	-1.4077000	0.0280333	-0.0612200	-1.4165000	0.0316233	-0.0589100	-1.5695800	0.0639033	-0.0867500	-1.3990967	0.9953789	0.0071242	-1.3700567	0.9880953	-0.3570678	-1.6110442	1.0040034	-0.1220796	-1.5991572	1.0008159	-0.2646895	-1.4391592	0.4720050	0.0041491	-1.4235084	0.4783844	-0.1222815	-1.5489659	0.0936860	-0.0370799	-1.5202083	0.0989386	-0.1224595	-1.4186422	0.0380688	-0.0722951	-1.4660405	0.0412022	-0.0215827	-1.6111535	0.0858161	-0.0930603	-1.4909909	0.4603979	-0.3305056	-1.4856652	0.4769637	-0.1998037	-1.5782997	0.0781194	-0.2673312	-1.5516813	0.0903987	-0.1795124	-1.4256613	0.0420913	-0.2361959	-1.6495056	0.0633321	-0.2060553	-1.4757674	0.0355979	-0.2871014	-1.5001380	1.4947107	-0.0154647	-1.4920825	1.5087649	-0.3737740	-1.5972802	1.5120579	-0.1979479	-1.3853565	0.7441211	0.0234136	-1.4123717	0.6359796	0.0394667	-1.5098907	0.7389676	0.0424460	-1.3844670	0.7146682	-0.3724024	-1.4294483	0.6123487	-0.3808826	-1.5097775	0.7281296	-0.4014735	-1.4702950	0.3549764	-0.0023131	-1.4736575	0.2343495	-0.0013497	-1.5391231	0.2623853	-0.0011256	-1.5167628	0.3450350	-0.3175710	-1.5095206	0.2232868	-0.3138297	-1.5814038	0.2460709	-0.3141616	-1.4947268	0.8877754	-0.0750884	-1.4773527	0.8834966	-0.2949867	-1.5361600	1.1526223	0.0930643	-1.5520908	1.1394368	0.0047005	-1.4103217	0.9235705	0.0485398	-1.4731955	0.8932829	0.0644629	-1.4777159	1.1652737	-0.4787857	-1.5235265	1.1538731	-0.4092932	-1.3790783	0.9221708	-0.4082728	-1.4363618	0.9008622	-0.4421012
238	3.9500000	-1.4997700	1.4509033	-0.2016400	-1.4888200	1.4456933	-0.0238300	-1.5260100	1.1787233	0.0477700	-1.4475600	0.9236333	0.0611600	-1.4791300	1.4537733	-0.3787200	-1.4807400	1.1851933	-0.4367400	-1.4122900	0.9249033	-0.4301500	-1.4450300	0.9136533	-0.1821000	-1.4528300	0.9180233	-0.0580400	-1.3948400	0.4769433	-0.0622100	-1.5288900	0.0994433	-0.0814300	-1.4222400	0.9106933	-0.3052600	-1.4941100	0.4629433	-0.2663800	-1.5704700	0.0748933	-0.2189700	-1.4072700	0.0256033	-0.2441300	-1.4181200	0.0278233	-0.2458300	-1.6034000	0.0408633	-0.2067900	-1.3970900	0.0313533	-0.0620200	-1.4057900	0.0349533	-0.0597900	-1.5587400	0.0680333	-0.0893800	-1.3954586	0.9936417	0.0064399	-1.3666585	0.9863905	-0.3578284	-1.6073784	1.0019600	-0.1228169	-1.5956146	0.9987868	-0.2654583	-1.4261642	0.4709478	0.0046830	-1.4104083	0.4771956	-0.1212764	-1.5398812	0.0951122	-0.0379923	-1.5113058	0.1001952	-0.1231884	-1.4113484	0.0382889	-0.0729347	-1.4584156	0.0422203	-0.0225256	-1.6020554	0.0881434	-0.0939655	-1.4901490	0.4580959	-0.3305752	-1.4843352	0.4748611	-0.2003769	-1.5778827	0.0766804	-0.2667730	-1.5508880	0.0891147	-0.1792901	-1.4257037	0.0405038	-0.2359129	-1.6486942	0.0621368	-0.2054713	-1.4759353	0.0338918	-0.2865865	-1.4944492	1.4925913	-0.0173440	-1.4867746	1.5062126	-0.3755539	-1.5914139	1.5102049	-0.1999756	-1.3787494	0.7447034	0.0232043	-1.4032629	0.6358859	0.0394517	-1.5029084	0.7369061	0.0417056	-1.3820392	0.7118114	-0.3729239	-1.4277210	0.6096858	-0.3811134	-1.5074113	0.7260402	-0.4015681	-1.4581231	0.3540470	-0.0023345	-1.4629627	0.2339288	-0.0019605	-1.5279487	0.2628587	-0.0013764	-1.5161454	0.3430643	-0.3174968	-1.5090664	0.2215326	-0.3135781	-1.5809108	0.2443031	-0.3137902	-1.4908935	0.8857821	-0.0758164	-1.4736615	0.8815325	-0.2957572	-1.5327781	1.1512206	0.0918591	-1.5485099	1.1378680	0.0035599	-1.4067755	0.9224582	0.0475503	-1.4695051	0.8920301	0.0635142	-1.4733629	1.1625322	-0.4795770	-1.5192750	1.1512340	-0.4103944	-1.3751825	0.9193415	-0.4085138	-1.4323534	0.8980879	-0.4425639
239	3.9666667	-1.4948100	1.4511033	-0.2026600	-1.4839000	1.4460233	-0.0249400	-1.5218700	1.1795433	0.0466700	-1.4469400	0.9251433	0.0601200	-1.4741600	1.4538433	-0.3796500	-1.4751000	1.1845633	-0.4374400	-1.4088400	0.9240933	-0.4307300	-1.4399600	0.9138933	-0.1825700	-1.4480600	0.9184133	-0.0584000	-1.3819200	0.4804633	-0.0630900	-1.5154100	0.1026533	-0.0837500	-1.4168700	0.9106833	-0.3058300	-1.4936100	0.4623433	-0.2665800	-1.5679800	0.0748533	-0.2202200	-1.4054400	0.0256533	-0.2429100	-1.4160600	0.0280033	-0.2449300	-1.6024600	0.0407333	-0.2081900	-1.3839400	0.0341633	-0.0637300	-1.3926100	0.0376933	-0.0615200	-1.5458900	0.0713333	-0.0917600	-1.3903916	0.9940275	0.0061451	-1.3617669	0.9868144	-0.3584510	-1.6024193	1.0020617	-0.1232869	-1.5907509	0.9988991	-0.2660516	-1.4113644	0.4723830	0.0051559	-1.3955179	0.4786271	-0.1204728	-1.5275032	0.0987103	-0.0391071	-1.4990899	0.1037796	-0.1241988	-1.4002774	0.0413235	-0.0737161	-1.4470819	0.0457893	-0.0236058	-1.5897087	0.0922992	-0.0951852	-1.4884536	0.4580143	-0.3303538	-1.4822916	0.4749588	-0.2005681	-1.5761801	0.0773133	-0.2663157	-1.5488979	0.0898945	-0.1791190	-1.4241980	0.0412086	-0.2353586	-1.6467278	0.0627946	-0.2051496	-1.4745197	0.0343489	-0.2859253	-1.4877355	1.4926961	-0.0188906	-1.4802546	1.5059127	-0.3770853	-1.5845219	1.5106134	-0.2017356	-1.3706945	0.7476025	0.0232474	-1.3925569	0.6381465	0.0395936	-1.4944105	0.7369741	0.0412798	-1.3783418	0.7110025	-0.3731219	-1.4248586	0.6091445	-0.3810563	-1.5037644	0.7261577	-0.4015324	-1.4437006	0.3555921	-0.0024649	-1.4495329	0.2360064	-0.0026997	-1.5141745	0.2654787	-0.0017753	-1.5145492	0.3433152	-0.3172482	-1.5074561	0.2219695	-0.3132686	-1.5793425	0.2446753	-0.3133633	-1.4857405	0.8859205	-0.0761993	-1.4686129	0.8817031	-0.2963328	-1.5284784	1.1520001	0.0908066	-1.5439360	1.1385187	0.0026718	-1.4026776	0.9233146	0.0468238	-1.4652823	0.8928415	0.0628214	-1.4678389	1.1619884	-0.4800576	-1.5138714	1.1507630	-0.4112039	-1.3702376	0.9186264	-0.4085419	-1.4273054	0.8974631	-0.4428074
240	3.9833333	-1.4888100	1.4515233	-0.2035300	-1.4779700	1.4465833	-0.0259600	-1.5178000	1.1805333	0.0456700	-1.4459100	0.9270133	0.0594600	-1.4681700	1.4541233	-0.3803600	-1.4699200	1.1843233	-0.4379700	-1.4054900	0.9234833	-0.4311600	-1.4341000	0.9168033	-0.1830800	-1.4416500	0.9214933	-0.0590400	-1.3689300	0.4844833	-0.0643700	-1.4991800	0.1046233	-0.0859300	-1.4115400	0.9133933	-0.3062500	-1.4936800	0.4622233	-0.2666400	-1.5641500	0.0762133	-0.2215800	-1.4068900	0.0245133	-0.2420700	-1.4168000	0.0271933	-0.2443800	-1.5997900	0.0426333	-0.2094400	-1.3697900	0.0354033	-0.0662400	-1.3784200	0.0388933	-0.0640100	-1.5310100	0.0736033	-0.0938400	-1.3843817	0.9971056	0.0058517	-1.3561885	0.9899010	-0.3592536	-1.5966729	1.0047866	-0.1236440	-1.5852000	1.0016160	-0.2665975	-1.3960852	0.4765460	0.0051116	-1.3801621	0.4829023	-0.1203224	-1.5126336	0.1040968	-0.0406146	-1.4843325	0.1092973	-0.1256843	-1.3863062	0.0464621	-0.0749856	-1.4328872	0.0512499	-0.0251131	-1.5748572	0.0980117	-0.0968133	-1.4867031	0.4605492	-0.3301145	-1.4802625	0.4775695	-0.2007164	-1.5740984	0.0802984	-0.2662975	-1.5465575	0.0929448	-0.1793903	-1.4224617	0.0439647	-0.2349893	-1.6443357	0.0658455	-0.2053610	-1.4727673	0.0369019	-0.2854922	-1.4805803	1.4953987	-0.0203839	-1.4733602	1.5081137	-0.3786085	-1.5772558	1.5135636	-0.2034070	-1.3619418	0.7530247	0.0231397	-1.3812277	0.6429897	0.0394641	-1.4851629	0.7396671	0.0408193	-1.3741498	0.7126715	-0.3732907	-1.4216577	0.6111621	-0.3809830	-1.4995939	0.7290471	-0.4015784	-1.4282255	0.3597547	-0.0030743	-1.4343845	0.2405757	-0.0038538	-1.4988750	0.2701114	-0.0026330	-1.5128214	0.3461915	-0.3171238	-1.5055915	0.2249791	-0.3132444	-1.5775435	0.2475382	-0.3131504	-1.4797341	0.8887317	-0.0765419	-1.4628683	0.8845275	-0.2969736	-1.5238854	1.1552948	0.0895976	-1.5389780	1.1417381	0.0017116	-1.3986592	0.9264190	0.0460646	-1.4611779	0.8960313	0.0621010	-1.4618232	1.1639927	-0.4804748	-1.5079780	1.1528442	-0.4119662	-1.3650416	0.9203400	-0.4086606	-1.4220034	0.8993472	-0.4431549
241	4.0000000	-1.4820000	1.4519833	-0.2044000	-1.4718200	1.4473333	-0.0270200	-1.5142700	1.1814733	0.0447700	-1.4418100	0.9290333	0.0592700	-1.4607800	1.4543233	-0.3809900	-1.4655800	1.1840433	-0.4385200	-1.4018800	0.9229433	-0.4315000	-1.4277000	0.9203933	-0.1838000	-1.4340800	0.9252433	-0.0601400	-1.3559600	0.4880433	-0.0657000	-1.4813000	0.1053633	-0.0877900	-1.4063700	0.9168333	-0.3066600	-1.4939400	0.4622233	-0.2665700	-1.5596900	0.0782133	-0.2228000	-1.4118800	0.0221733	-0.2418600	-1.4207200	0.0253533	-0.2443500	-1.5948300	0.0456833	-0.2104500	-1.3560200	0.0348733	-0.0690800	-1.3645200	0.0383233	-0.0668000	-1.5143900	0.0741533	-0.0955100	-1.3776586	1.0008962	0.0052945	-1.3503605	0.9936906	-0.3603674	-1.5902522	1.0080794	-0.1239439	-1.5791615	1.0048951	-0.2671030	-1.3811759	0.4812198	0.0043689	-1.3651631	0.4877490	-0.1209196	-1.4959695	0.1087442	-0.0424976	-1.4677153	0.1141667	-0.1275638	-1.3704727	0.0508357	-0.0768015	-1.4167878	0.0558022	-0.0271197	-1.5580512	0.1028877	-0.0987286	-1.4852285	0.4636513	-0.3300322	-1.4784451	0.4806111	-0.2010677	-1.5721201	0.0835962	-0.2668153	-1.5442412	0.0961881	-0.1802577	-1.4214726	0.0463392	-0.2350993	-1.6417418	0.0694798	-0.2060984	-1.4716011	0.0392435	-0.2854802	-1.4732096	1.4986234	-0.0220042	-1.4663663	1.5106515	-0.3801986	-1.5697705	1.5168495	-0.2050832	-1.3528992	0.7587325	0.0226539	-1.3698602	0.6482047	0.0388335	-1.4755737	0.7429862	0.0400721	-1.3698846	0.7147771	-0.3736045	-1.4185316	0.6137042	-0.3810517	-1.4952767	0.7327336	-0.4017776	-1.4125209	0.3642672	-0.0042859	-1.4183035	0.2452727	-0.0054855	-1.4828178	0.2743902	-0.0040374	-1.5113659	0.3496649	-0.3172890	-1.5039656	0.2285386	-0.3136673	-1.5759174	0.2508584	-0.3132397	-1.4730186	0.8922075	-0.0770361	-1.4566976	0.8880091	-0.2977884	-1.5191797	1.1590478	0.0881645	-1.5337931	1.1454394	0.0005116	-1.3945261	0.9298882	0.0451896	-1.4569573	0.8996263	0.0612532	-1.4555890	1.1665014	-0.4809173	-1.5018421	1.1554533	-0.4127786	-1.3598254	0.9224546	-0.4089136	-1.4166575	0.9017144	-0.4436675
242	4.0166667	-1.4751900	1.4523733	-0.2052900	-1.4662900	1.4479733	-0.0280300	-1.5108600	1.1821633	0.0439300	-1.4347800	0.9307833	0.0593300	-1.4527800	1.4544233	-0.3816500	-1.4612800	1.1835233	-0.4391900	-1.3980400	0.9224133	-0.4317500	-1.4205500	0.9231033	-0.1845100	-1.4256900	0.9282533	-0.0612600	-1.3430800	0.4906233	-0.0665900	-1.4622100	0.1055133	-0.0891300	-1.4005100	0.9192633	-0.3070300	-1.4934300	0.4621733	-0.2662200	-1.5547700	0.0798733	-0.2237800	-1.4184000	0.0193433	-0.2423200	-1.4260200	0.0230733	-0.2448600	-1.5874400	0.0482133	-0.2114200	-1.3406600	0.0341333	-0.0717400	-1.3490300	0.0375333	-0.0693900	-1.4961700	0.0741433	-0.0967300	-1.3701008	1.0038414	0.0046417	-1.3440956	0.9966451	-0.3614879	-1.5828691	1.0103463	-0.1239895	-1.5723240	1.0071528	-0.2673215	-1.3667077	0.4847787	0.0032797	-1.3505600	0.4915041	-0.1218360	-1.4775897	0.1111625	-0.0443786	-1.4493073	0.1168606	-0.1293840	-1.3530466	0.0529499	-0.0787811	-1.3989996	0.0579081	-0.0292727	-1.5392730	0.1054378	-0.1005125	-1.4837503	0.4657920	-0.3299236	-1.4764471	0.4825672	-0.2014714	-1.5699653	0.0857377	-0.2675483	-1.5415811	0.0981663	-0.1814305	-1.4212596	0.0468412	-0.2355448	-1.6384717	0.0722716	-0.2069645	-1.4710268	0.0399358	-0.2856777	-1.4655126	1.5008150	-0.0235670	-1.4590138	1.5120081	-0.3815703	-1.5618042	1.5188587	-0.2065525	-1.3434820	0.7630834	0.0220369	-1.3584364	0.6521664	0.0379720	-1.4655493	0.7453869	0.0391999	-1.3653846	0.7157861	-0.3738754	-1.4152924	0.6152381	-0.3810656	-1.4906178	0.7356539	-0.4018620	-1.3966693	0.3675338	-0.0057413	-1.4013885	0.2485222	-0.0072172	-1.4660685	0.2767980	-0.0056569	-1.5099181	0.3522173	-0.3175266	-1.5023435	0.2311456	-0.3142899	-1.5741859	0.2531360	-0.3133506	-1.4653741	0.8947739	-0.0775106	-1.4498404	0.8905864	-0.2985245	-1.5141170	1.1617436	0.0867625	-1.5281134	1.1480682	-0.0007322	-1.3896541	0.9324177	0.0444607	-1.4519289	0.9021930	0.0605019	-1.4489990	1.1680425	-0.4811620	-1.4953127	1.1571097	-0.4134278	-1.3543761	0.9234933	-0.4090206	-1.4110609	0.9030711	-0.4440548
243	4.0333333	-1.4690500	1.4524933	-0.2062000	-1.4610200	1.4482633	-0.0289500	-1.5068400	1.1825833	0.0433900	-1.4272700	0.9322133	0.0593100	-1.4458000	1.4544033	-0.3824600	-1.4566600	1.1828933	-0.4399000	-1.3941500	0.9219633	-0.4319000	-1.4134500	0.9249633	-0.1849100	-1.4171600	0.9304633	-0.0619200	-1.3307600	0.4927133	-0.0670000	-1.4405100	0.1056733	-0.0899600	-1.3948400	0.9207433	-0.3072700	-1.4918400	0.4620733	-0.2655000	-1.5505300	0.0809333	-0.2244700	-1.4249200	0.0165733	-0.2431800	-1.4313000	0.0209033	-0.2456900	-1.5788400	0.0500733	-0.2123700	-1.3194900	0.0358933	-0.0740600	-1.3280300	0.0390833	-0.0716800	-1.4745700	0.0739733	-0.0977800	-1.3625164	1.0059475	0.0041808	-1.3381297	0.9987712	-0.3622754	-1.5753046	1.0116395	-0.1235177	-1.5654359	1.0084388	-0.2669704	-1.3532887	0.4872786	0.0022368	-1.3370045	0.4942601	-0.1226714	-1.4574765	0.1117083	-0.0459096	-1.4291244	0.1177953	-0.1307667	-1.3337295	0.0538307	-0.0805176	-1.3792436	0.0583495	-0.0311649	-1.5185272	0.1056983	-0.1018591	-1.4828390	0.4670731	-0.3295033	-1.4747905	0.4835793	-0.2016183	-1.5680681	0.0868639	-0.2680788	-1.5389821	0.0990654	-0.1824908	-1.4222915	0.0458885	-0.2360380	-1.6348948	0.0742301	-0.2075251	-1.4715290	0.0393997	-0.2857661	-1.4582425	1.5019962	-0.0247632	-1.4520258	1.5123007	-0.3824353	-1.5540950	1.5196914	-0.2075085	-1.3344318	0.7661601	0.0216362	-1.3476358	0.6549373	0.0372452	-1.4558198	0.7468811	0.0385038	-1.3613792	0.7158330	-0.3738508	-1.4126113	0.6158771	-0.3807597	-1.4863676	0.7378141	-0.4015240	-1.3811152	0.3696994	-0.0070640	-1.3838877	0.2505914	-0.0086641	-1.4488772	0.2775109	-0.0071552	-1.5090106	0.3539372	-0.3174956	-1.5012255	0.2328955	-0.3147410	-1.5728611	0.2544868	-0.3131227	-1.4576333	0.8964709	-0.0776878	-1.4430852	0.8923010	-0.2988750	-1.5093004	1.1634672	0.0856874	-1.5226057	1.1496997	-0.0017297	-1.3845966	0.9341633	0.0441113	-1.4466361	0.9038441	0.0600808	-1.4428079	1.1687112	-0.4810470	-1.4891448	1.1579073	-0.4137224	-1.3493907	0.9235806	-0.4087739	-1.4059320	0.9035089	-0.4440843
244	4.0500000	-1.4635600	1.4524333	-0.2071200	-1.4555000	1.4483133	-0.0297700	-1.5014700	1.1831033	0.0433100	-1.4210500	0.9334933	0.0591600	-1.4403100	1.4542233	-0.3834800	-1.4521000	1.1823233	-0.4406900	-1.3899200	0.9215733	-0.4319900	-1.4078400	0.9265033	-0.1850200	-1.4095600	0.9325133	-0.0621600	-1.3195200	0.4948033	-0.0673200	-1.4144900	0.1067833	-0.0906000	-1.3912100	0.9217633	-0.3073500	-1.4899200	0.4614233	-0.2646000	-1.5491600	0.0814533	-0.2247200	-1.4302100	0.0145333	-0.2438700	-1.4355700	0.0193933	-0.2463400	-1.5711400	0.0516533	-0.2130900	-1.2901800	0.0413133	-0.0761600	-1.2993900	0.0440233	-0.0738000	-1.4482800	0.0746533	-0.0991500	-1.3562427	1.0077425	0.0038890	-1.3338342	1.0005525	-0.3628042	-1.5690240	1.0125601	-0.1225488	-1.5599664	1.0093332	-0.2660855	-1.3417008	0.4893397	0.0012318	-1.3253757	0.4967342	-0.1234715	-1.4353025	0.1113844	-0.0471244	-1.4068995	0.1181125	-0.1317635	-1.3116275	0.0554180	-0.0819984	-1.3566941	0.0587830	-0.0327553	-1.4955687	0.1042530	-0.1028727	-1.4835702	0.4680247	-0.3287302	-1.4745650	0.4842685	-0.2013962	-1.5673450	0.0876010	-0.2682712	-1.5374002	0.0995924	-0.1832564	-1.4251897	0.0445202	-0.2364409	-1.6320265	0.0757869	-0.2076798	-1.4738029	0.0386397	-0.2856387	-1.4525062	1.5026640	-0.0255341	-1.4465495	1.5121366	-0.3829010	-1.5478645	1.5200401	-0.2079446	-1.3269124	0.7686660	0.0214651	-1.3384536	0.6571629	0.0366732	-1.4475532	0.7479381	0.0380244	-1.3591288	0.7155539	-0.3735643	-1.4116744	0.6161948	-0.3801515	-1.4838782	0.7396373	-0.4007954	-1.3663425	0.3715129	-0.0082633	-1.3659368	0.2524332	-0.0098322	-1.4313953	0.2772438	-0.0085552	-1.5096620	0.3553448	-0.3171065	-1.5015827	0.2343289	-0.3149015	-1.5729508	0.2554727	-0.3124796	-1.4512663	0.8978563	-0.0775571	-1.4379220	0.8936839	-0.2988635	-1.5056634	1.1647859	0.0849697	-1.5183592	1.1509094	-0.0024572	-1.3805208	0.9356039	0.0440216	-1.4423247	0.9051386	0.0599177	-1.4381146	1.1690116	-0.4807926	-1.4844591	1.1583597	-0.4138200	-1.3458805	0.9233297	-0.4083138	-1.4022872	0.9035786	-0.4438949
245	4.0666667	-1.4577800	1.4521633	-0.2080400	-1.4496200	1.4482833	-0.0304700	-1.4946500	1.1841733	0.0435700	-1.4154800	0.9346533	0.0591400	-1.4345700	1.4536733	-0.3846300	-1.4474900	1.1819233	-0.4415800	-1.3853400	0.9210533	-0.4320300	-1.4032700	0.9281233	-0.1850400	-1.4029500	0.9347633	-0.0623000	-1.3094000	0.4969733	-0.0678800	-1.3847100	0.1088333	-0.0914800	-1.3886800	0.9227133	-0.3073900	-1.4883300	0.4603333	-0.2638100	-1.5508500	0.0813933	-0.2246200	-1.4317500	0.0140733	-0.2442400	-1.4367500	0.0193133	-0.2466500	-1.5657000	0.0533733	-0.2136000	-1.2549800	0.0486433	-0.0777000	-1.2652800	0.0507033	-0.0754700	-1.4182100	0.0755033	-0.1010500	-1.3507913	1.0096922	0.0036111	-1.3306591	1.0023579	-0.3633670	-1.5636748	1.0135350	-0.1213360	-1.5555322	1.0102246	-0.2649639	-1.3311069	0.4914073	0.0000135	-1.3148308	0.4994395	-0.1244874	-1.4097222	0.1110197	-0.0482585	-1.3812817	0.1187391	-0.1326238	-1.2850192	0.0589858	-0.0833378	-1.3297267	0.0604172	-0.0341874	-1.4690636	0.1017688	-0.1038583	-1.4851804	0.4689734	-0.3277141	-1.4750798	0.4850581	-0.2008875	-1.5670081	0.0884232	-0.2682465	-1.5361350	0.1002865	-0.1837978	-1.4284976	0.0435825	-0.2367530	-1.6293596	0.0772267	-0.2076163	-1.4765420	0.0384191	-0.2853664	-1.4476726	1.5032226	-0.0260788	-1.4417724	1.5119450	-0.3833400	-1.5425240	1.5204438	-0.2082005	-1.3203236	0.7711334	0.0213472	-1.3302010	0.6593240	0.0360595	-1.4402096	0.7489047	0.0375899	-1.3579777	0.7153902	-0.3731916	-1.4117792	0.6165632	-0.3794006	-1.4825609	0.7413733	-0.3998919	-1.3513901	0.3735368	-0.0095647	-1.3464406	0.2547918	-0.0109443	-1.4124910	0.2765753	-0.0100883	-1.5110848	0.3567666	-0.3164707	-1.5026177	0.2358032	-0.3148627	-1.5736816	0.2564744	-0.3115619	-1.4458770	0.8993554	-0.0772677	-1.4339178	0.8950998	-0.2987231	-1.5023817	1.1661318	0.0844456	-1.5146249	1.1521220	-0.0030692	-1.3768190	0.9370340	0.0439645	-1.4384633	0.9064650	0.0598195	-1.4341702	1.1692972	-0.4806843	-1.4805381	1.1588162	-0.4139766	-1.3430546	0.9231603	-0.4078587	-1.3993330	0.9036586	-0.4437287
246	4.0833333	-1.4506500	1.4517233	-0.2088600	-1.4432100	1.4481733	-0.0310100	-1.4874600	1.1856333	0.0439800	-1.4089100	0.9355633	0.0594500	-1.4266400	1.4528933	-0.3856400	-1.4420400	1.1817333	-0.4425000	-1.3807900	0.9201733	-0.4320700	-1.3981800	0.9299233	-0.1850500	-1.3966900	0.9370533	-0.0624100	-1.3003200	0.4993133	-0.0687100	-1.3550200	0.1110233	-0.0924800	-1.3847600	0.9239733	-0.3073900	-1.4869400	0.4594133	-0.2633100	-1.5535100	0.0807433	-0.2244200	-1.4284800	0.0151233	-0.2446900	-1.4338300	0.0204733	-0.2470100	-1.5625400	0.0536533	-0.2140800	-1.2200900	0.0552133	-0.0779800	-1.2314100	0.0565533	-0.0760200	-1.3890100	0.0758633	-0.1030400	-1.3447264	1.0119788	0.0033573	-1.3268844	1.0042515	-0.3640382	-1.5578488	1.0146753	-0.1201408	-1.5506138	1.0111817	-0.2638929	-1.3203038	0.4935433	-0.0014822	-1.3039867	0.5023980	-0.1257603	-1.3808025	0.1109646	-0.0493354	-1.3522133	0.1199608	-0.1333835	-1.2540226	0.0643293	-0.0843744	-1.2985894	0.0633495	-0.0353682	-1.4390484	0.0989115	-0.1049008	-1.4859760	0.4699670	-0.3265608	-1.4747643	0.4860124	-0.2002332	-1.5655525	0.0894393	-0.2681794	-1.5337963	0.1012478	-0.1842461	-1.4299505	0.0434155	-0.2370075	-1.6257604	0.0785035	-0.2075471	-1.4776198	0.0389631	-0.2850556	-1.4422181	1.5038121	-0.0265695	-1.4358935	1.5118400	-0.3839558	-1.5365067	1.5210730	-0.2085952	-1.3132934	0.7736698	0.0212478	-1.3216157	0.6615188	0.0353548	-1.4325532	0.7499158	0.0371034	-1.3562008	0.7154198	-0.3727934	-1.4112006	0.6170395	-0.3785857	-1.4806689	0.7430625	-0.3989459	-1.3354279	0.3758573	-0.0109847	-1.3249980	0.2577792	-0.0120116	-1.3916754	0.2758090	-0.0117772	-1.5116005	0.3582362	-0.3157410	-1.5026924	0.2373657	-0.3147551	-1.5734419	0.2575570	-0.3105473	-1.4400041	0.9010986	-0.0769047	-1.4294395	0.8966041	-0.2985893	-1.4979600	1.1676263	0.0840132	-1.5098342	1.1534406	-0.0036410	-1.3719953	0.9385286	0.0439189	-1.4335504	0.9079026	0.0597572	-1.4293701	1.1696670	-0.4807588	-1.4757939	1.1593678	-0.4142557	-1.3393853	0.9231366	-0.4074573	-1.3955477	0.9038311	-0.4436552
247	4.1000000	-1.4423000	1.4512533	-0.2093800	-1.4362700	1.4479533	-0.0313300	-1.4808600	1.1865333	0.0443900	-1.4011300	0.9359533	0.0599800	-1.4168700	1.4521633	-0.3862300	-1.4354800	1.1816133	-0.4433800	-1.3766900	0.9191233	-0.4321800	-1.3924900	0.9313533	-0.1849500	-1.3906900	0.9388533	-0.0624400	-1.2920500	0.5018833	-0.0698500	-1.3290400	0.1125833	-0.0931200	-1.3794100	0.9250333	-0.3071800	-1.4854300	0.4589233	-0.2630500	-1.5553600	0.0788033	-0.2241100	-1.4235700	0.0167033	-0.2455900	-1.4294800	0.0219733	-0.2477100	-1.5620500	0.0515933	-0.2145600	-1.1893100	0.0598133	-0.0768500	-1.2013300	0.0607633	-0.0752500	-1.3648800	0.0750533	-0.1043000	-1.3381460	1.0140625	0.0032770	-1.3222874	1.0056323	-0.3645928	-1.5515753	1.0154835	-0.1190686	-1.5451172	1.0116882	-0.2629527	-1.3096650	0.4951998	-0.0030085	-1.2930829	0.5049437	-0.1270702	-1.3513948	0.1107418	-0.0500706	-1.3224582	0.1211205	-0.1338033	-1.2217207	0.0699740	-0.0847272	-1.2664748	0.0665332	-0.0359253	-1.4084824	0.0956959	-0.1057511	-1.4858328	0.4705219	-0.3253386	-1.4736192	0.4865669	-0.1995368	-1.5633146	0.0900790	-0.2680910	-1.5308298	0.1018292	-0.1845945	-1.4294874	0.0435442	-0.2372072	-1.6218582	0.0789542	-0.2074806	-1.4770155	0.0396978	-0.2847485	-1.4360095	1.5039436	-0.0269818	-1.4287058	1.5113061	-0.3846038	-1.5296394	1.5214071	-0.2091333	-1.3059474	0.7757437	0.0212925	-1.3129591	0.6632351	0.0347330	-1.4248293	0.7505450	0.0366801	-1.3536125	0.7151258	-0.3722843	-1.4097573	0.6171304	-0.3776774	-1.4779327	0.7442403	-0.3979351	-1.3195127	0.3778172	-0.0122392	-1.3034335	0.2605853	-0.0127566	-1.3707098	0.2746475	-0.0133039	-1.5111623	0.3592146	-0.3149860	-1.5018775	0.2384468	-0.3145914	-1.5723174	0.2582047	-0.3095167	-1.4336589	0.9025689	-0.0764394	-1.4243033	0.8976414	-0.2983887	-1.4925205	1.1687191	0.0837547	-1.5040236	1.1543130	-0.0040783	-1.3660508	0.9395961	0.0440461	-1.4275352	0.9089040	0.0598717	-1.4236584	1.1696268	-0.4808708	-1.4701718	1.1595292	-0.4145468	-1.3349325	0.9227209	-0.4070184	-1.3910005	0.9035975	-0.4435844
248	4.1166667	-1.4335700	1.4509133	-0.2095200	-1.4287700	1.4475633	-0.0314600	-1.4743600	1.1861333	0.0446800	-1.3933900	0.9356333	0.0606600	-1.4069500	1.4518533	-0.3862900	-1.4285200	1.1815633	-0.4442200	-1.3732700	0.9181433	-0.4325300	-1.3864500	0.9325033	-0.1846900	-1.3842500	0.9401633	-0.0623200	-1.2832100	0.5044333	-0.0713600	-1.3061600	0.1135033	-0.0932000	-1.3738000	0.9260133	-0.3068100	-1.4833000	0.4588433	-0.2628700	-1.5572500	0.0758733	-0.2233900	-1.4212400	0.0179433	-0.2468000	-1.4275200	0.0231233	-0.2485900	-1.5647400	0.0476233	-0.2146200	-1.1605200	0.0645233	-0.0752600	-1.1729300	0.0651233	-0.0740000	-1.3449700	0.0734833	-0.1043000	-1.3313130	1.0159698	0.0033810	-1.3171642	1.0065571	-0.3648860	-1.5451028	1.0161003	-0.1180941	-1.5393041	1.0119006	-0.2620770	-1.2993388	0.4965372	-0.0043655	-1.2824100	0.5071118	-0.1282917	-1.3236712	0.1103997	-0.0502433	-1.2943095	0.1221001	-0.1337518	-1.1903866	0.0753839	-0.0843491	-1.2356549	0.0696414	-0.0357052	-1.3798481	0.0924120	-0.1061390	-1.4851438	0.4708067	-0.3241089	-1.4720960	0.4868058	-0.1988918	-1.5613979	0.0903965	-0.2679071	-1.5283899	0.1020160	-0.1847936	-1.4282777	0.0439409	-0.2373844	-1.6188678	0.0786611	-0.2073272	-1.4758656	0.0405343	-0.2844584	-1.4291454	1.5037242	-0.0272104	-1.4205667	1.5104656	-0.3850621	-1.5220836	1.5215170	-0.2096074	-1.2983850	0.7775475	0.0214536	-1.3043333	0.6646754	0.0342684	-1.4171458	0.7510081	0.0364614	-1.3505433	0.7146184	-0.3716510	-1.4077887	0.6169843	-0.3766814	-1.4745891	0.7451155	-0.3967975	-1.3043125	0.3794193	-0.0131273	-1.2829884	0.2630224	-0.0130279	-1.3508447	0.2733820	-0.0143596	-1.5103289	0.3598067	-0.3142066	-1.5009383	0.2390904	-0.3143188	-1.5710509	0.2585699	-0.3084677	-1.4270686	0.9038704	-0.0758740	-1.4187544	0.8983355	-0.2980457	-1.4864760	1.1694199	0.0836903	-1.4975709	1.1547785	-0.0043200	-1.3594071	0.9402694	0.0444054	-1.4208024	0.9094805	0.0602084	-1.4174406	1.1693283	-0.4809502	-1.4640616	1.1594526	-0.4147752	-1.3301910	0.9220082	-0.4065709	-1.3862097	0.9030907	-0.4435205
249	4.1333333	-1.4249200	1.4504833	-0.2093800	-1.4205500	1.4470133	-0.0314200	-1.4671600	1.1847233	0.0448800	-1.3865700	0.9347033	0.0615500	-1.3979100	1.4515333	-0.3860000	-1.4216600	1.1812333	-0.4448500	-1.3700500	0.9173833	-0.4331100	-1.3793200	0.9336033	-0.1843300	-1.3761700	0.9413133	-0.0619700	-1.2725700	0.5071633	-0.0730700	-1.2834500	0.1145333	-0.0928000	-1.3675900	0.9271133	-0.3064900	-1.4797300	0.4590333	-0.2626900	-1.5605800	0.0728033	-0.2223500	-1.4224900	0.0188133	-0.2480200	-1.4289400	0.0239133	-0.2494200	-1.5702400	0.0438133	-0.2139800	-1.1303400	0.0716333	-0.0742000	-1.1431300	0.0717833	-0.0732000	-1.3251400	0.0727133	-0.1031800	-1.3233819	1.0179209	0.0035321	-1.3109867	1.0072672	-0.3650134	-1.5376476	1.0167307	-0.1171431	-1.5325175	1.0120357	-0.2611848	-1.2881389	0.4978760	-0.0055224	-1.2710851	0.5091465	-0.1294458	-1.2972797	0.1102886	-0.0498654	-1.2676544	0.1231553	-0.1333244	-1.1597653	0.0808664	-0.0835782	-1.2057509	0.0729772	-0.0349029	-1.3530762	0.0893934	-0.1059753	-1.4834211	0.4710872	-0.3229325	-1.4696464	0.4869589	-0.1983559	-1.5601306	0.0906742	-0.2675953	-1.5267592	0.1020620	-0.1848368	-1.4269862	0.0446481	-0.2376220	-1.6170759	0.0780758	-0.2070286	-1.4747993	0.0415127	-0.2842362	-1.4209820	1.5033787	-0.0271828	-1.4111490	1.5095612	-0.3852422	-1.5132836	1.5215393	-0.2098282	-1.2895130	0.7794243	0.0215543	-1.2945530	0.6661885	0.0338784	-1.4083120	0.7516099	0.0365067	-1.3464439	0.7140869	-0.3710274	-1.4047763	0.6168281	-0.3756984	-1.4700728	0.7459676	-0.3955325	-1.2888242	0.3809283	-0.0136545	-1.2628595	0.2652855	-0.0129100	-1.3313029	0.2724471	-0.0148415	-1.5088425	0.3602579	-0.3134035	-1.4998696	0.2394996	-0.3139230	-1.5695935	0.2589906	-0.3074020	-1.4193751	0.9052203	-0.0752483	-1.4121246	0.8989205	-0.2975769	-1.4793532	1.1698827	0.0837165	-1.4899792	1.1550311	-0.0044003	-1.3517691	0.9406436	0.0449305	-1.4130456	0.9097594	0.0606881	-1.4103507	1.1690250	-0.4810056	-1.4570645	1.1593811	-0.4149211	-1.3247985	0.9211966	-0.4062299	-1.3808201	0.9025421	-0.4435267
250	4.1500000	-1.4162300	1.4498433	-0.2090700	-1.4118000	1.4462433	-0.0311900	-1.4595200	1.1829833	0.0450900	-1.3800100	0.9334733	0.0625700	-1.3893300	1.4510233	-0.3856100	-1.4142000	1.1803733	-0.4450100	-1.3658100	0.9165233	-0.4336300	-1.3712700	0.9347533	-0.1838800	-1.3670600	0.9424733	-0.0613900	-1.2611200	0.5099533	-0.0746000	-1.2594600	0.1165533	-0.0919700	-1.3605700	0.9283033	-0.3062500	-1.4743000	0.4594533	-0.2624300	-1.5646000	0.0702333	-0.2214500	-1.4256300	0.0183233	-0.2487600	-1.4320900	0.0233933	-0.2498100	-1.5763200	0.0411533	-0.2129200	-1.0981400	0.0809533	-0.0734900	-1.1114400	0.0805633	-0.0726600	-1.3029600	0.0737633	-0.1015200	-1.3144704	1.0200302	0.0036642	-1.3040232	1.0078834	-0.3650345	-1.5293319	1.0174586	-0.1161486	-1.5249408	1.0121770	-0.2602106	-1.2759653	0.4993822	-0.0065065	-1.2591383	0.5112117	-0.1305438	-1.2718255	0.1107467	-0.0490151	-1.2421919	0.1246232	-0.1325888	-1.1296103	0.0868981	-0.0826612	-1.1763915	0.0769285	-0.0337175	-1.3277864	0.0869208	-0.1052689	-1.4808095	0.4714731	-0.3218099	-1.4663391	0.4871466	-0.1978535	-1.5599995	0.0910504	-0.2671178	-1.5263509	0.1021165	-0.1846499	-1.4265365	0.0454141	-0.2378286	-1.6168232	0.0775857	-0.2065197	-1.4746734	0.0424684	-0.2840190	-1.4118512	1.5029473	-0.0268485	-1.4009073	1.5086799	-0.3851161	-1.5035917	1.5214828	-0.2096937	-1.2793622	0.7815137	0.0215535	-1.2835627	0.6679254	0.0335199	-1.3982663	0.7524627	0.0368014	-1.3414813	0.7136223	-0.3704959	-1.4008857	0.6167590	-0.3747922	-1.4646405	0.7468830	-0.3941660	-1.2728592	0.3825815	-0.0138884	-1.2427625	0.2676801	-0.0124854	-1.3117913	0.2720796	-0.0148118	-1.5069597	0.3606867	-0.3125517	-1.4990245	0.2397804	-0.3133876	-1.5683065	0.2596224	-0.3063069	-1.4106924	0.9067044	-0.0745478	-1.4046190	0.8994882	-0.2969626	-1.4714913	1.1701707	0.0838242	-1.4815849	1.1551667	-0.0043387	-1.3435633	0.9407477	0.0456210	-1.4047143	0.9098091	0.0613029	-1.4026245	1.1687802	-0.4809813	-1.4494061	1.1593716	-0.4149304	-1.3189505	0.9203526	-0.4059725	-1.3749916	0.9020261	-0.4435573
251	4.1666667	-1.4072300	1.4490133	-0.2086700	-1.4027700	1.4453233	-0.0308100	-1.4520900	1.1814033	0.0452700	-1.3723400	0.9321733	0.0634900	-1.3803600	1.4502833	-0.3852100	-1.4054600	1.1790333	-0.4446500	-1.3597600	0.9152133	-0.4338100	-1.3635000	0.9357633	-0.1833100	-1.3582000	0.9436133	-0.0606800	-1.2509600	0.5126133	-0.0758200	-1.2341100	0.1196333	-0.0908200	-1.3538400	0.9290233	-0.3058900	-1.4678100	0.4597633	-0.2619900	-1.5667700	0.0680133	-0.2209200	-1.4299800	0.0162033	-0.2485800	-1.4362600	0.0214533	-0.2494100	-1.5797100	0.0390433	-0.2119900	-1.0652100	0.0903333	-0.0722500	-1.0790400	0.0895633	-0.0716300	-1.2783400	0.0761333	-0.0998500	-1.3057876	1.0220832	0.0038075	-1.2974050	1.0082618	-0.3649442	-1.5213167	1.0181266	-0.1150512	-1.5177063	1.0121893	-0.2591060	-1.2640743	0.5008642	-0.0073536	-1.2477480	0.5131750	-0.1315810	-1.2474768	0.1117422	-0.0477471	-1.2180161	0.1265386	-0.1315240	-1.1003211	0.0934982	-0.0815852	-1.1478779	0.0814553	-0.0321793	-1.3039120	0.0850014	-0.1040694	-1.4781724	0.4717660	-0.3206758	-1.4629987	0.4872030	-0.1972518	-1.5614270	0.0912573	-0.2663573	-1.5275288	0.1019477	-0.1840860	-1.4278748	0.0456852	-0.2377764	-1.6182775	0.0771087	-0.2056452	-1.4763188	0.0429862	-0.2835811	-1.4029318	1.5022103	-0.0262167	-1.3909673	1.5075961	-0.3846859	-1.4941406	1.5211376	-0.2091854	-1.2692438	0.7835427	0.0215471	-1.2726508	0.6696361	0.0332206	-1.3883008	0.7533203	0.0372964	-1.3366514	0.7130916	-0.3700180	-1.3970616	0.6166152	-0.3739291	-1.4594256	0.7476442	-0.3927151	-1.2574105	0.3843166	-0.0138933	-1.2233916	0.2702640	-0.0117684	-1.2929736	0.2720794	-0.0144050	-1.5054405	0.3609132	-0.3115734	-1.4990139	0.2397576	-0.3126385	-1.5678487	0.2602137	-0.3050877	-1.4022546	0.9081068	-0.0737308	-1.3974270	0.8998660	-0.2961731	-1.4639658	1.1701156	0.0840803	-1.4735083	1.1550179	-0.0041598	-1.3357390	0.9404715	0.0464970	-1.3967865	0.9095202	0.0620824	-1.3950594	1.1683449	-0.4808237	-1.4419184	1.1591733	-0.4147856	-1.3133729	0.9192968	-0.4056723	-1.3693982	0.9013329	-0.4435254
252	4.1833333	-1.3977900	1.4481633	-0.2082000	-1.3932600	1.4444433	-0.0303000	-1.4443600	1.1803533	0.0453500	-1.3632200	0.9307233	0.0643100	-1.3709800	1.4494533	-0.3847700	-1.3959500	1.1775833	-0.4440100	-1.3518800	0.9136833	-0.4337000	-1.3560200	0.9365033	-0.1826800	-1.3492700	0.9445533	-0.0600400	-1.2423700	0.5146833	-0.0768900	-1.2080200	0.1231633	-0.0896900	-1.3478000	0.9296433	-0.3053500	-1.4615200	0.4595233	-0.2614300	-1.5643900	0.0672533	-0.2208600	-1.4338400	0.0125633	-0.2477100	-1.4397000	0.0183033	-0.2484300	-1.5776700	0.0385333	-0.2117900	-1.0345000	0.0976333	-0.0700300	-1.0486100	0.0966133	-0.0696900	-1.2519600	0.0790533	-0.0985700	-1.2973508	1.0239110	0.0039097	-1.2911031	1.0083724	-0.3648190	-1.5135425	1.0186285	-0.1138487	-1.5107363	1.0120171	-0.2578777	-1.2528897	0.5020537	-0.0082127	-1.2371297	0.5148182	-0.1326217	-1.2237794	0.1131144	-0.0462380	-1.1945139	0.1287840	-0.1301912	-1.0718624	0.1001776	-0.0803136	-1.1201090	0.0861748	-0.0303847	-1.2806227	0.0837310	-0.1025545	-1.4751257	0.4718176	-0.3195652	-1.4591954	0.4870065	-0.1965812	-1.5629856	0.0911601	-0.2653542	-1.5287950	0.1014530	-0.1832088	-1.4300126	0.0450518	-0.2373815	-1.6196789	0.0767086	-0.2044394	-1.4786366	0.0428033	-0.2828145	-1.3941491	1.5011061	-0.0254451	-1.3813119	1.5062132	-0.3840217	-1.4848686	1.5203984	-0.2083915	-1.2594501	0.7851712	0.0215777	-1.2621903	0.6710015	0.0329262	-1.3787185	0.7539524	0.0378065	-1.3317930	0.7124890	-0.3695999	-1.3930608	0.6163326	-0.3731319	-1.4543462	0.7480967	-0.3912553	-1.2427232	0.3859861	-0.0138573	-1.2047818	0.2729730	-0.0108982	-1.2748056	0.2721791	-0.0138907	-1.5036505	0.3608482	-0.3105189	-1.4988942	0.2394008	-0.3117492	-1.5672812	0.2605692	-0.3037566	-1.3940882	0.9092434	-0.0728463	-1.3905496	0.8999542	-0.2952696	-1.4565712	1.1696417	0.0844457	-1.4656062	1.1544883	-0.0039434	-1.3279766	0.9397889	0.0474600	-1.3889531	0.9088553	0.0629435	-1.3873686	1.1675742	-0.4806025	-1.4343511	1.1586289	-0.4145684	-1.3076365	0.9179466	-0.4052989	-1.3635951	0.9003292	-0.4434458
253	4.2000000	-1.3883200	1.4473133	-0.2075400	-1.3834600	1.4435733	-0.0295800	-1.4352500	1.1798233	0.0453700	-1.3535200	0.9289633	0.0651500	-1.3618200	1.4486133	-0.3841900	-1.3865300	1.1761733	-0.4433500	-1.3425700	0.9122433	-0.4335300	-1.3481700	0.9364333	-0.1821500	-1.3396000	0.9448333	-0.0595500	-1.2339600	0.5162233	-0.0779500	-1.1832900	0.1265533	-0.0887200	-1.3417400	0.9291733	-0.3049000	-1.4558600	0.4589433	-0.2611700	-1.5565000	0.0701833	-0.2216600	-1.4353100	0.0103733	-0.2469800	-1.4404500	0.0168733	-0.2477200	-1.5701900	0.0417633	-0.2128400	-1.0087500	0.1026633	-0.0670500	-1.0229500	0.1015233	-0.0670500	-1.2255600	0.0823733	-0.0978100	-1.2885607	1.0249324	0.0038660	-1.2844601	1.0078313	-0.3648440	-1.5053152	1.0183705	-0.1126444	-1.5033166	1.0111463	-0.2566604	-1.2420557	0.5023497	-0.0092040	-1.2267345	0.5155446	-0.1337270	-1.2005426	0.1143361	-0.0447801	-1.1713744	0.1308069	-0.1287927	-1.0445984	0.1059294	-0.0788958	-1.0934172	0.0903073	-0.0285421	-1.2574295	0.0829145	-0.1010503	-1.4706515	0.4711553	-0.3187441	-1.4538701	0.4860807	-0.1961254	-1.5626491	0.0905608	-0.2643915	-1.5280840	0.1004470	-0.1823492	-1.4311202	0.0433244	-0.2368828	-1.6187715	0.0762822	-0.2032031	-1.4797374	0.0417863	-0.2819324	-1.3849412	1.4993166	-0.0247460	-1.3714808	1.5041980	-0.3832340	-1.4752315	1.5188088	-0.2074538	-1.2495879	0.7857197	0.0216201	-1.2518397	0.6713713	0.0325634	-1.3690862	0.7537564	0.0381297	-1.3261403	0.7114815	-0.3693737	-1.3880273	0.6155222	-0.3725857	-1.4486240	0.7477179	-0.3900132	-1.2285258	0.3870219	-0.0139807	-1.1867652	0.2752232	-0.0101048	-1.2570252	0.2718681	-0.0135511	-1.5003310	0.3601115	-0.3096694	-1.4971331	0.2384507	-0.3110107	-1.5650171	0.2603219	-0.3025676	-1.3855333	0.9094882	-0.0720339	-1.3832920	0.8992460	-0.2944405	-1.4485242	1.1683023	0.0848005	-1.4571486	1.1531120	-0.0037838	-1.3195456	0.9382348	0.0483371	-1.3804828	0.9073552	0.0637290	-1.3789438	1.1659911	-0.4804860	-1.4261003	1.1572436	-0.4144202	-1.3009313	0.9158814	-0.4049440	-1.3567815	0.8985384	-0.4434121
254	4.2166667	-1.3793600	1.4464533	-0.2065700	-1.3743800	1.4425633	-0.0285400	-1.4250300	1.1791133	0.0456100	-1.3441900	0.9269533	0.0660100	-1.3529600	1.4478933	-0.3833100	-1.3772000	1.1748733	-0.4427000	-1.3327200	0.9110933	-0.4333800	-1.3401400	0.9351233	-0.1817600	-1.3297600	0.9438633	-0.0591300	-1.2247000	0.5171933	-0.0789000	-1.1620500	0.1292933	-0.0877900	-1.3354900	0.9274633	-0.3046600	-1.4508300	0.4583033	-0.2614400	-1.5463000	0.0761233	-0.2233200	-1.4340100	0.0099633	-0.2468400	-1.4382100	0.0171333	-0.2476300	-1.5609400	0.0480133	-0.2149000	-0.9869200	0.1065233	-0.0640800	-1.0012900	0.1053033	-0.0643600	-1.2011900	0.0858733	-0.0973600	-1.2796670	1.0246117	0.0037015	-1.2776362	1.0063001	-0.3650531	-1.4967894	1.0169057	-0.1114732	-1.4955682	1.0092087	-0.2555125	-1.2316703	0.5014258	-0.0103023	-1.2165686	0.5149882	-0.1348449	-1.1786502	0.1149973	-0.0435431	-1.1494467	0.1321501	-0.1274630	-1.0195583	0.1100769	-0.0773910	-1.0688896	0.0932914	-0.0268126	-1.2352119	0.0822749	-0.0997361	-1.4648727	0.4694863	-0.3184497	-1.4471930	0.4841178	-0.1961450	-1.5600001	0.0895071	-0.2638405	-1.5250186	0.0989690	-0.1819234	-1.4306326	0.0406104	-0.2365607	-1.6151299	0.0758749	-0.2024126	-1.4790397	0.0400058	-0.2812468	-1.3756416	1.4966011	-0.0241339	-1.3618026	1.5013478	-0.3823141	-1.4655460	1.5160701	-0.2064044	-1.2399392	0.7848604	0.0216832	-1.2418328	0.6704197	0.0321480	-1.3596254	0.7523148	0.0382262	-1.3198971	0.7097888	-0.3694045	-1.3821252	0.6139007	-0.3724183	-1.4423431	0.7461652	-0.3891131	-1.2151176	0.3870278	-0.0143155	-1.1699051	0.2765488	-0.0095222	-1.2401652	0.2708331	-0.0134739	-1.4954686	0.3584960	-0.3093130	-1.4935761	0.2368103	-0.3107450	-1.5608548	0.2593514	-0.3018267	-1.3767963	0.9083576	-0.0713300	-1.3758066	0.8973768	-0.2937600	-1.4400262	1.1657591	0.0851679	-1.4483395	1.1505448	-0.0036387	-1.3107087	0.9354504	0.0491343	-1.3716368	0.9046588	0.0644450	-1.3700763	1.1632990	-0.4804993	-1.4174403	1.1546966	-0.4143512	-1.2934126	0.9128559	-0.4046035	-1.3491192	0.8956716	-0.4433989
255	4.2333333	-1.3706600	1.4454333	-0.2053600	-1.3662800	1.4412533	-0.0272500	-1.4151100	1.1775433	0.0462600	-1.3354800	0.9248733	0.0668300	-1.3436700	1.4471833	-0.3821300	-1.3682000	1.1734733	-0.4420000	-1.3234400	0.9100733	-0.4332100	-1.3322900	0.9324133	-0.1813400	-1.3205700	0.9412933	-0.0586600	-1.2147300	0.5175633	-0.0795200	-1.1444400	0.1311833	-0.0868700	-1.3289400	0.9247333	-0.3043700	-1.4465700	0.4573833	-0.2619500	-1.5390000	0.0814333	-0.2250000	-1.4320000	0.0115133	-0.2475600	-1.4355500	0.0191633	-0.2483300	-1.5540800	0.0538233	-0.2168400	-0.9667900	0.1104133	-0.0620100	-0.9814200	0.1090433	-0.0624700	-1.1797200	0.0888533	-0.0969200	-1.2710556	1.0226980	0.0036525	-1.2709292	1.0036055	-0.3652692	-1.4883411	1.0141264	-0.1102123	-1.4878375	1.0061323	-0.2543343	-1.2217024	0.4992923	-0.0112070	-1.2067127	0.5131190	-0.1357359	-1.1588203	0.1149288	-0.0424935	-1.1295506	0.1326056	-0.1262461	-0.9972714	0.1125918	-0.0758762	-1.0471087	0.0950707	-0.0252336	-1.2149394	0.0815072	-0.0985848	-1.4585888	0.4667479	-0.3185873	-1.4400154	0.4810260	-0.1966023	-1.5560387	0.0881329	-0.2637849	-1.5206561	0.0971312	-0.1820710	-1.4291886	0.0373576	-0.2366008	-1.6099407	0.0754187	-0.2022161	-1.4772400	0.0377876	-0.2809191	-1.3667677	1.4929587	-0.0233893	-1.3525759	1.4976837	-0.3811269	-1.4562465	1.5122219	-0.2051382	-1.2307323	0.7826673	0.0218933	-1.2322834	0.6681992	0.0318920	-1.3504989	0.7495304	0.0383819	-1.3136231	0.7071731	-0.3695563	-1.3760004	0.6113057	-0.3724963	-1.4359418	0.7433955	-0.3883861	-1.2026058	0.3858899	-0.0146376	-1.1545035	0.2767366	-0.0090795	-1.2246031	0.2690345	-0.0134289	-1.4898999	0.3559852	-0.3094038	-1.4891194	0.2345029	-0.3109481	-1.5556862	0.2577231	-0.3015297	-1.3682711	0.9056963	-0.0705656	-1.3684339	0.8942378	-0.2930969	-1.4316315	1.1619430	0.0857362	-1.4396706	1.1467144	-0.0033168	-1.3019586	0.9314142	0.0500642	-1.3628790	0.9006938	0.0652857	-1.3612684	1.1595013	-0.4804604	-1.4088370	1.1509665	-0.4141909	-1.2855462	0.9088949	-0.4041379	-1.3410865	0.8917424	-0.4432410
256	4.2500000	-1.3610900	1.4442133	-0.2040800	-1.3577600	1.4396533	-0.0260000	-1.4059200	1.1752833	0.0472000	-1.3267500	0.9229233	0.0676900	-1.3330800	1.4463433	-0.3807300	-1.3599000	1.1720333	-0.4413500	-1.3150700	0.9090033	-0.4330200	-1.3238000	0.9286633	-0.1806800	-1.3115400	0.9374933	-0.0581100	-1.2042900	0.5173333	-0.0798300	-1.1293700	0.1322233	-0.0862700	-1.3210100	0.9209533	-0.3036400	-1.4426700	0.4561833	-0.2623000	-1.5367400	0.0839033	-0.2258000	-1.4299200	0.0135233	-0.2492400	-1.4332100	0.0214033	-0.2498300	-1.5507000	0.0567533	-0.2175500	-0.9483200	0.1139433	-0.0612200	-0.9631700	0.1124133	-0.0617800	-1.1615200	0.0907133	-0.0964600	-1.2618834	1.0195725	0.0039152	-1.2634844	0.9999483	-0.3652629	-1.4791817	1.0105203	-0.1087675	-1.4793349	1.0023391	-0.2530165	-1.2111701	0.4964152	-0.0116468	-1.1963498	0.5103711	-0.1361912	-1.1408249	0.1143692	-0.0416133	-1.1115731	0.1323701	-0.1252260	-0.9772576	0.1138450	-0.0745278	-1.0276214	0.0959813	-0.0238962	-1.1966664	0.0806873	-0.0975785	-1.4517683	0.4633467	-0.3188421	-1.4322948	0.4771714	-0.1972641	-1.5513484	0.0867918	-0.2640700	-1.5155922	0.0952593	-0.1826914	-1.4269334	0.0342042	-0.2370828	-1.6040207	0.0750364	-0.2024570	-1.4745978	0.0356445	-0.2809720	-1.3575604	1.4888330	-0.0223228	-1.3428614	1.4936680	-0.3795760	-1.4465519	1.5078185	-0.2035900	-1.2210384	0.7796766	0.0223653	-1.2222175	0.6652243	0.0319839	-1.3407195	0.7458746	0.0388870	-1.3068586	0.7037588	-0.3696342	-1.3693626	0.6079799	-0.3725595	-1.4288676	0.7398540	-0.3875032	-1.1901432	0.3839444	-0.0147290	-1.1398895	0.2760080	-0.0087052	-1.2097682	0.2668597	-0.0131946	-1.4837395	0.3529768	-0.3096742	-1.4840551	0.2318915	-0.3114046	-1.5498192	0.2558479	-0.3014283	-1.3591566	0.9019556	-0.0695478	-1.3603649	0.8901716	-0.2922391	-1.4228578	1.1573015	0.0866541	-1.4305771	1.1420691	-0.0026446	-1.2926981	0.9266580	0.0513127	-1.3535563	0.8959116	0.0664175	-1.3520679	1.1550935	-0.4801879	-1.3997824	1.1465414	-0.4137669	-1.2769075	0.9044613	-0.4034654	-1.3322993	0.8872417	-0.4428286
257	4.2666667	-1.3501600	1.4427933	-0.2027600	-1.3476200	1.4378433	-0.0248800	-1.3962800	1.1728133	0.0483100	-1.3170500	0.9211733	0.0687400	-1.3214800	1.4453133	-0.3791400	-1.3512400	1.1706333	-0.4407400	-1.3067700	0.9076733	-0.4326400	-1.3140800	0.9255333	-0.1798000	-1.3017700	0.9340533	-0.0574600	-1.1934100	0.5166133	-0.0799400	-1.1157300	0.1324033	-0.0862900	-1.3114100	0.9180933	-0.3025200	-1.4380800	0.4552233	-0.2623600	-1.5378900	0.0847533	-0.2255600	-1.4278000	0.0153733	-0.2514400	-1.4310700	0.0231133	-0.2517600	-1.5500300	0.0587533	-0.2170200	-0.9328600	0.1161633	-0.0616600	-0.9477200	0.1145033	-0.0622800	-1.1464000	0.0912433	-0.0962600	-1.2514952	1.0169663	0.0044304	-1.2547171	0.9968361	-0.3650192	-1.4687581	1.0078282	-0.1072594	-1.4695347	0.9994805	-0.2516473	-1.1995964	0.4943571	-0.0116799	-1.1850983	0.5083062	-0.1363033	-1.1246731	0.1145540	-0.0411125	-1.0955659	0.1326618	-0.1246687	-0.9594502	0.1150799	-0.0736704	-1.0103393	0.0972549	-0.0230684	-1.1805298	0.0809567	-0.0969587	-1.4443775	0.4609018	-0.3190746	-1.4239625	0.4741364	-0.1980037	-1.5466013	0.0869024	-0.2645205	-1.5104867	0.0947443	-0.1836133	-1.4242551	0.0325990	-0.2380310	-1.5982332	0.0760722	-0.2029007	-1.4716015	0.0349929	-0.2814057	-1.3473704	1.4857722	-0.0210079	-1.3320223	1.4908481	-0.3777684	-1.4358532	1.5045161	-0.2018823	-1.2102486	0.7775045	0.0230122	-1.2110609	0.6630930	0.0323515	-1.3296685	0.7430503	0.0397236	-1.2992488	0.7010059	-0.3696756	-1.3619868	0.6054520	-0.3725719	-1.4207709	0.7372165	-0.3863829	-1.1773658	0.3826372	-0.0146611	-1.1258053	0.2756731	-0.0085233	-1.1954653	0.2657264	-0.0128870	-1.4771396	0.3510387	-0.3099665	-1.4787368	0.2304642	-0.3119628	-1.5436227	0.2552711	-0.3013515	-1.3488595	0.8988826	-0.0683237	-1.3510471	0.8867911	-0.2911879	-1.4131997	1.1534320	0.0878220	-1.4205470	1.1382238	-0.0016818	-1.2823979	0.9228071	0.0527854	-1.3431146	0.8919156	0.0677611	-1.3420902	1.1516753	-0.4797192	-1.3898578	1.1430486	-0.4131326	-1.2672499	0.9010887	-0.4027234	-1.3225499	0.8837566	-0.4422953
258	4.2833333	-1.3389300	1.4411233	-0.2011400	-1.3362900	1.4358033	-0.0234900	-1.3855000	1.1701633	0.0496900	-1.3063100	0.9193733	0.0700600	-1.3104300	1.4440133	-0.3773200	-1.3410400	1.1693633	-0.4399400	-1.2974100	0.9062933	-0.4318900	-1.3039600	0.9239533	-0.1787600	-1.2916200	0.9321733	-0.0565700	-1.1821800	0.5155033	-0.0799000	-1.1026100	0.1314533	-0.0868900	-1.3013500	0.9168033	-0.3013300	-1.4321100	0.4546933	-0.2622200	-1.5398600	0.0857733	-0.2248000	-1.4266500	0.0167233	-0.2534100	-1.4302200	0.0244933	-0.2534400	-1.5508700	0.0618033	-0.2161700	-0.9208600	0.1165933	-0.0630900	-0.9355100	0.1149233	-0.0637500	-1.1331800	0.0902733	-0.0965300	-1.2406494	1.0158343	0.0051165	-1.2455102	0.9951305	-0.3645716	-1.4579141	1.0069534	-0.1057578	-1.4593275	0.9984174	-0.2502751	-1.1879479	0.4938100	-0.0115044	-1.1739541	0.5076608	-0.1362534	-1.1110660	0.1158465	-0.0411939	-1.0822287	0.1338797	-0.1247677	-0.9446760	0.1166966	-0.0735406	-0.9960013	0.0992321	-0.0229681	-1.1671574	0.0825974	-0.0969526	-1.4372575	0.4602595	-0.3192345	-1.4158429	0.4727622	-0.1987119	-1.5431110	0.0890475	-0.2649439	-1.5066300	0.0961668	-0.1845941	-1.4225205	0.0329211	-0.2392761	-1.5939396	0.0791933	-0.2032911	-1.4696390	0.0362800	-0.2820791	-1.3368498	1.4844169	-0.0194950	-1.3209080	1.4898560	-0.3757949	-1.4248926	1.5030466	-0.2000650	-1.1991825	0.7768776	0.0237188	-1.1996799	0.6625133	0.0328423	-1.3181911	0.7419200	0.0407571	-1.2916017	0.6997903	-0.3697564	-1.3546940	0.6045882	-0.3725689	-1.4125422	0.7363750	-0.3850664	-1.1651925	0.3825988	-0.0146130	-1.1130795	0.2762716	-0.0086705	-1.1825256	0.2661242	-0.0127404	-1.4710766	0.3509485	-0.3101751	-1.4742643	0.2309140	-0.3124875	-1.5382234	0.2567146	-0.3011830	-1.3381794	0.8974407	-0.0669703	-1.3413550	0.8850043	-0.2899894	-1.4031910	1.1510874	0.0891569	-1.4101991	1.1359466	-0.0004906	-1.2716964	0.9205593	0.0543567	-1.3322306	0.8894744	0.0692295	-1.3319232	1.1499646	-0.4791132	-1.3796685	1.1412443	-0.4123567	-1.2572899	0.8994707	-0.4019709	-1.3125436	0.8820161	-0.4417306
259	4.3000000	-1.3282600	1.4392333	-0.1991000	-1.3248500	1.4335533	-0.0215400	-1.3743700	1.1673233	0.0513200	-1.2952900	0.9171833	0.0715600	-1.3005500	1.4424933	-0.3752700	-1.3297100	1.1682333	-0.4388700	-1.2867700	0.9050733	-0.4309100	-1.2936300	0.9234833	-0.1775600	-1.2813500	0.9313133	-0.0553100	-1.1706300	0.5142133	-0.0798100	-1.0905700	0.1293133	-0.0878700	-1.2909400	0.9164733	-0.3002100	-1.4248600	0.4542133	-0.2620300	-1.5404100	0.0856933	-0.2237300	-1.4262700	0.0164733	-0.2546600	-1.4302500	0.0240933	-0.2544100	-1.5510800	0.0629833	-0.2153100	-0.9115100	0.1147033	-0.0651900	-0.9258200	0.1130533	-0.0658500	-1.1220600	0.0880933	-0.0971000	-1.2295058	1.0157814	0.0059655	-1.2361050	0.9943436	-0.3639145	-1.4468470	1.0073552	-0.1042449	-1.4489407	0.9985677	-0.2488730	-1.1765461	0.4941531	-0.0112672	-1.1632296	0.5078544	-0.1361551	-1.0999261	0.1172217	-0.0418713	-1.0714601	0.1350382	-0.1255152	-0.9329380	0.1175152	-0.0741960	-0.9845375	0.1007089	-0.0236397	-1.1563876	0.0845974	-0.0975546	-1.4303979	0.4607649	-0.3191805	-1.4079498	0.4724576	-0.1992198	-1.5407545	0.0921857	-0.2651619	-1.5038854	0.0985392	-0.1854109	-1.4217796	0.0339924	-0.2404943	-1.5909471	0.0834186	-0.2034556	-1.4687120	0.0383636	-0.2827090	-1.3261239	1.4840663	-0.0177626	-1.3098060	1.4899644	-0.3736732	-1.4138800	1.5027522	-0.1981054	-1.1880130	0.7771674	0.0244325	-1.1883005	0.6628553	0.0333588	-1.3065215	0.7419847	0.0419068	-1.2839903	0.6995776	-0.3697995	-1.3475197	0.6047959	-0.3724533	-1.4043138	0.7367442	-0.3835265	-1.1538513	0.3831316	-0.0146843	-1.1018070	0.2770105	-0.0091719	-1.1710672	0.2671705	-0.0128601	-1.4655074	0.3519689	-0.3101496	-1.4705308	0.2324105	-0.3128092	-1.5335766	0.2592739	-0.3007868	-1.3272786	0.8972111	-0.0654918	-1.3315011	0.8843369	-0.2886370	-1.3928941	1.1496845	0.0906177	-1.3996207	1.1346522	0.0009110	-1.2607973	0.9192479	0.0559942	-1.3211454	0.8880099	0.0707967	-1.3215549	1.1493613	-0.4783349	-1.3692365	1.1405278	-0.4114042	-1.2470414	0.8989824	-0.4011255	-1.3022502	0.8814090	-0.4410758
260	4.3166667	-1.3176300	1.4372133	-0.1968800	-1.3137700	1.4312033	-0.0192800	-1.3637500	1.1648033	0.0530000	-1.2843700	0.9147933	0.0731600	-1.2903400	1.4408333	-0.3731200	-1.3179700	1.1670733	-0.4376900	-1.2754500	0.9041733	-0.4300000	-1.2822300	0.9228533	-0.1762600	-1.2702500	0.9307433	-0.0538300	-1.1590400	0.5126933	-0.0797700	-1.0815100	0.1261133	-0.0892000	-1.2792400	0.9160733	-0.2990700	-1.4166000	0.4531033	-0.2619100	-1.5399000	0.0850633	-0.2222700	-1.4244300	0.0156333	-0.2551800	-1.4290000	0.0233733	-0.2547300	-1.5514800	0.0636333	-0.2142900	-0.9053200	0.1108433	-0.0680200	-0.9192300	0.1093633	-0.0686100	-1.1146400	0.0850433	-0.0977800	-1.2172728	1.0156416	0.0069446	-1.2256502	0.9932147	-0.3631242	-1.4347574	1.0076440	-0.1027956	-1.4375511	0.9985065	-0.2475294	-1.1646594	0.4940622	-0.0110219	-1.1522055	0.5075490	-0.1360543	-1.0907194	0.1172148	-0.0431164	-1.0627389	0.1346651	-0.1268964	-0.9237187	0.1159227	-0.0756804	-0.9753996	0.1000976	-0.0250971	-1.1477081	0.0855184	-0.0987209	-1.4227106	0.4610007	-0.3188945	-1.3992337	0.4718502	-0.1994380	-1.5384057	0.0948766	-0.2651237	-1.5011295	0.1004452	-0.1859354	-1.4208493	0.0343738	-0.2414695	-1.5881612	0.0873153	-0.2033621	-1.4676505	0.0397617	-0.2831589	-1.3145734	1.4833940	-0.0158413	-1.2980092	1.4898200	-0.3714495	-1.4021433	1.5022248	-0.1960684	-1.1758758	0.7770678	0.0250666	-1.1761112	0.6628083	0.0338338	-1.2938483	0.7419649	0.0431397	-1.2753757	0.6990077	-0.3698037	-1.3394069	0.6046834	-0.3722327	-1.3951115	0.7369299	-0.3818708	-1.1426671	0.3828631	-0.0148971	-1.0913525	0.2764702	-0.0100310	-1.1604761	0.2674800	-0.0132372	-1.4593404	0.3526757	-0.3098730	-1.4664047	0.2335083	-0.3128790	-1.5285944	0.2615092	-0.3001730	-1.3153012	0.8969185	-0.0639377	-1.3205914	0.8834573	-0.2872072	-1.3817539	1.1479927	0.0920945	-1.3881784	1.1330876	0.0024211	-1.2491929	0.9176214	0.0576760	-1.3093436	0.8862852	0.0724059	-1.3102500	1.1486044	-0.4774024	-1.3578524	1.1396210	-0.4103154	-1.2357637	0.8983349	-0.4001825	-1.2908849	0.8806566	-0.4403173
261	4.3333333	-1.3063100	1.4351333	-0.1947500	-1.3027100	1.4288133	-0.0170800	-1.3530900	1.1631133	0.0546700	-1.2733100	0.9125833	0.0748700	-1.2787400	1.4390633	-0.3710400	-1.3059300	1.1656433	-0.4364900	-1.2640700	0.9035133	-0.4292600	-1.2701900	0.9218633	-0.1750600	-1.2584500	0.9295533	-0.0524600	-1.1476600	0.5102833	-0.0798300	-1.0760800	0.1217833	-0.0912000	-1.2669200	0.9153733	-0.2980300	-1.4074000	0.4509733	-0.2618800	-1.5403500	0.0817533	-0.2203300	-1.4207100	0.0147433	-0.2551500	-1.4258800	0.0225833	-0.2546000	-1.5538700	0.0610733	-0.2125900	-0.9029600	0.1052233	-0.0718200	-0.9163500	0.1039833	-0.0722900	-1.1111300	0.0808733	-0.0987800	-1.2044457	1.0152072	0.0078589	-1.2144840	0.9914754	-0.3623624	-1.4221055	1.0076193	-0.1016896	-1.4255563	0.9980065	-0.2465106	-1.1527819	0.4933384	-0.0109714	-1.1413578	0.5065487	-0.1361348	-1.0841005	0.1155716	-0.0450534	-1.0567064	0.1325149	-0.1290142	-0.9176187	0.1117344	-0.0781417	-0.9692057	0.0971504	-0.0275024	-1.1417941	0.0850494	-0.1005318	-1.4145559	0.4606165	-0.3185222	-1.3901681	0.4706363	-0.1994430	-1.5363631	0.0966304	-0.2649406	-1.4987282	0.1014325	-0.1861997	-1.4197249	0.0339529	-0.2421756	-1.5860457	0.0901702	-0.2031291	-1.4664719	0.0401973	-0.2834836	-1.3026230	1.4821527	-0.0139139	-1.2857942	1.4891947	-0.3693238	-1.3900459	1.5012929	-0.1941760	-1.1632508	0.7764102	0.0253816	-1.1636021	0.6621923	0.0340380	-1.2806802	0.7416772	0.0442255	-1.2660507	0.6977657	-0.3698886	-1.3306565	0.6039131	-0.3720516	-1.3852388	0.7366518	-0.3803538	-1.1321760	0.3815499	-0.0154371	-1.0823005	0.2743818	-0.0114210	-1.1513491	0.2668243	-0.0140317	-1.4528906	0.3526799	-0.3094917	-1.4621366	0.2337855	-0.3128063	-1.5236177	0.2629676	-0.2995239	-1.3027302	0.8963991	-0.0625324	-1.3090147	0.8821632	-0.2859037	-1.3703098	1.1458911	0.0934354	-1.3763804	1.1311132	0.0038446	-1.2373851	0.9155769	0.0592943	-1.2973294	0.8841792	0.0739346	-1.2984418	1.1475205	-0.4764875	-1.3459739	1.1383621	-0.4092914	-1.2239615	0.8973464	-0.3993208	-1.2789435	0.8795822	-0.4396259
262	4.3500000	-1.2945100	1.4329733	-0.1926600	-1.2908900	1.4262933	-0.0149200	-1.3408900	1.1618533	0.0565400	-1.2620300	0.9106733	0.0765700	-1.2669600	1.4372933	-0.3690300	-1.2935900	1.1640733	-0.4351900	-1.2527800	0.9029133	-0.4285800	-1.2585300	0.9202433	-0.1740300	-1.2467400	0.9274933	-0.0512000	-1.1366500	0.5064533	-0.0801600	-1.0731100	0.1161533	-0.0941100	-1.2552900	0.9141533	-0.2972200	-1.3978200	0.4480133	-0.2618400	-1.5456300	0.0769433	-0.2181800	-1.4182300	0.0134133	-0.2550600	-1.4240200	0.0211933	-0.2544100	-1.5625600	0.0566833	-0.2101500	-0.9023000	0.0984433	-0.0762700	-0.9151600	0.0974333	-0.0766500	-1.1108000	0.0751333	-0.1006300	-1.1920089	1.0141836	0.0086621	-1.2036403	0.9888707	-0.3617241	-1.4099628	1.0070211	-0.1009324	-1.4140485	0.9968283	-0.2458406	-1.1416231	0.4916757	-0.0111186	-1.1314844	0.5045724	-0.1364194	-1.0804451	0.1122179	-0.0476498	-1.0538147	0.1285575	-0.1318791	-0.9148256	0.1053400	-0.0815527	-0.9661528	0.0921239	-0.0307779	-1.1391116	0.0828821	-0.1029837	-1.4070013	0.4593326	-0.3180778	-1.3818386	0.4685320	-0.1991712	-1.5363322	0.0973003	-0.2645600	-1.4983987	0.1013333	-0.1860806	-1.4198364	0.0326883	-0.2425998	-1.5865184	0.0917552	-0.2026522	-1.4667219	0.0395602	-0.2837062	-1.2911523	1.4800673	-0.0119194	-1.2740711	1.4878496	-0.3673394	-1.3784815	1.4997318	-0.1924033	-1.1509648	0.7750286	0.0252771	-1.1515416	0.6607779	0.0339217	-1.2678722	0.7407856	0.0451741	-1.2569883	0.6955118	-0.3701484	-1.3222827	0.6021721	-0.3719867	-1.3757472	0.7356665	-0.3790828	-1.1229952	0.3789371	-0.0162909	-1.0751579	0.2705853	-0.0133373	-1.1441908	0.2649887	-0.0151847	-1.4473928	0.3517257	-0.3089906	-1.4591312	0.2329906	-0.3125506	-1.5200857	0.2634829	-0.2988442	-1.2905791	0.8953731	-0.0613267	-1.2978128	0.8801996	-0.2848088	-1.3592130	1.1431921	0.0947206	-1.3649820	1.1285312	0.0052018	-1.2260575	0.9129033	0.0608268	-1.2858288	0.8814888	0.0753940	-1.2869846	1.1458512	-0.4756705	-1.3344619	1.1365238	-0.4083988	-1.2125273	0.8957996	-0.3986188	-1.2673467	0.8779552	-0.4390732
263	4.3666667	-1.2828700	1.4308333	-0.1903000	-1.2780000	1.4235833	-0.0125000	-1.3269900	1.1598533	0.0587100	-1.2506000	0.9085433	0.0780400	-1.2565100	1.4357333	-0.3668500	-1.2810100	1.1626133	-0.4336300	-1.2415300	0.9021833	-0.4278400	-1.2466100	0.9176533	-0.1730300	-1.2347200	0.9245833	-0.0499300	-1.1263000	0.5016433	-0.0810300	-1.0714100	0.1098633	-0.0974800	-1.2434200	0.9119933	-0.2965000	-1.3887100	0.4447933	-0.2618500	-1.5553100	0.0729633	-0.2159200	-1.4173700	0.0120433	-0.2552900	-1.4240200	0.0195933	-0.2545100	-1.5770600	0.0528533	-0.2069900	-0.9004800	0.0903633	-0.0807700	-0.9129000	0.0896433	-0.0811300	-1.1129100	0.0681133	-0.1033800	-1.1792691	1.0122246	0.0094739	-1.1925953	0.9851333	-0.3610998	-1.3976815	1.0054811	-0.1001809	-1.4024453	0.9946383	-0.2451803	-1.1304164	0.4886830	-0.0114345	-1.1218398	0.5012791	-0.1368607	-1.0784525	0.1070445	-0.0506292	-1.0527996	0.1227553	-0.1352250	-0.9136124	0.0969992	-0.0855863	-0.9645972	0.0851711	-0.0345563	-1.1384742	0.0787656	-0.1058271	-1.3995734	0.4568061	-0.3174483	-1.3737039	0.4651906	-0.1985097	-1.5384968	0.0969891	-0.2638125	-1.5002737	0.1002161	-0.1853817	-1.4212019	0.0305274	-0.2426592	-1.5898496	0.0922685	-0.2017262	-1.4685464	0.0378483	-0.2837544	-1.2794778	1.4768703	-0.0096454	-1.2624480	1.4855466	-0.3653324	-1.3669079	1.4972172	-0.1904377	-1.1382183	0.7725942	0.0248851	-1.1391433	0.6581977	0.0335786	-1.2546914	0.7388527	0.0460972	-1.2476274	0.6919148	-0.3704678	-1.3137756	0.5991243	-0.3719239	-1.3661336	0.7336444	-0.3779104	-1.1142018	0.3747369	-0.0173532	-1.0688302	0.2649370	-0.0155909	-1.1379148	0.2616697	-0.0165151	-1.4425745	0.3495603	-0.3082452	-1.4573303	0.2309515	-0.3119584	-1.5179092	0.2630129	-0.2980013	-1.2781444	0.8934615	-0.0601528	-1.2863822	0.8772360	-0.2837628	-1.3475952	1.1396167	0.0961658	-1.3531845	1.1250713	0.0067057	-1.2144334	0.9092705	0.0623804	-1.2740829	0.8778955	0.0769170	-1.2753480	1.1433253	-0.4747929	-1.3227449	1.1338328	-0.4074310	-1.2008848	0.8934270	-0.3979622	-1.2555639	0.8755014	-0.4384983
264	4.3833333	-1.2714900	1.4289033	-0.1874800	-1.2648300	1.4208433	-0.0097500	-1.3132900	1.1562033	0.0610500	-1.2388300	0.9055133	0.0792100	-1.2468800	1.4346533	-0.3641300	-1.2684100	1.1612933	-0.4317000	-1.2304300	0.9013433	-0.4270600	-1.2333200	0.9141033	-0.1718900	-1.2219300	0.9207033	-0.0485800	-1.1163300	0.4967833	-0.0823700	-1.0702100	0.1039533	-0.1004300	-1.2295900	0.9087833	-0.2955600	-1.3796100	0.4418033	-0.2620400	-1.5631400	0.0711733	-0.2140600	-1.4145000	0.0121133	-0.2558800	-1.4222500	0.0194233	-0.2549600	-1.5901300	0.0512833	-0.2039700	-0.8982000	0.0800533	-0.0851200	-0.9101300	0.0796633	-0.0854700	-1.1152100	0.0617533	-0.1062800	-1.1652300	1.0093328	0.0104515	-1.1802004	0.9804240	-0.3603026	-1.3841487	1.0029511	-0.0992016	-1.3895704	0.9914470	-0.2442878	-1.1182387	0.4844101	-0.0118337	-1.1113780	0.4967780	-0.1373368	-1.0766429	0.1004648	-0.0536305	-1.0521003	0.1155844	-0.1386273	-0.9123596	0.0870803	-0.0898176	-0.9629689	0.0766916	-0.0384230	-1.1383179	0.0732840	-0.1086760	-1.3909290	0.4531240	-0.3166596	-1.3644224	0.4607269	-0.1974952	-1.5412070	0.0960806	-0.2626288	-1.5027074	0.0984726	-0.1840301	-1.4222068	0.0279017	-0.2422775	-1.5943299	0.0921536	-0.2002553	-1.4703276	0.0355529	-0.2835573	-1.2666973	1.4727433	-0.0069916	-1.2500337	1.4824244	-0.3630504	-1.3543846	1.4937674	-0.1880279	-1.1240350	0.7690136	0.0244591	-1.1254747	0.6544030	0.0331855	-1.2401979	0.7358131	0.0470750	-1.2367277	0.6871872	-0.3706717	-1.3038536	0.5949235	-0.3717677	-1.3551644	0.7305749	-0.3767413	-1.1047314	0.3691446	-0.0184684	-1.0621051	0.2577816	-0.0179022	-1.1312927	0.2570710	-0.0178308	-1.4370127	0.3463339	-0.3072644	-1.4552314	0.2279012	-0.3109878	-1.5155651	0.2617968	-0.2969805	-1.2643429	0.8905948	-0.0588462	-1.2735477	0.8732961	-0.2825836	-1.3346515	1.1351973	0.0978822	-1.3401165	1.1207875	0.0084972	-1.2016680	0.9047444	0.0640667	-1.2611939	0.8734209	0.0786007	-1.2628265	1.1400840	-0.4736290	-1.3100513	1.1304025	-0.4061396	-1.1882689	0.8903249	-0.3972369	-1.2428550	0.8723338	-0.4377193
265	4.4000000	-1.2598200	1.4274233	-0.1842500	-1.2522400	1.4183333	-0.0066600	-1.3010800	1.1515833	0.0633500	-1.2265300	0.9018433	0.0803200	-1.2361600	1.4342533	-0.3608500	-1.2559100	1.1601133	-0.4294700	-1.2191100	0.9004833	-0.4263200	-1.2189600	0.9105833	-0.1704800	-1.2086400	0.9165133	-0.0470400	-1.1060400	0.4927233	-0.0836800	-1.0686400	0.0991833	-0.1023000	-1.2141500	0.9059833	-0.2942000	-1.3695800	0.4391933	-0.2625100	-1.5635100	0.0701733	-0.2134000	-1.4086100	0.0129533	-0.2565700	-1.4174000	0.0202733	-0.2555700	-1.5938300	0.0502533	-0.2025700	-0.8976700	0.0673433	-0.0889500	-0.9090000	0.0674733	-0.0892300	-1.1142800	0.0575833	-0.1083000	-1.1503322	1.0063958	0.0117488	-1.1665891	0.9758640	-0.3591467	-1.3696018	1.0004186	-0.0979296	-1.3755382	0.9883223	-0.2430903	-1.1056567	0.4799635	-0.0121887	-1.1004438	0.4922097	-0.1376658	-1.0747884	0.0938846	-0.0563500	-1.0513230	0.1084813	-0.1416672	-0.9111670	0.0766697	-0.0938288	-0.9613325	0.0678854	-0.0420475	-1.1380742	0.0681731	-0.1111519	-1.3808791	0.4494490	-0.3158146	-1.3539008	0.4563411	-0.1962967	-1.5427325	0.0953843	-0.2611478	-1.5040244	0.0969581	-0.1822376	-1.4215166	0.0258624	-0.2415010	-1.5979374	0.0921266	-0.1983879	-1.4705306	0.0337586	-0.2830896	-1.2531830	1.4687542	-0.0040148	-1.2370065	1.4794002	-0.3603226	-1.3411159	1.4903348	-0.1851397	-1.1090279	0.7651492	0.0242505	-1.1111620	0.6503496	0.0329246	-1.2249900	0.7326391	0.0481282	-1.2243896	0.6826334	-0.3705955	-1.2924783	0.5908119	-0.3714506	-1.3428272	0.7274779	-0.3755218	-1.0949769	0.3634246	-0.0194854	-1.0552000	0.2505064	-0.0200206	-1.1244768	0.2524246	-0.0189985	-1.4300770	0.3431636	-0.3061723	-1.4517355	0.2249437	-0.3097763	-1.5119754	0.2606983	-0.2958758	-1.2495644	0.8876902	-0.0573090	-1.2595185	0.8694345	-0.2811518	-1.3210846	1.1308665	0.0998834	-1.3263822	1.1166336	0.0105925	-1.1882810	0.9003648	0.0659610	-1.2476248	0.8690431	0.0804890	-1.2498907	1.1371784	-0.4720373	-1.2968231	1.1272647	-0.4044059	-1.1751444	0.8874951	-0.3963960	-1.2296748	0.8694752	-0.4366772
266	4.4166667	-1.2475200	1.4264833	-0.1808700	-1.2403500	1.4164433	-0.0032700	-1.2891300	1.1478033	0.0655100	-1.2136100	0.8986833	0.0816800	-1.2234600	1.4342733	-0.3574400	-1.2431700	1.1592833	-0.4271800	-1.2065400	0.8998833	-0.4255400	-1.2043800	0.9076233	-0.1688000	-1.1949100	0.9131433	-0.0453100	-1.0956000	0.4895233	-0.0843800	-1.0655800	0.0953133	-0.1029200	-1.1987000	0.9029433	-0.2925300	-1.3584500	0.4369133	-0.2632800	-1.5586100	0.0700833	-0.2137200	-1.4032700	0.0127933	-0.2570200	-1.4126600	0.0203733	-0.2560300	-1.5892800	0.0500433	-0.2030100	-0.8990300	0.0549633	-0.0913500	-0.9096800	0.0556233	-0.0915200	-1.1092400	0.0549733	-0.1089900	-1.1354303	1.0039074	0.0134607	-1.1525444	0.9720565	-0.3576599	-1.3548637	0.9984148	-0.0963801	-1.3611451	0.9858353	-0.2416496	-1.0935564	0.4759594	-0.0123572	-1.0898014	0.4881537	-0.1376943	-1.0728255	0.0881675	-0.0585618	-1.0503219	0.1022868	-0.1440767	-0.9104223	0.0666181	-0.0972826	-0.9599888	0.0596310	-0.0451629	-1.1373474	0.0643356	-0.1130028	-1.3699828	0.4464579	-0.3150541	-1.3426761	0.4527021	-0.1951308	-1.5424711	0.0953013	-0.2596809	-1.5035945	0.0960884	-0.1804188	-1.4192151	0.0246580	-0.2405900	-1.5996514	0.0926565	-0.1964700	-1.4690383	0.0328047	-0.2824956	-1.2398126	1.4654550	-0.0007860	-1.2239977	1.4769542	-0.3571909	-1.3278167	1.4873818	-0.1819232	-1.0942311	0.7615297	0.0243814	-1.0971943	0.6466091	0.0329218	-1.2100182	0.7298934	0.0493002	-1.2114527	0.6789224	-0.3702853	-1.2803800	0.5874679	-0.3710442	-1.3298682	0.7249478	-0.3742889	-1.0856121	0.3583422	-0.0202589	-1.0485683	0.2439969	-0.0217591	-1.1178236	0.2484418	-0.0198749	-1.4220339	0.3407165	-0.3051599	-1.4467913	0.2227392	-0.3086038	-1.5070200	0.2601814	-0.2948544	-1.2346913	0.8852367	-0.0555243	-1.2451366	0.8662051	-0.2795210	-1.3077744	1.1271385	0.1021042	-1.3128577	1.1131171	0.0128968	-1.1750161	0.8967174	0.0680259	-1.2341255	0.8653319	0.0825236	-1.2371378	1.1351075	-0.4701014	-1.2836979	1.1249233	-0.4023387	-1.1620921	0.8854585	-0.3954708	-1.2165661	0.8674358	-0.4354654
267	4.4333333	-1.2345800	1.4261433	-0.1775800	-1.2284300	1.4155433	0.0000700	-1.2759100	1.1461933	0.0675400	-1.1999100	0.8967333	0.0833100	-1.2095100	1.4345133	-0.3541300	-1.2301000	1.1592233	-0.4250000	-1.1928700	0.9000033	-0.4246200	-1.1905300	0.9056933	-0.1671500	-1.1809800	0.9111033	-0.0435600	-1.0859200	0.4869333	-0.0842600	-1.0609400	0.0925133	-0.1024900	-1.1849100	0.9009833	-0.2909800	-1.3451800	0.4360033	-0.2645600	-1.5543600	0.0706333	-0.2140200	-1.4010400	0.0121233	-0.2570800	-1.4107700	0.0196433	-0.2561100	-1.5845200	0.0508833	-0.2037700	-0.9005000	0.0460133	-0.0918900	-0.9105700	0.0471233	-0.0919600	-1.1031300	0.0530333	-0.1085700	-1.1213467	1.0023463	0.0153023	-1.1390655	0.9694061	-0.3561602	-1.3408241	0.9974552	-0.0948247	-1.3473528	0.9844725	-0.2402446	-1.0826690	0.4729938	-0.0124779	-1.0801709	0.4851438	-0.1375740	-1.0708833	0.0838667	-0.0602738	-1.0492204	0.0975223	-0.1458764	-0.9103229	0.0578551	-0.1000770	-0.9591413	0.0527480	-0.0477093	-1.1361783	0.0620485	-0.1142701	-1.3590904	0.4445435	-0.3147055	-1.3315058	0.4501997	-0.1943620	-1.5413096	0.0963867	-0.2586959	-1.5022647	0.0964284	-0.1790821	-1.4167311	0.0244639	-0.2399714	-1.6001094	0.0945157	-0.1950285	-1.4671704	0.0329727	-0.2821573	-1.2273141	1.4632751	0.0024255	-1.2116908	1.4756054	-0.3539776	-1.3152129	1.4853955	-0.1787187	-1.0805710	0.7587999	0.0246010	-1.0844163	0.6438180	0.0329746	-1.1961276	0.7281444	0.0503715	-1.1989660	0.6764506	-0.3700672	-1.2685467	0.5852927	-0.3708668	-1.3173094	0.7234371	-0.3733226	-1.0772155	0.3545191	-0.0208897	-1.0426393	0.2389134	-0.0231799	-1.1117159	0.2456488	-0.0205318	-1.4137750	0.3394315	-0.3045866	-1.4413644	0.2217843	-0.3078898	-1.5015427	0.2607331	-0.2942903	-1.2206366	0.8837408	-0.0537820	-1.2314233	0.8640699	-0.2779986	-1.2952216	1.1244902	0.1042889	-1.3001338	1.1106875	0.0151141	-1.1623427	0.8942533	0.0699700	-1.2212256	0.8627753	0.0844249	-1.2250227	1.1342416	-0.4681981	-1.2712056	1.1237731	-0.4003204	-1.1495774	0.8846301	-0.3946811	-1.2039735	0.8666004	-0.4343962
268	4.4500000	-1.2205800	1.4265433	-0.1744800	-1.2152700	1.4157233	0.0031000	-1.2615100	1.1465533	0.0694400	-1.1856900	0.8957133	0.0849000	-1.1947400	1.4351133	-0.3509000	-1.2172200	1.1603933	-0.4229100	-1.1798100	0.9007633	-0.4236400	-1.1784100	0.9042333	-0.1657300	-1.1680900	0.9094633	-0.0419500	-1.0769900	0.4842933	-0.0833100	-1.0560700	0.0908833	-0.1015200	-1.1735500	0.8999533	-0.2898100	-1.3280800	0.4371733	-0.2669000	-1.5521500	0.0729633	-0.2144000	-1.4010100	0.0117233	-0.2567500	-1.4116200	0.0190333	-0.2557800	-1.5826200	0.0532833	-0.2042500	-0.9016000	0.0407833	-0.0911200	-0.9111400	0.0421633	-0.0911500	-1.0989800	0.0514833	-0.1077000	-1.1089767	1.0011648	0.0169619	-1.1271815	0.9672454	-0.3548357	-1.3283965	0.9970821	-0.0934955	-1.3351269	0.9837316	-0.2390521	-1.0735115	0.4706974	-0.0126078	-1.0721332	0.4827995	-0.1373612	-1.0694742	0.0805334	-0.0614908	-1.0485759	0.0937421	-0.1470909	-0.9111772	0.0504158	-0.1021405	-0.9591812	0.0471468	-0.0496252	-1.1351773	0.0605821	-0.1150194	-1.3485631	0.4430291	-0.3150785	-1.3207045	0.4481571	-0.1942787	-1.5403626	0.0983580	-0.2584085	-1.5011850	0.0977041	-0.1784022	-1.4155251	0.0246135	-0.2398114	-1.6003965	0.0977223	-0.1943171	-1.4663279	0.0337428	-0.2822732	-1.2161297	1.4616304	0.0054332	-1.2005640	1.4749177	-0.3508502	-1.3037980	1.4839766	-0.1757091	-1.0688673	0.7566550	0.0246879	-1.0735123	0.6416453	0.0329298	-1.1840828	0.7269175	0.0511963	-1.1876974	0.6747477	-0.3701848	-1.2575985	0.5837330	-0.3711869	-1.3060152	0.7223066	-0.3728231	-1.0702944	0.3515464	-0.0214072	-1.0379272	0.2348371	-0.0243003	-1.1066437	0.2436106	-0.0209815	-1.4058678	0.3386631	-0.3047068	-1.4363101	0.2215272	-0.3078380	-1.4962873	0.2619200	-0.2944670	-1.2083741	0.8827047	-0.0522973	-1.2194330	0.8624597	-0.2767242	-1.2837535	1.1224413	0.1063489	-1.2886673	1.1088299	0.0171183	-1.1506361	0.8924176	0.0716071	-1.2093603	0.8608559	0.0860496	-1.2141005	1.1339712	-0.4665786	-1.2599557	1.1232432	-0.3985987	-1.1382349	0.8844296	-0.3941401	-1.1925479	0.8663788	-0.4336559
269	4.4666667	-1.2056500	1.4274533	-0.1713900	-1.2008200	1.4165433	0.0061400	-1.2467300	1.1475433	0.0713300	-1.1720300	0.8951333	0.0860400	-1.1793800	1.4360533	-0.3477500	-1.2045200	1.1625733	-0.4205000	-1.1681000	0.9020233	-0.4227300	-1.1671100	0.9021333	-0.1644200	-1.1563500	0.9071233	-0.0404300	-1.0671000	0.4816133	-0.0813900	-1.0532300	0.0897433	-0.1006800	-1.1626600	0.8984633	-0.2887400	-1.3077700	0.4395533	-0.2704200	-1.5470200	0.0787133	-0.2159700	-1.4009300	0.0135333	-0.2563800	-1.4126000	0.0202633	-0.2553800	-1.5783800	0.0596033	-0.2058000	-0.9026300	0.0373633	-0.0898100	-0.9117500	0.0389133	-0.0898500	-1.0979800	0.0504533	-0.1073200	-1.0974742	0.9992481	0.0184560	-1.1159361	0.9644837	-0.3535786	-1.3166215	0.9962233	-0.0923094	-1.3234654	0.9825538	-0.2379479	-1.0647583	0.4681596	-0.0125418	-1.0643444	0.4802324	-0.1368018	-1.0680615	0.0773265	-0.0621437	-1.0478595	0.0901176	-0.1476282	-0.9121983	0.0435545	-0.1032952	-0.9594589	0.0421186	-0.0507575	-1.1339784	0.0591221	-0.1152472	-1.3364431	0.4407794	-0.3163447	-1.3083328	0.4454340	-0.1950790	-1.5382418	0.1005231	-0.2587843	-1.4990386	0.0992162	-0.1783352	-1.4145111	0.0242180	-0.2400306	-1.5991049	0.1018339	-0.1943411	-1.4653509	0.0343683	-0.2827860	-1.2049681	1.4595563	0.0082691	-1.1893830	1.4739223	-0.3476801	-1.2922914	1.4821993	-0.1727808	-1.0581055	0.7541475	0.0248038	-1.0633525	0.6391492	0.0329628	-1.1728549	0.7251215	0.0518853	-1.1762398	0.6730744	-0.3705929	-1.2459161	0.5818842	-0.3720343	-1.2946920	0.7203641	-0.3727059	-1.0637125	0.3484743	-0.0216464	-1.0335358	0.2308038	-0.0249919	-1.1016965	0.2414916	-0.0210940	-1.3965104	0.3372944	-0.3056190	-1.4300506	0.2209520	-0.3084446	-1.4895562	0.2628632	-0.2954716	-1.1970196	0.8810104	-0.0509512	-1.2082134	0.8602730	-0.2755235	-1.2722727	1.1200165	0.1084207	-1.2773746	1.1065606	0.0190768	-1.1389379	0.8901714	0.0730318	-1.1975588	0.8585475	0.0875037	-1.2034580	1.1332656	-0.4650965	-1.2490231	1.1223190	-0.3970175	-1.1272367	0.8838091	-0.3936980	-1.1814945	0.8657493	-0.4330837
270	4.4833333	-1.1910800	1.4287933	-0.1679700	-1.1862300	1.4175933	0.0097800	-1.2323800	1.1480733	0.0735300	-1.1599200	0.8947533	0.0866000	-1.1647800	1.4376433	-0.3445700	-1.1909900	1.1653533	-0.4173900	-1.1565200	0.9035533	-0.4218800	-1.1537400	0.8984333	-0.1629600	-1.1437200	0.9027133	-0.0388100	-1.0547800	0.4792733	-0.0785300	-1.0534400	0.0876833	-0.1003600	-1.1485400	0.8955833	-0.2873800	-1.2855500	0.4417933	-0.2744600	-1.5362300	0.0879733	-0.2187300	-1.3978200	0.0180333	-0.2563800	-1.4101000	0.0244933	-0.2554200	-1.5688100	0.0701633	-0.2089000	-0.9028200	0.0346533	-0.0885400	-0.9119200	0.0362733	-0.0886600	-1.1001100	0.0488833	-0.1077300	-1.0841350	0.9955958	0.0200580	-1.1023550	0.9603062	-0.3521758	-1.3026527	0.9938251	-0.0909764	-1.3094186	0.9799632	-0.2366676	-1.0535572	0.4645747	-0.0119724	-1.0538636	0.4766228	-0.1355623	-1.0651213	0.0735262	-0.0622369	-1.0455354	0.0859000	-0.1474799	-0.9115691	0.0364221	-0.1034726	-0.9583111	0.0368712	-0.0510575	-1.1312989	0.0570747	-0.1150052	-1.3192222	0.4368797	-0.3186424	-1.2909085	0.4410950	-0.1969502	-1.5318719	0.1025340	-0.2598091	-1.4927749	0.1005764	-0.1788997	-1.4106954	0.0229517	-0.2405587	-1.5931461	0.1065946	-0.1951338	-1.4612169	0.0345450	-0.2836676	-1.1913603	1.4564487	0.0111104	-1.1757751	1.4719200	-0.3442349	-1.2782353	1.4792442	-0.1696625	-1.0455045	0.7503600	0.0253525	-1.0511589	0.6354525	0.0334389	-1.1596653	0.7217953	0.0526947	-1.1613679	0.6707973	-0.3711581	-1.2301653	0.5789955	-0.3733655	-1.2801500	0.7166388	-0.3728130	-1.0549289	0.3444385	-0.0214138	-1.0273099	0.2259085	-0.0251637	-1.0947460	0.2386276	-0.0207271	-1.3823412	0.3344692	-0.3074472	-1.4193928	0.2193078	-0.3097683	-1.4780302	0.2630001	-0.2973686	-1.1837414	0.8776136	-0.0494537	-1.1947672	0.8565815	-0.2741456	-1.2586419	1.1164281	0.1106687	-1.2639623	1.1031261	0.0212556	-1.1252807	0.8867013	0.0745003	-1.1837773	0.8550164	0.0889838	-1.1908134	1.1313763	-0.4633786	-1.2360633	1.1202213	-0.3951912	-1.1143009	0.8819594	-0.3931106	-1.1685626	0.8639417	-0.4323289
271	4.5000000	-1.1777500	1.4303933	-0.1641000	-1.1723700	1.4187133	0.0139900	-1.2192100	1.1481133	0.0762100	-1.1491800	0.8947733	0.0869400	-1.1518500	1.4396933	-0.3411100	-1.1763200	1.1681533	-0.4137500	-1.1440400	0.9059233	-0.4211300	-1.1377300	0.8947033	-0.1614100	-1.1293200	0.8984433	-0.0370800	-1.0419000	0.4770133	-0.0754000	-1.0553200	0.0851633	-0.1003200	-1.1308800	0.8925933	-0.2859200	-1.2607700	0.4442933	-0.2785000	-1.5202200	0.0989633	-0.2215000	-1.3907300	0.0235133	-0.2566400	-1.4027100	0.0299533	-0.2557700	-1.5542900	0.0828833	-0.2123500	-0.9023000	0.0327433	-0.0876600	-0.9117400	0.0342733	-0.0878700	-1.1027600	0.0466333	-0.1082500	-1.0684913	0.9917067	0.0217374	-1.0858042	0.9563448	-0.3506831	-1.2859588	0.9913535	-0.0895032	-1.2923895	0.9774735	-0.2352357	-1.0399935	0.4614249	-0.0110380	-1.0406586	0.4734488	-0.1338271	-1.0613099	0.0705739	-0.0620531	-1.0421862	0.0825122	-0.1469513	-0.9097166	0.0304775	-0.1029710	-0.9562670	0.0327722	-0.0508024	-1.1278948	0.0558843	-0.1145982	-1.2961058	0.4328642	-0.3223013	-1.2676792	0.4366818	-0.2002511	-1.5205344	0.1061924	-0.2616489	-1.4816696	0.1035853	-0.1802854	-1.4033688	0.0226929	-0.2415058	-1.5817718	0.1138187	-0.1968698	-1.4531840	0.0361456	-0.2850652	-1.1753664	1.4539945	0.0139085	-1.1599906	1.4705853	-0.3405733	-1.2617847	1.4767005	-0.1663148	-1.0307797	0.7466596	0.0263931	-1.0368221	0.6319691	0.0343429	-1.1442948	0.7184879	0.0535375	-1.1424036	0.6695759	-0.3720251	-1.2096095	0.5766740	-0.3753887	-1.2616645	0.7126884	-0.3732854	-1.0441709	0.3409079	-0.0208978	-1.0196234	0.2215870	-0.0250282	-1.0862333	0.2365141	-0.0201147	-1.3625986	0.3317418	-0.3105104	-1.4036015	0.2181902	-0.3120853	-1.4609418	0.2640377	-0.3004043	-1.1680115	0.8740405	-0.0478622	-1.1784663	0.8529936	-0.2726649	-1.2432022	1.1132277	0.1129842	-1.2486110	1.1001439	0.0236135	-1.1100562	0.8835778	0.0760354	-1.1683516	0.8518213	0.0904532	-1.1761284	1.1299444	-0.4613540	-1.2209806	1.1185555	-0.3930382	-1.0993513	0.8804780	-0.3924580	-1.1536919	0.8625702	-0.4313735
272	4.5166667	-1.1649500	1.4322833	-0.1601200	-1.1591400	1.4201533	0.0182400	-1.2070700	1.1487533	0.0791800	-1.1385400	0.8954133	0.0875800	-1.1393900	1.4419333	-0.3374700	-1.1618500	1.1713833	-0.4102400	-1.1309900	0.9089133	-0.4205700	-1.1218300	0.8932433	-0.1600700	-1.1146100	0.8960933	-0.0354200	-1.0324900	0.4744633	-0.0729100	-1.0566800	0.0831433	-0.1000500	-1.1137300	0.8919233	-0.2848200	-1.2320900	0.4484033	-0.2824400	-1.4963800	0.1135633	-0.2242000	-1.3811900	0.0285833	-0.2567300	-1.3920100	0.0354933	-0.2560300	-1.5306900	0.0995633	-0.2156500	-0.9022300	0.0318533	-0.0872100	-0.9120900	0.0332533	-0.0874700	-1.1019500	0.0452633	-0.1082500	-1.0532125	0.9897184	0.0231689	-1.0690273	0.9549856	-0.3493579	-1.2692550	0.9910848	-0.0880688	-1.2751127	0.9774462	-0.2338107	-1.0278946	0.4605185	-0.0102168	-1.0284408	0.4725855	-0.1322317	-1.0590767	0.0703612	-0.0618742	-1.0401099	0.0819092	-0.1463789	-0.9091313	0.0280242	-0.1021633	-0.9557854	0.0318815	-0.0502607	-1.1259457	0.0573013	-0.1143507	-1.2690102	0.4310092	-0.3276676	-1.2405927	0.4344964	-0.2053094	-1.5053224	0.1135810	-0.2642660	-1.4668096	0.1103776	-0.1824796	-1.3941828	0.0254240	-0.2429334	-1.5657860	0.1257118	-0.1994194	-1.4427619	0.0413545	-0.2869515	-1.1597676	1.4541810	0.0164071	-1.1449829	1.4720029	-0.3368900	-1.2457957	1.4767210	-0.1628586	-1.0169627	0.7447407	0.0276932	-1.0236991	0.6304381	0.0353649	-1.1299914	0.7173289	0.0541307	-1.1218096	0.6719199	-0.3734947	-1.1864788	0.5773406	-0.3784271	-1.2417112	0.7108067	-0.3744348	-1.0349934	0.3398882	-0.0204891	-1.0135984	0.2199502	-0.0248228	-1.0793244	0.2369139	-0.0196915	-1.3389760	0.3313375	-0.3150121	-1.3841310	0.2198083	-0.3155090	-1.4397458	0.2681049	-0.3046899	-1.1525744	0.8725329	-0.0464966	-1.1621046	0.8518990	-0.2713594	-1.2287343	1.1125101	0.1151553	-1.2341477	1.0997424	0.0258972	-1.0959539	0.8828905	0.0774286	-1.1540220	0.8510827	0.0917269	-1.1620080	1.1310825	-0.4592992	-1.2063779	1.1194399	-0.3908441	-1.0849799	0.8814801	-0.3920490	-1.1394723	0.8637384	-0.4305581
273	4.5333333	-1.1517700	1.4343233	-0.1563800	-1.1457400	1.4219333	0.0222200	-1.1949000	1.1507333	0.0821300	-1.1269700	0.8964133	0.0886900	-1.1263400	1.4442033	-0.3340100	-1.1490400	1.1750033	-0.4072400	-1.1176500	0.9122933	-0.4202100	-1.1083800	0.8940133	-0.1590200	-1.1013000	0.8957933	-0.0339500	-1.0278700	0.4715933	-0.0713400	-1.0574900	0.0819033	-0.0994800	-1.1000700	0.8935833	-0.2841600	-1.1987500	0.4544833	-0.2861600	-1.4632200	0.1340033	-0.2274800	-1.3715600	0.0352433	-0.2564600	-1.3805100	0.0430333	-0.2560800	-1.4956400	0.1223833	-0.2189800	-0.9025800	0.0318433	-0.0870700	-0.9127700	0.0331533	-0.0873300	-1.0976300	0.0455833	-0.1079600	-1.0404713	0.9894066	0.0243013	-1.0543688	0.9563107	-0.3483309	-1.2549276	0.9930178	-0.0865752	-1.2600278	0.9799892	-0.2323274	-1.0204300	0.4613400	-0.0097343	-1.0203192	0.4735374	-0.1312168	-1.0594339	0.0724714	-0.0616661	-1.0401925	0.0837454	-0.1458028	-0.9109751	0.0291209	-0.1011939	-0.9579049	0.0340008	-0.0494312	-1.1261078	0.0606945	-0.1142641	-1.2388819	0.4313846	-0.3347066	-1.2105848	0.4346365	-0.2121104	-1.4860785	0.1247386	-0.2672318	-1.4480417	0.1210415	-0.1851486	-1.3839745	0.0310622	-0.2446094	-1.5445342	0.1424363	-0.2022664	-1.4305977	0.0503123	-0.2889034	-1.1464283	1.4566526	0.0185826	-1.1326538	1.4759497	-0.3332264	-1.2321934	1.4791742	-0.1592716	-1.0065239	0.7439930	0.0292018	-1.0145382	0.6302943	0.0364226	-1.1194656	0.7181182	0.0545394	-1.1015087	0.6781611	-0.3755596	-1.1623071	0.5812266	-0.3824585	-1.2222218	0.7109842	-0.3762891	-1.0301010	0.3410966	-0.0202972	-1.0112653	0.2208989	-0.0244838	-1.0760907	0.2392317	-0.0195910	-1.3121412	0.3333311	-0.3207512	-1.3613850	0.2242855	-0.3197572	-1.4147292	0.2751945	-0.3098982	-1.1397570	0.8729764	-0.0454025	-1.1481176	0.8533652	-0.2703207	-1.2168054	1.1140486	0.1172241	-1.2223301	1.1016678	0.0280622	-1.0844527	0.8843854	0.0785908	-1.1423532	0.8526060	0.0927925	-1.1502472	1.1344897	-0.4573936	-1.1940807	1.1225984	-0.3887820	-1.0728734	0.8847322	-0.3919464	-1.1275664	0.8671694	-0.4300562
274	4.5500000	-1.1383300	1.4364533	-0.1529800	-1.1317800	1.4239833	0.0259600	-1.1820700	1.1535833	0.0850400	-1.1142100	0.8972633	0.0901200	-1.1133000	1.4464033	-0.3310300	-1.1371800	1.1786233	-0.4045100	-1.1035300	0.9156333	-0.4199600	-1.0972500	0.8960033	-0.1580700	-1.0899700	0.8969133	-0.0325600	-1.0256800	0.4687433	-0.0701400	-1.0586600	0.0809433	-0.0990300	-1.0890300	0.8964733	-0.2836400	-1.1614600	0.4617533	-0.2891900	-1.4286300	0.1571333	-0.2307300	-1.3622700	0.0430833	-0.2558500	-1.3691400	0.0517633	-0.2558500	-1.4587400	0.1480833	-0.2217400	-0.9029600	0.0318933	-0.0870000	-0.9133600	0.0331933	-0.0872200	-1.0934800	0.0467133	-0.1079100	-1.0299721	0.9897510	0.0254998	-1.0416508	0.9592186	-0.3475301	-1.2430514	0.9961938	-0.0848338	-1.2472519	0.9841140	-0.2307127	-1.0174439	0.4627534	-0.0093416	-1.0161719	0.4750388	-0.1306458	-1.0613952	0.0754379	-0.0612336	-1.0414246	0.0865023	-0.1450804	-0.9142777	0.0322516	-0.1000514	-0.9615794	0.0374685	-0.0482763	-1.1273490	0.0643875	-0.1141091	-1.2052637	0.4331479	-0.3426722	-1.1772242	0.4363221	-0.2199500	-1.4623036	0.1389762	-0.2700856	-1.4249179	0.1349439	-0.1879038	-1.3723177	0.0389576	-0.2460213	-1.5174865	0.1631705	-0.2050533	-1.4162675	0.0621836	-0.2903776	-1.1347523	1.4604046	0.0208781	-1.1222534	1.4814709	-0.3295523	-1.2205364	1.4832400	-0.1554459	-0.9992416	0.7434529	0.0310297	-1.0091409	0.6305311	0.0377011	-1.1125827	0.7199146	0.0551417	-1.0814441	0.6871850	-0.3777899	-1.1368716	0.5873142	-0.3869203	-1.2029615	0.7122481	-0.3785191	-1.0290930	0.3433350	-0.0200584	-1.0119213	0.2232488	-0.0237845	-1.0759710	0.2420815	-0.0195663	-1.2816070	0.3369436	-0.3270560	-1.3349085	0.2308914	-0.3242520	-1.3853652	0.2845251	-0.3153987	-1.1294528	0.8744121	-0.0443185	-1.1364736	0.8563821	-0.2694648	-1.2064503	1.1167193	0.1194161	-1.2123351	1.1047457	0.0302773	-1.0745643	0.8869101	0.0796286	-1.1323972	0.8552847	0.0938230	-1.1401873	1.1389551	-0.4555706	-1.1834683	1.1268213	-0.3867694	-1.0622200	0.8890782	-0.3919235	-1.1171336	0.8716593	-0.4297328
275	4.5666667	-1.1253600	1.4385333	-0.1498700	-1.1179000	1.4260733	0.0295900	-1.1686000	1.1562733	0.0881100	-1.1005100	0.8977733	0.0916600	-1.1010400	1.4484233	-0.3285500	-1.1246600	1.1816333	-0.4018100	-1.0887200	0.9188333	-0.4196900	-1.0871600	0.8990033	-0.1569400	-1.0800300	0.8991633	-0.0310100	-1.0233700	0.4662833	-0.0685200	-1.0598300	0.0800233	-0.0988600	-1.0787100	0.9003333	-0.2829200	-1.1225100	0.4688133	-0.2911700	-1.4005200	0.1763033	-0.2326900	-1.3510000	0.0493533	-0.2554100	-1.3562500	0.0584633	-0.2557000	-1.4292100	0.1692433	-0.2231900	-0.9028300	0.0317033	-0.0869200	-0.9133300	0.0330333	-0.0871000	-1.0917700	0.0473733	-0.1081200	-1.0203606	0.9907381	0.0271169	-1.0296367	0.9632139	-0.3466373	-1.2324913	1.0003547	-0.0828399	-1.2357046	0.9893863	-0.2289819	-1.0169130	0.4645567	-0.0085572	-1.0141750	0.4767850	-0.1300019	-1.0634945	0.0784545	-0.0604509	-1.0424487	0.0892836	-0.1441016	-0.9174026	0.0362620	-0.0986718	-0.9651920	0.0410609	-0.0468288	-1.1284893	0.0674244	-0.1137264	-1.1684116	0.4364261	-0.3501050	-1.1408151	0.4397143	-0.2273804	-1.4347048	0.1553431	-0.2724588	-1.3981975	0.1511952	-0.1903399	-1.3581896	0.0487066	-0.2468151	-1.4861238	0.1862442	-0.2075637	-1.3991174	0.0759990	-0.2911275	-1.1232147	1.4652105	0.0238039	-1.1120343	1.4882819	-0.3258092	-1.2094549	1.4889331	-0.1513283	-0.9934951	0.7433388	0.0332091	-1.0056920	0.6312173	0.0393921	-1.1076393	0.7226357	0.0562706	-1.0610870	0.6981687	-0.3794876	-1.1099412	0.5951535	-0.3908174	-1.1831300	0.7145127	-0.3804921	-1.0299500	0.3460993	-0.0193627	-1.0136520	0.2262839	-0.0225503	-1.0772809	0.2449362	-0.0192363	-1.2476015	0.3420955	-0.3327719	-1.3049629	0.2392718	-0.3281317	-1.3522352	0.2955628	-0.3203609	-1.1203607	0.8767967	-0.0429959	-1.1259451	0.8606084	-0.2685649	-1.1959534	1.1202084	0.1219323	-1.2024553	1.1086143	0.0327559	-1.0646005	0.8901548	0.0807295	-1.1224306	0.8588084	0.0950546	-1.1302668	1.1440984	-0.4536395	-1.1729964	1.1317184	-0.3846042	-1.0514090	0.8941633	-0.3917028	-1.1065393	0.8768376	-0.4293253
276	4.5833333	-1.1130100	1.4404533	-0.1470500	-1.1045600	1.4279133	0.0329900	-1.1542000	1.1582033	0.0913500	-1.0861800	0.8981233	0.0932400	-1.0894700	1.4503933	-0.3264200	-1.1115400	1.1841333	-0.3992600	-1.0739600	0.9216033	-0.4191800	-1.0773000	0.9026433	-0.1555400	-1.0704400	0.9023733	-0.0291800	-1.0205900	0.4643533	-0.0663300	-1.0599600	0.0792033	-0.0986400	-1.0684900	0.9044033	-0.2819400	-1.0846600	0.4756733	-0.2923600	-1.3778400	0.1898733	-0.2333000	-1.3347100	0.0548033	-0.2559600	-1.3391700	0.0641133	-0.2564100	-1.4061100	0.1844133	-0.2236600	-0.9011600	0.0316633	-0.0869900	-0.9117800	0.0330133	-0.0870900	-1.0914700	0.0473433	-0.1082300	-1.0108839	0.9922613	0.0291371	-1.0177503	0.9678166	-0.3454752	-1.2225023	1.0049287	-0.0807502	-1.2247217	0.9951063	-0.2272250	-1.0171283	0.4663341	-0.0071576	-1.0129601	0.4784045	-0.1289727	-1.0647637	0.0808230	-0.0593469	-1.0425392	0.0913972	-0.1429106	-0.9191732	0.0402618	-0.0970913	-0.9675592	0.0439258	-0.0451574	-1.1289270	0.0690798	-0.1131656	-1.1296290	0.4413820	-0.3559324	-1.1026092	0.4449151	-0.2332576	-1.4045629	0.1719488	-0.2742415	-1.3691064	0.1678892	-0.1922278	-1.3403835	0.0592982	-0.2472554	-1.4527475	0.2087842	-0.2096286	-1.3785471	0.0902007	-0.2914961	-1.1110318	1.4705202	0.0273993	-1.1010515	1.4955896	-0.3220587	-1.1981309	1.4957217	-0.1470549	-0.9879717	0.7435739	0.0355980	-1.0026638	0.6321322	0.0414814	-1.1031900	0.7258655	0.0579910	-1.0404516	0.7103027	-0.3802367	-1.0820628	0.6043332	-0.3934961	-1.1626595	0.7176364	-0.3818115	-1.0310433	0.3487526	-0.0180338	-1.0150078	0.2291768	-0.0208062	-1.0786993	0.2472580	-0.0183912	-1.2112630	0.3485199	-0.3371042	-1.2724922	0.2486326	-0.3308711	-1.3168086	0.3072515	-0.3242772	-1.1115567	0.8798339	-0.0414075	-1.1157099	0.8655125	-0.2674823	-1.1843731	1.1240870	0.1247817	-1.1917110	1.1128045	0.0355489	-1.0536698	0.8937043	0.0819319	-1.1115177	0.8627284	0.0965628	-1.1197070	1.1494349	-0.4515681	-1.1618694	1.1368118	-0.3822438	-1.0397164	0.8995238	-0.3912366	-1.0950560	0.8822504	-0.4287329
277	4.6000000	-1.1005400	1.4422133	-0.1445900	-1.0910700	1.4294533	0.0359000	-1.1389400	1.1595933	0.0945100	-1.0711700	0.8988333	0.0949900	-1.0778400	1.4523233	-0.3245300	-1.0985100	1.1868033	-0.3971100	-1.0590100	0.9239733	-0.4183200	-1.0671300	0.9063033	-0.1541100	-1.0606700	0.9056733	-0.0272300	-1.0184200	0.4627433	-0.0641000	-1.0593100	0.0789733	-0.0981300	-1.0578300	0.9084433	-0.2809900	-1.0501200	0.4816933	-0.2931100	-1.3558700	0.1992133	-0.2333300	-1.3112300	0.0601233	-0.2571600	-1.3154300	0.0693433	-0.2576900	-1.3847400	0.1949733	-0.2238100	-0.8985200	0.0315633	-0.0870100	-0.9093600	0.0328933	-0.0870000	-1.0907100	0.0477033	-0.1080400	-1.0010941	0.9938666	0.0312667	-1.0056538	0.9724918	-0.3442804	-1.2125769	1.0091020	-0.0788850	-1.2138460	1.0004390	-0.2257453	-1.0172419	0.4675629	-0.0053933	-1.0117965	0.4794471	-0.1276568	-1.0649572	0.0820522	-0.0581660	-1.0415684	0.0923946	-0.1416919	-0.9192942	0.0433438	-0.0955049	-0.9683637	0.0454022	-0.0435034	-1.1285421	0.0691116	-0.1126440	-1.0904608	0.4477023	-0.3599515	-1.0641076	0.4515849	-0.2373040	-1.3727646	0.1866782	-0.2756794	-1.3384236	0.1828872	-0.1937177	-1.3176762	0.0692596	-0.2477326	-1.4190069	0.2279588	-0.2114328	-1.3538395	0.1028416	-0.2919796	-1.0979232	1.4756072	0.0312460	-1.0889234	1.5022301	-0.3186411	-1.1861451	1.5025270	-0.1430202	-0.9819774	0.7436511	0.0379277	-0.9992907	0.6327448	0.0436878	-1.0984249	0.7289166	0.0599477	-1.0197367	0.7225999	-0.3801539	-1.0539907	0.6141363	-0.3949711	-1.1417303	0.7211570	-0.3826089	-1.0316583	0.3507090	-0.0163251	-1.0154760	0.2312832	-0.0188477	-1.0796591	0.2485763	-0.0172430	-1.1738809	0.3555569	-0.3400336	-1.2383953	0.2578318	-0.3325963	-1.2804518	0.3182202	-0.3272119	-1.1024054	0.8828651	-0.0397968	-1.1051921	0.8703835	-0.2664318	-1.1712943	1.1277671	0.1276820	-1.1796170	1.1167027	0.0384018	-1.0413567	0.8970106	0.0830335	-1.0992172	0.8664509	0.0981329	-1.1081893	1.1543464	-0.4496063	-1.1497383	1.1414898	-0.3799383	-1.0268494	0.9045735	-0.3907578	-1.0823900	0.8873107	-0.4281177
278	4.6166667	-1.0872900	1.4437333	-0.1425600	-1.0768500	1.4308033	0.0382500	-1.1242900	1.1609033	0.0973800	-1.0556200	0.9003033	0.0970900	-1.0654300	1.4539633	-0.3229200	-1.0855400	1.1900333	-0.3953600	-1.0435200	0.9264433	-0.4172600	-1.0556500	0.9089933	-0.1528600	-1.0503800	0.9075433	-0.0254200	-1.0171600	0.4612733	-0.0623700	-1.0589300	0.0796933	-0.0975700	-1.0450400	0.9118433	-0.2802200	-1.0196300	0.4871433	-0.2932900	-1.3325400	0.2046733	-0.2331800	-1.2820000	0.0650833	-0.2576200	-1.2862600	0.0739533	-0.2582700	-1.3631700	0.2008033	-0.2238300	-0.8976200	0.0314433	-0.0866700	-0.9087100	0.0327533	-0.0865700	-1.0888700	0.0493733	-0.1077100	-0.9901416	0.9946332	0.0333670	-0.9923675	0.9763420	-0.3432372	-1.2017163	1.0118500	-0.0775232	-1.2020372	1.0043700	-0.2248413	-1.0164892	0.4675677	-0.0034834	-1.0098412	0.4792864	-0.1261161	-1.0640198	0.0818341	-0.0571154	-1.0394871	0.0919705	-0.1405318	-0.9180920	0.0446073	-0.0940874	-0.9678487	0.0449106	-0.0421143	-1.1271579	0.0676686	-0.1122490	-1.0521829	0.4543275	-0.3622524	-1.0265201	0.4586424	-0.2395742	-1.3399083	0.1975794	-0.2768846	-1.3066068	0.1941996	-0.1948997	-1.2896525	0.0770526	-0.2482086	-1.3857793	0.2414403	-0.2130977	-1.3248082	0.1120195	-0.2926058	-1.0834705	1.4795354	0.0349474	-1.0751376	1.5069574	-0.3158243	-1.1728730	1.5079277	-0.1395447	-0.9747898	0.7426569	0.0400962	-0.9948569	0.6322247	0.0458370	-1.0924454	0.7308451	0.0617720	-0.9987360	0.7335022	-0.3795315	-1.0261219	0.6232076	-0.3954689	-1.1201196	0.7241810	-0.3830964	-1.0312417	0.3513201	-0.0145030	-1.0148005	0.2319552	-0.0169474	-1.0797144	0.2485193	-0.0160553	-1.1365518	0.3620395	-0.3417068	-1.2034244	0.2654446	-0.3334907	-1.2442083	0.3269136	-0.3292594	-1.0919082	0.8848550	-0.0383830	-1.0933100	0.8742005	-0.2656620	-1.1563386	1.1304161	0.1303781	-1.1656216	1.1194645	0.0410721	-1.0271485	0.8993481	0.0839741	-1.0849778	0.8691694	0.0996078	-1.0951418	1.1580164	-0.4479129	-1.1360144	1.1449167	-0.3778821	-1.0122096	0.9085058	-0.3904066	-1.0679432	0.8911997	-0.4275668
279	4.6333333	-1.0737900	1.4452033	-0.1408700	-1.0626200	1.4321633	0.0401400	-1.1109700	1.1622633	0.0999500	-1.0405700	0.9022333	0.0994000	-1.0525900	1.4554933	-0.3215200	-1.0732800	1.1934833	-0.3938800	-1.0292800	0.9291833	-0.4163300	-1.0417400	0.9101333	-0.1517500	-1.0385700	0.9076333	-0.0238600	-1.0156500	0.4604233	-0.0612900	-1.0586900	0.0811133	-0.0974200	-1.0290000	0.9143833	-0.2794100	-0.9906200	0.4934333	-0.2924500	-1.3079500	0.2062533	-0.2328700	-1.2492600	0.0687933	-0.2563300	-1.2538600	0.0772633	-0.2572100	-1.3415600	0.2019333	-0.2238100	-0.8999600	0.0311933	-0.0862200	-0.9111300	0.0324933	-0.0860500	-1.0861800	0.0519033	-0.1074600	-0.9770806	0.9940324	0.0355105	-0.9766984	0.9787592	-0.3421556	-1.1887214	1.0126419	-0.0767854	-1.1880045	1.0063294	-0.2245776	-1.0140849	0.4661619	-0.0015124	-1.0062037	0.4777460	-0.1243112	-1.0620325	0.0803863	-0.0563125	-1.0363803	0.0903039	-0.1394435	-0.9161933	0.0438069	-0.0929178	-0.9665417	0.0424965	-0.0411478	-1.1246718	0.0653835	-0.1119843	-1.0151754	0.4603619	-0.3628257	-0.9902486	0.4651480	-0.2400126	-1.3063871	0.2037676	-0.2777891	-1.2740224	0.2008823	-0.1956789	-1.2568473	0.0818488	-0.2482795	-1.3533791	0.2483961	-0.2146421	-1.2919220	0.1168674	-0.2930510	-1.0673930	1.4819054	0.0383190	-1.0594443	1.5093329	-0.3135945	-1.1578831	1.5111349	-0.1367258	-0.9656848	0.7401335	0.0421504	-0.9886317	0.6302171	0.0479035	-1.0842987	0.7312165	0.0632819	-0.9767575	0.7419692	-0.3784164	-0.9981761	0.6305745	-0.3950257	-1.0971466	0.7261247	-0.3832798	-1.0292786	0.3504246	-0.0127282	-1.0128346	0.2310265	-0.0152702	-1.0784536	0.2472533	-0.0149985	-1.0997282	0.3671209	-0.3421043	-1.1680006	0.2705988	-0.3335277	-1.2084963	0.3325071	-0.3303913	-1.0789912	0.8852407	-0.0372107	-1.0788392	0.8763568	-0.2651429	-1.1393934	1.1316374	0.1328295	-1.1493970	1.1207087	0.0435781	-1.0108083	0.9004307	0.0849477	-1.0684904	0.8704927	0.1010675	-1.0803311	1.1601296	-0.4463415	-1.1204342	1.1467529	-0.3759606	-0.9956270	0.9109244	-0.3901425	-1.0516012	0.8935408	-0.4269650
280	4.6500000	-1.0610300	1.4469433	-0.1393300	-1.0493300	1.4337533	0.0416800	-1.0972300	1.1637533	0.1022000	-1.0267300	0.9038533	0.1016500	-1.0403500	1.4573433	-0.3200500	-1.0627100	1.1965933	-0.3926200	-1.0178500	0.9319133	-0.4156200	-1.0255000	0.9110433	-0.1506900	-1.0243500	0.9072133	-0.0226400	-1.0131000	0.4604333	-0.0606400	-1.0574800	0.0822933	-0.0976600	-1.0107500	0.9165333	-0.2783400	-0.9597100	0.5018833	-0.2904100	-1.2821300	0.2042533	-0.2324200	-1.2116600	0.0709733	-0.2534400	-1.2169100	0.0793033	-0.2546900	-1.3196900	0.1987333	-0.2237800	-0.9040800	0.0302233	-0.0862000	-0.9150300	0.0315933	-0.0859500	-1.0831500	0.0536033	-0.1071800	-0.9620436	0.9934213	0.0377200	-0.9587063	0.9809447	-0.3407832	-1.1736021	1.0128348	-0.0767057	-1.1717242	1.0076030	-0.2248822	-1.0102535	0.4648907	0.0003647	-1.0010864	0.4763590	-0.1223895	-1.0597578	0.0791559	-0.0558507	-1.0330325	0.0888067	-0.1385387	-0.9146120	0.0422735	-0.0920980	-0.9653991	0.0396583	-0.0407090	-1.1217540	0.0638328	-0.1119334	-0.9795002	0.4667075	-0.3617098	-0.9555492	0.4719810	-0.2385762	-1.2727675	0.2063283	-0.2783766	-1.2413730	0.2040022	-0.1959638	-1.2202605	0.0846406	-0.2475992	-1.3223250	0.2501534	-0.2161617	-1.2559981	0.1185898	-0.2930963	-1.0504769	1.4841809	0.0412440	-1.0428052	1.5109298	-0.3118290	-1.1419981	1.5134841	-0.1345564	-0.9549167	0.7374724	0.0440480	-0.9808497	0.6281731	0.0498016	-1.0741201	0.7314839	0.0644121	-0.9536520	0.7492161	-0.3767275	-0.9700369	0.6373301	-0.3936253	-1.0727727	0.7281587	-0.3831472	-1.0261671	0.3495103	-0.0111622	-1.0101821	0.2299056	-0.0139323	-1.0763219	0.2463273	-0.0142150	-1.0636712	0.3717038	-0.3412219	-1.1325443	0.2742196	-0.3326686	-1.1736168	0.3360662	-0.3306742	-1.0637738	0.8854023	-0.0362862	-1.0618565	0.8781456	-0.2647381	-1.1212019	1.1327557	0.1350361	-1.1316166	1.1218128	0.0460213	-0.9931746	0.9015467	0.0860720	-1.0505670	0.8716891	0.1026048	-1.0648057	1.1621068	-0.4446968	-1.1039901	1.1484368	-0.3739535	-0.9783563	0.9131063	-0.3899811	-1.0347077	0.8956697	-0.4262393
281	4.6666667	-1.0487900	1.4490433	-0.1379300	-1.0364300	1.4357533	0.0428700	-1.0816200	1.1655233	0.1039200	-1.0133600	0.9048933	0.1035900	-1.0288600	1.4595333	-0.3185200	-1.0532400	1.1991833	-0.3915500	-1.0077800	0.9346133	-0.4148500	-1.0084400	0.9117533	-0.1497700	-1.0083800	0.9067933	-0.0219100	-1.0100700	0.4607133	-0.0602200	-1.0557700	0.0823633	-0.0977300	-0.9926700	0.9180533	-0.2771500	-0.9267400	0.5116633	-0.2873400	-1.2540900	0.2004133	-0.2319000	-1.1673600	0.0719633	-0.2497900	-1.1732200	0.0798733	-0.2514900	-1.2958300	0.1932033	-0.2236400	-0.9070700	0.0291833	-0.0867900	-0.9175900	0.0306133	-0.0863300	-1.0812300	0.0534033	-0.1065100	-0.9463968	0.9927810	0.0397807	-0.9399459	0.9828663	-0.3392169	-1.1578213	1.0125661	-0.0772694	-1.1547250	1.0083248	-0.2256827	-1.0062320	0.4638781	0.0019314	-0.9958616	0.4752963	-0.1207069	-1.0584435	0.0780550	-0.0557640	-1.0307760	0.0874343	-0.1380152	-0.9144076	0.0403414	-0.0918312	-0.9654575	0.0366824	-0.0408417	-1.1197254	0.0627333	-0.1121869	-0.9454264	0.4731882	-0.3593133	-0.9228574	0.4789655	-0.2355692	-1.2395463	0.2055493	-0.2787509	-1.2092746	0.2038703	-0.1957678	-1.1807901	0.0856351	-0.2461688	-1.2930407	0.2472839	-0.2177603	-1.2177816	0.1176172	-0.2928150	-1.0342728	1.4864300	0.0435703	-1.0269992	1.5120712	-0.3104876	-1.1268935	1.5151828	-0.1329959	-0.9437361	0.7346885	0.0455876	-0.9727213	0.6261435	0.0513541	-1.0632077	0.7317035	0.0651625	-0.9302475	0.7555875	-0.3746162	-0.9422728	0.6436043	-0.3915411	-1.0480646	0.7301811	-0.3829215	-1.0231546	0.3486686	-0.0099549	-1.0080410	0.2286472	-0.0130055	-1.0745185	0.2457226	-0.0137548	-1.0287550	0.3756605	-0.3393511	-1.0975116	0.2763065	-0.3310933	-1.1399240	0.3376948	-0.3304047	-1.0477336	0.8853964	-0.0356992	-1.0439514	0.8796256	-0.2644640	-1.1031577	1.1337904	0.1369390	-1.1138080	1.1228403	0.0483482	-0.9758187	0.9025813	0.0872193	-1.0328640	0.8727256	0.1041219	-1.0503039	1.1639619	-0.4430409	-1.0883953	1.1500363	-0.3718750	-0.9622466	0.9150351	-0.3900587	-1.0191283	0.8975976	-0.4255053
282	4.6833333	-1.0360200	1.4511733	-0.1367400	-1.0225400	1.4379533	0.0438100	-1.0650100	1.1674733	0.1050400	-0.9995900	0.9057833	0.1050100	-1.0172700	1.4615733	-0.3172200	-1.0430000	1.2013033	-0.3906000	-0.9967500	0.9376533	-0.4137000	-0.9921900	0.9116133	-0.1491100	-0.9923700	0.9060033	-0.0216300	-1.0070400	0.4608833	-0.0601000	-1.0557500	0.0817533	-0.0972600	-0.9763400	0.9187333	-0.2760900	-0.8938800	0.5203933	-0.2835800	-1.2220300	0.1967433	-0.2313200	-1.1191100	0.0727233	-0.2459700	-1.1254800	0.0804033	-0.2482000	-1.2670400	0.1877933	-0.2231800	-0.9064600	0.0286633	-0.0876800	-0.9167400	0.0300733	-0.0868800	-1.0821600	0.0521633	-0.1052200	-0.9315741	0.9913391	0.0414853	-0.9220724	0.9838728	-0.3376996	-1.1429560	1.0113822	-0.0782725	-1.1386646	1.0080956	-0.2267828	-1.0031685	0.4625953	0.0029679	-0.9918244	0.4741165	-0.1196356	-1.0590399	0.0765831	-0.0559578	-1.0306438	0.0857850	-0.1379430	-0.9159766	0.0381013	-0.0921984	-0.9671784	0.0334841	-0.0414175	-1.1197532	0.0613086	-0.1126790	-0.9131339	0.4791884	-0.3562519	-0.8923513	0.4854831	-0.2316736	-1.2064485	0.2019343	-0.2788894	-1.1774586	0.2010123	-0.1951176	-1.1390264	0.0851891	-0.2441357	-1.2648046	0.2406193	-0.2193189	-1.1776453	0.1145654	-0.2922172	-1.0197790	1.4879489	0.0451767	-1.0131837	1.5123053	-0.3096052	-1.1136384	1.5157923	-0.1319547	-0.9333898	0.7311114	0.0465871	-0.9654236	0.6235001	0.0523968	-1.0529153	0.7312039	0.0655767	-0.9076160	0.7609717	-0.3723402	-0.9155981	0.6490759	-0.3891560	-1.0242537	0.7315072	-0.3827876	-1.0213224	0.3474296	-0.0092171	-1.0073504	0.2268564	-0.0124903	-1.0740562	0.2448580	-0.0135879	-0.9950856	0.3786238	-0.3369130	-1.0629402	0.2768340	-0.3290256	-1.1072756	0.3373975	-0.3298322	-1.0324749	0.8845671	-0.0354946	-1.0268591	0.8802244	-0.2643864	-1.0863754	1.1341399	0.1385167	-1.0972551	1.1232085	0.0504191	-0.9598733	0.9028544	0.0882334	-1.0166287	0.8730148	0.1054677	-1.0377943	1.1650387	-0.4415327	-1.0746833	1.1509239	-0.3698819	-0.9482357	0.9161438	-0.3903894	-1.0057318	0.8987243	-0.4248721
283	4.7000000	-1.0221800	1.4528233	-0.1357900	-1.0075000	1.4397733	0.0446500	-1.0489800	1.1691133	0.1058400	-0.9857400	0.9069533	0.1058800	-1.0046500	1.4630633	-0.3162800	-1.0307500	1.2030333	-0.3896900	-0.9840700	0.9405633	-0.4122200	-0.9768000	0.9107133	-0.1487000	-0.9771900	0.9045133	-0.0215000	-1.0034700	0.4607333	-0.0602900	-1.0577700	0.0816433	-0.0967100	-0.9608700	0.9186033	-0.2753700	-0.8632100	0.5275733	-0.2796300	-1.1846200	0.1939433	-0.2302900	-1.0695700	0.0715533	-0.2420400	-1.0759400	0.0788533	-0.2447900	-1.2310000	0.1831933	-0.2219700	-0.9030300	0.0292233	-0.0888500	-0.9132400	0.0304733	-0.0876000	-1.0854500	0.0519333	-0.1038600	-0.9174444	0.9890771	0.0428704	-0.9050625	0.9840290	-0.3363894	-1.1290188	1.0095767	-0.0793824	-1.1235962	1.0072426	-0.2279323	-1.0005338	0.4612343	0.0035590	-0.9884431	0.4730114	-0.1192134	-1.0608065	0.0750888	-0.0560972	-1.0318653	0.0842259	-0.1380707	-0.9180589	0.0361432	-0.0929433	-0.9694228	0.0305398	-0.0420528	-1.1212913	0.0597766	-0.1130557	-0.8820662	0.4848183	-0.3530288	-0.8633243	0.4916565	-0.2275522	-1.1718371	0.1965232	-0.2785462	-1.1441782	0.1964988	-0.1939158	-1.0945746	0.0838217	-0.2414464	-1.2352273	0.2316352	-0.2204717	-1.1348886	0.1102491	-0.2910337	-1.0062414	1.4887039	0.0461554	-1.0007270	1.5118094	-0.3092114	-1.1015238	1.5155659	-0.1312692	-0.9236088	0.7268990	0.0471595	-0.9585858	0.6204131	0.0530466	-1.0431383	0.7301133	0.0658425	-0.8857703	0.7657470	-0.3701254	-0.8898146	0.6540131	-0.3867665	-1.0013431	0.7322160	-0.3827738	-1.0200643	0.3460864	-0.0087893	-1.0073818	0.2249329	-0.0121336	-1.0743173	0.2439629	-0.0134743	-0.9618625	0.3809616	-0.3342092	-1.0277963	0.2764777	-0.3265726	-1.0744482	0.3357808	-0.3289770	-1.0180731	0.8830149	-0.0355581	-1.0107208	0.8800986	-0.2645080	-1.0706153	1.1339472	0.1398158	-1.0817787	1.1230575	0.0521722	-0.9450133	0.9024899	0.0890901	-1.0015893	0.8727192	0.1065910	-1.0264595	1.1654334	-0.4402304	-1.0621639	1.1511862	-0.3680881	-0.9354971	0.9165993	-0.3908301	-0.9936066	0.8991840	-0.4243458
284	4.7166667	-1.0076100	1.4537933	-0.1349400	-0.9922800	1.4407533	0.0454700	-1.0348600	1.1701933	0.1066600	-0.9727000	0.9084533	0.1063900	-0.9907500	1.4639933	-0.3155000	-1.0167600	1.2042733	-0.3887500	-0.9700100	0.9426433	-0.4105500	-0.9611400	0.9098433	-0.1484200	-0.9627800	0.9027933	-0.0213100	-0.9990600	0.4602533	-0.0606300	-1.0592700	0.0825833	-0.0969600	-0.9440500	0.9185833	-0.2748900	-0.8361200	0.5333933	-0.2760300	-1.1423200	0.1899733	-0.2282000	-1.0200200	0.0675633	-0.2384500	-1.0260700	0.0745133	-0.2416500	-1.1882600	0.1777733	-0.2197000	-0.8995300	0.0296033	-0.0907400	-0.9095900	0.0308033	-0.0889400	-1.0885700	0.0539433	-0.1037200	-0.9029395	0.9867259	0.0441113	-0.8876656	0.9841511	-0.3352032	-1.1148245	1.0079759	-0.0804260	-1.1082669	1.0066215	-0.2290114	-0.9971249	0.4605076	0.0038901	-0.9843952	0.4726427	-0.1191937	-1.0622162	0.0746024	-0.0561251	-1.0328253	0.0837425	-0.1382272	-0.9191906	0.0351891	-0.0939065	-0.9707547	0.0286024	-0.0426607	-1.1227873	0.0593662	-0.1131895	-0.8518385	0.4906702	-0.3498183	-0.8351320	0.4980970	-0.2234760	-1.1339784	0.1902082	-0.2774449	-1.1074871	0.1912367	-0.1920131	-1.0467439	0.0818348	-0.2380332	-1.2018413	0.2215718	-0.2207461	-1.0886175	0.1052304	-0.2890323	-0.9923646	1.4893608	0.0466293	-0.9881250	1.5113986	-0.3091712	-1.0890941	1.5152535	-0.1308553	-0.9133280	0.7228384	0.0474865	-0.9511151	0.6176488	0.0534643	-1.0328636	0.7292201	0.0660458	-0.8639968	0.7705255	-0.3681064	-0.8643793	0.6590290	-0.3844944	-0.9786058	0.7330666	-0.3827828	-1.0180927	0.3454899	-0.0085356	-1.0067654	0.2238489	-0.0118391	-1.0739638	0.2439153	-0.0133568	-0.9283945	0.3834100	-0.3313325	-0.9910476	0.2760974	-0.3237763	-1.0403016	0.3335744	-0.3276594	-1.0034601	0.8815139	-0.0357462	-0.9943615	0.8800719	-0.2647414	-1.0549930	1.1339839	0.1408950	-1.0664131	1.1231553	0.0536476	-0.9302831	0.9022671	0.0898844	-0.9867687	0.8726121	0.1075418	-1.0146656	1.1658987	-0.4390488	-1.0493234	1.1515539	-0.3664846	-0.9224527	0.9171474	-0.3911584	-0.9811016	0.8997259	-0.4238215
285	4.7333333	-0.9930800	1.4542433	-0.1340500	-0.9776900	1.4410433	0.0462800	-1.0233700	1.1709133	0.1076000	-0.9604200	0.9098633	0.1066700	-0.9763200	1.4645733	-0.3145500	-1.0020900	1.2051033	-0.3877800	-0.9548600	0.9440833	-0.4088400	-0.9447500	0.9101433	-0.1482000	-0.9488600	0.9021033	-0.0211200	-0.9935900	0.4596733	-0.0608700	-1.0584700	0.0838533	-0.0980600	-0.9252800	0.9197833	-0.2744500	-0.8137600	0.5382533	-0.2730200	-1.0970500	0.1812533	-0.2252100	-0.9724700	0.0609833	-0.2359700	-0.9780200	0.0675133	-0.2394000	-1.1417400	0.1674633	-0.2168300	-0.8985000	0.0281033	-0.0931200	-0.9082300	0.0294533	-0.0906900	-1.0902200	0.0569433	-0.1052300	-0.8877685	0.9853906	0.0453235	-0.8693090	0.9853641	-0.3339411	-1.0997981	1.0076784	-0.0814447	-1.0920009	1.0073296	-0.2300417	-0.9927900	0.4612910	0.0040244	-0.9793132	0.4737808	-0.1193604	-1.0628109	0.0759720	-0.0563576	-1.0329273	0.0850811	-0.1385250	-0.9194945	0.0354863	-0.0951505	-0.9712236	0.0280492	-0.0435013	-1.1235575	0.0612454	-0.1133703	-0.8238015	0.4971926	-0.3466322	-0.8088608	0.5052335	-0.2195509	-1.0930197	0.1829947	-0.2756688	-1.0673042	0.1852025	-0.1896169	-0.9963583	0.0790810	-0.2342937	-1.1642475	0.2104022	-0.2200351	-1.0395638	0.0995556	-0.2864459	-0.9777836	1.4909476	0.0467604	-0.9749498	1.5121447	-0.3093267	-1.0759063	1.5159200	-0.1306326	-0.9024264	0.7200093	0.0476537	-0.9429135	0.6162232	0.0536821	-1.0219263	0.7296562	0.0660370	-0.8425454	0.7757540	-0.3663949	-0.8400186	0.6645995	-0.3823826	-0.9563282	0.7350928	-0.3826995	-1.0151778	0.3465413	-0.0085270	-1.0052573	0.2244944	-0.0117811	-1.0727178	0.2455846	-0.0135052	-0.8957532	0.3864065	-0.3283700	-0.9534185	0.2760528	-0.3208411	-1.0055915	0.3309553	-0.3258069	-0.9882345	0.8812125	-0.0360633	-0.9772178	0.8812974	-0.2650375	-1.0395026	1.1352455	0.1417382	-1.0510304	1.1245052	0.0548459	-0.9155893	0.9032320	0.0906645	-0.9720205	0.8737136	0.1083294	-1.0017785	1.1674672	-0.4379164	-1.0356031	1.1530461	-0.3650531	-0.9085163	0.9187865	-0.3912249	-0.9675708	0.9013608	-0.4232209
286	4.7500000	-0.9793800	1.4545033	-0.1331300	-0.9641100	1.4412033	0.0470500	-1.0133000	1.1713433	0.1085400	-0.9475400	0.9108533	0.1065500	-0.9626000	1.4649133	-0.3134600	-0.9876100	1.2053933	-0.3869000	-0.9391500	0.9453533	-0.4073100	-0.9280300	0.9114733	-0.1481100	-0.9347200	0.9026333	-0.0211600	-0.9863200	0.4596233	-0.0607200	-1.0558100	0.0841333	-0.0989500	-0.9061000	0.9220033	-0.2740400	-0.7964400	0.5416233	-0.2702900	-1.0492100	0.1660433	-0.2221100	-0.9269300	0.0527733	-0.2342200	-0.9320000	0.0587833	-0.2376500	-1.0921500	0.1479333	-0.2138200	-0.8999900	0.0248233	-0.0948400	-0.9093300	0.0266533	-0.0918000	-1.0903200	0.0579133	-0.1070600	-0.8724179	0.9849677	0.0463385	-0.8504890	0.9874811	-0.3325403	-1.0841451	1.0084030	-0.0825782	-1.0750096	1.0090436	-0.2310747	-0.9880006	0.4631926	0.0039787	-0.9736156	0.4759302	-0.1195927	-1.0627951	0.0784783	-0.0569505	-1.0323649	0.0874399	-0.1389916	-0.9198436	0.0361695	-0.0966219	-0.9715233	0.0280767	-0.0446632	-1.1236069	0.0647388	-0.1137865	-0.8000574	0.5033064	-0.3434647	-0.7864501	0.5120139	-0.2158104	-1.0498787	0.1731903	-0.2734692	-1.0244137	0.1767148	-0.1870389	-0.9448243	0.0745840	-0.2307281	-1.1229729	0.1959795	-0.2184826	-0.9890704	0.0921518	-0.2836412	-0.9629798	1.4932313	0.0466694	-0.9617246	1.5138085	-0.3095515	-1.0624131	1.5173506	-0.1304828	-0.8914139	0.7182250	0.0475984	-0.9344794	0.6158860	0.0536466	-1.0107399	0.7312813	0.0656271	-0.8223745	0.7804722	-0.3650550	-0.8181791	0.6697351	-0.3804519	-0.9356020	0.7378995	-0.3824915	-1.0117225	0.3487663	-0.0088078	-1.0032446	0.2262895	-0.0120504	-1.0709031	0.2484093	-0.0140619	-0.8657582	0.3888035	-0.3254142	-0.9163593	0.2750827	-0.3179958	-0.9718506	0.3264464	-0.3234665	-0.9727377	0.8819972	-0.0366596	-0.9596415	0.8836022	-0.2654048	-1.0246583	1.1374271	0.1422860	-1.0361276	1.1267988	0.0556975	-0.9013046	0.9051927	0.0913173	-0.9576701	0.8757807	0.1088540	-0.9881911	1.1698912	-0.4368854	-1.0214023	1.1554152	-0.3638536	-0.8940462	0.9212761	-0.3910509	-0.9533452	0.9038345	-0.4225804
287	4.7666667	-0.9666600	1.4546033	-0.1323700	-0.9513900	1.4415433	0.0476600	-1.0021900	1.1712533	0.1092500	-0.9330000	0.9113933	0.1059500	-0.9499600	1.4647833	-0.3125700	-0.9731500	1.2050133	-0.3861900	-0.9237300	0.9462733	-0.4060800	-0.9114900	0.9134033	-0.1481300	-0.9198500	0.9040133	-0.0214300	-0.9769800	0.4601033	-0.0601900	-1.0514300	0.0833133	-0.0987000	-0.8880200	0.9245433	-0.2736900	-0.7835900	0.5424733	-0.2672500	-0.9987400	0.1485633	-0.2197000	-0.8786200	0.0460233	-0.2321400	-0.8835900	0.0513133	-0.2354400	-1.0408300	0.1256933	-0.2113900	-0.9015400	0.0215433	-0.0951400	-0.9103600	0.0240633	-0.0915800	-1.0872800	0.0558433	-0.1075900	-0.8573784	0.9851179	0.0470556	-0.8318831	0.9900941	-0.3309765	-1.0683851	1.0095092	-0.0838306	-1.0578779	1.0110921	-0.2320516	-0.9827635	0.4655364	0.0038843	-0.9673941	0.4783461	-0.1197667	-1.0618618	0.0812687	-0.0575723	-1.0309127	0.0899635	-0.1393271	-0.9201695	0.0368247	-0.0978826	-0.9714661	0.0282352	-0.0457561	-1.1225299	0.0686923	-0.1142073	-0.7812976	0.5078950	-0.3400862	-0.7686751	0.5174012	-0.2120176	-1.0049004	0.1604402	-0.2709020	-0.9792599	0.1654734	-0.1843346	-0.8926664	0.0687462	-0.2272834	-1.0782930	0.1777030	-0.2162981	-0.9376115	0.0831484	-0.2806065	-0.9486088	1.4957357	0.0465345	-0.9488663	1.5157743	-0.3096748	-1.0491493	1.5189518	-0.1303010	-0.8805168	0.7171441	0.0473850	-0.9259422	0.6161713	0.0534698	-0.9995289	0.7335838	0.0649081	-0.8039146	0.7838518	-0.3637588	-0.7993901	0.6734783	-0.3784188	-0.9169716	0.7407454	-0.3820462	-1.0076735	0.3514354	-0.0091678	-1.0005833	0.2285264	-0.0123564	-1.0683175	0.2515726	-0.0147731	-0.8391002	0.3896948	-0.3222980	-0.8805009	0.2725072	-0.3151242	-0.9395522	0.3193317	-0.3205957	-0.9573935	0.8834221	-0.0375223	-0.9421642	0.8864986	-0.2657564	-1.0105826	1.1399545	0.1425919	-1.0219138	1.1294467	0.0562517	-0.8874651	0.9076682	0.0917612	-0.9437236	0.8782904	0.1091079	-0.9744145	1.1726319	-0.4359239	-1.0071805	1.1581351	-0.3628329	-0.8795491	0.9240817	-0.3906506	-0.9389485	0.9066042	-0.4218714
288	4.7833333	-0.9540400	1.4544733	-0.1319100	-0.9387600	1.4419133	0.0480600	-0.9890700	1.1706633	0.1096400	-0.9176100	0.9116833	0.1049600	-0.9373700	1.4641633	-0.3120800	-0.9579700	1.2037933	-0.3856900	-0.9094100	0.9463833	-0.4050000	-0.8959100	0.9160833	-0.1480300	-0.9055800	0.9065733	-0.0216200	-0.9670200	0.4604633	-0.0597000	-1.0446900	0.0824633	-0.0974300	-0.8712900	0.9274733	-0.2732100	-0.7734800	0.5410233	-0.2634600	-0.9475800	0.1339033	-0.2184500	-0.8227800	0.0433733	-0.2302400	-0.8284100	0.0476333	-0.2333300	-0.9896900	0.1053333	-0.2098800	-0.9014300	0.0189233	-0.0942500	-0.9095800	0.0223333	-0.0904000	-1.0788700	0.0531433	-0.1065900	-0.8434233	0.9860817	0.0476929	-0.8142586	0.9933286	-0.3291043	-1.0535047	1.0110877	-0.0850986	-1.0415878	1.0135282	-0.2328811	-0.9771288	0.4683721	0.0039959	-0.9608097	0.4811033	-0.1196534	-1.0595543	0.0843415	-0.0577616	-1.0281910	0.0927340	-0.1391522	-0.9199999	0.0379104	-0.0983615	-0.9705638	0.0289542	-0.0462800	-1.1197619	0.0727871	-0.1142726	-0.7671440	0.5109964	-0.3360939	-0.7554360	0.5214756	-0.2076651	-0.9583095	0.1463992	-0.2680031	-0.9323287	0.1531762	-0.1814323	-0.8395812	0.0637103	-0.2237464	-1.0308470	0.1571780	-0.2137444	-0.8849089	0.0744494	-0.2773301	-0.9354118	1.4985111	0.0466079	-0.9365713	1.5179865	-0.3094930	-1.0366863	1.5208249	-0.1300521	-0.8701760	0.7171735	0.0472549	-0.9175776	0.6173371	0.0534185	-0.9887634	0.7366145	0.0641962	-0.7872869	0.7861363	-0.3619266	-0.7835351	0.6759644	-0.3758108	-0.9006442	0.7436231	-0.3812085	-1.0029570	0.3545749	-0.0092610	-0.9970285	0.2313238	-0.0122934	-1.0646905	0.2549963	-0.0152293	-0.8156294	0.3895103	-0.3187249	-0.8459116	0.2692151	-0.3119670	-0.9085705	0.3105495	-0.3171694	-0.9430034	0.8856508	-0.0383798	-0.9255754	0.8900855	-0.2658677	-0.9974146	1.1428686	0.1428365	-1.0086390	1.1324728	0.0567157	-0.8743222	0.9106803	0.0920530	-0.9304354	0.8812855	0.1092430	-0.9610448	1.1756921	-0.4348589	-0.9934829	1.1612420	-0.3618043	-0.8657652	0.9271773	-0.3899347	-0.9251416	0.9096825	-0.4209487
289	4.8000000	-0.9406000	1.4540633	-0.1316800	-0.9254700	1.4419433	0.0483300	-0.9752200	1.1699433	0.1098600	-0.9031000	0.9114633	0.1037300	-0.9238000	1.4632933	-0.3119100	-0.9427000	1.2021333	-0.3855900	-0.8964600	0.9458633	-0.4039500	-0.8825500	0.9194033	-0.1477500	-0.8941900	0.9093633	-0.0216100	-0.9589300	0.4602633	-0.0596700	-1.0365400	0.0827033	-0.0961000	-0.8560800	0.9307833	-0.2725300	-0.7626900	0.5382333	-0.2588400	-0.8979100	0.1231433	-0.2183700	-0.7611600	0.0439733	-0.2301300	-0.7682000	0.0469833	-0.2329000	-0.9420000	0.0914733	-0.2094600	-0.8996600	0.0166333	-0.0925000	-0.9071000	0.0209733	-0.0886400	-1.0664100	0.0523433	-0.1052300	-0.8319895	0.9879008	0.0484324	-0.7985805	0.9970063	-0.3268730	-1.0410337	1.0131944	-0.0865739	-1.0274930	1.0163367	-0.2337868	-0.9719790	0.4715143	0.0043001	-0.9545952	0.4841287	-0.1192591	-1.0564599	0.0875879	-0.0575318	-1.0246417	0.0957625	-0.1385296	-0.9196397	0.0393662	-0.0978318	-0.9693386	0.0302809	-0.0461045	-1.1157209	0.0768511	-0.1141419	-0.7563920	0.5130188	-0.3314233	-0.7458564	0.5245124	-0.2024823	-0.9109629	0.1333533	-0.2653945	-0.8848083	0.1420011	-0.1787189	-0.7857843	0.0611622	-0.2204871	-0.9821907	0.1371551	-0.2116139	-0.8312401	0.0679014	-0.2744681	-0.9241653	1.5012489	0.0469471	-0.9249820	1.5202380	-0.3089053	-1.0255207	1.5230005	-0.1299265	-0.8616121	0.7184515	0.0473363	-0.9105062	0.6193748	0.0535659	-0.9798175	0.7401394	0.0635035	-0.7725750	0.7878575	-0.3592562	-0.7701377	0.6776710	-0.3724803	-0.8867335	0.7465332	-0.3801997	-0.9984068	0.3579920	-0.0090685	-0.9933357	0.2345729	-0.0118152	-1.0607623	0.2584488	-0.0154495	-0.7947069	0.3890733	-0.3148112	-0.8126250	0.2665419	-0.3087189	-0.8787149	0.3016332	-0.3137074	-0.9310113	0.8886267	-0.0391700	-0.9110263	0.8941780	-0.2657553	-0.9857863	1.1460201	0.1430319	-0.9970288	1.1357087	0.0571045	-0.8627494	0.9139682	0.0921067	-0.9187272	0.8845854	0.1092368	-0.9489609	1.1788677	-0.4337585	-0.9811861	1.1645652	-0.3608298	-0.8537363	0.9303501	-0.3890000	-0.9129586	0.9129005	-0.4198964
290	4.8166667	-0.9266000	1.4533533	-0.1315700	-0.9117800	1.4413933	0.0484800	-0.9618000	1.1689033	0.1100200	-0.8898100	0.9104233	0.1024200	-0.9095400	1.4623933	-0.3118100	-0.9290500	1.2005533	-0.3861100	-0.8836300	0.9460333	-0.4031000	-0.8717300	0.9206733	-0.1475600	-0.8857000	0.9107433	-0.0216000	-0.9532300	0.4594533	-0.0599200	-1.0294800	0.0843633	-0.0956400	-0.8431000	0.9323333	-0.2719900	-0.7488200	0.5348733	-0.2537200	-0.8493000	0.1149033	-0.2188800	-0.6994100	0.0461333	-0.2317600	-0.7081700	0.0479533	-0.2340700	-0.8952800	0.0809733	-0.2091400	-0.8955400	0.0157733	-0.0893100	-0.9025500	0.0210033	-0.0857500	-1.0554100	0.0539733	-0.1045700	-0.8233869	0.9880562	0.0489928	-0.7851427	0.9982991	-0.3246223	-1.0313401	1.0134371	-0.0884783	-1.0159660	1.0170210	-0.2350083	-0.9674418	0.4725206	0.0045030	-0.9488069	0.4851097	-0.1188466	-1.0525587	0.0888079	-0.0572094	-1.0201463	0.0969441	-0.1378122	-0.9183661	0.0393191	-0.0964839	-0.9673983	0.0302987	-0.0453970	-1.1104685	0.0785579	-0.1141789	-0.7472787	0.5122843	-0.3266557	-0.7381881	0.5246320	-0.1969896	-0.8636334	0.1208914	-0.2637060	-0.8375796	0.1313641	-0.1766936	-0.7319542	0.0599296	-0.2182359	-0.9334669	0.1177224	-0.2104718	-0.7773281	0.0626832	-0.2728081	-0.9143885	1.5013612	0.0472414	-0.9138973	1.5200691	-0.3082446	-1.0152508	1.5232433	-0.1301703	-0.8551003	0.7185117	0.0473689	-0.9049609	0.6198092	0.0536287	-0.9730090	0.7415045	0.0625379	-0.7594602	0.7871805	-0.3561186	-0.7583079	0.6768422	-0.3688933	-0.8748132	0.7471152	-0.3794525	-0.9941050	0.3592613	-0.0088966	-0.9895211	0.2358669	-0.0112522	-1.0566086	0.2596338	-0.0157128	-0.7751919	0.3869550	-0.3111239	-0.7803455	0.2633760	-0.3058883	-0.8495005	0.2917381	-0.3109245	-0.9217552	0.8897550	-0.0401256	-0.8988413	0.8960001	-0.2656854	-0.9756267	1.1469020	0.1430556	-0.9870750	1.1366160	0.0572135	-0.8527891	0.9149878	0.0916893	-0.9086941	0.8856945	0.1088384	-0.9382250	1.1796693	-0.4330197	-0.9703652	1.1655965	-0.3602609	-0.8433262	0.9312432	-0.3881615	-0.9022416	0.9138482	-0.4190398
291	4.8333333	-0.9130200	1.4523433	-0.1315100	-0.8984900	1.4403433	0.0484200	-0.9486900	1.1673233	0.1100800	-0.8768700	0.9088333	0.1012500	-0.8957300	1.4614433	-0.3116000	-0.9166200	1.1993633	-0.3870500	-0.8690900	0.9470133	-0.4027800	-0.8618000	0.9194633	-0.1476300	-0.8773200	0.9095133	-0.0217500	-0.9474000	0.4581133	-0.0600500	-1.0251000	0.0861833	-0.0960100	-0.8316800	0.9311733	-0.2718600	-0.7329800	0.5317633	-0.2487700	-0.7998900	0.1087633	-0.2192000	-0.6407900	0.0499133	-0.2333100	-0.6509600	0.0507533	-0.2350500	-0.8466900	0.0732633	-0.2082600	-0.8878600	0.0184133	-0.0845800	-0.8950400	0.0241533	-0.0816300	-1.0494300	0.0556333	-0.1044200	-0.8157374	0.9862071	0.0490909	-0.7725557	0.9968594	-0.3227319	-1.0226062	1.0114643	-0.0906231	-1.0053736	1.0152312	-0.2363969	-0.9621799	0.4712392	0.0044222	-0.9421326	0.4839255	-0.1185838	-1.0471907	0.0880974	-0.0567767	-1.0140350	0.0963727	-0.1369858	-0.9144120	0.0383994	-0.0943062	-0.9633426	0.0294594	-0.0440406	-1.1038049	0.0777601	-0.1143177	-0.7370656	0.5092519	-0.3222299	-0.7295837	0.5222932	-0.1917607	-0.8157237	0.1100744	-0.2627543	-0.7900594	0.1222669	-0.1752475	-0.6777921	0.0603968	-0.2169259	-0.8841517	0.1003853	-0.2100819	-0.7228743	0.0594178	-0.2721517	-0.9042516	1.4988051	0.0473041	-0.9020987	1.5174047	-0.3078247	-1.0043392	1.5214482	-0.1306998	-0.8489037	0.7168179	0.0471842	-0.8993652	0.6182521	0.0534384	-0.9666824	0.7403609	0.0612285	-0.7463221	0.7843809	-0.3529321	-0.7460133	0.6738204	-0.3654348	-0.8629716	0.7451402	-0.3790327	-0.9889011	0.3582918	-0.0088786	-0.9845945	0.2351174	-0.0107201	-1.0513032	0.2586167	-0.0160356	-0.7548419	0.3836458	-0.3078956	-0.7475900	0.2602526	-0.3035230	-0.8192369	0.2817637	-0.3088513	-0.9134243	0.8885742	-0.0412967	-0.8875073	0.8950845	-0.2657672	-0.9653495	1.1452625	0.1428816	-0.9771302	1.1349408	0.0569595	-0.8427678	0.9135378	0.0907909	-0.8986579	0.8843905	0.1079603	-0.9272391	1.1779716	-0.4328284	-0.9594246	1.1641136	-0.3602268	-0.8325440	0.9298403	-0.3875396	-0.8910177	0.9123962	-0.4184986
292	4.8500000	-0.8998400	1.4510633	-0.1314800	-0.8854500	1.4390333	0.0481700	-0.9358100	1.1654733	0.1099200	-0.8640600	0.9069433	0.1002400	-0.8825300	1.4602133	-0.3112800	-0.9030400	1.1982733	-0.3879600	-0.8530100	0.9469333	-0.4030400	-0.8506600	0.9160333	-0.1478300	-0.8669500	0.9064233	-0.0220300	-0.9396600	0.4563433	-0.0599600	-1.0232600	0.0870733	-0.0964700	-0.8198000	0.9274933	-0.2719500	-0.7173700	0.5283833	-0.2444400	-0.7497200	0.1049033	-0.2190500	-0.5853500	0.0568733	-0.2337000	-0.5965200	0.0569733	-0.2349000	-0.7957300	0.0675733	-0.2070600	-0.8762800	0.0246533	-0.0799800	-0.8846400	0.0305333	-0.0778000	-1.0477800	0.0561033	-0.1039100	-0.8067724	0.9825761	0.0488488	-0.7589459	0.9930973	-0.3212952	-1.0125861	1.0075499	-0.0925982	-0.9936151	1.0113068	-0.2376356	-0.9547515	0.4680961	0.0043219	-0.9333068	0.4810156	-0.1183691	-1.0402239	0.0862127	-0.0560997	-1.0062579	0.0947666	-0.1360254	-0.9067987	0.0378094	-0.0914365	-0.9564040	0.0286849	-0.0419856	-1.0962059	0.0750434	-0.1143814	-0.7238428	0.5047814	-0.3182523	-0.7179814	0.5183798	-0.1870487	-0.7664256	0.1016821	-0.2619143	-0.7413794	0.1154863	-0.1738969	-0.6227888	0.0633047	-0.2159953	-0.8333949	0.0859457	-0.2097641	-0.6673398	0.0587817	-0.2717706	-0.8920321	1.4942749	0.0471927	-0.8883942	1.5128932	-0.3076397	-0.9913327	1.5180577	-0.1311646	-0.8408490	0.7133113	0.0469692	-0.8918101	0.6148366	0.0532444	-0.9587800	0.7370314	0.0599998	-0.7315115	0.7800778	-0.3498631	-0.7315306	0.6693202	-0.3622052	-0.8493140	0.7410551	-0.3787148	-0.9816967	0.3555772	-0.0087951	-0.9777562	0.2328108	-0.0101037	-1.0441944	0.2561237	-0.0161543	-0.7319652	0.3798940	-0.3050279	-0.7130514	0.2577791	-0.3013656	-0.7865587	0.2725931	-0.3070762	-0.9037800	0.8852645	-0.0424262	-0.8750299	0.8917224	-0.2658753	-0.9533703	1.1415636	0.1426607	-0.9654767	1.1311554	0.0565424	-0.8310142	0.9101024	0.0897126	-0.8869025	0.8810848	0.1068491	-0.9142695	1.1742649	-0.4330014	-0.9466277	1.1605200	-0.3605438	-0.8194447	0.9266235	-0.3869898	-0.8774055	0.9089797	-0.4181126
293	4.8666667	-0.8856700	1.4494733	-0.1314600	-0.8714200	1.4375933	0.0478900	-0.9231100	1.1638633	0.1095000	-0.8519100	0.9049033	0.0991900	-0.8683500	1.4584933	-0.3109600	-0.8874200	1.1964833	-0.3884400	-0.8371800	0.9445233	-0.4034200	-0.8382200	0.9125833	-0.1478800	-0.8548200	0.9028333	-0.0223600	-0.9310100	0.4545333	-0.0597000	-1.0221200	0.0868133	-0.0965100	-0.8070900	0.9233333	-0.2717000	-0.7038100	0.5249133	-0.2404800	-0.7019700	0.1032233	-0.2191200	-0.5321800	0.0680833	-0.2334300	-0.5442600	0.0675233	-0.2342000	-0.7453400	0.0637733	-0.2069000	-0.8623400	0.0325433	-0.0772300	-0.8723500	0.0377533	-0.0757100	-1.0481700	0.0558333	-0.1027400	-0.7961618	0.9791929	0.0486128	-0.7443440	0.9892647	-0.3201452	-1.0011278	1.0039212	-0.0939719	-0.9806690	1.0075486	-0.2383741	-0.9454220	0.4650934	0.0044747	-0.9229422	0.4783329	-0.1181520	-1.0326629	0.0852531	-0.0550694	-0.9980457	0.0941632	-0.1350020	-0.8962173	0.0396587	-0.0882892	-0.9472107	0.0298970	-0.0393986	-1.0891598	0.0725193	-0.1141396	-0.7086955	0.5011306	-0.3145967	-0.7044192	0.5151018	-0.1827673	-0.7173963	0.0973045	-0.2610945	-0.6931651	0.1125523	-0.1726268	-0.5686778	0.0702522	-0.2153430	-0.7828813	0.0758300	-0.2094325	-0.6124624	0.0623173	-0.2715131	-0.8777861	1.4902254	0.0470782	-0.8733676	1.5087375	-0.3075626	-0.9766250	1.5152410	-0.1312615	-0.8306336	0.7098932	0.0469189	-0.8821609	0.6115129	0.0533152	-0.9490615	0.7337098	0.0593949	-0.7155259	0.7764300	-0.3468575	-0.7155959	0.6655578	-0.3591085	-0.8342740	0.7372030	-0.3782263	-0.9729366	0.3531550	-0.0084185	-0.9695871	0.2309788	-0.0093250	-1.0359848	0.2542604	-0.0157574	-0.7077717	0.3777303	-0.3024079	-0.6780959	0.2577149	-0.2993802	-0.7528746	0.2661720	-0.3054198	-0.8926473	0.8819913	-0.0431648	-0.8614583	0.8882084	-0.2657715	-0.9400504	1.1380307	0.1425570	-0.9523789	1.1275201	0.0562453	-0.8179570	0.9068393	0.0887787	-0.8738190	0.8779076	0.1058521	-0.8995276	1.1706977	-0.4331600	-0.9321754	1.1569677	-0.3608733	-0.8044289	0.9236067	-0.3862843	-0.8618849	0.9056761	-0.4176324
294	4.8833333	-0.8698900	1.4475133	-0.1314700	-0.8558900	1.4359433	0.0477200	-0.9103600	1.1627133	0.1089000	-0.8399400	0.9029633	0.0980900	-0.8524100	1.4562033	-0.3108000	-0.8712400	1.1939033	-0.3886000	-0.8224300	0.9409833	-0.4036400	-0.8253100	0.9085733	-0.1475500	-0.8417100	0.9004533	-0.0224900	-0.9224400	0.4532233	-0.0591400	-1.0199000	0.0867233	-0.0962400	-0.7945300	0.9180833	-0.2709700	-0.6931400	0.5210033	-0.2365900	-0.6589500	0.1038133	-0.2199100	-0.4808400	0.0822033	-0.2332000	-0.4939200	0.0808933	-0.2337200	-0.6982000	0.0623333	-0.2084100	-0.8500400	0.0391533	-0.0761000	-0.8615400	0.0437633	-0.0750800	-1.0487900	0.0553733	-0.1011200	-0.7846357	0.9754415	0.0486960	-0.7295873	0.9848698	-0.3191398	-0.9890775	1.0000744	-0.0945297	-0.9674178	1.0034950	-0.2384721	-0.9354446	0.4616431	0.0050591	-0.9124861	0.4752311	-0.1178764	-1.0260693	0.0846712	-0.0536716	-0.9911104	0.0939515	-0.1340000	-0.8847857	0.0428198	-0.0853009	-0.9375954	0.0320532	-0.0365813	-1.0842165	0.0699557	-0.1134745	-0.6935164	0.4976006	-0.3111167	-0.6908144	0.5117266	-0.1786328	-0.6708466	0.0955805	-0.2605528	-0.6476213	0.1120458	-0.1716155	-0.5174987	0.0798353	-0.2149684	-0.7349579	0.0685619	-0.2094008	-0.5603564	0.0685165	-0.2715395	-0.8623984	1.4863528	0.0471009	-0.8579092	1.5044885	-0.3075503	-0.9611910	1.5124087	-0.1309180	-0.8191165	0.7058547	0.0472309	-0.8713982	0.6076353	0.0538629	-0.9383647	0.7298976	0.0597805	-0.6995635	0.7727378	-0.3438120	-0.6996827	0.6618449	-0.3560565	-0.8190709	0.7330736	-0.3775083	-0.9639623	0.3504570	-0.0076163	-0.9615141	0.2290496	-0.0083491	-1.0280746	0.2525040	-0.0146744	-0.6842577	0.3762582	-0.3000153	-0.6447752	0.2589234	-0.2976955	-0.7202991	0.2614705	-0.3039673	-0.8808454	0.8781910	-0.0432320	-0.8476780	0.8840485	-0.2652799	-0.9263794	1.1342202	0.1427830	-0.9388647	1.1236084	0.0563181	-0.8046633	0.9032491	0.0881870	-0.8604781	0.8743634	0.1052191	-0.8840976	1.1666910	-0.4330701	-0.9171071	1.1529429	-0.3609782	-0.7887382	0.9201529	-0.3852846	-0.8457478	0.9019211	-0.4168951
295	4.9000000	-0.8542300	1.4452733	-0.1317100	-0.8405100	1.4340133	0.0475200	-0.8975800	1.1617033	0.1082500	-0.8269700	0.9012233	0.0972300	-0.8365000	1.4536533	-0.3110700	-0.8560300	1.1906633	-0.3888900	-0.8082900	0.9373333	-0.4037600	-0.8124400	0.9033833	-0.1470000	-0.8283500	0.8968233	-0.0221400	-0.9142500	0.4522933	-0.0582600	-1.0165000	0.0881833	-0.0959000	-0.7821900	0.9115133	-0.2702800	-0.6840500	0.5174933	-0.2330700	-0.6201400	0.1065233	-0.2206400	-0.4329800	0.0968533	-0.2330300	-0.4469000	0.0949033	-0.2334100	-0.6556900	0.0626633	-0.2102600	-0.8435100	0.0427433	-0.0754500	-0.8555500	0.0470733	-0.0747900	-1.0488600	0.0565833	-0.0994100	-0.7728498	0.9706032	0.0490167	-0.7151022	0.9793820	-0.3183021	-0.9770022	0.9953606	-0.0946093	-0.9543407	0.9985656	-0.2382524	-0.9256256	0.4574008	0.0059696	-0.9025694	0.4712759	-0.1175419	-1.0214266	0.0841127	-0.0522539	-0.9863743	0.0936720	-0.1332397	-0.8748501	0.0457727	-0.0828745	-0.9295510	0.0340284	-0.0340581	-1.0818224	0.0676307	-0.1126570	-0.6791947	0.4934304	-0.3079898	-0.6781310	0.5074822	-0.1747915	-0.6282479	0.0952549	-0.2604107	-0.6062402	0.1126617	-0.1709698	-0.4706417	0.0903834	-0.2148071	-0.6912687	0.0630465	-0.2098064	-0.5124781	0.0757658	-0.2718850	-0.8467736	1.4821229	0.0469657	-0.8426378	1.4995759	-0.3078210	-0.9457549	1.5087890	-0.1305610	-0.8072435	0.7006807	0.0477977	-0.8604391	0.6027752	0.0547494	-0.9274245	0.7250973	0.0608488	-0.6842176	0.7682525	-0.3408740	-0.6844838	0.6574317	-0.3532206	-0.8042203	0.7280704	-0.3768054	-0.9556457	0.3471098	-0.0065704	-0.9545772	0.2265995	-0.0073938	-1.0213012	0.2505741	-0.0132132	-0.6624776	0.3745551	-0.2979977	-0.6142833	0.2602910	-0.2964215	-0.6900602	0.2574972	-0.3028882	-0.8689399	0.8731919	-0.0428634	-0.8341167	0.8786811	-0.2645998	-0.9128887	1.1296024	0.1432266	-0.9255178	1.1189024	0.0566092	-0.7915283	0.8988661	0.0877673	-0.8472646	0.8699656	0.1047896	-0.8687193	1.1616829	-0.4328886	-0.9020935	1.1479108	-0.3609744	-0.7730748	0.9156868	-0.3841658	-0.8297274	0.8971511	-0.4160413
296	4.9166667	-0.8402700	1.4429133	-0.1324200	-0.8270800	1.4319233	0.0468800	-0.8843100	1.1604733	0.1075900	-0.8127900	0.8993133	0.0966800	-0.8220300	1.4510433	-0.3117900	-0.8414600	1.1870633	-0.3894500	-0.7941500	0.9335833	-0.4038700	-0.8001300	0.8972133	-0.1465700	-0.8163300	0.8913833	-0.0214800	-0.9072600	0.4505733	-0.0572700	-1.0131500	0.0905133	-0.0956200	-0.7695800	0.9043333	-0.2700800	-0.6734300	0.5152933	-0.2302900	-0.5866000	0.1102333	-0.2202800	-0.3936500	0.1092833	-0.2326400	-0.4078800	0.1068233	-0.2328400	-0.6206800	0.0635633	-0.2109200	-0.8437800	0.0428933	-0.0749800	-0.8555200	0.0475333	-0.0745600	-1.0477100	0.0598433	-0.0981400	-0.7615690	0.9647193	0.0493598	-0.7013371	0.9730961	-0.3177039	-0.9654513	0.9898625	-0.0947675	-0.9418641	0.9929438	-0.2382304	-0.9166572	0.4527782	0.0070083	-0.8935833	0.4667721	-0.1170678	-1.0193369	0.0839881	-0.0512648	-0.9843348	0.0936099	-0.1328845	-0.8684966	0.0477993	-0.0813022	-0.9248567	0.0355472	-0.0323731	-1.0819459	0.0665899	-0.1120550	-0.6657991	0.4889605	-0.3054158	-0.6665705	0.5027329	-0.1715137	-0.5917056	0.0958360	-0.2605019	-0.5711954	0.1138509	-0.1705779	-0.4305547	0.1003503	-0.2146570	-0.6541696	0.0593095	-0.2104771	-0.4713118	0.0828888	-0.2723198	-0.8320768	1.4777175	0.0463361	-0.8282745	1.4942087	-0.3086142	-0.9312151	1.5043857	-0.1307588	-0.7961256	0.6946738	0.0482821	-0.8502745	0.5973032	0.0556258	-0.9170041	0.7196130	0.0619643	-0.6697868	0.7631805	-0.3383086	-0.6701803	0.6525807	-0.3508298	-0.7898673	0.7224984	-0.3764226	-0.9486555	0.3435221	-0.0055620	-0.9495819	0.2239943	-0.0067624	-1.0162181	0.2489420	-0.0118330	-0.6430139	0.3726289	-0.2963872	-0.5877865	0.2614564	-0.2954362	-0.6633458	0.2542535	-0.3021855	-0.8575036	0.8671321	-0.0425425	-0.8211569	0.8723917	-0.2641277	-0.8999300	1.1244126	0.1436038	-0.9127622	1.1136367	0.0568065	-0.7787293	0.8939956	0.0872133	-0.8343408	0.8649967	0.1042590	-0.8539340	1.1559267	-0.4329419	-0.8876419	1.1421277	-0.3611684	-0.7578917	0.9104721	-0.3832278	-0.8142910	0.8916147	-0.4153563
297	4.9333333	-0.8269500	1.4404433	-0.1336300	-0.8148500	1.4298033	0.0456900	-0.8696500	1.1585033	0.1067900	-0.7982500	0.8969133	0.0962400	-0.8076900	1.4482333	-0.3129100	-0.8264800	1.1833033	-0.3899900	-0.7798000	0.9294033	-0.4041000	-0.7883900	0.8911033	-0.1465300	-0.8057200	0.8859333	-0.0211700	-0.9018200	0.4475433	-0.0564300	-1.0123100	0.0904733	-0.0958700	-0.7567100	0.8975833	-0.2702400	-0.6596300	0.5142033	-0.2282500	-0.5612400	0.1124933	-0.2183200	-0.3673200	0.1158633	-0.2315600	-0.3812500	0.1133033	-0.2315300	-0.5960000	0.0638133	-0.2097600	-0.8499800	0.0390033	-0.0754900	-0.8610500	0.0443533	-0.0751900	-1.0467500	0.0622133	-0.0980600	-0.7509006	0.9586170	0.0495663	-0.6882457	0.9670726	-0.3173594	-0.9543996	0.9845469	-0.0954024	-0.9299015	0.9876879	-0.2387615	-0.9088318	0.4486853	0.0078811	-0.8855315	0.4625126	-0.1165361	-1.0199319	0.0847604	-0.0510754	-0.9850023	0.0941068	-0.1330771	-0.8668014	0.0485887	-0.0809070	-0.9243907	0.0365440	-0.0320033	-1.0843120	0.0676575	-0.1119882	-0.6526511	0.4853694	-0.3034000	-0.6555342	0.4987096	-0.1690042	-0.5634552	0.0970307	-0.2604630	-0.5447252	0.1152693	-0.1702240	-0.3999614	0.1078934	-0.2143423	-0.6261438	0.0577409	-0.2110638	-0.4396751	0.0886108	-0.2724994	-0.8186264	1.4741118	0.0451164	-0.8148456	1.4893661	-0.3100994	-0.9178184	1.5001423	-0.1318850	-0.7862431	0.6887610	0.0483725	-0.8413476	0.5921666	0.0561317	-0.9073986	0.7145246	0.0625616	-0.6560591	0.7585802	-0.3363240	-0.6563598	0.6484001	-0.3489710	-0.7756620	0.7174964	-0.3764244	-0.9432137	0.3405306	-0.0049100	-0.9468061	0.2219481	-0.0067166	-1.0129955	0.2482765	-0.0109915	-0.6259240	0.3711006	-0.2949955	-0.5661894	0.2624263	-0.2943988	-0.6411241	0.2522668	-0.3016197	-0.8465766	0.8610274	-0.0426747	-0.8087509	0.8663317	-0.2641798	-0.8872346	1.1195808	0.1436452	-0.9003775	1.1087399	0.0566723	-0.7660043	0.8895143	0.0862968	-0.8214623	0.8603706	0.1034131	-0.8395787	1.1504067	-0.4334502	-0.8735898	1.1365834	-0.3617879	-0.7430700	0.9054589	-0.3827029	-0.7993223	0.8862764	-0.4150811
298	4.9500000	-0.8125000	1.4378333	-0.1352300	-0.8018600	1.4277033	0.0441800	-0.8533400	1.1556733	0.1056400	-0.7840500	0.8942033	0.0958500	-0.7918400	1.4450933	-0.3144400	-0.8110500	1.1795933	-0.3903600	-0.7654000	0.9248033	-0.4044800	-0.7759400	0.8861233	-0.1468800	-0.7940300	0.8813033	-0.0216300	-0.8970900	0.4432233	-0.0560400	-1.0177600	0.0837633	-0.0977100	-0.7435600	0.8923033	-0.2704300	-0.6431500	0.5134433	-0.2266600	-0.5452100	0.1115733	-0.2148100	-0.3533500	0.1147733	-0.2292100	-0.3665600	0.1125733	-0.2289100	-0.5818200	0.0629233	-0.2069900	-0.8631100	0.0297033	-0.0781600	-0.8733400	0.0359833	-0.0778500	-1.0509600	0.0586833	-0.1000000	-0.7394263	0.9531270	0.0496200	-0.6745995	0.9624505	-0.3171723	-0.9424684	0.9803702	-0.0964416	-0.9171471	0.9838696	-0.2397320	-0.9016660	0.4456914	0.0083297	-0.8777521	0.4590014	-0.1162052	-1.0232774	0.0859964	-0.0520027	-0.9883179	0.0946454	-0.1340968	-0.8701793	0.0473541	-0.0821140	-0.9284713	0.0362262	-0.0333661	-1.0889214	0.0704310	-0.1128125	-0.6382769	0.4835910	-0.3017455	-0.6434489	0.4964280	-0.1672277	-0.5441214	0.0981559	-0.2599077	-0.5272835	0.1162331	-0.1696338	-0.3796442	0.1110934	-0.2136757	-0.6079367	0.0581187	-0.2111615	-0.4185519	0.0914322	-0.2720950	-0.8051152	1.4722630	0.0434899	-0.8010493	1.4860183	-0.3122443	-0.9043950	1.4970955	-0.1338566	-0.7765916	0.6834819	0.0480315	-0.8328739	0.5879377	0.0561276	-0.8977137	0.7107962	0.0624855	-0.6417909	0.7554622	-0.3349530	-0.6417045	0.6458677	-0.3475440	-0.7603861	0.7141378	-0.3765872	-0.9389546	0.3384928	-0.0048802	-0.9460376	0.2205320	-0.0074382	-1.0115141	0.2485925	-0.0110700	-0.6102703	0.3703377	-0.2935256	-0.5491375	0.2629441	-0.2929488	-0.6232020	0.2516934	-0.3008330	-0.8348348	0.8558927	-0.0433133	-0.7956981	0.8617008	-0.2647345	-0.8734931	1.1159849	0.1432605	-0.8870172	1.1050945	0.0561959	-0.7522459	0.8861534	0.0850325	-0.8075360	0.8568943	0.1022746	-0.8244642	1.1460510	-0.4343323	-0.8587413	1.1322196	-0.3627587	-0.7275619	0.9014880	-0.3825988	-0.7837665	0.8820386	-0.4152259
299	4.9666667	-0.7968900	1.4352933	-0.1371400	-0.7873700	1.4257333	0.0423300	-0.8361200	1.1526633	0.1041400	-0.7702200	0.8915433	0.0955700	-0.7751600	1.4419833	-0.3162700	-0.7955000	1.1759433	-0.3907900	-0.7510900	0.9200833	-0.4048800	-0.7614600	0.8824933	-0.1474500	-0.7793100	0.8778233	-0.0226100	-0.8919900	0.4381533	-0.0562300	-1.0323400	0.0709333	-0.1018000	-0.7294200	0.8885333	-0.2706100	-0.6253200	0.5117633	-0.2253700	-0.5368200	0.1078333	-0.2102600	-0.3475900	0.1075333	-0.2253700	-0.3599600	0.1059933	-0.2248500	-0.5751900	0.0606333	-0.2032900	-0.8854700	0.0163233	-0.0836800	-0.8941900	0.0233933	-0.0831400	-1.0648800	0.0478733	-0.1043900	-0.7257006	0.9483247	0.0495938	-0.6591540	0.9595777	-0.3170060	-0.9282665	0.9773669	-0.0975560	-0.9022909	0.9816245	-0.2407827	-0.8948942	0.4434265	0.0082432	-0.8699346	0.4558833	-0.1163149	-1.0304708	0.0866644	-0.0543129	-0.9953007	0.0941744	-0.1362973	-0.8798400	0.0431150	-0.0853333	-0.9382371	0.0334549	-0.0367752	-1.0969787	0.0737313	-0.1148707	-0.6216880	0.4833625	-0.3003179	-0.6290941	0.4957381	-0.1660273	-0.5326409	0.0981101	-0.2585848	-0.5175168	0.1157293	-0.1685176	-0.3683263	0.1088696	-0.2124234	-0.5983653	0.0592402	-0.2104238	-0.4068416	0.0902105	-0.2708678	-0.7902255	1.4721883	0.0417064	-0.7857477	1.4843189	-0.3148265	-0.8897474	1.4954313	-0.1362637	-0.7660591	0.6783752	0.0474736	-0.8240713	0.5841945	0.0557152	-0.8870118	0.7084454	0.0618767	-0.6258160	0.7538547	-0.3341128	-0.6251558	0.6448799	-0.3464375	-0.7430925	0.7124712	-0.3767121	-0.9359674	0.3368563	-0.0056303	-0.9476944	0.2189623	-0.0090457	-1.0123300	0.2491989	-0.0123182	-0.5950448	0.3698290	-0.2918462	-0.5355236	0.2622265	-0.2909368	-0.6087147	0.2517880	-0.2996232	-0.8209069	0.8518587	-0.0442736	-0.7807538	0.8587997	-0.2655619	-0.8577032	1.1137068	0.1425037	-0.8715780	1.1027892	0.0555006	-0.7366872	0.8838710	0.0836044	-0.7917926	0.8545874	0.1010136	-0.8076996	1.1429361	-0.4353300	-0.8421855	1.1291341	-0.3638271	-0.7106083	0.8985520	-0.3827596	-0.7668444	0.8789684	-0.4156080
300	4.9833333	-0.7809600	1.4331433	-0.1393300	-0.7714900	1.4239933	0.0398400	-0.8191100	1.1502833	0.1024900	-0.7561600	0.8895033	0.0953900	-0.7593300	1.4394233	-0.3181500	-0.7793900	1.1723633	-0.3916500	-0.7368900	0.9157433	-0.4052500	-0.7447300	0.8811233	-0.1482600	-0.7619700	0.8764933	-0.0238100	-0.8855900	0.4334833	-0.0566600	-1.0511400	0.0582633	-0.1066600	-0.7134200	0.8872333	-0.2710500	-0.6084300	0.5095833	-0.2245400	-0.5319400	0.1026733	-0.2055700	-0.3449700	0.0972433	-0.2201700	-0.3566500	0.0964033	-0.2195600	-0.5716700	0.0573533	-0.1996300	-0.9092100	0.0023833	-0.0898400	-0.9163900	0.0106633	-0.0890400	-1.0840200	0.0365933	-0.1099800	-0.7095352	0.9451352	0.0493763	-0.6416690	0.9593378	-0.3168032	-0.9116407	0.9762845	-0.0986839	-0.8851549	0.9816836	-0.2417867	-0.8881910	0.4423874	0.0076275	-0.8618222	0.4537149	-0.1170248	-1.0410846	0.0874149	-0.0578416	-1.0054818	0.0934380	-0.1396541	-0.8948394	0.0370354	-0.0902591	-0.9527780	0.0291852	-0.0417745	-1.1081654	0.0778802	-0.1181268	-0.6033913	0.4848401	-0.2992323	-0.6127972	0.4968879	-0.1653660	-0.5267198	0.0973289	-0.2565233	-0.5129127	0.1143533	-0.1667619	-0.3634094	0.1028777	-0.2104292	-0.5947643	0.0609254	-0.2087938	-0.4019208	0.0860821	-0.2687629	-0.7737060	1.4741524	0.0397714	-0.7691244	1.4847837	-0.3175229	-0.8736853	1.4957024	-0.1387333	-0.7541998	0.6742386	0.0468889	-0.8145366	0.5815948	0.0550460	-0.8750230	0.7081785	0.0607656	-0.6080010	0.7543097	-0.3337734	-0.6068486	0.6458057	-0.3457077	-0.7239839	0.7130739	-0.3769163	-0.9339222	0.3361092	-0.0070942	-0.9512896	0.2178151	-0.0113623	-1.0151146	0.2506329	-0.0146418	-0.5800104	0.3699363	-0.2901360	-0.5241531	0.2608728	-0.2885276	-0.5967639	0.2526849	-0.2981346	-0.8045941	0.8498305	-0.0456119	-0.7636792	0.8585195	-0.2666234	-0.8400555	1.1135183	0.1412729	-0.8541380	1.1026037	0.0545080	-0.7196240	0.8834080	0.0820451	-0.7745213	0.8542134	0.0996415	-0.7894656	1.1418048	-0.4363699	-0.8240883	1.1280909	-0.3649413	-0.6925315	0.8973220	-0.3831891	-0.7488530	0.8777941	-0.4161930
301	5.0000000	-0.7647800	1.4313933	-0.1417000	-0.7548100	1.4226433	0.0369300	-0.8031900	1.1489233	0.1008800	-0.7414200	0.8879133	0.0952300	-0.7438600	1.4373033	-0.3200400	-0.7625100	1.1692033	-0.3928800	-0.7224600	0.9123033	-0.4056200	-0.7264100	0.8827333	-0.1492500	-0.7433900	0.8776633	-0.0251100	-0.8766500	0.4306233	-0.0564900	-1.0629400	0.0541533	-0.1093600	-0.6954400	0.8891633	-0.2717400	-0.5936300	0.5065333	-0.2242800	-0.5261000	0.0976333	-0.2018300	-0.3405700	0.0869333	-0.2134500	-0.3518500	0.0866133	-0.2129800	-0.5674600	0.0532633	-0.1970400	-0.9192800	-0.0022367	-0.0924700	-0.9259500	0.0062733	-0.0916200	-1.0950100	0.0349333	-0.1137900	-0.6918118	0.9446372	0.0489839	-0.6226833	0.9621798	-0.3163969	-0.8934288	0.9777149	-0.0999009	-0.8664299	0.9843965	-0.2427614	-0.8804177	0.4433363	0.0069788	-0.8525155	0.4533893	-0.1179185	-1.0510067	0.0898435	-0.0614942	-1.0147914	0.0942677	-0.1431748	-0.9096745	0.0323799	-0.0952924	-0.9667943	0.0262585	-0.0466875	-1.1184473	0.0835623	-0.1216676	-0.5848421	0.4878685	-0.2983774	-0.5960165	0.4997550	-0.1647852	-0.5230023	0.0968487	-0.2536420	-0.5101239	0.1133386	-0.1639999	-0.3611931	0.0961526	-0.2070318	-0.5933239	0.0632089	-0.2062585	-0.3998167	0.0812316	-0.2654194	-0.7560554	1.4778978	0.0377509	-0.7517586	1.4873967	-0.3198987	-0.8565450	1.4980270	-0.1410019	-0.7408656	0.6725438	0.0466041	-0.8037061	0.5812802	0.0545516	-0.8617053	0.7106014	0.0593632	-0.5888303	0.7570014	-0.3336460	-0.5876379	0.6486684	-0.3452180	-0.7039790	0.7161758	-0.3773715	-0.9309306	0.3371960	-0.0085612	-0.9539141	0.2184438	-0.0134982	-1.0171289	0.2539187	-0.0171650	-0.5653511	0.3711033	-0.2883949	-0.5136487	0.2599908	-0.2857346	-0.5862332	0.2545840	-0.2964362	-0.7866511	0.8506744	-0.0473202	-0.7450034	0.8613554	-0.2678378	-0.8215077	1.1159858	0.1395680	-0.8355767	1.1051022	0.0531998	-0.7019896	0.8853526	0.0804713	-0.7566634	0.8563663	0.0982448	-0.7705271	1.1432097	-0.4373507	-0.8052298	1.1296585	-0.3660395	-0.6742232	0.8983138	-0.3838119	-0.7306374	0.8790607	-0.4169014
302	5.0166667	-0.7481800	1.4298533	-0.1441400	-0.7385200	1.4217633	0.0342500	-0.7885000	1.1479833	0.0992000	-0.7263500	0.8868233	0.0951100	-0.7271000	1.4350933	-0.3221900	-0.7458400	1.1667933	-0.3941200	-0.7066700	0.9100033	-0.4060200	-0.7076700	0.8855533	-0.1499500	-0.7248400	0.8799733	-0.0260900	-0.8634200	0.4302333	-0.0548000	-1.0604400	0.0596733	-0.1085300	-0.6766000	0.8925133	-0.2721400	-0.5803700	0.5036833	-0.2243000	-0.5178600	0.0936933	-0.1998100	-0.3319700	0.0777333	-0.2061600	-0.3430800	0.0777233	-0.2060900	-0.5612700	0.0491933	-0.1960700	-0.9090500	0.0032333	-0.0898200	-0.9174600	0.0108933	-0.0894500	-1.0893300	0.0436033	-0.1137500	-0.6738391	0.9455540	0.0488808	-0.6032686	0.9660373	-0.3154574	-0.8750336	0.9799419	-0.1009055	-0.8474186	0.9877473	-0.2434493	-0.8701843	0.4450118	0.0073151	-0.8409253	0.4538211	-0.1179762	-1.0550317	0.0932406	-0.0634958	-1.0181493	0.0962242	-0.1451631	-0.9176051	0.0301685	-0.0981804	-0.9738404	0.0253047	-0.0492648	-1.1227089	0.0891951	-0.1238613	-0.5674013	0.4904522	-0.2972495	-0.5802527	0.5022928	-0.1634678	-0.5186503	0.0959350	-0.2498935	-0.5065209	0.1120447	-0.1599350	-0.3583441	0.0895439	-0.2017602	-0.5909817	0.0645700	-0.2029005	-0.3969469	0.0759305	-0.2606581	-0.7382899	1.4811849	0.0360028	-0.7341673	1.4898941	-0.3216445	-0.8391037	1.5004121	-0.1429575	-0.7260975	0.6726286	0.0472213	-0.7910118	0.5822918	0.0550297	-0.8472169	0.7139492	0.0584268	-0.5692576	0.7599479	-0.3330931	-0.5686171	0.6514831	-0.3444632	-0.6841917	0.7197403	-0.3778665	-0.9246133	0.3390258	-0.0087541	-0.9519894	0.2200947	-0.0140159	-1.0148887	0.2578385	-0.0183536	-0.5513218	0.3719346	-0.2863065	-0.5030057	0.2588481	-0.2823818	-0.5761248	0.2559454	-0.2943922	-0.7683244	0.8528079	-0.0488539	-0.7258168	0.8652493	-0.2687553	-0.8033550	1.1193227	0.1378370	-0.8171737	1.1084818	0.0519344	-0.6849500	0.8879963	0.0793477	-0.7394084	0.8593312	0.0972295	-0.7518320	1.1453562	-0.4379167	-0.7865959	1.1320311	-0.3667897	-0.6565528	0.8998348	-0.3841988	-0.7129856	0.8810338	-0.4173434
303	5.0333333	-0.7318200	1.4287433	-0.1465600	-0.7234800	1.4214933	0.0320000	-0.7739800	1.1471533	0.0971800	-0.7111700	0.8862633	0.0950200	-0.7094500	1.4331233	-0.3246400	-0.7299200	1.1651033	-0.3953100	-0.6888700	0.9088933	-0.4064600	-0.6892100	0.8878633	-0.1501400	-0.7064800	0.8818433	-0.0263900	-0.8455600	0.4313133	-0.0516600	-1.0469300	0.0715833	-0.1056200	-0.6581200	0.8953633	-0.2721900	-0.5669100	0.5012933	-0.2241700	-0.5086000	0.0903933	-0.1994500	-0.3219800	0.0688033	-0.2014600	-0.3328500	0.0689833	-0.2017700	-0.5530100	0.0465633	-0.1963100	-0.8902600	0.0131533	-0.0850900	-0.9014400	0.0197833	-0.0854400	-1.0725400	0.0579633	-0.1111000	-0.6562698	0.9464836	0.0492593	-0.5842035	0.9691727	-0.3141581	-0.8572867	0.9813635	-0.1014285	-0.8290161	0.9900098	-0.2437111	-0.8565875	0.4462063	0.0091776	-0.8263630	0.4539794	-0.1164544	-1.0510346	0.0970295	-0.0631207	-1.0136251	0.0988837	-0.1448180	-0.9163654	0.0301427	-0.0982545	-0.9717411	0.0261516	-0.0489555	-1.1188177	0.0943565	-0.1237930	-0.5515056	0.4911980	-0.2957552	-0.5659405	0.5030060	-0.1613513	-0.5126248	0.0939881	-0.2460992	-0.5012011	0.1098111	-0.1554231	-0.3534269	0.0827652	-0.1956869	-0.5866787	0.0643523	-0.1995310	-0.3918690	0.0699734	-0.2555362	-0.7212145	1.4825420	0.0346078	-0.7166136	1.4906960	-0.3230504	-0.8220113	1.5013809	-0.1448327	-0.7099771	0.6733983	0.0487635	-0.7761008	0.5834495	0.0566838	-0.8315065	0.7164798	0.0583671	-0.5499887	0.7614902	-0.3319641	-0.5504008	0.6527235	-0.3433155	-0.6652518	0.7221317	-0.3782427	-0.9137392	0.3405939	-0.0071130	-0.9440453	0.2219649	-0.0124628	-1.0067103	0.2614248	-0.0174765	-0.5379823	0.3713829	-0.2840409	-0.4919776	0.2567586	-0.2789539	-0.5659300	0.2557631	-0.2923541	-0.7502745	0.8545549	-0.0497912	-0.7068604	0.8683163	-0.2691677	-0.7862034	1.1218870	0.1363175	-0.7995714	1.1110765	0.0508385	-0.6689246	0.8897952	0.0788347	-0.7232022	0.8615412	0.0966982	-0.7337457	1.1466414	-0.4380260	-0.7686015	1.1335595	-0.3671308	-0.6396331	0.9004512	-0.3841721	-0.6959519	0.8821700	-0.4173876
304	5.0500000	-0.7162100	1.4286433	-0.1489300	-0.7092900	1.4220833	0.0297900	-0.7583600	1.1467933	0.0948700	-0.6954100	0.8867333	0.0949000	-0.6924700	1.4323133	-0.3270100	-0.7136700	1.1640833	-0.3965800	-0.6701100	0.9086833	-0.4069000	-0.6707700	0.8893633	-0.1502200	-0.6874200	0.8829533	-0.0262300	-0.8251100	0.4324333	-0.0482100	-1.0288700	0.0844933	-0.1023500	-0.6402600	0.8972333	-0.2725400	-0.5519100	0.4991733	-0.2240200	-0.5001900	0.0874833	-0.2002100	-0.3155900	0.0583933	-0.2014100	-0.3259400	0.0588933	-0.2018400	-0.5436800	0.0456133	-0.1969500	-0.8757200	0.0199733	-0.0813700	-0.8881200	0.0264033	-0.0821200	-1.0530200	0.0714633	-0.1079400	-0.6386439	0.9471686	0.0496308	-0.5654570	0.9713822	-0.3131592	-0.8398443	0.9818124	-0.1016871	-0.8110710	0.9910420	-0.2438212	-0.8393900	0.4468565	0.0120322	-0.8085638	0.4538032	-0.1136335	-1.0400052	0.1013795	-0.0610789	-1.0023003	0.1023575	-0.1426847	-0.9080121	0.0314599	-0.0965873	-0.9624452	0.0283750	-0.0469751	-1.1075495	0.1000372	-0.1218241	-0.5365061	0.4902632	-0.2944821	-0.5522294	0.5019638	-0.1594280	-0.5054572	0.0913278	-0.2437003	-0.4946394	0.1068248	-0.1522555	-0.3470871	0.0753625	-0.1911755	-0.5809197	0.0634190	-0.1974584	-0.3853755	0.0634261	-0.2520145	-0.7048142	1.4823771	0.0330965	-0.6991874	1.4900195	-0.3247837	-0.8053658	1.5010482	-0.1471206	-0.6924023	0.6745584	0.0504627	-0.7588069	0.5845618	0.0587792	-0.8141838	0.7179591	0.0586885	-0.5310621	0.7614309	-0.3308823	-0.5327962	0.6523617	-0.3422989	-0.6469481	0.7233182	-0.3786310	-0.8983952	0.3419278	-0.0043018	-0.9307439	0.2240687	-0.0096748	-0.9928765	0.2647994	-0.0151583	-0.5250317	0.3696235	-0.2823807	-0.4808116	0.2538984	-0.2765567	-0.5555187	0.2544013	-0.2911585	-0.7320995	0.8555826	-0.0504036	-0.6880050	0.8702510	-0.2694327	-0.7695550	1.1235038	0.1347192	-0.7823354	1.1126729	0.0495561	-0.6532334	0.8906602	0.0785293	-0.7073800	0.8628449	0.0962462	-0.7157894	1.1469282	-0.4381549	-0.7508018	1.1340700	-0.3675130	-0.6228053	0.9001445	-0.3841016	-0.6788880	0.8823500	-0.4174195
305	5.0666667	-0.7011500	1.4296433	-0.1512300	-0.6950800	1.4235733	0.0273900	-0.7416000	1.1474933	0.0926100	-0.6788600	0.8882633	0.0946600	-0.6766600	1.4328333	-0.3291100	-0.6962200	1.1638533	-0.3979100	-0.6518700	0.9091733	-0.4074300	-0.6523700	0.8900533	-0.1506600	-0.6676100	0.8838233	-0.0262000	-0.8039600	0.4324633	-0.0452200	-1.0130600	0.0965933	-0.1000600	-0.6231400	0.8977733	-0.2735400	-0.5354000	0.4971433	-0.2244200	-0.4941800	0.0848833	-0.2013100	-0.3145300	0.0477833	-0.2040100	-0.3242100	0.0486333	-0.2043300	-0.5376000	0.0445533	-0.1975800	-0.8703900	0.0235433	-0.0797400	-0.8824700	0.0308333	-0.0804500	-1.0378800	0.0829933	-0.1060900	-0.6208307	0.9474788	0.0494437	-0.5472554	0.9727890	-0.3129667	-0.8224655	0.9814119	-0.1020347	-0.7934953	0.9910683	-0.2441103	-0.8196328	0.4469616	0.0151498	-0.7883950	0.4531729	-0.1101138	-1.0257144	0.1066397	-0.0586503	-0.9879105	0.1068051	-0.1399350	-0.8976015	0.0333059	-0.0948223	-0.9508639	0.0315882	-0.0450490	-1.0924646	0.1073716	-0.1190297	-0.5220377	0.4881205	-0.2940081	-0.5385860	0.4996668	-0.1586225	-0.4990495	0.0882062	-0.2434041	-0.4886492	0.1032812	-0.1514364	-0.3415380	0.0670279	-0.1895068	-0.5756652	0.0624672	-0.1973274	-0.3798185	0.0563288	-0.2510508	-0.6892118	1.4814735	0.0310061	-0.6822747	1.4885734	-0.3272013	-0.7893830	1.4998971	-0.1500667	-0.6738914	0.6757512	0.0516168	-0.7398828	0.5854504	0.0605705	-0.7956170	0.7185039	0.0587658	-0.5127305	0.7599436	-0.3304888	-0.5158452	0.6506924	-0.3419497	-0.6292994	0.7235406	-0.3792166	-0.8803738	0.3430729	-0.0012685	-0.9148224	0.2263962	-0.0068058	-0.9758530	0.2683640	-0.0124551	-0.5127257	0.3669483	-0.2818915	-0.4705696	0.2503441	-0.2758326	-0.5456989	0.2523524	-0.2912790	-0.7136858	0.8558269	-0.0511481	-0.6693603	0.8711418	-0.2699688	-0.7531450	1.1243384	0.1327609	-0.7652720	1.1133999	0.0477914	-0.6374973	0.8908184	0.0780438	-0.6915625	0.8633953	0.0955271	-0.6978588	1.1463864	-0.4387375	-0.7330900	1.1337346	-0.3683546	-0.6059215	0.8991377	-0.3843886	-0.6617043	0.8817481	-0.4178202
306	5.0833333	-0.6863700	1.4314033	-0.1534600	-0.6805600	1.4257933	0.0250000	-0.7247000	1.1497833	0.0905200	-0.6620400	0.8902833	0.0941800	-0.6617200	1.4341133	-0.3311500	-0.6781500	1.1644633	-0.3992300	-0.6348800	0.9098433	-0.4081600	-0.6344200	0.8900533	-0.1515200	-0.6479700	0.8844933	-0.0266400	-0.7824600	0.4317933	-0.0425700	-1.0040600	0.1089533	-0.0994900	-0.6067500	0.8971333	-0.2749300	-0.5188100	0.4951733	-0.2257900	-0.4913800	0.0817633	-0.2021300	-0.3160100	0.0393533	-0.2057600	-0.3252900	0.0404933	-0.2059900	-0.5387700	0.0414333	-0.1982200	-0.8711900	0.0260633	-0.0794300	-0.8833800	0.0332633	-0.0801200	-1.0313400	0.0953833	-0.1064100	-0.6032325	0.9473260	0.0486796	-0.5299576	0.9735145	-0.3134271	-0.8053556	0.9804540	-0.1026032	-0.7764780	0.9904650	-0.2446373	-0.7986226	0.4465689	0.0183099	-0.7668826	0.4519666	-0.1062081	-1.0124322	0.1133931	-0.0566792	-0.9745480	0.1125981	-0.1374838	-0.8898054	0.0353319	-0.0938885	-0.9417362	0.0357037	-0.0440444	-1.0778697	0.1173905	-0.1163756	-0.5082682	0.4852171	-0.2943541	-0.5251905	0.4966530	-0.1591636	-0.4953078	0.0847699	-0.2446744	-0.4851479	0.0993583	-0.1525551	-0.3386210	0.0581699	-0.1901454	-0.5730827	0.0615286	-0.1986856	-0.3771444	0.0490560	-0.2520053	-0.6745995	1.4804854	0.0283580	-0.6663552	1.4870086	-0.3301954	-0.7743794	1.4984948	-0.1535177	-0.6551612	0.6768484	0.0522200	-0.7203388	0.5860942	0.0619852	-0.7767667	0.7183877	0.0584570	-0.4954378	0.7574030	-0.3308677	-0.4998820	0.6480968	-0.3422800	-0.6125805	0.7230376	-0.3798637	-0.8618100	0.3440962	0.0016025	-0.8993112	0.2290195	-0.0043812	-0.9586217	0.2726908	-0.0099388	-0.5016626	0.3635883	-0.2824072	-0.4623756	0.2461222	-0.2764044	-0.5375827	0.2499486	-0.2923944	-0.6954587	0.8554017	-0.0521963	-0.6513246	0.8712314	-0.2708433	-0.7371780	1.1246707	0.1305226	-0.7486417	1.1135285	0.0456426	-0.6219046	0.8905747	0.0773724	-0.6759246	0.8634529	0.0945761	-0.6803278	1.1452740	-0.4397752	-0.7158119	1.1328336	-0.3696461	-0.5893724	0.8976763	-0.3850612	-0.6448596	0.8806036	-0.4185860
307	5.1000000	-0.6715000	1.4334033	-0.1557000	-0.6656700	1.4282733	0.0227500	-0.7086100	1.1533133	0.0885400	-0.6453900	0.8922133	0.0934200	-0.6469400	1.4356033	-0.3333500	-0.6602100	1.1654233	-0.4005800	-0.6189500	0.9103733	-0.4089300	-0.6166700	0.8903233	-0.1525800	-0.6286700	0.8857033	-0.0274400	-0.7579100	0.4315233	-0.0398200	-1.0004100	0.1212033	-0.1000900	-0.5904500	0.8964933	-0.2763600	-0.5043900	0.4930933	-0.2280700	-0.4909000	0.0790233	-0.2024800	-0.3173100	0.0344933	-0.2058700	-0.3265700	0.0357733	-0.2061000	-0.5439200	0.0375733	-0.1986500	-0.8715200	0.0284833	-0.0794400	-0.8855200	0.0360933	-0.0803800	-1.0319500	0.1082333	-0.1078700	-0.5855960	0.9474697	0.0476861	-0.5131039	0.9744934	-0.3140964	-0.7882673	0.9799450	-0.1032457	-0.7596806	0.9903027	-0.2452179	-0.7760976	0.4462701	0.0216786	-0.7437156	0.4507275	-0.1020989	-1.0015731	0.1225455	-0.0553004	-0.9635565	0.1205826	-0.1357474	-0.8853907	0.0383684	-0.0938456	-0.9359945	0.0415021	-0.0437816	-1.0655819	0.1309155	-0.1142972	-0.4951526	0.4826027	-0.2952692	-0.5121006	0.4940313	-0.1608241	-0.4941902	0.0818942	-0.2464428	-0.4841188	0.0960012	-0.1545255	-0.3380379	0.0505015	-0.1919001	-0.5732924	0.0609734	-0.2005066	-0.3770866	0.0430145	-0.2536870	-0.6602678	1.4804527	0.0255212	-0.6510370	1.4863105	-0.3334034	-0.7597879	1.4979353	-0.1570557	-0.6356813	0.6786086	0.0526945	-0.6997795	0.5871908	0.0634130	-0.7575719	0.7184983	0.0581243	-0.4789047	0.7549881	-0.3317560	-0.4846951	0.6456817	-0.3430262	-0.5965324	0.7227863	-0.3803365	-0.8429143	0.3455668	0.0044399	-0.8848131	0.2325325	-0.0023081	-0.9419357	0.2786464	-0.0075535	-0.4917646	0.3604852	-0.2834387	-0.4560664	0.2421000	-0.2774802	-0.5311645	0.2481111	-0.2938707	-0.6772790	0.8552632	-0.0534366	-0.6336296	0.8715873	-0.2718932	-0.7214116	1.1254935	0.1282202	-0.7322077	1.1140777	0.0433778	-0.6062615	0.8909202	0.0766909	-0.6602452	0.8639995	0.0935838	-0.6630221	1.1445758	-0.4410101	-0.6987712	1.1323726	-0.3711271	-0.5730315	0.8966790	-0.3859035	-0.6282725	0.8798586	-0.4194840
308	5.1166667	-0.6561800	1.4351933	-0.1579500	-0.6504400	1.4304833	0.0206200	-0.6937200	1.1568633	0.0866400	-0.6286800	0.8939833	0.0925300	-0.6315200	1.4369433	-0.3357100	-0.6425700	1.1661233	-0.4021300	-0.6028700	0.9105333	-0.4095500	-0.5987400	0.8922833	-0.1535800	-0.6093600	0.8885033	-0.0282600	-0.7248700	0.4342233	-0.0363100	-0.9972200	0.1303733	-0.1009400	-0.5738500	0.8976533	-0.2776500	-0.4936600	0.4900433	-0.2307800	-0.4906000	0.0777033	-0.2023300	-0.3172200	0.0325133	-0.2055400	-0.3265600	0.0338033	-0.2057800	-0.5461900	0.0360133	-0.1985800	-0.8666600	0.0314733	-0.0798300	-0.8813700	0.0386633	-0.0808800	-1.0350900	0.1175433	-0.1090500	-0.5673728	0.9491746	0.0468173	-0.4961448	0.9771110	-0.3146579	-0.7709849	0.9812363	-0.1036076	-0.7428693	0.9919663	-0.2455168	-0.7505648	0.4469558	0.0253693	-0.7176445	0.4504232	-0.0981690	-0.9916974	0.1341586	-0.0541271	-0.9536087	0.1309317	-0.1347410	-0.8814620	0.0430848	-0.0943391	-0.9308956	0.0493419	-0.0435411	-1.0548971	0.1474479	-0.1126586	-0.4828886	0.4815640	-0.2965971	-0.4995841	0.4931200	-0.1633336	-0.4943031	0.0807609	-0.2478809	-0.4841275	0.0944686	-0.1564529	-0.3382194	0.0458384	-0.1939597	-0.5747650	0.0615260	-0.2019013	-0.3780415	0.0396721	-0.2552948	-0.6452681	1.4824637	0.0229184	-0.6356813	1.4874781	-0.3365011	-0.7448316	1.4994586	-0.1602623	-0.6141887	0.6822979	0.0534620	-0.6768263	0.5898305	0.0652516	-0.7372516	0.7199932	0.0583359	-0.4628289	0.7542022	-0.3328898	-0.4701606	0.6448496	-0.3439889	-0.5810104	0.7241446	-0.3805030	-0.8221784	0.3481213	0.0074743	-0.8696512	0.2373913	-0.0002510	-0.9244207	0.2865734	-0.0049056	-0.4828248	0.3589309	-0.2846672	-0.4508593	0.2395921	-0.2785368	-0.5258257	0.2479786	-0.2952355	-0.6588545	0.8568298	-0.0546231	-0.6159794	0.8737050	-0.2729041	-0.7055891	1.1280688	0.1260104	-0.7156876	1.1163548	0.0412021	-0.5903415	0.8931244	0.0761431	-0.6442781	0.8663181	0.0926930	-0.6455651	1.1455739	-0.4421974	-0.6815949	1.1336441	-0.3725620	-0.5565701	0.8973699	-0.3866717	-0.6116082	0.8807642	-0.4202911
309	5.1333333	-0.6406900	1.4365333	-0.1600900	-0.6354300	1.4320733	0.0188000	-0.6798000	1.1594933	0.0851200	-0.6116300	0.8960033	0.0918200	-0.6155100	1.4379933	-0.3380700	-0.6252200	1.1665633	-0.4040500	-0.5857600	0.9103933	-0.4102000	-0.5809900	0.8955733	-0.1543600	-0.5902200	0.8925933	-0.0287900	-0.6812400	0.4406633	-0.0316500	-0.9902700	0.1366733	-0.1015600	-0.5574100	0.9001833	-0.2787700	-0.4861400	0.4858233	-0.2330900	-0.4903200	0.0769833	-0.2020600	-0.3155000	0.0316433	-0.2054800	-0.3249200	0.0328833	-0.2057100	-0.5445400	0.0361233	-0.1984200	-0.8555800	0.0336733	-0.0806700	-0.8691000	0.0404233	-0.0815100	-1.0352700	0.1230633	-0.1094800	-0.5488382	0.9520846	0.0462735	-0.4794142	0.9810071	-0.3150787	-0.7540262	0.9838066	-0.1033585	-0.7265801	0.9949271	-0.2452753	-0.7205929	0.4480069	0.0295493	-0.6875566	0.4505618	-0.0945482	-0.9805388	0.1465316	-0.0526610	-0.9426136	0.1421037	-0.1342371	-0.8747740	0.0482912	-0.0949329	-0.9232234	0.0577573	-0.0426681	-1.0440763	0.1648223	-0.1110725	-0.4723935	0.4816255	-0.2982345	-0.4885958	0.4934435	-0.1663400	-0.4947368	0.0806330	-0.2487707	-0.4842484	0.0940600	-0.1579553	-0.3382241	0.0436191	-0.1958879	-0.5763937	0.0622099	-0.2025950	-0.3789668	0.0381902	-0.2565692	-0.6297383	1.4856687	0.0207173	-0.6202507	1.4896538	-0.3392368	-0.7295053	1.5023449	-0.1629471	-0.5900438	0.6876503	0.0547661	-0.6504786	0.5935709	0.0677779	-0.7153901	0.7222603	0.0595553	-0.4476308	0.7546283	-0.3340826	-0.4568920	0.6451549	-0.3450666	-0.5666003	0.7266864	-0.3804372	-0.7978745	0.3508441	0.0109966	-0.8517103	0.2424576	0.0021523	-0.9042364	0.2950989	-0.0015103	-0.4753073	0.3584683	-0.2860171	-0.4466076	0.2381451	-0.2794877	-0.5215113	0.2488380	-0.2963859	-0.6405638	0.8597318	-0.0555150	-0.5987836	0.8772124	-0.2737417	-0.6901113	1.1318588	0.1240297	-0.6994875	1.1198494	0.0392380	-0.5744976	0.8966881	0.0758116	-0.6283873	0.8699160	0.0919844	-0.6281455	1.1477717	-0.4432608	-0.6644928	1.1361392	-0.3738859	-0.5401467	0.8992685	-0.3872220	-0.5949828	0.8828396	-0.4209150
310	5.1500000	-0.6254000	1.4374233	-0.1619200	-0.6208500	1.4331233	0.0174600	-0.6661000	1.1613233	0.0841900	-0.5946600	0.8986433	0.0913000	-0.5994200	1.4386633	-0.3402900	-0.6080400	1.1672333	-0.4062300	-0.5679500	0.9104633	-0.4113000	-0.5640400	0.8991233	-0.1548700	-0.5721300	0.8968033	-0.0288700	-0.6323600	0.4498133	-0.0266900	-0.9744500	0.1445033	-0.1010700	-0.5415100	0.9030633	-0.2797900	-0.4801600	0.4811633	-0.2345000	-0.4911200	0.0757633	-0.2022600	-0.3135100	0.0306133	-0.2056500	-0.3230600	0.0317333	-0.2058900	-0.5424800	0.0361833	-0.1987100	-0.8422700	0.0374433	-0.0811000	-0.8534700	0.0449433	-0.0814800	-1.0249200	0.1300133	-0.1088300	-0.5308481	0.9552853	0.0460829	-0.4635711	0.9851059	-0.3154409	-0.7380393	0.9864204	-0.1025334	-0.7114034	0.9978965	-0.2445743	-0.6857240	0.4487800	0.0342835	-0.6530803	0.4505968	-0.0908895	-0.9657989	0.1586531	-0.0507156	-0.9283497	0.1531877	-0.1338322	-0.8638176	0.0534727	-0.0951870	-0.9112565	0.0660228	-0.0410349	-1.0303823	0.1817518	-0.1092617	-0.4644386	0.4816933	-0.2999390	-0.4800270	0.4938553	-0.1693293	-0.4953234	0.0802333	-0.2492951	-0.4844353	0.0934948	-0.1590150	-0.3380464	0.0425018	-0.1974186	-0.5779670	0.0617056	-0.2028226	-0.3796452	0.0370301	-0.2575271	-0.6145408	1.4886597	0.0187644	-0.6049374	1.4915102	-0.3414501	-0.7142253	1.5051729	-0.1652482	-0.5638353	0.6940652	0.0565035	-0.6208812	0.5977731	0.0708996	-0.6920968	0.7242462	0.0616706	-0.4338303	0.7550010	-0.3350911	-0.4454892	0.6454084	-0.3460858	-0.5538035	0.7293268	-0.3803016	-0.7689982	0.3530305	0.0150952	-0.8295169	0.2469822	0.0049978	-0.8798401	0.3032426	0.0027073	-0.4697572	0.3580526	-0.2874001	-0.4435681	0.2367490	-0.2803583	-0.5184464	0.2494432	-0.2974154	-0.6230252	0.8629065	-0.0559992	-0.5825380	0.8809471	-0.2743589	-0.6754800	1.1356932	0.1223726	-0.6841398	1.1234004	0.0375409	-0.5591970	0.9004800	0.0757062	-0.6130589	0.8736638	0.0914746	-0.6111473	1.1500731	-0.4442392	-0.6478593	1.1387249	-0.3751447	-0.5240816	0.9013273	-0.3875530	-0.5786858	0.8850185	-0.4213856
311	5.1666667	-0.6102700	1.4380733	-0.1634400	-0.6066100	1.4339433	0.0164800	-0.6520900	1.1628433	0.0835800	-0.5782300	0.9018733	0.0908400	-0.5832900	1.4391033	-0.3422200	-0.5910600	1.1682833	-0.4083500	-0.5501900	0.9110433	-0.4128900	-0.5479600	0.9018233	-0.1550800	-0.5556500	0.9000033	-0.0284200	-0.5848300	0.4600033	-0.0229200	-0.9465200	0.1569633	-0.0987000	-0.5256800	0.9052733	-0.2807000	-0.4745300	0.4769033	-0.2350300	-0.4921100	0.0742633	-0.2028000	-0.3130000	0.0293233	-0.2056900	-0.3227300	0.0303633	-0.2059900	-0.5411400	0.0360933	-0.1991900	-0.8279000	0.0420833	-0.0803900	-0.8368300	0.0503233	-0.0803700	-0.9991500	0.1424933	-0.1065800	-0.5138092	0.9578439	0.0461965	-0.4486980	0.9882390	-0.3157569	-0.7230183	0.9880095	-0.1014659	-0.6972295	0.9997291	-0.2437333	-0.6462580	0.4493188	0.0394495	-0.6143140	0.4505867	-0.0867633	-0.9451105	0.1702040	-0.0482626	-0.9083475	0.1639047	-0.1330013	-0.8478487	0.0584960	-0.0946719	-0.8939492	0.0738916	-0.0387663	-1.0103903	0.1978629	-0.1070297	-0.4586540	0.4808330	-0.3013238	-0.4736346	0.4933579	-0.1717515	-0.4956766	0.0787413	-0.2495142	-0.4844450	0.0919301	-0.1595781	-0.3376688	0.0414620	-0.1983875	-0.5791030	0.0593796	-0.2026864	-0.3798745	0.0351765	-0.2581561	-0.6002044	1.4903548	0.0168745	-0.5895969	1.4921150	-0.3430290	-0.6991653	1.5067498	-0.1674157	-0.5365427	0.7011056	0.0584207	-0.5887509	0.6021930	0.0743001	-0.6675157	0.7252272	0.0642158	-0.4213072	0.7541270	-0.3356307	-0.4357035	0.6445321	-0.3467698	-0.5422899	0.7310166	-0.3801295	-0.7350956	0.3547453	0.0196523	-0.8019840	0.2510032	0.0082605	-0.8499608	0.3107247	0.0074797	-0.4658075	0.3568397	-0.2885498	-0.4414065	0.2346616	-0.2809973	-0.5162066	0.2489217	-0.2982410	-0.6063205	0.8652914	-0.0560499	-0.5671275	0.8837027	-0.2747031	-0.6616254	1.1384956	0.1211034	-0.6695922	1.1259282	0.0361575	-0.5443951	0.9034421	0.0758317	-0.5982490	0.8765007	0.0911779	-0.5945347	1.1514560	-0.4451580	-0.6316480	1.1403402	-0.3763553	-0.5082754	0.9025686	-0.3877214	-0.5626189	0.8863065	-0.4217420
312	5.1833333	-0.5954700	1.4388933	-0.1647100	-0.5929900	1.4349533	0.0156100	-0.6376000	1.1646333	0.0827900	-0.5616300	0.9053333	0.0906100	-0.5672800	1.4396833	-0.3437500	-0.5749700	1.1693533	-0.4103200	-0.5329300	0.9121233	-0.4147000	-0.5323300	0.9026933	-0.1548400	-0.5403300	0.9013233	-0.0273700	-0.5412700	0.4702933	-0.0210800	-0.9085700	0.1712433	-0.0948300	-0.5096000	0.9057033	-0.2812400	-0.4685300	0.4739533	-0.2350100	-0.4922900	0.0739433	-0.2031500	-0.3141700	0.0286633	-0.2053700	-0.3240900	0.0296733	-0.2057600	-0.5399100	0.0367533	-0.1993500	-0.8094000	0.0469033	-0.0786300	-0.8173200	0.0555233	-0.0784100	-0.9605600	0.1570233	-0.1028000	-0.4974414	0.9588749	0.0466641	-0.4343494	0.9893418	-0.3159456	-0.7084396	0.9877974	-0.1002941	-0.6834784	0.9995885	-0.2428714	-0.6032094	0.4499121	0.0447359	-0.5720417	0.4508267	-0.0820654	-0.9169699	0.1803174	-0.0452484	-0.8809605	0.1734443	-0.1312495	-0.8259073	0.0630016	-0.0929848	-0.8703041	0.0808029	-0.0358960	-0.9819617	0.2119751	-0.1042131	-0.4538386	0.4784712	-0.3020084	-0.4682334	0.4913411	-0.1731884	-0.4953087	0.0759036	-0.2492355	-0.4838021	0.0890837	-0.1594724	-0.3369579	0.0399327	-0.1986926	-0.5792622	0.0553202	-0.2020142	-0.3795025	0.0322260	-0.2583078	-0.5867965	1.4901642	0.0151929	-0.5738672	1.4910709	-0.3438483	-0.6843113	1.5063567	-0.1694241	-0.5090069	0.7081331	0.0603660	-0.5550108	0.6065717	0.0776771	-0.6417504	0.7247370	0.0668621	-0.4094851	0.7512158	-0.3354386	-0.4267051	0.6418286	-0.3468184	-0.5312739	0.7309119	-0.3797230	-0.6964181	0.3561390	0.0243995	-0.7686469	0.2544471	0.0118708	-0.8142000	0.3170789	0.0124523	-0.4624523	0.3543227	-0.2891081	-0.4393776	0.2314550	-0.2811177	-0.5139823	0.2469284	-0.2985493	-0.5900458	0.8659676	-0.0555068	-0.5520507	0.8844542	-0.2745885	-0.6480568	1.1394564	0.1203825	-0.6553517	1.1266088	0.0352456	-0.5295655	0.9048183	0.0763300	-0.5833967	0.8776322	0.0912444	-0.5780585	1.1511120	-0.4459117	-0.6155665	1.1401507	-0.3773617	-0.4923470	0.9022214	-0.3876881	-0.5464441	0.8859077	-0.4218778
313	5.2000000	-0.5812700	1.4400633	-0.1657900	-0.5799500	1.4363233	0.0147800	-0.6226200	1.1669033	0.0819000	-0.5437100	0.9085933	0.0909200	-0.5519300	1.4406433	-0.3449100	-0.5602900	1.1704033	-0.4122100	-0.5158100	0.9132533	-0.4165000	-0.5172200	0.9017333	-0.1541300	-0.5254800	0.9010233	-0.0259600	-0.5013400	0.4807333	-0.0209600	-0.8656300	0.1837933	-0.0903700	-0.4941100	0.9041633	-0.2812200	-0.4621900	0.4724233	-0.2351200	-0.4924300	0.0747733	-0.2031300	-0.3155700	0.0288733	-0.2049500	-0.3256400	0.0298433	-0.2054200	-0.5388700	0.0381533	-0.1991000	-0.7826400	0.0515633	-0.0760500	-0.7901900	0.0601533	-0.0756400	-0.9162300	0.1703333	-0.0980700	-0.4816167	0.9584085	0.0474138	-0.4205828	0.9882735	-0.3160764	-0.6942478	0.9860980	-0.0990359	-0.6701569	0.9977163	-0.2419903	-0.5584842	0.4514486	0.0496033	-0.5281009	0.4522216	-0.0773230	-0.8819621	0.1883061	-0.0417473	-0.8466760	0.1811904	-0.1285591	-0.7973024	0.0668725	-0.0900183	-0.8399862	0.0864588	-0.0323935	-0.9459950	0.2229124	-0.1009527	-0.4494592	0.4749661	-0.3019637	-0.4631777	0.4881565	-0.1736576	-0.4945360	0.0723713	-0.2484599	-0.4827209	0.0855928	-0.1587794	-0.3362522	0.0381250	-0.1985029	-0.5787363	0.0505377	-0.2008369	-0.3789998	0.0286890	-0.2580298	-0.5744762	1.4884842	0.0138721	-0.5581610	1.4889821	-0.3440011	-0.6701301	1.5044270	-0.1711343	-0.4821885	0.7150893	0.0622093	-0.5209958	0.6112363	0.0807375	-0.6154874	0.7232148	0.0694675	-0.3984181	0.7465695	-0.3345857	-0.4183443	0.6376198	-0.3462415	-0.5207639	0.7291142	-0.3789586	-0.6543867	0.3578295	0.0289100	-0.7303704	0.2575861	0.0156086	-0.7738521	0.3222356	0.0172444	-0.4593607	0.3508869	-0.2890377	-0.4374165	0.2275493	-0.2807367	-0.5117576	0.2440161	-0.2982402	-0.5742570	0.8650271	-0.0543160	-0.5374800	0.8831903	-0.2739522	-0.6346826	1.1387629	0.1202799	-0.6413663	1.1256195	0.0348600	-0.5144646	0.9048791	0.0772452	-0.5682290	0.8772705	0.0917427	-0.5620012	1.1492098	-0.4465397	-0.5998445	1.1383138	-0.3781204	-0.4763658	0.9004854	-0.3875252	-0.5303082	0.8839762	-0.4218095
314	5.2166667	-0.5673600	1.4414333	-0.1666900	-0.5668000	1.4378133	0.0140500	-0.6078500	1.1694933	0.0813800	-0.5251300	0.9116333	0.0916300	-0.5372600	1.4418633	-0.3459000	-0.5462300	1.1715233	-0.4138700	-0.4981900	0.9138633	-0.4181100	-0.5028700	0.9010133	-0.1534300	-0.5108100	0.9011433	-0.0248700	-0.4647300	0.4912233	-0.0222900	-0.8221300	0.1923833	-0.0862200	-0.4800100	0.9026533	-0.2809300	-0.4571600	0.4721733	-0.2362100	-0.4934100	0.0752333	-0.2028800	-0.3160400	0.0294633	-0.2046300	-0.3262400	0.0303633	-0.2051800	-0.5384000	0.0391633	-0.1985600	-0.7470300	0.0558933	-0.0728000	-0.7541800	0.0642733	-0.0721000	-0.8712400	0.1799833	-0.0935500	-0.4661930	0.9585084	0.0479027	-0.4076670	0.9869824	-0.3167309	-0.6805570	0.9851204	-0.0979958	-0.6575223	0.9962568	-0.2413961	-0.5142883	0.4560330	0.0531376	-0.4847563	0.4569337	-0.0736733	-0.8419457	0.1947691	-0.0383341	-0.8073031	0.1878280	-0.1256269	-0.7619351	0.0711296	-0.0863027	-0.8033909	0.0917601	-0.0286779	-0.9051482	0.2308477	-0.0979167	-0.4458883	0.4723177	-0.3017860	-0.4586947	0.4858502	-0.1738098	-0.4940802	0.0700727	-0.2476796	-0.4817932	0.0834069	-0.1580759	-0.3359071	0.0375870	-0.1983321	-0.5782952	0.0471589	-0.1996768	-0.3789031	0.0263516	-0.2577568	-0.5631730	1.4874441	0.0126201	-0.5430840	1.4880192	-0.3441394	-0.6569997	1.5032232	-0.1727580	-0.4568521	0.7235109	0.0634798	-0.4880332	0.6179486	0.0828818	-0.5895934	0.7228492	0.0716286	-0.3885212	0.7422636	-0.3337635	-0.4110602	0.6339418	-0.3456651	-0.5113134	0.7276411	-0.3782322	-0.6110078	0.3616212	0.0323800	-0.6888292	0.2618588	0.0187815	-0.7311353	0.3274197	0.0211477	-0.4569572	0.3484978	-0.2889005	-0.4360151	0.2248662	-0.2804391	-0.5101673	0.2421158	-0.2977586	-0.5591458	0.8646136	-0.0529033	-0.5238618	0.8819796	-0.2732373	-0.6215966	1.1384778	0.1203370	-0.6277635	1.1250345	0.0345740	-0.4991202	0.9057013	0.0781381	-0.5527746	0.8774894	0.0922607	-0.5465960	1.1478138	-0.4474747	-0.5847079	1.1368947	-0.3790340	-0.4604573	0.8994051	-0.3876657	-0.5143863	0.8825322	-0.4219835
315	5.2333333	-0.5534700	1.4429633	-0.1674400	-0.5535700	1.4394133	0.0134100	-0.5938900	1.1721233	0.0812800	-0.5077700	0.9148833	0.0921400	-0.5227500	1.4432833	-0.3466800	-0.5316000	1.1728333	-0.4151200	-0.4802000	0.9141833	-0.4193800	-0.4882600	0.9026933	-0.1533500	-0.4952700	0.9035833	-0.0247800	-0.4313500	0.5008233	-0.0247400	-0.7810000	0.1957233	-0.0832600	-0.4663400	0.9035833	-0.2809600	-0.4545300	0.4721633	-0.2382600	-0.4942200	0.0746633	-0.2025000	-0.3163700	0.0298833	-0.2041100	-0.3266700	0.0306933	-0.2047400	-0.5374600	0.0390133	-0.1978800	-0.7049200	0.0583333	-0.0694200	-0.7118600	0.0665733	-0.0683800	-0.8280300	0.1845933	-0.0906900	-0.4499053	0.9612726	0.0475174	-0.3946577	0.9876743	-0.3185114	-0.6662621	0.9868872	-0.0974945	-0.6445820	0.9972515	-0.2414020	-0.4719702	0.4648217	0.0545833	-0.4433515	0.4661269	-0.0721289	-0.7985199	0.2000155	-0.0357440	-0.7643554	0.1936673	-0.1233676	-0.7199993	0.0759584	-0.0826654	-0.7610836	0.0969038	-0.0253956	-0.8616695	0.2360214	-0.0958724	-0.4429954	0.4721993	-0.3021084	-0.4545869	0.4861509	-0.1743498	-0.4937023	0.0703214	-0.2473736	-0.4807011	0.0838515	-0.1579159	-0.3354164	0.0392513	-0.1984893	-0.5777238	0.0466042	-0.1990238	-0.3787755	0.0262776	-0.2577651	-0.5516276	1.4889018	0.0110285	-0.5281041	1.4898960	-0.3449435	-0.6439801	1.5046520	-0.1745676	-0.4324222	0.7345271	0.0637210	-0.4563195	0.6278570	0.0835859	-0.5639074	0.7255510	0.0728818	-0.3790731	0.7400641	-0.3337217	-0.4043857	0.6325240	-0.3457651	-0.5023795	0.7285274	-0.3780603	-0.5676909	0.3685244	0.0340892	-0.6453420	0.2680336	0.0206556	-0.6877518	0.3333403	0.0234819	-0.4550533	0.3487764	-0.2892900	-0.4348964	0.2249221	-0.2808113	-0.5090641	0.2426606	-0.2975772	-0.5436288	0.8668581	-0.0518705	-0.5103135	0.8830078	-0.2730349	-0.6080146	1.1405609	0.1198778	-0.6137007	1.1268394	0.0338300	-0.4829338	0.9091304	0.0784434	-0.5364394	0.8802025	0.0922312	-0.5308601	1.1489023	-0.4490951	-0.5692159	1.1378906	-0.3805411	-0.4437721	0.9008810	-0.3885076	-0.4978096	0.8835224	-0.4228450
316	5.2500000	-0.5398600	1.4448533	-0.1680300	-0.5409800	1.4414733	0.0127500	-0.5798200	1.1744333	0.0811900	-0.4921800	0.9185633	0.0920800	-0.5082300	1.4449733	-0.3470700	-0.5163800	1.1744233	-0.4159600	-0.4625200	0.9150333	-0.4203600	-0.4716900	0.9062333	-0.1539300	-0.4774800	0.9077233	-0.0256400	-0.3999800	0.5089733	-0.0273100	-0.7420400	0.1934633	-0.0815900	-0.4510300	0.9064733	-0.2813700	-0.4536200	0.4720533	-0.2403100	-0.4934200	0.0735533	-0.2021000	-0.3177700	0.0297133	-0.2032900	-0.3280200	0.0304333	-0.2040600	-0.5344700	0.0383633	-0.1971600	-0.6592500	0.0584333	-0.0666500	-0.6663400	0.0666033	-0.0653100	-0.7858200	0.1836333	-0.0897000	-0.4311627	0.9660776	0.0462547	-0.3799385	0.9900224	-0.3213086	-0.6496389	0.9905444	-0.0973316	-0.6296008	0.9999592	-0.2417761	-0.4319667	0.4758125	0.0541863	-0.4042507	0.4777366	-0.0725956	-0.7527575	0.2024184	-0.0341272	-0.7188372	0.1969819	-0.1220584	-0.6724870	0.0793838	-0.0794943	-0.7140966	0.0999801	-0.0227654	-0.8167280	0.2370506	-0.0949207	-0.4399880	0.4736950	-0.3029410	-0.4500624	0.4881101	-0.1753302	-0.4925549	0.0718852	-0.2474573	-0.4785568	0.0856312	-0.1582393	-0.3341104	0.0416279	-0.1987211	-0.5760766	0.0477048	-0.1987524	-0.3778603	0.0270343	-0.2578033	-0.5384151	1.4921037	0.0091918	-0.5121448	1.4935685	-0.3463268	-0.6296462	1.5077492	-0.1763497	-0.4075704	0.7464908	0.0631269	-0.4252517	0.6391939	0.0830904	-0.5375830	0.7303554	0.0733311	-0.3686189	0.7390707	-0.3345132	-0.3971248	0.6324779	-0.3465631	-0.4925449	0.7312275	-0.3784373	-0.5251370	0.3766534	0.0341963	-0.6007559	0.2742504	0.0212487	-0.6445908	0.3383223	0.0243423	-0.4528515	0.3507653	-0.2901927	-0.4332251	0.2266544	-0.2818117	-0.5076095	0.2445772	-0.2976361	-0.5259671	0.8710902	-0.0513198	-0.4950807	0.8857789	-0.2733812	-0.5927947	1.1443017	0.1187981	-0.5979269	1.1303511	0.0326394	-0.4650804	0.9142874	0.0781691	-0.5183978	0.8846115	0.0916319	-0.5134952	1.1517937	-0.4511533	-0.5520774	1.1406517	-0.3824631	-0.4252489	0.9041612	-0.3898814	-0.4794572	0.8862822	-0.4242106
317	5.2666667	-0.5264800	1.4470533	-0.1683900	-0.5287100	1.4438933	0.0121000	-0.5647100	1.1766133	0.0809600	-0.4772500	0.9225533	0.0915600	-0.4939200	1.4469433	-0.3470200	-0.5011500	1.1764333	-0.4163200	-0.4457300	0.9166533	-0.4211300	-0.4532000	0.9096733	-0.1545300	-0.4580700	0.9117233	-0.0266900	-0.3695500	0.5154733	-0.0291400	-0.7022200	0.1867133	-0.0804300	-0.4335700	0.9093133	-0.2816100	-0.4521100	0.4712333	-0.2414300	-0.4923500	0.0728133	-0.2018100	-0.3198500	0.0291033	-0.2025600	-0.3299200	0.0297633	-0.2035300	-0.5313400	0.0386933	-0.1962600	-0.6117500	0.0566433	-0.0650600	-0.6189000	0.0643233	-0.0634500	-0.7419200	0.1770833	-0.0892300	-0.4102591	0.9708951	0.0447955	-0.3635496	0.9922200	-0.3242556	-0.6307307	0.9939304	-0.0968587	-0.6125262	1.0023199	-0.2418118	-0.3950154	0.4860009	0.0529840	-0.3681621	0.4886718	-0.0740765	-0.7060515	0.2001690	-0.0329545	-0.6721797	0.1958376	-0.1212378	-0.6217450	0.0794568	-0.0766133	-0.6644991	0.0990577	-0.0204765	-0.7713308	0.2323696	-0.0944493	-0.4368618	0.4749103	-0.3036349	-0.4451995	0.4897513	-0.1761068	-0.4911793	0.0728861	-0.2473524	-0.4759376	0.0867793	-0.1584425	-0.3327881	0.0428060	-0.1985101	-0.5738734	0.0486112	-0.1982521	-0.3768621	0.0267869	-0.2573740	-0.5238839	1.4951528	0.0077302	-0.4955732	1.4969008	-0.3475758	-0.6142558	1.5103811	-0.1775352	-0.3823807	0.7568927	0.0624782	-0.3951886	0.6492712	0.0822868	-0.5109853	0.7349991	0.0736885	-0.3571836	0.7373984	-0.3354292	-0.3892646	0.6319328	-0.3473753	-0.4816469	0.7338887	-0.3787311	-0.4843807	0.3832620	0.0336094	-0.5563632	0.2779961	0.0213154	-0.6026815	0.3401688	0.0245363	-0.4505259	0.3525294	-0.2909602	-0.4313728	0.2280849	-0.2827709	-0.5060338	0.2460594	-0.2973765	-0.5062183	0.8752520	-0.0507213	-0.4780614	0.8883727	-0.2736426	-0.5763346	1.1477384	0.1177366	-0.5807980	1.1336366	0.0316416	-0.4461534	0.9191038	0.0779540	-0.4992586	0.8886904	0.0910871	-0.4949929	1.1545416	-0.4528604	-0.5337259	1.1432663	-0.3840341	-0.4055581	0.9072730	-0.3911166	-0.4599580	0.8889095	-0.4253370
318	5.2833333	-0.5128100	1.4492233	-0.1685000	-0.5157000	1.4461933	0.0116600	-0.5491100	1.1787533	0.0809900	-0.4618800	0.9266733	0.0908900	-0.4797700	1.4489533	-0.3467400	-0.4859800	1.1788533	-0.4161600	-0.4300400	0.9187233	-0.4216300	-0.4349600	0.9123133	-0.1547100	-0.4393800	0.9148633	-0.0273000	-0.3403100	0.5205233	-0.0305900	-0.6585600	0.1776733	-0.0792700	-0.4159000	0.9114333	-0.2813900	-0.4477100	0.4704833	-0.2414500	-0.4938100	0.0718033	-0.2015500	-0.3219000	0.0282733	-0.2019600	-0.3317500	0.0288333	-0.2032700	-0.5322900	0.0389333	-0.1949000	-0.5627500	0.0525533	-0.0648000	-0.5696000	0.0598333	-0.0628400	-0.6951400	0.1670033	-0.0883000	-0.3895099	0.9749777	0.0436200	-0.3475501	0.9935624	-0.3267281	-0.6117483	0.9963759	-0.0958387	-0.5954693	1.0036990	-0.2412207	-0.3621949	0.4943774	0.0516065	-0.3362664	0.4978973	-0.0759387	-0.6599120	0.1935266	-0.0318972	-0.6260477	0.1904514	-0.1206261	-0.5704713	0.0764394	-0.0740965	-0.6145799	0.0944061	-0.0184794	-0.7265113	0.2224090	-0.0940401	-0.4347014	0.4753976	-0.3037377	-0.4412408	0.4906010	-0.1761598	-0.4916003	0.0730291	-0.2467674	-0.4749977	0.0869772	-0.1581373	-0.3334063	0.0426799	-0.1976993	-0.5733681	0.0489752	-0.1972477	-0.3777505	0.0254884	-0.2563950	-0.5099025	1.4974176	0.0070132	-0.4800806	1.4992549	-0.3482919	-0.5996506	1.5119932	-0.1779642	-0.3585808	0.7651632	0.0621659	-0.3675896	0.6573449	0.0816670	-0.4858931	0.7386612	0.0744005	-0.3465280	0.7347284	-0.3359530	-0.3822650	0.6305144	-0.3477320	-0.4712790	0.7358609	-0.3785673	-0.4466986	0.3875791	0.0328842	-0.5136721	0.2787967	0.0213181	-0.5631729	0.3386543	0.0245741	-0.4494151	0.3535541	-0.2911534	-0.4309912	0.2286896	-0.2832351	-0.5058816	0.2468010	-0.2965400	-0.4866237	0.8786394	-0.0497338	-0.4613356	0.8901189	-0.2733992	-0.5605979	1.1502526	0.1172008	-0.5643603	1.1360951	0.0312291	-0.4280998	0.9229548	0.0781879	-0.4810078	0.8918191	0.0910165	-0.4774613	1.1565154	-0.4538089	-0.5162162	1.1451362	-0.3848459	-0.3869171	0.9096033	-0.3918844	-0.4415210	0.8908189	-0.4258569
319	5.3000000	-0.4988400	1.4510733	-0.1684200	-0.5020100	1.4480233	0.0115700	-0.5340100	1.1808533	0.0815100	-0.4460400	0.9305633	0.0904100	-0.4656500	1.4507733	-0.3464600	-0.4708400	1.1811233	-0.4157100	-0.4151500	0.9207833	-0.4219400	-0.4186400	0.9149533	-0.1546400	-0.4227400	0.9180433	-0.0274900	-0.3129000	0.5250033	-0.0323300	-0.6110700	0.1682833	-0.0783300	-0.3999700	0.9134633	-0.2811200	-0.4404200	0.4708433	-0.2407800	-0.4975400	0.0701833	-0.2011600	-0.3240500	0.0267633	-0.2011700	-0.3336500	0.0272633	-0.2030300	-0.5370800	0.0379333	-0.1932200	-0.5121100	0.0471033	-0.0652500	-0.5180300	0.0541133	-0.0627900	-0.6472400	0.1546933	-0.0872400	-0.3706519	0.9791117	0.0425923	-0.3334952	0.9948127	-0.3288103	-0.5944507	0.9987508	-0.0946138	-0.5801157	1.0049655	-0.2403244	-0.3335192	0.5018161	0.0498686	-0.3087141	0.5063132	-0.0783365	-0.6145255	0.1843068	-0.0311355	-0.5807877	0.1826727	-0.1204207	-0.5194918	0.0721751	-0.0723369	-0.5648960	0.0879213	-0.0170842	-0.6822442	0.2090675	-0.0938320	-0.4338028	0.4760561	-0.3033587	-0.4386246	0.4915712	-0.1755418	-0.4946729	0.0733271	-0.2459192	-0.4767284	0.0872661	-0.1574432	-0.3366768	0.0423986	-0.1965723	-0.5756626	0.0497318	-0.1959963	-0.3812914	0.0243126	-0.2552168	-0.4975002	1.4995801	0.0068533	-0.4664649	1.5014137	-0.3486578	-0.5868065	1.5135212	-0.1779884	-0.3372505	0.7724484	0.0618806	-0.3430923	0.6644449	0.0809681	-0.4633524	0.7420922	0.0752573	-0.3376919	0.7322321	-0.3361753	-0.3768521	0.6292733	-0.3477508	-0.4625136	0.7378819	-0.3781563	-0.4121827	0.3906701	0.0318537	-0.4729197	0.2780048	0.0210767	-0.5260240	0.3351632	0.0243048	-0.4499366	0.3546851	-0.2908908	-0.4326650	0.2293389	-0.2832957	-0.5077368	0.2477543	-0.2953943	-0.4689226	0.8820722	-0.0485758	-0.4465311	0.8918268	-0.2728425	-0.5467450	1.1526669	0.1170690	-0.5498875	1.1385356	0.0311780	-0.4120006	0.9266856	0.0786451	-0.4647648	0.8948530	0.0912344	-0.4620898	1.1585116	-0.4542633	-0.5007427	1.1470720	-0.3851649	-0.3705831	0.9119533	-0.3924572	-0.4254051	0.8928166	-0.4260721
320	5.3166667	-0.4853000	1.4526533	-0.1682200	-0.4886200	1.4494833	0.0117300	-0.5200100	1.1829633	0.0822800	-0.4306500	0.9342933	0.0901500	-0.4520200	1.4524733	-0.3461900	-0.4560600	1.1829533	-0.4152500	-0.4001400	0.9226633	-0.4221000	-0.4038200	0.9184933	-0.1547200	-0.4076200	0.9221133	-0.0276300	-0.2883500	0.5290933	-0.0343600	-0.5604600	0.1559133	-0.0776300	-0.3855000	0.9166133	-0.2811800	-0.4322800	0.4718633	-0.2398500	-0.4987400	0.0690133	-0.2006000	-0.3253300	0.0239433	-0.2000500	-0.3344700	0.0246133	-0.2026400	-0.5391400	0.0378133	-0.1918600	-0.4577400	0.0404633	-0.0651800	-0.4623500	0.0471733	-0.0621700	-0.5993800	0.1377233	-0.0864700	-0.3533346	0.9841084	0.0413500	-0.3208925	0.9969126	-0.3308473	-0.5784978	1.0019575	-0.0935955	-0.5660619	1.0070609	-0.2395298	-0.3081558	0.5090583	0.0472809	-0.2846231	0.5146664	-0.0817321	-0.5682793	0.1732287	-0.0308736	-0.5347606	0.1732791	-0.1207735	-0.4668526	0.0676055	-0.0713498	-0.5135324	0.0805705	-0.0163343	-0.6369607	0.1928905	-0.0940844	-0.4327652	0.4777126	-0.3028694	-0.4360386	0.4934902	-0.1746140	-0.4984667	0.0745742	-0.2451584	-0.4792554	0.0884649	-0.1566818	-0.3407689	0.0426175	-0.1955303	-0.5787963	0.0516642	-0.1948416	-0.3856394	0.0240132	-0.2542372	-0.4859296	1.5023350	0.0068688	-0.4539013	1.5041270	-0.3490162	-0.5749037	1.5158168	-0.1779924	-0.3178441	0.7795986	0.0612110	-0.3210482	0.6713790	0.0797341	-0.4428818	0.7460940	0.0757706	-0.3297041	0.7310550	-0.3364282	-0.3718719	0.6292219	-0.3477827	-0.4545306	0.7407959	-0.3779156	-0.3797999	0.3933503	0.0301318	-0.4328704	0.2765654	0.0203284	-0.4899561	0.3303064	0.0233442	-0.4505292	0.3567377	-0.2905432	-0.4346456	0.2308917	-0.2832937	-0.5099211	0.2496634	-0.2943437	-0.4527404	0.8864243	-0.0476741	-0.4331910	0.8944464	-0.2723881	-0.5340925	1.1558323	0.1169141	-0.5367320	1.1417755	0.0310520	-0.3971819	0.9311345	0.0788998	-0.4498708	0.8986622	0.0913129	-0.4480751	1.1613475	-0.4546676	-0.4865547	1.1498799	-0.3854414	-0.3557465	0.9151218	-0.3932049	-0.4107782	0.8956962	-0.4264083
321	5.3333333	-0.4725000	1.4541233	-0.1679100	-0.4758200	1.4506733	0.0120300	-0.5074000	1.1848333	0.0830500	-0.4160000	0.9378533	0.0898600	-0.4392700	1.4542033	-0.3458700	-0.4419800	1.1847333	-0.4148100	-0.3845300	0.9245933	-0.4219200	-0.3891000	0.9227433	-0.1549200	-0.3928300	0.9269233	-0.0278200	-0.2677900	0.5313733	-0.0364500	-0.5074500	0.1415933	-0.0765000	-0.3709000	0.9204033	-0.2814000	-0.4249400	0.4718533	-0.2387800	-0.4937000	0.0685033	-0.2000300	-0.3237500	0.0200033	-0.1988700	-0.3322500	0.0212633	-0.2022300	-0.5324000	0.0379933	-0.1909400	-0.3974400	0.0352633	-0.0636200	-0.4012100	0.0415733	-0.0602100	-0.5480700	0.1158833	-0.0857500	-0.3363232	0.9897314	0.0399601	-0.3083092	0.9997792	-0.3327697	-0.5625735	1.0057147	-0.0926883	-0.5519093	1.0097513	-0.2387485	-0.2853690	0.5155016	0.0439450	-0.2631667	0.5223368	-0.0858933	-0.5190473	0.1600589	-0.0307598	-0.4857704	0.1620670	-0.1211701	-0.4101822	0.0630383	-0.0704294	-0.4581474	0.0726333	-0.0156489	-0.5884315	0.1733782	-0.0944562	-0.4298525	0.4800393	-0.3023270	-0.4317902	0.4960318	-0.1734265	-0.4997705	0.0763496	-0.2444647	-0.4793673	0.0901946	-0.1558127	-0.3427550	0.0429283	-0.1945362	-0.5792810	0.0542885	-0.1936804	-0.3877581	0.0242674	-0.2533954	-0.4738767	1.5053528	0.0071063	-0.4410457	1.5071227	-0.3491691	-0.5625083	1.5185917	-0.1777584	-0.2992713	0.7860780	0.0602375	-0.3005237	0.6775962	0.0780150	-0.4234042	0.7503353	0.0758517	-0.3208117	0.7310163	-0.3366505	-0.3655688	0.6301249	-0.3478131	-0.4457654	0.7443715	-0.3778762	-0.3485045	0.3952632	0.0278917	-0.3921148	0.2743751	0.0193532	-0.4534616	0.3235758	0.0218217	-0.4490632	0.3594418	-0.2901867	-0.4343326	0.2331414	-0.2832954	-0.5099019	0.2520587	-0.2934237	-0.4367078	0.8914412	-0.0470160	-0.4198314	0.8978141	-0.2720202	-0.5213968	1.1595083	0.1167008	-0.5236052	1.1455512	0.0308407	-0.3824213	0.9360624	0.0789640	-0.4350883	0.9030108	0.0912252	-0.4340102	1.1647772	-0.4550051	-0.4722981	1.1532897	-0.3856669	-0.3409274	0.9188596	-0.3939845	-0.3961231	0.8991901	-0.4267590
322	5.3500000	-0.4595600	1.4552833	-0.1674900	-0.4626300	1.4514633	0.0123900	-0.4957000	1.1859533	0.0839100	-0.4013300	0.9408333	0.0892700	-0.4266200	1.4557233	-0.3453900	-0.4284700	1.1861533	-0.4143500	-0.3691500	0.9264733	-0.4213100	-0.3738600	0.9272633	-0.1549500	-0.3773300	0.9319333	-0.0279400	-0.2509300	0.5309333	-0.0386100	-0.4535000	0.1287533	-0.0744900	-0.3559400	0.9243133	-0.2813700	-0.4186800	0.4699733	-0.2375200	-0.4851600	0.0690533	-0.1999300	-0.3198200	0.0159333	-0.1982600	-0.3278300	0.0180833	-0.2022500	-0.5202000	0.0387433	-0.1906500	-0.3300800	0.0337333	-0.0605900	-0.3340000	0.0391033	-0.0570700	-0.4937500	0.0991633	-0.0839300	-0.3191254	0.9955833	0.0387601	-0.2951198	1.0031192	-0.3342487	-0.5461485	1.0095766	-0.0914882	-0.5370752	1.0126299	-0.2375834	-0.2645174	0.5204952	0.0404192	-0.2437224	0.5285850	-0.0900937	-0.4661095	0.1460912	-0.0300100	-0.4331543	0.1502649	-0.1207293	-0.3488680	0.0595754	-0.0687475	-0.3980252	0.0653730	-0.0141736	-0.5358846	0.1521365	-0.0940470	-0.4246888	0.4825017	-0.3015524	-0.4255241	0.4986692	-0.1718748	-0.4972914	0.0783320	-0.2437747	-0.4757884	0.0921354	-0.1547774	-0.3414239	0.0430053	-0.1934407	-0.5756784	0.0572674	-0.1924244	-0.3863998	0.0248497	-0.2525196	-0.4607669	1.5081240	0.0078083	-0.4275291	1.5099699	-0.3486962	-0.5490521	1.5213135	-0.1768249	-0.2808559	0.7914762	0.0592282	-0.2808564	0.6826042	0.0761650	-0.4043013	0.7542975	0.0757715	-0.3103649	0.7315737	-0.3365661	-0.3574015	0.6314525	-0.3475924	-0.4356421	0.7481426	-0.3777406	-0.3177400	0.3963231	0.0257404	-0.3501852	0.2719673	0.0187712	-0.4157619	0.3153901	0.0204162	-0.4449298	0.3623717	-0.2897279	-0.4308533	0.2357431	-0.2832609	-0.5067809	0.2545095	-0.2925147	-0.4202200	0.8966076	-0.0463222	-0.4057684	0.9014764	-0.2714669	-0.5082260	1.1631923	0.1166672	-0.5100418	1.1493553	0.0307924	-0.3672623	0.9410233	0.0790572	-0.4199264	0.9074130	0.0911861	-0.4194623	1.1683225	-0.4550084	-0.4575595	1.1568148	-0.3855915	-0.3256940	0.9226892	-0.3944498	-0.3809937	0.9028070	-0.4267860
323	5.3666667	-0.4454300	1.4557733	-0.1669100	-0.4479200	1.4516533	0.0128200	-0.4838100	1.1860533	0.0850000	-0.3858100	0.9427133	0.0885300	-0.4131200	1.4564933	-0.3447300	-0.4150900	1.1865533	-0.4138800	-0.3552100	0.9279933	-0.4203800	-0.3581300	0.9316533	-0.1546600	-0.3606000	0.9364233	-0.0279500	-0.2359700	0.5279533	-0.0409500	-0.4004600	0.1177833	-0.0719200	-0.3412800	0.9285833	-0.2808600	-0.4131900	0.4675333	-0.2362600	-0.4774000	0.0703333	-0.2002200	-0.3168100	0.0124133	-0.1990300	-0.3246400	0.0156433	-0.2033100	-0.5071200	0.0397133	-0.1905700	-0.2594300	0.0352433	-0.0565300	-0.2644700	0.0391733	-0.0533000	-0.4388400	0.0856733	-0.0816900	-0.3016822	1.0012427	0.0379587	-0.2814686	1.0066454	-0.3351469	-0.5292282	1.0131621	-0.0896597	-0.5216430	1.0153632	-0.2357247	-0.2455489	0.5234450	0.0368690	-0.2261763	0.5327716	-0.0939945	-0.4105586	0.1325565	-0.0283851	-0.3780347	0.1390289	-0.1191150	-0.2843019	0.0580241	-0.0659989	-0.3344979	0.0597670	-0.0116456	-0.4803726	0.1308546	-0.0924968	-0.4179807	0.4846806	-0.3005235	-0.4178313	0.5009873	-0.1701412	-0.4919472	0.0803269	-0.2431931	-0.4693702	0.0940467	-0.1538196	-0.3375501	0.0427084	-0.1926277	-0.5688784	0.0603447	-0.1911363	-0.3824605	0.0256269	-0.2518055	-0.4466879	1.5103402	0.0089315	-0.4137630	1.5123282	-0.3475518	-0.5347494	1.5235354	-0.1750994	-0.2624921	0.7953796	0.0582362	-0.2619729	0.6859221	0.0742533	-0.3855871	0.7574955	0.0755920	-0.2987970	0.7322524	-0.3361848	-0.3479333	0.6327574	-0.3470782	-0.4245295	0.7517439	-0.3772422	-0.2878737	0.3963919	0.0238166	-0.3079454	0.2696850	0.0186792	-0.3773222	0.3062311	0.0193513	-0.4389278	0.3651363	-0.2891800	-0.4251324	0.2383192	-0.2832749	-0.5013576	0.2567877	-0.2915685	-0.4032397	0.9014671	-0.0454229	-0.3910892	0.9050552	-0.2706004	-0.4945633	1.1664351	0.1169373	-0.4960485	1.1527305	0.0310444	-0.3516898	0.9456223	0.0792289	-0.4043451	0.9114324	0.0912918	-0.4046761	1.1715457	-0.4545691	-0.4425658	1.1600347	-0.3851248	-0.3104108	0.9261411	-0.3945038	-0.3657734	0.9060920	-0.4263776
324	5.3833333	-0.4303400	1.4555433	-0.1661900	-0.4320400	1.4512533	0.0133900	-0.4711100	1.1851333	0.0862200	-0.3689700	0.9433633	0.0881600	-0.3988700	1.4564333	-0.3439500	-0.4017500	1.1858033	-0.4135200	-0.3424400	0.9288133	-0.4190900	-0.3425400	0.9346633	-0.1539600	-0.3437300	0.9394033	-0.0278000	-0.2217200	0.5237133	-0.0434900	-0.3477400	0.1092733	-0.0691600	-0.3270800	0.9313333	-0.2797300	-0.4079800	0.4653733	-0.2353200	-0.4717400	0.0720833	-0.2004800	-0.3154500	0.0108333	-0.2017400	-0.3233100	0.0150733	-0.2058500	-0.4953900	0.0420033	-0.1903200	-0.1932800	0.0373633	-0.0515200	-0.1997100	0.0398433	-0.0489700	-0.3854700	0.0758533	-0.0793000	-0.2846024	1.0054965	0.0376662	-0.2680721	1.0091805	-0.3353726	-0.5123940	1.0152596	-0.0871176	-0.5062410	1.0167601	-0.2330926	-0.2287637	0.5234030	0.0334106	-0.2106610	0.5338661	-0.0973431	-0.3553140	0.1200650	-0.0259303	-0.3232798	0.1288049	-0.1163000	-0.2204886	0.0578616	-0.0621987	-0.2714367	0.0556763	-0.0081606	-0.4245652	0.1109545	-0.0897817	-0.4106711	0.4854887	-0.2993501	-0.4094493	0.5018762	-0.1685573	-0.4854984	0.0815837	-0.2428514	-0.4617987	0.0951154	-0.1532239	-0.3327787	0.0414922	-0.1925564	-0.5606828	0.0627179	-0.1898967	-0.3777369	0.0259769	-0.2515367	-0.4322582	1.5110953	0.0103142	-0.4004075	1.5131391	-0.3458553	-0.5202660	1.5241067	-0.1727745	-0.2447816	0.7967715	0.0573476	-0.2443831	0.6865758	0.0723511	-0.3678492	0.7588043	0.0753049	-0.2871344	0.7319196	-0.3355840	-0.3382000	0.6329277	-0.3463164	-0.4132835	0.7539904	-0.3761867	-0.2600029	0.3947960	0.0221524	-0.2674625	0.2671204	0.0190311	-0.3397649	0.2962193	0.0186740	-0.4322361	0.3666631	-0.2886345	-0.4187038	0.2398415	-0.2834414	-0.4949667	0.2580585	-0.2906042	-0.3863483	0.9047412	-0.0442281	-0.3764390	0.9072912	-0.2693391	-0.4807675	1.1680636	0.1176278	-0.4820492	1.1544779	0.0316965	-0.3360526	0.9487416	0.0795250	-0.3886842	0.9139302	0.0916354	-0.3903127	1.1732287	-0.4536981	-0.4279545	1.1617559	-0.3842634	-0.2957946	0.9280074	-0.3941350	-0.3511899	0.9078368	-0.4255058
325	5.4000000	-0.4154800	1.4548133	-0.1653900	-0.4164600	1.4504333	0.0141200	-0.4578700	1.1836733	0.0874800	-0.3515200	0.9428733	0.0885800	-0.3847600	1.4557733	-0.3431700	-0.3886400	1.1847033	-0.4134000	-0.3290700	0.9287933	-0.4174600	-0.3279000	0.9340633	-0.1527400	-0.3282900	0.9387233	-0.0271900	-0.2085700	0.5198833	-0.0461500	-0.2935000	0.1048033	-0.0665500	-0.3134000	0.9309333	-0.2779900	-0.4019100	0.4635133	-0.2350000	-0.4673800	0.0742533	-0.2005800	-0.3116500	0.0133533	-0.2058700	-0.3198700	0.0182133	-0.2094400	-0.4869100	0.0444333	-0.1900000	-0.1352800	0.0396333	-0.0455900	-0.1427400	0.0410533	-0.0440000	-0.3315400	0.0691133	-0.0771400	-0.2688556	1.0060417	0.0380730	-0.2555279	1.0085485	-0.3347572	-0.4965313	1.0137004	-0.0840682	-0.4916159	1.0147097	-0.2299074	-0.2140680	0.5191474	0.0303887	-0.1968610	0.5306332	-0.0997517	-0.3023868	0.1081298	-0.0228798	-0.2707882	0.1190195	-0.1124250	-0.1607214	0.0579138	-0.0573997	-0.2119914	0.0520811	-0.0039617	-0.3700657	0.0924720	-0.0862077	-0.4034023	0.4830405	-0.2981706	-0.4009463	0.4994603	-0.1673030	-0.4792085	0.0805353	-0.2426717	-0.4543685	0.0937656	-0.1529935	-0.3279469	0.0387599	-0.1933031	-0.5526084	0.0624175	-0.1886517	-0.3732195	0.0249498	-0.2517720	-0.4184235	1.5087111	0.0117992	-0.3878744	1.5105928	-0.3437838	-0.5063723	1.5211643	-0.1702628	-0.2286650	0.7940379	0.0569061	-0.2286556	0.6831061	0.0707843	-0.3517755	0.7562787	0.0749754	-0.2762531	0.7286174	-0.3347464	-0.3289953	0.6300229	-0.3453415	-0.4025955	0.7527595	-0.3745667	-0.2346164	0.3903116	0.0208927	-0.2299999	0.2630490	0.0198431	-0.3040783	0.2847389	0.0183617	-0.4256546	0.3650549	-0.2880988	-0.4126246	0.2384674	-0.2836650	-0.4885404	0.2566524	-0.2896065	-0.3704804	0.9041749	-0.0426679	-0.3625243	0.9060047	-0.2676272	-0.4674046	1.1661550	0.1189143	-0.4686683	1.1526370	0.0328640	-0.3208631	0.9485068	0.0801218	-0.3734614	0.9130288	0.0923740	-0.3769734	1.1713641	-0.4524854	-0.4143456	1.1599586	-0.3830434	-0.2822436	0.9263978	-0.3932686	-0.3376264	0.9060798	-0.4241090
326	5.4166667	-0.4013600	1.4539033	-0.1645900	-0.4016000	1.4493933	0.0148800	-0.4443100	1.1819933	0.0887100	-0.3354700	0.9414533	0.0896200	-0.3714100	1.4549833	-0.3424200	-0.3756000	1.1842433	-0.4133600	-0.3139100	0.9280033	-0.4156000	-0.3139700	0.9298933	-0.1512400	-0.3138200	0.9342733	-0.0260500	-0.1970900	0.5172533	-0.0486900	-0.2383000	0.1027333	-0.0642200	-0.3001200	0.9271033	-0.2761800	-0.3939400	0.4622133	-0.2352100	-0.4641300	0.0763633	-0.2004800	-0.3043500	0.0199133	-0.2100100	-0.3133500	0.0247533	-0.2128600	-0.4842700	0.0461033	-0.1902400	-0.0820800	0.0469933	-0.0398700	-0.0901400	0.0477833	-0.0392000	-0.2768700	0.0642233	-0.0751100	-0.2541621	1.0027906	0.0390386	-0.2434248	1.0047634	-0.3336240	-0.4815239	1.0086420	-0.0809368	-0.4775971	1.0094128	-0.2266699	-0.2004982	0.5116381	0.0276818	-0.1837966	0.5241040	-0.1014563	-0.2514101	0.0977355	-0.0198813	-0.2201779	0.1106918	-0.1081877	-0.1049020	0.0597107	-0.0522728	-0.1560577	0.0502530	0.0002542	-0.3164359	0.0761649	-0.0825420	-0.3958906	0.4777327	-0.2972513	-0.3921736	0.4941840	-0.1665385	-0.4732752	0.0777436	-0.2427138	-0.4474272	0.0905946	-0.1531765	-0.3226638	0.0359789	-0.1947191	-0.5452535	0.0595867	-0.1876395	-0.3685906	0.0235770	-0.2524883	-0.4051647	1.5036103	0.0132217	-0.3757393	1.5051115	-0.3417491	-0.4930255	1.5151429	-0.1680140	-0.2139297	0.7877488	0.0568586	-0.2142816	0.6762131	0.0694983	-0.3369019	0.7501820	0.0744924	-0.2658552	0.7225323	-0.3339054	-0.3199974	0.6242988	-0.3444199	-0.3921005	0.7482131	-0.3727731	-0.2108718	0.3838067	0.0197556	-0.1949020	0.2582457	0.0207048	-0.2696228	0.2728274	0.0180264	-0.4189970	0.3606783	-0.2877000	-0.4068412	0.2345611	-0.2839738	-0.4820404	0.2531031	-0.2887418	-0.3554883	0.8998231	-0.0409383	-0.3491148	0.9013111	-0.2657756	-0.4542805	1.1610470	0.1205695	-0.4556931	1.1475441	0.0343089	-0.3059613	0.9451805	0.0809171	-0.3585355	0.9090257	0.0933163	-0.3642146	1.1662832	-0.4513114	-0.4013670	1.1549116	-0.3817944	-0.2690323	0.9217596	-0.3921048	-0.3243534	0.9011686	-0.4224339
327	5.4333333	-0.3874300	1.4528633	-0.1636100	-0.3868400	1.4480633	0.0157200	-0.4296700	1.1801333	0.0897500	-0.3216000	0.9391733	0.0907700	-0.3583600	1.4542233	-0.3414000	-0.3620800	1.1841233	-0.4130100	-0.2976500	0.9268533	-0.4136500	-0.3000200	0.9254133	-0.1500100	-0.2989200	0.9296633	-0.0248500	-0.1866300	0.5159533	-0.0507200	-0.1861500	0.1027033	-0.0614700	-0.2871500	0.9228033	-0.2750000	-0.3851200	0.4612833	-0.2353500	-0.4630000	0.0782633	-0.2003600	-0.2992700	0.0268433	-0.2135800	-0.3092400	0.0313433	-0.2156500	-0.4868200	0.0480833	-0.1916900	-0.0277400	0.0629033	-0.0361300	-0.0365300	0.0630333	-0.0360900	-0.2251500	0.0612033	-0.0721800	-0.2394553	0.9990453	0.0400193	-0.2311177	1.0008974	-0.3327754	-0.4666891	1.0034916	-0.0781476	-0.4636559	1.0041811	-0.2239011	-0.1870133	0.5044999	0.0248857	-0.1706892	0.5179102	-0.1032004	-0.2019507	0.0918644	-0.0173589	-0.1711223	0.1068079	-0.1043550	-0.0515773	0.0668652	-0.0477923	-0.1023801	0.0535432	0.0038448	-0.2638893	0.0645293	-0.0792748	-0.3878045	0.4728639	-0.2968869	-0.3829872	0.4893150	-0.1664771	-0.4679924	0.0764173	-0.2433263	-0.4414430	0.0887881	-0.1540671	-0.3172047	0.0360189	-0.1968837	-0.5391685	0.0575173	-0.1874158	-0.3639793	0.0246634	-0.2538398	-0.3917681	1.4989210	0.0144887	-0.3634780	1.4999404	-0.3403128	-0.4797789	1.5093675	-0.1662713	-0.1994711	0.7814440	0.0566632	-0.2001329	0.6694535	0.0680827	-0.3221699	0.7439421	0.0737726	-0.2552981	0.7167384	-0.3334855	-0.3106502	0.6189226	-0.3439447	-0.3812112	0.7436554	-0.3713530	-0.1878110	0.3787278	0.0183952	-0.1612421	0.2559721	0.0212061	-0.2357840	0.2637357	0.0174450	-0.4120351	0.3567953	-0.2877177	-0.4012462	0.2313119	-0.2846422	-0.4754766	0.2507197	-0.2883682	-0.3405788	0.8950561	-0.0394494	-0.3356713	0.8964410	-0.2643538	-0.4407816	1.1559730	0.1220298	-0.4424507	1.1424749	0.0355395	-0.2909306	0.9417488	0.0814935	-0.3435249	0.9049947	0.0939965	-0.3512082	1.1612920	-0.4506383	-0.3882620	1.1498818	-0.3809721	-0.2552747	0.9174193	-0.3910920	-0.3105009	0.8963955	-0.4209880
328	5.4500000	-0.3731900	1.4514833	-0.1622200	-0.3719900	1.4462833	0.0168900	-0.4132900	1.1777433	0.0906100	-0.3083400	0.9361233	0.0917900	-0.3448100	1.4532533	-0.3398700	-0.3477900	1.1831733	-0.4121400	-0.2814900	0.9257133	-0.4117200	-0.2861100	0.9231933	-0.1491300	-0.2836700	0.9274733	-0.0239000	-0.1758700	0.5152233	-0.0518400	-0.1390300	0.1039033	-0.0581000	-0.2745600	0.9205033	-0.2743000	-0.3778400	0.4595733	-0.2350900	-0.4628200	0.0763533	-0.2000700	-0.2995200	0.0311133	-0.2165300	-0.3103500	0.0352533	-0.2178500	-0.4904800	0.0469233	-0.1938300	0.0287200	0.0850533	-0.0346500	0.0185300	0.0840633	-0.0349000	-0.1775900	0.0573233	-0.0678400	-0.2245612	0.9975298	0.0408147	-0.2187587	0.9991996	-0.3324758	-0.4520474	1.0008558	-0.0757369	-0.4499331	1.0014250	-0.2216625	-0.1735965	0.5002070	0.0222046	-0.1578520	0.5144746	-0.1051881	-0.1547784	0.0915455	-0.0150924	-0.1245059	0.1083480	-0.1010959	-0.0004417	0.0805861	-0.0444067	-0.0508428	0.0630048	0.0067473	-0.2139694	0.0581916	-0.0762227	-0.3798575	0.4706526	-0.2967996	-0.3742511	0.4870107	-0.1667261	-0.4642273	0.0780079	-0.2444188	-0.4373979	0.0897848	-0.1554621	-0.3129565	0.0396400	-0.1995962	-0.5352034	0.0578442	-0.1879184	-0.3604869	0.0290546	-0.2556705	-0.3781130	1.4968000	0.0158745	-0.3511352	1.4973976	-0.3394598	-0.4666596	1.5062772	-0.1647713	-0.1848940	0.7777670	0.0561986	-0.1859001	0.6654096	0.0666180	-0.3073812	0.7402504	0.0732653	-0.2447202	0.7133483	-0.3333678	-0.3012852	0.6160636	-0.3437584	-0.3702361	0.7415613	-0.3703340	-0.1655405	0.3771464	0.0171016	-0.1291654	0.2578804	0.0215754	-0.2031153	0.2591202	0.0170287	-0.4054642	0.3554744	-0.2879453	-0.3964878	0.2305962	-0.2855228	-0.4696691	0.2512837	-0.2883696	-0.3257473	0.8926230	-0.0381939	-0.3223894	0.8938553	-0.2633912	-0.4268367	1.1532111	0.1232348	-0.4288509	1.1397456	0.0365578	-0.2758927	0.9402248	0.0818217	-0.3285955	0.9030478	0.0944351	-0.3378982	1.1587257	-0.4503482	-0.3749788	1.1472282	-0.3804655	-0.2410467	0.9156617	-0.3902293	-0.2961529	0.8940926	-0.4198162
329	5.4666667	-0.3587200	1.4496833	-0.1605300	-0.3571000	1.4442733	0.0183400	-0.3960500	1.1748233	0.0916000	-0.2941800	0.9324933	0.0928000	-0.3308400	1.4516733	-0.3380200	-0.3327600	1.1809933	-0.4107400	-0.2657000	0.9246033	-0.4099400	-0.2723500	0.9211733	-0.1481600	-0.2688700	0.9255633	-0.0230300	-0.1644400	0.5137033	-0.0521700	-0.0965100	0.1059633	-0.0547600	-0.2618900	0.9184033	-0.2733300	-0.3732300	0.4558933	-0.2347700	-0.4642600	0.0711933	-0.1994600	-0.3014300	0.0324933	-0.2178200	-0.3132200	0.0364133	-0.2185900	-0.4959800	0.0430333	-0.1959300	0.0800400	0.1064133	-0.0336100	0.0687100	0.1042633	-0.0339900	-0.1344100	0.0554233	-0.0628300	-0.2096745	0.9963782	0.0417300	-0.2064772	0.9974819	-0.3323219	-0.4376974	0.9986662	-0.0734096	-0.4365106	0.9989642	-0.2196259	-0.1601336	0.4966638	0.0204426	-0.1453622	0.5115675	-0.1067523	-0.1111958	0.0934777	-0.0125411	-0.0817226	0.1118657	-0.0980202	0.0471732	0.0965140	-0.0419023	-0.0027677	0.0746193	0.0093087	-0.1683380	0.0541582	-0.0728395	-0.3727595	0.4688026	-0.2964781	-0.3667009	0.4849602	-0.1666329	-0.4628252	0.0796754	-0.2453929	-0.4361233	0.0907510	-0.1566323	-0.3110092	0.0434740	-0.2019332	-0.5341967	0.0579744	-0.1885080	-0.3591175	0.0333314	-0.2572323	-0.3642376	1.4951393	0.0178694	-0.3385953	1.4953767	-0.3385749	-0.4535918	1.5037491	-0.1629873	-0.1701018	0.7748932	0.0558824	-0.1714470	0.6621787	0.0656980	-0.2924391	0.7371515	0.0736793	-0.2343238	0.7099352	-0.3330216	-0.2923041	0.6133513	-0.3433678	-0.3594638	0.7397717	-0.3693308	-0.1442456	0.3765338	0.0166306	-0.0991606	0.2610099	0.0224433	-0.1723466	0.2563197	0.0175341	-0.4000371	0.3543401	-0.2879042	-0.3933019	0.2299015	-0.2861132	-0.4654401	0.2521681	-0.2882466	-0.3111007	0.8905389	-0.0367303	-0.3093335	0.8913779	-0.2623866	-0.4124480	1.1506107	0.1246628	-0.4149058	1.1371889	0.0378288	-0.2608708	0.9383792	0.0823251	-0.3137795	0.9009742	0.0951165	-0.3243547	1.1563993	-0.4499159	-0.3615290	1.1448007	-0.3797500	-0.2264687	0.9142670	-0.3890803	-0.2814099	0.8921018	-0.4184899
330	5.4833333	-0.3441900	1.4476433	-0.1588000	-0.3420000	1.4424333	0.0199100	-0.3792300	1.1718933	0.0927900	-0.2794200	0.9284933	0.0939100	-0.3169700	1.4494533	-0.3362200	-0.3170800	1.1782333	-0.4088600	-0.2502900	0.9232133	-0.4082200	-0.2587000	0.9168133	-0.1469300	-0.2548600	0.9210533	-0.0220800	-0.1523900	0.5106433	-0.0523400	-0.0584800	0.1095933	-0.0521400	-0.2486900	0.9142033	-0.2718700	-0.3701700	0.4504033	-0.2347000	-0.4662300	0.0629233	-0.1980700	-0.3009300	0.0297733	-0.2164300	-0.3136300	0.0336733	-0.2169100	-0.5012000	0.0356233	-0.1967200	0.1209300	0.1214333	-0.0318200	0.1090700	0.1185433	-0.0323400	-0.0941900	0.0564633	-0.0586200	-0.1949894	0.9931290	0.0428283	-0.1940901	0.9931271	-0.3319349	-0.4235781	0.9944356	-0.0712618	-0.4231971	0.9942642	-0.2177661	-0.1466015	0.4914554	0.0197388	-0.1330282	0.5067250	-0.1075629	-0.0725017	0.0942765	-0.0096970	-0.0439549	0.1138779	-0.0949352	0.0893031	0.1096118	-0.0399736	0.0398803	0.0839231	0.0115971	-0.1281283	0.0497983	-0.0690599	-0.3666305	0.4646186	-0.2958411	-0.3604339	0.4805537	-0.1660308	-0.4632372	0.0784059	-0.2457851	-0.4369812	0.0887812	-0.1570281	-0.3107312	0.0443417	-0.2029985	-0.5355227	0.0551049	-0.1886948	-0.3592476	0.0341897	-0.2578193	-0.3500110	1.4915264	0.0203728	-0.3255299	1.4914559	-0.3374228	-0.4403049	1.4993463	-0.1609518	-0.1553560	0.7704053	0.0559005	-0.1569466	0.6573659	0.0654383	-0.2774527	0.7322117	0.0748704	-0.2240671	0.7038369	-0.3322654	-0.2837252	0.6080904	-0.3426521	-0.3488309	0.7356080	-0.3682489	-0.1241968	0.3741020	0.0170217	-0.0718915	0.2621609	0.0238418	-0.1442160	0.2525130	0.0189125	-0.3957066	0.3506758	-0.2874480	-0.3913855	0.2264982	-0.2861248	-0.4626107	0.2503933	-0.2877729	-0.2966892	0.8863076	-0.0350197	-0.2963240	0.8864234	-0.2611065	-0.3976763	1.1458065	0.1264904	-0.4006646	1.1324088	0.0394908	-0.2458293	0.9339386	0.0831645	-0.2989971	0.8964407	0.0962067	-0.3105960	1.1518899	-0.4491589	-0.3478805	1.1401868	-0.3786671	-0.2115548	0.9107864	-0.3875223	-0.2662806	0.8880153	-0.4168517
331	5.5000000	-0.3295900	1.4455233	-0.1570400	-0.3266300	1.4406733	0.0216000	-0.3627600	1.1690833	0.0940900	-0.2650800	0.9242133	0.0953000	-0.3031600	1.4469833	-0.3345200	-0.3011300	1.1753833	-0.4066600	-0.2354500	0.9211633	-0.4062600	-0.2455500	0.9105733	-0.1456600	-0.2417800	0.9144433	-0.0210400	-0.1398800	0.5075533	-0.0528600	-0.0258800	0.1131833	-0.0505800	-0.2355500	0.9083633	-0.2703700	-0.3667600	0.4441233	-0.2346000	-0.4669300	0.0539733	-0.1963900	-0.2999700	0.0240733	-0.2135900	-0.3126900	0.0290833	-0.2140800	-0.5027500	0.0292233	-0.1964200	0.1515200	0.1290133	-0.0299200	0.1396200	0.1260133	-0.0306000	-0.0598300	0.0596833	-0.0562500	-0.1810647	0.9882249	0.0438727	-0.1818362	0.9866524	-0.3313199	-0.4100741	0.9886864	-0.0696510	-0.4102623	0.9878794	-0.2163459	-0.1332668	0.4851213	0.0196913	-0.1209383	0.5005682	-0.1078758	-0.0399304	0.0937434	-0.0072164	-0.0123154	0.1141853	-0.0923462	0.1241906	0.1183446	-0.0387860	0.0753184	0.0898940	0.0131953	-0.0944035	0.0456382	-0.0656050	-0.3613389	0.4585722	-0.2951151	-0.3552618	0.4742616	-0.1651839	-0.4645375	0.0747094	-0.2454296	-0.4389462	0.0844371	-0.1565540	-0.3113635	0.0424884	-0.2026499	-0.5380340	0.0500489	-0.1882635	-0.3600895	0.0320022	-0.2572404	-0.3358299	1.4865194	0.0228301	-0.3122063	1.4862013	-0.3361421	-0.4270149	1.4936086	-0.1590804	-0.1412539	0.7646847	0.0560508	-0.1428953	0.6514019	0.0655245	-0.2629266	0.7258567	0.0763036	-0.2141582	0.6957043	-0.3313566	-0.2756182	0.6008564	-0.3418524	-0.3385202	0.7295104	-0.3672535	-0.1058860	0.3701274	0.0177401	-0.0481300	0.2612596	0.0251938	-0.1195693	0.2479393	0.0204897	-0.3921411	0.3450057	-0.2866830	-0.3901498	0.2209885	-0.2855523	-0.4606386	0.2463850	-0.2869503	-0.2829928	0.8803542	-0.0334032	-0.2836476	0.8794687	-0.2597500	-0.3829701	1.1394200	0.1285051	-0.3865693	1.1260213	0.0413169	-0.2311644	0.9276100	0.0841617	-0.2846058	0.8901063	0.0975085	-0.2970082	1.1457893	-0.4482620	-0.3344117	1.1339860	-0.3774402	-0.1967660	0.9057712	-0.3858086	-0.2512527	0.8824108	-0.4151116
332	5.5166667	-0.3147700	1.4433033	-0.1551400	-0.3114100	1.4386933	0.0233800	-0.3457000	1.1660933	0.0956000	-0.2516700	0.9195433	0.0970400	-0.2888100	1.4445433	-0.3325800	-0.2853700	1.1725233	-0.4043200	-0.2212000	0.9186433	-0.4039700	-0.2330700	0.9048033	-0.1445400	-0.2292400	0.9085233	-0.0198200	-0.1268000	0.5053333	-0.0535900	-0.0004500	0.1143733	-0.0503100	-0.2231600	0.9027833	-0.2693600	-0.3616800	0.4382333	-0.2341200	-0.4666700	0.0454233	-0.1951500	-0.3014300	0.0153333	-0.2113400	-0.3120500	0.0223433	-0.2119500	-0.5003000	0.0236433	-0.1957100	0.1742500	0.1311933	-0.0286600	0.1625000	0.1282633	-0.0294700	-0.0343300	0.0601433	-0.0558500	-0.1680259	0.9839634	0.0446912	-0.1698533	0.9803310	-0.3306012	-0.3972684	0.9838120	-0.0687426	-0.3977956	0.9821878	-0.2155039	-0.1202735	0.4799077	0.0197779	-0.1091469	0.4954354	-0.1082072	-0.0143064	0.0930742	-0.0057204	0.0124608	0.1140185	-0.0908834	0.1511344	0.1233618	-0.0385682	0.1027042	0.0933672	0.0137412	-0.0680292	0.0430566	-0.0632506	-0.3564417	0.4529007	-0.2944384	-0.3506920	0.4682419	-0.1643271	-0.4658343	0.0708628	-0.2446119	-0.4410423	0.0799768	-0.1555970	-0.3124540	0.0395904	-0.2014477	-0.5405024	0.0454147	-0.1874940	-0.3610597	0.0287586	-0.2559062	-0.3218041	1.4822335	0.0248607	-0.2987870	1.4819028	-0.3348251	-0.4137609	1.4888241	-0.1575927	-0.1279488	0.7598679	0.0560989	-0.1294579	0.6464457	0.0656072	-0.2490933	0.7203977	0.0776195	-0.2046350	0.6880214	-0.3305618	-0.2678237	0.5940472	-0.3411668	-0.3285393	0.7238336	-0.3664123	-0.0896290	0.3665717	0.0182271	-0.0283536	0.2598922	0.0259342	-0.0989929	0.2442967	0.0216251	-0.3888051	0.3396025	-0.2857955	-0.3889395	0.2157055	-0.2846654	-0.4588338	0.2423840	-0.2859629	-0.2701907	0.8750615	-0.0321039	-0.2714938	0.8728882	-0.2585106	-0.3684265	1.1337452	0.1305004	-0.3727201	1.1203360	0.0431336	-0.2170461	0.9216496	0.0851610	-0.2707857	0.8842520	0.0988609	-0.2836964	1.1404116	-0.4473360	-0.3212386	1.1285287	-0.3762106	-0.1823611	0.9014560	-0.3841238	-0.2366140	0.8775590	-0.4134402
333	5.5333333	-0.3000400	1.4409033	-0.1530100	-0.2973200	1.4363033	0.0251700	-0.3279600	1.1628833	0.0974300	-0.2387600	0.9145433	0.0988800	-0.2736300	1.4421733	-0.3300800	-0.2702700	1.1695933	-0.4019300	-0.2073900	0.9160233	-0.4015500	-0.2203300	0.9012033	-0.1436000	-0.2160400	0.9052033	-0.0185000	-0.1123100	0.5040033	-0.0541100	0.0158600	0.1116933	-0.0515300	-0.2108200	0.8989833	-0.2688600	-0.3538100	0.4344333	-0.2334500	-0.4673800	0.0395533	-0.1947300	-0.3041900	0.0096933	-0.2115400	-0.3124500	0.0179233	-0.2120600	-0.4991000	0.0203133	-0.1953200	0.1928900	0.1301333	-0.0284700	0.1811400	0.1272233	-0.0293600	-0.0199500	0.0558633	-0.0569800	-0.1548813	0.9820225	0.0453313	-0.1572980	0.9758512	-0.3299059	-0.3842440	0.9814154	-0.0684344	-0.3849397	0.9787974	-0.2151986	-0.1065509	0.4773431	0.0199063	-0.0967595	0.4928309	-0.1088625	0.0047254	0.0927298	-0.0053517	0.0306275	0.1138099	-0.0909223	0.1711602	0.1253848	-0.0393837	0.1229205	0.0950050	0.0132988	-0.0490935	0.0421425	-0.0623977	-0.3506443	0.4491907	-0.2938626	-0.3452965	0.4639418	-0.1635448	-0.4665176	0.0687887	-0.2438682	-0.4425464	0.0772115	-0.1547316	-0.3135706	0.0373032	-0.2004398	-0.5422035	0.0432125	-0.1868744	-0.3617517	0.0263785	-0.2547490	-0.3074163	1.4800138	0.0264791	-0.2846981	1.4801542	-0.3333844	-0.3999114	1.4864569	-0.1563780	-0.1141504	0.7575586	0.0559920	-0.1154126	0.6440691	0.0656721	-0.2348655	0.7175164	0.0790202	-0.1945141	0.6825305	-0.3300832	-0.2592657	0.5893695	-0.3407262	-0.3179721	0.7203356	-0.3657082	-0.0745108	0.3646653	0.0184422	-0.0117384	0.2589491	0.0259907	-0.0818761	0.2425530	0.0222774	-0.3846403	0.3361130	-0.2849848	-0.3869439	0.2123403	-0.2838526	-0.4562748	0.2402427	-0.2851079	-0.2573062	0.8721239	-0.0310893	-0.2589736	0.8683875	-0.2574646	-0.3532244	1.1302593	0.1323504	-0.3582456	1.1168443	0.0448865	-0.2027413	0.9174602	0.0861085	-0.2568176	0.8803229	0.1002035	-0.2698829	1.1372919	-0.4462949	-0.3075769	1.1253571	-0.3749164	-0.1677089	0.8992417	-0.3824616	-0.2217425	0.8749155	-0.4118323
334	5.5500000	-0.2858600	1.4384333	-0.1504800	-0.2845900	1.4337033	0.0272900	-0.3106100	1.1596533	0.0994800	-0.2253900	0.9095333	0.1006900	-0.2582300	1.4398533	-0.3270000	-0.2560800	1.1664433	-0.3994200	-0.1938900	0.9135233	-0.3991800	-0.2060600	0.8993933	-0.1424500	-0.2010200	0.9039133	-0.0170200	-0.0958100	0.5030333	-0.0542600	0.0240100	0.1060233	-0.0539900	-0.1972400	0.8966533	-0.2681300	-0.3432300	0.4315133	-0.2328700	-0.4670500	0.0370333	-0.1948700	-0.2989100	0.0120433	-0.2144700	-0.3077300	0.0190333	-0.2144800	-0.4980600	0.0202633	-0.1951500	0.2092000	0.1264033	-0.0298700	0.1972900	0.1235533	-0.0307300	-0.0147800	0.0473033	-0.0589300	-0.1403978	0.9818827	0.0461364	-0.1429803	0.9728947	-0.3288819	-0.3697084	0.9809559	-0.0681780	-0.3704129	0.9772424	-0.2148778	-0.0910137	0.4767811	0.0202733	-0.0828005	0.4920730	-0.1097151	0.0182979	0.0917112	-0.0057028	0.0432353	0.1125775	-0.0921518	0.1861913	0.1241874	-0.0409108	0.1377925	0.0943025	0.0123299	-0.0367802	0.0413814	-0.0627269	-0.3423264	0.4470016	-0.2931776	-0.3373735	0.4609112	-0.1625937	-0.4651606	0.0683237	-0.2433396	-0.4419404	0.0759454	-0.1540510	-0.3126587	0.0360618	-0.2000542	-0.5418362	0.0429384	-0.1865072	-0.3603393	0.0252788	-0.2542627	-0.2919489	1.4791750	0.0282030	-0.2691592	1.4803427	-0.3313577	-0.3846875	1.4858607	-0.1548376	-0.0983975	0.7572088	0.0560578	-0.0994406	0.6436874	0.0660240	-0.2189830	0.7167494	0.0809335	-0.1823627	0.6790654	-0.3296481	-0.2484641	0.5865466	-0.3402789	-0.3054904	0.7186281	-0.3647837	-0.0594129	0.3636940	0.0186843	0.0029349	0.2576768	0.0257332	-0.0671388	0.2418324	0.0228129	-0.3781160	0.3341118	-0.2841636	-0.3827020	0.2104988	-0.2831360	-0.4514850	0.2397021	-0.2843980	-0.2430293	0.8711119	-0.0299409	-0.2448004	0.8656595	-0.2561936	-0.3365429	1.1283997	0.1342886	-0.3422141	1.1149878	0.0468668	-0.1873760	0.9145351	0.0873088	-0.2417867	0.8777861	0.1018144	-0.2547931	1.1359115	-0.4446934	-0.2926058	1.1239429	-0.3731184	-0.1520706	0.8984845	-0.3804650	-0.2058979	0.8738869	-0.4099045
335	5.5666667	-0.2716100	1.4360733	-0.1473000	-0.2715300	1.4309533	0.0301900	-0.2945600	1.1561533	0.1015100	-0.2111900	0.9055233	0.1027100	-0.2429700	1.4379033	-0.3234500	-0.2424400	1.1635833	-0.3967800	-0.1804900	0.9112833	-0.3969000	-0.1903400	0.8979933	-0.1406200	-0.1845700	0.9028733	-0.0151500	-0.0785600	0.5013733	-0.0540900	0.0292600	0.0998833	-0.0569000	-0.1822900	0.8948933	-0.2664300	-0.3341800	0.4275433	-0.2322600	-0.4694400	0.0363733	-0.1939800	-0.2862600	0.0186633	-0.2179600	-0.2961700	0.0243033	-0.2176800	-0.4970300	0.0229733	-0.1944300	0.2201300	0.1183633	-0.0327400	0.2083500	0.1157033	-0.0335100	-0.0134800	0.0391433	-0.0613400	-0.1246053	0.9820133	0.0475903	-0.1271479	0.9702821	-0.3271989	-0.3538092	0.9809610	-0.0672976	-0.3544532	0.9761957	-0.2139323	-0.0740510	0.4764902	0.0212276	-0.0677251	0.4914424	-0.1102457	0.0274537	0.0891384	-0.0063614	0.0512516	0.1095079	-0.0940549	0.1971607	0.1195207	-0.0428556	0.1484214	0.0907976	0.0111403	-0.0298496	0.0396448	-0.0636604	-0.3319669	0.4451767	-0.2920668	-0.3272384	0.4580245	-0.1611873	-0.4620977	0.0684890	-0.2427152	-0.4393958	0.0751830	-0.1532914	-0.3090559	0.0355556	-0.2000808	-0.5399661	0.0431956	-0.1859835	-0.3565278	0.0248742	-0.2542686	-0.2758848	1.4782749	0.0306917	-0.2526815	1.4808000	-0.3283544	-0.3685886	1.4854093	-0.1523911	-0.0808342	0.7572177	0.0566845	-0.0817832	0.6436487	0.0670167	-0.2015274	0.7165080	0.0837507	-0.1685105	0.6763161	-0.3289355	-0.2358550	0.5843238	-0.3394945	-0.2914494	0.7174650	-0.3631741	-0.0443596	0.3622298	0.0193014	0.0160638	0.2550079	0.0254892	-0.0543367	0.2408014	0.0236355	-0.3696957	0.3325291	-0.2830524	-0.3766134	0.2091289	-0.2822832	-0.4449164	0.2397228	-0.2834682	-0.2273548	0.8705245	-0.0281017	-0.2290959	0.8634165	-0.2542360	-0.3189096	1.1267502	0.1366952	-0.3250704	1.1133585	0.0494283	-0.1712545	0.9116667	0.0891511	-0.2259387	0.8753368	0.1040466	-0.2389289	1.1348751	-0.4421633	-0.2767731	1.1228751	-0.3704380	-0.1358974	0.8977638	-0.3778294	-0.1895334	0.8730694	-0.4073124
336	5.5833333	-0.2562800	1.4338633	-0.1435000	-0.2565600	1.4279833	0.0338900	-0.2799100	1.1521833	0.1033900	-0.1963600	0.9027633	0.1050200	-0.2273700	1.4364433	-0.3195200	-0.2288900	1.1620133	-0.3941200	-0.1671700	0.9094533	-0.3946700	-0.1742000	0.8969433	-0.1382900	-0.1682000	0.9017933	-0.0130900	-0.0625500	0.4978333	-0.0534500	0.0356900	0.0957033	-0.0594200	-0.1664600	0.8938233	-0.2638700	-0.3297000	0.4200333	-0.2311400	-0.4813800	0.0297233	-0.1907900	-0.2799300	0.0203133	-0.2187200	-0.2853100	0.0292633	-0.2196600	-0.5017700	0.0224633	-0.1918800	0.2229200	0.1055933	-0.0364700	0.2117200	0.1035233	-0.0371700	-0.0107400	0.0353633	-0.0639100	-0.1084222	0.9823776	0.0495672	-0.1110654	0.9679383	-0.3250773	-0.3375769	0.9814011	-0.0658744	-0.3382384	0.9756190	-0.2124898	-0.0571529	0.4760262	0.0225372	-0.0529232	0.4905666	-0.1102611	0.0329031	0.0856911	-0.0075117	0.0554319	0.1053833	-0.0964635	0.2039683	0.1121128	-0.0454116	0.1549943	0.0851477	0.0093233	-0.0270106	0.0377252	-0.0650056	-0.3220731	0.4436445	-0.2905040	-0.3173160	0.4553308	-0.1593915	-0.4601877	0.0691884	-0.2419213	-0.4377009	0.0748631	-0.1524486	-0.3053390	0.0358166	-0.2001952	-0.5396031	0.0437377	-0.1851812	-0.3530157	0.0249614	-0.2544248	-0.2601714	1.4771620	0.0338788	-0.2363475	1.4811738	-0.3246762	-0.3526247	1.4848339	-0.1492636	-0.0629008	0.7572963	0.0575890	-0.0639172	0.6436033	0.0682965	-0.1836190	0.7165599	0.0869570	-0.1547490	0.6736541	-0.3280288	-0.2235374	0.5822766	-0.3383998	-0.2774567	0.7168012	-0.3609578	-0.0302894	0.3602092	0.0200260	0.0272476	0.2513179	0.0249578	-0.0436670	0.2395235	0.0244518	-0.3619669	0.3313990	-0.2816559	-0.3713377	0.2082341	-0.2813123	-0.4392869	0.2402333	-0.2822105	-0.2111849	0.8703142	-0.0257236	-0.2129701	0.8615833	-0.2517984	-0.3015063	1.1252346	0.1393895	-0.3079799	1.1118999	0.0523134	-0.1552992	0.9089987	0.0914201	-0.2101682	0.8730277	0.1066545	-0.2233742	1.1341714	-0.4390291	-0.2611500	1.1221275	-0.3671998	-0.1202658	0.8971001	-0.3749029	-0.1737333	0.8724722	-0.4043939
337	5.6000000	-0.2400300	1.4318733	-0.1395100	-0.2403600	1.4250133	0.0378800	-0.2663900	1.1485033	0.1053400	-0.1812500	0.9012433	0.1074200	-0.2111400	1.4353933	-0.3155400	-0.2151400	1.1616833	-0.3914800	-0.1542300	0.9079733	-0.3925100	-0.1579400	0.8966433	-0.1360000	-0.1524700	0.9011733	-0.0112200	-0.0485000	0.4928733	-0.0523100	0.0427400	0.0928533	-0.0608100	-0.1498100	0.8938633	-0.2611200	-0.3276500	0.4113633	-0.2294800	-0.5038700	0.0260333	-0.1856100	-0.2887300	0.0140633	-0.2155400	-0.2812000	0.0310333	-0.2195900	-0.5188900	0.0160833	-0.1874900	0.2200000	0.0904733	-0.0401600	0.2096600	0.0892333	-0.0408300	-0.0045200	0.0349133	-0.0657300	-0.0921142	0.9836306	0.0516300	-0.0952625	0.9661931	-0.3230167	-0.3212621	0.9826233	-0.0644589	-0.3221310	0.9757394	-0.2111268	-0.0408712	0.4754389	0.0237898	-0.0389201	0.4895320	-0.1098578	0.0360395	0.0822874	-0.0093701	0.0571550	0.1011670	-0.0993323	0.2072137	0.1029643	-0.0489065	0.1583894	0.0782886	0.0064180	-0.0263921	0.0365822	-0.0667004	-0.3140115	0.4426375	-0.2885812	-0.3090267	0.4531756	-0.1573064	-0.4623646	0.0710173	-0.2409378	-0.4398811	0.0756004	-0.1514749	-0.3050523	0.0366854	-0.2000286	-0.5438039	0.0456376	-0.1841290	-0.3532340	0.0255534	-0.2543596	-0.2451264	1.4761717	0.0373779	-0.2203535	1.4818145	-0.3208628	-0.3370109	1.4843783	-0.1460803	-0.0451722	0.7577090	0.0581349	-0.0464002	0.6437342	0.0692482	-0.1655345	0.7172017	0.0898133	-0.1419060	0.6708277	-0.3271771	-0.2125471	0.5803328	-0.3371888	-0.2641260	0.7169010	-0.3585965	-0.0172822	0.3579869	0.0204874	0.0368679	0.2472805	0.0238192	-0.0345083	0.2384439	0.0248764	-0.3567090	0.3310722	-0.2799933	-0.3691349	0.2081721	-0.2801567	-0.4367854	0.2417709	-0.2806859	-0.1946970	0.8709333	-0.0233643	-0.1967576	0.8604118	-0.2494719	-0.2846754	1.1242564	0.1418791	-0.2912914	1.1110159	0.0549780	-0.1396684	0.9070909	0.0935930	-0.1946278	0.8713628	0.1090925	-0.2083168	1.1342399	-0.4358835	-0.2459515	1.1221325	-0.3640267	-0.1054321	0.8969537	-0.3722594	-0.1587511	0.8725420	-0.4017331
338	5.6166667	-0.2237700	1.4305033	-0.1358200	-0.2239600	1.4229233	0.0415800	-0.2532200	1.1463533	0.1076300	-0.1660400	0.9001733	0.1097100	-0.1950300	1.4347133	-0.3119200	-0.2007900	1.1617033	-0.3886100	-0.1415600	0.9069033	-0.3904400	-0.1414000	0.8962633	-0.1340600	-0.1367300	0.9003333	-0.0097000	-0.0354700	0.4883033	-0.0509700	0.0478600	0.0900533	-0.0608900	-0.1326400	0.8940033	-0.2587200	-0.3232000	0.4047633	-0.2275900	-0.5145200	0.0226933	-0.1836500	-0.3034000	0.0071233	-0.2112200	-0.2835900	0.0320433	-0.2181300	-0.5425500	0.0133833	-0.1826800	0.2163700	0.0759033	-0.0422400	0.2068800	0.0754433	-0.0429100	0.0021100	0.0361133	-0.0664300	-0.0757177	0.9850382	0.0534452	-0.0794782	0.9642180	-0.3211041	-0.3045018	0.9837230	-0.0634570	-0.3056410	0.9756014	-0.2101464	-0.0252467	0.4739511	0.0247616	-0.0253616	0.4876970	-0.1091106	0.0379243	0.0785260	-0.0116248	0.0577578	0.0965876	-0.1021253	0.2079423	0.0918718	-0.0527661	0.1595435	0.0700600	0.0028667	-0.0265848	0.0359750	-0.0684262	-0.3067995	0.4411299	-0.2864986	-0.3016872	0.4507815	-0.1550015	-0.4676943	0.0731089	-0.2397547	-0.4452743	0.0766991	-0.1501719	-0.3083199	0.0370332	-0.1991203	-0.5514882	0.0484975	-0.1829051	-0.3569408	0.0258396	-0.2537059	-0.2303009	1.4745892	0.0409337	-0.2041784	1.4820034	-0.3170761	-0.3211821	1.4832839	-0.1430673	-0.0278266	0.7574828	0.0582032	-0.0294063	0.6431231	0.0696725	-0.1474902	0.7175363	0.0917690	-0.1292715	0.6671012	-0.3262619	-0.2020051	0.5775947	-0.3359008	-0.2507227	0.7165920	-0.3565527	-0.0051372	0.3549583	0.0205938	0.0453581	0.2424473	0.0222915	-0.0263009	0.2369030	0.0248070	-0.3529026	0.3304942	-0.2781448	-0.3689939	0.2079293	-0.2786869	-0.4364089	0.2433429	-0.2791329	-0.1777832	0.8715602	-0.0214565	-0.1801740	0.8590176	-0.2475356	-0.2682139	1.1230964	0.1439517	-0.2748425	1.1099652	0.0571996	-0.1241302	0.9052801	0.0954257	-0.1790980	0.8696814	0.1111120	-0.1934616	1.1342942	-0.4330044	-0.2309258	1.1221186	-0.3612147	-0.0911351	0.8965726	-0.3701083	-0.1443130	0.8725061	-0.3995351
339	5.6333333	-0.2079000	1.4302633	-0.1325000	-0.2072200	1.4225033	0.0448100	-0.2388200	1.1459933	0.1103300	-0.1507500	0.8989833	0.1118400	-0.1800600	1.4346533	-0.3086500	-0.1858300	1.1620033	-0.3852500	-0.1287700	0.9066933	-0.3885000	-0.1251900	0.8943933	-0.1325400	-0.1206300	0.8981333	-0.0084200	-0.0219800	0.4851833	-0.0495800	0.0507200	0.0873133	-0.0600000	-0.1164100	0.8924433	-0.2569600	-0.3139800	0.4009833	-0.2259100	-0.5060200	0.0288033	-0.1848700	-0.3046200	0.0132033	-0.2102200	-0.2871600	0.0330633	-0.2165900	-0.5483800	0.0120533	-0.1817200	0.2155800	0.0636833	-0.0422400	0.2066800	0.0637733	-0.0429100	0.0069900	0.0374333	-0.0663000	-0.0599225	0.9848857	0.0549096	-0.0639839	0.9608324	-0.3193436	-0.2877394	0.9832689	-0.0628364	-0.2890165	0.9739536	-0.2094720	-0.0106221	0.4706044	0.0255695	-0.0122517	0.4841952	-0.1081024	0.0392111	0.0737454	-0.0137947	0.0581355	0.0911064	-0.1043901	0.2073479	0.0790995	-0.0561256	0.1594274	0.0605262	-0.0004731	-0.0267311	0.0350464	-0.0699582	-0.2989731	0.4379436	-0.2845586	-0.2940619	0.4470708	-0.1527702	-0.4720921	0.0739624	-0.2382727	-0.4499623	0.0767977	-0.1484444	-0.3114115	0.0364992	-0.1976470	-0.5581664	0.0503809	-0.1813676	-0.3602246	0.0254963	-0.2524861	-0.2156367	1.4714415	0.0443817	-0.1881097	1.4806413	-0.3132437	-0.3052173	1.4805609	-0.1400122	-0.0114389	0.7552290	0.0581377	-0.0134697	0.6405218	0.0698609	-0.1303888	0.7161343	0.0928805	-0.1163881	0.6620706	-0.3251390	-0.1909985	0.5733310	-0.3345712	-0.2369723	0.7144156	-0.3550285	0.0060001	0.3503425	0.0205392	0.0528311	0.2361983	0.0208268	-0.0188747	0.2340167	0.0244647	-0.3483391	0.3283364	-0.2762367	-0.3679271	0.2062265	-0.2768499	-0.4352306	0.2434052	-0.2776581	-0.1612191	0.8706491	-0.0200991	-0.1637522	0.8561745	-0.2460283	-0.2523492	1.1205722	0.1457528	-0.2589951	1.1075409	0.0590968	-0.1090187	0.9023343	0.0969656	-0.1639616	0.8668108	0.1127893	-0.1791786	1.1330245	-0.4304344	-0.2164714	1.1208095	-0.3587639	-0.0776584	0.8947587	-0.3683887	-0.1307041	0.8711087	-0.3977181
340	5.6500000	-0.1925000	1.4312033	-0.1293900	-0.1903500	1.4236133	0.0476600	-0.2224000	1.1466033	0.1133400	-0.1354300	0.8978333	0.1138100	-0.1661900	1.4354333	-0.3055200	-0.1710200	1.1634533	-0.3815900	-0.1160900	0.9076233	-0.3866500	-0.1105200	0.8919833	-0.1313200	-0.1050300	0.8955633	-0.0071400	-0.0077800	0.4829533	-0.0479900	0.0530900	0.0846333	-0.0585300	-0.1026900	0.8902333	-0.2558900	-0.2978300	0.4023633	-0.2256700	-0.4901200	0.0413233	-0.1858400	-0.2877600	0.0242433	-0.2133000	-0.2882000	0.0351433	-0.2156300	-0.5368800	0.0221833	-0.1826900	0.2181700	0.0541633	-0.0419200	0.2095600	0.0545933	-0.0424900	0.0103100	0.0378133	-0.0654000	-0.0455488	0.9837795	0.0561086	-0.0499383	0.9573176	-0.3179195	-0.2721370	0.9822795	-0.0620835	-0.2735351	0.9720691	-0.2086781	0.0025318	0.4668476	0.0262852	-0.0001590	0.4803918	-0.1070271	0.0402231	0.0694903	-0.0154268	0.0584987	0.0862783	-0.1059450	0.2064792	0.0672788	-0.0586023	0.1589807	0.0519145	-0.0030240	-0.0266261	0.0347192	-0.0709854	-0.2898633	0.4344754	-0.2831746	-0.2852663	0.4432768	-0.1510918	-0.4730644	0.0750514	-0.2368101	-0.4512533	0.0772879	-0.1467365	-0.3114916	0.0364554	-0.1963871	-0.5609415	0.0526932	-0.1797687	-0.3604358	0.0259823	-0.2513444	-0.2016270	1.4680013	0.0475981	-0.1734597	1.4788221	-0.3095888	-0.2901343	1.4774355	-0.1368176	0.0032915	0.7522354	0.0581550	0.0008186	0.6372733	0.0700560	-0.1151351	0.7139856	0.0936376	-0.1039060	0.6577210	-0.3241701	-0.1797014	0.5693280	-0.3335571	-0.2237662	0.7116098	-0.3539387	0.0158339	0.3457436	0.0204972	0.0592274	0.2303283	0.0197120	-0.0122120	0.2311647	0.0242339	-0.3419424	0.3259940	-0.2746729	-0.3644185	0.2045719	-0.2751455	-0.4315868	0.2433509	-0.2764706	-0.1462107	0.8689563	-0.0189933	-0.1489081	0.8530517	-0.2448152	-0.2376364	1.1177631	0.1475922	-0.2444690	1.1048229	0.0609408	-0.0950146	0.8992103	0.0983997	-0.1499581	0.8637822	0.1143680	-0.1663163	1.1314521	-0.4280664	-0.2034372	1.1192449	-0.3564934	-0.0657386	0.8926407	-0.3669213	-0.1186871	0.8694097	-0.3961024
341	5.6666667	-0.1774400	1.4330033	-0.1263900	-0.1742200	1.4255933	0.0502800	-0.2056000	1.1472233	0.1163600	-0.1203300	0.8968933	0.1157400	-0.1523100	1.4370733	-0.3023500	-0.1571500	1.1665333	-0.3781400	-0.1042700	0.9100033	-0.3848200	-0.0971800	0.8908333	-0.1299300	-0.0904900	0.8941933	-0.0054600	0.0056200	0.4810533	-0.0459500	0.0563300	0.0822533	-0.0570000	-0.0904800	0.8893033	-0.2549100	-0.2687500	0.4069933	-0.2283200	-0.4773200	0.0585733	-0.1854300	-0.2738200	0.0337533	-0.2159100	-0.2870700	0.0366633	-0.2149400	-0.5232600	0.0393833	-0.1828000	0.2220500	0.0466733	-0.0427100	0.2135700	0.0473433	-0.0431200	0.0129400	0.0366733	-0.0638500	-0.0321440	0.9835288	0.0575355	-0.0371775	0.9555897	-0.3165856	-0.2576924	0.9825952	-0.0606677	-0.2593174	0.9718363	-0.2073140	0.0150302	0.4647564	0.0271503	0.0114109	0.4782894	-0.1056834	0.0417092	0.0673424	-0.0161440	0.0593384	0.0836285	-0.1065757	0.2063767	0.0582130	-0.0600547	0.1592373	0.0459542	-0.0045271	-0.0258415	0.0361864	-0.0710945	-0.2779929	0.4325527	-0.2825446	-0.2734651	0.4410377	-0.1502419	-0.4704494	0.0791363	-0.2356854	-0.4487768	0.0808052	-0.1454372	-0.3087993	0.0382006	-0.1957528	-0.5594573	0.0589127	-0.1784399	-0.3578620	0.0288847	-0.2506818	-0.1881005	1.4660695	0.0508430	-0.1601576	1.4784767	-0.3058536	-0.2759398	1.4757532	-0.1332781	0.0168766	0.7506264	0.0584772	0.0141416	0.6354862	0.0705171	-0.1010455	0.7129563	0.0946454	-0.0913971	0.6561157	-0.3235763	-0.1673566	0.5675903	-0.3330415	-0.2108341	0.7100923	-0.3528816	0.0252039	0.3431251	0.0207841	0.0653846	0.2267132	0.0191985	-0.0054668	0.2301103	0.0245383	-0.3326518	0.3254913	-0.2737232	-0.3579440	0.2052206	-0.2739810	-0.4246620	0.2456089	-0.2757483	-0.1325225	0.8682177	-0.0175521	-0.1355797	0.8514555	-0.2434553	-0.2235859	1.1164382	0.1498740	-0.2308133	1.1035903	0.0631581	-0.0816944	0.8975625	0.1001179	-0.1366667	0.8622798	0.1162670	-0.1545387	1.1313853	-0.4255234	-0.1914672	1.1192151	-0.3539765	-0.0549682	0.8920443	-0.3653150	-0.1078763	0.8692136	-0.3943231
342	5.6833333	-0.1624300	1.4352733	-0.1234000	-0.1589400	1.4277533	0.0529600	-0.1899800	1.1479733	0.1190000	-0.1056400	0.8965733	0.1177500	-0.1376700	1.4394633	-0.2991400	-0.1440400	1.1705233	-0.3751100	-0.0931500	0.9133333	-0.3829400	-0.0834900	0.8911133	-0.1280100	-0.0761500	0.8941033	-0.0032300	0.0167100	0.4793033	-0.0434100	0.0600500	0.0802733	-0.0558700	-0.0774000	0.8899433	-0.2533700	-0.2283700	0.4209733	-0.2343900	-0.4661600	0.0723733	-0.1846700	-0.2733200	0.0363333	-0.2159400	-0.2896600	0.0372733	-0.2139300	-0.5127300	0.0543333	-0.1812400	0.2249500	0.0402333	-0.0439300	0.2165900	0.0411133	-0.0441800	0.0152500	0.0347733	-0.0623900	-0.0180426	0.9845113	0.0594902	-0.0241122	0.9556441	-0.3149544	-0.2428335	0.9843421	-0.0584368	-0.2448470	0.9732466	-0.2051959	0.0281516	0.4646056	0.0281706	0.0235179	0.4781945	-0.1039367	0.0445215	0.0666232	-0.0161388	0.0613612	0.0824485	-0.1064369	0.2078086	0.0507661	-0.0608967	0.1609717	0.0415370	-0.0053563	-0.0237841	0.0388569	-0.0703231	-0.2608774	0.4320823	-0.2829254	-0.2557527	0.4401645	-0.1506367	-0.4641741	0.0866079	-0.2350239	-0.4422192	0.0876908	-0.1447600	-0.3045572	0.0405666	-0.1957829	-0.5532988	0.0704018	-0.1774770	-0.3535636	0.0334484	-0.2504993	-0.1737655	1.4657605	0.0541499	-0.1466943	1.4797729	-0.3017239	-0.2612510	1.4756498	-0.1293700	0.0308763	0.7504537	0.0592304	0.0279841	0.6353119	0.0712846	-0.0863993	0.7133564	0.0960255	-0.0771588	0.6574038	-0.3234889	-0.1520486	0.5681864	-0.3331540	-0.1965338	0.7098999	-0.3514977	0.0353556	0.3424800	0.0213348	0.0724849	0.2249903	0.0190835	0.0023893	0.2306542	0.0252859	-0.3186439	0.3267803	-0.2736246	-0.3475263	0.2082220	-0.2735906	-0.4132344	0.2504013	-0.2756286	-0.1184373	0.8686991	-0.0154537	-0.1220948	0.8514241	-0.2415666	-0.2088386	1.1166982	0.1527132	-0.2165694	1.1039483	0.0659431	-0.0677200	0.8974575	0.1023220	-0.1226972	0.8623442	0.1186679	-0.1423888	1.1329567	-0.4225531	-0.1790851	1.1208260	-0.3509702	-0.0438650	0.8930600	-0.3633357	-0.0967839	0.8706397	-0.3921663
343	5.7000000	-0.1473600	1.4374833	-0.1202700	-0.1438800	1.4293933	0.0561500	-0.1750000	1.1494633	0.1214000	-0.0913300	0.8970433	0.1198900	-0.1226200	1.4421733	-0.2960800	-0.1310800	1.1742033	-0.3723900	-0.0818600	0.9166733	-0.3810400	-0.0689000	0.8916133	-0.1258500	-0.0615800	0.8942433	-0.0007800	0.0250100	0.4773533	-0.0404700	0.0632100	0.0781733	-0.0550900	-0.0628000	0.8908333	-0.2515300	-0.1811300	0.4362233	-0.2423300	-0.4606100	0.0856733	-0.1832400	-0.2830700	0.0336333	-0.2142600	-0.2989100	0.0358333	-0.2123400	-0.5073200	0.0671533	-0.1779600	0.2276300	0.0350433	-0.0445300	0.2194000	0.0360833	-0.0446800	0.0164500	0.0323433	-0.0613800	-0.0029050	0.9857244	0.0615527	-0.0101828	0.9560193	-0.3131977	-0.2270556	0.9861853	-0.0559090	-0.2295455	0.9747947	-0.2027574	0.0416740	0.4650760	0.0291463	0.0358185	0.4787212	-0.1019182	0.0483232	0.0656955	-0.0158985	0.0641525	0.0810213	-0.1060191	0.2103468	0.0434046	-0.0615865	0.1637784	0.0369480	-0.0059306	-0.0208827	0.0409667	-0.0691906	-0.2370139	0.4315381	-0.2850792	-0.2302692	0.4389135	-0.1531382	-0.4559322	0.0967297	-0.2350244	-0.4330908	0.0969964	-0.1449603	-0.3017179	0.0415588	-0.1965712	-0.5439053	0.0872116	-0.1770036	-0.3503762	0.0381127	-0.2509521	-0.1585754	1.4660799	0.0570928	-0.1329199	1.4817277	-0.2973429	-0.2458757	1.4760592	-0.1254831	0.0455251	0.7505070	0.0601025	0.0424090	0.6355123	0.0720721	-0.0708451	0.7141047	0.0974019	-0.0603144	0.6603558	-0.3245099	-0.1327244	0.5698093	-0.3345180	-0.1801884	0.7097501	-0.3500540	0.0460630	0.3423489	0.0218941	0.0803282	0.2235617	0.0190007	0.0110574	0.2313669	0.0261502	-0.2993403	0.3283793	-0.2749951	-0.3337013	0.2121624	-0.2744647	-0.3974757	0.2568618	-0.2765376	-0.1034291	0.8693201	-0.0130720	-0.1077898	0.8516065	-0.2393752	-0.1932067	1.1173122	0.1557121	-0.2014673	1.1046660	0.0689436	-0.0529129	0.8976861	0.1046627	-0.1078466	0.8627408	0.1211931	-0.1295146	1.1349107	-0.4194820	-0.1659356	1.1228150	-0.3478272	-0.0320457	0.8944286	-0.3612993	-0.0850103	0.8724433	-0.3899498
344	5.7166667	-0.1322200	1.4390333	-0.1169900	-0.1284300	1.4301533	0.0600800	-0.1599400	1.1514533	0.1241500	-0.0775000	0.8981233	0.1220200	-0.1076000	1.4444133	-0.2935000	-0.1181400	1.1771633	-0.3699700	-0.0703200	0.9195533	-0.3793500	-0.0544700	0.8913933	-0.1238000	-0.0479800	0.8936533	0.0015400	0.0306400	0.4747633	-0.0370400	0.0658600	0.0761033	-0.0545900	-0.0475300	0.8910133	-0.2496700	-0.1321600	0.4532833	-0.2506700	-0.4581000	0.0968433	-0.1815600	-0.2934500	0.0295633	-0.2124200	-0.3088600	0.0328533	-0.2105800	-0.5053400	0.0778233	-0.1742800	0.2326100	0.0321233	-0.0445900	0.2245000	0.0331733	-0.0446700	0.0167800	0.0294233	-0.0608200	0.0118083	0.9862638	0.0630945	0.0038678	0.9553867	-0.3115226	-0.2112002	0.9872323	-0.0535591	-0.2139760	0.9754288	-0.2003111	0.0539173	0.4652876	0.0300655	0.0467660	0.4788311	-0.0997286	0.0519249	0.0638454	-0.0154561	0.0666169	0.0785488	-0.1054036	0.2130899	0.0364377	-0.0620356	0.1666893	0.0321259	-0.0060532	-0.0182862	0.0414032	-0.0679289	-0.2057361	0.4293426	-0.2897312	-0.1964787	0.4357575	-0.1583010	-0.4473499	0.1083915	-0.2355872	-0.4231988	0.1075637	-0.1457471	-0.3024728	0.0405188	-0.1974862	-0.5330686	0.1083485	-0.1769903	-0.3503724	0.0422978	-0.2517016	-0.1434118	1.4664819	0.0593179	-0.1197094	1.4835731	-0.2928287	-0.2305227	1.4765299	-0.1217595	0.0594675	0.7500774	0.0609896	0.0559064	0.6353380	0.0728326	-0.0559143	0.7145263	0.0984974	-0.0408357	0.6642349	-0.3268255	-0.1090904	0.5713762	-0.3375514	-0.1620286	0.7082966	-0.3490906	0.0557666	0.3418172	0.0224623	0.0875331	0.2215499	0.0190326	0.0190762	0.2314996	0.0271295	-0.2747358	0.3285335	-0.2782968	-0.3172432	0.2152445	-0.2767070	-0.3779114	0.2638257	-0.2788787	-0.0887363	0.8693496	-0.0108505	-0.0934628	0.8510152	-0.2370744	-0.1778016	1.1173583	0.1586020	-0.1866168	1.1048245	0.0718617	-0.0383658	0.8973557	0.1068271	-0.0932362	0.8625691	0.1235201	-0.1169279	1.1362948	-0.4166765	-0.1530364	1.1242289	-0.3449139	-0.0204743	0.8952355	-0.3595290	-0.0735220	0.8736893	-0.3879992
345	5.7333333	-0.1170300	1.4398533	-0.1137400	-0.1126400	1.4303433	0.0643100	-0.1449100	1.1532533	0.1275800	-0.0640600	0.8996633	0.1241100	-0.0927100	1.4457733	-0.2913400	-0.1056700	1.1799133	-0.3679600	-0.0589200	0.9221133	-0.3780800	-0.0407800	0.8905933	-0.1215400	-0.0358600	0.8924833	0.0039900	0.0349000	0.4719533	-0.0331600	0.0685600	0.0753533	-0.0546000	-0.0323100	0.8906733	-0.2475000	-0.0842300	0.4689733	-0.2579400	-0.4481800	0.1100933	-0.1810300	-0.2955700	0.0302133	-0.2119300	-0.3102600	0.0344933	-0.2102300	-0.4977300	0.0910833	-0.1720400	0.2389900	0.0311533	-0.0444900	0.2309200	0.0321033	-0.0445100	0.0177500	0.0278133	-0.0610500	0.0252954	0.9860035	0.0645330	0.0178797	0.9537450	-0.3096408	-0.1960236	0.9878142	-0.0510654	-0.1986298	0.9755139	-0.1975877	0.0635022	0.4654636	0.0314466	0.0555421	0.4787561	-0.0969884	0.0544496	0.0618020	-0.0143391	0.0683538	0.0758383	-0.1040596	0.2154215	0.0313724	-0.0615539	0.1689292	0.0283812	-0.0050956	-0.0166083	0.0407395	-0.0662470	-0.1669362	0.4256774	-0.2963683	-0.1547656	0.4312220	-0.1654564	-0.4368915	0.1213712	-0.2356650	-0.4113080	0.1194131	-0.1459530	-0.3044569	0.0397689	-0.1975916	-0.5196192	0.1323450	-0.1762507	-0.3512377	0.0475480	-0.2517767	-0.1281209	1.4671412	0.0617563	-0.1064942	1.4853281	-0.2878111	-0.2149717	1.4775792	-0.1174660	0.0715945	0.7492065	0.0625643	0.0671698	0.6349152	0.0741751	-0.0430585	0.7148291	0.0997193	-0.0186714	0.6694004	-0.3297120	-0.0809814	0.5731026	-0.3416578	-0.1419459	0.7054704	-0.3484926	0.0631969	0.3412510	0.0235879	0.0929492	0.2195491	0.0198575	0.0251733	0.2314653	0.0285928	-0.2442685	0.3272427	-0.2828926	-0.2970490	0.2173800	-0.2794379	-0.3536875	0.2710907	-0.2819001	-0.0751742	0.8690092	-0.0084466	-0.0795513	0.8499320	-0.2343964	-0.1631255	1.1170010	0.1617574	-0.1725466	1.1045966	0.0750294	-0.0245328	0.8966612	0.1091241	-0.0793397	0.8620066	0.1259610	-0.1051344	1.1372635	-0.4139169	-0.1408884	1.1252030	-0.3419822	-0.0095910	0.8956668	-0.3577888	-0.0627884	0.8745376	-0.3860834
346	5.7500000	-0.1020300	1.4402633	-0.1107400	-0.0970900	1.4302733	0.0680900	-0.1298300	1.1546833	0.1314000	-0.0498800	0.9010133	0.1263500	-0.0780200	1.4466133	-0.2891900	-0.0940600	1.1829933	-0.3662700	-0.0470400	0.9247533	-0.3773500	-0.0271400	0.8905933	-0.1188200	-0.0235500	0.8922033	0.0069200	0.0400500	0.4696233	-0.0296200	0.0711900	0.0759433	-0.0549600	-0.0173600	0.8910233	-0.2448700	-0.0414200	0.4805933	-0.2627400	-0.4215400	0.1276833	-0.1824300	-0.2851000	0.0368033	-0.2132000	-0.2976300	0.0423833	-0.2119200	-0.4740700	0.1085933	-0.1720400	0.2430500	0.0304033	-0.0441900	0.2349900	0.0312933	-0.0442000	0.0206800	0.0288133	-0.0617800	0.0382628	0.9857795	0.0665332	0.0326989	0.9528670	-0.3073272	-0.1812251	0.9894156	-0.0481511	-0.1831253	0.9768719	-0.1945148	0.0703416	0.4664089	0.0335447	0.0625835	0.4794809	-0.0936726	0.0564458	0.0612947	-0.0126552	0.0704193	0.0747691	-0.1019793	0.2176508	0.0299484	-0.0599655	0.1707564	0.0272171	-0.0031120	-0.0149107	0.0408984	-0.0643810	-0.1226787	0.4236829	-0.3033529	-0.1077194	0.4286621	-0.1728825	-0.4203593	0.1358246	-0.2344513	-0.3933675	0.1329734	-0.1448610	-0.3009489	0.0428112	-0.1968952	-0.4998036	0.1568487	-0.1737576	-0.3465524	0.0561253	-0.2508328	-0.1118812	1.4689507	0.0649457	-0.0917700	1.4879979	-0.2824188	-0.1984363	1.4804844	-0.1124871	0.0821325	0.7485314	0.0653604	0.0762243	0.6349301	0.0765233	-0.0323177	0.7159709	0.1014181	0.0057601	0.6773591	-0.3324055	-0.0493416	0.5771193	-0.3457774	-0.1197524	0.7034527	-0.3478538	0.0684183	0.3418234	0.0254534	0.0968200	0.2190501	0.0216686	0.0293518	0.2324586	0.0304093	-0.2080758	0.3272479	-0.2873783	-0.2709962	0.2208022	-0.2815717	-0.3236456	0.2796935	-0.2842845	-0.0621426	0.8694674	-0.0055712	-0.0653889	0.8500631	-0.2313190	-0.1484202	1.1175360	0.1653580	-0.1585071	1.1052908	0.0786358	-0.0105932	0.8969206	0.1117323	-0.0653261	0.8623581	0.1287050	-0.0934932	1.1391478	-0.4110618	-0.1288355	1.1270365	-0.3388503	0.0013492	0.8970496	-0.3559733	-0.0521016	0.8762993	-0.3840986
347	5.7666667	-0.0874700	1.4405233	-0.1080800	-0.0818400	1.4300233	0.0710900	-0.1148200	1.1558233	0.1351600	-0.0338300	0.9017133	0.1289300	-0.0640600	1.4473333	-0.2869900	-0.0830100	1.1862433	-0.3648400	-0.0341600	0.9275733	-0.3770800	-0.0126100	0.8920133	-0.1160500	-0.0094200	0.8933233	0.0099400	0.0469500	0.4679033	-0.0273100	0.0726400	0.0762533	-0.0551900	-0.0024200	0.8927233	-0.2423400	-0.0054200	0.4865733	-0.2643500	-0.3815700	0.1467733	-0.1855200	-0.2657400	0.0455733	-0.2152900	-0.2755900	0.0522933	-0.2144900	-0.4358900	0.1283533	-0.1744800	0.2433500	0.0289733	-0.0436900	0.2353500	0.0299133	-0.0437300	0.0241900	0.0307933	-0.0621100	0.0517550	0.9861576	0.0690250	0.0489296	0.9539353	-0.3050390	-0.1661204	0.9922165	-0.0451358	-0.1669356	0.9799249	-0.1915802	0.0754953	0.4678728	0.0359695	0.0688443	0.4808098	-0.0904335	0.0588544	0.0626256	-0.0110283	0.0736977	0.0756618	-0.0999282	0.2203093	0.0318081	-0.0577794	0.1727717	0.0284503	-0.0006677	-0.0121867	0.0424493	-0.0630700	-0.0751183	0.4256686	-0.3099015	-0.0577672	0.4302264	-0.1798935	-0.3946315	0.1512283	-0.2328320	-0.3663642	0.1476928	-0.1435393	-0.2871660	0.0499840	-0.1967535	-0.4706999	0.1800479	-0.1704782	-0.3317109	0.0680542	-0.2500112	-0.0946129	1.4720625	0.0683141	-0.0753837	1.4917670	-0.2776016	-0.1810109	1.4851423	-0.1077796	0.0922416	0.7481033	0.0690169	0.0842010	0.6352962	0.0795709	-0.0225076	0.7180510	0.1034747	0.0318877	0.6887181	-0.3348043	-0.0152942	0.5847539	-0.3495469	-0.0953184	0.7037654	-0.3472777	0.0724381	0.3435175	0.0276111	0.1001534	0.2202102	0.0239170	0.0325645	0.2345264	0.0321297	-0.1667424	0.3305250	-0.2914363	-0.2378637	0.2269578	-0.2833594	-0.2871104	0.2901186	-0.2860563	-0.0485316	0.8710313	-0.0025760	-0.0501295	0.8520798	-0.2284369	-0.1327677	1.1194318	0.1689285	-0.1435560	1.1073686	0.0822436	0.0044659	0.8986395	0.1142467	-0.0501656	0.8641142	0.1313559	-0.0812299	1.1424616	-0.4085221	-0.1160931	1.1302192	-0.3359051	0.0132328	0.8998730	-0.3545127	-0.0405945	0.8794534	-0.3824746
348	5.7833333	-0.0736200	1.4407833	-0.1057500	-0.0664900	1.4296833	0.0736100	-0.1001700	1.1566633	0.1387200	-0.0158700	0.9016133	0.1319800	-0.0516000	1.4481233	-0.2850700	-0.0717000	1.1890733	-0.3636500	-0.0209700	0.9301033	-0.3770800	0.0027600	0.8931933	-0.1139600	0.0063400	0.8940333	0.0123600	0.0540300	0.4664633	-0.0261800	0.0730800	0.0753033	-0.0551600	0.0125900	0.8943733	-0.2406300	0.0265300	0.4904233	-0.2635000	-0.3376800	0.1650333	-0.1898600	-0.2415300	0.0526133	-0.2173500	-0.2492800	0.0596433	-0.2168300	-0.3907600	0.1470433	-0.1790600	0.2422400	0.0270033	-0.0432900	0.2343100	0.0280933	-0.0433800	0.0272800	0.0317033	-0.0620700	0.0660709	0.9856801	0.0714804	0.0661234	0.9555321	-0.3035734	-0.1508005	0.9941745	-0.0426038	-0.1504534	0.9826598	-0.1894734	0.0793018	0.4680467	0.0379697	0.0744336	0.4808818	-0.0880510	0.0612088	0.0635757	-0.0101762	0.0775148	0.0762501	-0.0986741	0.2226078	0.0336565	-0.0558655	0.1742885	0.0291960	0.0013219	-0.0089977	0.0434353	-0.0628760	-0.0272716	0.4303444	-0.3160498	-0.0081148	0.4346126	-0.1866571	-0.3604973	0.1649286	-0.2325069	-0.3312462	0.1609322	-0.1437786	-0.2634349	0.0578044	-0.1982240	-0.4331485	0.1992383	-0.1686359	-0.3069448	0.0798181	-0.2505117	-0.0769658	1.4748714	0.0712297	-0.0585170	1.4949712	-0.2743242	-0.1637472	1.4894089	-0.1041493	0.1021816	0.7461848	0.0726784	0.0914224	0.6342526	0.0825236	-0.0131887	0.7193044	0.1052558	0.0581140	0.7008990	-0.3371114	0.0190558	0.5939452	-0.3530982	-0.0696032	0.7050353	-0.3473026	0.0754079	0.3444190	0.0292662	0.1028496	0.2210184	0.0257235	0.0347998	0.2356555	0.0330996	-0.1226284	0.3357035	-0.2956139	-0.1992667	0.2341711	-0.2858030	-0.2458593	0.3002597	-0.2882076	-0.0341665	0.8719070	-0.0001291	-0.0340445	0.8542170	-0.2265843	-0.1162526	1.1209927	0.1718521	-0.1277497	1.1090957	0.0852374	0.0206814	0.9001994	0.1161346	-0.0338083	0.8656222	0.1333844	-0.0685305	1.1455157	-0.4068831	-0.1028453	1.1330674	-0.3337450	0.0259252	0.9024508	-0.3539693	-0.0283991	0.8822993	-0.3817545
349	5.8000000	-0.0603300	1.4412133	-0.1036700	-0.0508600	1.4295333	0.0759600	-0.0857400	1.1574333	0.1419900	0.0026300	0.9010133	0.1352900	-0.0404900	1.4491033	-0.2835900	-0.0596600	1.1913733	-0.3624900	-0.0080100	0.9317933	-0.3771500	0.0177400	0.8928333	-0.1128100	0.0222500	0.8929633	0.0140200	0.0592300	0.4646833	-0.0253100	0.0739200	0.0733733	-0.0549400	0.0267500	0.8946233	-0.2400900	0.0584700	0.4966533	-0.2617100	-0.2939600	0.1801033	-0.1944200	-0.2128400	0.0591133	-0.2194400	-0.2192700	0.0663133	-0.2191500	-0.3439600	0.1633533	-0.1848200	0.2424500	0.0249933	-0.0432900	0.2346100	0.0261533	-0.0433900	0.0307100	0.0317533	-0.0622500	0.0801349	0.9832330	0.0735402	0.0828089	0.9563237	-0.3030628	-0.1363526	0.9938966	-0.0408874	-0.1349336	0.9836062	-0.1884272	0.0813547	0.4659501	0.0392678	0.0785774	0.4787471	-0.0867265	0.0627054	0.0628467	-0.0103040	0.0807554	0.0752420	-0.0984164	0.2236521	0.0338818	-0.0547713	0.1745437	0.0280312	0.0023523	-0.0063127	0.0426118	-0.0638093	0.0182720	0.4364598	-0.3216796	0.0386623	0.4405112	-0.1930075	-0.3208016	0.1753907	-0.2343637	-0.2909185	0.1711525	-0.1463756	-0.2325079	0.0641884	-0.2016855	-0.3901520	0.2130969	-0.1694824	-0.2749618	0.0892835	-0.2529179	-0.0603709	1.4761643	0.0734912	-0.0430811	1.4965846	-0.2726021	-0.1481920	1.4918137	-0.1016139	0.1111695	0.7417396	0.0757587	0.0973217	0.6307798	0.0849081	-0.0049295	0.7185263	0.1064374	0.0825722	0.7120470	-0.3392637	0.0515613	0.6030833	-0.3563667	-0.0443564	0.7060555	-0.3480822	0.0768386	0.3433828	0.0301124	0.1042714	0.2201819	0.0267033	0.0355869	0.2347175	0.0331395	-0.0783724	0.3415190	-0.3000595	-0.1579002	0.2410852	-0.2892856	-0.2026399	0.3087556	-0.2912942	-0.0201389	0.8708154	0.0014333	-0.0184581	0.8550684	-0.2259596	-0.0999822	1.1210118	0.1740546	-0.1122016	1.1092298	0.0875120	0.0369709	0.9004416	0.1173802	-0.0173387	0.8657182	0.1347778	-0.0564827	1.1470493	-0.4062171	-0.0901917	1.1343551	-0.3324831	0.0383071	0.9035696	-0.3543941	-0.0166100	0.8836049	-0.3819580
350	5.8166667	-0.0470400	1.4420633	-0.1018200	-0.0348700	1.4299233	0.0781000	-0.0712600	1.1584833	0.1446400	0.0195300	0.9013333	0.1383100	-0.0297100	1.4503633	-0.2824200	-0.0472200	1.1931933	-0.3611000	0.0052000	0.9326533	-0.3770700	0.0311800	0.8914233	-0.1122700	0.0369000	0.8909133	0.0152900	0.0622100	0.4619233	-0.0240000	0.0759800	0.0716133	-0.0547300	0.0391100	0.8937633	-0.2403800	0.0905600	0.5056333	-0.2602200	-0.2522900	0.1911533	-0.1977900	-0.1799300	0.0642933	-0.2209900	-0.1854700	0.0718833	-0.2209500	-0.2988100	0.1760733	-0.1899000	0.2440500	0.0236833	-0.0436700	0.2361200	0.0248633	-0.0437300	0.0359000	0.0315733	-0.0625600	0.0930066	0.9794491	0.0753707	0.0977300	0.9565748	-0.3031124	-0.1237452	0.9920215	-0.0397486	-0.1214689	0.9832564	-0.1881011	0.0813718	0.4625201	0.0401282	0.0807161	0.4753179	-0.0860461	0.0632770	0.0610671	-0.0108851	0.0831200	0.0732636	-0.0985754	0.2234543	0.0331598	-0.0541743	0.1736482	0.0258143	0.0027339	-0.0042874	0.0405503	-0.0651806	0.0602378	0.4443459	-0.3263168	0.0812407	0.4482509	-0.1983426	-0.2780957	0.1830270	-0.2379193	-0.2480027	0.1787894	-0.1507109	-0.1966742	0.0691488	-0.2062082	-0.3445941	0.2223778	-0.1727290	-0.2380717	0.0963970	-0.2565240	-0.0455570	1.4766262	0.0754564	-0.0301677	1.4971775	-0.2718340	-0.1351377	1.4929267	-0.0996287	0.1184759	0.7357343	0.0781969	0.1013981	0.6258293	0.0867721	0.0016871	0.7164234	0.1072471	0.1041354	0.7224592	-0.3407962	0.0810512	0.6124719	-0.3589130	-0.0208434	0.7072098	-0.3492710	0.0764948	0.3412286	0.0304734	0.1042158	0.2184528	0.0272038	0.0349019	0.2324523	0.0326721	-0.0355997	0.3482844	-0.3042647	-0.1157582	0.2479758	-0.2932542	-0.1594424	0.3160613	-0.2949536	-0.0075247	0.8683738	0.0023915	-0.0046336	0.8550377	-0.2261438	-0.0849175	1.1201200	0.1759487	-0.0979060	1.1083942	0.0894513	0.0522334	0.8999435	0.1183975	-0.0018865	0.8650357	0.1359557	-0.0458410	1.1475444	-0.4060895	-0.0789153	1.1346053	-0.3317295	0.0495964	0.9037967	-0.3553318	-0.0059576	0.8839163	-0.3826157
351	5.8333333	-0.0338000	1.4433333	-0.1003100	-0.0189200	1.4309033	0.0797500	-0.0570400	1.1601633	0.1464300	0.0338200	0.9029333	0.1406700	-0.0190800	1.4518833	-0.2814400	-0.0349400	1.1945033	-0.3595000	0.0188500	0.9332733	-0.3768000	0.0430900	0.8907733	-0.1118800	0.0498200	0.8898833	0.0164000	0.0646400	0.4585133	-0.0222100	0.0785300	0.0709633	-0.0546900	0.0501500	0.8935933	-0.2408300	0.1198300	0.5148333	-0.2591000	-0.2139300	0.1955333	-0.1989100	-0.1447300	0.0657433	-0.2211300	-0.1497700	0.0737033	-0.2213500	-0.2574100	0.1821133	-0.1924300	0.2450400	0.0237933	-0.0440400	0.2368900	0.0248733	-0.0440100	0.0421000	0.0331033	-0.0632300	0.1048900	0.9763411	0.0772478	0.1108002	0.9577566	-0.3032450	-0.1127490	0.9906185	-0.0388138	-0.1099485	0.9834677	-0.1880348	0.0800242	0.4599279	0.0410374	0.0813157	0.4727419	-0.0853233	0.0634673	0.0600998	-0.0113003	0.0849884	0.0721435	-0.0984463	0.2225095	0.0332019	-0.0535249	0.1721779	0.0245023	0.0029619	-0.0024947	0.0392085	-0.0662074	0.0975233	0.4548806	-0.3292916	0.1186865	0.4587559	-0.2018697	-0.2347818	0.1887705	-0.2416951	-0.2047627	0.1848141	-0.1552072	-0.1578787	0.0733689	-0.2100440	-0.2991389	0.2282857	-0.1768749	-0.1983643	0.1017144	-0.2597057	-0.0319503	1.4781497	0.0775519	-0.0194291	1.4984749	-0.2713985	-0.1240235	1.4946475	-0.0976420	0.1244043	0.7304496	0.0801636	0.1041364	0.6216361	0.0883767	0.0071187	0.7150352	0.1080339	0.1225841	0.7332484	-0.3414393	0.1069170	0.6231221	-0.3603296	0.0002895	0.7099216	-0.3502974	0.0750297	0.3399716	0.0308764	0.1032735	0.2177080	0.0277081	0.0334263	0.2308940	0.0322772	0.0042021	0.3568787	-0.3073109	-0.0746664	0.2556812	-0.2965740	-0.1181840	0.3231312	-0.2980843	0.0037590	0.8665921	0.0031784	0.0073355	0.8558109	-0.2265819	-0.0710103	1.1201603	0.1778889	-0.0848172	1.1084535	0.0914208	0.0663081	0.9003986	0.1195345	0.0123467	0.8653575	0.1372776	-0.0362702	1.1486885	-0.4060169	-0.0687182	1.1355261	-0.3310335	0.0601181	0.9048535	-0.3562791	0.0039347	0.8849540	-0.3832457
352	5.8500000	-0.0213700	1.4450833	-0.0992400	-0.0037800	1.4325733	0.0807100	-0.0439500	1.1628333	0.1477000	0.0462500	0.9053433	0.1423300	-0.0093500	1.4537133	-0.2806700	-0.0227100	1.1955933	-0.3576800	0.0322700	0.9344333	-0.3764400	0.0544500	0.8926033	-0.1113000	0.0614800	0.8913433	0.0174900	0.0681900	0.4560133	-0.0204000	0.0799300	0.0712033	-0.0547100	0.0612600	0.8959633	-0.2407800	0.1451400	0.5231433	-0.2573500	-0.1788500	0.1931333	-0.1984100	-0.1070700	0.0643933	-0.2201400	-0.1122800	0.0726133	-0.2205800	-0.2198700	0.1809133	-0.1924000	0.2453500	0.0247133	-0.0438800	0.2369600	0.0256033	-0.0437400	0.0461600	0.0344633	-0.0636100	0.1167254	0.9758543	0.0792822	0.1229626	0.9612519	-0.3030325	-0.1022090	0.9915737	-0.0378451	-0.0992207	0.9859005	-0.1878532	0.0787185	0.4599161	0.0423031	0.0816606	0.4727608	-0.0841481	0.0636659	0.0612506	-0.0112173	0.0866444	0.0731452	-0.0977081	0.2214099	0.0350804	-0.0523989	0.1706822	0.0252816	0.0034528	-0.0008493	0.0399858	-0.0665996	0.1297423	0.4682416	-0.3301401	0.1509128	0.4721713	-0.2031069	-0.1924963	0.1928263	-0.2443755	-0.1626013	0.1893847	-0.1585127	-0.1171686	0.0770354	-0.2122137	-0.2556318	0.2310739	-0.1803708	-0.1571781	0.1055175	-0.2614385	-0.0182737	1.4822614	0.0798174	-0.0097668	1.5020372	-0.2710169	-0.1135413	1.4986759	-0.0954377	0.1301926	0.7278111	0.0818644	0.1068644	0.6200480	0.0899497	0.0125925	0.7162071	0.1090167	0.1387158	0.7452629	-0.3411367	0.1294208	0.6356289	-0.3603941	0.0192459	0.7153625	-0.3506187	0.0736227	0.3411210	0.0316854	0.1023168	0.2192082	0.0285356	0.0320229	0.2316282	0.0323097	0.0402407	0.3674333	-0.3084985	-0.0357606	0.2642924	-0.2983384	-0.0800769	0.3302078	-0.2997061	0.0147189	0.8673917	0.0040662	0.0184552	0.8589668	-0.2268075	-0.0574841	1.1227456	0.1799906	-0.0721074	1.1110506	0.0935863	0.0798175	0.9032731	0.1209321	0.0259638	0.8682085	0.1389043	-0.0267437	1.1519951	-0.4056516	-0.0585981	1.1386423	-0.3300778	0.0708270	0.9081927	-0.3568954	0.0140522	0.8882151	-0.3835373
353	5.8666667	-0.0097300	1.4473733	-0.0984500	0.0101800	1.4349233	0.0812000	-0.0324600	1.1664333	0.1489000	0.0583700	0.9079433	0.1434600	-0.0000800	1.4559133	-0.2799300	-0.0102400	1.1972133	-0.3556500	0.0448300	0.9365533	-0.3760200	0.0665200	0.8973533	-0.1103800	0.0731800	0.8955733	0.0185900	0.0728200	0.4552233	-0.0190400	0.0800700	0.0720133	-0.0547400	0.0736800	0.9012533	-0.2400200	0.1680200	0.5308333	-0.2540700	-0.1446100	0.1872833	-0.1976300	-0.0653900	0.0627233	-0.2184500	-0.0711200	0.0707633	-0.2191400	-0.1838100	0.1759533	-0.1912900	0.2463700	0.0253233	-0.0433300	0.2378100	0.0260133	-0.0430800	0.0469900	0.0356133	-0.0635000	0.1295042	0.9785660	0.0814684	0.1355585	0.9673924	-0.3022108	-0.0908611	0.9952644	-0.0367928	-0.0878884	0.9908362	-0.1873888	0.0788784	0.4627241	0.0438780	0.0831757	0.4756364	-0.0825674	0.0643930	0.0644566	-0.0105997	0.0885887	0.0762160	-0.0963863	0.2210454	0.0384904	-0.0506995	0.1699788	0.0279257	0.0043951	0.0008931	0.0429196	-0.0664478	0.1579951	0.4832719	-0.3288424	0.1790676	0.4873774	-0.2019754	-0.1510164	0.1946731	-0.2455541	-0.1212414	0.1919679	-0.1601379	-0.0741313	0.0797428	-0.2125611	-0.2139590	0.2303545	-0.1826107	-0.1142624	0.1075283	-0.2616075	-0.0035353	1.4890020	0.0820037	0.0001553	1.5079808	-0.2705322	-0.1023533	1.5051255	-0.0930846	0.1372157	0.7281726	0.0834675	0.1109716	0.6213758	0.0915753	0.0193547	0.7203321	0.1102129	0.1542274	0.7583349	-0.3398523	0.1499938	0.6494258	-0.3590782	0.0372053	0.7233386	-0.3500766	0.0734932	0.3447527	0.0329252	0.1023238	0.2228824	0.0297730	0.0316061	0.2347870	0.0327854	0.0732739	0.3788865	-0.3077248	0.0014597	0.2728816	-0.2983333	-0.0445521	0.3365179	-0.2995997	0.0265544	0.8712741	0.0051299	0.0301390	0.8648589	-0.2265795	-0.0434569	1.1281361	0.1821706	-0.0588089	1.1164696	0.0959246	0.0936035	0.9087665	0.1225709	0.0398222	0.8737860	0.1408279	-0.0162088	1.1577381	-0.4048214	-0.0475079	1.1442394	-0.3287280	0.0826068	0.9139633	-0.3570512	0.0252845	0.8939247	-0.3833746
354	5.8833333	0.0020500	1.4499033	-0.0976700	0.0234300	1.4376133	0.0816700	-0.0217900	1.1699433	0.1500700	0.0708500	0.9106033	0.1442600	0.0101400	1.4582633	-0.2790900	0.0021500	1.1998733	-0.3537800	0.0565300	0.9392633	-0.3753400	0.0800900	0.9021733	-0.1094100	0.0860300	0.8999433	0.0194600	0.0776700	0.4559333	-0.0182700	0.0806100	0.0733933	-0.0546400	0.0879100	0.9064833	-0.2388700	0.1897500	0.5377533	-0.2492600	-0.1082800	0.1807633	-0.1969900	-0.0191500	0.0614433	-0.2159500	-0.0253100	0.0688833	-0.2170100	-0.1464300	0.1697833	-0.1900800	0.2475200	0.0251433	-0.0433900	0.2388900	0.0256733	-0.0429900	0.0487000	0.0378333	-0.0625000	0.1437161	0.9815964	0.0835143	0.1495437	0.9734249	-0.3010749	-0.0779976	0.9988128	-0.0359725	-0.0750731	0.9954651	-0.1869569	0.0812082	0.4655629	0.0453263	0.0865707	0.4785810	-0.0810257	0.0662183	0.0672228	-0.0098533	0.0913507	0.0788783	-0.0949345	0.2218979	0.0407277	-0.0490806	0.1706373	0.0297563	0.0052946	0.0033446	0.0457068	-0.0660784	0.1837655	0.4963615	-0.3259315	0.2045089	0.5008371	-0.1989599	-0.1093801	0.1922564	-0.2456345	-0.0797758	0.1905119	-0.1604303	-0.0283023	0.0796384	-0.2113812	-0.1729966	0.2243508	-0.1839289	-0.0690418	0.1058533	-0.2605958	0.0124063	1.4953173	0.0836843	0.0112063	1.5132529	-0.2701584	-0.0898323	1.5108365	-0.0910304	0.1461613	0.7286806	0.0847557	0.1171457	0.6228030	0.0929517	0.0280867	0.7245302	0.1112705	0.1705020	0.7694884	-0.3379084	0.1700680	0.6612651	-0.3567901	0.0553656	0.7306819	-0.3490866	0.0753303	0.3481289	0.0341421	0.1039636	0.2260846	0.0310082	0.0328633	0.2377751	0.0333105	0.1045311	0.3880025	-0.3054996	0.0380324	0.2785996	-0.2969968	-0.0103471	0.3393736	-0.2982694	0.0399419	0.8753275	0.0060800	0.0433518	0.8706612	-0.2261855	-0.0285404	1.1334757	0.1840915	-0.0444832	1.1218571	0.0981032	0.1081198	0.9140701	0.1241352	0.0543986	0.8792204	0.1427061	-0.0042275	1.1631563	-0.4037905	-0.0350101	1.1495695	-0.3272829	0.0957522	0.9193443	-0.3570162	0.0379254	0.8993098	-0.3830152
355	5.9000000	0.0142000	1.4522933	-0.0967700	0.0363400	1.4400933	0.0824700	-0.0104400	1.1724633	0.1509000	0.0831400	0.9130233	0.1448800	0.0214800	1.4605233	-0.2782400	0.0142300	1.2029433	-0.3524100	0.0678300	0.9421433	-0.3743500	0.0941100	0.9054033	-0.1087400	0.0992600	0.9028133	0.0198400	0.0827000	0.4577333	-0.0180000	0.0824000	0.0751233	-0.0543500	0.1026000	0.9100633	-0.2378400	0.2104900	0.5434433	-0.2434500	-0.0696600	0.1743033	-0.1961900	0.0315400	0.0598433	-0.2130400	0.0252100	0.0668333	-0.2146300	-0.1080100	0.1620233	-0.1886700	0.2471200	0.0248533	-0.0449300	0.2384700	0.0252433	-0.0442300	0.0537800	0.0417633	-0.0610100	0.1581117	0.9831777	0.0850808	0.1640497	0.9777419	-0.2999634	-0.0646972	1.0006880	-0.0358206	-0.0617089	0.9983305	-0.1869988	0.0846683	0.4670835	0.0461558	0.0908040	0.4802528	-0.0799917	0.0684344	0.0687018	-0.0095560	0.0941732	0.0802959	-0.0939340	0.2228004	0.0409729	-0.0483794	0.1716518	0.0298909	0.0053670	0.0060676	0.0476376	-0.0659126	0.2071043	0.5059280	-0.3219230	0.2270981	0.5110254	-0.1945813	-0.0676914	0.1854667	-0.2450992	-0.0384270	0.1849415	-0.1598686	0.0197641	0.0768672	-0.2091157	-0.1327074	0.2131762	-0.1847965	-0.0218812	0.1006362	-0.2588752	0.0281794	1.4995315	0.0845753	0.0226311	1.5163078	-0.2701337	-0.0770271	1.5142249	-0.0897102	0.1557833	0.7278868	0.0853629	0.1242261	0.6229213	0.0936535	0.0377084	0.7271998	0.1117427	0.1870279	0.7773633	-0.3356245	0.1893966	0.6696818	-0.3539259	0.0732761	0.7357145	-0.3480828	0.0781914	0.3500450	0.0347608	0.1063665	0.2277710	0.0316354	0.0350349	0.2395187	0.0333628	0.1339771	0.3935629	-0.3023091	0.0738297	0.2806381	-0.2947632	0.0226045	0.3380397	-0.2962573	0.0537206	0.8778577	0.0065565	0.0571660	0.8747853	-0.2259851	-0.0138278	1.1371446	0.1854810	-0.0302324	1.1256033	0.0998025	0.1223297	0.9176383	0.1253218	0.0686627	0.8829304	0.1441961	0.0080722	1.1667869	-0.4028743	-0.0222335	1.1531731	-0.3260722	0.1090442	0.9229072	-0.3570863	0.0507691	0.9029301	-0.3827302
356	5.9166667	0.0257800	1.4543233	-0.0957000	0.0481600	1.4421433	0.0836900	0.0021500	1.1734933	0.1512100	0.0945000	0.9150433	0.1452300	0.0328500	1.4624933	-0.2773900	0.0263000	1.2055533	-0.3515900	0.0793000	0.9449833	-0.3732200	0.1076100	0.9068233	-0.1084400	0.1120300	0.9037233	0.0197300	0.0885700	0.4602333	-0.0182200	0.0845100	0.0770133	-0.0543400	0.1166600	0.9119933	-0.2370600	0.2296400	0.5476733	-0.2373700	-0.0293500	0.1650633	-0.1950900	0.0851000	0.0563733	-0.2109400	0.0789400	0.0633633	-0.2131700	-0.0686700	0.1495933	-0.1868000	0.2447600	0.0246133	-0.0473600	0.2362100	0.0248533	-0.0461000	0.0601300	0.0472433	-0.0605000	0.1716751	0.9830797	0.0861001	0.1782015	0.9800408	-0.2989909	-0.0519343	1.0008394	-0.0364419	-0.0487155	0.9993553	-0.1876452	0.0885846	0.4674506	0.0464446	0.0952351	0.4808148	-0.0794320	0.0705964	0.0692983	-0.0098708	0.0966283	0.0808637	-0.0935909	0.2229183	0.0397730	-0.0487770	0.1722593	0.0288716	0.0044278	0.0088325	0.0491528	-0.0660955	0.2277784	0.5120684	-0.3171590	0.2465817	0.5180105	-0.1891972	-0.0260170	0.1750559	-0.2441736	0.0027197	0.1759914	-0.1586928	0.0695660	0.0723925	-0.2062582	-0.0929436	0.1976254	-0.1852870	0.0268786	0.0929834	-0.2568489	0.0427191	1.5015167	0.0848635	0.0335883	1.5172492	-0.2704762	-0.0649177	1.5154186	-0.0891135	0.1650227	0.7258853	0.0853310	0.1313043	0.6218492	0.0937360	0.0473306	0.7282604	0.1116303	0.2031167	0.7820244	-0.3331872	0.2074860	0.6747578	-0.3507276	0.0902538	0.7383193	-0.3472266	0.0814808	0.3507193	0.0347632	0.1089833	0.2282065	0.0315431	0.0376115	0.2403303	0.0329175	0.1614280	0.3958444	-0.2984610	0.1086819	0.2794901	-0.2919164	0.0542235	0.3329850	-0.2938332	0.0668681	0.8786929	0.0065096	0.0706432	0.8770189	-0.2260567	-0.0001224	1.1389668	0.1863602	-0.0168902	1.1275359	0.1009897	0.1354482	0.9193209	0.1261091	0.0818139	0.8847663	0.1452395	0.0198669	1.1685883	-0.4021484	-0.0100106	1.1549931	-0.3251516	0.1216638	0.9246812	-0.3572953	0.0630204	0.9047707	-0.3825419
357	5.9333333	0.0364000	1.4559833	-0.0946100	0.0585400	1.4437833	0.0849200	0.0148900	1.1737333	0.1512000	0.1051600	0.9166333	0.1451300	0.0437300	1.4641233	-0.2764400	0.0382000	1.2074733	-0.3512700	0.0909000	0.9473733	-0.3721200	0.1209200	0.9068533	-0.1083100	0.1245200	0.9031433	0.0193900	0.0952000	0.4624333	-0.0187200	0.0861300	0.0786733	-0.0550500	0.1306100	0.9125333	-0.2363700	0.2458700	0.5494333	-0.2317900	0.0127000	0.1512933	-0.1940200	0.1370800	0.0506633	-0.2106300	0.1316300	0.0571033	-0.2133600	-0.0263300	0.1314433	-0.1846800	0.2422700	0.0234333	-0.0491100	0.2339200	0.0236633	-0.0471300	0.0650200	0.0531833	-0.0623000	0.1847421	0.9817686	0.0867267	0.1923043	0.9806761	-0.2979663	-0.0392997	0.9997482	-0.0375189	-0.0356917	0.9989738	-0.1885704	0.0932626	0.4672085	0.0465493	0.1003638	0.4808270	-0.0790061	0.0729538	0.0696833	-0.0107165	0.0991337	0.0812568	-0.0938127	0.2225543	0.0378496	-0.0498374	0.1726111	0.0274548	0.0028327	0.0119389	0.0509745	-0.0666861	0.2457912	0.5152027	-0.3118911	0.2632225	0.5220903	-0.1831595	0.0160844	0.1618042	-0.2429369	0.0442825	0.1643192	-0.1570781	0.1206140	0.0667886	-0.2033438	-0.0526744	0.1785675	-0.1852467	0.0768994	0.0838036	-0.2548310	0.0561044	1.5018136	0.0849795	0.0442006	1.5168166	-0.2709235	-0.0533945	1.5150687	-0.0888566	0.1740645	0.7231706	0.0850372	0.1385760	0.6200937	0.0935670	0.0571656	0.7281832	0.1111749	0.2188755	0.7838786	-0.3306955	0.2243603	0.6769351	-0.3473265	0.1063255	0.7390077	-0.3463447	0.0854837	0.3507387	0.0344475	0.1120760	0.2279966	0.0309690	0.0408134	0.2408374	0.0321620	0.1869618	0.3953988	-0.2941896	0.1427243	0.2758329	-0.2887150	0.0847754	0.3248673	-0.2910500	0.0797331	0.8782939	0.0061475	0.0841120	0.8777542	-0.2261704	0.0129093	1.1394189	0.1869534	-0.0041193	1.1281231	0.1018634	0.1478774	0.9196141	0.1266971	0.0942548	0.8852026	0.1460040	0.0315181	1.1691060	-0.4014468	0.0020066	1.1555425	-0.3243336	0.1340271	0.9252209	-0.3574386	0.0751017	0.9053541	-0.3822546
358	5.9500000	0.0471000	1.4571733	-0.0938000	0.0688500	1.4449333	0.0856700	0.0263500	1.1741833	0.1512600	0.1157400	0.9177533	0.1446200	0.0547600	1.4653133	-0.2755400	0.0492500	1.2087133	-0.3514900	0.1021100	0.9487533	-0.3710500	0.1341200	0.9056833	-0.1081600	0.1365400	0.9018133	0.0190500	0.1014800	0.4629933	-0.0190800	0.0870800	0.0786933	-0.0559800	0.1447900	0.9115833	-0.2356000	0.2578600	0.5483733	-0.2270200	0.0568600	0.1355433	-0.1931500	0.1860200	0.0428533	-0.2108800	0.1810400	0.0484833	-0.2140100	0.0191700	0.1106833	-0.1826600	0.2416600	0.0207733	-0.0494400	0.2335900	0.0213033	-0.0467800	0.0662800	0.0547033	-0.0650400	0.1975009	0.9794437	0.0871280	0.2064229	0.9798417	-0.2967396	-0.0266308	0.9976537	-0.0386090	-0.0225158	0.9974202	-0.1893392	0.0984676	0.4662885	0.0466303	0.1061957	0.4801999	-0.0786580	0.0751416	0.0696431	-0.0118783	0.1015596	0.0812580	-0.0944234	0.2219526	0.0352864	-0.0510209	0.1726694	0.0255120	0.0011202	0.0149101	0.0526661	-0.0676964	0.2606956	0.5153746	-0.3064237	0.2768682	0.5232093	-0.1769094	0.0584033	0.1462949	-0.2413702	0.0862643	0.1504111	-0.1551474	0.1715336	0.0600722	-0.2006649	-0.0114133	0.1568576	-0.1845689	0.1269793	0.0734198	-0.2528914	0.0685287	1.5008390	0.0852216	0.0545304	1.5154371	-0.2712696	-0.0423546	1.5135631	-0.0885519	0.1829791	0.7197129	0.0848535	0.1459455	0.6176084	0.0934552	0.0669823	0.7271167	0.1106276	0.2339763	0.7830306	-0.3282390	0.2395998	0.6763205	-0.3438636	0.1211495	0.7380125	-0.3452537	0.0898791	0.3500602	0.0340312	0.1153269	0.2270984	0.0302456	0.0442203	0.2408568	0.0312239	0.2100931	0.3924211	-0.2897355	0.1754262	0.2699978	-0.2853761	0.1139478	0.3141040	-0.2879146	0.0924150	0.8768514	0.0056947	0.0975977	0.8771796	-0.2261151	0.0252887	1.1387918	0.1874676	0.0080819	1.1276388	0.1026080	0.1597571	0.9188591	0.1272231	0.1061386	0.8845254	0.1466239	0.0430271	1.1686024	-0.4006777	0.0137995	1.1550705	-0.3235153	0.1461895	0.9247625	-0.3573707	0.0870449	0.9049047	-0.3817605
359	5.9666667	0.0586100	1.4577933	-0.0933900	0.0800500	1.4455233	0.0859700	0.0367000	1.1749333	0.1514600	0.1262100	0.9182133	0.1438800	0.0665100	1.4659233	-0.2749800	0.0594100	1.2093033	-0.3522000	0.1130500	0.9490333	-0.3699700	0.1461100	0.9041633	-0.1079100	0.1469400	0.9003433	0.0189300	0.1070100	0.4618533	-0.0190900	0.0866200	0.0773733	-0.0564300	0.1581700	0.9100633	-0.2348400	0.2666900	0.5440333	-0.2225700	0.1021000	0.1212233	-0.1920100	0.2353600	0.0355933	-0.2093200	0.2303400	0.0399233	-0.2126800	0.0642600	0.0918933	-0.1807500	0.2415100	0.0175133	-0.0491100	0.2338600	0.0187333	-0.0459300	0.0620400	0.0507633	-0.0673500	0.2088947	0.9769806	0.0873840	0.2195443	0.9784218	-0.2952848	-0.0150258	0.9954224	-0.0395556	-0.0102614	0.9955675	-0.1898065	0.1029942	0.4651758	0.0466189	0.1115970	0.4793983	-0.0785459	0.0756574	0.0694717	-0.0131157	0.1025143	0.0811671	-0.0952539	0.2203375	0.0328351	-0.0520208	0.1714294	0.0234937	-0.0003480	0.0160382	0.0541099	-0.0690322	0.2719569	0.5134685	-0.3008345	0.2869617	0.5222727	-0.1705364	0.1000213	0.1303186	-0.2392726	0.1276987	0.1360848	-0.1527082	0.2208741	0.0534478	-0.1977997	0.0300794	0.1346716	-0.1832105	0.1758152	0.0630879	-0.2506359	0.0794588	1.4995480	0.0855974	0.0641340	1.5140152	-0.2714407	-0.0323444	1.5118723	-0.0881182	0.1908683	0.7161750	0.0848807	0.1523763	0.6149863	0.0934604	0.0754941	0.7258102	0.1101195	0.2474885	0.7805015	-0.3256736	0.2524327	0.6738711	-0.3402849	0.1338338	0.7361294	-0.3439213	0.0933156	0.3491657	0.0335750	0.1173533	0.2260101	0.0295894	0.0463805	0.2407103	0.0301838	0.2301096	0.3879816	-0.2851175	0.2058735	0.2632787	-0.2818213	0.1410398	0.3021124	-0.2843606	0.1037691	0.8751989	0.0052660	0.1099864	0.8761374	-0.2258122	0.0361671	1.1379626	0.1879866	0.0187821	1.1269540	0.1032835	0.1702677	0.9179537	0.1276643	0.1166382	0.8836253	0.1471079	0.0534741	1.1678850	-0.3999188	0.0244078	1.1543975	-0.3227641	0.1572414	0.9241171	-0.3570842	0.0979238	0.9042255	-0.3811255
360	5.9833333	0.0704000	1.4579433	-0.0932000	0.0913600	1.4456333	0.0860200	0.0474000	1.1755733	0.1515300	0.1362000	0.9180233	0.1430000	0.0786700	1.4660933	-0.2746000	0.0695200	1.2091833	-0.3530500	0.1243100	0.9487833	-0.3687700	0.1556700	0.9040933	-0.1075800	0.1547000	0.9000733	0.0190700	0.1124400	0.4601033	-0.0188300	0.0870800	0.0760433	-0.0553600	0.1694100	0.9101533	-0.2341600	0.2748200	0.5377633	-0.2180100	0.1458500	0.1103033	-0.1906000	0.2853300	0.0346233	-0.2067400	0.2796400	0.0377833	-0.2101200	0.1062800	0.0782333	-0.1791200	0.2402400	0.0140333	-0.0487300	0.2332300	0.0162433	-0.0452300	0.0595500	0.0452033	-0.0670900	0.2176057	0.9761859	0.0875522	0.2305643	0.9782364	-0.2936532	-0.0057820	0.9948661	-0.0404702	-0.0001475	0.9952420	-0.1901228	0.1061575	0.4652516	0.0465298	0.1156832	0.4797461	-0.0786345	0.0745320	0.0704251	-0.0140153	0.1018817	0.0822307	-0.0959144	0.2175977	0.0320681	-0.0526115	0.1689113	0.0228664	-0.0013048	0.0154036	0.0562694	-0.0701665	0.2798458	0.5116545	-0.2951936	0.2935354	0.5214466	-0.1640867	0.1400468	0.1169883	-0.2366292	0.1674645	0.1244603	-0.1496886	0.2676056	0.0500710	-0.1945152	0.0706421	0.1152309	-0.1812558	0.2224594	0.0559255	-0.2479006	0.0885092	1.4995938	0.0859290	0.0727972	1.5140358	-0.2714762	-0.0236445	1.5117998	-0.0877736	0.1968311	0.7144171	0.0849647	0.1570854	0.6139119	0.0934948	0.0817338	0.7259280	0.1096759	0.2587671	0.7785447	-0.3227443	0.2626162	0.6717986	-0.3364800	0.1439027	0.7352032	-0.3424944	0.0952868	0.3494309	0.0332079	0.1178801	0.2261575	0.0292080	0.0470431	0.2416312	0.0293106	0.2469744	0.3844372	-0.2803695	0.2336247	0.2582741	-0.2779666	0.1657957	0.2916177	-0.2805279	0.1125030	0.8751239	0.0048575	0.1201176	0.8764260	-0.2253329	0.0449585	1.1385760	0.1884507	0.0272904	1.1277125	0.1038311	0.1786841	0.9184596	0.1278866	0.1249868	0.8841523	0.1473753	0.0622081	1.1685424	-0.3993076	0.0331200	1.1551366	-0.3222098	0.1664700	0.9249098	-0.3566230	0.1070511	0.9049380	-0.3804903
361	6.0000000	0.0819500	1.4579033	-0.0930900	0.1022100	1.4455033	0.0858000	0.0592700	1.1762333	0.1512200	0.1456600	0.9174833	0.1419700	0.0907700	1.4661333	-0.2740700	0.0803000	1.2088733	-0.3535000	0.1361000	0.9486933	-0.3674700	0.1629100	0.9069033	-0.1073900	0.1603500	0.9023433	0.0191300	0.1180000	0.4586533	-0.0184100	0.0905200	0.0768733	-0.0535800	0.1781800	0.9132333	-0.2336600	0.2836500	0.5311633	-0.2135000	0.1882200	0.1020733	-0.1895800	0.3357500	0.0369333	-0.2042900	0.3292700	0.0386933	-0.2072900	0.1482800	0.0680433	-0.1782700	0.2392100	0.0123933	-0.0481100	0.2326100	0.0157033	-0.0444900	0.0634800	0.0438533	-0.0656200	0.2236669	0.9785165	0.0873760	0.2395827	0.9807262	-0.2919839	0.0012212	0.9973583	-0.0417085	0.0079696	0.9978092	-0.1906034	0.1085471	0.4676493	0.0461680	0.1189650	0.4823553	-0.0789346	0.0737104	0.0736108	-0.0145494	0.1015454	0.0855689	-0.0962232	0.2152118	0.0340124	-0.0527635	0.1667676	0.0248274	-0.0018522	0.0152213	0.0602691	-0.0708694	0.2856459	0.5115073	-0.2896254	0.2976831	0.5223009	-0.1576272	0.1792967	0.1080927	-0.2340294	0.2061785	0.1173314	-0.1466063	0.3126657	0.0513680	-0.1909604	0.1108000	0.1005316	-0.1794479	0.2678875	0.0534159	-0.2450288	0.0963724	1.5019769	0.0859737	0.0813551	1.5165155	-0.2714124	-0.0154637	1.5145878	-0.0878237	0.2010882	0.7159877	0.0847558	0.1604572	0.6157774	0.0932278	0.0860488	0.7287546	0.1089096	0.2683855	0.7788575	-0.3194354	0.2710333	0.6717464	-0.3325059	0.1520585	0.7366456	-0.3412555	0.0967478	0.3520326	0.0327738	0.1182158	0.2288060	0.0289662	0.0475824	0.2446425	0.0285245	0.2619132	0.3834358	-0.2757089	0.2597603	0.2567619	-0.2740901	0.1893220	0.2842522	-0.2768913	0.1187292	0.8780546	0.0041967	0.1281416	0.8794579	-0.2248763	0.0524145	1.1417904	0.1885917	0.0343116	1.1310629	0.1040151	0.1855322	0.9213636	0.1276293	0.1316524	0.8872241	0.1472107	0.0699355	1.1717206	-0.3990387	0.0405950	1.1584477	-0.3220507	0.1744699	0.9282855	-0.3561262	0.1150690	0.9082082	-0.3800772
362	6.0166667	0.0932700	1.4577733	-0.0931600	0.1128400	1.4452533	0.0853000	0.0716900	1.1765333	0.1506400	0.1550000	0.9164433	0.1409100	0.1025700	1.4661233	-0.2736200	0.0920200	1.2086933	-0.3533900	0.1480400	0.9487333	-0.3663900	0.1694300	0.9099633	-0.1073600	0.1657500	0.9052133	0.0189600	0.1235700	0.4573833	-0.0180000	0.0955800	0.0782733	-0.0522000	0.1857600	0.9162133	-0.2333100	0.2925700	0.5244433	-0.2095300	0.2289200	0.0948533	-0.1894300	0.3830500	0.0414233	-0.2022400	0.3757700	0.0420333	-0.2047800	0.1891200	0.0596933	-0.1783500	0.2409900	0.0137233	-0.0463400	0.2342800	0.0177333	-0.0428700	0.0705600	0.0446633	-0.0641300	0.2286675	0.9814265	0.0868589	0.2479982	0.9833213	-0.2903943	0.0075873	1.0002074	-0.0431593	0.0156133	1.0005643	-0.1911803	0.1116083	0.4697598	0.0457477	0.1229350	0.4846366	-0.0791468	0.0751535	0.0765245	-0.0146685	0.1034994	0.0886917	-0.0960676	0.2151230	0.0362614	-0.0522965	0.1669026	0.0269955	-0.0018854	0.0175332	0.0635938	-0.0710855	0.2914775	0.5107452	-0.2842380	0.3016243	0.5224291	-0.1513487	0.2186098	0.1015793	-0.2318612	0.2446904	0.1125088	-0.1438877	0.3569087	0.0550380	-0.1874508	0.1512618	0.0885775	-0.1782209	0.3128702	0.0533427	-0.2423214	0.1046313	1.5039879	0.0857686	0.0911682	1.5187725	-0.2712021	-0.0062412	1.5175392	-0.0881486	0.2051397	0.7182314	0.0843580	0.1639626	0.6179442	0.0927923	0.0900387	0.7316333	0.1078534	0.2779274	0.7790338	-0.3158128	0.2794552	0.6713810	-0.3284257	0.1600269	0.7380021	-0.3402040	0.0992824	0.3543802	0.0324276	0.1200664	0.2313738	0.0289462	0.0497211	0.2472034	0.0279265	0.2767347	0.3827337	-0.2713015	0.2856398	0.2565182	-0.2704186	0.2130883	0.2779437	-0.2737099	0.1241531	0.8813341	0.0033202	0.1356457	0.8825584	-0.2244749	0.0602882	1.1449288	0.1884282	0.0416407	1.1342991	0.1038639	0.1924493	0.9238837	0.1269635	0.1382585	0.8901079	0.1466871	0.0783717	1.1747516	-0.3990444	0.0485676	1.1616488	-0.3222168	0.1829369	0.9315489	-0.3555399	0.1236936	0.9113743	-0.3798346
363	6.0333333	0.1045900	1.4573033	-0.0936200	0.1239000	1.4447433	0.0845700	0.0830900	1.1756333	0.1501200	0.1646300	0.9151733	0.1401600	0.1140300	1.4657033	-0.2737800	0.1044600	1.2080333	-0.3530500	0.1596700	0.9481933	-0.3658500	0.1769700	0.9099233	-0.1071800	0.1724100	0.9055733	0.0189900	0.1299200	0.4556833	-0.0177000	0.1001700	0.0795233	-0.0516800	0.1941100	0.9157133	-0.2329000	0.3006400	0.5172633	-0.2061600	0.2659300	0.0895633	-0.1895200	0.4246900	0.0460833	-0.1993000	0.4168800	0.0457933	-0.2014900	0.2256300	0.0528533	-0.1789100	0.2457300	0.0171633	-0.0430100	0.2384500	0.0214633	-0.0399600	0.0761200	0.0452433	-0.0630300	0.2344839	0.9815750	0.0863433	0.2572543	0.9827281	-0.2887431	0.0150916	1.0000730	-0.0442613	0.0243930	1.0001775	-0.1913672	0.1166715	0.4685201	0.0457783	0.1290225	0.4835509	-0.0788069	0.0794685	0.0765702	-0.0141643	0.1084262	0.0889904	-0.0952849	0.2184879	0.0363845	-0.0508298	0.1701833	0.0269021	-0.0010360	0.0227146	0.0636570	-0.0707295	0.2987300	0.5066917	-0.2790171	0.3069026	0.5190049	-0.1454101	0.2571291	0.0949154	-0.2300377	0.2821909	0.1072782	-0.1415561	0.3994760	0.0579071	-0.1839285	0.1909942	0.0770648	-0.1775330	0.3564229	0.0527451	-0.2396362	0.1147384	1.5026800	0.0855322	0.1029576	1.5178089	-0.2707353	0.0051192	1.5174516	-0.0883291	0.2106480	0.7177288	0.0842646	0.1691071	0.6171273	0.0927050	0.0953384	0.7313091	0.1070039	0.2885965	0.7760248	-0.3118137	0.2891293	0.6678300	-0.3241551	0.1693065	0.7362745	-0.3389723	0.1040232	0.3534958	0.0325955	0.1243498	0.2309385	0.0294578	0.0543407	0.2465957	0.0278762	0.2922579	0.3795944	-0.2671139	0.3113251	0.2546988	-0.2669142	0.2373014	0.2702699	-0.2708750	0.1306807	0.8815863	0.0026401	0.1442712	0.8823767	-0.2238378	0.0698257	1.1448740	0.1883480	0.0506575	1.1342850	0.1037385	0.2008179	0.9230106	0.1263608	0.1462703	0.8896975	0.1462317	0.0887987	1.1745231	-0.3989598	0.0584171	1.1615809	-0.3223288	0.1932550	0.9315494	-0.3546099	0.1342686	0.9113024	-0.3793980
364	6.0500000	0.1161600	1.4563033	-0.0945100	0.1356300	1.4438433	0.0836600	0.0924700	1.1736633	0.1497700	0.1748300	0.9137033	0.1399400	0.1253800	1.4646133	-0.2746700	0.1172600	1.2060933	-0.3529200	0.1710000	0.9465633	-0.3657900	0.1865000	0.9075933	-0.1067200	0.1810100	0.9037733	0.0194500	0.1380300	0.4537133	-0.0173800	0.1034400	0.0799533	-0.0514300	0.2045400	0.9129033	-0.2323700	0.3077100	0.5107533	-0.2029700	0.2988100	0.0873433	-0.1885100	0.4596600	0.0515733	-0.1954900	0.4514800	0.0508733	-0.1974600	0.2574800	0.0486533	-0.1787600	0.2512900	0.0215633	-0.0389300	0.2433400	0.0257933	-0.0364500	0.0784600	0.0440433	-0.0615500	0.2423926	0.9796801	0.0860052	0.2679878	0.9798829	-0.2871149	0.0247103	0.9976612	-0.0446162	0.0350452	0.9974314	-0.1908718	0.1244310	0.4649825	0.0464256	0.1377608	0.4801177	-0.0779221	0.0862219	0.0749998	-0.0129660	0.1157651	0.0876518	-0.0939548	0.2253269	0.0358197	-0.0484920	0.1765113	0.0259268	0.0007369	0.0299000	0.0616836	-0.0697749	0.3075534	0.5006911	-0.2741144	0.3137937	0.5133444	-0.1401718	0.2927529	0.0891210	-0.2282810	0.3166293	0.1025572	-0.1395063	0.4381258	0.0605164	-0.1805503	0.2277552	0.0672055	-0.1770038	0.3961920	0.0524201	-0.2368973	0.1270773	1.4994445	0.0851732	0.1162917	1.5146402	-0.2703960	0.0184940	1.5152264	-0.0883334	0.2187209	0.7151178	0.0846518	0.1768542	0.6141344	0.0931803	0.1030564	0.7286990	0.1067734	0.3006049	0.7708356	-0.3076013	0.3002175	0.6622467	-0.3198011	0.1804229	0.7325293	-0.3373280	0.1113904	0.3504665	0.0334304	0.1312006	0.2285623	0.0305666	0.0614920	0.2440911	0.0285824	0.3080718	0.3751250	-0.2631735	0.3356711	0.2521071	-0.2635263	0.2609138	0.2625735	-0.2681924	0.1394784	0.8795457	0.0024135	0.1547931	0.8797753	-0.2228670	0.0812056	1.1426402	0.1884636	0.0616994	1.1320457	0.1037660	0.2110711	0.9199767	0.1260713	0.1562494	0.8870764	0.1460412	0.1014658	1.1720384	-0.3986320	0.0705006	1.1592053	-0.3222271	0.2057629	0.9292180	-0.3533627	0.1470516	0.9089332	-0.3786457
365	6.0666667	0.1276000	1.4549533	-0.0957500	0.1469400	1.4427733	0.0826500	0.1007700	1.1717433	0.1491900	0.1853100	0.9124833	0.1402300	0.1369600	1.4629733	-0.2761200	0.1299900	1.2031533	-0.3532800	0.1821500	0.9439333	-0.3660400	0.1980900	0.9048833	-0.1062100	0.1914500	0.9018833	0.0200200	0.1474300	0.4522433	-0.0169200	0.1037900	0.0805133	-0.0517100	0.2171800	0.9097533	-0.2318600	0.3140800	0.5060933	-0.1996100	0.3272000	0.0886933	-0.1859100	0.4893300	0.0580933	-0.1915100	0.4810300	0.0571533	-0.1932200	0.2862200	0.0480733	-0.1771800	0.2552300	0.0266433	-0.0352900	0.2466500	0.0305733	-0.0333700	0.0781200	0.0439033	-0.0602100	0.2524574	0.9775342	0.0857519	0.2802993	0.9769133	-0.2857798	0.0364604	0.9947170	-0.0445453	0.0476104	0.9941973	-0.1900896	0.1342039	0.4613562	0.0473989	0.1485406	0.4765269	-0.0768749	0.0930061	0.0740331	-0.0115841	0.1231621	0.0868238	-0.0926007	0.2332367	0.0363299	-0.0458327	0.1834262	0.0260110	0.0028960	0.0364786	0.0601499	-0.0688148	0.3176155	0.4949689	-0.2697825	0.3219633	0.5077642	-0.1358851	0.3242308	0.0858258	-0.2263641	0.3467510	0.1000043	-0.1375316	0.4716761	0.0641895	-0.1772721	0.2601117	0.0607391	-0.1763021	0.4309132	0.0537613	-0.2340060	0.1407979	1.4964628	0.0844552	0.1304988	1.5113677	-0.2706631	0.0329681	1.5127191	-0.0885574	0.2291599	0.7120870	0.0853907	0.1867968	0.6108705	0.0940356	0.1129230	0.7257933	0.1069904	0.3137701	0.7655474	-0.3035603	0.3124709	0.6567509	-0.3156941	0.1933354	0.7287568	-0.3355476	0.1202441	0.3474785	0.0345921	0.1389714	0.2263611	0.0318829	0.0694984	0.2420155	0.0296225	0.3236531	0.3712818	-0.2596220	0.3579075	0.2503979	-0.2602841	0.2830618	0.2567949	-0.2655972	0.1505987	0.8769979	0.0024344	0.1672826	0.8767369	-0.2218763	0.0938661	1.1402440	0.1884760	0.0742801	1.1296101	0.1037146	0.2227985	0.9169425	0.1259304	0.1678508	0.8843148	0.1459221	0.1157969	1.1692442	-0.3982826	0.0843034	1.1564728	-0.3221436	0.2199019	0.9264361	-0.3521504	0.1614190	0.9061666	-0.3778327
366	6.0833333	0.1382900	1.4535033	-0.0972200	0.1565200	1.4417933	0.0816700	0.1097500	1.1705633	0.1479100	0.1953900	0.9116633	0.1409200	0.1488300	1.4610333	-0.2779300	0.1419000	1.2002133	-0.3541500	0.1932600	0.9410033	-0.3662900	0.2100900	0.9024333	-0.1057700	0.2026200	0.9000233	0.0205600	0.1563800	0.4511733	-0.0163000	0.1019300	0.0795433	-0.0525000	0.2299800	0.9067333	-0.2314400	0.3199400	0.5028133	-0.1963000	0.3507200	0.0907933	-0.1823500	0.5140200	0.0640033	-0.1881400	0.5056900	0.0630433	-0.1895500	0.3120100	0.0492033	-0.1744100	0.2579200	0.0325833	-0.0328000	0.2486100	0.0361033	-0.0314000	0.0777500	0.0454033	-0.0593400	0.2629874	0.9756191	0.0856285	0.2927831	0.9744606	-0.2847362	0.0485535	0.9918984	-0.0444072	0.0604136	0.9911916	-0.1894117	0.1441195	0.4583362	0.0485099	0.1594803	0.4734828	-0.0759189	0.0975745	0.0741608	-0.0105275	0.1283710	0.0869672	-0.0917142	0.2395529	0.0381989	-0.0434241	0.1884206	0.0274817	0.0048612	0.0402917	0.0596385	-0.0683696	0.3271706	0.4902713	-0.2660808	0.3297016	0.5030653	-0.1324879	0.3500814	0.0847445	-0.2240755	0.3711699	0.0994141	-0.1353914	0.4987488	0.0685773	-0.1741416	0.2865610	0.0573477	-0.1750543	0.4591667	0.0564141	-0.2309859	0.1538535	1.4943581	0.0833412	0.1438543	1.5085648	-0.2716543	0.0465722	1.5105626	-0.0892900	0.2401010	0.7092165	0.0863867	0.1970767	0.6079623	0.0951306	0.1231302	0.7232560	0.1074599	0.3265427	0.7608598	-0.2999545	0.3242700	0.6520488	-0.3120379	0.2063303	0.7256327	-0.3338668	0.1286183	0.3451523	0.0357795	0.1455902	0.2248397	0.0330492	0.0762826	0.2409975	0.0305899	0.3373594	0.3685135	-0.2564215	0.3765710	0.2497252	-0.2571114	0.3020375	0.2530803	-0.2629882	0.1622540	0.8745703	0.0025158	0.1801244	0.8739871	-0.2210796	0.1060848	1.1383428	0.1882291	0.0866292	1.1276472	0.1034575	0.2342810	0.9145637	0.1258317	0.1793153	0.8820899	0.1457637	0.1299672	1.1667439	-0.3980623	0.0980024	1.1540253	-0.3222217	0.2338383	0.9238244	-0.3511181	0.1755266	0.9036187	-0.3770935
367	6.1000000	0.1482800	1.4520533	-0.0987600	0.1647400	1.4407633	0.0806200	0.1198500	1.1697333	0.1460200	0.2048400	0.9111033	0.1417900	0.1606300	1.4591233	-0.2797100	0.1526700	1.1976533	-0.3553100	0.2049000	0.9384433	-0.3662700	0.2212100	0.8988833	-0.1051800	0.2138000	0.8972533	0.0212900	0.1636100	0.4496533	-0.0155000	0.0990500	0.0750933	-0.0535500	0.2410400	0.9024833	-0.2310200	0.3257700	0.4993833	-0.1934800	0.3680300	0.0908333	-0.1784700	0.5326200	0.0666133	-0.1860400	0.5243600	0.0657133	-0.1871400	0.3323000	0.0493233	-0.1708200	0.2624500	0.0383633	-0.0316900	0.2524000	0.0412233	-0.0306400	0.0775300	0.0436733	-0.0584000	0.2729799	0.9724230	0.0859179	0.3042275	0.9711079	-0.2838252	0.0596428	0.9880232	-0.0439508	0.0720365	0.9872710	-0.1886488	0.1529164	0.4544750	0.0498847	0.1690445	0.4695763	-0.0750522	0.0994822	0.0735087	-0.0096759	0.1307546	0.0862424	-0.0912722	0.2438265	0.0398680	-0.0414611	0.1912691	0.0285901	0.0066020	0.0408534	0.0580511	-0.0682621	0.3350304	0.4853293	-0.2627835	0.3359444	0.4980498	-0.1294980	0.3692481	0.0835298	-0.2213047	0.3890159	0.0985067	-0.1328538	0.5185053	0.0712114	-0.1712998	0.3060650	0.0546660	-0.1729824	0.4799700	0.0578872	-0.2280039	0.1651137	1.4917886	0.0821992	0.1552488	1.5049384	-0.2730898	0.0580475	1.5075412	-0.0902923	0.2504503	0.7050439	0.0877510	0.2065899	0.6039440	0.0966081	0.1325640	0.7197086	0.1085161	0.3377514	0.7554988	-0.2968899	0.3344156	0.6468574	-0.3088531	0.2179123	0.7218135	-0.3322273	0.1354651	0.3419944	0.0370981	0.1503125	0.2224073	0.0341573	0.0810681	0.2393030	0.0316908	0.3480323	0.3652415	-0.2533409	0.3906346	0.2481933	-0.2539005	0.3165796	0.2495499	-0.2601684	0.1731289	0.8709302	0.0029175	0.1918794	0.8702523	-0.2202976	0.1168252	1.1356307	0.1879744	0.0976028	1.1248593	0.1031961	0.2444628	0.9114758	0.1259673	0.1895066	0.8790966	0.1457520	0.1428593	1.1632370	-0.3978538	0.1104472	1.1505776	-0.3223036	0.2465648	0.9201857	-0.3500196	0.1883894	0.9000409	-0.3762365
368	6.1166667	0.1581600	1.4506433	-0.1003500	0.1730300	1.4395433	0.0792100	0.1305700	1.1684033	0.1440900	0.2139500	0.9105333	0.1424900	0.1720500	1.4574933	-0.2812100	0.1632400	1.1955233	-0.3566000	0.2172800	0.9363033	-0.3661500	0.2318700	0.8944033	-0.1045900	0.2252400	0.8934533	0.0220700	0.1694300	0.4475633	-0.0145800	0.0969200	0.0676533	-0.0543900	0.2509600	0.8974033	-0.2307200	0.3320300	0.4958633	-0.1914100	0.3787600	0.0885133	-0.1743000	0.5443800	0.0652833	-0.1850600	0.5362500	0.0645133	-0.1858600	0.3454100	0.0478533	-0.1664500	0.2683400	0.0428733	-0.0316700	0.2575300	0.0452333	-0.0308800	0.0747800	0.0371633	-0.0579300	0.2830994	0.9680017	0.0864412	0.3150723	0.9669776	-0.2832565	0.0701785	0.9834226	-0.0432401	0.0828466	0.9827920	-0.1878803	0.1609104	0.4498568	0.0512887	0.1773667	0.4649223	-0.0745356	0.0997300	0.0716092	-0.0091385	0.1311849	0.0842204	-0.0914155	0.2471331	0.0410412	-0.0403290	0.1932068	0.0288649	0.0078417	0.0391137	0.0547295	-0.0685202	0.3417527	0.4802099	-0.2600705	0.3414240	0.4928499	-0.1269720	0.3820582	0.0814443	-0.2182941	0.4008091	0.0965940	-0.1301047	0.5315318	0.0711612	-0.1691498	0.3189428	0.0519583	-0.1702326	0.4937272	0.0571771	-0.2254613	0.1752371	1.4888733	0.0809571	0.1653176	1.5007924	-0.2749419	0.0679914	1.5039263	-0.0915703	0.2607251	0.6996134	0.0891822	0.2158136	0.5988681	0.0982037	0.1417377	0.7153061	0.1100638	0.3478607	0.7496255	-0.2947688	0.3433706	0.6412910	-0.3064748	0.2282996	0.7174241	-0.3308238	0.1412865	0.3379999	0.0383525	0.1538827	0.2189381	0.0350448	0.0845719	0.2366489	0.0327991	0.3561529	0.3612967	-0.2505593	0.4005537	0.2453861	-0.2509114	0.3270121	0.2458122	-0.2573105	0.1836502	0.8662731	0.0035234	0.2028399	0.8657683	-0.2196659	0.1267063	1.1322661	0.1876054	0.1077577	1.1214188	0.1027795	0.2539794	0.9077909	0.1261615	0.1990171	0.8754751	0.1457108	0.1550942	1.1589743	-0.3978562	0.1222093	1.1463555	-0.3225673	0.2587982	0.9158443	-0.3489643	0.2007323	0.8957017	-0.3754376
369	6.1333333	0.1683600	1.4494233	-0.1021200	0.1821700	1.4383833	0.0772800	0.1416800	1.1668033	0.1423900	0.2230100	0.9097633	0.1428100	0.1831700	1.4562433	-0.2826400	0.1742900	1.1937533	-0.3581500	0.2298200	0.9344833	-0.3663000	0.2429000	0.8901233	-0.1044800	0.2368300	0.8894933	0.0224200	0.1752200	0.4454133	-0.0135900	0.0985300	0.0612533	-0.0545700	0.2614800	0.8928633	-0.2309100	0.3389800	0.4927733	-0.1899100	0.3845900	0.0849233	-0.1698500	0.5502300	0.0613433	-0.1840800	0.5423600	0.0607333	-0.1845900	0.3528800	0.0455533	-0.1616500	0.2726000	0.0440233	-0.0312500	0.2613500	0.0461533	-0.0306600	0.0748400	0.0298033	-0.0570200	0.2940589	0.9635357	0.0866692	0.3261916	0.9631431	-0.2833993	0.0810832	0.9792150	-0.0428376	0.0938232	0.9788377	-0.1876112	0.1689984	0.4455910	0.0523244	0.1854275	0.4605725	-0.0745673	0.1002370	0.0693553	-0.0089582	0.1316246	0.0817760	-0.0919983	0.2505678	0.0420821	-0.0399355	0.1955760	0.0288291	0.0085144	0.0374611	0.0507866	-0.0690665	0.3483810	0.4757840	-0.2583136	0.3472129	0.4884070	-0.1252553	0.3898608	0.0790475	-0.2153870	0.4079371	0.0942883	-0.1274492	0.5391116	0.0690553	-0.1677814	0.3265829	0.0497494	-0.1671701	0.5017109	0.0548141	-0.2235152	0.1852635	1.4865314	0.0792564	0.1752380	1.4972095	-0.2772805	0.0776421	1.5006975	-0.0933841	0.2715448	0.6941829	0.0901507	0.2254686	0.5939486	0.0993953	0.1514699	0.7112116	0.1114370	0.3578152	0.7442123	-0.2939358	0.3521155	0.6362670	-0.3052701	0.2384283	0.7134352	-0.3301242	0.1472479	0.3342364	0.0392507	0.1577160	0.2154939	0.0355764	0.0883062	0.2339735	0.0336192	0.3628483	0.3574973	-0.2484352	0.4075663	0.2420692	-0.2484594	0.3345246	0.2425158	-0.2548096	0.1946207	0.8617599	0.0037895	0.2139089	0.8616320	-0.2196321	0.1366628	1.1293077	0.1867085	0.1180028	1.1183911	0.1018082	0.2637251	0.9045125	0.1259630	0.2087325	0.8722391	0.1452132	0.1675362	1.1550938	-0.3985026	0.1341204	1.1424826	-0.3234491	0.2714020	0.9119554	-0.3483944	0.2134073	0.8917417	-0.3751788
370	6.1500000	0.1785000	1.4486233	-0.1040900	0.1915600	1.4377133	0.0751300	0.1527000	1.1659333	0.1408500	0.2321900	0.9093133	0.1428000	0.1939300	1.4552933	-0.2842900	0.1856600	1.1923133	-0.3599100	0.2425200	0.9329733	-0.3668400	0.2541300	0.8867133	-0.1050500	0.2477800	0.8860333	0.0221500	0.1818300	0.4434133	-0.0126300	0.1025000	0.0592833	-0.0545400	0.2730000	0.8895333	-0.2317600	0.3461900	0.4897233	-0.1886200	0.3877500	0.0814933	-0.1657400	0.5532000	0.0555233	-0.1820200	0.5456200	0.0551933	-0.1823400	0.3567700	0.0436133	-0.1575500	0.2735200	0.0435633	-0.0301800	0.2621500	0.0457633	-0.0297900	0.0789400	0.0287133	-0.0570900	0.3053172	0.9598336	0.0863487	0.3375401	0.9603063	-0.2842464	0.0922434	0.9759570	-0.0431855	0.1050396	0.9759259	-0.1881801	0.1771185	0.4424489	0.0529161	0.1934838	0.4572685	-0.0748996	0.1014317	0.0679332	-0.0092093	0.1327011	0.0800784	-0.0928024	0.2535819	0.0432266	-0.0400372	0.1979670	0.0290976	0.0085758	0.0369293	0.0480009	-0.0698869	0.3549892	0.4723933	-0.2573763	0.3531913	0.4851068	-0.1241573	0.3938939	0.0769260	-0.2126438	0.4114948	0.0922158	-0.1248469	0.5425321	0.0657051	-0.1665401	0.3302100	0.0485696	-0.1640502	0.5053215	0.0515461	-0.2217634	0.1950068	1.4851380	0.0770010	0.1852072	1.4948204	-0.2800061	0.0871451	1.4983174	-0.0958651	0.2823211	0.6896995	0.0904892	0.2351262	0.5900658	0.0999872	0.1614037	0.7080797	0.1121016	0.3677704	0.7397275	-0.2941581	0.3608147	0.6321962	-0.3050652	0.2485012	0.7103330	-0.3303144	0.1534000	0.3315417	0.0397035	0.1618959	0.2130397	0.0357233	0.0925105	0.2322777	0.0339270	0.3685215	0.3543416	-0.2468975	0.4124589	0.2389078	-0.2464372	0.3398545	0.2400511	-0.2527556	0.2057852	0.8580480	0.0033932	0.2251311	0.8584360	-0.2203589	0.1466106	1.1273603	0.1851723	0.1282511	1.1163779	0.1001889	0.2735633	0.9022185	0.1252471	0.2185182	0.8699820	0.1441616	0.1800571	1.1522042	-0.3998932	0.1460498	1.1395768	-0.3250571	0.2842374	0.9091381	-0.3484459	0.2262856	0.8887820	-0.3756039
371	6.1666667	0.1881500	1.4481733	-0.1061200	0.2003200	1.4375933	0.0730800	0.1628000	1.1662433	0.1392500	0.2417100	0.9096133	0.1424300	0.2043700	1.4545133	-0.2861600	0.1977800	1.1908233	-0.3618000	0.2560000	0.9313933	-0.3675000	0.2649800	0.8840433	-0.1059900	0.2577700	0.8831633	0.0215000	0.1889400	0.4415433	-0.0117600	0.1048300	0.0600733	-0.0546800	0.2847100	0.8870733	-0.2328700	0.3525400	0.4860433	-0.1875000	0.3905600	0.0792333	-0.1628200	0.5557100	0.0490533	-0.1793000	0.5483300	0.0490433	-0.1795800	0.3594900	0.0421833	-0.1551700	0.2724100	0.0433933	-0.0297100	0.2610300	0.0459433	-0.0294800	0.0822000	0.0304233	-0.0581300	0.3160252	0.9568400	0.0857553	0.3486823	0.9583396	-0.2853332	0.1030489	0.9734556	-0.0441255	0.1160406	0.9738352	-0.1893445	0.1847462	0.4402899	0.0533321	0.2011993	0.4548971	-0.0751415	0.1025000	0.0675514	-0.0097924	0.1337179	0.0793477	-0.0936493	0.2551817	0.0443534	-0.0405066	0.1993452	0.0296172	0.0081000	0.0368715	0.0468308	-0.0708661	0.3612221	0.4696815	-0.2567226	0.3588213	0.4825266	-0.1231769	0.3954391	0.0750865	-0.2098994	0.4126467	0.0903798	-0.1221051	0.5433215	0.0615931	-0.1648814	0.3311393	0.0481745	-0.1609116	0.5061979	0.0477948	-0.2197883	0.2039165	1.4843823	0.0745472	0.1948266	1.4934291	-0.2828049	0.0960707	1.4966279	-0.0987332	0.2922738	0.6861203	0.0904900	0.2440844	0.5871261	0.1002389	0.1708104	0.7057313	0.1121602	0.3774570	0.7359733	-0.2947914	0.3692117	0.6288319	-0.3052552	0.2582382	0.7079359	-0.3310246	0.1591391	0.3298206	0.0399127	0.1656749	0.2115409	0.0356596	0.0965123	0.2316348	0.0338313	0.3732701	0.3516628	-0.2455275	0.4158522	0.2359680	-0.2444647	0.3435524	0.2381856	-0.2508948	0.2164701	0.8550071	0.0025536	0.2360811	0.8560092	-0.2215104	0.1560275	1.1262739	0.1833386	0.1379969	1.1152180	0.0982483	0.2829996	0.9007923	0.1243543	0.2278933	0.8685917	0.1429068	0.1923175	1.1500893	-0.4016641	0.1576464	1.1374385	-0.3270552	0.2969599	0.9071948	-0.3487437	0.2390668	0.8866237	-0.3763506
372	6.1833333	0.1976500	1.4476633	-0.1083900	0.2087100	1.4375033	0.0709100	0.1722400	1.1669233	0.1374200	0.2512800	0.9097033	0.1415600	0.2149100	1.4535733	-0.2883400	0.2117700	1.1891133	-0.3641700	0.2698800	0.9295633	-0.3680900	0.2754600	0.8817533	-0.1068100	0.2673600	0.8808233	0.0208100	0.1960900	0.4403433	-0.0109800	0.1039700	0.0616533	-0.0550200	0.2960400	0.8848633	-0.2337200	0.3577500	0.4821233	-0.1867600	0.3943500	0.0780833	-0.1613900	0.5589900	0.0430133	-0.1771800	0.5518400	0.0432233	-0.1774500	0.3630300	0.0409133	-0.1545800	0.2711100	0.0425033	-0.0302400	0.2600300	0.0453233	-0.0300200	0.0814400	0.0319433	-0.0595700	0.3261381	0.9542512	0.0853544	0.3596956	0.9568358	-0.2861530	0.1134383	0.9713536	-0.0451581	0.1268077	0.9721673	-0.1905777	0.1918957	0.4386722	0.0539395	0.2086056	0.4530659	-0.0750000	0.1028565	0.0678848	-0.0103939	0.1341219	0.0792939	-0.0943354	0.2552920	0.0450621	-0.0411658	0.1994674	0.0299517	0.0074039	0.0364716	0.0470035	-0.0717244	0.3671243	0.4671716	-0.2560043	0.3641157	0.4800805	-0.1220453	0.3961838	0.0733381	-0.2072816	0.4130713	0.0885563	-0.1193767	0.5434087	0.0570332	-0.1628955	0.3311845	0.0480581	-0.1579823	0.5063136	0.0438030	-0.2176813	0.2122122	1.4838141	0.0722970	0.2042070	1.4925862	-0.2853569	0.1045834	1.4953035	-0.1015534	0.3014863	0.6830221	0.0906235	0.2523971	0.5846866	0.1005972	0.1796471	0.7037674	0.1121051	0.3869850	0.7326035	-0.2953020	0.3774006	0.6257957	-0.3053636	0.2676864	0.7059021	-0.3317572	0.1643279	0.3286423	0.0402264	0.1687631	0.2105777	0.0357016	0.0999635	0.2316721	0.0337045	0.3775813	0.3491482	-0.2441518	0.4187438	0.2331441	-0.2425035	0.3465566	0.2365256	-0.2491502	0.2266432	0.8523042	0.0017498	0.2467991	0.8539588	-0.2225795	0.1649905	1.1256625	0.1816136	0.1473177	1.1145181	0.0963889	0.2920990	0.8998308	0.1236885	0.2369177	0.8676756	0.1418588	0.2046409	1.1483255	-0.4034065	0.1691894	1.1356596	-0.3290751	0.3097664	0.9056783	-0.3488444	0.2519837	0.8848421	-0.3770024
373	6.2000000	0.2075800	1.4468233	-0.1111800	0.2175100	1.4369333	0.0682400	0.1820800	1.1669233	0.1353400	0.2601400	0.9088733	0.1402600	0.2259100	1.4524433	-0.2910400	0.2272900	1.1879433	-0.3673400	0.2830400	0.9281433	-0.3686900	0.2856400	0.8795933	-0.1073500	0.2771000	0.8791233	0.0203200	0.2038100	0.4397533	-0.0103800	0.1023900	0.0641633	-0.0552600	0.3066400	0.8822333	-0.2342700	0.3630600	0.4794033	-0.1864000	0.3983000	0.0771533	-0.1611400	0.5630900	0.0381933	-0.1762700	0.5561500	0.0386433	-0.1765400	0.3668900	0.0395333	-0.1551200	0.2704700	0.0425833	-0.0311300	0.2597700	0.0454433	-0.0309300	0.0794900	0.0345233	-0.0606400	0.3357682	0.9518994	0.0852565	0.3706303	0.9554094	-0.2865914	0.1234471	0.9694402	-0.0460957	0.1373488	0.9706283	-0.1916852	0.1989656	0.4373212	0.0548096	0.2159797	0.4515331	-0.0744578	0.1027047	0.0688153	-0.0108665	0.1340396	0.0798357	-0.0948104	0.2545278	0.0455137	-0.0419825	0.1988429	0.0302036	0.0066261	0.0357178	0.0482744	-0.0722996	0.3729162	0.4646481	-0.2553069	0.3692901	0.4774978	-0.1208938	0.3972779	0.0716115	-0.2052127	0.4138913	0.0866649	-0.1171015	0.5440586	0.0524643	-0.1610623	0.3315664	0.0478731	-0.1557336	0.5069739	0.0399039	-0.2158985	0.2203133	1.4831449	0.0702477	0.2136742	1.4918946	-0.2876709	0.1130788	1.4941182	-0.1042625	0.3102555	0.6802351	0.0909859	0.2604170	0.5825296	0.1011676	0.1881796	0.7019505	0.1121465	0.3964599	0.7294117	-0.2955625	0.3855299	0.6228850	-0.3053377	0.2769562	0.7039880	-0.3323842	0.1693212	0.3277485	0.0407288	0.1714853	0.2099267	0.0358989	0.1031529	0.2322014	0.0337382	0.3819310	0.3466685	-0.2429708	0.4218780	0.2304231	-0.2408554	0.3496277	0.2348820	-0.2477992	0.2363847	0.8497656	0.0011647	0.2573301	0.8519810	-0.2233812	0.1737127	1.1252250	0.1800608	0.1563905	1.1139867	0.0946899	0.3009213	0.8989273	0.1232796	0.2456119	0.8668646	0.1410602	0.2172851	1.1466662	-0.4051279	0.1809023	1.1340119	-0.3311370	0.3227038	0.9043088	-0.3487317	0.2650931	0.8831977	-0.3775573
374	6.2166667	0.2179800	1.4458533	-0.1143900	0.2268100	1.4360933	0.0652000	0.1922000	1.1663433	0.1332100	0.2685400	0.9072633	0.1388500	0.2373400	1.4513233	-0.2942100	0.2421100	1.1875433	-0.3708400	0.2950800	0.9274933	-0.3695100	0.2951800	0.8777533	-0.1079400	0.2868700	0.8783933	0.0198000	0.2129700	0.4397633	-0.0100000	0.1016000	0.0680133	-0.0553600	0.3159300	0.8792533	-0.2349600	0.3695800	0.4786133	-0.1863200	0.4007100	0.0761233	-0.1614800	0.5669300	0.0348633	-0.1759600	0.5601900	0.0354533	-0.1762300	0.3691300	0.0385333	-0.1561400	0.2703700	0.0460733	-0.0321900	0.2594900	0.0490033	-0.0322400	0.0778900	0.0395033	-0.0612500	0.3447051	0.9500387	0.0850546	0.3810177	0.9541068	-0.2870625	0.1327553	0.9679665	-0.0472255	0.1472442	0.9693918	-0.1929543	0.2062254	0.4364551	0.0556233	0.2234237	0.4505267	-0.0738306	0.1021781	0.0708445	-0.0114436	0.1334711	0.0814905	-0.0953591	0.2532196	0.0467238	-0.0432666	0.1977466	0.0313461	0.0054888	0.0345889	0.0509294	-0.0727850	0.3786489	0.4624945	-0.2550099	0.3743448	0.4751883	-0.1201385	0.3986130	0.0703027	-0.2041753	0.4148954	0.0851233	-0.1157812	0.5452137	0.0485333	-0.1599241	0.3320824	0.0479251	-0.1547069	0.5081454	0.0366761	-0.2149572	0.2282186	1.4825559	0.0680421	0.2231912	1.4914334	-0.2901648	0.1215215	1.4932946	-0.1072222	0.3185738	0.6781324	0.0911429	0.2682687	0.5809636	0.1015735	0.1964470	0.7005072	0.1120342	0.4055828	0.7266925	-0.2958862	0.3934394	0.6204218	-0.3055110	0.2858479	0.7023813	-0.3331942	0.1743558	0.3274090	0.0411198	0.1740372	0.2099312	0.0358993	0.1063095	0.2336036	0.0337547	0.3863493	0.3445897	-0.2423682	0.4251978	0.2281708	-0.2399195	0.3527997	0.2336356	-0.2472840	0.2454305	0.8476644	0.0005113	0.2672565	0.8502222	-0.2242092	0.1820153	1.1250644	0.1783522	0.1650160	1.1137407	0.0928261	0.3091722	0.8981392	0.1227513	0.2536663	0.8662429	0.1401405	0.2298983	1.1453215	-0.4071888	0.1924565	1.1327116	-0.3335836	0.3353227	0.9032780	-0.3487967	0.2779403	0.8818999	-0.3783825
375	6.2333333	0.2281300	1.4452233	-0.1176600	0.2358400	1.4357733	0.0622100	0.2012800	1.1661233	0.1310400	0.2772300	0.9068333	0.1375600	0.2486000	1.4503433	-0.2975400	0.2539800	1.1873933	-0.3738100	0.3066400	0.9268833	-0.3704300	0.3040700	0.8764733	-0.1088800	0.2963500	0.8777933	0.0188800	0.2239700	0.4405633	-0.0094400	0.1004500	0.0718133	-0.0556700	0.3242100	0.8773733	-0.2359900	0.3764500	0.4793333	-0.1864600	0.4011800	0.0752733	-0.1618100	0.5690300	0.0325433	-0.1754900	0.5623100	0.0332433	-0.1757800	0.3695400	0.0376633	-0.1570800	0.2725300	0.0466033	-0.0320600	0.2614500	0.0492033	-0.0321100	0.0737400	0.0440133	-0.0619700	0.3530829	0.9487920	0.0844567	0.3907704	0.9531491	-0.2878361	0.1413192	0.9672413	-0.0487395	0.1563695	0.9688014	-0.1945663	0.2141257	0.4362592	0.0561853	0.2315114	0.4501604	-0.0734310	0.1013190	0.0738355	-0.0120986	0.1325712	0.0840843	-0.0960662	0.2520291	0.0482082	-0.0447551	0.1965900	0.0330509	0.0043034	0.0328852	0.0549198	-0.0733196	0.3843871	0.4610810	-0.2553240	0.3793466	0.4735505	-0.1202242	0.3996008	0.0696310	-0.2041971	0.4154531	0.0841334	-0.1156028	0.5463058	0.0453048	-0.1598030	0.3320529	0.0484677	-0.1549100	0.5091868	0.0342593	-0.2150028	0.2359360	1.4823648	0.0654408	0.2325881	1.4913609	-0.2931472	0.1297745	1.4930779	-0.1106627	0.3268147	0.6770231	0.0908866	0.2763222	0.5802590	0.1016382	0.2044882	0.6996943	0.1115998	0.4141708	0.7247767	-0.2965510	0.4010417	0.6187479	-0.3060889	0.2943560	0.7013894	-0.3342550	0.1797784	0.3277256	0.0413188	0.1766847	0.2106402	0.0357124	0.1095753	0.2358654	0.0337155	0.3907505	0.3431956	-0.2424829	0.4283756	0.2265712	-0.2397736	0.3558394	0.2331090	-0.2476509	0.2538194	0.8462477	-0.0005191	0.2764816	0.8489867	-0.2253587	0.1898379	1.1253854	0.1762644	0.1731716	1.1139826	0.0905672	0.3169098	0.8978063	0.1218539	0.2612022	0.8660977	0.1388366	0.2421941	1.1445019	-0.4097098	0.2036369	1.1319551	-0.3365227	0.3474782	0.9027918	-0.3492288	0.2903626	0.8811395	-0.3796107
376	6.2500000	0.2372100	1.4450533	-0.1207600	0.2437400	1.4362133	0.0594800	0.2089700	1.1667233	0.1285800	0.2863400	0.9082333	0.1362500	0.2588800	1.4495433	-0.3007800	0.2627200	1.1869133	-0.3759400	0.3185700	0.9256833	-0.3711800	0.3133300	0.8743033	-0.1098300	0.3056200	0.8759933	0.0177800	0.2365500	0.4419133	-0.0082000	0.0989400	0.0759233	-0.0561000	0.3334200	0.8748133	-0.2368000	0.3822400	0.4789433	-0.1866000	0.4003400	0.0749033	-0.1619000	0.5689900	0.0303133	-0.1749400	0.5622000	0.0309933	-0.1752300	0.3681500	0.0368833	-0.1577300	0.2724800	0.0470133	-0.0317300	0.2615000	0.0498033	-0.0316700	0.0670400	0.0474933	-0.0628500	0.3618243	0.9466458	0.0838389	0.4008808	0.9512250	-0.2886088	0.1501533	0.9656958	-0.0502364	0.1657608	0.9673655	-0.1961527	0.2236160	0.4352409	0.0570367	0.2411879	0.4488983	-0.0726413	0.1004858	0.0765533	-0.0124441	0.1316653	0.0863217	-0.0964818	0.2510940	0.0486606	-0.0459806	0.1955486	0.0340795	0.0034570	0.0309241	0.0590965	-0.0734927	0.3906693	0.4589968	-0.2558953	0.3849094	0.4712280	-0.1208147	0.4003324	0.0682027	-0.2047058	0.4157235	0.0823177	-0.1160125	0.5473559	0.0414398	-0.1601422	0.3316065	0.0481191	-0.1556817	0.5100848	0.0312265	-0.2154727	0.2440631	1.4813539	0.0628894	0.2426827	1.4903611	-0.2961882	0.1385947	1.4920223	-0.1141101	0.3359269	0.6753850	0.0905965	0.2855222	0.5789145	0.1017892	0.2133133	0.6980239	0.1112185	0.4230553	0.7221171	-0.2972467	0.4090335	0.6163647	-0.3067338	0.3033097	0.6995957	-0.3352204	0.1863976	0.3272282	0.0418116	0.1800406	0.2106075	0.0357503	0.1135941	0.2377127	0.0340643	0.3955348	0.3410652	-0.2429241	0.4316660	0.2241408	-0.2399788	0.3590416	0.2319395	-0.2484100	0.2625797	0.8439820	-0.0015644	0.2860737	0.8468636	-0.2265096	0.1978547	1.1248778	0.1741730	0.1815857	1.1133934	0.0882974	0.3250487	0.8968189	0.1209528	0.2692360	0.8652084	0.1374825	0.2546299	1.1427940	-0.4121864	0.2149757	1.1302940	-0.3394270	0.3599583	0.9014461	-0.3495620	0.3031085	0.8794812	-0.3807041
377	6.2666667	0.2455700	1.4451933	-0.1235800	0.2508500	1.4369933	0.0570600	0.2165900	1.1680633	0.1257600	0.2955300	0.9101833	0.1347100	0.2684900	1.4490233	-0.3037900	0.2697700	1.1862533	-0.3774900	0.3307700	0.9244933	-0.3718400	0.3233300	0.8712333	-0.1103800	0.3150500	0.8731333	0.0170500	0.2498500	0.4436733	-0.0061600	0.0991300	0.0823233	-0.0559400	0.3439200	0.8714933	-0.2371100	0.3856600	0.4776033	-0.1870200	0.3998200	0.0746733	-0.1617000	0.5684300	0.0281333	-0.1746500	0.5615700	0.0287933	-0.1749300	0.3664700	0.0353833	-0.1578900	0.2708400	0.0460333	-0.0311500	0.2607600	0.0497933	-0.0308400	0.0633700	0.0541433	-0.0629100	0.3711994	0.9435474	0.0836090	0.4117201	0.9483705	-0.2889036	0.1596610	0.9633096	-0.0513582	0.1758530	0.9651025	-0.1973354	0.2351098	0.4336199	0.0586892	0.2529244	0.4468983	-0.0708842	0.1002472	0.0795409	-0.0120626	0.1313406	0.0886992	-0.0961107	0.2503602	0.0483065	-0.0464264	0.1947366	0.0347376	0.0033794	0.0295499	0.0642178	-0.0728440	0.3970984	0.4561514	-0.2562893	0.3907061	0.4681950	-0.1214870	0.4009004	0.0661511	-0.2050837	0.4158798	0.0798619	-0.1164156	0.5483730	0.0373261	-0.1604052	0.3309687	0.0469638	-0.1563024	0.5108655	0.0278357	-0.2158041	0.2526377	1.4796304	0.0607483	0.2534625	1.4884846	-0.2988014	0.1480643	1.4900828	-0.1171683	0.3461533	0.6734109	0.0907887	0.2961689	0.5771472	0.1025142	0.2232864	0.6955679	0.1112078	0.4322927	0.7184864	-0.2975459	0.4172871	0.6130861	-0.3070156	0.3128117	0.6969695	-0.3356669	0.1946655	0.3261994	0.0430641	0.1845507	0.2102152	0.0364699	0.1189177	0.2395566	0.0352035	0.4004113	0.3382083	-0.2432356	0.4349363	0.2209624	-0.2400329	0.3622569	0.2301408	-0.2490176	0.2720753	0.8408279	-0.0022525	0.2964583	0.8438693	-0.2272478	0.2062319	1.1236492	0.1724380	0.1904222	1.1120916	0.0864112	0.3338684	0.8953740	0.1203924	0.2780969	0.8637100	0.1364225	0.2671073	1.1402506	-0.4141933	0.2264213	1.1277531	-0.3418243	0.3728975	0.8992988	-0.3494215	0.3162528	0.8769610	-0.3812411
378	6.2833333	0.2542300	1.4457233	-0.1261800	0.2583000	1.4380233	0.0547600	0.2254400	1.1700333	0.1228200	0.3046400	0.9115533	0.1329100	0.2783400	1.4490333	-0.3064700	0.2769400	1.1858733	-0.3789200	0.3426600	0.9243833	-0.3726400	0.3334000	0.8698633	-0.1108800	0.3247300	0.8722133	0.0165000	0.2632800	0.4464533	-0.0034300	0.1028900	0.0902733	-0.0547000	0.3542900	0.8697633	-0.2375300	0.3879500	0.4756833	-0.1880600	0.4006800	0.0740933	-0.1612600	0.5695100	0.0268733	-0.1744200	0.5626900	0.0275533	-0.1747000	0.3657800	0.0335633	-0.1573500	0.2700000	0.0440733	-0.0305400	0.2614500	0.0492433	-0.0298600	0.0673800	0.0643533	-0.0613000	0.3806230	0.9421731	0.0833825	0.4226230	0.9471084	-0.2890199	0.1692002	0.9626468	-0.0525768	0.1859741	0.9645149	-0.1985585	0.2479630	0.4340028	0.0607879	0.2660688	0.4467560	-0.0685623	0.1013596	0.0851456	-0.0111846	0.1323751	0.0935819	-0.0951679	0.2500865	0.0495027	-0.0463584	0.1946068	0.0373693	0.0037740	0.0298875	0.0725763	-0.0715446	0.4025826	0.4548668	-0.2567418	0.3956649	0.4668681	-0.1223680	0.4012918	0.0657331	-0.2053848	0.4159507	0.0791340	-0.1168336	0.5493409	0.0355365	-0.1606564	0.3302614	0.0471392	-0.1567551	0.5115474	0.0265489	-0.2160861	0.2609648	1.4797508	0.0586134	0.2641971	1.4882932	-0.3013383	0.1574190	1.4898217	-0.1203036	0.3567692	0.6738005	0.0911667	0.3075758	0.5776248	0.1034902	0.2337673	0.6949535	0.1111938	0.4411153	0.7161597	-0.2977748	0.4249094	0.6111896	-0.3072530	0.3219871	0.6959326	-0.3359800	0.2042822	0.3272409	0.0447570	0.1903070	0.2120662	0.0376169	0.1256813	0.2437769	0.0368074	0.4045494	0.3370020	-0.2436063	0.4377071	0.2194751	-0.2401041	0.3649408	0.2299082	-0.2495961	0.2816410	0.8394292	-0.0029682	0.3069207	0.8425535	-0.2279079	0.2145258	1.1241752	0.1706524	0.1991729	1.1125717	0.0845549	0.3428015	0.8958546	0.1197468	0.2871694	0.8640424	0.1352897	0.2789238	1.1393928	-0.4161118	0.2372731	1.1268690	-0.3440506	0.3855445	0.8988502	-0.3492737	0.3290008	0.8760901	-0.3817037
379	6.3000000	0.2633700	1.4466933	-0.1287700	0.2664200	1.4395533	0.0522500	0.2348300	1.1723633	0.1200400	0.3135700	0.9123833	0.1309600	0.2884200	1.4494333	-0.3089600	0.2856800	1.1858533	-0.3804700	0.3543200	0.9253733	-0.3736000	0.3432000	0.8717933	-0.1119300	0.3346300	0.8747133	0.0154400	0.2773600	0.4512633	-0.0000800	0.1096300	0.0972033	-0.0526900	0.3639300	0.8711233	-0.2385800	0.3905400	0.4745033	-0.1900500	0.4015900	0.0731033	-0.1609300	0.5720000	0.0272233	-0.1740700	0.5652300	0.0278933	-0.1743700	0.3655100	0.0321533	-0.1563500	0.2703100	0.0436333	-0.0300800	0.2626700	0.0500233	-0.0293300	0.0764400	0.0741433	-0.0589700	0.3899002	0.9442429	0.0825432	0.4331765	0.9489566	-0.2896365	0.1784263	0.9652211	-0.0544753	0.1956966	0.9670316	-0.2004214	0.2616425	0.4378206	0.0627145	0.2800734	0.4499154	-0.0663501	0.1045578	0.0939703	-0.0102825	0.1355378	0.1016075	-0.0941502	0.2508709	0.0533060	-0.0463288	0.1958477	0.0428862	0.0040822	0.0328729	0.0844058	-0.0700772	0.4067684	0.4564077	-0.2577103	0.3994546	0.4685629	-0.1238161	0.4015956	0.0679555	-0.2059519	0.4160543	0.0812150	-0.1175798	0.5504167	0.0371623	-0.1612388	0.3296046	0.0496137	-0.1573676	0.5122826	0.0283806	-0.2166644	0.2688127	1.4830765	0.0559962	0.2746464	1.4911719	-0.3043255	0.1663691	1.4926935	-0.1240462	0.3673709	0.6780324	0.0911270	0.3193010	0.5818045	0.1041179	0.2443983	0.6977631	0.1106487	0.4492379	0.7164813	-0.2985162	0.4315822	0.6119826	-0.3080020	0.3303855	0.6978894	-0.3367795	0.2150294	0.3316563	0.0463386	0.1974718	0.2172918	0.0387148	0.1340182	0.2512528	0.0383060	0.4076801	0.3386798	-0.2444510	0.4398498	0.2208898	-0.2406108	0.3669412	0.2323061	-0.2505130	0.2909845	0.8414338	-0.0042723	0.3170345	0.8444394	-0.2290869	0.2226759	1.1277928	0.1682010	0.2077554	1.1161747	0.0821536	0.3515636	0.8994296	0.1184355	0.2960781	0.8674951	0.1335519	0.2900604	1.1416231	-0.4185009	0.2474768	1.1290876	-0.3466653	0.3976421	0.9014602	-0.3497278	0.3411230	0.8782721	-0.3827628
380	6.3166667	0.2727400	1.4480033	-0.1312600	0.2749800	1.4413233	0.0497400	0.2427800	1.1742233	0.1175000	0.3222100	0.9134333	0.1289200	0.2985100	1.4502233	-0.3112800	0.2960600	1.1860433	-0.3821900	0.3660000	0.9262033	-0.3745700	0.3526800	0.8754633	-0.1133800	0.3439900	0.8786933	0.0137500	0.2933800	0.4579033	0.0037300	0.1181200	0.1027133	-0.0504500	0.3734200	0.8744833	-0.2397600	0.3931300	0.4742633	-0.1926300	0.4015500	0.0720033	-0.1609300	0.5740500	0.0285733	-0.1739700	0.5672100	0.0291733	-0.1743000	0.3646400	0.0314433	-0.1555000	0.2709000	0.0435633	-0.0297000	0.2634000	0.0501833	-0.0289700	0.0868700	0.0800233	-0.0565500	0.3989993	0.9482112	0.0812088	0.4432712	0.9523513	-0.2906366	0.1873084	0.9694097	-0.0568455	0.2049594	0.9710194	-0.2027062	0.2759828	0.4433682	0.0646479	0.2948229	0.4546822	-0.0640661	0.1100137	0.1035571	-0.0091951	0.1410594	0.1103352	-0.0929087	0.2529242	0.0576351	-0.0461345	0.1986470	0.0490789	0.0044768	0.0387216	0.0969485	-0.0683703	0.4097593	0.4591614	-0.2590661	0.4022251	0.4716312	-0.1256754	0.4015652	0.0709947	-0.2066587	0.4159797	0.0842626	-0.1185098	0.5513158	0.0401877	-0.1620868	0.3287513	0.0526352	-0.1579878	0.5127537	0.0313149	-0.2174501	0.2763398	1.4877970	0.0530922	0.2849257	1.4953714	-0.3075076	0.1750680	1.4969786	-0.1281453	0.3778913	0.6844177	0.0908087	0.3312347	0.5879868	0.1045578	0.2550725	0.7023933	0.1097640	0.4566697	0.7178926	-0.2996449	0.4373386	0.6138941	-0.3091402	0.3379549	0.7012830	-0.3379297	0.2268397	0.3375791	0.0480176	0.2060960	0.2238350	0.0399952	0.1439042	0.2598154	0.0398513	0.4097959	0.3415691	-0.2456459	0.4412385	0.2234815	-0.2414490	0.3681536	0.2356072	-0.2516204	0.3000889	0.8452832	-0.0059979	0.3267354	0.8479558	-0.2306156	0.2306266	1.1328013	0.1652725	0.2161660	1.1211893	0.0793581	0.3600234	0.9043402	0.1166970	0.3046480	0.8723625	0.1314355	0.3008652	1.1452735	-0.4211605	0.2573498	1.1327690	-0.3495196	0.4093020	0.9054384	-0.3505749	0.3528135	0.8818615	-0.3842592
381	6.3333333	0.2823000	1.4490833	-0.1333200	0.2836300	1.4427233	0.0477500	0.2489800	1.1755033	0.1151800	0.3306200	0.9150633	0.1269000	0.3089100	1.4509633	-0.3132300	0.3064500	1.1862533	-0.3840400	0.3771500	0.9262833	-0.3754600	0.3618200	0.8783433	-0.1146000	0.3522800	0.8817433	0.0119800	0.3114900	0.4651333	0.0074900	0.1272200	0.1084933	-0.0482400	0.3832200	0.8771433	-0.2403400	0.3951500	0.4735733	-0.1948700	0.4014200	0.0719033	-0.1610300	0.5751200	0.0295733	-0.1742400	0.5681800	0.0301233	-0.1745900	0.3637900	0.0313233	-0.1551100	0.2700100	0.0431233	-0.0307600	0.2630400	0.0499833	-0.0299000	0.0968300	0.0852033	-0.0542200	0.4077559	0.9515220	0.0799590	0.4529084	0.9548606	-0.2913768	0.1958733	0.9726716	-0.0590566	0.2138491	0.9739912	-0.2047545	0.2910981	0.4481706	0.0672081	0.3104091	0.4586253	-0.0610242	0.1172978	0.1115834	-0.0075939	0.1484698	0.1174615	-0.0910950	0.2556742	0.0602386	-0.0456648	0.2024816	0.0536241	0.0051078	0.0469740	0.1079268	-0.0660552	0.4118354	0.4607797	-0.2602764	0.4042662	0.4736536	-0.1273532	0.4011556	0.0725867	-0.2071270	0.4156923	0.0859550	-0.1191734	0.5518571	0.0421281	-0.1627250	0.3276834	0.0540786	-0.1582450	0.5128072	0.0329062	-0.2180395	0.2837349	1.4913073	0.0504643	0.2952895	1.4983889	-0.3102345	0.1837977	1.5001463	-0.1319774	0.3883601	0.6904342	0.0907836	0.3434458	0.5936555	0.1053955	0.2658222	0.7062558	0.1091262	0.4635395	0.7180865	-0.3005513	0.4423601	0.6146142	-0.3100951	0.3448263	0.7036981	-0.3388673	0.2397127	0.3425304	0.0503202	0.2160245	0.2292169	0.0418812	0.1551718	0.2670988	0.0419212	0.4110929	0.3433353	-0.2467195	0.4419624	0.2249408	-0.2421844	0.3686829	0.2375225	-0.2524940	0.3089159	0.8483945	-0.0075252	0.3360871	0.8505957	-0.2318353	0.2381971	1.1367497	0.1625690	0.2242688	1.1251482	0.0767849	0.3680957	0.9082070	0.1152112	0.3128148	0.8762184	0.1295783	0.3114721	1.1478969	-0.4234734	0.2670308	1.1354630	-0.3520505	0.4205584	0.9083444	-0.3511769	0.3641592	0.8844357	-0.3855526
382	6.3500000	0.2914900	1.4498433	-0.1351300	0.2914400	1.4437733	0.0461000	0.2549400	1.1772033	0.1131400	0.3390800	0.9167233	0.1252200	0.3194000	1.4513833	-0.3149500	0.3156500	1.1863033	-0.3859600	0.3873300	0.9261233	-0.3761800	0.3705400	0.8798633	-0.1151900	0.3599600	0.8836533	0.0108200	0.3303500	0.4720633	0.0106000	0.1332300	0.1153433	-0.0465000	0.3927700	0.8782633	-0.2402700	0.3973700	0.4725533	-0.1961800	0.4020800	0.0724033	-0.1609900	0.5762100	0.0300833	-0.1743000	0.5692500	0.0306133	-0.1746600	0.3638800	0.0316233	-0.1550600	0.2680300	0.0363533	-0.0322500	0.2624300	0.0435533	-0.0306500	0.1011700	0.0915033	-0.0526000	0.4160031	0.9535308	0.0792354	0.4621143	0.9560210	-0.2913877	0.2040309	0.9745132	-0.0606859	0.2223498	0.9755282	-0.2061261	0.3068582	0.4518570	0.0705730	0.3268428	0.4613471	-0.0571481	0.1248611	0.1179134	-0.0053513	0.1563037	0.1228051	-0.0887019	0.2580083	0.0599909	-0.0449019	0.2060659	0.0555880	0.0061622	0.0558052	0.1177119	-0.0630889	0.4133477	0.4609115	-0.2609445	0.4058978	0.4742082	-0.1285587	0.4005378	0.0725426	-0.2071714	0.4153551	0.0860271	-0.1194103	0.5522355	0.0424177	-0.1629536	0.3265482	0.0538978	-0.1580031	0.5126209	0.0327885	-0.2182270	0.2908867	1.4931992	0.0483057	0.3054550	1.4998390	-0.3123713	0.1923463	1.5017902	-0.1353282	0.3988236	0.6955522	0.0914804	0.3558839	0.5983431	0.1069873	0.2763646	0.7088269	0.1091084	0.4699020	0.7168279	-0.3008646	0.4468221	0.6138732	-0.3104622	0.3511441	0.7047007	-0.3391161	0.2531617	0.3461542	0.0534160	0.2263822	0.2331059	0.0445519	0.1668581	0.2729159	0.0447039	0.4118986	0.3436420	-0.2473621	0.4422934	0.2249748	-0.2425550	0.3687867	0.2378037	-0.2528367	0.3173241	0.8501430	-0.0084853	0.3450660	0.8518436	-0.2323594	0.2452788	1.1392300	0.1605187	0.2319411	1.1276289	0.0748121	0.3757754	0.9106900	0.1143386	0.3205988	0.8786653	0.1283147	0.3217331	1.1490743	-0.4251120	0.2763974	1.1367308	-0.3539406	0.4312831	0.9097558	-0.3511930	0.3750246	0.8855625	-0.3862602
383	6.3666667	0.2994500	1.4504033	-0.1371600	0.2976200	1.4448133	0.0441200	0.2614800	1.1795933	0.1114000	0.3472900	0.9183433	0.1240800	0.3290000	1.4514133	-0.3167400	0.3243200	1.1862833	-0.3879600	0.3969800	0.9265033	-0.3767100	0.3788800	0.8810833	-0.1152800	0.3677800	0.8855233	0.0104500	0.3494000	0.4789733	0.0130100	0.1378500	0.1224233	-0.0441000	0.4015200	0.8788033	-0.2400500	0.4007800	0.4716133	-0.1966700	0.4024000	0.0724733	-0.1611000	0.5776300	0.0305933	-0.1740100	0.5706600	0.0311433	-0.1744100	0.3645600	0.0316833	-0.1551700	0.2601600	0.0318133	-0.0357400	0.2548200	0.0404633	-0.0341700	0.1015900	0.0982133	-0.0504000	0.4237585	0.9552864	0.0789184	0.4708698	0.9569504	-0.2909407	0.2118587	0.9758709	-0.0617968	0.2305155	0.9766037	-0.2069507	0.3230623	0.4554634	0.0744116	0.3436572	0.4639675	-0.0527379	0.1313598	0.1243536	-0.0028980	0.1629696	0.1281746	-0.0861609	0.2580249	0.0588392	-0.0448059	0.2076905	0.0568172	0.0067660	0.0637958	0.1282182	-0.0596121	0.4147214	0.4607621	-0.2612359	0.4074669	0.4744700	-0.1293803	0.3999378	0.0720429	-0.2070442	0.4151491	0.0856539	-0.1194214	0.5526429	0.0423794	-0.1627862	0.3255209	0.0532367	-0.1575918	0.5124852	0.0322267	-0.2181141	0.2976590	1.4946876	0.0463592	0.3154128	1.5008508	-0.3142078	0.2006707	1.5030389	-0.1384039	0.4092593	0.7006091	0.0925548	0.3685060	0.6029578	0.1089883	0.2868906	0.7111201	0.1095686	0.4760021	0.7153313	-0.3007377	0.4510499	0.6128867	-0.3104117	0.3571279	0.7054042	-0.3388966	0.2666875	0.3496359	0.0568666	0.2363044	0.2367763	0.0474270	0.1782313	0.2788450	0.0478927	0.4125955	0.3436553	-0.2477469	0.4425645	0.2247315	-0.2427435	0.3688020	0.2376514	-0.2528989	0.3253849	0.8515495	-0.0089329	0.3537207	0.8527644	-0.2323343	0.2519590	1.1414021	0.1589398	0.2392495	1.1297803	0.0732761	0.3831606	0.9129381	0.1138992	0.3280896	0.8808423	0.1274558	0.3316291	1.1499490	-0.4262909	0.2854396	1.1376917	-0.3553857	0.4415022	0.9108023	-0.3508059	0.3854118	0.8863531	-0.3865277
384	6.3833333	0.3063200	1.4510033	-0.1394200	0.3028600	1.4458333	0.0417400	0.2682800	1.1812033	0.1099300	0.3546200	0.9200633	0.1233100	0.3373400	1.4516733	-0.3185900	0.3334200	1.1865033	-0.3900700	0.4069600	0.9275033	-0.3771500	0.3874700	0.8826033	-0.1153800	0.3763400	0.8878533	0.0103800	0.3696300	0.4865633	0.0153900	0.1477900	0.1314933	-0.0404800	0.4101100	0.8795133	-0.2401800	0.4041500	0.4705433	-0.1971300	0.4017400	0.0717633	-0.1615800	0.5779600	0.0309533	-0.1738200	0.5710300	0.0314433	-0.1743000	0.3645000	0.0312533	-0.1554300	0.2557900	0.0271233	-0.0372800	0.2505000	0.0357333	-0.0353300	0.1109200	0.1074733	-0.0464100	0.4316605	0.9573800	0.0785437	0.4797252	0.9580820	-0.2905130	0.2199396	0.9773656	-0.0629477	0.2388904	0.9777810	-0.2077972	0.3409320	0.4597250	0.0783402	0.3621017	0.4671966	-0.0482570	0.1391183	0.1315894	-0.0002517	0.1708473	0.1342801	-0.0835451	0.2579328	0.0576258	-0.0450045	0.2095479	0.0581164	0.0072179	0.0734675	0.1399713	-0.0558063	0.4165252	0.4609567	-0.2616322	0.4094887	0.4750166	-0.1304235	0.3997324	0.0716747	-0.2072315	0.4153592	0.0853963	-0.1197778	0.5531780	0.0425708	-0.1627875	0.3249367	0.0526513	-0.1575660	0.5125950	0.0318108	-0.2181975	0.3045593	1.4962562	0.0442056	0.3253564	1.5018755	-0.3160986	0.2091812	1.5042846	-0.1416154	0.4204174	0.7064927	0.0935982	0.3822415	0.6083329	0.1110084	0.2982534	0.7138354	0.1100640	0.4823211	0.7141100	-0.3005504	0.4555876	0.6122155	-0.3103529	0.3634616	0.7064492	-0.3386405	0.2818148	0.3537294	0.0604430	0.2476649	0.2410564	0.0504449	0.1911016	0.2854979	0.0512806	0.4137146	0.3439781	-0.2483248	0.4432356	0.2247937	-0.2431554	0.3692473	0.2377096	-0.2532067	0.3337647	0.8532958	-0.0093914	0.3626701	0.8539486	-0.2322959	0.2587679	1.1438453	0.1572849	0.2467493	1.1321836	0.0716769	0.3907297	0.9154727	0.1134330	0.3357371	0.8832917	0.1265180	0.3417263	1.1511481	-0.4275404	0.2947171	1.1389443	-0.3568888	0.4518205	0.9121159	-0.3505122	0.3959120	0.8874199	-0.3868318
385	6.4000000	0.3131800	1.4515633	-0.1415100	0.3086800	1.4467433	0.0395000	0.2750700	1.1811533	0.1088000	0.3612400	0.9220333	0.1226700	0.3450800	1.4518733	-0.3203600	0.3428300	1.1868533	-0.3920000	0.4175700	0.9282033	-0.3776300	0.3963500	0.8839233	-0.1158500	0.3854700	0.8899233	0.0101000	0.3908400	0.4947833	0.0181200	0.1629900	0.1433833	-0.0368700	0.4187600	0.8800933	-0.2408900	0.4056800	0.4684333	-0.1981600	0.4003900	0.0705133	-0.1622100	0.5770200	0.0304233	-0.1735300	0.5700500	0.0309233	-0.1741100	0.3634300	0.0305933	-0.1559400	0.2575200	0.0276633	-0.0368300	0.2523400	0.0363233	-0.0347600	0.1296000	0.1215733	-0.0429400	0.4397412	0.9593921	0.0777519	0.4886691	0.9589275	-0.2905516	0.2282731	0.9784488	-0.0645148	0.2474686	0.9784780	-0.2090846	0.3608007	0.4643450	0.0822597	0.3825614	0.4708289	-0.0437227	0.1500460	0.1395685	0.0024354	0.1819151	0.1411881	-0.0808818	0.2599329	0.0570775	-0.0452141	0.2137410	0.0601076	0.0075985	0.0868381	0.1526197	-0.0519380	0.4183355	0.4609117	-0.2623631	0.4115161	0.4753659	-0.1317570	0.3997276	0.0709481	-0.2078431	0.4157604	0.0848396	-0.1204973	0.5536310	0.0426444	-0.1628937	0.3246127	0.0516330	-0.1580338	0.5127463	0.0310897	-0.2185240	0.3114568	1.4974805	0.0416921	0.3353837	1.5025510	-0.3182075	0.2178387	1.5050301	-0.1451254	0.4322997	0.7129050	0.0943711	0.3972090	0.6141506	0.1128529	0.3105898	0.7164333	0.1103022	0.4888299	0.7124539	-0.3005637	0.4602498	0.6111840	-0.3105694	0.3700265	0.7072185	-0.3388058	0.2992961	0.3582501	0.0640360	0.2616987	0.2459246	0.0534889	0.2066323	0.2926186	0.0546958	0.4148841	0.3440824	-0.2492896	0.4440232	0.2246450	-0.2439571	0.3698053	0.2374275	-0.2539642	0.3425282	0.8548797	-0.0101737	0.3719527	0.8548493	-0.2326146	0.2656635	1.1460084	0.1552906	0.2544130	1.1342976	0.0697462	0.3984240	0.9177333	0.1127096	0.3434711	0.8854566	0.1252657	0.3520439	1.1521663	-0.4291395	0.3042645	1.1399730	-0.3587215	0.4623014	0.9132533	-0.3506003	0.4065915	0.8882987	-0.3874476
386	6.4166667	0.3208100	1.4519433	-0.1431300	0.3159600	1.4474633	0.0378300	0.2819100	1.1801433	0.1082100	0.3679300	0.9242033	0.1220300	0.3530000	1.4519233	-0.3218500	0.3518500	1.1868233	-0.3933800	0.4281800	0.9276933	-0.3780900	0.4043100	0.8848933	-0.1166600	0.3938300	0.8915933	0.0096500	0.4106000	0.5022533	0.0205700	0.1785900	0.1528733	-0.0338800	0.4263800	0.8804033	-0.2420900	0.4054500	0.4658133	-0.1996500	0.3987600	0.0682933	-0.1627100	0.5759600	0.0295233	-0.1729400	0.5688800	0.0299533	-0.1735900	0.3632000	0.0293333	-0.1565900	0.2664900	0.0306833	-0.0329700	0.2615800	0.0392233	-0.0309600	0.1483800	0.1330233	-0.0402300	0.4470009	0.9611644	0.0766708	0.4965814	0.9591918	-0.2910480	0.2356562	0.9792208	-0.0663827	0.2550148	0.9787231	-0.2107285	0.3809220	0.4693526	0.0859090	0.4034335	0.4749212	-0.0395896	0.1636164	0.1472570	0.0053403	0.1958296	0.1479474	-0.0780587	0.2652785	0.0573922	-0.0443684	0.2209843	0.0626992	0.0088371	0.1029604	0.1642177	-0.0483188	0.4188774	0.4605077	-0.2632685	0.4123177	0.4753839	-0.1331716	0.3989852	0.0698143	-0.2085068	0.4154519	0.0839520	-0.1212150	0.5532310	0.0426091	-0.1630897	0.3236243	0.0500114	-0.1585705	0.5121192	0.0300909	-0.2189326	0.3175524	1.4982508	0.0391352	0.3443631	1.5029161	-0.3204580	0.2255771	1.5054099	-0.1486329	0.4435474	0.7196256	0.0950274	0.4118726	0.6202827	0.1145482	0.3223505	0.7189048	0.1103449	0.4943039	0.7103129	-0.3007920	0.4637870	0.6097079	-0.3110151	0.3754604	0.7075627	-0.3393644	0.3177287	0.3630703	0.0675610	0.2774678	0.2510716	0.0567382	0.2236157	0.2995185	0.0580146	0.4149142	0.3438522	-0.2504028	0.4438668	0.2241961	-0.2448773	0.3693103	0.2367177	-0.2548601	0.3504318	0.8562416	-0.0112278	0.3802516	0.8553225	-0.2333085	0.2716785	1.1476935	0.1531864	0.2612109	1.1359297	0.0676468	0.4053275	0.9195658	0.1118542	0.3503726	0.8871719	0.1238737	0.3615287	1.1528037	-0.4309235	0.3130682	1.1405963	-0.3607361	0.4719144	0.9140805	-0.3509706	0.4164170	0.8888414	-0.3882722
387	6.4333333	0.3289900	1.4522533	-0.1442500	0.3241400	1.4479233	0.0367200	0.2887600	1.1793633	0.1080300	0.3748600	0.9263733	0.1212400	0.3611500	1.4520433	-0.3229500	0.3601900	1.1864733	-0.3942600	0.4380900	0.9263533	-0.3783700	0.4106100	0.8864133	-0.1175900	0.4004300	0.8936133	0.0091700	0.4265000	0.5078733	0.0217500	0.1893300	0.1560333	-0.0316700	0.4324600	0.8814933	-0.2435100	0.4053800	0.4637333	-0.2012200	0.3974900	0.0651533	-0.1628600	0.5758000	0.0288233	-0.1726100	0.5685400	0.0291433	-0.1732700	0.3642100	0.0277533	-0.1568900	0.2798400	0.0346033	-0.0259700	0.2748200	0.0428633	-0.0242500	0.1587500	0.1374033	-0.0387600	0.4530088	0.9635363	0.0756447	0.5028893	0.9597683	-0.2918719	0.2413729	0.9807205	-0.0681809	0.2607861	0.9795463	-0.2124298	0.3988919	0.4751358	0.0890499	0.4223168	0.4799187	-0.0363268	0.1775095	0.1539053	0.0086103	0.2103551	0.1538648	-0.0750295	0.2737395	0.0588288	-0.0417139	0.2304841	0.0659726	0.0116469	0.1187325	0.1732644	-0.0451488	0.4177274	0.4606793	-0.2641735	0.4114981	0.4760031	-0.1342899	0.3972161	0.0690755	-0.2090132	0.4141916	0.0835365	-0.1216229	0.5518928	0.0431221	-0.1633364	0.3217203	0.0485790	-0.1588469	0.5105512	0.0295960	-0.2193500	0.3226512	1.4994180	0.0368962	0.3519679	1.5040758	-0.3226311	0.2320045	1.5066072	-0.1516864	0.4530783	0.7267855	0.0957896	0.4246177	0.6269563	0.1161890	0.3321130	0.7220472	0.1105033	0.4982833	0.7088229	-0.3012910	0.4657281	0.6088416	-0.3116798	0.3789366	0.7083900	-0.3402663	0.3347246	0.3684091	0.0709217	0.2927633	0.2564436	0.0602633	0.2395194	0.3059301	0.0612032	0.4134137	0.3441663	-0.2514879	0.4424528	0.2242890	-0.2458291	0.3673474	0.2364047	-0.2556361	0.3566723	0.8582954	-0.0122729	0.3866725	0.8563065	-0.2342223	0.2764690	1.1497389	0.1512891	0.2667120	1.1379142	0.0656622	0.4111062	0.9218216	0.1110502	0.3561073	0.8893001	0.1225893	0.3696455	1.1538748	-0.4325768	0.3206200	1.1416535	-0.3626405	0.4801082	0.9154103	-0.3513804	0.4248263	0.8898728	-0.3890787
388	6.4500000	0.3366700	1.4526833	-0.1451200	0.3319900	1.4483433	0.0359500	0.2952600	1.1793933	0.1077400	0.3816700	0.9280333	0.1203200	0.3686600	1.4524433	-0.3239400	0.3680100	1.1862733	-0.3951100	0.4472400	0.9256233	-0.3784900	0.4161600	0.8882133	-0.1184400	0.4061000	0.8957633	0.0085700	0.4385300	0.5116933	0.0213700	0.1966500	0.1546733	-0.0299400	0.4379300	0.8829233	-0.2446100	0.4061900	0.4628033	-0.2026300	0.3969600	0.0622233	-0.1626100	0.5767900	0.0284033	-0.1729600	0.5694000	0.0286133	-0.1736200	0.3648500	0.0257833	-0.1564300	0.2953000	0.0364533	-0.0175700	0.2899200	0.0440833	-0.0160800	0.1648900	0.1360333	-0.0377900	0.4587685	0.9661674	0.0748919	0.5085587	0.9604318	-0.2928419	0.2463735	0.9827172	-0.0695661	0.2657184	0.9807631	-0.2138567	0.4141855	0.4808534	0.0915069	0.4385969	0.4849787	-0.0341712	0.1909612	0.1581058	0.0122630	0.2246869	0.1575211	-0.0718271	0.2853661	0.0601599	-0.0370351	0.2420935	0.0686436	0.0162651	0.1330024	0.1781564	-0.0424864	0.4160888	0.4611579	-0.2650585	0.4103270	0.4769116	-0.1350879	0.3953062	0.0684176	-0.2093467	0.4129133	0.0832242	-0.1217078	0.5506000	0.0436787	-0.1637061	0.3197836	0.0471165	-0.1587620	0.5089532	0.0292097	-0.2198230	0.3279229	1.5005863	0.0351601	0.3591757	1.5056244	-0.3244553	0.2382062	1.5083054	-0.1539477	0.4615106	0.7335036	0.0967467	0.4356185	0.6333172	0.1177776	0.3403005	0.7254632	0.1109267	0.5017322	0.7078909	-0.3020514	0.4671067	0.6084291	-0.3125409	0.3813851	0.7094762	-0.3413511	0.3496978	0.3733135	0.0740018	0.3070285	0.2609087	0.0640065	0.2536162	0.3107398	0.0642188	0.4114960	0.3447183	-0.2525345	0.4407783	0.2245823	-0.2468327	0.3649637	0.2362074	-0.2562389	0.3621383	0.8607453	-0.0130915	0.3920823	0.8575748	-0.2351590	0.2810495	1.1518890	0.1497407	0.2719052	1.1399838	0.0639665	0.4166960	0.9242111	0.1103995	0.3616229	0.8915768	0.1215223	0.3772588	1.1551144	-0.4339252	0.3277789	1.1428807	-0.3642462	0.4877907	0.9169468	-0.3516341	0.4327237	0.8911129	-0.3896863
389	6.4666667	0.3431600	1.4532833	-0.1460700	0.3388600	1.4489333	0.0352900	0.3012100	1.1805633	0.1070600	0.3881000	0.9292033	0.1195500	0.3748500	1.4530333	-0.3252000	0.3753000	1.1864833	-0.3960500	0.4558200	0.9261633	-0.3785600	0.4222800	0.8884833	-0.1189100	0.4124500	0.8963833	0.0079300	0.4481900	0.5143933	0.0198200	0.2047000	0.1511433	-0.0279600	0.4437800	0.8828033	-0.2449300	0.4071800	0.4614433	-0.2034300	0.3968200	0.0604833	-0.1623000	0.5782200	0.0278233	-0.1736300	0.5707800	0.0279933	-0.1743300	0.3640000	0.0237133	-0.1556300	0.3103500	0.0361133	-0.0101600	0.3046500	0.0429733	-0.0087900	0.1732300	0.1319133	-0.0363000	0.4655224	0.9671939	0.0745605	0.5147952	0.9595168	-0.2936816	0.2520377	0.9833217	-0.0701737	0.2711619	0.9805864	-0.2146083	0.4275043	0.4844402	0.0934482	0.4527894	0.4880271	-0.0328147	0.2044431	0.1582471	0.0162319	0.2390949	0.1572696	-0.0684468	0.2997524	0.0593788	-0.0308480	0.2557140	0.0687305	0.0222280	0.1464631	0.1776745	-0.0400711	0.4153134	0.4602330	-0.2657625	0.4101762	0.4763969	-0.1354494	0.3941707	0.0662603	-0.2094614	0.4125411	0.0813914	-0.1214572	0.5503048	0.0426856	-0.1639687	0.3187051	0.0441713	-0.1582893	0.5082469	0.0273193	-0.2202148	0.3343564	1.5001797	0.0339756	0.3669156	1.5057176	-0.3257329	0.2451680	1.5086200	-0.1552777	0.4700081	0.7377456	0.0979965	0.4458861	0.6373299	0.1194153	0.3482090	0.7272291	0.1117864	0.5057701	0.7057741	-0.3028043	0.4691278	0.6067425	-0.3133600	0.3842040	0.7090793	-0.3422772	0.3632880	0.3757904	0.0768403	0.3208113	0.2625278	0.0678514	0.2665842	0.3122228	0.0671680	0.4103893	0.3438109	-0.2534071	0.4398807	0.2233715	-0.2477658	0.3633544	0.2345312	-0.2565657	0.3682072	0.8616961	-0.0133764	0.3978396	0.8573558	-0.2357359	0.2864496	1.1525244	0.1487340	0.2778576	1.1405093	0.0627940	0.4230539	0.9251059	0.1101372	0.3679082	0.8923635	0.1208670	0.3853434	1.1548771	-0.4347961	0.3355027	1.1426113	-0.3653363	0.4960804	0.9170486	-0.3514547	0.4412213	0.8909112	-0.3898043
390	6.4833333	0.3488100	1.4537233	-0.1471000	0.3448000	1.4495233	0.0345400	0.3070800	1.1826533	0.1060000	0.3940000	0.9301433	0.1191300	0.3803000	1.4533233	-0.3265300	0.3820700	1.1869933	-0.3968100	0.4640300	0.9272633	-0.3784700	0.4291600	0.8867433	-0.1188800	0.4196500	0.8949733	0.0075400	0.4566100	0.5160333	0.0179100	0.2148300	0.1469733	-0.0258800	0.4502500	0.8807333	-0.2445400	0.4075400	0.4601833	-0.2034200	0.3971900	0.0600033	-0.1622900	0.5789400	0.0268433	-0.1740700	0.5715600	0.0270233	-0.1748500	0.3628900	0.0226633	-0.1550400	0.3251400	0.0345833	-0.0045500	0.3191900	0.0409233	-0.0032100	0.1849300	0.1272733	-0.0346600	0.4733125	0.9660650	0.0746413	0.5217222	0.9566479	-0.2942355	0.2585915	0.9820634	-0.0699444	0.2773595	0.9786346	-0.2145730	0.4391646	0.4855766	0.0949137	0.4651149	0.4887397	-0.0320947	0.2180183	0.1547726	0.0200910	0.2534985	0.1535289	-0.0652327	0.3157089	0.0564310	-0.0241965	0.2705562	0.0661981	0.0285692	0.1595986	0.1727461	-0.0379815	0.4155382	0.4576270	-0.2661887	0.4111394	0.4741652	-0.1353747	0.3938151	0.0625680	-0.2093478	0.4130441	0.0779779	-0.1209471	0.5509318	0.0400956	-0.1639522	0.3184715	0.0398185	-0.1575302	0.5084115	0.0238262	-0.2203891	0.3415995	1.4980541	0.0332246	0.3749086	1.5039357	-0.3265339	0.2526037	1.5070902	-0.1558590	0.4787202	0.7391324	0.0995093	0.4556567	0.6386423	0.1210693	0.3561973	0.7268739	0.1130443	0.5103806	0.7020388	-0.3033535	0.4718577	0.6034131	-0.3139639	0.3877096	0.7068427	-0.3428221	0.3757305	0.3756559	0.0792794	0.3341833	0.2612688	0.0714449	0.2787419	0.3105445	0.0698446	0.4102070	0.3412178	-0.2540013	0.4397977	0.2204691	-0.2485042	0.3626525	0.2312811	-0.2565734	0.3750958	0.8606053	-0.0130370	0.4042119	0.8552185	-0.2357652	0.2925380	1.1513789	0.1482869	0.2844720	1.1392369	0.0621919	0.4300146	0.9242433	0.1103517	0.3748203	0.8913702	0.1206824	0.3937792	1.1528649	-0.4351944	0.3436493	1.1405288	-0.3658817	0.5049659	0.9154384	-0.3507750	0.4502835	0.8889681	-0.3893455
391	6.5000000	0.3544100	1.4541233	-0.1480100	0.3502100	1.4500733	0.0336500	0.3131400	1.1847233	0.1048800	0.3993700	0.9309933	0.1188400	0.3860500	1.4535333	-0.3274100	0.3885500	1.1875233	-0.3972200	0.4721400	0.9282633	-0.3780200	0.4358000	0.8848833	-0.1185900	0.4263500	0.8934133	0.0074500	0.4638700	0.5159533	0.0164400	0.2284200	0.1427533	-0.0239200	0.4567200	0.8785833	-0.2439000	0.4080300	0.4597533	-0.2028100	0.3975600	0.0613333	-0.1625600	0.5792500	0.0264333	-0.1741100	0.5719400	0.0266333	-0.1749900	0.3620800	0.0238733	-0.1546900	0.3420800	0.0327733	-0.0000100	0.3361500	0.0388333	0.0014000	0.2009400	0.1232533	-0.0332100	0.4809868	0.9646549	0.0748654	0.5284169	0.9537260	-0.2946255	0.2650415	0.9808167	-0.0693463	0.2834066	0.9767959	-0.2141694	0.4488332	0.4862289	0.0957431	0.4752653	0.4890940	-0.0321093	0.2316959	0.1501299	0.0232826	0.2678987	0.1487697	-0.0626661	0.3324949	0.0535423	-0.0180369	0.2861022	0.0632726	0.0343570	0.1727927	0.1660531	-0.0365695	0.4159570	0.4553734	-0.2665143	0.4123063	0.4722251	-0.1350834	0.3934864	0.0595593	-0.2092289	0.4135706	0.0751937	-0.1204439	0.5515561	0.0380331	-0.1637941	0.3183159	0.0363424	-0.1568197	0.5086145	0.0209054	-0.2205002	0.3483663	1.4962183	0.0326144	0.3821771	1.5022256	-0.3271449	0.2594003	1.5056254	-0.1561781	0.4866874	0.7397458	0.1010324	0.4642148	0.6392873	0.1225000	0.3634759	0.7262656	0.1143566	0.5146549	0.6986064	-0.3038020	0.4744628	0.6004087	-0.3144831	0.3911276	0.7047196	-0.3431780	0.3867618	0.3749739	0.0810249	0.3468999	0.2593430	0.0743633	0.2900238	0.3079183	0.0718334	0.4101729	0.3390116	-0.2544761	0.4397585	0.2179971	-0.2491807	0.3621239	0.2286206	-0.2564997	0.3817552	0.8593532	-0.0123878	0.4102879	0.8530616	-0.2354754	0.2982872	1.1503490	0.1481011	0.2907021	1.1380956	0.0618734	0.4365389	0.9234841	0.1107678	0.3812987	0.8904661	0.1207114	0.4016132	1.1509837	-0.4354107	0.3512352	1.1385458	-0.3661702	0.5134691	0.9140306	-0.3498862	0.4589134	0.8871851	-0.3886198
392	6.5166667	0.3602900	1.4546833	-0.1486900	0.3556100	1.4508333	0.0327600	0.3186800	1.1860433	0.1041100	0.4046100	0.9317033	0.1183700	0.3923000	1.4539233	-0.3278100	0.3949300	1.1877833	-0.3973100	0.4799300	0.9289733	-0.3773500	0.4414700	0.8843233	-0.1182700	0.4318300	0.8930633	0.0075600	0.4693900	0.5136633	0.0153100	0.2460200	0.1389433	-0.0220600	0.4625200	0.8778033	-0.2433500	0.4091600	0.4602933	-0.2022400	0.3974100	0.0629233	-0.1627500	0.5803400	0.0269933	-0.1738500	0.5730100	0.0271133	-0.1748700	0.3611200	0.0257433	-0.1543700	0.3625900	0.0311933	0.0041700	0.3569900	0.0370633	0.0057300	0.2220200	0.1190933	-0.0310900	0.4877507	0.9644461	0.0750463	0.5342212	0.9521520	-0.2950019	0.2706238	0.9809372	-0.0687908	0.2885968	0.9763918	-0.2137969	0.4564027	0.4876628	0.0958029	0.4831628	0.4903802	-0.0329269	0.2462672	0.1456664	0.0256491	0.2831109	0.1443975	-0.0608331	0.3506140	0.0520574	-0.0127616	0.3029624	0.0612765	0.0392007	0.1870849	0.1589579	-0.0358379	0.4160387	0.4547818	-0.2668345	0.4130514	0.4719076	-0.1346766	0.3928134	0.0585475	-0.2092413	0.4136588	0.0743763	-0.1200844	0.5517718	0.0377632	-0.1635573	0.3178272	0.0350466	-0.1563683	0.5084840	0.0198860	-0.2206260	0.3539678	1.4959859	0.0320284	0.3883809	1.5019844	-0.3277549	0.2650136	1.5056251	-0.1565638	0.4932658	0.7410863	0.1023215	0.4711243	0.6406688	0.1234862	0.3694962	0.7267255	0.1154299	0.5180570	0.6967806	-0.3042360	0.4764303	0.5990311	-0.3150124	0.3938830	0.7040457	-0.3435603	0.3965027	0.3750542	0.0819352	0.3592990	0.2581560	0.0764450	0.3008477	0.3055755	0.0729604	0.4098062	0.3385132	-0.2549271	0.4393355	0.2172937	-0.2498780	0.3613315	0.2278482	-0.2564962	0.3874135	0.8593711	-0.0117066	0.4153754	0.8522657	-0.2351235	0.3031083	1.1506934	0.1479348	0.2959207	1.1383676	0.0615923	0.4420750	0.9240606	0.1111050	0.3867658	0.8909003	0.1207219	0.4083542	1.1505264	-0.4356584	0.3577433	1.1379792	-0.3664392	0.5209901	0.9140967	-0.3490375	0.4665151	0.8868464	-0.3879308
393	6.5333333	0.3662400	1.4554733	-0.1491400	0.3613000	1.4518233	0.0321700	0.3232300	1.1871233	0.1037300	0.4102500	0.9326033	0.1177100	0.3984200	1.4544833	-0.3280600	0.4011100	1.1877033	-0.3971300	0.4865400	0.9293433	-0.3768100	0.4466700	0.8852633	-0.1179500	0.4369000	0.8941133	0.0077900	0.4728100	0.5094533	0.0140300	0.2661200	0.1346733	-0.0203200	0.4678000	0.8786533	-0.2429400	0.4109900	0.4605533	-0.2019300	0.3968800	0.0632333	-0.1624000	0.5818400	0.0270733	-0.1735100	0.5744600	0.0269733	-0.1747200	0.3602500	0.0254933	-0.1536300	0.3857000	0.0296233	0.0073600	0.3803900	0.0354133	0.0090900	0.2445300	0.1154633	-0.0294300	0.4940872	0.9657408	0.0751964	0.5396010	0.9521480	-0.2953619	0.2757847	0.9825312	-0.0683377	0.2933739	0.9774872	-0.2135146	0.4624121	0.4897470	0.0951133	0.4894093	0.4925134	-0.0344302	0.2626649	0.1414000	0.0272265	0.3001165	0.1404837	-0.0596342	0.3709077	0.0517307	-0.0085360	0.3220275	0.0600116	0.0429540	0.2034901	0.1516471	-0.0356068	0.4161805	0.4556943	-0.2670239	0.4137726	0.4730984	-0.1340797	0.3923008	0.0592634	-0.2092884	0.4138111	0.0752864	-0.1197871	0.5521758	0.0389242	-0.1631436	0.3174792	0.0356592	-0.1560725	0.5085627	0.0204559	-0.2206351	0.3590135	1.4973473	0.0315283	0.3941735	1.5033303	-0.3283575	0.2700710	1.5071994	-0.1570188	0.4989490	0.7432132	0.1033072	0.4768880	0.6427634	0.1239721	0.3747336	0.7282885	0.1161723	0.5211650	0.6964715	-0.3046146	0.4782612	0.5991614	-0.3154690	0.3964142	0.7048528	-0.3439271	0.4055776	0.3758338	0.0820315	0.3720812	0.2577284	0.0776809	0.3119645	0.3034134	0.0732471	0.4095325	0.3395768	-0.2552505	0.4390011	0.2182060	-0.2505073	0.3607075	0.2287147	-0.2564446	0.3925861	0.8608519	-0.0110416	0.4199751	0.8529709	-0.2347603	0.3075649	1.1524368	0.1477426	0.3006886	1.1400759	0.0613200	0.4472454	0.9260289	0.1112849	0.3918646	0.8927135	0.1206741	0.4145308	1.1515292	-0.4358909	0.3637055	1.1388956	-0.3666772	0.5279162	0.9155832	-0.3482709	0.4734725	0.8879507	-0.3873511
394	6.5500000	0.3718700	1.4563033	-0.1494500	0.3669800	1.4530733	0.0318300	0.3277100	1.1886833	0.1034000	0.4162400	0.9333833	0.1170300	0.4039800	1.4549533	-0.3283600	0.4068400	1.1874233	-0.3969500	0.4918000	0.9295033	-0.3765000	0.4519300	0.8876533	-0.1178200	0.4424500	0.8966533	0.0078600	0.4748400	0.5046333	0.0126900	0.2870300	0.1269033	-0.0184900	0.4727400	0.8809533	-0.2427800	0.4132800	0.4603233	-0.2015300	0.3966400	0.0626333	-0.1613800	0.5822400	0.0256533	-0.1733900	0.5748500	0.0253833	-0.1748800	0.3586300	0.0247033	-0.1518500	0.4099800	0.0267033	0.0086300	0.4049200	0.0321733	0.0106100	0.2664100	0.1072233	-0.0281600	0.5006050	0.9685365	0.0751267	0.5449345	0.9536491	-0.2959103	0.2810620	0.9854564	-0.0680298	0.2981870	0.9799070	-0.2133679	0.4670248	0.4920248	0.0934779	0.4942205	0.4950348	-0.0368003	0.2810189	0.1365843	0.0280009	0.3190856	0.1362856	-0.0590981	0.3935858	0.0516512	-0.0055740	0.3435161	0.0585209	0.0454784	0.2220887	0.1434014	-0.0358013	0.4167444	0.4577315	-0.2671432	0.4149179	0.4754063	-0.1334465	0.3920003	0.0611339	-0.2093649	0.4141677	0.0773179	-0.1196040	0.5528171	0.0407364	-0.1627926	0.3173466	0.0376472	-0.1558398	0.5088212	0.0219151	-0.2206438	0.3641092	1.5000658	0.0310135	0.3998797	1.5059488	-0.3291117	0.2750744	1.5100933	-0.1575928	0.5042716	0.7457923	0.1037763	0.4818858	0.6451909	0.1237474	0.3795846	0.7307952	0.1164003	0.5244107	0.6974265	-0.3051326	0.4803399	0.6005044	-0.3159723	0.3990820	0.7069883	-0.3443329	0.4141258	0.3768073	0.0811708	0.3853797	0.2574857	0.0779729	0.3234919	0.3007949	0.0726113	0.4096111	0.3417756	-0.2554961	0.4389210	0.2202383	-0.2511210	0.3604129	0.2307548	-0.2563240	0.3978874	0.8637525	-0.0105695	0.4245603	0.8550946	-0.2345685	0.3122705	1.1553864	0.1473173	0.3056201	1.1430193	0.0608921	0.4526036	0.9291906	0.1111003	0.3971665	0.8957215	0.1203748	0.4205537	1.1537896	-0.4362082	0.3695501	1.1411284	-0.3669978	0.5345243	0.9181776	-0.3477842	0.4800542	0.8902491	-0.3870646
395	6.5666667	0.3769800	1.4571333	-0.1498000	0.3721400	1.4542633	0.0314900	0.3334200	1.1899133	0.1030800	0.4216800	0.9340633	0.1163400	0.4090400	1.4554033	-0.3287400	0.4121700	1.1873833	-0.3969200	0.4965600	0.9300233	-0.3762100	0.4568300	0.8898933	-0.1181000	0.4481100	0.8987433	0.0073900	0.4769100	0.5005433	0.0116900	0.3072200	0.1167233	-0.0168900	0.4768800	0.8831933	-0.2429500	0.4155300	0.4603333	-0.2008800	0.3969000	0.0615133	-0.1602600	0.5816400	0.0234233	-0.1734200	0.5743700	0.0230933	-0.1752600	0.3577500	0.0237733	-0.1493600	0.4338000	0.0234533	0.0079900	0.4287700	0.0284433	0.0102800	0.2869600	0.0924133	-0.0264800	0.5069211	0.9712090	0.0745389	0.5496396	0.9550787	-0.2969063	0.2861071	0.9880639	-0.0678823	0.3026082	0.9820262	-0.2133582	0.4698992	0.4929151	0.0908872	0.4971864	0.4963139	-0.0400734	0.3001675	0.1296256	0.0280760	0.3387907	0.1301545	-0.0591878	0.4172978	0.0502289	-0.0039788	0.3661770	0.0551650	0.0467840	0.2416484	0.1326057	-0.0362840	0.4173695	0.4592352	-0.2674214	0.4162170	0.4771725	-0.1329827	0.3913713	0.0624054	-0.2095442	0.4142758	0.0787013	-0.1195642	0.5530101	0.0415339	-0.1627500	0.3169843	0.0392227	-0.1556140	0.5085632	0.0225589	-0.2208562	0.3689930	1.5025107	0.0303117	0.4050335	1.5080651	-0.3301002	0.2797236	1.5125790	-0.1582822	0.5090221	0.7471771	0.1035323	0.4858662	0.6463405	0.1226984	0.3837446	0.7326901	0.1160294	0.5273438	0.6980829	-0.3060377	0.4822253	0.6014608	-0.3167613	0.4013946	0.7088394	-0.3449737	0.4215827	0.3763645	0.0793872	0.3983932	0.2557728	0.0773730	0.3346644	0.2961840	0.0711694	0.4096266	0.3434101	-0.2558674	0.4386218	0.2216475	-0.2518847	0.3599718	0.2322646	-0.2562708	0.4029872	0.8664564	-0.0104841	0.4286822	0.8570501	-0.2347188	0.3169855	1.1579473	0.1465485	0.3104402	1.1455961	0.0601758	0.4577681	0.9318788	0.1104085	0.4022492	0.8983144	0.1196645	0.4260753	1.1557028	-0.4368003	0.3749397	1.1430913	-0.3675797	0.5404299	0.9203014	-0.3477320	0.4859083	0.8921695	-0.3872014
396	6.5833333	0.3817000	1.4573733	-0.1500900	0.3771600	1.4545233	0.0313100	0.3407000	1.1898633	0.1031400	0.4263000	0.9341833	0.1158300	0.4134900	1.4555633	-0.3291800	0.4174700	1.1874933	-0.3969000	0.5014000	0.9309533	-0.3757000	0.4611300	0.8897433	-0.1186400	0.4532700	0.8984633	0.0065800	0.4797000	0.4975733	0.0111400	0.3269600	0.1079833	-0.0158600	0.4802700	0.8832233	-0.2433200	0.4173900	0.4603133	-0.2002400	0.3965400	0.0610833	-0.1596900	0.5812800	0.0221933	-0.1731000	0.5741400	0.0218733	-0.1753300	0.3575700	0.0243933	-0.1473900	0.4576700	0.0215233	0.0065500	0.4523800	0.0261333	0.0091200	0.3052000	0.0808333	-0.0264100	0.5126289	0.9714787	0.0735683	0.5535393	0.9542986	-0.2981685	0.2906705	0.9881737	-0.0677389	0.3064763	0.9817273	-0.2133126	0.4717955	0.4908125	0.0880261	0.4990476	0.4947062	-0.0435113	0.3192099	0.1200324	0.0277144	0.3582733	0.1215325	-0.0596452	0.4407739	0.0466262	-0.0034508	0.3888172	0.0492601	0.0471852	0.2612155	0.1191057	-0.0368854	0.4180179	0.4582407	-0.2678392	0.4176489	0.4764420	-0.1326388	0.3904249	0.0614006	-0.2096717	0.4141290	0.0777708	-0.1194431	0.5527882	0.0399534	-0.1627872	0.3163727	0.0386069	-0.1552322	0.5078252	0.0209156	-0.2211117	0.3735343	1.5025796	0.0295247	0.4095107	1.5076133	-0.3310385	0.2839736	1.5124976	-0.1588480	0.5132474	0.7456483	0.1028839	0.4891583	0.6445313	0.1212815	0.3873148	0.7318815	0.1153565	0.5298250	0.6964601	-0.3071891	0.4838133	0.6000526	-0.3177498	0.4032416	0.7082468	-0.3457629	0.4282628	0.3730746	0.0772697	0.4108915	0.2513866	0.0763324	0.3453984	0.2886979	0.0694045	0.4095828	0.3425617	-0.2563167	0.4381177	0.2205875	-0.2526751	0.3593913	0.2314321	-0.2562417	0.4075997	0.8666697	-0.0106485	0.4321987	0.8566313	-0.2350514	0.3216183	1.1580317	0.1457773	0.3150297	1.1457119	0.0594302	0.4625726	0.9319450	0.1095067	0.4068978	0.8983792	0.1188036	0.4310150	1.1552180	-0.4375136	0.3797946	1.1427015	-0.3682520	0.5456236	0.9200226	-0.3478472	0.4910655	0.8917294	-0.3874700
397	6.6000000	0.3864800	1.4569833	-0.1500700	0.3829600	1.4536233	0.0316400	0.3485200	1.1891133	0.1037000	0.4303000	0.9344933	0.1156800	0.4173900	1.4556233	-0.3296000	0.4226900	1.1874733	-0.3966800	0.5061700	0.9319433	-0.3749400	0.4656400	0.8877033	-0.1190600	0.4586500	0.8960733	0.0060100	0.4825600	0.4948033	0.0106700	0.3466100	0.1014433	-0.0155300	0.4839100	0.8815133	-0.2436700	0.4185500	0.4598533	-0.1998500	0.3966300	0.0609533	-0.1593600	0.5817500	0.0221633	-0.1723200	0.5747200	0.0219633	-0.1749200	0.3589500	0.0251433	-0.1463300	0.4828300	0.0213533	0.0053400	0.4772700	0.0252933	0.0082000	0.3239700	0.0718333	-0.0261000	0.5184978	0.9697782	0.0726604	0.5575373	0.9518274	-0.2993018	0.2955426	0.9863628	-0.0672721	0.3106332	0.9796198	-0.2129245	0.4741044	0.4867714	0.0854465	0.5011780	0.4912381	-0.0465139	0.3387250	0.1096094	0.0273533	0.3780599	0.1121817	-0.0599955	0.4645425	0.0425638	-0.0033525	0.4119345	0.0426017	0.0472482	0.2812950	0.1048264	-0.0372263	0.4194159	0.4555232	-0.2680783	0.4198892	0.4739935	-0.1321469	0.3902286	0.0590517	-0.2093982	0.4147368	0.0754797	-0.1189176	0.5533564	0.0373155	-0.1625108	0.3165211	0.0365221	-0.1544163	0.5078362	0.0181751	-0.2210140	0.3785419	1.5008871	0.0290140	0.4139993	1.5053216	-0.3316117	0.2885487	1.5104766	-0.1589264	0.5178373	0.7421131	0.1022852	0.4928533	0.6407255	0.1199818	0.3913111	0.7290364	0.1147655	0.5326213	0.6932524	-0.3082015	0.4858731	0.5970002	-0.3185739	0.4054784	0.7058080	-0.3463416	0.4353478	0.3681407	0.0753312	0.4237607	0.2457080	0.0753241	0.3566996	0.2798510	0.0677943	0.4103255	0.3400240	-0.2565082	0.4383646	0.2179139	-0.2531185	0.3595997	0.2291030	-0.2559201	0.4124826	0.8648830	-0.0106870	0.4359497	0.8543810	-0.2352232	0.3268421	1.1563009	0.1454491	0.3201107	1.1440197	0.0590725	0.4676978	0.9300596	0.1088746	0.4118094	0.8965595	0.1182369	0.4360605	1.1530157	-0.4379534	0.3848178	1.1405821	-0.3686142	0.5508985	0.9180811	-0.3477235	0.4963117	0.8896318	-0.3874240
398	6.6166667	0.3914600	1.4562933	-0.1498400	0.3890600	1.4525533	0.0322900	0.3549600	1.1886133	0.1042800	0.4341400	0.9350033	0.1160200	0.4214400	1.4552433	-0.3299300	0.4272900	1.1872233	-0.3963000	0.5109300	0.9328233	-0.3740000	0.4706900	0.8865233	-0.1191400	0.4642800	0.8946233	0.0059400	0.4844700	0.4909933	0.0097700	0.3652800	0.0952633	-0.0156600	0.4883900	0.8805933	-0.2438100	0.4190800	0.4582133	-0.1995800	0.3978100	0.0608533	-0.1588300	0.5820000	0.0222933	-0.1718300	0.5750600	0.0223033	-0.1746900	0.3616600	0.0244933	-0.1457300	0.5082400	0.0220433	0.0047400	0.5023400	0.0252333	0.0078100	0.3419700	0.0645333	-0.0262100	0.5248750	0.9688849	0.0721471	0.5620250	0.9503929	-0.3000799	0.3009967	0.9853672	-0.0663449	0.3153762	0.9784032	-0.2120925	0.4768910	0.4835474	0.0832334	0.5037414	0.4886405	-0.0490116	0.3583412	0.1012157	0.0271273	0.3978585	0.1049194	-0.0601014	0.4884372	0.0406419	-0.0033450	0.4352394	0.0379463	0.0472493	0.3014189	0.0927304	-0.0372565	0.4215232	0.4537563	-0.2679207	0.4228439	0.4724917	-0.1313569	0.3910288	0.0579780	-0.2086703	0.4163046	0.0744511	-0.1179848	0.5549579	0.0361994	-0.1618651	0.3176834	0.0355417	-0.1531615	0.5088807	0.0169322	-0.2204619	0.3841857	1.5001544	0.0289865	0.4186750	1.5040200	-0.3317517	0.2935639	1.5092981	-0.1584113	0.5229345	0.7393030	0.1019700	0.4970489	0.6376649	0.1189762	0.3958908	0.7269401	0.1144317	0.5359782	0.6910840	-0.3088834	0.4885541	0.5949520	-0.3190217	0.4083341	0.7042638	-0.3464893	0.4427631	0.3643627	0.0736797	0.4367633	0.2415601	0.0744858	0.3683670	0.2724711	0.0664168	0.4118927	0.3384784	-0.2562814	0.4395013	0.2163188	-0.2531218	0.3607104	0.2279035	-0.2551552	0.4179336	0.8638617	-0.0103815	0.4402554	0.8530309	-0.2350772	0.3326603	1.1554931	0.1456204	0.3257975	1.1432561	0.0592101	0.4732165	0.9290200	0.1087212	0.4171157	0.8956131	0.1181488	0.4413028	1.1518127	-0.4379203	0.3901064	1.1394226	-0.3684643	0.5564219	0.9171700	-0.3472324	0.5017938	0.8885763	-0.3869183
399	6.6333333	0.3961400	1.4561133	-0.1496600	0.3939200	1.4525833	0.0328400	0.3587700	1.1884533	0.1043600	0.4386200	0.9354033	0.1167900	0.4260300	1.4548433	-0.3301600	0.4312500	1.1871133	-0.3958900	0.5158700	0.9334433	-0.3728900	0.4758400	0.8858933	-0.1188100	0.4693400	0.8938733	0.0062600	0.4849300	0.4854233	0.0080300	0.3826800	0.0882233	-0.0153000	0.4936100	0.8800233	-0.2434600	0.4192700	0.4554433	-0.1990500	0.3999200	0.0599033	-0.1583600	0.5813000	0.0218333	-0.1721200	0.5743000	0.0221133	-0.1751600	0.3647400	0.0226533	-0.1453500	0.5315600	0.0232033	0.0045800	0.5252800	0.0258033	0.0077800	0.3596100	0.0555633	-0.0254100	0.5312588	0.9685547	0.0721640	0.5665765	0.9496589	-0.3004313	0.3065755	0.9848289	-0.0649536	0.3202745	0.9776865	-0.2108391	0.4792642	0.4806461	0.0813033	0.5058258	0.4863695	-0.0511452	0.3770515	0.0942312	0.0272184	0.4166533	0.0990587	-0.0598271	0.5113591	0.0401968	-0.0032025	0.4576388	0.0346922	0.0474202	0.3205798	0.0821478	-0.0368227	0.4236871	0.4525230	-0.2673891	0.4258597	0.4714484	-0.1302629	0.3921495	0.0576008	-0.2076762	0.4181734	0.0740560	-0.1168162	0.5566822	0.0359046	-0.1611207	0.3192738	0.0351042	-0.1516140	0.5101070	0.0165446	-0.2196957	0.3898130	1.5000858	0.0294647	0.4231186	1.5033480	-0.3314956	0.2984755	1.5086054	-0.1573955	0.5279543	0.7367345	0.1019438	0.5010460	0.6348783	0.1182412	0.4004610	0.7253034	0.1144183	0.5394369	0.6895233	-0.3092045	0.4913192	0.5934972	-0.3190911	0.4113047	0.7033132	-0.3462294	0.4495715	0.3612405	0.0723063	0.4489258	0.2383882	0.0738889	0.3794429	0.2660279	0.0653512	0.4135963	0.3374892	-0.2557204	0.4408327	0.2153315	-0.2528338	0.3620484	0.2273413	-0.2540550	0.4235001	0.8633116	-0.0096637	0.4447088	0.8522307	-0.2345821	0.3382969	1.1553078	0.1461818	0.3313962	1.1431029	0.0597466	0.4785749	0.9286543	0.1090865	0.4223115	0.8953029	0.1185527	0.4462524	1.1512598	-0.4374521	0.3951394	1.1388775	-0.3678522	0.5617653	0.9169342	-0.3463613	0.5071011	0.8882101	-0.3859839
400	6.6500000	0.4000500	1.4565533	-0.1495800	0.3973000	1.4535433	0.0332200	0.3611500	1.1880833	0.1041900	0.4440700	0.9354533	0.1177600	0.4305100	1.4547633	-0.3303100	0.4351400	1.1876333	-0.3956200	0.5205700	0.9338333	-0.3716500	0.4803400	0.8848933	-0.1181200	0.4732900	0.8929333	0.0068300	0.4845100	0.4786633	0.0052400	0.3982900	0.0812933	-0.0141400	0.4986000	0.8790733	-0.2425900	0.4201500	0.4525033	-0.1981600	0.4019700	0.0587933	-0.1583700	0.5799500	0.0211833	-0.1728900	0.5727800	0.0217533	-0.1760400	0.3678500	0.0207433	-0.1453100	0.5528700	0.0248733	0.0047400	0.5462300	0.0269633	0.0079900	0.3742900	0.0468433	-0.0240100	0.5368401	0.9678744	0.0726369	0.5704767	0.9487039	-0.3003523	0.3115404	0.9838758	-0.0632228	0.3246276	0.9765980	-0.2092585	0.4804918	0.4771574	0.0795493	0.5066306	0.4834692	-0.0531327	0.3937249	0.0876709	0.0277166	0.4332644	0.0935585	-0.0591885	0.5321541	0.0401193	-0.0028988	0.4780083	0.0317984	0.0478681	0.3375654	0.0721081	-0.0358874	0.4252761	0.4508633	-0.2666093	0.4282582	0.4698719	-0.1289457	0.3928518	0.0569384	-0.2066857	0.4195712	0.0732912	-0.1156471	0.5576526	0.0353395	-0.1605483	0.3205676	0.0342930	-0.1500628	0.5106805	0.0159665	-0.2190176	0.3946367	1.4998075	0.0302788	0.4266867	1.5024294	-0.3309604	0.3025642	1.5075248	-0.1560863	0.5322532	0.7335209	0.1020997	0.5041794	0.6314788	0.1176940	0.4042937	0.7232488	0.1147364	0.5423359	0.6876622	-0.3091853	0.4935253	0.5917134	-0.3188546	0.4137381	0.7020412	-0.3456736	0.4549358	0.3578312	0.0711682	0.4593178	0.2351999	0.0735464	0.3889724	0.2596101	0.0646551	0.4147613	0.3360911	-0.2549932	0.4416426	0.2139830	-0.2524578	0.3629348	0.2264491	-0.2528408	0.4284101	0.8623169	-0.0086166	0.4485969	0.8510597	-0.2337752	0.3429947	1.1548146	0.1470254	0.3361314	1.1426220	0.0605379	0.4832743	0.9281735	0.1098911	0.4269237	0.8947696	0.1193698	0.4503623	1.1504737	-0.4367083	0.3993202	1.1380767	-0.3669616	0.5663375	0.9164910	-0.3451789	0.5116547	0.8876370	-0.3847505
401	6.6666667	0.4034800	1.4568533	-0.1493000	0.4005100	1.4541133	0.0336300	0.3648000	1.1874333	0.1045100	0.4493700	0.9348733	0.1185900	0.4341700	1.4547933	-0.3301300	0.4392400	1.1885933	-0.3955000	0.5246000	0.9343333	-0.3704300	0.4838700	0.8840233	-0.1174000	0.4766000	0.8920433	0.0074900	0.4846400	0.4727033	0.0018600	0.4125500	0.0754133	-0.0126400	0.5023500	0.8782733	-0.2418000	0.4226500	0.4506433	-0.1973600	0.4035600	0.0587033	-0.1588700	0.5789200	0.0204533	-0.1734700	0.5717100	0.0213433	-0.1767000	0.3707800	0.0200433	-0.1457300	0.5728400	0.0274933	0.0049800	0.5657900	0.0290333	0.0082300	0.3864200	0.0402033	-0.0224600	0.5413299	0.9673332	0.0731842	0.5734235	0.9479949	-0.3001717	0.3155767	0.9830602	-0.0615133	0.3281171	0.9756834	-0.2076904	0.4807391	0.4737322	0.0777148	0.5062381	0.4805716	-0.0553245	0.4081045	0.0821104	0.0284131	0.4473880	0.0889631	-0.0584902	0.5505487	0.0408398	-0.0027133	0.4960902	0.0297652	0.0483793	0.3520383	0.0632276	-0.0346987	0.4263412	0.4493218	-0.2659435	0.4300369	0.4682989	-0.1277510	0.3930947	0.0564868	-0.2060519	0.4203949	0.0726627	-0.1148180	0.5578586	0.0348959	-0.1603904	0.3214456	0.0336704	-0.1489339	0.5106080	0.0155989	-0.2187250	0.3984874	1.4997598	0.0310989	0.4292072	1.5017742	-0.3304354	0.3056521	1.5066150	-0.1547986	0.5357883	0.7303573	0.1020821	0.5065038	0.6281433	0.1170404	0.4072745	0.7213277	0.1151683	0.5445058	0.6861114	-0.3091330	0.4951018	0.5901852	-0.3186458	0.4154722	0.7009482	-0.3451552	0.4589161	0.3547227	0.0700346	0.4679024	0.2325266	0.0732316	0.3968763	0.2538592	0.0641497	0.4154284	0.3348037	-0.2544378	0.4419412	0.2127901	-0.2523079	0.3633889	0.2257343	-0.2518952	0.4323361	0.8613956	-0.0075746	0.4515852	0.8500236	-0.2329602	0.3468195	1.1544167	0.1478847	0.3399380	1.1422290	0.0613186	0.4873160	0.9279329	0.1107459	0.4309139	0.8944002	0.1202552	0.4535706	1.1499468	-0.4360655	0.4025520	1.1375378	-0.3661769	0.5699520	0.9163134	-0.3440414	0.5152526	0.8873231	-0.3836075
402	6.6833333	0.4067200	1.4565733	-0.1485700	0.4042300	1.4538233	0.0343200	0.3704600	1.1869933	0.1055000	0.4532600	0.9335933	0.1192100	0.4369400	1.4545033	-0.3294700	0.4434100	1.1893833	-0.3950900	0.5282200	0.9349933	-0.3694200	0.4864500	0.8843333	-0.1170100	0.4795800	0.8922033	0.0080300	0.4861900	0.4693133	-0.0010700	0.4255000	0.0719833	-0.0116100	0.5045600	0.8787233	-0.2415800	0.4260000	0.4503633	-0.1972500	0.4052100	0.0589633	-0.1595100	0.5788800	0.0196333	-0.1735800	0.5717600	0.0208833	-0.1768300	0.3739900	0.0203133	-0.1463500	0.5905400	0.0291833	0.0054500	0.5831000	0.0300833	0.0086700	0.3991300	0.0361033	-0.0209700	0.5447880	0.9679803	0.0733965	0.5754038	0.9485420	-0.3002744	0.3186834	0.9834050	-0.0601887	0.3307105	0.9759507	-0.2064881	0.4805601	0.4715729	0.0756067	0.5052407	0.4788765	-0.0579072	0.4205593	0.0785246	0.0290243	0.4594429	0.0862385	-0.0580218	0.5667045	0.0428858	-0.0028504	0.5120462	0.0293119	0.0487113	0.3644354	0.0567007	-0.0335663	0.4271891	0.4489590	-0.2657405	0.4314976	0.4678185	-0.1270838	0.3932643	0.0571531	-0.2060049	0.4209975	0.0731135	-0.1145923	0.5577506	0.0353847	-0.1607334	0.3222334	0.0342168	-0.1485062	0.5103271	0.0162394	-0.2189352	0.4015799	1.5007926	0.0316621	0.4308324	1.5022962	-0.3301502	0.3079284	1.5068528	-0.1537668	0.5387631	0.7284982	0.1015915	0.5083558	0.6261047	0.1160210	0.4095925	0.7206209	0.1154076	0.5460413	0.6859691	-0.3093770	0.4962314	0.5899893	-0.3187937	0.4166203	0.7010486	-0.3449716	0.4620257	0.3530163	0.0686999	0.4751385	0.2313848	0.0727149	0.4035768	0.2498626	0.0635911	0.4159482	0.3346562	-0.2543541	0.4420985	0.2127663	-0.2526261	0.3637787	0.2261336	-0.2515110	0.4353168	0.8616163	-0.0068883	0.4536679	0.8501676	-0.2324723	0.3502113	1.1550065	0.1484741	0.3431593	1.1428347	0.0618498	0.4907919	0.9286101	0.1112424	0.4342916	0.8950095	0.1208450	0.4561127	1.1505973	-0.4358007	0.4050664	1.1382020	-0.3657724	0.5727356	0.9172839	-0.3432955	0.5180220	0.8881656	-0.3829024
403	6.7000000	0.4096000	1.4560333	-0.1476000	0.4078500	1.4534833	0.0352200	0.3758900	1.1870633	0.1066000	0.4559500	0.9321433	0.1198400	0.4391200	1.4538233	-0.3285700	0.4471000	1.1896333	-0.3939800	0.5315500	0.9352533	-0.3685400	0.4886900	0.8850033	-0.1168700	0.4823300	0.8926833	0.0083300	0.4885900	0.4683033	-0.0029700	0.4357500	0.0706033	-0.0111500	0.5063400	0.8795333	-0.2416700	0.4288100	0.4505433	-0.1977100	0.4065200	0.0593333	-0.1599900	0.5791100	0.0187333	-0.1735800	0.5721700	0.0202733	-0.1768300	0.3771100	0.0214233	-0.1468500	0.6022900	0.0291633	0.0064000	0.5945900	0.0296433	0.0095300	0.4103500	0.0351433	-0.0203700	0.5477530	0.9690414	0.0733339	0.5769649	0.9495354	-0.3005883	0.3214355	0.9840264	-0.0591835	0.3329775	0.9765062	-0.2055804	0.4806523	0.4700304	0.0735225	0.5045001	0.4777270	-0.0604289	0.4311526	0.0761191	0.0295111	0.4696012	0.0845490	-0.0577124	0.5802799	0.0447577	-0.0031451	0.5255116	0.0292551	0.0488755	0.3749604	0.0521295	-0.0325385	0.4283615	0.4489569	-0.2658938	0.4332534	0.4676561	-0.1269146	0.3939020	0.0581047	-0.2063197	0.4219754	0.0738437	-0.1147892	0.5579801	0.0358833	-0.1612708	0.3234641	0.0352074	-0.1485417	0.5104274	0.0169395	-0.2193429	0.4044546	1.5020315	0.0320744	0.4321805	1.5031114	-0.3299417	0.3100041	1.5073416	-0.1528848	0.5416405	0.7272581	0.1008084	0.5102630	0.6246938	0.1148302	0.4118174	0.7203488	0.1154713	0.5474749	0.6863579	-0.3098339	0.4974367	0.5902640	-0.3191907	0.4177470	0.7014862	-0.3449737	0.4648099	0.3519635	0.0673595	0.4813431	0.2309138	0.0720875	0.4094076	0.2469553	0.0630472	0.4168672	0.3348441	-0.2546111	0.4426578	0.2131179	-0.2532371	0.3646402	0.2267951	-0.2515024	0.4379886	0.8621536	-0.0064766	0.4554858	0.8506447	-0.2322202	0.3537227	1.1557555	0.1488787	0.3464018	1.1436048	0.0622512	0.4940486	0.9292461	0.1114849	0.4373766	0.8957164	0.1212332	0.4585676	1.1515047	-0.4356798	0.4074600	1.1391465	-0.3655253	0.5752700	0.9184481	-0.3427748	0.5205682	0.8892330	-0.3824505
404	6.7166667	0.4121900	1.4559333	-0.1466100	0.4107200	1.4537933	0.0361700	0.3794700	1.1873533	0.1074500	0.4587000	0.9306433	0.1205900	0.4414200	1.4533333	-0.3276300	0.4497300	1.1893233	-0.3925300	0.5343000	0.9347933	-0.3675100	0.4911300	0.8845933	-0.1168600	0.4847800	0.8920933	0.0084300	0.4907200	0.4680533	-0.0040500	0.4404900	0.0705233	-0.0114100	0.5087700	0.8793233	-0.2417300	0.4309700	0.4502933	-0.1980200	0.4072200	0.0591133	-0.1604200	0.5783600	0.0173633	-0.1739400	0.5715800	0.0191333	-0.1772100	0.3792600	0.0219933	-0.1473700	0.6077300	0.0274633	0.0077400	0.6000600	0.0278133	0.0107700	0.4153000	0.0356833	-0.0210200	0.5506193	0.9690700	0.0731412	0.5786899	0.9495191	-0.3009032	0.3243592	0.9835225	-0.0584622	0.3355100	0.9759486	-0.2049064	0.4813210	0.4678600	0.0717564	0.5045313	0.4758727	-0.0624659	0.4390610	0.0735374	0.0297825	0.4771731	0.0824923	-0.0575482	0.5903951	0.0445925	-0.0034403	0.5354635	0.0279276	0.0488901	0.3827684	0.0484343	-0.0317678	0.4301284	0.4479453	-0.2662671	0.4356181	0.4664303	-0.1271635	0.3950670	0.0580274	-0.2067917	0.4234406	0.0735220	-0.1152363	0.5587177	0.0350245	-0.1618789	0.3251694	0.0353641	-0.1487969	0.5110400	0.0163426	-0.2197899	0.4074864	1.5021382	0.0324448	0.4337596	1.5029020	-0.3296524	0.3123603	1.5067204	-0.1520718	0.5446551	0.7252679	0.0999702	0.5124499	0.6225911	0.1136970	0.4142623	0.7191511	0.1153657	0.5492400	0.6857955	-0.3104030	0.4990805	0.5895723	-0.3197088	0.4193299	0.7008766	-0.3450037	0.4673000	0.3502117	0.0661880	0.4861788	0.2296293	0.0714194	0.4140284	0.2439217	0.0625407	0.4184065	0.3340102	-0.2550735	0.4437904	0.2124897	-0.2539819	0.3661034	0.2263967	-0.2516815	0.4408594	0.8615781	-0.0062696	0.4576604	0.8500203	-0.2320931	0.3575283	1.1553547	0.1492388	0.3499479	1.1432125	0.0626439	0.4973914	0.9285980	0.1116928	0.4405201	0.8952238	0.1216009	0.4612482	1.1512780	-0.4354537	0.4100638	1.1389672	-0.3652036	0.5779473	0.9183992	-0.3422473	0.5232887	0.8891243	-0.3819903
405	6.7333333	0.4147500	1.4561233	-0.1454600	0.4130500	1.4542233	0.0373100	0.3821400	1.1870433	0.1083400	0.4619600	0.9291933	0.1214000	0.4441900	1.4533133	-0.3264500	0.4514800	1.1886433	-0.3913500	0.5365400	0.9339333	-0.3661400	0.4937000	0.8822533	-0.1167900	0.4869800	0.8894233	0.0084900	0.4920600	0.4676233	-0.0044400	0.4400300	0.0706033	-0.0120500	0.5117100	0.8772233	-0.2416200	0.4332200	0.4500533	-0.1976900	0.4071000	0.0583233	-0.1611300	0.5767700	0.0159133	-0.1744900	0.5700700	0.0177633	-0.1777900	0.3790000	0.0215833	-0.1484300	0.6087800	0.0265133	0.0084800	0.6013200	0.0268733	0.0114200	0.4141600	0.0355833	-0.0221700	0.5532757	0.9671602	0.0730595	0.5806309	0.9476110	-0.3009934	0.3274049	0.9811422	-0.0579030	0.3383181	0.9735417	-0.2043534	0.4823290	0.4643243	0.0705988	0.5050770	0.4725715	-0.0637167	0.4434359	0.0700916	0.0298790	0.4812769	0.0793564	-0.0574692	0.5963671	0.0419670	-0.0036832	0.5411561	0.0248120	0.0488023	0.3868672	0.0447931	-0.0312407	0.4322766	0.4452168	-0.2666920	0.4383171	0.4634212	-0.1275757	0.3961676	0.0562669	-0.2072751	0.4247793	0.0714723	-0.1157348	0.5594084	0.0322987	-0.1624357	0.3266815	0.0339704	-0.1491242	0.5116387	0.0139240	-0.2201850	0.4105270	1.5004365	0.0330213	0.4356115	1.5010511	-0.3290544	0.3149538	1.5043430	-0.1511213	0.5475726	0.7216985	0.0993134	0.5146823	0.6190056	0.1128761	0.4167825	0.7162458	0.1152812	0.5512901	0.6834674	-0.3109370	0.5010607	0.5871428	-0.3202042	0.4213108	0.6984538	-0.3449603	0.4691194	0.3469892	0.0653876	0.4890964	0.2267048	0.0708352	0.4168750	0.2401221	0.0622183	0.4202544	0.3314283	-0.2555730	0.4451021	0.2101231	-0.2546951	0.3677294	0.2243117	-0.2519175	0.4437940	0.8590573	-0.0060957	0.4601566	0.8474783	-0.2319305	0.3613318	1.1531320	0.1498277	0.3535176	1.1409789	0.0632411	0.5007645	0.9261321	0.1121190	0.4437160	0.8928935	0.1221837	0.4639169	1.1492371	-0.4349462	0.4126570	1.1369706	-0.3646352	0.5806209	0.9164961	-0.3414880	0.5260276	0.8871716	-0.3812748
406	6.7500000	0.4173200	1.4562733	-0.1439500	0.4156900	1.4541633	0.0388400	0.3851700	1.1864133	0.1095400	0.4651800	0.9282233	0.1222100	0.4467100	1.4536733	-0.3250100	0.4530500	1.1877333	-0.3904100	0.5383500	0.9330333	-0.3646200	0.4963400	0.8797333	-0.1162800	0.4892800	0.8866133	0.0089300	0.4928400	0.4672733	-0.0039300	0.4375800	0.0710633	-0.0123600	0.5146700	0.8751133	-0.2409800	0.4353800	0.4505033	-0.1969500	0.4066900	0.0569533	-0.1618900	0.5760400	0.0156033	-0.1746400	0.5692500	0.0173533	-0.1779900	0.3772300	0.0197933	-0.1497600	0.6085000	0.0263233	0.0083600	0.6012200	0.0267133	0.0112500	0.4112900	0.0346733	-0.0226100	0.5557684	0.9649874	0.0734833	0.5827980	0.9454901	-0.3005057	0.3305268	0.9787069	-0.0571220	0.3413427	0.9711092	-0.2035542	0.4835582	0.4611216	0.0703266	0.5058861	0.4695231	-0.0639682	0.4446531	0.0674684	0.0301321	0.4821944	0.0768547	-0.0571939	0.5987838	0.0391431	-0.0036856	0.5432207	0.0219345	0.0488846	0.3875564	0.0425681	-0.0306041	0.4346358	0.4425734	-0.2667696	0.4410788	0.4604444	-0.1277017	0.3969555	0.0545440	-0.2074955	0.4256834	0.0694237	-0.1159831	0.5598446	0.0296977	-0.1626508	0.3276836	0.0325964	-0.1492941	0.5120540	0.0116205	-0.2202652	0.4135512	1.4986623	0.0342300	0.4376627	1.4993308	-0.3278202	0.3176800	1.5020284	-0.1496281	0.5503541	0.7182693	0.0991835	0.5169143	0.6156489	0.1126999	0.4193731	0.7133965	0.1156248	0.5535524	0.6811413	-0.3110410	0.5032871	0.5847525	-0.3202896	0.4236314	0.6960004	-0.3444993	0.4702924	0.3440176	0.0652404	0.4903040	0.2238971	0.0706366	0.4181192	0.2372150	0.0624058	0.4222192	0.3288673	-0.2557304	0.4464043	0.2077435	-0.2550266	0.3693035	0.2223222	-0.2519077	0.4467028	0.8563744	-0.0055597	0.4628645	0.8448071	-0.2313626	0.3650514	1.1508656	0.1509883	0.3570007	1.1386970	0.0643836	0.5041647	0.9236890	0.1130447	0.4469877	0.8905116	0.1232773	0.4663923	1.1471864	-0.4338768	0.4150864	1.1349493	-0.3635309	0.5831162	0.9145262	-0.3402490	0.5285797	0.8851593	-0.3800368
407	6.7666667	0.4198500	1.4561933	-0.1421400	0.4191300	1.4537633	0.0407200	0.3888200	1.1862933	0.1111400	0.4677800	0.9278533	0.1229900	0.4484000	1.4538733	-0.3234400	0.4545000	1.1863433	-0.3893200	0.5394100	0.9323133	-0.3633000	0.4995800	0.8785433	-0.1151900	0.4923400	0.8853533	0.0098700	0.4934200	0.4672433	-0.0028200	0.4371300	0.0700133	-0.0115000	0.5180600	0.8739533	-0.2397400	0.4370100	0.4507133	-0.1963000	0.4064400	0.0556033	-0.1621900	0.5770900	0.0167733	-0.1744800	0.5700900	0.0183033	-0.1778500	0.3759200	0.0174833	-0.1505700	0.6083400	0.0258333	0.0081800	0.6011300	0.0262433	0.0110600	0.4099000	0.0335033	-0.0218300	0.5587844	0.9640459	0.0745534	0.5856802	0.9446232	-0.2993854	0.3342169	0.9776943	-0.0558933	0.3450017	0.9701146	-0.2023162	0.4853621	0.4595040	0.0709334	0.5071961	0.4679783	-0.0633367	0.4443899	0.0667404	0.0308291	0.4815395	0.0761025	-0.0565203	0.5993895	0.0377109	-0.0033103	0.5435233	0.0206894	0.0493722	0.3865905	0.0425116	-0.0295455	0.4375291	0.4414265	-0.2663041	0.4442028	0.4589381	-0.1273172	0.3979732	0.0541194	-0.2073507	0.4267058	0.0686593	-0.1158710	0.5606125	0.0287316	-0.1624564	0.3287345	0.0323555	-0.1491863	0.5128570	0.0108762	-0.2199644	0.4170641	1.4982390	0.0362019	0.4402071	1.4991011	-0.3259435	0.3208687	1.5011918	-0.1474578	0.5535833	0.7163351	0.0996939	0.5196600	0.6138382	0.1132558	0.4225974	0.7120534	0.1166160	0.5564532	0.6802275	-0.3105369	0.5061518	0.5838079	-0.3197876	0.4267017	0.6949867	-0.3434860	0.4715193	0.3425922	0.0658267	0.4909401	0.2225541	0.0710054	0.4188525	0.2362575	0.0632802	0.4246612	0.3277230	-0.2553744	0.4481372	0.2067038	-0.2548478	0.3712602	0.2217514	-0.2515114	0.4501442	0.8550556	-0.0044729	0.4662229	0.8435192	-0.2302534	0.3691898	1.1499985	0.1527194	0.3608775	1.1378233	0.0661459	0.5079576	0.9226595	0.1144271	0.4507015	0.8894847	0.1248682	0.4689327	1.1465171	-0.4322111	0.4176467	1.1343035	-0.3618224	0.5856714	0.9138059	-0.3386021	0.5311360	0.8844419	-0.3783244
408	6.7833333	0.4223000	1.4561333	-0.1402500	0.4227000	1.4534433	0.0425600	0.3931500	1.1868533	0.1132200	0.4697700	0.9274433	0.1237300	0.4497900	1.4540033	-0.3217200	0.4556800	1.1849833	-0.3879200	0.5397300	0.9315533	-0.3622900	0.5031100	0.8786033	-0.1140000	0.4958900	0.8852533	0.0109900	0.4941400	0.4672433	-0.0017700	0.4373100	0.0689333	-0.0104400	0.5215400	0.8741233	-0.2384800	0.4383000	0.4506133	-0.1959900	0.4065700	0.0542833	-0.1620200	0.5788200	0.0182933	-0.1746000	0.5716100	0.0196733	-0.1779400	0.3755900	0.0157133	-0.1507700	0.6085400	0.0251233	0.0084800	0.6011500	0.0256033	0.0112900	0.4100800	0.0321733	-0.0204800	0.5620995	0.9642572	0.0757836	0.5889095	0.9449382	-0.2981521	0.3381370	0.9779777	-0.0546149	0.3489078	0.9704275	-0.2010487	0.4872791	0.4591976	0.0718357	0.5085469	0.4676856	-0.0624864	0.4433540	0.0673937	0.0316690	0.4800457	0.0766420	-0.0557933	0.5989544	0.0374665	-0.0028714	0.5428998	0.0207776	0.0499879	0.3847861	0.0439119	-0.0283891	0.4405094	0.4415600	-0.2657251	0.4472695	0.4587198	-0.1268051	0.3990870	0.0547354	-0.2072310	0.4277537	0.0689478	-0.1157672	0.5615649	0.0292010	-0.1623177	0.3297639	0.0329573	-0.1491223	0.5138726	0.0114751	-0.2197336	0.4207388	1.4989817	0.0384221	0.4428026	1.5001156	-0.3239482	0.3241214	1.5016195	-0.1450918	0.5569784	0.7156784	0.1003738	0.5225669	0.6133301	0.1140436	0.4261006	0.7120568	0.1178251	0.5596254	0.6805305	-0.3098685	0.5092507	0.5841021	-0.3191478	0.4300987	0.6952731	-0.3424180	0.4726322	0.3424564	0.0666590	0.4912077	0.2224470	0.0715686	0.4192405	0.2367459	0.0644051	0.4271976	0.3278029	-0.2549334	0.4500185	0.2068091	-0.2545973	0.3733049	0.2223441	-0.2511284	0.4538417	0.8550141	-0.0032916	0.4698684	0.8435306	-0.2290786	0.3735345	1.1503620	0.1545028	0.3648941	1.1382002	0.0680510	0.5117505	0.9227622	0.1157083	0.4544107	0.8896022	0.1264299	0.4711485	1.1470171	-0.4304452	0.4199667	1.1348482	-0.3599849	0.5878310	0.9140619	-0.3371225	0.5332160	0.8847862	-0.3767046
409	6.8000000	0.4246000	1.4562133	-0.1386100	0.4255000	1.4535533	0.0440000	0.3977000	1.1875033	0.1156400	0.4715800	0.9266733	0.1244600	0.4515700	1.4540733	-0.3200000	0.4572800	1.1845533	-0.3862300	0.5398200	0.9307233	-0.3614600	0.5061900	0.8784433	-0.1130900	0.4989500	0.8847733	0.0119600	0.4951900	0.4669433	-0.0008800	0.4373600	0.0676033	-0.0096400	0.5246400	0.8742633	-0.2376300	0.4401200	0.4504433	-0.1957800	0.4058300	0.0538733	-0.1617000	0.5796100	0.0191333	-0.1750800	0.5723000	0.0204733	-0.1783800	0.3744900	0.0151133	-0.1507900	0.6089500	0.0256833	0.0086400	0.6013900	0.0261533	0.0114100	0.4104400	0.0308833	-0.0193200	0.5649971	0.9641397	0.0768012	0.5917494	0.9450072	-0.2972086	0.3415510	0.9780707	-0.0536264	0.3523202	0.9705825	-0.2001033	0.4887107	0.4586799	0.0726455	0.5093222	0.4671391	-0.0618296	0.4416541	0.0678502	0.0323568	0.4778090	0.0769337	-0.0553123	0.5976664	0.0371642	-0.0026797	0.5415638	0.0208464	0.0504299	0.3822931	0.0450067	-0.0274451	0.4429340	0.4415224	-0.2653984	0.4496599	0.4583531	-0.1264531	0.3996028	0.0550154	-0.2074037	0.4281553	0.0689186	-0.1158996	0.5619592	0.0296029	-0.1625420	0.3301030	0.0330908	-0.1493278	0.5143408	0.0119365	-0.2198903	0.4238465	1.4994101	0.0404464	0.4448396	1.5008373	-0.3222317	0.3267893	1.5017944	-0.1429773	0.5598881	0.7148223	0.1008295	0.5250070	0.6126240	0.1146799	0.4291934	0.7118818	0.1189146	0.5623936	0.6805842	-0.3094252	0.5119114	0.5841739	-0.3187650	0.4330794	0.6953897	-0.3417279	0.4732133	0.3421094	0.0673865	0.4909038	0.2221088	0.0720132	0.4190766	0.2370726	0.0654432	0.4291558	0.3276771	-0.2547412	0.4513554	0.2066372	-0.2545921	0.3747549	0.2226975	-0.2510677	0.4570553	0.8547570	-0.0023810	0.4730490	0.8433799	-0.2282228	0.3774921	1.1505035	0.1560202	0.3684335	1.1383734	0.0697363	0.5149036	0.9224727	0.1165740	0.4574211	0.8893984	0.1276504	0.4725843	1.1472392	-0.4289140	0.4215763	1.1351429	-0.3583809	0.5890468	0.9138517	-0.3361229	0.5343013	0.8847628	-0.3755129
410	6.8166667	0.4267700	1.4566433	-0.1373200	0.4275400	1.4540633	0.0450500	0.4014600	1.1879133	0.1179500	0.4736800	0.9255933	0.1252000	0.4537800	1.4543233	-0.3185000	0.4597400	1.1855833	-0.3842900	0.5401400	0.9300233	-0.3606500	0.5085000	0.8783533	-0.1123500	0.5009100	0.8844833	0.0128400	0.4963500	0.4660133	0.0000000	0.4369000	0.0663933	-0.0091600	0.5273000	0.8743833	-0.2369900	0.4426800	0.4505133	-0.1953500	0.4049400	0.0536033	-0.1612500	0.5792900	0.0192633	-0.1753300	0.5719500	0.0206933	-0.1786200	0.3729900	0.0145433	-0.1506000	0.6112900	0.0261133	0.0086100	0.6036800	0.0264733	0.0113800	0.4095500	0.0304033	-0.0186300	0.5671433	0.9639693	0.0777066	0.5939317	0.9451249	-0.2964073	0.3441490	0.9782789	-0.0528269	0.3549575	0.9708911	-0.1993588	0.4895647	0.4582354	0.0733856	0.5094868	0.4666532	-0.0613402	0.4395919	0.0682922	0.0329628	0.4751818	0.0772122	-0.0549923	0.5961417	0.0370747	-0.0026369	0.5400472	0.0210830	0.0508030	0.3793708	0.0459077	-0.0266690	0.4446442	0.4415943	-0.2651647	0.4512197	0.4581248	-0.1261234	0.3993192	0.0552754	-0.2076613	0.4277048	0.0688872	-0.1160740	0.5615734	0.0300398	-0.1629388	0.3295571	0.0331504	-0.1496104	0.5140324	0.0124311	-0.2202320	0.4261446	1.4997723	0.0422867	0.4461741	1.5015111	-0.3207396	0.3286768	1.5020024	-0.1411128	0.5621011	0.7140946	0.1011543	0.5268053	0.6120221	0.1152312	0.4315581	0.7117763	0.1199458	0.5645190	0.6807167	-0.3090807	0.5139236	0.5843320	-0.3184941	0.4353813	0.6956151	-0.3412609	0.4732779	0.3418283	0.0680601	0.4901674	0.2218388	0.0724271	0.4184603	0.2374019	0.0664208	0.4303686	0.3276339	-0.2546239	0.4519604	0.2064879	-0.2546424	0.3754252	0.2231065	-0.2511329	0.4594380	0.8545733	-0.0016513	0.4754572	0.8433659	-0.2275681	0.3808175	1.1507014	0.1573773	0.3712903	1.1386233	0.0712476	0.5172800	0.9220797	0.1172201	0.4595963	0.8891743	0.1286940	0.4733360	1.1475395	-0.4274593	0.4225392	1.1355275	-0.3568973	0.5893137	0.9135418	-0.3354161	0.5344271	0.8847419	-0.3745951
411	6.8333333	0.4289200	1.4571333	-0.1361100	0.4295300	1.4545733	0.0460900	0.4043800	1.1880133	0.1199500	0.4762000	0.9245033	0.1259500	0.4560200	1.4547733	-0.3171100	0.4622100	1.1870633	-0.3824500	0.5407100	0.9295433	-0.3597900	0.5103100	0.8779733	-0.1115700	0.5020800	0.8842633	0.0138000	0.4970600	0.4646533	0.0005500	0.4367600	0.0653033	-0.0090300	0.5297200	0.8740633	-0.2363400	0.4452300	0.4504833	-0.1945700	0.4048600	0.0540933	-0.1607600	0.5786100	0.0190133	-0.1751000	0.5713500	0.0205933	-0.1783900	0.3723800	0.0152133	-0.1502100	0.6133300	0.0271933	0.0086100	0.6056500	0.0274133	0.0113900	0.4096200	0.0292733	-0.0180600	0.5688047	0.9634250	0.0787229	0.5957495	0.9449713	-0.2955874	0.3462004	0.9782177	-0.0519838	0.3570974	0.9709710	-0.1986065	0.4900856	0.4574563	0.0741790	0.5092987	0.4658478	-0.0608618	0.4378118	0.0683520	0.0336147	0.4728184	0.0771378	-0.0546609	0.5949891	0.0369610	-0.0025728	0.5389657	0.0211990	0.0512404	0.3767385	0.0462020	-0.0259143	0.4460902	0.4414175	-0.2648184	0.4524339	0.4576912	-0.1255807	0.3987446	0.0552191	-0.2077239	0.4269400	0.0685713	-0.1159951	0.5608417	0.0301079	-0.1631754	0.3286883	0.0329237	-0.1496730	0.5133832	0.0125894	-0.2204344	0.4279536	1.4997621	0.0441025	0.4472389	1.5018117	-0.3192773	0.3301718	1.5019118	-0.1393236	0.5638659	0.7130765	0.1015457	0.5282065	0.6111073	0.1158584	0.4334359	0.7113341	0.1210900	0.5663622	0.6805988	-0.3086611	0.5156728	0.5842336	-0.3181532	0.4373015	0.6955590	-0.3408350	0.4731664	0.3412411	0.0687922	0.4894492	0.2212939	0.0729321	0.4178600	0.2373258	0.0674362	0.4312932	0.3273360	-0.2543515	0.4523037	0.2060467	-0.2545035	0.3757916	0.2232397	-0.2510727	0.4612481	0.8540829	-0.0008660	0.4773663	0.8431094	-0.2269140	0.3837911	1.1506293	0.1587889	0.3737601	1.1386125	0.0727640	0.5192899	0.9213238	0.1179010	0.4613799	0.8886386	0.1297915	0.4738677	1.1476123	-0.4259166	0.4232948	1.1356865	-0.3553737	0.5891362	0.9128946	-0.3347549	0.5341226	0.8844593	-0.3737240
412	6.8500000	0.4312000	1.4575133	-0.1347300	0.4322300	1.4547233	0.0474700	0.4074900	1.1879333	0.1218300	0.4788000	0.9241533	0.1267500	0.4579200	1.4553933	-0.3158200	0.4641800	1.1874433	-0.3810800	0.5413500	0.9292833	-0.3588900	0.5117500	0.8773833	-0.1106700	0.5031000	0.8834533	0.0149300	0.4970200	0.4631933	0.0003900	0.4376800	0.0649133	-0.0093200	0.5316500	0.8734133	-0.2356200	0.4469400	0.4499033	-0.1935400	0.4062500	0.0552533	-0.1605300	0.5778600	0.0182133	-0.1747100	0.5708300	0.0200033	-0.1779900	0.3745300	0.0164933	-0.1498300	0.6143700	0.0269533	0.0092800	0.6065300	0.0270333	0.0120500	0.4111400	0.0295733	-0.0183100	0.5700844	0.9625944	0.0799199	0.5973148	0.9446655	-0.2946631	0.3478415	0.9779694	-0.0510017	0.3588767	0.9709149	-0.1977445	0.4902569	0.4564244	0.0749710	0.5088868	0.4648448	-0.0603886	0.4365765	0.0681832	0.0342420	0.4710967	0.0769009	-0.0543094	0.5943003	0.0367846	-0.0023540	0.5383812	0.0212056	0.0517764	0.3748322	0.0462020	-0.0252697	0.4474510	0.4410638	-0.2642930	0.4535378	0.4571147	-0.1248095	0.3983864	0.0550251	-0.2075216	0.4264005	0.0681485	-0.1156317	0.5601571	0.0298874	-0.1631798	0.3281040	0.0326629	-0.1494229	0.5127990	0.0125419	-0.2203942	0.4295701	1.4994780	0.0459240	0.4481672	1.5018604	-0.3177519	0.3315186	1.5016166	-0.1375108	0.5651803	0.7118056	0.1021250	0.5291785	0.6099288	0.1165959	0.4348124	0.7105934	0.1222991	0.5680342	0.6803297	-0.3080874	0.5172894	0.5839694	-0.3176593	0.4389586	0.6953053	-0.3403366	0.4729166	0.3404722	0.0695104	0.4888398	0.2206384	0.0734864	0.4173922	0.2369356	0.0683574	0.4321943	0.3269114	-0.2538649	0.4527309	0.2055098	-0.2541237	0.3762203	0.2232009	-0.2507961	0.4626237	0.8533467	0.0000510	0.4789185	0.8426895	-0.2261726	0.3866189	1.1503866	0.1603717	0.3760259	1.1384235	0.0743955	0.5211940	0.9203911	0.1186812	0.4630612	0.8879423	0.1310200	0.4743300	1.1475192	-0.4242907	0.4239979	1.1356807	-0.3537885	0.5887780	0.9120628	-0.3340535	0.5336594	0.8840212	-0.3728033
413	6.8666667	0.4336500	1.4576933	-0.1332400	0.4356000	1.4546033	0.0491800	0.4112300	1.1880033	0.1236400	0.4814100	0.9241933	0.1277500	0.4595700	1.4558333	-0.3147000	0.4660200	1.1867033	-0.3801100	0.5420700	0.9291933	-0.3578600	0.5131600	0.8766033	-0.1096100	0.5045200	0.8825933	0.0161900	0.4961500	0.4622233	-0.0003400	0.4391100	0.0649633	-0.0096900	0.5330400	0.8728933	-0.2347700	0.4481100	0.4495933	-0.1926700	0.4080900	0.0564833	-0.1605900	0.5767200	0.0168833	-0.1746200	0.5700000	0.0189733	-0.1778900	0.3773400	0.0183233	-0.1496700	0.6136400	0.0264433	0.0099300	0.6055700	0.0264733	0.0126800	0.4136900	0.0303033	-0.0190000	0.5713685	0.9615378	0.0813297	0.5988948	0.9442438	-0.2936367	0.3494290	0.9775273	-0.0497983	0.3606025	0.9707086	-0.1967051	0.4901989	0.4551897	0.0757215	0.5083927	0.4636915	-0.0599105	0.4360559	0.0678630	0.0347520	0.4701943	0.0765697	-0.0539857	0.5940136	0.0364783	-0.0020447	0.5382576	0.0210607	0.0522898	0.3739231	0.0460858	-0.0247833	0.4489760	0.4405452	-0.2635738	0.4548356	0.4564001	-0.1238269	0.3985892	0.0547815	-0.2071445	0.4264696	0.0677003	-0.1151104	0.5597965	0.0293872	-0.1630225	0.3282282	0.0325207	-0.1489587	0.5125621	0.0123226	-0.2201674	0.4314131	1.4990556	0.0477556	0.4492426	1.5017608	-0.3161669	0.3330653	1.5011935	-0.1356413	0.5662721	0.7102720	0.1029067	0.5299033	0.6085028	0.1174267	0.4359767	0.7095915	0.1235608	0.5697619	0.6798883	-0.3073511	0.5189983	0.5835349	-0.3169939	0.4406081	0.6948719	-0.3397073	0.4726550	0.3395855	0.0701419	0.4884614	0.2199300	0.0739888	0.4172105	0.2363116	0.0691032	0.4333335	0.3264043	-0.2531817	0.4535093	0.2049556	-0.2535674	0.3770216	0.2230375	-0.2503162	0.4639473	0.8523782	0.0011631	0.4804233	0.8421046	-0.2253005	0.3896850	1.1500239	0.1621573	0.3784593	1.1380879	0.0762016	0.5233513	0.9193705	0.1195666	0.4650129	0.8871604	0.1323968	0.4749792	1.1472524	-0.4226185	0.4249108	1.1354992	-0.3521538	0.5886039	0.9110934	-0.3332672	0.5334013	0.8834393	-0.3717763
414	6.8833333	0.4359900	1.4577333	-0.1318300	0.4384100	1.4544233	0.0506800	0.4146000	1.1882133	0.1250400	0.4843400	0.9246533	0.1289200	0.4614800	1.4560633	-0.3135000	0.4675800	1.1862333	-0.3793100	0.5429800	0.9291333	-0.3566700	0.5146600	0.8764133	-0.1085700	0.5065500	0.8823533	0.0173500	0.4952700	0.4618033	-0.0008700	0.4395800	0.0651733	-0.0098800	0.5340400	0.8727333	-0.2339100	0.4501400	0.4504633	-0.1921700	0.4084100	0.0569733	-0.1606800	0.5755500	0.0157133	-0.1748400	0.5690500	0.0179733	-0.1781200	0.3782800	0.0190333	-0.1495800	0.6123100	0.0259833	0.0098600	0.6041300	0.0260233	0.0126300	0.4147200	0.0306933	-0.0199500	0.5728149	0.9610733	0.0827336	0.6005520	0.9444183	-0.2926700	0.3511095	0.9776624	-0.0485793	0.3623842	0.9710818	-0.1956689	0.4900208	0.4545956	0.0762551	0.5078986	0.4632068	-0.0595984	0.4358882	0.0680780	0.0349334	0.4697300	0.0768021	-0.0539190	0.5938066	0.0366068	-0.0019503	0.5382476	0.0213336	0.0524891	0.3735646	0.0465574	-0.0246374	0.4506754	0.4406031	-0.2628560	0.4563524	0.4562735	-0.1228799	0.3991159	0.0551977	-0.2069012	0.4269030	0.0679167	-0.1147736	0.5596183	0.0292529	-0.1630139	0.3287724	0.0332009	-0.1486425	0.5125141	0.0125880	-0.2200577	0.4335517	1.4993033	0.0494371	0.4505306	1.5023358	-0.3147139	0.3348534	1.5014744	-0.1339083	0.5672937	0.7093008	0.1036467	0.5305196	0.6076657	0.1181351	0.4370875	0.7091761	0.1246982	0.5715399	0.6799985	-0.3066423	0.5207953	0.5836636	-0.3163372	0.4423205	0.6950260	-0.3390715	0.4723808	0.3393471	0.0705122	0.4881789	0.2198616	0.0742240	0.4171568	0.2362391	0.0695081	0.4346641	0.3265255	-0.2525342	0.4545004	0.2050712	-0.2531010	0.3780805	0.2234827	-0.2498736	0.4653732	0.8519968	0.0022770	0.4819767	0.8421084	-0.2244565	0.3929931	1.1502894	0.1638832	0.3811272	1.1383432	0.0779563	0.5258237	0.9190602	0.1203790	0.4673241	0.8870660	0.1337220	0.4758645	1.1475594	-0.4210693	0.4260783	1.1358776	-0.3506505	0.5887011	0.9107412	-0.3325305	0.5334400	0.8834579	-0.3707829
415	6.9000000	0.4378300	1.4578633	-0.1307600	0.4397100	1.4545533	0.0515100	0.4164200	1.1882933	0.1258000	0.4879100	0.9251533	0.1301100	0.4637700	1.4561933	-0.3121200	0.4682900	1.1868333	-0.3786500	0.5439400	0.9291433	-0.3555100	0.5159500	0.8766933	-0.1078400	0.5088100	0.8825933	0.0181800	0.4951300	0.4623533	-0.0005600	0.4393900	0.0654033	-0.0098800	0.5344400	0.8730033	-0.2334000	0.4532000	0.4526233	-0.1918100	0.4065900	0.0562133	-0.1606000	0.5751200	0.0152533	-0.1752000	0.5686000	0.0174833	-0.1784600	0.3762500	0.0181133	-0.1496400	0.6109100	0.0252633	0.0091700	0.6028400	0.0254033	0.0119900	0.4138700	0.0303833	-0.0209500	0.5741055	0.9611058	0.0837950	0.6019766	0.9449954	-0.2920208	0.3526061	0.9782322	-0.0477060	0.3639480	0.9718563	-0.1949665	0.4896377	0.4545536	0.0764440	0.5072514	0.4632810	-0.0595907	0.4354871	0.0685913	0.0346150	0.4690766	0.0773413	-0.0543151	0.5931978	0.0369245	-0.0023583	0.5378479	0.0217811	0.0521282	0.3730451	0.0473422	-0.0249843	0.4522417	0.4411169	-0.2624557	0.4577636	0.4566062	-0.1222691	0.3993219	0.0559761	-0.2071044	0.4270208	0.0684887	-0.1149054	0.5591562	0.0293075	-0.1634169	0.3289631	0.0343027	-0.1488148	0.5121621	0.0131154	-0.2203742	0.4355231	1.5000855	0.0507082	0.4518124	1.5034236	-0.3136339	0.3365344	1.5023429	-0.1326280	0.5680689	0.7088406	0.1040350	0.5308958	0.6073560	0.1184867	0.4379653	0.7092734	0.1254870	0.5730676	0.6805375	-0.3062555	0.5223758	0.5842321	-0.3159931	0.4438190	0.6956327	-0.3387174	0.4718996	0.3395755	0.0705044	0.4876703	0.2201788	0.0740312	0.4168621	0.2365783	0.0694684	0.4358132	0.3270749	-0.2522389	0.4552348	0.2055856	-0.2530256	0.3789104	0.2243275	-0.2498004	0.4666065	0.8521227	0.0030799	0.4832897	0.8425606	-0.2239069	0.3960411	1.1510212	0.1652071	0.3836041	1.1390202	0.0793243	0.5282901	0.9193794	0.1208850	0.4697065	0.8875277	0.1347181	0.4766445	1.1483371	-0.4198920	0.4271379	1.1366965	-0.3495511	0.5887638	0.9109070	-0.3320468	0.5334798	0.8839674	-0.3700566
416	6.9166667	0.4391300	1.4580533	-0.1300400	0.4400200	1.4550233	0.0519000	0.4169600	1.1881233	0.1262200	0.4918200	0.9254733	0.1310600	0.4659100	1.4562133	-0.3109400	0.4684700	1.1881233	-0.3780600	0.5448000	0.9294233	-0.3546000	0.5169500	0.8768933	-0.1073900	0.5109600	0.8826833	0.0188000	0.4956400	0.4636233	0.0004000	0.4390900	0.0662333	-0.0099500	0.5343600	0.8734633	-0.2332600	0.4561600	0.4549033	-0.1911800	0.4042600	0.0549833	-0.1605400	0.5751500	0.0153733	-0.1756200	0.5685600	0.0174433	-0.1788400	0.3729800	0.0166833	-0.1500700	0.6096600	0.0246733	0.0083900	0.6018000	0.0249433	0.0112700	0.4122500	0.0299833	-0.0217300	0.5751261	0.9610749	0.0845147	0.6030699	0.9454162	-0.2916447	0.3538380	0.9786759	-0.0471602	0.3652184	0.9724754	-0.1945625	0.4892072	0.4545376	0.0764598	0.5065601	0.4633837	-0.0597079	0.4347753	0.0689157	0.0339749	0.4681248	0.0776957	-0.0550132	0.5921770	0.0369747	-0.0031293	0.5370375	0.0219731	0.0513807	0.3722179	0.0479460	-0.0256410	0.4536120	0.4415778	-0.2623208	0.4589773	0.4568920	-0.1219328	0.3990369	0.0565023	-0.2076331	0.4266196	0.0688029	-0.1153562	0.5583598	0.0291193	-0.1640726	0.3285374	0.0351114	-0.1493579	0.5114435	0.0134062	-0.2209870	0.4371208	1.5007942	0.0516165	0.4530326	1.5043390	-0.3128609	0.3379916	1.5031644	-0.1317683	0.5686278	0.7084097	0.1041217	0.5311204	0.6070750	0.1185801	0.4386526	0.7093350	0.1259991	0.5742997	0.6810032	-0.3061305	0.5236921	0.5847333	-0.3159069	0.4450640	0.6961500	-0.3386056	0.4713232	0.3397264	0.0703024	0.4869931	0.2203350	0.0735858	0.4163588	0.2368351	0.0691857	0.4367123	0.3275026	-0.2522172	0.4556278	0.2059133	-0.2532198	0.3793925	0.2250050	-0.2500339	0.4675741	0.8522085	0.0035930	0.4843004	0.8429157	-0.2236053	0.3986105	1.1516347	0.1661584	0.3857048	1.1395381	0.0803261	0.5306748	0.9198189	0.1211541	0.4721096	0.8879914	0.1354244	0.4772116	1.1490783	-0.4190357	0.4279600	1.1374390	-0.3488120	0.5887139	0.9110949	-0.3317257	0.5334461	0.8844578	-0.3695321
417	6.9333333	0.4403400	1.4583533	-0.1292900	0.4408200	1.4553633	0.0525900	0.4176200	1.1877733	0.1268600	0.4955500	0.9252333	0.1316300	0.4674900	1.4564633	-0.3100700	0.4689700	1.1892733	-0.3773400	0.5456200	0.9298933	-0.3539000	0.5179600	0.8774533	-0.1068700	0.5129400	0.8831133	0.0196100	0.4963200	0.4647233	0.0012400	0.4389400	0.0663633	-0.0099400	0.5345000	0.8741033	-0.2331500	0.4581400	0.4562433	-0.1904300	0.4032600	0.0546733	-0.1607800	0.5749700	0.0149933	-0.1757900	0.5683900	0.0170533	-0.1790000	0.3709700	0.0158333	-0.1507500	0.6092300	0.0245833	0.0078600	0.6014500	0.0249133	0.0107900	0.4106100	0.0289533	-0.0219200	0.5762029	0.9613933	0.0852513	0.6041101	0.9461287	-0.2912025	0.3550781	0.9794447	-0.0465438	0.3664515	0.9734006	-0.1940668	0.4890356	0.4549420	0.0766283	0.5061180	0.4638942	-0.0596494	0.4341395	0.0694400	0.0334799	0.4672573	0.0782464	-0.0555689	0.5912570	0.0372315	-0.0037972	0.5363057	0.0223625	0.0507461	0.3714347	0.0486961	-0.0261447	0.4550511	0.4424253	-0.2620672	0.4602338	0.4575585	-0.1214961	0.3986607	0.0571905	-0.2080517	0.4260938	0.0692741	-0.1156918	0.5576204	0.0291282	-0.1645488	0.3279097	0.0360186	-0.1498343	0.5107679	0.0138748	-0.2214540	0.4386588	1.5017927	0.0525364	0.4543808	1.5054181	-0.3120709	0.3394646	1.5042880	-0.1309314	0.5693072	0.7084286	0.1042796	0.5315212	0.6072338	0.1187743	0.4394678	0.7097951	0.1265961	0.5755361	0.6818569	-0.3058927	0.5250408	0.5856217	-0.3157002	0.4463455	0.6970364	-0.3383735	0.4709778	0.3402143	0.0702686	0.4865118	0.2207620	0.0733060	0.4159967	0.2373914	0.0690632	0.4376658	0.3282494	-0.2520643	0.4560392	0.2064962	-0.2532598	0.3798615	0.2259411	-0.2501711	0.4685871	0.8526870	0.0041748	0.4852910	0.8436295	-0.2232048	0.4010407	1.1524770	0.1670827	0.3877389	1.1402677	0.0813214	0.5332482	0.9207220	0.1214888	0.4748022	0.8888114	0.1361503	0.4778328	1.1501913	-0.4181634	0.4288048	1.1385268	-0.3480726	0.5887936	0.9117060	-0.3312686	0.5335635	0.8853304	-0.3689109
418	6.9500000	0.4420800	1.4584033	-0.1281200	0.4432100	1.4551133	0.0540400	0.4191700	1.1873133	0.1278400	0.4987200	0.9248633	0.1319100	0.4687100	1.4567733	-0.3092900	0.4700300	1.1897033	-0.3765000	0.5463800	0.9303233	-0.3533000	0.5190700	0.8786733	-0.1062300	0.5146300	0.8843733	0.0206200	0.4969800	0.4652333	0.0015800	0.4384400	0.0655133	-0.0097700	0.5351000	0.8753933	-0.2329400	0.4591000	0.4563233	-0.1899000	0.4038600	0.0549933	-0.1612000	0.5742400	0.0142133	-0.1756100	0.5677400	0.0163533	-0.1788500	0.3706700	0.0154533	-0.1512300	0.6096300	0.0245933	0.0076000	0.6018300	0.0249133	0.0105600	0.4092900	0.0268533	-0.0216100	0.5774700	0.9623547	0.0860906	0.6051724	0.9474446	-0.2906739	0.3563900	0.9808383	-0.0457294	0.3676922	0.9749334	-0.1933783	0.4890957	0.4559651	0.0769465	0.5058912	0.4650025	-0.0594758	0.4337313	0.0702902	0.0332982	0.4666333	0.0791146	-0.0558476	0.5907051	0.0378941	-0.0041828	0.5359079	0.0231247	0.0504379	0.3708177	0.0496581	-0.0263469	0.4565907	0.4438767	-0.2616437	0.4615735	0.4588186	-0.1209026	0.3984362	0.0583016	-0.2082517	0.4257089	0.0701699	-0.1158039	0.5570668	0.0295741	-0.1647811	0.3274051	0.0373042	-0.1501018	0.5102896	0.0147603	-0.2216800	0.4403892	1.5032929	0.0536323	0.4558546	1.5069319	-0.3111731	0.3410707	1.5059519	-0.1298965	0.5702093	0.7091072	0.1045855	0.5321505	0.6080392	0.1191240	0.4404621	0.7109334	0.1273650	0.5768640	0.6833567	-0.3054845	0.5264895	0.5871417	-0.3153197	0.4476963	0.6985740	-0.3379893	0.4708717	0.3412503	0.0704464	0.4863049	0.2216703	0.0733013	0.4158360	0.2383907	0.0691863	0.4387525	0.3295564	-0.2517212	0.4566195	0.2075971	-0.2530843	0.3804526	0.2273731	-0.2501265	0.4697444	0.8538504	0.0048967	0.4863243	0.8450058	-0.2226738	0.4035681	1.1537673	0.1680617	0.3898853	1.1414517	0.0824055	0.5360340	0.9222365	0.1218758	0.4777679	0.8901922	0.1369122	0.4785959	1.1518736	-0.4172374	0.4297732	1.1401902	-0.3472630	0.5890406	0.9129401	-0.3307091	0.5338548	0.8867960	-0.3682086
419	6.9666667	0.4444900	1.4580833	-0.1265700	0.4469200	1.4542533	0.0559700	0.4210800	1.1868933	0.1288900	0.5013300	0.9248033	0.1321100	0.4700100	1.4569433	-0.3083500	0.4713500	1.1893533	-0.3756900	0.5471700	0.9304033	-0.3527500	0.5202400	0.8792333	-0.1057000	0.5159600	0.8847133	0.0212700	0.4976800	0.4650933	0.0017200	0.4377000	0.0647133	-0.0096100	0.5361600	0.8760633	-0.2325500	0.4591000	0.4557933	-0.1897300	0.4045200	0.0552333	-0.1614400	0.5736700	0.0139233	-0.1754400	0.5672100	0.0161333	-0.1787100	0.3710400	0.0155033	-0.1512500	0.6100000	0.0247633	0.0075100	0.6022000	0.0250633	0.0104700	0.4080000	0.0255933	-0.0214800	0.5788612	0.9626350	0.0868151	0.6062243	0.9480882	-0.2903021	0.3577520	0.9815424	-0.0448997	0.3689327	0.9757787	-0.1926918	0.4893163	0.4562765	0.0772323	0.5058111	0.4653855	-0.0593605	0.4334839	0.0702821	0.0332506	0.4661781	0.0791239	-0.0560133	0.5904544	0.0378053	-0.0044282	0.5357811	0.0231102	0.0503010	0.3702955	0.0496743	-0.0264295	0.4581008	0.4445900	-0.2613145	0.4629162	0.4593575	-0.1203818	0.3983928	0.0586593	-0.2084144	0.4255375	0.0703345	-0.1158526	0.5566906	0.0293873	-0.1649861	0.3271219	0.0377824	-0.1502883	0.5099839	0.0149393	-0.2218781	0.4424343	1.5039551	0.0547894	0.4574308	1.5076282	-0.3102802	0.3428900	1.5068242	-0.1287152	0.5712805	0.7091136	0.1048479	0.5329445	0.6081587	0.1194393	0.4415765	0.7114052	0.1280906	0.5782296	0.6841591	-0.3051448	0.5279419	0.5879456	-0.3150215	0.4490112	0.6994218	-0.3377278	0.4709313	0.3415381	0.0706446	0.4862946	0.2218038	0.0733729	0.4158165	0.2385906	0.0693744	0.4398704	0.3301307	-0.2514499	0.4573107	0.2079688	-0.2529441	0.3811092	0.2280403	-0.2501166	0.4710010	0.8543561	0.0055394	0.4873765	0.8457307	-0.2222482	0.4061895	1.1542562	0.1689577	0.3921149	1.1418452	0.0834196	0.5388814	0.9230509	0.1221017	0.4808061	0.8908679	0.1375038	0.4794802	1.1528007	-0.4164642	0.4308599	1.1411172	-0.3465811	0.5894428	0.9134916	-0.3302662	0.5343151	0.8875487	-0.3676261
420	6.9833333	0.4469700	1.4577233	-0.1250800	0.4504300	1.4535333	0.0576900	0.4225700	1.1865533	0.1298700	0.5036300	0.9251533	0.1322600	0.4715800	1.4569233	-0.3072600	0.4727700	1.1886933	-0.3749300	0.5481500	0.9300633	-0.3522500	0.5216000	0.8775833	-0.1053100	0.5172900	0.8828733	0.0213700	0.4984000	0.4644733	0.0020900	0.4372900	0.0646933	-0.0096700	0.5374700	0.8746233	-0.2318800	0.4587000	0.4550133	-0.1897300	0.4044700	0.0549833	-0.1615200	0.5738200	0.0147233	-0.1756000	0.5672500	0.0168733	-0.1788400	0.3717200	0.0159133	-0.1512900	0.6101800	0.0248833	0.0075000	0.6024600	0.0252133	0.0104100	0.4071700	0.0255533	-0.0215400	0.5804395	0.9606673	0.0873826	0.6074448	0.9465659	-0.2901023	0.3593264	0.9800445	-0.0441034	0.3703773	0.9744573	-0.1920470	0.4899042	0.4544497	0.0775336	0.5060874	0.4636270	-0.0592085	0.4335112	0.0683168	0.0332538	0.4659771	0.0771800	-0.0561121	0.5905310	0.0358908	-0.0045714	0.5359661	0.0212475	0.0502581	0.3700105	0.0477070	-0.0264660	0.4596437	0.4431273	-0.2611490	0.4643555	0.4577612	-0.1199938	0.3986671	0.0570247	-0.2085817	0.4257349	0.0685404	-0.1158791	0.5566933	0.0275407	-0.1652363	0.3272088	0.0361482	-0.1504174	0.5100229	0.0133094	-0.2221250	0.4448861	1.5023762	0.0559399	0.4592535	1.5061085	-0.3094025	0.3450688	1.5054422	-0.1274401	0.5726155	0.7069925	0.1050709	0.5340403	0.6061458	0.1197339	0.4429561	0.7096637	0.1287222	0.5797181	0.6827719	-0.3049244	0.5294657	0.5865564	-0.3148656	0.4504126	0.6980572	-0.3376369	0.4713463	0.3397129	0.0708568	0.4866152	0.2198736	0.0734597	0.4161275	0.2367612	0.0696049	0.4410933	0.3285811	-0.2513183	0.4581944	0.2062720	-0.2528977	0.3819379	0.2266124	-0.2501893	0.4724593	0.8526269	0.0060645	0.4886209	0.8442705	-0.2219506	0.4088610	1.1526251	0.1698241	0.3944073	1.1401218	0.0843733	0.5417738	0.9218451	0.1222050	0.4838913	0.8895034	0.1379422	0.4805979	1.1515847	-0.4158345	0.4321822	1.1398914	-0.3460378	0.5901838	0.9119862	-0.3298962	0.5351421	0.8861989	-0.3671008
421	7.0000000	0.4487700	1.4575733	-0.1239600	0.4523300	1.4533533	0.0587400	0.4236500	1.1861633	0.1307700	0.5058700	0.9257733	0.1323700	0.4732600	1.4568033	-0.3061300	0.4740500	1.1882433	-0.3741600	0.5492700	0.9296733	-0.3518700	0.5231000	0.8745133	-0.1047800	0.5190300	0.8801533	0.0213800	0.4991100	0.4637833	0.0028100	0.4374000	0.0655833	-0.0099200	0.5386000	0.8715033	-0.2308800	0.4586800	0.4546433	-0.1898200	0.4042500	0.0546033	-0.1616400	0.5743700	0.0161433	-0.1758700	0.5675600	0.0181633	-0.1790600	0.3725700	0.0166733	-0.1517900	0.6100100	0.0246133	0.0074500	0.6024600	0.0249933	0.0103100	0.4067600	0.0269733	-0.0217300	0.5821264	0.9572517	0.0880539	0.6088359	0.9436841	-0.2897714	0.3610656	0.9771832	-0.0431429	0.3720080	0.9718116	-0.1912281	0.4908669	0.4514348	0.0781152	0.5067489	0.4606840	-0.0587205	0.4337075	0.0655656	0.0334286	0.4659231	0.0744577	-0.0559939	0.5907447	0.0332268	-0.0044874	0.5362780	0.0186464	0.0504024	0.3698928	0.0450300	-0.0263148	0.4611542	0.4403996	-0.2608999	0.4658107	0.4549385	-0.1195327	0.3992000	0.0544183	-0.2085998	0.4262171	0.0657996	-0.1157704	0.5570741	0.0251028	-0.1653520	0.3275807	0.0334087	-0.1503856	0.5104041	0.0109351	-0.2222409	0.4474471	1.4995488	0.0571978	0.4612158	1.5033251	-0.3083757	0.3473916	1.5027306	-0.1260142	0.5741074	0.7036421	0.1055293	0.5353740	0.6029160	0.1202727	0.4445515	0.7065322	0.1294904	0.5812196	0.6800517	-0.3045711	0.5309733	0.5838504	-0.3145942	0.4518899	0.6953074	-0.3374080	0.4720989	0.3367685	0.0712965	0.4871893	0.2169267	0.0737263	0.4167332	0.2339813	0.0700554	0.4423615	0.3258443	-0.2510948	0.4591966	0.2034758	-0.2527373	0.3829015	0.2240639	-0.2501311	0.4740409	0.8494486	0.0067347	0.4900276	0.8414146	-0.2214924	0.4113481	1.1498299	0.1709235	0.3965581	1.1372399	0.0855119	0.5445981	0.9195998	0.1224804	0.4869370	0.8870350	0.1385110	0.4818408	1.1491684	-0.4150706	0.4336341	1.1374160	-0.3453666	0.5912132	0.9093536	-0.3293317	0.5362736	0.8836660	-0.3663501
422	7.0166667	0.4498100	1.4576233	-0.1232200	0.4527900	1.4536233	0.0592400	0.4248400	1.1856933	0.1314900	0.5080700	0.9261433	0.1325000	0.4747800	1.4567133	-0.3050700	0.4749600	1.1881333	-0.3733300	0.5502200	0.9297133	-0.3516000	0.5246600	0.8724133	-0.1040000	0.5211300	0.8781233	0.0216700	0.4998600	0.4635033	0.0035700	0.4378300	0.0667833	-0.0101800	0.5395500	0.8692533	-0.2296900	0.4591700	0.4546733	-0.1899100	0.4046400	0.0549033	-0.1616900	0.5750300	0.0170533	-0.1757400	0.5680300	0.0189933	-0.1789400	0.3737900	0.0177233	-0.1522800	0.6092100	0.0239933	0.0073600	0.6017000	0.0244933	0.0102000	0.4074100	0.0281433	-0.0218200	0.5838648	0.9548108	0.0889265	0.6103204	0.9418009	-0.2891608	0.3628832	0.9753364	-0.0419923	0.3737300	0.9701914	-0.1901876	0.4920265	0.4496337	0.0789492	0.5076576	0.4589480	-0.0579237	0.4339464	0.0643367	0.0337255	0.4659290	0.0732517	-0.0557017	0.5908838	0.0320022	-0.0042358	0.5365047	0.0175207	0.0506548	0.3698830	0.0439851	-0.0260102	0.4625729	0.4388033	-0.2604583	0.4671862	0.4532600	-0.1189550	0.3999123	0.0531553	-0.2084391	0.4268717	0.0644148	-0.1155549	0.5577110	0.0241807	-0.1652556	0.3281520	0.0319575	-0.1502294	0.5110431	0.0100000	-0.2221329	0.4497807	1.4979240	0.0585213	0.4631236	1.5016683	-0.3072112	0.3495695	1.5011123	-0.1245475	0.5756039	0.7014395	0.1062806	0.5367794	0.6008588	0.1210762	0.4462269	0.7044302	0.1304327	0.5826186	0.6783813	-0.3039791	0.5323844	0.5822211	-0.3140881	0.4534000	0.6935708	-0.3368752	0.4730153	0.3351005	0.0719319	0.4878459	0.2153387	0.0741458	0.4174741	0.2325949	0.0706650	0.4436133	0.3243008	-0.2506790	0.4602401	0.2019500	-0.2523864	0.3839522	0.2227494	-0.2498582	0.4756656	0.8472290	0.0076335	0.4915028	0.8395317	-0.2207573	0.4135543	1.1481884	0.1722376	0.3984700	1.1355336	0.0868651	0.5472841	0.9185988	0.1229627	0.4898856	0.8857462	0.1392610	0.4830313	1.1479022	-0.4140944	0.4350362	1.1360382	-0.3444733	0.5923342	0.9078965	-0.3285679	0.5374773	0.8822714	-0.3653733
423	7.0333333	0.4505500	1.4577933	-0.1226900	0.4529400	1.4539333	0.0595200	0.4264000	1.1852633	0.1320000	0.5099200	0.9260233	0.1327700	0.4759900	1.4567233	-0.3042000	0.4756500	1.1881033	-0.3724100	0.5508700	0.9301433	-0.3514000	0.5261500	0.8726833	-0.1032600	0.5230300	0.8783533	0.0221100	0.5006400	0.4636833	0.0041100	0.4386000	0.0672433	-0.0102500	0.5405700	0.8695633	-0.2286900	0.4597500	0.4548833	-0.1898900	0.4059500	0.0558733	-0.1615600	0.5757200	0.0172933	-0.1751000	0.5686500	0.0192233	-0.1783500	0.3754100	0.0189333	-0.1522900	0.6080700	0.0234433	0.0073800	0.6005300	0.0239533	0.0102500	0.4080800	0.0288033	-0.0220600	0.5855401	0.9547828	0.0897205	0.6117394	0.9422754	-0.2885218	0.3646293	0.9758386	-0.0409796	0.3753779	0.9708959	-0.1892412	0.4930716	0.4502794	0.0796393	0.5085536	0.4596415	-0.0572488	0.4340769	0.0655719	0.0338315	0.4659106	0.0744910	-0.0555689	0.5907856	0.0330814	-0.0041257	0.5364697	0.0187442	0.0507135	0.3698797	0.0454807	-0.0258872	0.4637846	0.4396147	-0.2600686	0.4683529	0.4539840	-0.1185215	0.4006867	0.0543261	-0.2083395	0.4275795	0.0654757	-0.1154832	0.5583866	0.0255893	-0.1651571	0.3288317	0.0329975	-0.1501982	0.5117583	0.0114067	-0.2220055	0.4516739	1.4987836	0.0596100	0.4647729	1.5024237	-0.3062151	0.3513868	1.5019020	-0.1233727	0.5769195	0.7016519	0.1069985	0.5380144	0.6012327	0.1217929	0.4477551	0.7047408	0.1312280	0.5838205	0.6790597	-0.3034111	0.5336022	0.5829644	-0.3136003	0.4548095	0.6942083	-0.3363034	0.4738110	0.3358958	0.0724075	0.4883570	0.2162279	0.0744096	0.4180900	0.2336593	0.0710627	0.4447292	0.3251892	-0.2503173	0.4612114	0.2028891	-0.2520998	0.3849669	0.2238408	-0.2496099	0.4772185	0.8473874	0.0084477	0.4929031	0.8399936	-0.2200399	0.4154884	1.1488625	0.1733552	0.4001303	1.1361805	0.0880888	0.5497085	0.9198999	0.1232953	0.4925788	0.8867626	0.1398620	0.4840157	1.1489744	-0.4131893	0.4362250	1.1369863	-0.3436209	0.5932941	0.9087543	-0.3279583	0.5384824	0.8831972	-0.3645516
424	7.0500000	0.4512000	1.4577733	-0.1222400	0.4535100	1.4539933	0.0597700	0.4281000	1.1845933	0.1325800	0.5111900	0.9255333	0.1332200	0.4766600	1.4566333	-0.3035600	0.4765000	1.1881433	-0.3715000	0.5514100	0.9303733	-0.3513000	0.5272400	0.8736833	-0.1028500	0.5245100	0.8790033	0.0224000	0.5012400	0.4639633	0.0045400	0.4396200	0.0669033	-0.0101500	0.5412800	0.8707633	-0.2282200	0.4607000	0.4552233	-0.1896600	0.4078300	0.0563333	-0.1614800	0.5762900	0.0172633	-0.1744100	0.5692400	0.0192033	-0.1777100	0.3769200	0.0193333	-0.1523000	0.6076000	0.0230633	0.0075300	0.5999700	0.0236033	0.0104200	0.4087500	0.0284433	-0.0219800	0.5868350	0.9555229	0.0901641	0.6127368	0.9434540	-0.2881456	0.3659654	0.9770143	-0.0403552	0.3765991	0.9722465	-0.1886487	0.4936246	0.4515944	0.0799379	0.5090352	0.4609808	-0.0569919	0.4339702	0.0672841	0.0336278	0.4657390	0.0761869	-0.0557533	0.5903547	0.0345751	-0.0042970	0.5360961	0.0203794	0.0504829	0.3697538	0.0474324	-0.0260867	0.4645617	0.4411077	-0.2599751	0.4690814	0.4553869	-0.1184080	0.4012884	0.0560476	-0.2085107	0.4281172	0.0671027	-0.1157067	0.5587751	0.0273983	-0.1652582	0.3294097	0.0346605	-0.1504601	0.5122462	0.0132503	-0.2220818	0.4529258	1.5003593	0.0602576	0.4658581	1.5038390	-0.3056195	0.3525960	1.5033729	-0.1226712	0.5777740	0.7025409	0.1073952	0.5387647	0.6022869	0.1221589	0.4488006	0.7057980	0.1316469	0.5846026	0.6803931	-0.3031259	0.5344001	0.5843756	-0.3133966	0.4557993	0.6955516	-0.3360278	0.4741692	0.3373388	0.0725240	0.4885052	0.2177279	0.0743652	0.4183211	0.2352712	0.0710854	0.4454788	0.3267447	-0.2502495	0.4618960	0.2044785	-0.2521100	0.3856928	0.2255260	-0.2496327	0.4783832	0.8482878	0.0088910	0.4938890	0.8411591	-0.2196391	0.4169979	1.1500947	0.1740223	0.4013545	1.1374231	0.0889196	0.5515729	0.9216450	0.1232373	0.4946580	0.8882972	0.1400858	0.4845981	1.1506162	-0.4126189	0.4369909	1.1385299	-0.3430733	0.5938185	0.9101669	-0.3277467	0.5390335	0.8847049	-0.3641645
425	7.0666667	0.4518600	1.4576033	-0.1217100	0.4547500	1.4535533	0.0601500	0.4296100	1.1838133	0.1333800	0.5120200	0.9248333	0.1336500	0.4767200	1.4567033	-0.3029800	0.4776200	1.1884633	-0.3707400	0.5521000	0.9301833	-0.3512600	0.5277700	0.8731233	-0.1027800	0.5253500	0.8785433	0.0224700	0.5016000	0.4640433	0.0048500	0.4403100	0.0668633	-0.0100900	0.5414800	0.8702433	-0.2281700	0.4619600	0.4558933	-0.1894700	0.4086700	0.0561633	-0.1616700	0.5763800	0.0173533	-0.1742000	0.5693300	0.0192833	-0.1775100	0.3770500	0.0187233	-0.1526000	0.6079500	0.0231933	0.0076500	0.6003300	0.0237033	0.0105400	0.4093700	0.0282733	-0.0216500	0.5876176	0.9547106	0.0902636	0.6131479	0.9430521	-0.2881049	0.3667273	0.9766197	-0.0400637	0.3772174	0.9720173	-0.1883876	0.4936822	0.4513348	0.0799861	0.5090068	0.4607306	-0.0570268	0.4336996	0.0673179	0.0332909	0.4654109	0.0761987	-0.0561028	0.5897226	0.0344582	-0.0046303	0.5355507	0.0203704	0.0501233	0.3695089	0.0476425	-0.0264259	0.4648523	0.4410360	-0.2601708	0.4693390	0.4552453	-0.1185423	0.4015242	0.0560980	-0.2089348	0.4283054	0.0670820	-0.1161566	0.5587102	0.0275241	-0.1655574	0.3296694	0.0346767	-0.1509684	0.5123078	0.0134036	-0.2223804	0.4535711	1.5003526	0.0605768	0.4662965	1.5036929	-0.3053606	0.3531646	1.5032608	-0.1222939	0.5781252	0.7018734	0.1074745	0.5390174	0.6017815	0.1222408	0.4493203	0.7053117	0.1317915	0.5848638	0.6801245	-0.3031415	0.5346861	0.5841978	-0.3134973	0.4562137	0.6953177	-0.3361073	0.4741196	0.3371959	0.0724325	0.4883628	0.2176253	0.0741515	0.4182225	0.2352385	0.0709348	0.4457762	0.3267140	-0.2504630	0.4621728	0.2044535	-0.2523989	0.3859868	0.2255809	-0.2499301	0.4790035	0.8476378	0.0089917	0.4942865	0.8407576	-0.2195763	0.4180359	1.1496929	0.1743824	0.4020688	1.1370589	0.0894231	0.5527910	0.9216097	0.1228972	0.4960048	0.8881442	0.1400330	0.4848028	1.1506253	-0.4123670	0.4373488	1.1384650	-0.3428345	0.5939405	0.9099831	-0.3278375	0.5391927	0.8846239	-0.3641313
426	7.0833333	0.4524800	1.4573833	-0.1209300	0.4564100	1.4527733	0.0608400	0.4309400	1.1833233	0.1341500	0.5127400	0.9244233	0.1338800	0.4763500	1.4570033	-0.3022900	0.4784400	1.1889633	-0.3701600	0.5527700	0.9299833	-0.3511000	0.5281600	0.8723533	-0.1026900	0.5259300	0.8777033	0.0226000	0.5020700	0.4637533	0.0047500	0.4408700	0.0667133	-0.0098800	0.5417000	0.8695833	-0.2281500	0.4627500	0.4562433	-0.1894300	0.4079800	0.0555933	-0.1616900	0.5759900	0.0176133	-0.1743600	0.5689100	0.0195033	-0.1776600	0.3756300	0.0178833	-0.1524500	0.6084100	0.0235933	0.0077500	0.6007900	0.0240833	0.0106600	0.4096600	0.0285533	-0.0213500	0.5883320	0.9536799	0.0903632	0.6133811	0.9423965	-0.2880498	0.3673474	0.9760206	-0.0397355	0.3776532	0.9715681	-0.1880842	0.4937468	0.4509005	0.0801149	0.5089424	0.4602886	-0.0569866	0.4336652	0.0671099	0.0331811	0.4652886	0.0759654	-0.0562373	0.5893669	0.0342002	-0.0047568	0.5352959	0.0201824	0.0499812	0.3694866	0.0475331	-0.0265232	0.4650072	0.4407416	-0.2602608	0.4694892	0.4549079	-0.1185866	0.4015587	0.0558899	-0.2092271	0.4283095	0.0668254	-0.1164875	0.5584756	0.0274211	-0.1657494	0.3297279	0.0344225	-0.1513529	0.5121733	0.0132951	-0.2225604	0.4541290	1.5000855	0.0609611	0.4664832	1.5033675	-0.3050594	0.3535396	1.5029271	-0.1218235	0.5784293	0.7010760	0.1075525	0.5392508	0.6011302	0.1223566	0.4497953	0.7046447	0.1319974	0.5849451	0.6796111	-0.3030960	0.5348031	0.5837799	-0.3135162	0.4564409	0.6948528	-0.3361153	0.4741473	0.3368619	0.0724701	0.4883767	0.2173298	0.0740971	0.4182579	0.2349795	0.0709623	0.4459215	0.3264441	-0.2505597	0.4622724	0.2041739	-0.2525663	0.3861052	0.2253868	-0.2501024	0.4795082	0.8468003	0.0091150	0.4945016	0.8401469	-0.2194829	0.4190215	1.1490545	0.1748203	0.4027111	1.1364845	0.0899585	0.5538039	0.9212159	0.1226442	0.4970969	0.8877033	0.1400626	0.4850192	1.1504040	-0.4120487	0.4377024	1.1381709	-0.3425312	0.5940796	0.9096180	-0.3278616	0.5393727	0.8843500	-0.3640588
427	7.1000000	0.4529100	1.4572733	-0.1200100	0.4577400	1.4520933	0.0617900	0.4323300	1.1832433	0.1347300	0.5136600	0.9242433	0.1339400	0.4759400	1.4574533	-0.3015400	0.4785500	1.1892733	-0.3697200	0.5531400	0.9301533	-0.3508100	0.5289800	0.8726533	-0.1024000	0.5268400	0.8776233	0.0229800	0.5028400	0.4631633	0.0043800	0.4412900	0.0659333	-0.0094700	0.5424800	0.8700233	-0.2279600	0.4628700	0.4559533	-0.1892700	0.4064500	0.0555533	-0.1613000	0.5755400	0.0179133	-0.1745400	0.5684400	0.0197933	-0.1778100	0.3740000	0.0177233	-0.1515500	0.6083500	0.0237633	0.0079100	0.6006900	0.0242333	0.0108500	0.4099000	0.0273933	-0.0207700	0.5895525	0.9537388	0.0906421	0.6139713	0.9427749	-0.2878101	0.3683926	0.9764380	-0.0391727	0.3784579	0.9721099	-0.1875418	0.4942748	0.4514575	0.0804268	0.5092793	0.4608160	-0.0567779	0.4342227	0.0677509	0.0334256	0.4657137	0.0765697	-0.0560389	0.5896443	0.0348972	-0.0045576	0.5356899	0.0209208	0.0501735	0.3700155	0.0481713	-0.0262540	0.4654589	0.4414398	-0.2600650	0.4699849	0.4555754	-0.1183737	0.4016731	0.0566410	-0.2091838	0.4284320	0.0675384	-0.1165098	0.5583990	0.0282311	-0.1657073	0.3298488	0.0351408	-0.1513808	0.5121373	0.0140897	-0.2224707	0.4551038	1.5007999	0.0616053	0.4669195	1.5041063	-0.3045185	0.3542302	1.5036087	-0.1210610	0.5792454	0.7013382	0.1077739	0.5399864	0.6015148	0.1226359	0.4507811	0.7050487	0.1324330	0.5853556	0.6800864	-0.3028449	0.5352264	0.5843510	-0.3132922	0.4569824	0.6954188	-0.3358538	0.4746790	0.3374884	0.0727503	0.4889440	0.2179686	0.0743225	0.4188304	0.2356243	0.0712811	0.4462945	0.3271465	-0.2503562	0.4625258	0.2048449	-0.2524333	0.3863905	0.2261707	-0.2499440	0.4804858	0.8470501	0.0094461	0.4950982	0.8405894	-0.2191781	0.4204563	1.1494346	0.1754489	0.4038013	1.1369494	0.0906772	0.5551212	0.9217263	0.1225878	0.4984771	0.8882168	0.1402846	0.4855852	1.1511871	-0.4115012	0.4384153	1.1388788	-0.3419859	0.5946158	0.9102831	-0.3277002	0.5399292	0.8850970	-0.3637958
428	7.1166667	0.4531800	1.4572633	-0.1192300	0.4583300	1.4517633	0.0626600	0.4339100	1.1831033	0.1353400	0.5147200	0.9237033	0.1340800	0.4759300	1.4577633	-0.3008900	0.4786800	1.1893733	-0.3691300	0.5533400	0.9305133	-0.3504500	0.5300200	0.8733333	-0.1021000	0.5278100	0.8782233	0.0233200	0.5039100	0.4626033	0.0042400	0.4411600	0.0648833	-0.0091700	0.5435600	0.8707933	-0.2277000	0.4628300	0.4556433	-0.1888800	0.4058000	0.0558133	-0.1607800	0.5753400	0.0180533	-0.1747000	0.5683100	0.0199533	-0.1779300	0.3735200	0.0182033	-0.1506300	0.6081200	0.0236333	0.0079300	0.6004000	0.0241533	0.0109000	0.4094100	0.0262133	-0.0204200	0.5910036	0.9542089	0.0909129	0.6147250	0.9435323	-0.2875621	0.3696433	0.9771569	-0.0385743	0.3794431	0.9729371	-0.1869554	0.4949721	0.4522546	0.0807044	0.5097678	0.4615788	-0.0566202	0.4349062	0.0684719	0.0337505	0.4662587	0.0772503	-0.0557758	0.5900864	0.0357061	-0.0042976	0.5362512	0.0217652	0.0504409	0.3706307	0.0488390	-0.0259132	0.4659857	0.4424172	-0.2598205	0.4706086	0.4565252	-0.1180938	0.4017257	0.0576394	-0.2090152	0.4285432	0.0684996	-0.1163946	0.5583138	0.0292031	-0.1656331	0.3299053	0.0361443	-0.1512242	0.5120406	0.0150563	-0.2223367	0.4562200	1.5017725	0.0623008	0.4674372	1.5051599	-0.3039226	0.3550368	1.5045690	-0.1202230	0.5803273	0.7018913	0.1079760	0.5409516	0.6021716	0.1228939	0.4519921	0.7057949	0.1328857	0.5859368	0.6808647	-0.3026087	0.5357703	0.5852161	-0.3130604	0.4576374	0.6963213	-0.3355659	0.4753683	0.3383163	0.0730427	0.4896675	0.2187684	0.0745979	0.4195373	0.2364172	0.0716286	0.4466919	0.3281165	-0.2500954	0.4627651	0.2057652	-0.2522388	0.3866509	0.2272185	-0.2496848	0.4817125	0.8476787	0.0097876	0.4959027	0.8413903	-0.2188522	0.4221172	1.1501116	0.1760477	0.4051274	1.1377197	0.0913843	0.5565224	0.9224151	0.1225262	0.4999188	0.8889617	0.1405008	0.4862461	1.1522549	-0.4109070	0.4392408	1.1398797	-0.3413819	0.5952768	0.9112379	-0.3275397	0.5405945	0.8861368	-0.3635191
429	7.1333333	0.4536000	1.4572933	-0.1186700	0.4586100	1.4517533	0.0632200	0.4354600	1.1827433	0.1361000	0.5156400	0.9230033	0.1344300	0.4764800	1.4578633	-0.3003200	0.4795100	1.1894933	-0.3682500	0.5536600	0.9307633	-0.3500800	0.5310600	0.8733133	-0.1019100	0.5286500	0.8782433	0.0234500	0.5051100	0.4625033	0.0044400	0.4404600	0.0643933	-0.0091800	0.5447300	0.8708433	-0.2274200	0.4631100	0.4553433	-0.1884300	0.4064600	0.0562833	-0.1604600	0.5754600	0.0181133	-0.1748300	0.5685100	0.0200533	-0.1780300	0.3743100	0.0189933	-0.1503000	0.6082000	0.0233333	0.0077500	0.6005900	0.0238833	0.0107700	0.4087800	0.0257633	-0.0204600	0.5923956	0.9539870	0.0910677	0.6154926	0.9436216	-0.2874049	0.3708728	0.9771245	-0.0380858	0.3804348	0.9730224	-0.1864685	0.4956554	0.4522689	0.0808647	0.5102679	0.4615686	-0.0565818	0.4354141	0.0683562	0.0339598	0.4666497	0.0771007	-0.0556290	0.5903965	0.0356436	-0.0041521	0.5366668	0.0217368	0.0506078	0.3710432	0.0486865	-0.0257093	0.4664751	0.4426571	-0.2596945	0.4712287	0.4567348	-0.1178907	0.4017650	0.0578970	-0.2088767	0.4286824	0.0687163	-0.1162759	0.5582405	0.0293925	-0.1656389	0.3299624	0.0364284	-0.1510361	0.5119283	0.0152457	-0.2222922	0.4572322	1.5019418	0.0628840	0.4679097	1.5054173	-0.3034122	0.3557879	1.5047217	-0.1194891	0.5814296	0.7016854	0.1080839	0.5419182	0.6020578	0.1230493	0.4531598	0.7057946	0.1332174	0.5865568	0.6809337	-0.3025167	0.5363140	0.5853612	-0.3129690	0.4582643	0.6965104	-0.3354133	0.4759991	0.3383381	0.0732249	0.4902914	0.2187421	0.0747777	0.4201266	0.2363990	0.0718494	0.4470504	0.3283525	-0.2499441	0.4629859	0.2059495	-0.2521378	0.3868603	0.2275240	-0.2494969	0.4829267	0.8475885	0.0100088	0.4967396	0.8414870	-0.2186314	0.4237465	1.1500452	0.1765128	0.4064539	1.1377405	0.0919667	0.5577736	0.9222497	0.1224022	0.5011782	0.8889042	0.1406430	0.4868962	1.1525721	-0.4103572	0.4400612	1.1401419	-0.3408326	0.5959077	0.9114372	-0.3274496	0.5412327	0.8864333	-0.3633042
430	7.1500000	0.4543100	1.4572933	-0.1182300	0.4591400	1.4517833	0.0635800	0.4364800	1.1823533	0.1368700	0.5163100	0.9226533	0.1350200	0.4773400	1.4578333	-0.2997800	0.4804100	1.1898433	-0.3674200	0.5542300	0.9308333	-0.3497500	0.5321300	0.8731433	-0.1016800	0.5296300	0.8780533	0.0236100	0.5060100	0.4628133	0.0046200	0.4401000	0.0642933	-0.0091700	0.5458900	0.8706933	-0.2271200	0.4638300	0.4553833	-0.1881500	0.4072500	0.0569433	-0.1604700	0.5756700	0.0183133	-0.1747900	0.5687200	0.0202533	-0.1780100	0.3753900	0.0198933	-0.1504700	0.6083900	0.0232833	0.0074100	0.6009100	0.0238633	0.0104800	0.4081900	0.0258133	-0.0206900	0.5937617	0.9536064	0.0912694	0.6163442	0.9435889	-0.2871888	0.3721015	0.9769228	-0.0375767	0.3814668	0.9729537	-0.1859555	0.4963762	0.4521098	0.0810490	0.5108265	0.4613947	-0.0565125	0.4357948	0.0680847	0.0341407	0.4669253	0.0768015	-0.0555073	0.5906245	0.0353751	-0.0040512	0.5369858	0.0214864	0.0507455	0.3713011	0.0484087	-0.0255397	0.4670143	0.4427496	-0.2595554	0.4719101	0.4567914	-0.1176549	0.4019256	0.0580255	-0.2087014	0.4289672	0.0687998	-0.1161043	0.5583056	0.0294196	-0.1656057	0.3301547	0.0365982	-0.1507933	0.5119447	0.0152704	-0.2222220	0.4581852	1.5018903	0.0634574	0.4684068	1.5054410	-0.3028861	0.3565274	1.5046425	-0.1187719	0.5825690	0.7013175	0.1082425	0.5429183	0.6017744	0.1232449	0.4543138	0.7056154	0.1335674	0.5872535	0.6808745	-0.3024226	0.5369203	0.5853721	-0.3128738	0.4589351	0.6965572	-0.3352419	0.4766235	0.3381808	0.0734137	0.4908628	0.2185332	0.0749565	0.4206538	0.2362199	0.0720569	0.4474739	0.3284519	-0.2497812	0.4633054	0.2060083	-0.2520227	0.3871411	0.2276884	-0.2492844	0.4841375	0.8473318	0.0102595	0.4976399	0.8414397	-0.2183735	0.4252666	1.1498151	0.1769824	0.4077376	1.1375880	0.0925479	0.5588572	0.9218430	0.1224105	0.5022522	0.8886368	0.1408840	0.4876019	1.1527180	-0.4097222	0.4409313	1.1402378	-0.3402134	0.5965634	0.9114526	-0.3272924	0.5418979	0.8865589	-0.3630223
431	7.1666667	0.4551200	1.4571833	-0.1177600	0.4600300	1.4516733	0.0639700	0.4368200	1.1821033	0.1374500	0.5169800	0.9229533	0.1356600	0.4780600	1.4577233	-0.2992600	0.4805700	1.1901433	-0.3671500	0.5551100	0.9309333	-0.3494000	0.5333500	0.8729033	-0.1013800	0.5310800	0.8778033	0.0239800	0.5064500	0.4632933	0.0045800	0.4403600	0.0643333	-0.0090700	0.5469000	0.8705133	-0.2269100	0.4650100	0.4559633	-0.1879600	0.4071000	0.0573733	-0.1608400	0.5757600	0.0182833	-0.1746300	0.5687600	0.0202033	-0.1779000	0.3758600	0.0205533	-0.1508600	0.6088500	0.0232233	0.0069700	0.6013500	0.0239133	0.0100600	0.4078100	0.0255833	-0.0208400	0.5952716	0.9531489	0.0915558	0.6173791	0.9434943	-0.2869171	0.3734466	0.9766531	-0.0370009	0.3826283	0.9728237	-0.1853872	0.4972264	0.4518841	0.0812791	0.5114911	0.4611631	-0.0564130	0.4362210	0.0677847	0.0343256	0.4672291	0.0764785	-0.0554004	0.5909462	0.0350642	-0.0040189	0.5373984	0.0211532	0.0508519	0.3715610	0.0481139	-0.0253549	0.4677195	0.4427940	-0.2593839	0.4727667	0.4567882	-0.1173676	0.4022286	0.0581141	-0.2085480	0.4294108	0.0688349	-0.1159423	0.5585177	0.0293470	-0.1655418	0.3304888	0.0367551	-0.1505898	0.5121076	0.0152008	-0.2221459	0.4592168	1.5017347	0.0640580	0.4690157	1.5053545	-0.3023281	0.3573527	1.5044457	-0.1180316	0.5838816	0.7008736	0.1084640	0.5440787	0.6014163	0.1235017	0.4556056	0.7053603	0.1339995	0.5881142	0.6807674	-0.3023100	0.5376890	0.5853375	-0.3127572	0.4597545	0.6965526	-0.3350274	0.4773559	0.3379638	0.0736306	0.4915283	0.2182685	0.0751482	0.4212578	0.2359965	0.0722953	0.4480562	0.3285050	-0.2496005	0.4637856	0.2060223	-0.2519104	0.3875632	0.2278152	-0.2490718	0.4854785	0.8469999	0.0105883	0.4986949	0.8413269	-0.2180550	0.4266854	1.1495580	0.1774977	0.4089870	1.1373955	0.0931498	0.5598707	0.9213958	0.1225805	0.5032596	0.8883202	0.1412400	0.4883988	1.1527912	-0.4090586	0.4418809	1.1402602	-0.3395624	0.5973649	0.9114230	-0.3270570	0.5427089	0.8866266	-0.3626726
432	7.1833333	0.4557500	1.4570033	-0.1172000	0.4610300	1.4513533	0.0645200	0.4370200	1.1819433	0.1376700	0.5179800	0.9234133	0.1361100	0.4783200	1.4576833	-0.2987700	0.4801500	1.1900733	-0.3673500	0.5561300	0.9310533	-0.3488800	0.5344700	0.8726633	-0.1010900	0.5326600	0.8775933	0.0243800	0.5066500	0.4636133	0.0044500	0.4406500	0.0645033	-0.0092100	0.5475900	0.8702833	-0.2268000	0.4662800	0.4565633	-0.1878200	0.4062000	0.0577333	-0.1613500	0.5758100	0.0176533	-0.1745700	0.5688600	0.0195833	-0.1778700	0.3757900	0.0213233	-0.1511700	0.6090300	0.0232533	0.0066400	0.6014900	0.0238833	0.0097200	0.4076300	0.0254933	-0.0211300	0.5966997	0.9526960	0.0918344	0.6183131	0.9433919	-0.2866809	0.3746720	0.9763866	-0.0364359	0.3836620	0.9726918	-0.1848408	0.4979190	0.4516674	0.0814548	0.5119778	0.4609570	-0.0563799	0.4364614	0.0675490	0.0344212	0.4673371	0.0762288	-0.0553966	0.5911151	0.0348171	-0.0041326	0.5376530	0.0208553	0.0508350	0.3716122	0.0478949	-0.0252502	0.4683581	0.4428629	-0.2592669	0.4735711	0.4567933	-0.1171141	0.4023707	0.0582374	-0.2085276	0.4297047	0.0688935	-0.1158973	0.5585746	0.0291909	-0.1655336	0.3306509	0.0370050	-0.1505496	0.5121131	0.0150729	-0.2221625	0.4601033	1.5015512	0.0646271	0.4694539	1.5052660	-0.3017975	0.3580122	1.5042177	-0.1173153	0.5850981	0.7004207	0.1086620	0.5451231	0.6010531	0.1237264	0.4567876	0.7051039	0.1344278	0.5888814	0.6806895	-0.3022592	0.5383723	0.5853333	-0.3127031	0.4604654	0.6965617	-0.3348509	0.4779197	0.3377732	0.0737800	0.4920237	0.2180413	0.0752598	0.4216823	0.2358099	0.0724675	0.4485467	0.3285792	-0.2494926	0.4641478	0.2060588	-0.2518973	0.3878607	0.2279801	-0.2489624	0.4867198	0.8466724	0.0109205	0.4996392	0.8412112	-0.2177500	0.4278071	1.1493501	0.1779877	0.4099778	1.1372362	0.0936919	0.5606931	0.9210524	0.1227858	0.5040962	0.8880699	0.1415912	0.4890081	1.1528555	-0.4084904	0.4426266	1.1402708	-0.3389942	0.5980917	0.9114580	-0.3267990	0.5434490	0.8867160	-0.3623183
433	7.2000000	0.4561300	1.4568233	-0.1166400	0.4618500	1.4509933	0.0651200	0.4375600	1.1816733	0.1376500	0.5190900	0.9235633	0.1363000	0.4783000	1.4577033	-0.2983100	0.4798700	1.1896733	-0.3673900	0.5568600	0.9310633	-0.3482200	0.5352400	0.8719433	-0.1009400	0.5338300	0.8768533	0.0245800	0.5066800	0.4634333	0.0043600	0.4407700	0.0643833	-0.0095100	0.5479600	0.8695933	-0.2267500	0.4670000	0.4566833	-0.1879200	0.4056800	0.0577433	-0.1616800	0.5759700	0.0166233	-0.1746500	0.5691500	0.0185833	-0.1779200	0.3760500	0.0218533	-0.1512900	0.6087800	0.0228933	0.0067800	0.6011400	0.0234233	0.0098300	0.4078700	0.0254133	-0.0214600	0.5977810	0.9517619	0.0919700	0.6188953	0.9428030	-0.2865987	0.3755485	0.9756508	-0.0360139	0.3843438	0.9720896	-0.1844430	0.4982014	0.4509959	0.0814695	0.5120851	0.4603146	-0.0565104	0.4363438	0.0669175	0.0343349	0.4671160	0.0755963	-0.0555705	0.5909131	0.0341868	-0.0043900	0.5375152	0.0201687	0.0506628	0.3713465	0.0472979	-0.0253446	0.4687209	0.4424836	-0.2593372	0.4741216	0.4563427	-0.1170277	0.4022257	0.0579127	-0.2086932	0.4297248	0.0685015	-0.1160204	0.5583519	0.0285142	-0.1656584	0.3305284	0.0368530	-0.1506997	0.5118352	0.0144409	-0.2223422	0.4606386	1.5008876	0.0650672	0.4695074	1.5047129	-0.3013899	0.3583064	1.5035036	-0.1167179	0.5859332	0.6994876	0.1087468	0.5457702	0.6002170	0.1238179	0.4575763	0.7043676	0.1347053	0.5893254	0.6801779	-0.3023808	0.5387482	0.5848900	-0.3128314	0.4608327	0.6961000	-0.3348468	0.4780795	0.3371474	0.0737598	0.4921270	0.2173964	0.0752071	0.4217179	0.2351957	0.0724583	0.4487601	0.3282006	-0.2495704	0.4642280	0.2056470	-0.2520687	0.3878710	0.2276964	-0.2490464	0.4876121	0.8458687	0.0111196	0.5002318	0.8406163	-0.2175847	0.4285326	1.1487229	0.1783461	0.4105727	1.1366351	0.0940767	0.5612253	0.9203572	0.1228677	0.5046599	0.8874296	0.1417985	0.4892405	1.1524463	-0.4081130	0.4429734	1.1398095	-0.3386139	0.5985424	0.9111027	-0.3265900	0.5439217	0.8863642	-0.3620341
434	7.2166667	0.4564400	1.4567233	-0.1162200	0.4622800	1.4507833	0.0655000	0.4382700	1.1812133	0.1376600	0.5198200	0.9232433	0.1364100	0.4784800	1.4577133	-0.2978800	0.4802600	1.1892333	-0.3669600	0.5572000	0.9309433	-0.3476900	0.5356900	0.8710933	-0.1009300	0.5343700	0.8760433	0.0244900	0.5067800	0.4630733	0.0044100	0.4405000	0.0643833	-0.0098200	0.5483100	0.8687333	-0.2266400	0.4670100	0.4559833	-0.1881400	0.4055300	0.0572133	-0.1618300	0.5760500	0.0158733	-0.1747800	0.5693000	0.0178533	-0.1780300	0.3761000	0.0214833	-0.1513800	0.6084500	0.0225733	0.0071800	0.6007500	0.0230533	0.0102100	0.4079400	0.0255633	-0.0216800	0.5985109	0.9506955	0.0919697	0.6191990	0.9420647	-0.2866358	0.3761028	0.9748072	-0.0357745	0.3847311	0.9713737	-0.1842223	0.4981698	0.4502474	0.0813704	0.5119443	0.4596019	-0.0567379	0.4359615	0.0662552	0.0341205	0.4666803	0.0749389	-0.0558494	0.5904370	0.0335241	-0.0046672	0.5370688	0.0194647	0.0504301	0.3708738	0.0466823	-0.0255961	0.4687971	0.4419923	-0.2595541	0.4743870	0.4557895	-0.1170951	0.4018893	0.0574687	-0.2089713	0.4295504	0.0680010	-0.1162560	0.5579749	0.0277418	-0.1658699	0.3302164	0.0365697	-0.1509628	0.5114013	0.0137006	-0.2226193	0.4608736	1.5001310	0.0653907	0.4693003	1.5040751	-0.3011082	0.3583151	1.5027011	-0.1162626	0.5863884	0.6984781	0.1087326	0.5460525	0.5993029	0.1237985	0.4579886	0.7035145	0.1348147	0.5894750	0.6795482	-0.3026303	0.5388345	0.5843288	-0.3130942	0.4609042	0.6955059	-0.3349877	0.4779360	0.3364487	0.0736213	0.4919271	0.2166931	0.0750444	0.4214618	0.2345243	0.0723085	0.4487180	0.3277099	-0.2497899	0.4640796	0.2051295	-0.2523662	0.3876474	0.2272870	-0.2492614	0.4881610	0.8449465	0.0111661	0.5005247	0.8398924	-0.2175620	0.4289688	1.1479983	0.1785573	0.4108841	1.1359152	0.0943133	0.5615162	0.9195956	0.1228291	0.5049903	0.8867104	0.1418738	0.4892392	1.1519178	-0.4078579	0.4430585	1.1392328	-0.3383707	0.5987730	0.9106629	-0.3264183	0.5441845	0.8859021	-0.3618072
435	7.2333333	0.4567900	1.4568133	-0.1159800	0.4623600	1.4509533	0.0655200	0.4387500	1.1808833	0.1378300	0.5201400	0.9228733	0.1365300	0.4790300	1.4577433	-0.2973900	0.4812200	1.1889933	-0.3663300	0.5572800	0.9308933	-0.3474800	0.5363100	0.8708433	-0.1008200	0.5349000	0.8758233	0.0243200	0.5073800	0.4631333	0.0046600	0.4403700	0.0643633	-0.0098900	0.5489800	0.8684233	-0.2262500	0.4665400	0.4551133	-0.1882200	0.4053900	0.0562733	-0.1618900	0.5761200	0.0158333	-0.1748800	0.5693100	0.0177533	-0.1781300	0.3752700	0.0203233	-0.1515200	0.6086900	0.0224833	0.0074600	0.6010600	0.0229733	0.0104900	0.4079900	0.0253433	-0.0214900	0.5993657	0.9502436	0.0920627	0.6197309	0.9418821	-0.2865276	0.3768148	0.9745765	-0.0355071	0.3853159	0.9712481	-0.1839528	0.4983789	0.4501378	0.0814198	0.5120790	0.4595177	-0.0568024	0.4358715	0.0662098	0.0340628	0.4665615	0.0748955	-0.0559600	0.5902861	0.0334978	-0.0047099	0.5369247	0.0193936	0.0504049	0.3707113	0.0466563	-0.0257075	0.4689400	0.4420752	-0.2596246	0.4746945	0.4558186	-0.1170508	0.4017283	0.0575476	-0.2091207	0.4295289	0.0680321	-0.1163821	0.5578527	0.0275919	-0.1659469	0.3300600	0.0367328	-0.1511120	0.5112202	0.0135474	-0.2227580	0.4612521	1.5000206	0.0657917	0.4693440	1.5040546	-0.3007534	0.3585064	1.5025468	-0.1157778	0.5869848	0.6981494	0.1088308	0.5465090	0.5990545	0.1239008	0.4585524	0.7032865	0.1350023	0.5897744	0.6794618	-0.3027240	0.5390437	0.5843212	-0.3131986	0.4611512	0.6954963	-0.3349908	0.4780541	0.3363672	0.0736364	0.4919945	0.2166043	0.0750371	0.4214742	0.2344740	0.0723060	0.4487777	0.3277862	-0.2498751	0.4640662	0.2051725	-0.2525275	0.3875563	0.2274132	-0.2493389	0.4888465	0.8446494	0.0112846	0.5010158	0.8397578	-0.2174354	0.4295262	1.1478683	0.1787976	0.4113513	1.1357764	0.0946042	0.5619132	0.9194134	0.1228932	0.5054340	0.8865773	0.1420392	0.4895007	1.1519692	-0.4074812	0.4433767	1.1392451	-0.3380271	0.5991926	0.9107681	-0.3261222	0.5446397	0.8859985	-0.3614758
436	7.2500000	0.4570900	1.4570833	-0.1158600	0.4622500	1.4513733	0.0653000	0.4389600	1.1809633	0.1380500	0.5204100	0.9226033	0.1367100	0.4796000	1.4578933	-0.2968700	0.4823000	1.1890733	-0.3658700	0.5572400	0.9309033	-0.3474900	0.5371800	0.8713933	-0.1004800	0.5357000	0.8765533	0.0244300	0.5083300	0.4636233	0.0050000	0.4404000	0.0646433	-0.0098500	0.5498700	0.8687833	-0.2256900	0.4662000	0.4542133	-0.1880400	0.4051900	0.0557833	-0.1619100	0.5765500	0.0163433	-0.1747600	0.5696200	0.0181833	-0.1780300	0.3743700	0.0195233	-0.1516100	0.6092900	0.0224133	0.0074400	0.6018400	0.0229233	0.0105100	0.4076900	0.0255233	-0.0213300	0.6004131	0.9506427	0.0923600	0.6205522	0.9424519	-0.2861396	0.3777535	0.9751377	-0.0350899	0.3861653	0.9718748	-0.1835024	0.4989103	0.4508167	0.0817285	0.5125446	0.4602196	-0.0566044	0.4361203	0.0668994	0.0342594	0.4667920	0.0755915	-0.0558222	0.5905505	0.0341888	-0.0044874	0.5371817	0.0200425	0.0506472	0.3708660	0.0473544	-0.0255724	0.4691705	0.4428694	-0.2594075	0.4750513	0.4565624	-0.1167456	0.4017669	0.0582863	-0.2090485	0.4296748	0.0687276	-0.1162940	0.5580258	0.0282047	-0.1657760	0.3300659	0.0374735	-0.1510608	0.5113332	0.0141254	-0.2226591	0.4617925	1.5007215	0.0663314	0.4696881	1.5048092	-0.3002306	0.3589204	1.5032045	-0.1151919	0.5878339	0.6986696	0.1091499	0.5472440	0.5996311	0.1242377	0.4593691	0.7038642	0.1354050	0.5903043	0.6800744	-0.3025196	0.5394348	0.5850168	-0.3130042	0.4616435	0.6962429	-0.3347212	0.4785072	0.3370442	0.0739174	0.4924015	0.2172651	0.0752880	0.4218138	0.2351740	0.0725646	0.4489588	0.3285723	-0.2497024	0.4642140	0.2059198	-0.2524437	0.3876195	0.2282121	-0.2491709	0.4897566	0.8451804	0.0116012	0.5017897	0.8403912	-0.2170647	0.4302239	1.1484984	0.1791461	0.4119984	1.1363950	0.0950325	0.5624075	0.9199472	0.1231537	0.5059743	0.8871754	0.1423898	0.4900700	1.1527535	-0.4069042	0.4439758	1.1400105	-0.3375007	0.5997909	0.9115272	-0.3256670	0.5452692	0.8867894	-0.3610069
437	7.2666667	0.4572000	1.4572833	-0.1157600	0.4621500	1.4516233	0.0651800	0.4389800	1.1812333	0.1382200	0.5207000	0.9225233	0.1369900	0.4798600	1.4580533	-0.2965300	0.4832300	1.1891433	-0.3656600	0.5572600	0.9307233	-0.3474700	0.5379100	0.8719233	-0.1001000	0.5364000	0.8772133	0.0248500	0.5090000	0.4640633	0.0052300	0.4405700	0.0649233	-0.0097400	0.5506400	0.8691833	-0.2253400	0.4659000	0.4537933	-0.1878900	0.4052000	0.0562233	-0.1619400	0.5771600	0.0169033	-0.1743500	0.5701900	0.0187033	-0.1776600	0.3743800	0.0199633	-0.1516600	0.6099800	0.0222433	0.0071900	0.6026300	0.0228533	0.0103100	0.4074700	0.0257133	-0.0211700	0.6012696	0.9510750	0.0926827	0.6212515	0.9429840	-0.2856946	0.3785248	0.9756645	-0.0346709	0.3868737	0.9724397	-0.1830368	0.4993650	0.4514363	0.0820790	0.5129222	0.4608690	-0.0563840	0.4363478	0.0675048	0.0344953	0.4669994	0.0762134	-0.0556686	0.5908684	0.0347786	-0.0042702	0.5374897	0.0205866	0.0509178	0.3709754	0.0479690	-0.0254012	0.4691864	0.4435579	-0.2591215	0.4751533	0.4571977	-0.1163730	0.4017280	0.0589081	-0.2089233	0.4297135	0.0693066	-0.1161438	0.5581778	0.0287825	-0.1655108	0.3299672	0.0380457	-0.1509698	0.5114348	0.0146434	-0.2224844	0.4621038	1.5013752	0.0667977	0.4699180	1.5054549	-0.2997405	0.3591715	1.5037914	-0.1146897	0.5885857	0.6991734	0.1095106	0.5478913	0.6001737	0.1246194	0.4600602	0.7044081	0.1358550	0.5907207	0.6805993	-0.3022209	0.5396795	0.5856177	-0.3127264	0.4620147	0.6969254	-0.3344026	0.4789004	0.3376523	0.0742439	0.4927731	0.2178561	0.0755826	0.4221030	0.2357912	0.0728737	0.4489612	0.3292623	-0.2494722	0.4642331	0.2065773	-0.2522983	0.3875466	0.2288917	-0.2489552	0.4905122	0.8457028	0.0119459	0.5024512	0.8409736	-0.2166467	0.4306926	1.1490820	0.1794400	0.4124401	1.1369685	0.0954094	0.5626419	0.9203936	0.1234239	0.5062382	0.8877025	0.1427390	0.4905882	1.1534398	-0.4063482	0.4445010	1.1407034	-0.3370107	0.6002120	0.9121221	-0.3252456	0.5457246	0.8874521	-0.3605952
438	7.2833333	0.4572100	1.4572633	-0.1156800	0.4622700	1.4515533	0.0653000	0.4388500	1.1812433	0.1383300	0.5208700	0.9223933	0.1373000	0.4797700	1.4580833	-0.2964900	0.4838300	1.1888533	-0.3656900	0.5573800	0.9302933	-0.3473400	0.5382700	0.8720633	-0.0999300	0.5366400	0.8773733	0.0252500	0.5090400	0.4641133	0.0052700	0.4405500	0.0651733	-0.0097500	0.5511300	0.8693433	-0.2253900	0.4657200	0.4534433	-0.1879100	0.4057000	0.0569533	-0.1619700	0.5773400	0.0170333	-0.1738500	0.5703900	0.0188833	-0.1771900	0.3752500	0.0209133	-0.1517200	0.6106100	0.0225633	0.0068800	0.6033200	0.0231833	0.0100200	0.4071400	0.0260733	-0.0211100	0.6017242	0.9511460	0.0928078	0.6215937	0.9431322	-0.2854716	0.3788987	0.9757986	-0.0344590	0.3872022	0.9726034	-0.1827876	0.4994837	0.4516398	0.0822063	0.5129573	0.4611142	-0.0564040	0.4363255	0.0677183	0.0345163	0.4669542	0.0764574	-0.0557469	0.5910174	0.0349813	-0.0043176	0.5376186	0.0207352	0.0509568	0.3708138	0.0481924	-0.0254405	0.4688690	0.4437991	-0.2590397	0.4748891	0.4573941	-0.1161944	0.4015235	0.0591290	-0.2089514	0.4295660	0.0694967	-0.1161332	0.5581532	0.0289975	-0.1653538	0.3297080	0.0382110	-0.1510380	0.5113847	0.0147789	-0.2224294	0.4620350	1.5015847	0.0669913	0.4698067	1.5056233	-0.2995189	0.3590715	1.5039147	-0.1144573	0.5889986	0.6992709	0.1096713	0.5482019	0.6003041	0.1247954	0.4603847	0.7045443	0.1361078	0.5908313	0.6807044	-0.3021023	0.5396132	0.5857858	-0.3126413	0.4620576	0.6971805	-0.3343118	0.4789779	0.3378598	0.0743479	0.4928588	0.2180610	0.0756581	0.4221027	0.2359954	0.0729697	0.4486735	0.3295290	-0.2494353	0.4640207	0.2068347	-0.2523241	0.3872337	0.2291406	-0.2489283	0.4908873	0.8458334	0.0120878	0.5027599	0.8411509	-0.2164462	0.4307536	1.1492582	0.1794909	0.4124904	1.1371366	0.0955219	0.5624678	0.9204141	0.1234939	0.5060736	0.8878176	0.1428668	0.4908653	1.1536702	-0.4060422	0.4447648	1.1409580	-0.3367840	0.6003061	0.9122323	-0.3250443	0.5458649	0.8876424	-0.3604210
439	7.3000000	0.4572700	1.4571333	-0.1156000	0.4626400	1.4513533	0.0654700	0.4387700	1.1810133	0.1383700	0.5209300	0.9221733	0.1374000	0.4795600	1.4580133	-0.2965600	0.4839400	1.1885433	-0.3658500	0.5575800	0.9300433	-0.3472000	0.5383600	0.8717033	-0.0999500	0.5366500	0.8769833	0.0254100	0.5087400	0.4637233	0.0051800	0.4405300	0.0651133	-0.0098100	0.5513400	0.8690433	-0.2255800	0.4658700	0.4534933	-0.1880500	0.4063400	0.0572933	-0.1619200	0.5771600	0.0169233	-0.1735500	0.5702400	0.0188333	-0.1768900	0.3759200	0.0213133	-0.1518100	0.6112700	0.0230033	0.0068400	0.6039700	0.0236533	0.0099800	0.4073100	0.0257733	-0.0209100	0.6019094	0.9507254	0.0927723	0.6216870	0.9427836	-0.2854674	0.3789831	0.9754463	-0.0344180	0.3872493	0.9722793	-0.1827324	0.4993682	0.4513452	0.0821514	0.5127458	0.4608634	-0.0566274	0.4362021	0.0674584	0.0344063	0.4667954	0.0762321	-0.0559702	0.5911323	0.0347918	-0.0045163	0.5377038	0.0204579	0.0508644	0.3705392	0.0478980	-0.0256071	0.4684146	0.4435189	-0.2591444	0.4744685	0.4570851	-0.1161875	0.4012842	0.0588817	-0.2090964	0.4293734	0.0692337	-0.1162303	0.5580400	0.0287724	-0.1653080	0.3294386	0.0379139	-0.1512195	0.5112722	0.0144602	-0.2224790	0.4617648	1.5012710	0.0669826	0.4694678	1.5052613	-0.2995247	0.3587560	1.5035088	-0.1144226	0.5891700	0.6988664	0.1096603	0.5482757	0.5999343	0.1248001	0.4604473	0.7041827	0.1362022	0.5907471	0.6803146	-0.3021639	0.5393779	0.5854452	-0.3127427	0.4618853	0.6969082	-0.3344371	0.4788529	0.3375897	0.0742792	0.4927833	0.2178020	0.0755762	0.4219466	0.2357084	0.0729177	0.4482734	0.3292900	-0.2495616	0.4637288	0.2066059	-0.2524883	0.3868426	0.2288898	-0.2490563	0.4909802	0.8454633	0.0120578	0.5027993	0.8408245	-0.2164532	0.4305629	1.1489501	0.1793811	0.4122859	1.1368226	0.0954364	0.5620593	0.9199509	0.1234008	0.5056638	0.8874534	0.1428086	0.4909827	1.1533792	-0.4059565	0.4448524	1.1406991	-0.3367812	0.6002325	0.9118452	-0.3249939	0.5458504	0.8873192	-0.3604069
440	7.3166667	0.4574700	1.4570333	-0.1155200	0.4632600	1.4512333	0.0655400	0.4390900	1.1806933	0.1383700	0.5212200	0.9219233	0.1372100	0.4793700	1.4579333	-0.2965300	0.4835700	1.1886133	-0.3659900	0.5579700	0.9302233	-0.3471900	0.5383900	0.8710233	-0.1000100	0.5369100	0.8763733	0.0253400	0.5085100	0.4631333	0.0051300	0.4409200	0.0647333	-0.0097600	0.5511500	0.8683033	-0.2256600	0.4665700	0.4538833	-0.1881700	0.4066500	0.0568833	-0.1617200	0.5774600	0.0171533	-0.1735100	0.5705000	0.0190333	-0.1768500	0.3758400	0.0204233	-0.1518000	0.6112800	0.0233033	0.0071400	0.6039800	0.0239333	0.0102600	0.4075600	0.0258633	-0.0209500	0.6020602	0.9499909	0.0927024	0.6217291	0.9421000	-0.2855293	0.3790057	0.9747997	-0.0344159	0.3872292	0.9716534	-0.1827292	0.4992423	0.4507743	0.0820952	0.5125116	0.4603326	-0.0568492	0.4361455	0.0669395	0.0343344	0.4666880	0.0757491	-0.0561488	0.5913070	0.0344276	-0.0046500	0.5378471	0.0199968	0.0508208	0.3703448	0.0473063	-0.0257291	0.4680715	0.4429154	-0.2592740	0.4741536	0.4564809	-0.1161984	0.4011840	0.0583442	-0.2092329	0.4293092	0.0687044	-0.1163159	0.5580442	0.0283487	-0.1652706	0.3293193	0.0373076	-0.1513868	0.5112845	0.0139202	-0.2225263	0.4615585	1.5006688	0.0669324	0.4691358	1.5046412	-0.2995793	0.3584603	1.5028357	-0.1144178	0.5892929	0.6981771	0.1096225	0.5483174	0.5992845	0.1247876	0.4604761	0.7035233	0.1362794	0.5906593	0.6796284	-0.3022572	0.5391835	0.5847911	-0.3128748	0.4617073	0.6962827	-0.3346084	0.4787363	0.3370503	0.0742157	0.4927331	0.2172795	0.0755054	0.4218341	0.2351570	0.0728915	0.4479931	0.3287278	-0.2496965	0.4635576	0.2060670	-0.2526483	0.3865875	0.2283208	-0.2491916	0.4910103	0.8447831	0.0120019	0.5027657	0.8401751	-0.2165054	0.4304067	1.1483620	0.1792964	0.4120845	1.1362330	0.0953349	0.5617173	0.9192284	0.1232712	0.5053255	0.8868199	0.1427057	0.4910850	1.1528005	-0.4059505	0.4449216	1.1401449	-0.3368424	0.6002296	0.9112346	-0.3249457	0.5459067	0.8867316	-0.3603971
441	7.3333333	0.4577300	1.4569433	-0.1153800	0.4640500	1.4510633	0.0656000	0.4396500	1.1802333	0.1383800	0.5219300	0.9217833	0.1369300	0.4791100	1.4579133	-0.2964200	0.4830200	1.1888933	-0.3660100	0.5583800	0.9306733	-0.3473200	0.5385100	0.8703633	-0.1000400	0.5375500	0.8758333	0.0252100	0.5085400	0.4626533	0.0052100	0.4415300	0.0645933	-0.0096300	0.5507500	0.8674633	-0.2256500	0.4672600	0.4542133	-0.1882300	0.4066000	0.0560433	-0.1614600	0.5784800	0.0177933	-0.1735200	0.5714000	0.0195633	-0.1768800	0.3753000	0.0190833	-0.1516700	0.6107200	0.0230233	0.0075900	0.6034000	0.0236833	0.0106700	0.4086900	0.0255433	-0.0209200	0.6023429	0.9492904	0.0926406	0.6218414	0.9414045	-0.2855808	0.3791270	0.9741939	-0.0343962	0.3872837	0.9710519	-0.1827073	0.4992626	0.4502707	0.0821162	0.5124154	0.4598557	-0.0569704	0.4362966	0.0664922	0.0343625	0.4667772	0.0753273	-0.0562072	0.5915742	0.0341884	-0.0046250	0.5381001	0.0196739	0.0508934	0.3704191	0.0467590	-0.0257436	0.4679703	0.4423453	-0.2593373	0.4740776	0.4559323	-0.1161658	0.4013114	0.0578211	-0.2092869	0.4294546	0.0682078	-0.1163381	0.5583042	0.0280880	-0.1651856	0.3294127	0.0366562	-0.1514733	0.5115441	0.0135103	-0.2225061	0.4615706	1.5001429	0.0668956	0.4689450	1.5041175	-0.2996018	0.3583245	1.5022674	-0.1143821	0.5895067	0.6975632	0.1096205	0.5484727	0.5987103	0.1248227	0.4606383	0.7029178	0.1363910	0.5906745	0.6789933	-0.3023030	0.5391469	0.5841750	-0.3129489	0.4616663	0.6956497	-0.3347142	0.4787800	0.3365751	0.0742356	0.4928485	0.2168204	0.0755194	0.4219170	0.2346815	0.0729552	0.4479547	0.3281825	-0.2497492	0.4636090	0.2055461	-0.2527155	0.3865853	0.2277607	-0.2492458	0.4911442	0.8441422	0.0119846	0.5027984	0.8395368	-0.2165177	0.4304699	1.1478248	0.1793072	0.4120661	1.1356977	0.0953054	0.5616538	0.9186058	0.1231540	0.5052895	0.8862561	0.1426254	0.4912278	1.1522965	-0.4059523	0.4450495	1.1396435	-0.3368797	0.6004119	0.9107684	-0.3248629	0.5461279	0.8862404	-0.3603439
442	7.3500000	0.4579000	1.4568233	-0.1151900	0.4647100	1.4508533	0.0657300	0.4399300	1.1796133	0.1384600	0.5226500	0.9216533	0.1368600	0.4787900	1.4578833	-0.2962500	0.4827700	1.1887233	-0.3658800	0.5583600	0.9307933	-0.3474800	0.5388500	0.8695933	-0.0999900	0.5383100	0.8751633	0.0252100	0.5086200	0.4624433	0.0053200	0.4419400	0.0647733	-0.0095300	0.5506800	0.8665833	-0.2256000	0.4671600	0.4538333	-0.1883100	0.4067200	0.0556233	-0.1613500	0.5792900	0.0184033	-0.1733300	0.5720800	0.0200833	-0.1767400	0.3754100	0.0184233	-0.1516400	0.6099300	0.0229533	0.0078000	0.6025700	0.0236733	0.0108300	0.4096200	0.0260133	-0.0211600	0.6028653	0.9484974	0.0926380	0.6221271	0.9405971	-0.2855869	0.3794727	0.9734936	-0.0342856	0.3875358	0.9703497	-0.1826001	0.4994991	0.4496886	0.0822607	0.5125458	0.4593022	-0.0569192	0.4366669	0.0660525	0.0344629	0.4670889	0.0749124	-0.0561526	0.5918969	0.0339377	-0.0044825	0.5384324	0.0193805	0.0510352	0.3707840	0.0462650	-0.0256704	0.4681303	0.4416911	-0.2593040	0.4742723	0.4553167	-0.1160510	0.4017249	0.0572189	-0.2092126	0.4298804	0.0676453	-0.1162441	0.5588790	0.0278894	-0.1649705	0.3297802	0.0358774	-0.1514286	0.5121066	0.0131212	-0.2223485	0.4618759	1.4995703	0.0669279	0.4689818	1.5035500	-0.2995350	0.3584485	1.5016480	-0.1142496	0.5898970	0.6968605	0.1097091	0.5488179	0.5980519	0.1249524	0.4610430	0.7022110	0.1365725	0.5908920	0.6782667	-0.3022677	0.5393331	0.5834659	-0.3129337	0.4618493	0.6948930	-0.3347172	0.4790381	0.3360385	0.0743629	0.4931632	0.2163181	0.0756219	0.4222305	0.2341849	0.0731043	0.4481880	0.3275535	-0.2496898	0.4639301	0.2049483	-0.2526582	0.3868706	0.2271065	-0.2491799	0.4915239	0.8433945	0.0120649	0.5030370	0.8387799	-0.2164408	0.4308009	1.1472024	0.1794279	0.4123090	1.1350712	0.0953976	0.5619193	0.9179639	0.1231052	0.5056201	0.8856290	0.1426321	0.4914470	1.1517293	-0.4058843	0.4452861	1.1390542	-0.3368240	0.6007883	0.9102666	-0.3247291	0.5465118	0.8856880	-0.3602171
443	7.3666667	0.4579800	1.4566933	-0.1150400	0.4649100	1.4506633	0.0658400	0.4398800	1.1791133	0.1385800	0.5229200	0.9214233	0.1370100	0.4787400	1.4578133	-0.2960800	0.4829500	1.1882633	-0.3657100	0.5578900	0.9305233	-0.3476300	0.5393100	0.8688633	-0.0998800	0.5388400	0.8745033	0.0253100	0.5085100	0.4623133	0.0052500	0.4417500	0.0650033	-0.0095600	0.5510600	0.8658633	-0.2254900	0.4663000	0.4527733	-0.1885400	0.4068600	0.0560233	-0.1614600	0.5792300	0.0187233	-0.1731000	0.5719600	0.0203933	-0.1765700	0.3757300	0.0188233	-0.1518200	0.6096200	0.0233133	0.0078000	0.6022000	0.0240433	0.0108200	0.4096200	0.0268433	-0.0214100	0.6034933	0.9477589	0.0927050	0.6225108	0.9398387	-0.2855503	0.3799370	0.9728510	-0.0341058	0.3879026	0.9697029	-0.1824339	0.4998070	0.4491760	0.0824621	0.5127904	0.4588141	-0.0567666	0.4370054	0.0658045	0.0345628	0.4673916	0.0746837	-0.0560597	0.5921224	0.0338214	-0.0043109	0.5386572	0.0192443	0.0511692	0.3711481	0.0460175	-0.0255891	0.4683458	0.4411046	-0.2592259	0.4745316	0.4547637	-0.1159172	0.4021869	0.0567564	-0.2090670	0.4303586	0.0672169	-0.1160997	0.5595112	0.0278574	-0.1646889	0.3301957	0.0352310	-0.1513204	0.5127227	0.0128796	-0.2221098	0.4622958	1.4991005	0.0670159	0.4691016	1.5030714	-0.2994280	0.3586817	1.5011018	-0.1140616	0.5903326	0.6962126	0.1098692	0.5492109	0.5974535	0.1251393	0.4615392	0.7015540	0.1367809	0.5911825	0.6775869	-0.3021869	0.5395846	0.5828122	-0.3128684	0.4621332	0.6941875	-0.3346495	0.4793403	0.3355989	0.0745278	0.4934752	0.2159432	0.0757482	0.4225649	0.2338333	0.0732595	0.4484739	0.3270140	-0.2495772	0.4642963	0.2044608	-0.2525378	0.3872127	0.2265617	-0.2490469	0.4920341	0.8426844	0.0122155	0.5034014	0.8380571	-0.2163097	0.4312012	1.1466387	0.1795921	0.4126440	1.1344930	0.0955711	0.5622771	0.9174245	0.1231232	0.5060731	0.8850734	0.1427194	0.4916374	1.1512278	-0.4057507	0.4455205	1.1385202	-0.3366984	0.6011616	0.9098062	-0.3245932	0.5468648	0.8851852	-0.3600620
444	7.3833333	0.4581600	1.4565233	-0.1149700	0.4648300	1.4505133	0.0659300	0.4399100	1.1790133	0.1385900	0.5228000	0.9211033	0.1371800	0.4791600	1.4576133	-0.2959800	0.4832500	1.1881333	-0.3655800	0.5574200	0.9303333	-0.3477400	0.5396300	0.8684433	-0.0998000	0.5391400	0.8739433	0.0253600	0.5082200	0.4621233	0.0049600	0.4409800	0.0649433	-0.0097200	0.5514100	0.8656133	-0.2253700	0.4657000	0.4519733	-0.1889200	0.4066500	0.0561933	-0.1616500	0.5787000	0.0187233	-0.1731600	0.5714800	0.0204233	-0.1766300	0.3752100	0.0188633	-0.1521600	0.6098800	0.0237233	0.0079500	0.6024100	0.0244233	0.0109600	0.4089900	0.0264533	-0.0212700	0.6039745	0.9473338	0.0927682	0.6227733	0.9393817	-0.2855292	0.3802632	0.9725323	-0.0339719	0.3881421	0.9693738	-0.1823180	0.4999128	0.4489841	0.0825970	0.5128586	0.4586300	-0.0566801	0.4370228	0.0658857	0.0346087	0.4673885	0.0747710	-0.0560163	0.5920961	0.0340370	-0.0041817	0.5385949	0.0194274	0.0512525	0.3711610	0.0460805	-0.0255691	0.4683412	0.4408360	-0.2592214	0.4745610	0.4545096	-0.1158749	0.4023250	0.0566600	-0.2090146	0.4305081	0.0671373	-0.1160643	0.5598078	0.0281182	-0.1645283	0.3302807	0.0349679	-0.1513188	0.5130091	0.0129455	-0.2219742	0.4625494	1.4989892	0.0670910	0.4690942	1.5029559	-0.2993807	0.3587598	1.5009083	-0.1139267	0.5905826	0.6958766	0.1099899	0.5494066	0.5971730	0.1252758	0.4618510	0.7012305	0.1369403	0.5912946	0.6772082	-0.3021618	0.5396442	0.5824696	-0.3128619	0.4622634	0.6938109	-0.3346214	0.4794107	0.3354834	0.0746327	0.4935162	0.2158962	0.0758218	0.4226286	0.2338115	0.0733475	0.4485111	0.3267994	-0.2495440	0.4643817	0.2043047	-0.2525027	0.3872783	0.2263736	-0.2489926	0.4923945	0.8422904	0.0123295	0.5036309	0.8376428	-0.2162224	0.4314193	1.1463881	0.1796915	0.4128158	1.1342257	0.0957109	0.5624225	0.9171921	0.1231244	0.5063149	0.8848299	0.1427942	0.4916421	1.1510403	-0.4056522	0.4455746	1.1383109	-0.3366103	0.6013017	0.9096245	-0.3245424	0.5469718	0.8849841	-0.3599833
445	7.4000000	0.4586000	1.4562733	-0.1149100	0.4650200	1.4503033	0.0660700	0.4401500	1.1792033	0.1384900	0.5225600	0.9209933	0.1372500	0.4798600	1.4573233	-0.2959700	0.4835100	1.1887033	-0.3655000	0.5572400	0.9303933	-0.3478100	0.5395700	0.8688933	-0.0998300	0.5390600	0.8741733	0.0252800	0.5079600	0.4619733	0.0046500	0.4401000	0.0646333	-0.0100100	0.5513500	0.8662333	-0.2253500	0.4661100	0.4520233	-0.1893200	0.4060600	0.0557833	-0.1619300	0.5783100	0.0184133	-0.1734000	0.5711900	0.0201633	-0.1768400	0.3738600	0.0179333	-0.1526600	0.6100600	0.0241033	0.0084100	0.6025500	0.0247633	0.0114100	0.4077100	0.0259733	-0.0213600	0.6040679	0.9477872	0.0927418	0.6227037	0.9397556	-0.2855682	0.3802086	0.9730841	-0.0340086	0.3880257	0.9698929	-0.1823593	0.4996022	0.4496359	0.0825696	0.5125422	0.4592727	-0.0567708	0.4365096	0.0666832	0.0345532	0.4668878	0.0755609	-0.0560838	0.5916718	0.0349945	-0.0041121	0.5380803	0.0203440	0.0512710	0.3706000	0.0467943	-0.0256832	0.4679717	0.4414087	-0.2593716	0.4741915	0.4550724	-0.1159908	0.4019397	0.0573448	-0.2091964	0.4301069	0.0678198	-0.1162586	0.5595621	0.0290140	-0.1646078	0.3298123	0.0355196	-0.1515731	0.5127681	0.0136930	-0.2220773	0.4624637	1.4997063	0.0670928	0.4688393	1.5037260	-0.2994527	0.3585232	1.5016186	-0.1139319	0.5904332	0.6964079	0.1099715	0.5491905	0.5977528	0.1252665	0.4617241	0.7017958	0.1369654	0.5910585	0.6776838	-0.3022699	0.5393555	0.5829812	-0.3129966	0.4620467	0.6943079	-0.3347208	0.4790290	0.3361784	0.0746074	0.4930732	0.2166266	0.0757930	0.4221932	0.2345619	0.0732991	0.4481466	0.3274024	-0.2496882	0.4640222	0.2049452	-0.2526677	0.3868915	0.2270026	-0.2491425	0.4923497	0.8427881	0.0123052	0.5034879	0.8380904	-0.2162552	0.4313190	1.1469477	0.1796506	0.4126703	1.1347813	0.0957150	0.5621932	0.9177227	0.1230226	0.5061524	0.8853879	0.1427644	0.4913864	1.1516802	-0.4056722	0.4453513	1.1389508	-0.3366464	0.6010806	0.9102465	-0.3246303	0.5467180	0.8856097	-0.3600647
446	7.4166667	0.4592000	1.4560333	-0.1147700	0.4656000	1.4500033	0.0663100	0.4403600	1.1794133	0.1384400	0.5223000	0.9213233	0.1372800	0.4805300	1.4571233	-0.2959300	0.4837700	1.1896933	-0.3654500	0.5573400	0.9304833	-0.3477700	0.5392400	0.8697933	-0.0999900	0.5386400	0.8748733	0.0250900	0.5079300	0.4619333	0.0044700	0.4395100	0.0645033	-0.0103800	0.5510900	0.8673433	-0.2254800	0.4671700	0.4524933	-0.1896800	0.4056700	0.0549933	-0.1621700	0.5781000	0.0180133	-0.1734800	0.5710700	0.0197833	-0.1769100	0.3727300	0.0166533	-0.1530700	0.6098700	0.0242433	0.0090500	0.6023400	0.0248933	0.0120200	0.4069900	0.0253633	-0.0216000	0.6038635	0.9486962	0.0925965	0.6224142	0.9405417	-0.2856781	0.3798843	0.9740665	-0.0342394	0.3876720	0.9708237	-0.1825743	0.4990339	0.4506659	0.0823879	0.5120062	0.4602868	-0.0570243	0.4357310	0.0676844	0.0344054	0.4661650	0.0765473	-0.0562487	0.5910558	0.0361856	-0.0040568	0.5373340	0.0214977	0.0512643	0.3697702	0.0476472	-0.0259361	0.4674771	0.4423805	-0.2596728	0.4736586	0.4560167	-0.1162426	0.4012860	0.0582729	-0.2095698	0.4294046	0.0687355	-0.1166183	0.5590067	0.0300364	-0.1648594	0.3290417	0.0363389	-0.1520244	0.5122341	0.0146103	-0.2223674	0.4622414	1.5007366	0.0670196	0.4685469	1.5048708	-0.2996112	0.3581928	1.5027544	-0.1140630	0.5900182	0.6973727	0.1098070	0.5487054	0.5987466	0.1251083	0.4612742	0.7028044	0.1368344	0.5906686	0.6786021	-0.3025074	0.5389303	0.5839223	-0.3132725	0.4616424	0.6952421	-0.3349727	0.4783775	0.3372062	0.0744625	0.4923608	0.2176419	0.0756797	0.4214708	0.2355892	0.0731195	0.4476266	0.3283563	-0.2499937	0.4634727	0.2058952	-0.2529999	0.3862990	0.2279457	-0.2494838	0.4920072	0.8437551	0.0121172	0.5030938	0.8389804	-0.2164223	0.4310627	1.1478743	0.1794880	0.4123619	1.1357199	0.0955777	0.5617598	0.9185608	0.1228163	0.5057412	0.8862990	0.1426214	0.4910874	1.1527070	-0.4058125	0.4450559	1.1399977	-0.3368189	0.6007074	0.9112550	-0.3248189	0.5463265	0.8866369	-0.3602897
447	7.4333333	0.4596200	1.4559233	-0.1146000	0.4659200	1.4498133	0.0664900	0.4404600	1.1795533	0.1384500	0.5222100	0.9216433	0.1373500	0.4810400	1.4570833	-0.2957500	0.4840200	1.1904633	-0.3653600	0.5576600	0.9304833	-0.3476200	0.5388600	0.8704533	-0.1001800	0.5381200	0.8754033	0.0249000	0.5081900	0.4619433	0.0044600	0.4394100	0.0645233	-0.0105200	0.5508700	0.8681033	-0.2256300	0.4679700	0.4528133	-0.1899400	0.4055200	0.0545433	-0.1621600	0.5779500	0.0177633	-0.1734200	0.5709400	0.0195433	-0.1768500	0.3724000	0.0161433	-0.1529900	0.6094200	0.0242833	0.0094100	0.6018900	0.0249033	0.0123600	0.4065000	0.0252933	-0.0218000	0.6035639	0.9493589	0.0924197	0.6221001	0.9410871	-0.2857769	0.3795109	0.9747846	-0.0345276	0.3872968	0.9714932	-0.1828304	0.4984956	0.4513819	0.0821911	0.5115309	0.4609863	-0.0572848	0.4350155	0.0682619	0.0342748	0.4655324	0.0771089	-0.0563932	0.5905044	0.0369310	-0.0039410	0.5366448	0.0222224	0.0513171	0.3690209	0.0480679	-0.0261955	0.4671140	0.4430536	-0.2599850	0.4732439	0.4566663	-0.1164929	0.4006740	0.0587926	-0.2099163	0.4287361	0.0692463	-0.1169265	0.5584605	0.0305905	-0.1650708	0.3283022	0.0367806	-0.1524321	0.5117057	0.0150759	-0.2226319	0.4621077	1.5013776	0.0669674	0.4684368	1.5056606	-0.2997240	0.3580116	1.5035812	-0.1141925	0.5895856	0.6980875	0.1096198	0.5482159	0.5994661	0.1249281	0.4607597	0.7035416	0.1366538	0.5903522	0.6792813	-0.3027553	0.5386015	0.5846011	-0.3135607	0.4612692	0.6959097	-0.3352567	0.4777616	0.3378848	0.0743185	0.4916962	0.2182758	0.0755889	0.4207834	0.2362400	0.0729356	0.4472166	0.3289794	-0.2502998	0.4630114	0.2064828	-0.2533134	0.3857850	0.2285258	-0.2498316	0.4915986	0.8444804	0.0118759	0.5026764	0.8396320	-0.2166167	0.4308525	1.1484994	0.1793269	0.4121055	1.1363648	0.0954144	0.5613609	0.9190634	0.1226300	0.5053354	0.8869055	0.1424806	0.4909787	1.1534490	-0.4059391	0.4449225	1.1407668	-0.3370019	0.6004489	0.9119960	-0.3249534	0.5460760	0.8874007	-0.3604986
448	7.4500000	0.4594700	1.4560333	-0.1145700	0.4652300	1.4499933	0.0663400	0.4405900	1.1797933	0.1384700	0.5224200	0.9215533	0.1375100	0.4813500	1.4571433	-0.2954700	0.4841300	1.1904033	-0.3651700	0.5579800	0.9303833	-0.3474800	0.5386000	0.8701033	-0.1002500	0.5377000	0.8750233	0.0247900	0.5087500	0.4620033	0.0045600	0.4397000	0.0645833	-0.0102500	0.5507600	0.8677633	-0.2256500	0.4681400	0.4527333	-0.1899200	0.4055900	0.0548033	-0.1619200	0.5779600	0.0178433	-0.1734100	0.5709200	0.0195933	-0.1768300	0.3731800	0.0169133	-0.1524000	0.6094200	0.0241433	0.0091500	0.6018600	0.0247733	0.0121000	0.4064400	0.0251033	-0.0215600	0.6033309	0.9489865	0.0923462	0.6219149	0.9406713	-0.2857465	0.3792645	0.9744802	-0.0346806	0.3870711	0.9711727	-0.1829436	0.4982475	0.4510626	0.0821592	0.5113300	0.4606521	-0.0573818	0.4346509	0.0678228	0.0343074	0.4652273	0.0766568	-0.0563830	0.5902576	0.0366427	-0.0037163	0.5363003	0.0219043	0.0515126	0.3686316	0.0475008	-0.0262765	0.4670362	0.4427097	-0.2601494	0.4731368	0.4563113	-0.1165870	0.4003390	0.0583050	-0.2100049	0.4283720	0.0687567	-0.1169666	0.5581756	0.0301569	-0.1650595	0.3278660	0.0362377	-0.1525418	0.5114166	0.0145460	-0.2226746	0.4621019	1.5009553	0.0670243	0.4685803	1.5053555	-0.2996615	0.3580569	1.5033364	-0.1141986	0.5893555	0.6978001	0.1095796	0.5479654	0.5991699	0.1249022	0.4604231	0.7032327	0.1366033	0.5902389	0.6789932	-0.3028728	0.5385021	0.5842911	-0.3137110	0.4610726	0.6955599	-0.3354074	0.4774627	0.3375230	0.0743297	0.4913733	0.2178692	0.0756530	0.4204304	0.2358698	0.0729248	0.4470847	0.3285842	-0.2504260	0.4628241	0.2060491	-0.2534095	0.3855475	0.2280955	-0.2499762	0.4913020	0.8441668	0.0117496	0.5024096	0.8392908	-0.2166809	0.4307935	1.1481440	0.1793185	0.4120171	1.1360161	0.0953849	0.5611501	0.9185859	0.1226245	0.5051152	0.8865340	0.1425021	0.4911344	1.1531950	-0.4058972	0.4450343	1.1405330	-0.3370350	0.6004532	0.9117568	-0.3248711	0.5461147	0.8871762	-0.3605045
449	7.4666667	0.4587700	1.4562433	-0.1147300	0.4638000	1.4504533	0.0659200	0.4408000	1.1801433	0.1385000	0.5227900	0.9211833	0.1377300	0.4812600	1.4571533	-0.2952400	0.4840000	1.1894833	-0.3648900	0.5581100	0.9301133	-0.3473900	0.5384500	0.8691133	-0.1001800	0.5373600	0.8739333	0.0248300	0.5094100	0.4622233	0.0046500	0.4401500	0.0647433	-0.0098100	0.5508200	0.8667833	-0.2255200	0.4677400	0.4526233	-0.1896700	0.4061800	0.0553433	-0.1617500	0.5780700	0.0181133	-0.1733700	0.5709900	0.0198333	-0.1767900	0.3751000	0.0182933	-0.1518700	0.6099500	0.0241433	0.0083800	0.6023800	0.0247733	0.0113700	0.4066900	0.0253433	-0.0212900	0.6031604	0.9479313	0.0923908	0.6218498	0.9396909	-0.2855925	0.3791318	0.9735424	-0.0346631	0.3869791	0.9702680	-0.1828868	0.4983136	0.4501544	0.0822887	0.5114047	0.4597369	-0.0573197	0.4346710	0.0669102	0.0344537	0.4652592	0.0757402	-0.0562665	0.5903395	0.0358514	-0.0034963	0.5363462	0.0210624	0.0517513	0.3686240	0.0465198	-0.0261942	0.4671648	0.4417793	-0.2601662	0.4732680	0.4553866	-0.1165386	0.4003566	0.0573236	-0.2098519	0.4283969	0.0677840	-0.1167756	0.5582259	0.0292835	-0.1648429	0.3278402	0.0352153	-0.1523780	0.5114501	0.0135604	-0.2225040	0.4620603	1.4999430	0.0671425	0.4688224	1.5043831	-0.2994588	0.3581716	1.5024221	-0.1141126	0.5893209	0.6969019	0.1097028	0.5479643	0.5982689	0.1250399	0.4602891	0.7022580	0.1367044	0.5902606	0.6781351	-0.3028588	0.5385603	0.5834018	-0.3137193	0.4610160	0.6945902	-0.3353978	0.4775153	0.3365948	0.0744677	0.4914274	0.2169267	0.0758207	0.4204539	0.2349746	0.0730621	0.4471934	0.3276296	-0.2503784	0.4629168	0.2050803	-0.2533055	0.3855976	0.2271286	-0.2499131	0.4911071	0.8431701	0.0117720	0.5022801	0.8383394	-0.2165933	0.4308219	1.1472364	0.1794570	0.4120369	1.1350882	0.0955058	0.5610990	0.9175827	0.1228041	0.5050740	0.8856120	0.1427022	0.4914019	1.1523372	-0.4056783	0.4452534	1.1396836	-0.3368928	0.6006246	0.9109055	-0.3245884	0.5463272	0.8863274	-0.3602968
450	7.4833333	0.4579900	1.4563533	-0.1148700	0.4626900	1.4506733	0.0656700	0.4409800	1.1803933	0.1385400	0.5231000	0.9208933	0.1379300	0.4807600	1.4571633	-0.2952100	0.4835700	1.1885333	-0.3647000	0.5581600	0.9297733	-0.3473000	0.5384100	0.8681833	-0.1000600	0.5370400	0.8730333	0.0250100	0.5098200	0.4625433	0.0045900	0.4405200	0.0651533	-0.0096500	0.5510600	0.8659133	-0.2254200	0.4673400	0.4526633	-0.1894800	0.4071500	0.0558733	-0.1619900	0.5779900	0.0181733	-0.1732400	0.5708800	0.0198833	-0.1767000	0.3771900	0.0195533	-0.1519800	0.6104600	0.0241733	0.0076900	0.6029100	0.0248233	0.0106900	0.4075400	0.0260833	-0.0214700	0.6030691	0.9469079	0.0924891	0.6219170	0.9388301	-0.2854202	0.3790938	0.9726796	-0.0345796	0.3870003	0.9694723	-0.1827790	0.4986151	0.4493916	0.0824485	0.5117026	0.4589791	-0.0572203	0.4350020	0.0662832	0.0345428	0.4655788	0.0751202	-0.0562012	0.5906662	0.0352776	-0.0034251	0.5366822	0.0204296	0.0518641	0.3689417	0.0459070	-0.0261203	0.4674307	0.4409931	-0.2601566	0.4735619	0.4546108	-0.1164771	0.4007215	0.0565816	-0.2096734	0.4287980	0.0670547	-0.1165798	0.5585677	0.0286465	-0.1645989	0.3282329	0.0344585	-0.1521837	0.5117878	0.0128212	-0.2222967	0.4619150	1.4990946	0.0672269	0.4690332	1.5035127	-0.2992477	0.3582413	1.5015785	-0.1140405	0.5894139	0.6960988	0.1098923	0.5481371	0.5974785	0.1252282	0.4603146	0.7013350	0.1368490	0.5903794	0.6773914	-0.3028291	0.5387297	0.5826383	-0.3137031	0.4610762	0.6937188	-0.3353341	0.4778363	0.3358495	0.0745894	0.4917679	0.2162089	0.0759378	0.4207716	0.2342959	0.0731808	0.4474929	0.3268544	-0.2503067	0.4632599	0.2043225	-0.2531869	0.3859046	0.2263567	-0.2498092	0.4910080	0.8422003	0.0118616	0.5022780	0.8374690	-0.2164596	0.4309103	1.1464803	0.1796379	0.4121225	1.1342900	0.0956851	0.5611819	0.9167571	0.1230499	0.5051869	0.8848304	0.1429738	0.4916490	1.1515640	-0.4054197	0.4454611	1.1389124	-0.3366854	0.6008716	0.9101247	-0.3242593	0.5465964	0.8855352	-0.3600204
451	7.5000000	0.4576000	1.4562533	-0.1148500	0.4623900	1.4504733	0.0658000	0.4410200	1.1803333	0.1385100	0.5232800	0.9206433	0.1380600	0.4803300	1.4571833	-0.2953200	0.4830800	1.1883033	-0.3647100	0.5583300	0.9296733	-0.3472400	0.5383700	0.8678233	-0.0999900	0.5368300	0.8726333	0.0252500	0.5098100	0.4627833	0.0044200	0.4407000	0.0653933	-0.0098200	0.5512200	0.8656133	-0.2254900	0.4674300	0.4530033	-0.1894500	0.4080000	0.0562133	-0.1624400	0.5778700	0.0179633	-0.1731000	0.5707400	0.0196833	-0.1766200	0.3785300	0.0200633	-0.1525200	0.6104100	0.0240133	0.0074500	0.6029100	0.0246933	0.0104300	0.4083900	0.0267833	-0.0221100	0.6029701	0.9464541	0.0925657	0.6220106	0.9385573	-0.2853160	0.3790362	0.9723946	-0.0345553	0.3870152	0.9692588	-0.1827483	0.4989122	0.4492629	0.0825002	0.5120305	0.4588643	-0.0572155	0.4353695	0.0663424	0.0344472	0.4659558	0.0751929	-0.0563015	0.5909761	0.0352983	-0.0035472	0.5370064	0.0204054	0.0517668	0.3693314	0.0460532	-0.0262119	0.4677030	0.4408298	-0.2602242	0.4738681	0.4544541	-0.1165030	0.4012425	0.0565108	-0.2096613	0.4293636	0.0669960	-0.1165657	0.5589804	0.0286002	-0.1644877	0.3288399	0.0344201	-0.1521765	0.5122272	0.0127185	-0.2222184	0.4616265	1.4989090	0.0672269	0.4690914	1.5032992	-0.2991195	0.3581622	1.5013489	-0.1140519	0.5894513	0.6958860	0.1100387	0.5482702	0.5972921	0.1253443	0.4603119	0.7009894	0.1369128	0.5904872	0.6772347	-0.3028773	0.5388971	0.5824776	-0.3137628	0.4611400	0.6934418	-0.3353339	0.4781635	0.3357597	0.0745688	0.4921149	0.2161649	0.0758900	0.4211074	0.2342718	0.0731332	0.4478367	0.3267233	-0.2503412	0.4636888	0.2042303	-0.2532107	0.3863041	0.2262322	-0.2498210	0.4908940	0.8417915	0.0119113	0.5022806	0.8371706	-0.2163928	0.4309660	1.1463263	0.1797483	0.4121698	1.1340913	0.0958047	0.5612804	0.9165514	0.1232324	0.5053245	0.8846401	0.1431863	0.4917609	1.1513623	-0.4052690	0.4455442	1.1387123	-0.3365516	0.6010722	0.9099233	-0.3240345	0.5467959	0.8853098	-0.3598401
452	7.5166667	0.4576800	1.4561333	-0.1147000	0.4624300	1.4501333	0.0660800	0.4409400	1.1800833	0.1384400	0.5232900	0.9204533	0.1380700	0.4804700	1.4572533	-0.2952800	0.4829400	1.1886233	-0.3647200	0.5585400	0.9297633	-0.3472200	0.5383700	0.8677633	-0.1000000	0.5367900	0.8725833	0.0253800	0.5094700	0.4626833	0.0042800	0.4405000	0.0650633	-0.0100300	0.5512700	0.8655733	-0.2256400	0.4678800	0.4534433	-0.1893100	0.4083400	0.0563733	-0.1626200	0.5781900	0.0178233	-0.1729900	0.5710200	0.0195233	-0.1765500	0.3787300	0.0201233	-0.1528000	0.6102600	0.0236833	0.0076000	0.6027900	0.0243733	0.0105400	0.4083000	0.0263833	-0.0225500	0.6029227	0.9463126	0.0925985	0.6221651	0.9385721	-0.2852935	0.3790145	0.9724082	-0.0346222	0.3870710	0.9693320	-0.1828230	0.4991447	0.4494406	0.0824244	0.5123301	0.4590492	-0.0573405	0.4356456	0.0666507	0.0342203	0.4662694	0.0755079	-0.0565282	0.5912172	0.0355275	-0.0037735	0.5372357	0.0206026	0.0515464	0.3696376	0.0464537	-0.0264444	0.4680257	0.4409872	-0.2603728	0.4742147	0.4546144	-0.1166009	0.4018209	0.0567623	-0.2098137	0.4299836	0.0672537	-0.1167126	0.5594027	0.0287669	-0.1645150	0.3295260	0.0347501	-0.1523557	0.5126971	0.0128880	-0.2222823	0.4613239	1.4990808	0.0671813	0.4691193	1.5034770	-0.2990606	0.3580440	1.5014727	-0.1141215	0.5894611	0.6959616	0.1101000	0.5483545	0.5974021	0.1253589	0.4602821	0.7009607	0.1368831	0.5906464	0.6773728	-0.3030140	0.5391175	0.5826233	-0.3139108	0.4612496	0.6934710	-0.3354369	0.4784133	0.3359712	0.0744211	0.4923710	0.2164089	0.0757163	0.4213538	0.2345197	0.0729473	0.4482281	0.3269087	-0.2504859	0.4641669	0.2044517	-0.2533770	0.3867560	0.2264328	-0.2499573	0.4908101	0.8416905	0.0118837	0.5023180	0.8371643	-0.2164267	0.4310244	1.1464574	0.1797546	0.4122194	1.1341875	0.0958245	0.5613966	0.9166396	0.1233119	0.5054765	0.8847296	0.1432909	0.4918586	1.1514584	-0.4052501	0.4456118	1.1388123	-0.3365410	0.6012857	0.9100386	-0.3239428	0.5470013	0.8853982	-0.3598030
453	7.5333333	0.4580800	1.4561433	-0.1144600	0.4624600	1.4499833	0.0662300	0.4408100	1.1799833	0.1384000	0.5231700	0.9202633	0.1379800	0.4812100	1.4574233	-0.2948800	0.4831800	1.1888233	-0.3646100	0.5584900	0.9296933	-0.3471800	0.5384100	0.8678533	-0.1000600	0.5368100	0.8726733	0.0253300	0.5090500	0.4621533	0.0042200	0.4399800	0.0643333	-0.0100500	0.5513400	0.8656333	-0.2257100	0.4681200	0.4536533	-0.1889000	0.4081600	0.0564833	-0.1624200	0.5787100	0.0178033	-0.1728100	0.5715400	0.0194633	-0.1763600	0.3783400	0.0200133	-0.1526100	0.6106600	0.0236133	0.0077300	0.6031500	0.0242433	0.0106700	0.4071100	0.0250133	-0.0224600	0.6029327	0.9463139	0.0926054	0.6223761	0.9387143	-0.2853101	0.3790457	0.9725772	-0.0347385	0.3871816	0.9695535	-0.1829517	0.4992792	0.4497139	0.0822810	0.5125352	0.4593149	-0.0575537	0.4357651	0.0669393	0.0340078	0.4664341	0.0757927	-0.0567554	0.5914233	0.0357963	-0.0039775	0.5373941	0.0208207	0.0513555	0.3697400	0.0467617	-0.0266775	0.4683625	0.4412961	-0.2605408	0.4745533	0.4549238	-0.1166973	0.4023406	0.0571319	-0.2099977	0.4305341	0.0676239	-0.1168750	0.5597828	0.0289700	-0.1645713	0.3301342	0.0352161	-0.1525760	0.5131289	0.0131316	-0.2223815	0.4610877	1.4994007	0.0671658	0.4692200	1.5038511	-0.2989929	0.3579788	1.5017778	-0.1141661	0.5894755	0.6961415	0.1100884	0.5484005	0.5976161	0.1253078	0.4602324	0.7010916	0.1368189	0.5908592	0.6776465	-0.3031887	0.5393776	0.5829121	-0.3140937	0.4613967	0.6936569	-0.3356041	0.4785445	0.3362568	0.0742396	0.4924987	0.2167010	0.0755323	0.4214573	0.2347999	0.0727449	0.4486114	0.3272266	-0.2506593	0.4646208	0.2047818	-0.2535796	0.3871750	0.2267763	-0.2501240	0.4907599	0.8417518	0.0118022	0.5023880	0.8373104	-0.2165228	0.4310758	1.1466930	0.1796845	0.4122760	1.1343980	0.0957775	0.5614954	0.9168340	0.1233201	0.5056013	0.8849236	0.1433169	0.4920171	1.1516942	-0.4052754	0.4457256	1.1390572	-0.3366011	0.6014917	0.9102833	-0.3239240	0.5472055	0.8856298	-0.3598534
454	7.5500000	0.4585600	1.4562833	-0.1141600	0.4625200	1.4500333	0.0662800	0.4406700	1.1801633	0.1384500	0.5229600	0.9202433	0.1379000	0.4820100	1.4576633	-0.2942700	0.4834100	1.1887033	-0.3644700	0.5582100	0.9293033	-0.3471200	0.5385000	0.8678233	-0.1001100	0.5367900	0.8726433	0.0252100	0.5088800	0.4617333	0.0041300	0.4395600	0.0638333	-0.0099700	0.5515300	0.8655533	-0.2256800	0.4681300	0.4536533	-0.1885400	0.4079100	0.0565433	-0.1621300	0.5788800	0.0177333	-0.1725900	0.5717300	0.0193933	-0.1761000	0.3779400	0.0200333	-0.1523200	0.6113100	0.0239833	0.0076700	0.6037100	0.0245233	0.0106300	0.4060100	0.0239833	-0.0222100	0.6029986	0.9461772	0.0926311	0.6226469	0.9387259	-0.2853173	0.3791426	0.9726382	-0.0348307	0.3873603	0.9696706	-0.1830604	0.4993542	0.4497961	0.0821669	0.5126487	0.4593829	-0.0577581	0.4357926	0.0669788	0.0339197	0.4664885	0.0758240	-0.0568767	0.5916531	0.0359252	-0.0040823	0.5375606	0.0208619	0.0512890	0.3696841	0.0467357	-0.0267871	0.4686869	0.4414849	-0.2606720	0.4748697	0.4551131	-0.1167252	0.4027523	0.0573451	-0.2101012	0.4309722	0.0678348	-0.1169309	0.5600874	0.0289914	-0.1645523	0.3306015	0.0355252	-0.1527028	0.5134763	0.0131976	-0.2224144	0.4609661	1.4995698	0.0672458	0.4694524	1.5041146	-0.2988385	0.3580354	1.5019657	-0.1141054	0.5895327	0.6961461	0.1100631	0.5484533	0.5976513	0.1252649	0.4602085	0.7010951	0.1367999	0.5911243	0.6777847	-0.3033435	0.5396630	0.5830719	-0.3142561	0.4615729	0.6937329	-0.3357786	0.4786065	0.3363413	0.0741219	0.4925605	0.2167790	0.0754345	0.4214778	0.2348574	0.0726382	0.4489571	0.3274078	-0.2507876	0.4650168	0.2049512	-0.2537248	0.3875206	0.2269885	-0.2502388	0.4907556	0.8416981	0.0117324	0.5025066	0.8373459	-0.2166136	0.4311166	1.1467843	0.1796194	0.4123362	1.1344696	0.0957457	0.5615618	0.9168778	0.1233280	0.5056790	0.8849698	0.1433399	0.4922393	1.1518037	-0.4052524	0.4458887	1.1391830	-0.3366464	0.6016627	0.9103601	-0.3238993	0.5473813	0.8857150	-0.3599052
455	7.5666667	0.4588200	1.4564033	-0.1139000	0.4627200	1.4500933	0.0663800	0.4405000	1.1801833	0.1385200	0.5227900	0.9201933	0.1379000	0.4822800	1.4578433	-0.2938400	0.4836900	1.1886633	-0.3644100	0.5579700	0.9291533	-0.3471000	0.5384600	0.8678233	-0.1000900	0.5366300	0.8726533	0.0252300	0.5091100	0.4618833	0.0039300	0.4394700	0.0640633	-0.0100300	0.5516000	0.8655433	-0.2256400	0.4683400	0.4537533	-0.1885300	0.4078300	0.0567333	-0.1620200	0.5789900	0.0178533	-0.1724400	0.5718800	0.0195233	-0.1759500	0.3779000	0.0202033	-0.1522500	0.6114900	0.0245633	0.0075800	0.6038700	0.0250833	0.0105400	0.4060100	0.0241433	-0.0223000	0.6029225	0.9460631	0.0927193	0.6227956	0.9387613	-0.2852511	0.3791182	0.9727346	-0.0348602	0.3874250	0.9698246	-0.1831019	0.4992818	0.4498795	0.0821267	0.5125869	0.4594572	-0.0578870	0.4356744	0.0670320	0.0339401	0.4663776	0.0758731	-0.0568897	0.5917564	0.0361500	-0.0040758	0.5376054	0.0209770	0.0513371	0.3694614	0.0466806	-0.0267885	0.4688627	0.4417013	-0.2607171	0.4750320	0.4553337	-0.1166561	0.4029543	0.0575694	-0.2100885	0.4311908	0.0680631	-0.1168575	0.5602038	0.0290612	-0.1644212	0.3308305	0.0358324	-0.1527059	0.5136256	0.0132915	-0.2223412	0.4608022	1.4997354	0.0674244	0.4696314	1.5044032	-0.2985720	0.3580508	1.5021814	-0.1139327	0.5894627	0.6961714	0.1100906	0.5483761	0.5976998	0.1252830	0.4600646	0.7011180	0.1368530	0.5912602	0.6779527	-0.3034095	0.5398118	0.5832595	-0.3143334	0.4616222	0.6938366	-0.3358851	0.4785219	0.3364277	0.0740888	0.4924795	0.2168616	0.0754289	0.4213563	0.2349223	0.0726292	0.4491400	0.3276085	-0.2508179	0.4652325	0.2051357	-0.2537560	0.3876855	0.2272168	-0.2502619	0.4906167	0.8416774	0.0117299	0.5025031	0.8374150	-0.2166304	0.4310095	1.1468855	0.1796325	0.4122558	1.1345613	0.0957866	0.5614672	0.9169263	0.1234026	0.5055823	0.8850265	0.1434268	0.4923606	1.1519466	-0.4051442	0.4459468	1.1393448	-0.3366184	0.6016550	0.9104321	-0.3238229	0.5473854	0.8858128	-0.3599048
456	7.5833333	0.4588500	1.4563333	-0.1137000	0.4632300	1.4499433	0.0666300	0.4400400	1.1796533	0.1385500	0.5226300	0.9200533	0.1380000	0.4818800	1.4578433	-0.2937700	0.4844800	1.1891533	-0.3644100	0.5579500	0.9295433	-0.3471300	0.5382500	0.8678833	-0.0999500	0.5364500	0.8726533	0.0255400	0.5094200	0.4623333	0.0037400	0.4393900	0.0647033	-0.0102700	0.5514000	0.8656733	-0.2256800	0.4688000	0.4538833	-0.1886200	0.4078300	0.0567733	-0.1620000	0.5795200	0.0183333	-0.1724400	0.5724000	0.0199933	-0.1759500	0.3779400	0.0201333	-0.1523800	0.6113200	0.0253933	0.0076200	0.6037400	0.0259333	0.0105500	0.4064200	0.0251433	-0.0227100	0.6026746	0.9460194	0.0929171	0.6227691	0.9388462	-0.2850678	0.3789159	0.9728854	-0.0347802	0.3873099	0.9700264	-0.1830305	0.4991033	0.4500381	0.0821895	0.5123947	0.4596220	-0.0578978	0.4354413	0.0672104	0.0340086	0.4661316	0.0760585	-0.0568466	0.5917111	0.0365479	-0.0039875	0.5375098	0.0212673	0.0514504	0.3691292	0.0467425	-0.0267532	0.4689056	0.4419661	-0.2606204	0.4750498	0.4556129	-0.1164544	0.4030096	0.0578383	-0.2099516	0.4312419	0.0683514	-0.1166609	0.5602101	0.0292756	-0.1641650	0.3308816	0.0361459	-0.1525949	0.5136572	0.0134974	-0.2221463	0.4605842	1.4999321	0.0677072	0.4696806	1.5047448	-0.2982017	0.3579692	1.5024681	-0.1136463	0.5892424	0.6962873	0.1102247	0.5481710	0.5978303	0.1254035	0.4597954	0.7011934	0.1370078	0.5912404	0.6781856	-0.3033291	0.5398168	0.5835025	-0.3142653	0.4615250	0.6939797	-0.3358573	0.4783301	0.3365915	0.0741408	0.4922855	0.2170295	0.0754880	0.4211350	0.2350924	0.0726948	0.4491905	0.3278542	-0.2507029	0.4653077	0.2053737	-0.2536354	0.3877174	0.2274791	-0.2501619	0.4903098	0.8417224	0.0118481	0.5023299	0.8375376	-0.2165223	0.4307442	1.1470196	0.1797681	0.4120249	1.1347037	0.0959222	0.5612159	0.9170092	0.1235992	0.5053177	0.8851217	0.1436241	0.4924050	1.1521721	-0.4049584	0.4459302	1.1395820	-0.3365063	0.6015164	0.9105748	-0.3236779	0.5472715	0.8859922	-0.3598333
457	7.6000000	0.4589400	1.4560933	-0.1134900	0.4641000	1.4495533	0.0669800	0.4393000	1.1788433	0.1385500	0.5223800	0.9199733	0.1381300	0.4812700	1.4577033	-0.2938300	0.4855700	1.1900333	-0.3644400	0.5580300	0.9299933	-0.3470500	0.5381300	0.8679733	-0.0997700	0.5364200	0.8728433	0.0260300	0.5095400	0.4625933	0.0037700	0.4389200	0.0652133	-0.0103900	0.5512000	0.8658033	-0.2258200	0.4690700	0.4535533	-0.1883900	0.4077300	0.0564033	-0.1619600	0.5801100	0.0187633	-0.1724000	0.5729600	0.0203833	-0.1759100	0.3777800	0.0193833	-0.1525000	0.6115200	0.0263433	0.0077000	0.6039500	0.0268833	0.0106200	0.4063200	0.0258933	-0.0227600	0.6025497	0.9460313	0.0931570	0.6227992	0.9389323	-0.2848779	0.3787766	0.9730602	-0.0346355	0.3872314	0.9702319	-0.1829066	0.4990896	0.4502478	0.0822888	0.5123310	0.4598501	-0.0578612	0.4352970	0.0674896	0.0340592	0.4659460	0.0763529	-0.0568266	0.5917699	0.0370626	-0.0039074	0.5375138	0.0216860	0.0515515	0.3688580	0.0469026	-0.0267427	0.4690354	0.4422309	-0.2604440	0.4751364	0.4558982	-0.1161928	0.4031527	0.0580955	-0.2097847	0.4313559	0.0686373	-0.1164427	0.5603674	0.0295837	-0.1638815	0.3309803	0.0363862	-0.1524739	0.5138357	0.0137647	-0.2219186	0.4605990	1.5001095	0.0680348	0.4697963	1.5050808	-0.2978448	0.3580115	1.5027805	-0.1133069	0.5891592	0.6964657	0.1103842	0.5481205	0.5980165	0.1255531	0.4596844	0.7013040	0.1372100	0.5913074	0.6784254	-0.3031863	0.5399117	0.5837467	-0.3141255	0.4615160	0.6941253	-0.3357638	0.4782865	0.3368083	0.0742147	0.4922168	0.2172566	0.0755387	0.4210475	0.2353465	0.0727805	0.4493338	0.3280975	-0.2505172	0.4654765	0.2056136	-0.2534504	0.3878419	0.2277244	-0.2500132	0.4901108	0.8418139	0.0120253	0.5022249	0.8376738	-0.2163764	0.4305455	1.1471495	0.1799334	0.4118744	1.1348617	0.0960600	0.5610316	0.9170994	0.1238417	0.5051172	0.8852220	0.1438474	0.4926364	1.1524545	-0.4047832	0.4461009	1.1398653	-0.3364051	0.6015101	0.9107806	-0.3235382	0.5473045	0.8862426	-0.3597619
458	7.6166667	0.4591700	1.4558033	-0.1132700	0.4649000	1.4491433	0.0672900	0.4387800	1.1783633	0.1385500	0.5221500	0.9200933	0.1382100	0.4809800	1.4575233	-0.2937900	0.4862200	1.1908633	-0.3644100	0.5580800	0.9300833	-0.3468300	0.5382300	0.8680633	-0.0996600	0.5366200	0.8729933	0.0263900	0.5096000	0.4625533	0.0040500	0.4385500	0.0657233	-0.0102900	0.5512500	0.8658233	-0.2259800	0.4688800	0.4529333	-0.1879900	0.4077700	0.0558933	-0.1619000	0.5803900	0.0190333	-0.1722200	0.5732200	0.0206233	-0.1757100	0.3776100	0.0186033	-0.1525100	0.6120200	0.0270033	0.0077200	0.6044400	0.0275433	0.0106600	0.4063400	0.0263733	-0.0222400	0.6026801	0.9460781	0.0933346	0.6230022	0.9389926	-0.2848118	0.3788273	0.9732217	-0.0345139	0.3873105	0.9704013	-0.1828291	0.4993439	0.4504533	0.0823693	0.5124917	0.4600795	-0.0578416	0.4353520	0.0678181	0.0340909	0.4659283	0.0767017	-0.0568361	0.5920522	0.0376101	-0.0038749	0.5377435	0.0221543	0.0516167	0.3687419	0.0471220	-0.0267370	0.4693107	0.4424369	-0.2603086	0.4753558	0.4561282	-0.1159745	0.4034577	0.0582897	-0.2096852	0.4316143	0.0688605	-0.1162884	0.5607312	0.0299224	-0.1636640	0.3312087	0.0365040	-0.1524210	0.5142187	0.0140361	-0.2217541	0.4609505	1.5002173	0.0683212	0.4700808	1.5053454	-0.2975977	0.3582886	1.5030433	-0.1129941	0.5893471	0.6966499	0.1104770	0.5483468	0.5982042	0.1256554	0.4598598	0.7014184	0.1373871	0.5915736	0.6786086	-0.3030981	0.5401851	0.5839318	-0.3140356	0.4616917	0.6942381	-0.3357340	0.4784954	0.3370289	0.0742719	0.4923833	0.2174997	0.0755551	0.4211982	0.2356291	0.0728671	0.4496306	0.3282879	-0.2503815	0.4658091	0.2058024	-0.2533186	0.3881221	0.2279044	-0.2499244	0.4901568	0.8419206	0.0121639	0.5023154	0.8377883	-0.2163066	0.4305199	1.1472542	0.1800268	0.4119012	1.1350100	0.0961151	0.5610075	0.9171817	0.1240146	0.5050810	0.8853081	0.1439867	0.4931041	1.1527485	-0.4046843	0.4465127	1.1401548	-0.3363927	0.6016992	0.9110083	-0.3234710	0.5475396	0.8865180	-0.3597465
459	7.6333333	0.4592900	1.4557033	-0.1131100	0.4651300	1.4490533	0.0674400	0.4390300	1.1783533	0.1385700	0.5221300	0.9201833	0.1382500	0.4810000	1.4574133	-0.2936500	0.4862300	1.1911833	-0.3643400	0.5580600	0.9300033	-0.3466900	0.5383600	0.8680633	-0.0996500	0.5368300	0.8730333	0.0264500	0.5097500	0.4625833	0.0043100	0.4389600	0.0665233	-0.0103500	0.5513100	0.8657933	-0.2260300	0.4685600	0.4526233	-0.1879900	0.4079000	0.0557233	-0.1618700	0.5807200	0.0195833	-0.1723100	0.5735700	0.0211733	-0.1757800	0.3777300	0.0184033	-0.1525200	0.6122700	0.0269933	0.0077500	0.6047600	0.0275933	0.0107000	0.4072500	0.0277233	-0.0221000	0.6028337	0.9460650	0.0934110	0.6232061	0.9389596	-0.2848743	0.3788867	0.9732709	-0.0344792	0.3873887	0.9704457	-0.1828500	0.4996770	0.4505668	0.0824304	0.5127231	0.4602258	-0.0578338	0.4355133	0.0681256	0.0340800	0.4660100	0.0770404	-0.0568830	0.5923849	0.0380613	-0.0038876	0.5380400	0.0225656	0.0516299	0.3687430	0.0473845	-0.0267612	0.4695259	0.4424952	-0.2602703	0.4755223	0.4562134	-0.1158583	0.4037560	0.0583636	-0.2096886	0.4318650	0.0689631	-0.1162391	0.5611167	0.0302447	-0.1635713	0.3314208	0.0364540	-0.1524483	0.5146083	0.0142668	-0.2217094	0.4613523	1.5001926	0.0684945	0.4703445	1.5054592	-0.2974766	0.3585856	1.5031541	-0.1127896	0.5895822	0.6967542	0.1105055	0.5486338	0.5983069	0.1257086	0.4600994	0.7014332	0.1374947	0.5918364	0.6786482	-0.3030954	0.5404311	0.5839707	-0.3140356	0.4618624	0.6942319	-0.3358048	0.4787924	0.3371712	0.0743017	0.4926418	0.2176873	0.0755308	0.4214489	0.2358568	0.0729261	0.4498803	0.3283498	-0.2503469	0.4661092	0.2058771	-0.2532861	0.3883747	0.2279461	-0.2499374	0.4902461	0.8419400	0.0122181	0.5024361	0.8377950	-0.2163374	0.4305498	1.1472559	0.1800386	0.4119622	1.1350617	0.0960945	0.5610083	0.9171684	0.1240757	0.5050721	0.8853015	0.1440204	0.4935440	1.1529466	-0.4046509	0.4469152	1.1403493	-0.3364514	0.6018625	0.9111453	-0.3234767	0.5477432	0.8866975	-0.3597759
460	7.6500000	0.4591100	1.4558733	-0.1130200	0.4647300	1.4493233	0.0674600	0.4400700	1.1785333	0.1387100	0.5224100	0.9201133	0.1382900	0.4810100	1.4575133	-0.2934700	0.4860900	1.1909033	-0.3642400	0.5579600	0.9300333	-0.3467600	0.5383100	0.8683133	-0.0996200	0.5368800	0.8732233	0.0263400	0.5100900	0.4628833	0.0043400	0.4396200	0.0671133	-0.0108900	0.5511500	0.8661033	-0.2258800	0.4683500	0.4527933	-0.1885500	0.4079000	0.0559033	-0.1618800	0.5811100	0.0202433	-0.1729700	0.5740000	0.0218633	-0.1764000	0.3777700	0.0187033	-0.1527000	0.6120100	0.0266633	0.0079000	0.6046500	0.0273833	0.0107900	0.4086200	0.0292333	-0.0227200	0.6027762	0.9463199	0.0934940	0.6232184	0.9391838	-0.2848921	0.3787535	0.9735398	-0.0344616	0.3872812	0.9707043	-0.1828730	0.4998816	0.4509353	0.0825305	0.5128713	0.4606353	-0.0577674	0.4356359	0.0687031	0.0340210	0.4660818	0.0776568	-0.0569576	0.5925647	0.0386673	-0.0038868	0.5381945	0.0231885	0.0516171	0.3687803	0.0480005	-0.0268460	0.4694925	0.4427679	-0.2602249	0.4754567	0.4565056	-0.1157833	0.4038450	0.0586747	-0.2097221	0.4319146	0.0692957	-0.1162587	0.5613286	0.0308450	-0.1635795	0.3314302	0.0366205	-0.1524893	0.5147947	0.0147762	-0.2217387	0.4614866	1.5004148	0.0686065	0.4703706	1.5057862	-0.2973761	0.3586420	1.5034798	-0.1126686	0.5896185	0.6971342	0.1105849	0.5487425	0.5986752	0.1258019	0.4601523	0.7016815	0.1375910	0.5918642	0.6789045	-0.3030635	0.5404368	0.5842272	-0.3140060	0.4618360	0.6944671	-0.3358207	0.4789842	0.3375673	0.0743439	0.4928062	0.2181359	0.0755015	0.4216232	0.2363411	0.0729594	0.4498856	0.3286444	-0.2503131	0.4661633	0.2062036	-0.2532642	0.3884098	0.2282096	-0.2499508	0.4901591	0.8422055	0.0122763	0.5023914	0.8380409	-0.2163402	0.4305554	1.1474705	0.1800826	0.4119586	1.1353224	0.0961243	0.5609417	0.9173557	0.1241207	0.5049932	0.8855116	0.1440700	0.4937426	1.1533545	-0.4045524	0.4471096	1.1407551	-0.3364343	0.6018064	0.9114749	-0.3234603	0.5477103	0.8870655	-0.3597504
461	7.6666667	0.4588100	1.4561433	-0.1130100	0.4640800	1.4496933	0.0673800	0.4413100	1.1786133	0.1389600	0.5228600	0.9201333	0.1383400	0.4810000	1.4577033	-0.2933200	0.4861300	1.1905733	-0.3640900	0.5578200	0.9301033	-0.3469600	0.5382300	0.8691033	-0.0995300	0.5368300	0.8738633	0.0262500	0.5106100	0.4632333	0.0042500	0.4396100	0.0668733	-0.0113400	0.5510100	0.8669833	-0.2255900	0.4680000	0.4529333	-0.1892000	0.4081700	0.0561433	-0.1618600	0.5809900	0.0204333	-0.1735800	0.5739200	0.0221033	-0.1769800	0.3778600	0.0190633	-0.1528200	0.6115500	0.0264933	0.0080100	0.6042900	0.0272233	0.0108600	0.4092100	0.0295133	-0.0232300	0.6026688	0.9471309	0.0936160	0.6231672	0.9399520	-0.2848006	0.3785928	0.9743085	-0.0344101	0.3871408	0.9714561	-0.1828331	0.5000471	0.4518145	0.0826290	0.5130472	0.4615514	-0.0576837	0.4357576	0.0696892	0.0339108	0.4662018	0.0786749	-0.0570696	0.5926646	0.0395633	-0.0038810	0.5382636	0.0241544	0.0515801	0.3688879	0.0490767	-0.0270026	0.4693565	0.4435440	-0.2601396	0.4753076	0.4572796	-0.1157408	0.4038306	0.0594700	-0.2097534	0.4318775	0.0700955	-0.1163306	0.5614352	0.0318362	-0.1636705	0.3313645	0.0373046	-0.1525207	0.5148590	0.0157124	-0.2218057	0.4614635	1.5011559	0.0687044	0.4703018	1.5065805	-0.2972427	0.3585851	1.5042960	-0.1125860	0.5896014	0.6980404	0.1107212	0.5487930	0.5995638	0.1259232	0.4601379	0.7024587	0.1376804	0.5917922	0.6796636	-0.3029741	0.5403421	0.5849918	-0.3139112	0.4617546	0.6952472	-0.3357169	0.4791434	0.3384493	0.0743741	0.4929359	0.2190419	0.0754603	0.4217718	0.2372760	0.0729417	0.4497804	0.3294484	-0.2502513	0.4660922	0.2070420	-0.2532302	0.3883492	0.2289698	-0.2499214	0.4900586	0.8430080	0.0123654	0.5023240	0.8388163	-0.2162683	0.4307181	1.1481540	0.1801631	0.4120824	1.1360405	0.0962207	0.5609917	0.9179808	0.1241754	0.5050263	0.8861782	0.1441687	0.4938580	1.1542177	-0.4043572	0.4472599	1.1416203	-0.3363061	0.6016728	0.9122174	-0.3234288	0.5475765	0.8878586	-0.3596830
462	7.6833333	0.4586900	1.4563533	-0.1130500	0.4636600	1.4499533	0.0672500	0.4420100	1.1785633	0.1392300	0.5231900	0.9200533	0.1383600	0.4811500	1.4578933	-0.2932000	0.4862700	1.1906433	-0.3639300	0.5577400	0.9300933	-0.3471000	0.5383100	0.8699333	-0.0994100	0.5368000	0.8745733	0.0262200	0.5110200	0.4632033	0.0041700	0.4388500	0.0661633	-0.0111300	0.5511700	0.8679333	-0.2253200	0.4673800	0.4526433	-0.1894200	0.4088200	0.0564533	-0.1617200	0.5802900	0.0201133	-0.1734100	0.5732300	0.0218233	-0.1768100	0.3783000	0.0194433	-0.1525900	0.6113000	0.0263733	0.0078800	0.6039400	0.0270733	0.0107700	0.4084500	0.0286233	-0.0228600	0.6027181	0.9479953	0.0937473	0.6232174	0.9407705	-0.2846468	0.3786145	0.9750823	-0.0343040	0.3871612	0.9722106	-0.1827173	0.5002767	0.4526570	0.0826911	0.5133232	0.4624101	-0.0576325	0.4358848	0.0704948	0.0338314	0.4663607	0.0794903	-0.0571552	0.5927656	0.0401854	-0.0038746	0.5383281	0.0248668	0.0515612	0.3690138	0.0499839	-0.0271214	0.4692906	0.4443106	-0.2600479	0.4752502	0.4580220	-0.1157296	0.4038683	0.0602301	-0.2097532	0.4319191	0.0708404	-0.1163954	0.5615252	0.0326137	-0.1637699	0.3314016	0.0380303	-0.1525073	0.5149175	0.0164839	-0.2218515	0.4615116	1.5018845	0.0688106	0.4703418	1.5073091	-0.2970693	0.3586403	1.5050650	-0.1124854	0.5897393	0.6989087	0.1108641	0.5489570	0.6004192	0.1260324	0.4602402	0.7032716	0.1377604	0.5918231	0.6804158	-0.3028649	0.5403342	0.5857547	-0.3137933	0.4617856	0.6960716	-0.3355478	0.4793462	0.3392664	0.0743929	0.4930941	0.2198399	0.0754375	0.4219377	0.2381010	0.0729161	0.4497331	0.3302449	-0.2501871	0.4660688	0.2078624	-0.2531963	0.3883455	0.2297185	-0.2498548	0.4901494	0.8438438	0.0124671	0.5024139	0.8396234	-0.2161513	0.4311208	1.1488132	0.1802218	0.4124432	1.1367224	0.0963227	0.5612495	0.9185430	0.1242149	0.5052627	0.8867960	0.1442730	0.4940725	1.1550400	-0.4041182	0.4475366	1.1424510	-0.3361274	0.6016304	0.9128748	-0.3234264	0.5475175	0.8885915	-0.3596316
463	7.7000000	0.4588300	1.4564633	-0.1130800	0.4636200	1.4500833	0.0671400	0.4421200	1.1784433	0.1394100	0.5232800	0.9199333	0.1383300	0.4814200	1.4579833	-0.2931300	0.4862900	1.1909233	-0.3638500	0.5577300	0.9299733	-0.3471100	0.5384900	0.8703633	-0.0993600	0.5368400	0.8748733	0.0262200	0.5110900	0.4627633	0.0042000	0.4380100	0.0653233	-0.0105100	0.5514900	0.8684633	-0.2251900	0.4667600	0.4521133	-0.1892700	0.4092600	0.0566833	-0.1615800	0.5793300	0.0194333	-0.1727500	0.5722700	0.0211633	-0.1761700	0.3785200	0.0196433	-0.1522200	0.6115300	0.0262833	0.0076200	0.6039800	0.0268933	0.0105900	0.4069600	0.0272933	-0.0219400	0.6028812	0.9484574	0.0937968	0.6233191	0.9412014	-0.2845588	0.3787672	0.9754390	-0.0342158	0.3872886	0.9725528	-0.1826135	0.5004828	0.4530015	0.0826725	0.5135624	0.4627385	-0.0576742	0.4359081	0.0706968	0.0338191	0.4664142	0.0796730	-0.0571930	0.5928243	0.0401822	-0.0039012	0.5383533	0.0249188	0.0515597	0.3689928	0.0502487	-0.0271384	0.4692199	0.4446333	-0.2600394	0.4752089	0.4583068	-0.1157952	0.4038623	0.0605256	-0.2097687	0.4319470	0.0711076	-0.1164686	0.5614820	0.0327505	-0.1638735	0.3314449	0.0383679	-0.1524976	0.5148668	0.0166411	-0.2218993	0.4616359	1.5021633	0.0688617	0.4704443	1.5075543	-0.2969454	0.3587867	1.5053471	-0.1124062	0.5899948	0.6992819	0.1109134	0.5491854	0.6007849	0.1260559	0.4604174	0.7036861	0.1377832	0.5919056	0.6807198	-0.3028400	0.5403509	0.5860756	-0.3137587	0.4618543	0.6965011	-0.3354457	0.4795002	0.3395712	0.0743773	0.4931947	0.2200954	0.0754240	0.4220232	0.2383786	0.0728993	0.4496636	0.3305949	-0.2501996	0.4660160	0.2082192	-0.2532305	0.3883042	0.2300265	-0.2498298	0.4903677	0.8442716	0.0124981	0.5025938	0.8400317	-0.2160953	0.4315870	1.1490440	0.1801751	0.4128854	1.1369673	0.0963261	0.5615603	0.9186591	0.1241692	0.5055501	0.8869707	0.1442882	0.4943288	1.1554171	-0.4039448	0.4478648	1.1428431	-0.3360189	0.6016215	0.9130707	-0.3235204	0.5474885	0.8888808	-0.3596728
464	7.7166667	0.4590500	1.4564033	-0.1130700	0.4638100	1.4500133	0.0671700	0.4421600	1.1783233	0.1394600	0.5233700	0.9198433	0.1382500	0.4816800	1.4579533	-0.2931400	0.4858900	1.1909733	-0.3637900	0.5577200	0.9297433	-0.3470700	0.5387400	0.8703433	-0.0994300	0.5370200	0.8749033	0.0261400	0.5110700	0.4622733	0.0043700	0.4376400	0.0644733	-0.0101100	0.5518100	0.8684133	-0.2252600	0.4665200	0.4517133	-0.1891100	0.4092400	0.0566733	-0.1616100	0.5783600	0.0185133	-0.1723100	0.5713200	0.0202833	-0.1757600	0.3781400	0.0194333	-0.1521300	0.6123300	0.0259533	0.0076400	0.6047000	0.0265033	0.0106600	0.4059500	0.0260533	-0.0212800	0.6031333	0.9484610	0.0937262	0.6234708	0.9411911	-0.2846057	0.3790113	0.9753356	-0.0342026	0.3874930	0.9724404	-0.1825916	0.5006732	0.4528074	0.0825847	0.5137536	0.4625040	-0.0578064	0.4359054	0.0703106	0.0338750	0.4664267	0.0792476	-0.0571851	0.5929510	0.0396365	-0.0039348	0.5384480	0.0243687	0.0515953	0.3688889	0.0498605	-0.0270656	0.4691248	0.4444795	-0.2601520	0.4751659	0.4581115	-0.1159532	0.4037536	0.0603198	-0.2098565	0.4318990	0.0708673	-0.1165930	0.5612637	0.0322538	-0.1640207	0.3314154	0.0382601	-0.1525531	0.5146551	0.0161756	-0.2220044	0.4618208	1.5019679	0.0688287	0.4705752	1.5073285	-0.2969248	0.3589909	1.5051277	-0.1123852	0.5903493	0.6991360	0.1108411	0.5494728	0.6006284	0.1259843	0.4606548	0.7036465	0.1377373	0.5920165	0.6805343	-0.3029540	0.5403703	0.5859147	-0.3138608	0.4619325	0.6964843	-0.3354789	0.4796312	0.3393368	0.0743370	0.4932872	0.2198042	0.0754249	0.4220764	0.2380907	0.0729007	0.4495443	0.3304591	-0.2503263	0.4658964	0.2080677	-0.2533749	0.3881827	0.2298601	-0.2499025	0.4906683	0.8442428	0.0124188	0.5028329	0.8399945	-0.2161590	0.4320429	1.1488311	0.1800192	0.4133381	1.1367621	0.0962112	0.5618822	0.9183448	0.1240240	0.5058525	0.8867041	0.1441877	0.4945571	1.1553320	-0.4038737	0.4481701	1.1427764	-0.3360106	0.6016095	0.9128170	-0.3237169	0.5474528	0.8887196	-0.3598087
465	7.7333333	0.4592100	1.4561733	-0.1130300	0.4639800	1.4497333	0.0673600	0.4424500	1.1782433	0.1393700	0.5235600	0.9197733	0.1381100	0.4818700	1.4577633	-0.2932500	0.4851200	1.1906333	-0.3636800	0.5577100	0.9295533	-0.3470700	0.5390600	0.8700633	-0.0996100	0.5374000	0.8747633	0.0259600	0.5112700	0.4622733	0.0044800	0.4379000	0.0638533	-0.0101100	0.5520600	0.8680033	-0.2254500	0.4668800	0.4518633	-0.1892700	0.4093500	0.0565933	-0.1618500	0.5777300	0.0177933	-0.1723200	0.5707400	0.0196133	-0.1757800	0.3778800	0.0190933	-0.1523300	0.6129200	0.0253533	0.0079700	0.6053500	0.0259033	0.0109700	0.4062000	0.0254333	-0.0212700	0.6034585	0.9482005	0.0935464	0.6236941	0.9409339	-0.2847769	0.3793394	0.9749559	-0.0342833	0.3877817	0.9720577	-0.1826700	0.5008919	0.4523239	0.0824447	0.5139646	0.4619762	-0.0579986	0.4360009	0.0696258	0.0339472	0.4665369	0.0785224	-0.0571630	0.5932049	0.0388477	-0.0039429	0.5386738	0.0235427	0.0516616	0.3688746	0.0491400	-0.0269817	0.4690890	0.4440643	-0.2603820	0.4752043	0.4576616	-0.1162036	0.4036333	0.0598376	-0.2100368	0.4318570	0.0703535	-0.1167899	0.5609750	0.0314354	-0.1642370	0.3313920	0.0379062	-0.1526921	0.5143742	0.0153931	-0.2221916	0.4620401	1.5015141	0.0687191	0.4707470	1.5068651	-0.2969917	0.3592410	1.5046300	-0.1124319	0.5907817	0.6987071	0.1106807	0.5498202	0.6001870	0.1258410	0.4609471	0.7033381	0.1376173	0.5921811	0.6800885	-0.3031895	0.5404408	0.5854928	-0.3140876	0.4620598	0.6962031	-0.3356423	0.4798030	0.3388185	0.0742682	0.4934495	0.2192330	0.0754244	0.4221882	0.2375015	0.0728858	0.4494646	0.3300508	-0.2505633	0.4657958	0.2076286	-0.2536248	0.3880760	0.2294312	-0.2500853	0.4910388	0.8439459	0.0122382	0.5031414	0.8396995	-0.2163338	0.4324976	1.1483844	0.1797946	0.4138036	1.1363174	0.0960176	0.5622405	0.9178277	0.1238047	0.5061990	0.8862180	0.1439953	0.4947082	1.1549907	-0.4038799	0.4484090	1.1424538	-0.3360603	0.6015933	0.9123364	-0.3239790	0.5474032	0.8883160	-0.3599960
466	7.7500000	0.4592800	1.4559033	-0.1130000	0.4640100	1.4494433	0.0676300	0.4428700	1.1781733	0.1391500	0.5237200	0.9195733	0.1379400	0.4820600	1.4575133	-0.2934400	0.4843800	1.1901833	-0.3635400	0.5578300	0.9295533	-0.3471000	0.5393700	0.8697633	-0.0997800	0.5378900	0.8745533	0.0257700	0.5115900	0.4628633	0.0043100	0.4381400	0.0636333	-0.0103100	0.5522000	0.8675833	-0.2256100	0.4677700	0.4525533	-0.1897500	0.4097800	0.0567433	-0.1621400	0.5776200	0.0176933	-0.1726800	0.5706700	0.0195533	-0.1761300	0.3781200	0.0191133	-0.1526300	0.6128200	0.0246533	0.0083100	0.6053600	0.0252833	0.0112400	0.4072000	0.0257133	-0.0217900	0.6037601	0.9479154	0.0933751	0.6239211	0.9406741	-0.2849386	0.3796656	0.9745444	-0.0343696	0.3880790	0.9716521	-0.1827541	0.5010866	0.4518679	0.0823296	0.5141722	0.4614849	-0.0581541	0.4361369	0.0689874	0.0340241	0.4667028	0.0778516	-0.0571180	0.5934448	0.0381149	-0.0038785	0.5388912	0.0227857	0.0517727	0.3689428	0.0484879	-0.0269160	0.4691428	0.4436695	-0.2606219	0.4753492	0.4572413	-0.1164642	0.4035619	0.0593861	-0.2102208	0.4318700	0.0698752	-0.1169897	0.5606925	0.0306788	-0.1644569	0.3314296	0.0375902	-0.1528298	0.5140945	0.0146797	-0.2223822	0.4621906	1.5010629	0.0686296	0.4709055	1.5064248	-0.2970372	0.3594503	1.5041274	-0.1124729	0.5911773	0.6982825	0.1105529	0.5501330	0.5997570	0.1257257	0.4612056	0.7030091	0.1375001	0.5923476	0.6796805	-0.3034209	0.5405450	0.5850998	-0.3143157	0.4622105	0.6959024	-0.3358030	0.4799638	0.3383331	0.0742197	0.4936162	0.2187005	0.0754510	0.4223087	0.2369452	0.0728701	0.4494670	0.3296552	-0.2508023	0.4657569	0.2072040	-0.2538713	0.3880412	0.2290259	-0.2502761	0.4913918	0.8436190	0.0120669	0.5034492	0.8393877	-0.2164988	0.4328949	1.1479470	0.1796073	0.4142192	1.1358787	0.0958559	0.5625669	0.9173441	0.1236176	0.5065174	0.8857565	0.1438185	0.4947202	1.1546393	-0.4038632	0.4485173	1.1421186	-0.3360544	0.6015354	0.9118843	-0.3241963	0.5473037	0.8879201	-0.3601295
467	7.7666667	0.4593600	1.4557333	-0.1130100	0.4639900	1.4493033	0.0678200	0.4431800	1.1781133	0.1389000	0.5238000	0.9192433	0.1377800	0.4822900	1.4573033	-0.2936200	0.4841100	1.1899633	-0.3634400	0.5582700	0.9298333	-0.3471800	0.5396200	0.8695433	-0.0999200	0.5384000	0.8744633	0.0255900	0.5116100	0.4634333	0.0040700	0.4377200	0.0636233	-0.0104900	0.5521900	0.8672533	-0.2257600	0.4685300	0.4532333	-0.1902000	0.4098100	0.0570233	-0.1623200	0.5778900	0.0180533	-0.1732000	0.5709700	0.0199133	-0.1766200	0.3781500	0.0191733	-0.1528400	0.6122000	0.0242433	0.0085300	0.6048400	0.0249033	0.0114200	0.4076800	0.0262633	-0.0223300	0.6040011	0.9477021	0.0932371	0.6240983	0.9404977	-0.2850712	0.3799339	0.9742192	-0.0344457	0.3883225	0.9713387	-0.1828294	0.5011895	0.4515782	0.0822340	0.5143167	0.4611641	-0.0582665	0.4361420	0.0685436	0.0340542	0.4667540	0.0773763	-0.0570956	0.5934947	0.0375496	-0.0037912	0.5389137	0.0222336	0.0518690	0.3689222	0.0480677	-0.0269161	0.4692458	0.4434183	-0.2608481	0.4755528	0.4569729	-0.1167304	0.4035020	0.0591011	-0.2103944	0.4318961	0.0695684	-0.1171943	0.5604384	0.0301611	-0.1646807	0.3314750	0.0374227	-0.1529629	0.5138315	0.0142077	-0.2225671	0.4622316	1.5007267	0.0685837	0.4710197	1.5061128	-0.2970540	0.3595654	1.5037493	-0.1125004	0.5914612	0.6979848	0.1104665	0.5503368	0.5994683	0.1256388	0.4613765	0.7027810	0.1373861	0.5924616	0.6794273	-0.3036348	0.5406354	0.5848548	-0.3145242	0.4623401	0.6956905	-0.3359263	0.4800224	0.3380147	0.0741711	0.4936609	0.2183369	0.0754653	0.4223189	0.2365769	0.0728250	0.4495129	0.3293971	-0.2510232	0.4657418	0.2069226	-0.2540971	0.3880406	0.2287737	-0.2504485	0.4916797	0.8433704	0.0119257	0.5036985	0.8391614	-0.2166363	0.4332011	1.1476170	0.1794591	0.4145481	1.1355456	0.0957252	0.5628111	0.9169751	0.1234770	0.5067456	0.8854130	0.1436705	0.4946471	1.1543891	-0.4038408	0.4485332	1.1418785	-0.3360104	0.6014848	0.9115830	-0.3243651	0.5472138	0.8876516	-0.3602257
468	7.7833333	0.4594600	1.4556333	-0.1130300	0.4641400	1.4492233	0.0679000	0.4432100	1.1780533	0.1385900	0.5239400	0.9190133	0.1376600	0.4823800	1.4571633	-0.2937500	0.4844300	1.1900333	-0.3634600	0.5591300	0.9305233	-0.3473800	0.5398400	0.8696033	-0.1001300	0.5389400	0.8745533	0.0253700	0.5110900	0.4633533	0.0041800	0.4371400	0.0634533	-0.0104400	0.5521000	0.8672633	-0.2259800	0.4684100	0.4532733	-0.1901500	0.4091100	0.0566233	-0.1621500	0.5786100	0.0185733	-0.1736700	0.5716700	0.0203533	-0.1770400	0.3774500	0.0185833	-0.1526900	0.6114400	0.0239133	0.0088900	0.6040800	0.0245933	0.0117700	0.4073200	0.0260833	-0.0222500	0.6042378	0.9477606	0.0930303	0.6242380	0.9405761	-0.2852783	0.3801731	0.9741822	-0.0345968	0.3885240	0.9713085	-0.1829817	0.5011718	0.4516204	0.0820895	0.5143607	0.4611635	-0.0584045	0.4359432	0.0684219	0.0340177	0.4666137	0.0772119	-0.0571225	0.5933166	0.0373033	-0.0037098	0.5386934	0.0220291	0.0519234	0.3687246	0.0479645	-0.0269896	0.4693100	0.4434674	-0.2611169	0.4757203	0.4570193	-0.1170572	0.4034077	0.0591122	-0.2105885	0.4318879	0.0695678	-0.1174336	0.5602574	0.0300642	-0.1649584	0.3314573	0.0374837	-0.1531158	0.5136200	0.0141374	-0.2227941	0.4622389	1.5006782	0.0685151	0.4711126	1.5060992	-0.2971254	0.3596251	1.5036885	-0.1125709	0.5916471	0.6979955	0.1103232	0.5504295	0.5994996	0.1254934	0.4614858	0.7028684	0.1371877	0.5925164	0.6794758	-0.3039173	0.5406742	0.5849058	-0.3147878	0.4624306	0.6957521	-0.3360966	0.4799398	0.3380193	0.0740711	0.4935327	0.2182886	0.0754215	0.4221685	0.2365469	0.0727175	0.4495252	0.3294293	-0.2512821	0.4656929	0.2069288	-0.2543537	0.3880028	0.2288140	-0.2506434	0.4919433	0.8434155	0.0117173	0.5039034	0.8392185	-0.2168450	0.4334459	1.1475731	0.1792484	0.4148282	1.1354992	0.0955163	0.5630097	0.9169021	0.1233009	0.5069161	0.8853723	0.1434652	0.4946357	1.1544432	-0.4039340	0.4485879	1.1419316	-0.3360551	0.6015773	0.9116507	-0.3245885	0.5472814	0.8877236	-0.3604039
469	7.8000000	0.4595400	1.4555433	-0.1130100	0.4644900	1.4491033	0.0679600	0.4430600	1.1780333	0.1382500	0.5241500	0.9189133	0.1376000	0.4822100	1.4571233	-0.2938200	0.4851800	1.1902833	-0.3635400	0.5601300	0.9315433	-0.3476100	0.5399900	0.8701533	-0.1003700	0.5394100	0.8749633	0.0251200	0.5103000	0.4627833	0.0046300	0.4371100	0.0631733	-0.0102100	0.5519500	0.8679233	-0.2262500	0.4674400	0.4529433	-0.1896500	0.4078900	0.0555033	-0.1616700	0.5796900	0.0191333	-0.1739900	0.5727000	0.0207833	-0.1773300	0.3763000	0.0172433	-0.1521800	0.6108900	0.0235333	0.0093500	0.6034600	0.0242433	0.0122400	0.4067400	0.0250633	-0.0215600	0.6044492	0.9483049	0.0927856	0.6242827	0.9411059	-0.2855236	0.3803363	0.9746255	-0.0347713	0.3886227	0.9717463	-0.1831571	0.5009717	0.4521193	0.0819810	0.5142087	0.4616043	-0.0585020	0.4355881	0.0686931	0.0340581	0.4663123	0.0774302	-0.0570725	0.5929717	0.0375178	-0.0035183	0.5383087	0.0222826	0.0520698	0.3683876	0.0481880	-0.0269857	0.4691608	0.4439545	-0.2613266	0.4756681	0.4575262	-0.1173243	0.4031931	0.0594963	-0.2106840	0.4317542	0.0699596	-0.1175764	0.5601252	0.0305289	-0.1651893	0.3312703	0.0378042	-0.1531500	0.5134274	0.0145799	-0.2229666	0.4622240	1.5010822	0.0684683	0.4711324	1.5065414	-0.2972042	0.3596085	1.5041178	-0.1126202	0.5917131	0.6984783	0.1101651	0.5503791	0.6000010	0.1253513	0.4615151	0.7034634	0.1369800	0.5924430	0.6799558	-0.3041959	0.5405528	0.5853853	-0.3150270	0.4623889	0.6962729	-0.3362641	0.4796809	0.3384644	0.0740264	0.4932356	0.2186654	0.0754385	0.4218555	0.2369439	0.0726750	0.4493513	0.3298822	-0.2514741	0.4654929	0.2073394	-0.2545348	0.3877960	0.2292446	-0.2507534	0.4921526	0.8439702	0.0114836	0.5040117	0.8397646	-0.2170796	0.4336119	1.1479830	0.1790147	0.4150460	1.1359092	0.0952699	0.5631450	0.9172973	0.1231377	0.5070121	0.8858076	0.1432527	0.4947191	1.1549901	-0.4041033	0.4487065	1.1424672	-0.3361584	0.6018167	0.9122800	-0.3248244	0.5475158	0.8883279	-0.3606280
470	7.8166667	0.4596400	1.4554733	-0.1129500	0.4648300	1.4489633	0.0680000	0.4431000	1.1780233	0.1380500	0.5243800	0.9189233	0.1375300	0.4820800	1.4570933	-0.2937800	0.4858800	1.1906333	-0.3635700	0.5607900	0.9323433	-0.3477100	0.5400800	0.8709033	-0.1005400	0.5397400	0.8755933	0.0249700	0.5098300	0.4624533	0.0049100	0.4370500	0.0631433	-0.0101500	0.5518300	0.8687833	-0.2264500	0.4666400	0.4524233	-0.1893200	0.4068400	0.0543733	-0.1613200	0.5803600	0.0194533	-0.1742600	0.5733200	0.0210133	-0.1775600	0.3752300	0.0157333	-0.1517900	0.6107300	0.0235033	0.0095400	0.6032900	0.0241533	0.0124500	0.4058300	0.0245033	-0.0212300	0.6046309	0.9490602	0.0926008	0.6242391	0.9418065	-0.2857104	0.3804211	0.9752545	-0.0348685	0.3886215	0.9723530	-0.1832545	0.5006539	0.4527440	0.0819970	0.5139073	0.4621778	-0.0584789	0.4351644	0.0690421	0.0342331	0.4659285	0.0777343	-0.0568979	0.5925833	0.0378864	-0.0032005	0.5378885	0.0226766	0.0523477	0.3679701	0.0484344	-0.0268502	0.4687860	0.4445566	-0.2613704	0.4753834	0.4581642	-0.1174060	0.4028706	0.0599110	-0.2105994	0.4315049	0.0703999	-0.1175247	0.5600389	0.0311953	-0.1652813	0.3309240	0.0380503	-0.1529800	0.5132512	0.0151704	-0.2230022	0.4622170	1.5016181	0.0685196	0.4710991	1.5071186	-0.2972170	0.3595513	1.5047148	-0.1125728	0.5917081	0.6991202	0.1100771	0.5502449	0.6006475	0.1253021	0.4615024	0.7042420	0.1368735	0.5922709	0.6805480	-0.3043678	0.5402834	0.5859745	-0.3151410	0.4622167	0.6969550	-0.3363401	0.4793151	0.3390227	0.0741188	0.4928505	0.2191446	0.0755884	0.4214539	0.2374375	0.0727733	0.4489854	0.3304375	-0.2514987	0.4651477	0.2078362	-0.2545483	0.3874184	0.2297298	-0.2506915	0.4923173	0.8447403	0.0113259	0.5040404	0.8405016	-0.2172394	0.4337508	1.1485385	0.1788600	0.4152381	1.1364671	0.0950959	0.5632507	0.9178454	0.1230652	0.5070674	0.8863985	0.1431252	0.4948900	1.1557158	-0.4042296	0.4488859	1.1431808	-0.3362169	0.6021458	0.9131391	-0.3249691	0.5478526	0.8891422	-0.3607863
471	7.8333333	0.4597600	1.4554233	-0.1128700	0.4649500	1.4488833	0.0679700	0.4434400	1.1779833	0.1381100	0.5247700	0.9189333	0.1374700	0.4821600	1.4570733	-0.2935900	0.4861100	1.1908933	-0.3635800	0.5608200	0.9325333	-0.3477100	0.5403000	0.8712433	-0.1005700	0.5401800	0.8759633	0.0249600	0.5100600	0.4627433	0.0047100	0.4362900	0.0632033	-0.0104300	0.5518600	0.8690633	-0.2265400	0.4667400	0.4519333	-0.1895400	0.4066500	0.0536133	-0.1613400	0.5799300	0.0192133	-0.1745300	0.5728900	0.0207633	-0.1778300	0.3746200	0.0147033	-0.1516600	0.6108900	0.0239133	0.0093200	0.6034800	0.0245333	0.0122400	0.4049800	0.0242633	-0.0215900	0.6049560	0.9494247	0.0925440	0.6242998	0.9420842	-0.2857730	0.3806198	0.9754717	-0.0348161	0.3887190	0.9725350	-0.1832022	0.5004928	0.4529187	0.0821409	0.5137225	0.4623285	-0.0583312	0.4348445	0.0689536	0.0344655	0.4656237	0.0776222	-0.0566786	0.5923570	0.0378595	-0.0028681	0.5376293	0.0226627	0.0526622	0.3676074	0.0482356	-0.0266648	0.4684728	0.4446944	-0.2612377	0.4751650	0.4583319	-0.1173001	0.4026141	0.0598121	-0.2103605	0.4313179	0.0703252	-0.1173085	0.5600775	0.0314227	-0.1652628	0.3306146	0.0377325	-0.1526417	0.5131842	0.0152875	-0.2229207	0.4623776	1.5016845	0.0686936	0.4712013	1.5072124	-0.2971218	0.3596452	1.5048505	-0.1123993	0.5918714	0.6993215	0.1101038	0.5502823	0.6008442	0.1253757	0.4616669	0.7045843	0.1369201	0.5922221	0.6806871	-0.3043933	0.5401107	0.5861077	-0.3150988	0.4621354	0.6972097	-0.3362657	0.4790925	0.3391275	0.0743235	0.4925984	0.2191654	0.0758220	0.4211824	0.2374872	0.0729740	0.4486843	0.3305234	-0.2513495	0.4648736	0.2078572	-0.2543958	0.3871002	0.2297175	-0.2504656	0.4926252	0.8451085	0.0113164	0.5041891	0.8408169	-0.2172532	0.4340449	1.1486615	0.1788531	0.4155747	1.1365912	0.0950755	0.5635082	0.9179697	0.1231194	0.5072746	0.8865511	0.1431344	0.4952009	1.1560238	-0.4042217	0.4492017	1.1434797	-0.3361507	0.6025875	0.9135904	-0.3249642	0.5482951	0.8895433	-0.3607980
472	7.8500000	0.4598200	1.4553133	-0.1127800	0.4650700	1.4487833	0.0679500	0.4436900	1.1779633	0.1382800	0.5254600	0.9190233	0.1375000	0.4821400	1.4569933	-0.2934100	0.4857300	1.1910933	-0.3636600	0.5602600	0.9321533	-0.3477600	0.5406100	0.8710033	-0.1004900	0.5407500	0.8761033	0.0250900	0.5108900	0.4633133	0.0043200	0.4351400	0.0631133	-0.0109300	0.5519100	0.8684633	-0.2265400	0.4678300	0.4516733	-0.1898700	0.4069900	0.0535133	-0.1614400	0.5789000	0.0184233	-0.1748400	0.5718800	0.0200533	-0.1781200	0.3743300	0.0146333	-0.1515200	0.6114200	0.0245433	0.0089800	0.6040200	0.0251133	0.0118400	0.4043200	0.0242133	-0.0223500	0.6053974	0.9492265	0.0925794	0.6244267	0.9417749	-0.2857457	0.3809027	0.9751321	-0.0346415	0.3888817	0.9721516	-0.1830280	0.5005519	0.4525277	0.0823359	0.5137210	0.4619447	-0.0581464	0.4345714	0.0683679	0.0346203	0.4653403	0.0770331	-0.0565576	0.5922800	0.0373553	-0.0026645	0.5374960	0.0221632	0.0528795	0.3672176	0.0475586	-0.0265796	0.4683458	0.4442581	-0.2610213	0.4751557	0.4579014	-0.1171135	0.4023721	0.0591549	-0.2100698	0.4311516	0.0696752	-0.1170422	0.5600942	0.0310313	-0.1652506	0.3303180	0.0368866	-0.1522514	0.5130906	0.0147940	-0.2228306	0.4626499	1.5011551	0.0689447	0.4713783	1.5067108	-0.2969518	0.3598368	1.5043849	-0.1121343	0.5922183	0.6989468	0.1102128	0.5505240	0.6004621	0.1255249	0.4619972	0.7043322	0.1370813	0.5922900	0.6802843	-0.3043454	0.5400771	0.5856896	-0.3149776	0.4621468	0.6968911	-0.3360732	0.4790464	0.3386707	0.0745438	0.4924803	0.2186278	0.0760300	0.4210377	0.2370144	0.0731689	0.4485246	0.3300321	-0.2511152	0.4646827	0.2073050	-0.2541687	0.3868758	0.2291477	-0.2501700	0.4930363	0.8449026	0.0114271	0.5044120	0.8405436	-0.2171485	0.4344195	1.1482377	0.1789655	0.4159804	1.1361646	0.0951821	0.5638873	0.9175854	0.1232527	0.5076248	0.8861510	0.1432414	0.4954488	1.1557795	-0.4041041	0.4494845	1.1432263	-0.3359825	0.6029461	0.9134587	-0.3248771	0.5486230	0.8893683	-0.3607017
