PathFileType  4	(X/Y/Z) /Users/carmichaelong/repos/opencap-core/Examples/Data/c36cbbd8-7e6a-4dbe-a570-98e266c01fe0/MarkerData/PostAugmentation
DataRate	CameraRate	NumFrames	NumMarkers	Units	OrigDataRate	OrigDataStartFrame	OrigNumFrames
60.0	60.0	354	63	m	60.0	1	354
Frame#	Time	Neck			RShoulder			RElbow			RWrist			LShoulder			LElbow			LWrist			midHip			RHip			RKnee			RAnkle			LHip			LKnee			LAnkle			LBigToe			LSmallToe			LHeel			RBigToe			RSmallToe			RHeel			r.ASIS_study			L.ASIS_study			r.PSIS_study			L.PSIS_study			r_knee_study			r_mknee_study			r_ankle_study			r_mankle_study			r_toe_study			r_5meta_study			r_calc_study			L_knee_study			L_mknee_study			L_ankle_study			L_mankle_study			L_toe_study			L_calc_study			L_5meta_study			r_shoulder_study			L_shoulder_study			C7_study			r_thigh1_study			r_thigh2_study			r_thigh3_study			L_thigh1_study			L_thigh2_study			L_thigh3_study			r_sh1_study			r_sh2_study			r_sh3_study			L_sh1_study			L_sh2_study			L_sh3_study			RHJC_study			LHJC_study			r_lelbow_study			r_melbow_study			r_lwrist_study			r_mwrist_study			L_lelbow_study			L_melbow_study			L_lwrist_study			L_mwrist_study			
		X1	Y1	Z1	X2	Y2	Z2	X3	Y3	Z3	X4	Y4	Z4	X5	Y5	Z5	X6	Y6	Z6	X7	Y7	Z7	X8	Y8	Z8	X9	Y9	Z9	X10	Y10	Z10	X11	Y11	Z11	X12	Y12	Z12	X13	Y13	Z13	X14	Y14	Z14	X15	Y15	Z15	X16	Y16	Z16	X17	Y17	Z17	X18	Y18	Z18	X19	Y19	Z19	X20	Y20	Z20	X21	Y21	Z21	X22	Y22	Z22	X23	Y23	Z23	X24	Y24	Z24	X25	Y25	Z25	X26	Y26	Z26	X27	Y27	Z27	X28	Y28	Z28	X29	Y29	Z29	X30	Y30	Z30	X31	Y31	Z31	X32	Y32	Z32	X33	Y33	Z33	X34	Y34	Z34	X35	Y35	Z35	X36	Y36	Z36	X37	Y37	Z37	X38	Y38	Z38	X39	Y39	Z39	X40	Y40	Z40	X41	Y41	Z41	X42	Y42	Z42	X43	Y43	Z43	X44	Y44	Z44	X45	Y45	Z45	X46	Y46	Z46	X47	Y47	Z47	X48	Y48	Z48	X49	Y49	Z49	X50	Y50	Z50	X51	Y51	Z51	X52	Y52	Z52	X53	Y53	Z53	X54	Y54	Z54	X55	Y55	Z55	X56	Y56	Z56	X57	Y57	Z57	X58	Y58	Z58	X59	Y59	Z59	X60	Y60	Z60	X61	Y61	Z61	X62	Y62	Z62	X63	Y63	Z63	

1	0.0000000	-1.6960200	1.4992674	0.0294900	-1.6976900	1.4866074	0.2070900	-1.6879400	1.2164174	0.2661900	-1.6134100	0.9689774	0.2714300	-1.6625900	1.5096274	-0.1483500	-1.6606100	1.2428774	-0.2234300	-1.5710200	0.9898774	-0.2159500	-1.6091100	0.9126874	0.0268100	-1.6139000	0.9104574	0.1504200	-1.6455200	0.4991374	0.1259900	-1.7283700	0.1254574	0.1112600	-1.5892300	0.9162174	-0.0970100	-1.6520900	0.5066374	-0.0810800	-1.7103100	0.1200874	-0.0746900	-1.5452900	0.0750974	-0.0980300	-1.5580200	0.0769174	-0.0984700	-1.7514500	0.0858874	-0.0662800	-1.5617000	0.0736774	0.1463200	-1.5711600	0.0769274	0.1457900	-1.7579500	0.0930574	0.0995900	-1.5604572	0.9777204	0.1938926	-1.5260666	0.9736870	-0.1300819	-1.7767792	1.0166249	0.0800064	-1.7636391	1.0147818	-0.0465137	-1.6506114	0.5144855	0.2043076	-1.6246417	0.5154236	0.0800470	-1.7497878	0.1397303	0.1626085	-1.7102536	0.1384401	0.0713983	-1.5988709	0.0752641	0.1413744	-1.6520886	0.0785825	0.1946202	-1.8093527	0.1244639	0.0927657	-1.6512311	0.5052838	-0.1396603	-1.6417534	0.5108631	-0.0134407	-1.7282228	0.1071801	-0.1292775	-1.6983914	0.1129062	-0.0384503	-1.5644168	0.0789132	-0.0961809	-1.7977263	0.0746722	-0.0709518	-1.6150534	0.0658664	-0.1578056	-1.6987948	1.5407352	0.2025316	-1.6509161	1.5334228	-0.1537111	-1.7849929	1.5466029	0.0162213	-1.5767518	0.7628956	0.2258447	-1.6125168	0.6655251	0.2399389	-1.6958539	0.7591986	0.2373329	-1.5483789	0.7496936	-0.1641609	-1.5928735	0.6526080	-0.1783428	-1.6728869	0.7525982	-0.1874638	-1.6766663	0.3962669	0.2009057	-1.6768688	0.2770433	0.2053744	-1.7470407	0.3079473	0.1988607	-1.6731563	0.3840865	-0.1468763	-1.6627215	0.2589141	-0.1588984	-1.7359358	0.2839900	-0.1556554	-1.6579702	0.8904307	0.1212880	-1.6373861	0.8886832	-0.0738379	-1.7065638	1.1781207	0.3031873	-1.7124859	1.1613299	0.2132526	-1.5696866	0.9617241	0.2623203	-1.6239916	0.9343542	0.2809373	-1.6645254	1.1958093	-0.2619917	-1.6897097	1.1807082	-0.1801990	-1.5480293	0.9911656	-0.1972742	-1.6021099	0.9615765	-0.2178911
2	0.0166667	-1.6963100	1.4992974	0.0294800	-1.6985600	1.4866874	0.2071500	-1.6879500	1.2159074	0.2663300	-1.6135300	0.9687874	0.2714200	-1.6623000	1.5095874	-0.1484000	-1.6614900	1.2424374	-0.2232600	-1.5710000	0.9898074	-0.2159400	-1.6086300	0.9124174	0.0268700	-1.6132000	0.9102174	0.1505100	-1.6448400	0.4991874	0.1258500	-1.7296800	0.1248074	0.1114300	-1.5889700	0.9159874	-0.0970100	-1.6516300	0.5070274	-0.0810400	-1.7138900	0.1193874	-0.0744500	-1.5452800	0.0749574	-0.0982700	-1.5581900	0.0767274	-0.0987000	-1.7574500	0.0847274	-0.0657200	-1.5613300	0.0731174	0.1466100	-1.5708500	0.0762774	0.1460900	-1.7590600	0.0927174	0.0995600	-1.5533346	0.9747009	0.1970007	-1.5200532	0.9756661	-0.1323594	-1.7747592	1.0197990	0.0788444	-1.7610836	1.0202352	-0.0503641	-1.6447023	0.5101701	0.1978472	-1.6234465	0.5129203	0.0748346	-1.7433023	0.1274613	0.1558007	-1.7075438	0.1294549	0.0687700	-1.5885816	0.0767290	0.1343523	-1.6431277	0.0709682	0.1857619	-1.8069010	0.1081611	0.0902187	-1.6445023	0.5073248	-0.1440023	-1.6348565	0.5123873	-0.0151842	-1.7222054	0.1098466	-0.1201691	-1.6932143	0.1150680	-0.0313529	-1.5573417	0.0785729	-0.0885293	-1.7943862	0.0785568	-0.0631735	-1.6089577	0.0668774	-0.1481159	-1.6994094	1.5455703	0.2047573	-1.6546184	1.5487144	-0.1480060	-1.7896790	1.5534423	0.0218675	-1.5725458	0.7570626	0.2235290	-1.6079777	0.6593347	0.2362737	-1.6920911	0.7565139	0.2357990	-1.5508067	0.7493365	-0.1650303	-1.5918091	0.6534762	-0.1812442	-1.6710854	0.7539916	-0.1911431	-1.6730336	0.3918282	0.1951612	-1.6719715	0.2714443	0.1980839	-1.7413630	0.2978181	0.1915193	-1.6663747	0.3845576	-0.1456964	-1.6573663	0.2583662	-0.1551176	-1.7279231	0.2866490	-0.1507302	-1.6597160	0.8891301	0.1230536	-1.6396937	0.8901775	-0.0760087	-1.7098846	1.1864849	0.3108868	-1.7114449	1.1728537	0.2085321	-1.5667079	0.9643390	0.2610467	-1.6307484	0.9366870	0.2816289	-1.6660211	1.2084487	-0.2601487	-1.6812706	1.1945974	-0.1756299	-1.5432658	0.9928139	-0.2035590	-1.5958692	0.9597898	-0.2219286
3	0.0333333	-1.6964400	1.4993074	0.0295000	-1.6989700	1.4866974	0.2071900	-1.6881700	1.2157074	0.2663900	-1.6134100	0.9687974	0.2714600	-1.6621600	1.5096074	-0.1483600	-1.6616200	1.2422174	-0.2231800	-1.5708700	0.9897174	-0.2159100	-1.6086000	0.9122674	0.0269100	-1.6131000	0.9100274	0.1505900	-1.6448600	0.4991974	0.1257800	-1.7304300	0.1246674	0.1114600	-1.5889900	0.9158574	-0.0970100	-1.6515200	0.5072374	-0.0809800	-1.7153300	0.1192174	-0.0743400	-1.5449600	0.0750474	-0.0983000	-1.5580200	0.0768074	-0.0987400	-1.7598900	0.0843274	-0.0654300	-1.5617400	0.0727574	0.1467100	-1.5712600	0.0758974	0.1462000	-1.7595800	0.0927374	0.0995100	-1.5502282	0.9743276	0.2023935	-1.5143372	0.9793019	-0.1346604	-1.7772399	1.0214160	0.0789247	-1.7626605	1.0234299	-0.0531194	-1.6476977	0.5069932	0.2002934	-1.6257049	0.5102425	0.0734415	-1.7440559	0.1224166	0.1565801	-1.7074333	0.1256995	0.0694000	-1.5873973	0.0751824	0.1349524	-1.6424682	0.0669307	0.1867015	-1.8079359	0.1019244	0.0903910	-1.6454380	0.5080865	-0.1488429	-1.6340052	0.5122475	-0.0164878	-1.7255109	0.1129624	-0.1198452	-1.6943460	0.1164560	-0.0305559	-1.5594639	0.0790396	-0.0888119	-1.7974048	0.0825310	-0.0617428	-1.6125890	0.0677115	-0.1473449	-1.7017776	1.5488063	0.2089578	-1.6586839	1.5568597	-0.1478536	-1.7949355	1.5576743	0.0228893	-1.5732573	0.7536488	0.2265524	-1.6096128	0.6558806	0.2398921	-1.6959400	0.7536128	0.2404646	-1.5510866	0.7500778	-0.1707807	-1.5926762	0.6543777	-0.1873165	-1.6738501	0.7554641	-0.1972840	-1.6755668	0.3882404	0.1965769	-1.6730810	0.2678271	0.2003578	-1.7440859	0.2929193	0.1918361	-1.6684693	0.3865276	-0.1481976	-1.6592472	0.2604223	-0.1562459	-1.7320009	0.2896742	-0.1519483	-1.6625779	0.8871392	0.1246597	-1.6409316	0.8905461	-0.0789755	-1.7098835	1.1904354	0.3130925	-1.7146445	1.1790379	0.2133380	-1.5653097	0.9673343	0.2593889	-1.6341798	0.9384875	0.2825432	-1.6609599	1.2156140	-0.2634230	-1.6855513	1.1980739	-0.1810936	-1.5405619	0.9897451	-0.2015232	-1.5963269	0.9578549	-0.2237691
4	0.0500000	-1.6965900	1.4993074	0.0295400	-1.6990400	1.4866374	0.2072100	-1.6888800	1.2157874	0.2663400	-1.6131900	0.9689174	0.2714500	-1.6624000	1.5096474	-0.1483200	-1.6609900	1.2422274	-0.2230900	-1.5707700	0.9896174	-0.2158400	-1.6090700	0.9121374	0.0269500	-1.6135400	0.9099674	0.1506300	-1.6456300	0.4989874	0.1258100	-1.7306300	0.1247774	0.1114500	-1.5895000	0.9156774	-0.0969600	-1.6516700	0.5071574	-0.0809700	-1.7149300	0.1193374	-0.0743900	-1.5450300	0.0752074	-0.0981600	-1.5581400	0.0769574	-0.0986100	-1.7588400	0.0845574	-0.0655900	-1.5622100	0.0728374	0.1465300	-1.5717300	0.0759874	0.1460300	-1.7596700	0.0928174	0.0996800	-1.5491762	0.9749137	0.2066214	-1.5126233	0.9811802	-0.1362882	-1.7780427	1.0206751	0.0789858	-1.7632410	1.0230997	-0.0553811	-1.6497426	0.5057174	0.2022157	-1.6274507	0.5085732	0.0720956	-1.7447000	0.1238717	0.1570294	-1.7077908	0.1270900	0.0695013	-1.5877579	0.0785069	0.1341112	-1.6425509	0.0686928	0.1862032	-1.8089731	0.1026173	0.0912692	-1.6489526	0.5098683	-0.1498582	-1.6373958	0.5135818	-0.0149862	-1.7288860	0.1173167	-0.1189962	-1.6968785	0.1198618	-0.0292901	-1.5647072	0.0817433	-0.0876610	-1.7999370	0.0876257	-0.0603389	-1.6174305	0.0705062	-0.1456101	-1.7031806	1.5473129	0.2099400	-1.6629593	1.5591756	-0.1483348	-1.7977935	1.5563939	0.0221081	-1.5730684	0.7520615	0.2289382	-1.6102907	0.6545627	0.2425725	-1.6982980	0.7526705	0.2440284	-1.5516969	0.7505032	-0.1747040	-1.5943735	0.6553813	-0.1905527	-1.6761310	0.7563146	-0.2010116	-1.6772461	0.3878705	0.1972498	-1.6739528	0.2684256	0.2011170	-1.7456658	0.2932132	0.1926359	-1.6721180	0.3894907	-0.1480708	-1.6619444	0.2639410	-0.1559601	-1.7365586	0.2934499	-0.1513060	-1.6641035	0.8860171	0.1258170	-1.6420539	0.8901547	-0.0812945	-1.7102279	1.1909261	0.3127771	-1.7177198	1.1805997	0.2163635	-1.5649790	0.9676666	0.2563337	-1.6360135	0.9376032	0.2826386	-1.6581714	1.2191984	-0.2650824	-1.6917837	1.2004576	-0.1841948	-1.5406377	0.9885929	-0.1985872	-1.6001136	0.9564576	-0.2260661
5	0.0666667	-1.6969300	1.4991974	0.0295400	-1.6992300	1.4865074	0.2072600	-1.6899600	1.2159274	0.2662400	-1.6128300	0.9690074	0.2713100	-1.6628600	1.5095474	-0.1483700	-1.6604200	1.2423774	-0.2228700	-1.5707400	0.9894874	-0.2157600	-1.6099300	0.9120374	0.0270400	-1.6142200	0.9099174	0.1506500	-1.6467400	0.4985274	0.1259200	-1.7309100	0.1246374	0.1115600	-1.5905500	0.9154574	-0.0968200	-1.6516500	0.5068974	-0.0810800	-1.7140200	0.1193474	-0.0745300	-1.5457400	0.0753574	-0.0979300	-1.5588800	0.0770874	-0.0984100	-1.7562200	0.0848574	-0.0660800	-1.5619400	0.0734474	0.1460400	-1.5715700	0.0765574	0.1455800	-1.7603100	0.0923674	0.1002300	-1.5492486	0.9758723	0.2101616	-1.5124218	0.9826665	-0.1378198	-1.7790754	1.0200085	0.0790603	-1.7641858	1.0225608	-0.0573773	-1.6519339	0.5040402	0.2041428	-1.6298848	0.5069449	0.0705938	-1.7445967	0.1252935	0.1568445	-1.7078077	0.1286223	0.0683675	-1.5877363	0.0817240	0.1323007	-1.6421594	0.0706540	0.1851460	-1.8095291	0.1037312	0.0911240	-1.6510054	0.5102386	-0.1506394	-1.6394696	0.5140071	-0.0128355	-1.7292729	0.1190778	-0.1188280	-1.6967141	0.1214214	-0.0280625	-1.5665993	0.0834125	-0.0864816	-1.7999038	0.0899826	-0.0595311	-1.6191170	0.0717772	-0.1446855	-1.7039744	1.5453893	0.2116250	-1.6659532	1.5606256	-0.1483589	-1.7995487	1.5548518	0.0221487	-1.5724896	0.7500684	0.2315620	-1.6107382	0.6528050	0.2454262	-1.7003409	0.7516245	0.2477537	-1.5510826	0.7505362	-0.1781274	-1.5947933	0.6555268	-0.1934740	-1.6780643	0.7560340	-0.2047081	-1.6789595	0.3874525	0.1977983	-1.6746166	0.2689639	0.2013330	-1.7468689	0.2933235	0.1934831	-1.6739026	0.3907068	-0.1480357	-1.6624600	0.2656730	-0.1560564	-1.7387043	0.2946419	-0.1512886	-1.6654693	0.8851646	0.1269500	-1.6432606	0.8895722	-0.0831833	-1.7108937	1.1911341	0.3124730	-1.7199524	1.1811469	0.2185711	-1.5648175	0.9674531	0.2544773	-1.6362342	0.9364474	0.2829415	-1.6555469	1.2207392	-0.2648571	-1.6942250	1.2021520	-0.1855464	-1.5400063	0.9880108	-0.1961890	-1.6017533	0.9556351	-0.2268756
6	0.0833333	-1.6971900	1.4990074	0.0295200	-1.6994700	1.4863474	0.2073300	-1.6908800	1.2160474	0.2661800	-1.6122000	0.9689674	0.2710800	-1.6631100	1.5093174	-0.1484900	-1.6604600	1.2425274	-0.2225800	-1.5707600	0.9893974	-0.2157100	-1.6108600	0.9120674	0.0271500	-1.6147400	0.9100074	0.1506800	-1.6474200	0.4981574	0.1260100	-1.7318300	0.1242874	0.1117200	-1.5918800	0.9153674	-0.0966600	-1.6515900	0.5066674	-0.0812800	-1.7133400	0.1191574	-0.0746200	-1.5466500	0.0755974	-0.0977800	-1.5598200	0.0772974	-0.0982600	-1.7535600	0.0850674	-0.0665400	-1.5616500	0.0740774	0.1454400	-1.5714500	0.0771574	0.1450500	-1.7620200	0.0915074	0.1008700	-1.5497227	0.9770382	0.2127401	-1.5130493	0.9838873	-0.1393846	-1.7802028	1.0195537	0.0794742	-1.7653817	1.0220758	-0.0586638	-1.6533306	0.5025703	0.2056663	-1.6318085	0.5058111	0.0692258	-1.7442892	0.1265942	0.1569324	-1.7079156	0.1302295	0.0673570	-1.5875039	0.0843096	0.1308148	-1.6417630	0.0722944	0.1844842	-1.8099831	0.1051179	0.0912654	-1.6520166	0.5098725	-0.1512198	-1.6405006	0.5137431	-0.0111537	-1.7284245	0.1203205	-0.1189133	-1.6955333	0.1226470	-0.0272896	-1.5669915	0.0846260	-0.0857695	-1.7987421	0.0918452	-0.0591313	-1.6193519	0.0728102	-0.1442252	-1.7046532	1.5435372	0.2125914	-1.6688583	1.5609809	-0.1490091	-1.8010408	1.5533051	0.0220295	-1.5716943	0.7485438	0.2339412	-1.6107377	0.6513280	0.2479359	-1.7016125	0.7506673	0.2510596	-1.5502081	0.7503751	-0.1807257	-1.5946787	0.6552709	-0.1957024	-1.6796007	0.7554636	-0.2074483	-1.6800921	0.3871846	0.1982986	-1.6750045	0.2695104	0.2014546	-1.7474785	0.2934069	0.1945102	-1.6746187	0.3912355	-0.1480762	-1.6621294	0.2669004	-0.1563125	-1.7393875	0.2950314	-0.1514077	-1.6665298	0.8846516	0.1280963	-1.6444207	0.8890500	-0.0845219	-1.7112156	1.1912823	0.3125687	-1.7205759	1.1811505	0.2200565	-1.5645204	0.9673286	0.2540956	-1.6359438	0.9357328	0.2836614	-1.6536931	1.2210423	-0.2645679	-1.6942372	1.2028240	-0.1859948	-1.5384662	0.9871623	-0.1954499	-1.6016266	0.9547964	-0.2271155
7	0.1000000	-1.6970400	1.4988074	0.0295300	-1.6992900	1.4861474	0.2074200	-1.6913000	1.2163074	0.2661500	-1.6114600	0.9688874	0.2709400	-1.6629500	1.5090874	-0.1485700	-1.6605600	1.2426274	-0.2223500	-1.5708100	0.9894874	-0.2157100	-1.6114200	0.9119374	0.0272000	-1.6146200	0.9100174	0.1507300	-1.6473300	0.4981474	0.1260400	-1.7332800	0.1241274	0.1117300	-1.5930800	0.9151674	-0.0966500	-1.6518600	0.5065174	-0.0814300	-1.7132700	0.1190874	-0.0746600	-1.5472100	0.0758274	-0.0978100	-1.5604800	0.0774774	-0.0982900	-1.7519100	0.0852874	-0.0667100	-1.5629400	0.0741474	0.1449600	-1.5727600	0.0771974	0.1446200	-1.7641100	0.0909174	0.1011600	-1.5499584	0.9779394	0.2144236	-1.5137444	0.9846729	-0.1408569	-1.7808863	1.0190954	0.0800542	-1.7662348	1.0215385	-0.0593949	-1.6541058	0.5010555	0.2068343	-1.6332073	0.5048368	0.0681692	-1.7441709	0.1272103	0.1572021	-1.7083128	0.1312996	0.0667078	-1.5874435	0.0858617	0.1298369	-1.6417150	0.0732386	0.1841566	-1.8106446	0.1061266	0.0916577	-1.6522744	0.5087865	-0.1518216	-1.6406677	0.5129334	-0.0098615	-1.7270024	0.1207967	-0.1191750	-1.6938429	0.1232906	-0.0267776	-1.5664329	0.0851422	-0.0853447	-1.7970826	0.0929664	-0.0589388	-1.6187464	0.0732585	-0.1440945	-1.7046598	1.5420376	0.2131848	-1.6705164	1.5610446	-0.1496769	-1.8016155	1.5520753	0.0220374	-1.5706144	0.7469694	0.2357748	-1.6103276	0.6497374	0.2498964	-1.7021116	0.7495374	0.2537359	-1.5490703	0.7496376	-0.1828946	-1.5941563	0.6543662	-0.1976119	-1.6806512	0.7544639	-0.2096234	-1.6808611	0.3866777	0.1987484	-1.6753747	0.2695898	0.2015256	-1.7478546	0.2930622	0.1955469	-1.6746012	0.3910083	-0.1483035	-1.6613015	0.2673836	-0.1567929	-1.7392348	0.2945391	-0.1516511	-1.6669924	0.8841271	0.1290713	-1.6451703	0.8884107	-0.0854531	-1.7111533	1.1911828	0.3125362	-1.7203314	1.1806245	0.2209513	-1.5642279	0.9670768	0.2542640	-1.6354229	0.9350109	0.2842766	-1.6520451	1.2203969	-0.2642248	-1.6928448	1.2025464	-0.1863334	-1.5365881	0.9858761	-0.1956263	-1.6002787	0.9539017	-0.2269490
8	0.1166667	-1.6965300	1.4986474	0.0295500	-1.6986100	1.4859174	0.2074800	-1.6913200	1.2168074	0.2661300	-1.6111200	0.9689674	0.2709800	-1.6626100	1.5089874	-0.1485800	-1.6601800	1.2426274	-0.2222200	-1.5710300	0.9896674	-0.2158000	-1.6111800	0.9111774	0.0272000	-1.6136700	0.9093074	0.1507700	-1.6469600	0.4981374	0.1260700	-1.7345700	0.1239574	0.1116900	-1.5935100	0.9144074	-0.0967400	-1.6522000	0.5063474	-0.0815000	-1.7138800	0.1188474	-0.0747100	-1.5475000	0.0759474	-0.0979600	-1.5608900	0.0775574	-0.0984400	-1.7519100	0.0853174	-0.0667200	-1.5650600	0.0736674	0.1446900	-1.5748000	0.0767574	0.1443600	-1.7657000	0.0905574	0.1011000	-1.5495089	0.9780949	0.2154541	-1.5139031	0.9846200	-0.1421843	-1.7806954	1.0180902	0.0807211	-1.7662683	1.0204252	-0.0597093	-1.6539569	0.4991856	0.2075887	-1.6336785	0.5035686	0.0672860	-1.7439585	0.1270072	0.1573412	-1.7086172	0.1315707	0.0661308	-1.5875096	0.0862387	0.1289937	-1.6418403	0.0732366	0.1838086	-1.8110726	0.1065498	0.0919640	-1.6517392	0.5069954	-0.1523656	-1.6399502	0.5113884	-0.0090034	-1.7253746	0.1206150	-0.1196344	-1.6919855	0.1232717	-0.0266985	-1.5654214	0.0848518	-0.0853596	-1.7952832	0.0935057	-0.0590448	-1.6177371	0.0730973	-0.1442934	-1.7039740	1.5404457	0.2132249	-1.6711373	1.5603428	-0.1503834	-1.8012277	1.5506119	0.0219644	-1.5689603	0.7450113	0.2370877	-1.6092091	0.6477307	0.2513059	-1.7015744	0.7478754	0.2557740	-1.5475239	0.7481453	-0.1846514	-1.5930834	0.6527438	-0.1991523	-1.6808652	0.7528976	-0.2111885	-1.6809534	0.3855880	0.1989798	-1.6753867	0.2688622	0.2014176	-1.7477181	0.2921439	0.1962782	-1.6739292	0.3900438	-0.1485937	-1.6601473	0.2671092	-0.1573725	-1.7384366	0.2933945	-0.1519643	-1.6665206	0.8830723	0.1298680	-1.6450752	0.8871924	-0.0860884	-1.7104304	1.1905492	0.3123974	-1.7193925	1.1793833	0.2214147	-1.5636091	0.9663899	0.2545494	-1.6345752	0.9339291	0.2847575	-1.6502654	1.2188243	-0.2639508	-1.6906705	1.2012935	-0.1867847	-1.5345251	0.9838897	-0.1963453	-1.5982064	0.9525112	-0.2267979
9	0.1333333	-1.6960900	1.4986474	0.0295700	-1.6979000	1.4858074	0.2074700	-1.6911500	1.2174074	0.2661400	-1.6116600	0.9692674	0.2711700	-1.6624200	1.5091174	-0.1485600	-1.6595400	1.2425174	-0.2221800	-1.5714300	0.9897274	-0.2159100	-1.6101700	0.9099274	0.0271800	-1.6122800	0.9080274	0.1507400	-1.6467600	0.4977074	0.1262100	-1.7351300	0.1233274	0.1117800	-1.5928900	0.9131874	-0.0967600	-1.6522500	0.5059674	-0.0815000	-1.7148200	0.1185774	-0.0748500	-1.5476000	0.0757974	-0.0980600	-1.5610900	0.0773574	-0.0985600	-1.7528700	0.0848974	-0.0668100	-1.5659400	0.0732674	0.1446200	-1.5756400	0.0763774	0.1443000	-1.7665300	0.0899674	0.1010100	-1.5482703	0.9775636	0.2160817	-1.5134705	0.9839206	-0.1433473	-1.7795791	1.0166702	0.0814890	-1.7654537	1.0189246	-0.0596924	-1.6531472	0.4971246	0.2081123	-1.6334124	0.5020828	0.0666553	-1.7435254	0.1263223	0.1574661	-1.7086412	0.1313216	0.0657619	-1.5874361	0.0859442	0.1284282	-1.6418957	0.0727799	0.1835622	-1.8111354	0.1065702	0.0922940	-1.6507691	0.5049026	-0.1528799	-1.6387176	0.5095442	-0.0084218	-1.7239977	0.1199935	-0.1201560	-1.6903823	0.1227981	-0.0268219	-1.5644345	0.0839829	-0.0855109	-1.7938089	0.0936359	-0.0592897	-1.6168115	0.0724692	-0.1445986	-1.7025595	1.5388765	0.2131125	-1.6708540	1.5592651	-0.1509129	-1.8000032	1.5490115	0.0220546	-1.5668084	0.7427445	0.2380223	-1.6075420	0.6454513	0.2523212	-1.7002112	0.7458832	0.2573136	-1.5457076	0.7461155	-0.1861476	-1.5916863	0.6506806	-0.2004634	-1.6804170	0.7510071	-0.2123668	-1.6805007	0.3841618	0.1991210	-1.6750355	0.2676805	0.2012630	-1.7471355	0.2909036	0.1968490	-1.6729750	0.3886751	-0.1489312	-1.6590050	0.2663150	-0.1580055	-1.7374855	0.2919332	-0.1522791	-1.6651760	0.8815976	0.1305340	-1.6442264	0.8855838	-0.0865167	-1.7093649	1.1896770	0.3121272	-1.7182854	1.1778588	0.2216328	-1.5629887	0.9654294	0.2547856	-1.6336771	0.9326546	0.2851360	-1.6484234	1.2167690	-0.2636870	-1.6883040	1.1995514	-0.1873672	-1.5326555	0.9815772	-0.1972474	-1.5959720	0.9508879	-0.2267926
10	0.1500000	-1.6959900	1.4988074	0.0295800	-1.6976000	1.4858674	0.2074300	-1.6909300	1.2178374	0.2661900	-1.6128200	0.9695774	0.2714300	-1.6625400	1.5093774	-0.1485200	-1.6590400	1.2423774	-0.2222000	-1.5716600	0.9896874	-0.2159600	-1.6090500	0.9087874	0.0271500	-1.6110300	0.9067874	0.1506100	-1.6466800	0.4969974	0.1264400	-1.7350200	0.1224674	0.1120100	-1.5919100	0.9120074	-0.0966900	-1.6523800	0.5053274	-0.0815000	-1.7151800	0.1184674	-0.0749600	-1.5475600	0.0755374	-0.0981200	-1.5610800	0.0771074	-0.0986200	-1.7536300	0.0851174	-0.0669500	-1.5657900	0.0729574	0.1446700	-1.5755100	0.0760574	0.1443500	-1.7666800	0.0893274	0.1010800	-1.5469431	0.9769766	0.2164673	-1.5129609	0.9832539	-0.1442905	-1.7782311	1.0153894	0.0822569	-1.7644096	1.0175988	-0.0594831	-1.6524573	0.4954157	0.2084259	-1.6331346	0.5008962	0.0661376	-1.7432385	0.1256829	0.1575793	-1.7086987	0.1310700	0.0655499	-1.5874481	0.0856692	0.1280762	-1.6420741	0.0724378	0.1834154	-1.8112056	0.1065889	0.0925941	-1.6499884	0.5030818	-0.1533117	-1.6376938	0.5079459	-0.0080042	-1.7232769	0.1195650	-0.1206609	-1.6894791	0.1224844	-0.0270481	-1.5639577	0.0831927	-0.0857231	-1.7930621	0.0939747	-0.0596107	-1.6164042	0.0720237	-0.1449183	-1.7013668	1.5378137	0.2128429	-1.6705695	1.5583933	-0.1512817	-1.7988448	1.5477666	0.0221927	-1.5648571	0.7407282	0.2387122	-1.6060594	0.6434590	0.2530530	-1.6988405	0.7441325	0.2584468	-1.5441600	0.7442158	-0.1873609	-1.5905108	0.6488112	-0.2015225	-1.6798727	0.7493812	-0.2132478	-1.6801669	0.3829610	0.1991758	-1.6748322	0.2666307	0.2011222	-1.7466915	0.2898491	0.1972290	-1.6723083	0.3874924	-0.1492224	-1.6583392	0.2656115	-0.1585693	-1.7369038	0.2907754	-0.1525524	-1.6636997	0.8802605	0.1310566	-1.6432529	0.8841710	-0.0868105	-1.7085405	1.1891038	0.3117856	-1.7176222	1.1767057	0.2217335	-1.5629288	0.9646539	0.2549425	-1.6333244	0.9317041	0.2854450	-1.6469457	1.2148969	-0.2634216	-1.6863726	1.1980017	-0.1879930	-1.5313840	0.9795804	-0.1981042	-1.5941373	0.9495812	-0.2269247
11	0.1666667	-1.6961700	1.4988974	0.0296300	-1.6975800	1.4859174	0.2074200	-1.6907700	1.2178674	0.2662500	-1.6139000	0.9697274	0.2715600	-1.6629300	1.5095074	-0.1484300	-1.6583600	1.2423474	-0.2222300	-1.5714200	0.9896174	-0.2159200	-1.6081600	0.9082074	0.0271400	-1.6099000	0.9062474	0.1505100	-1.6466100	0.4964374	0.1266400	-1.7344300	0.1220374	0.1121800	-1.5912700	0.9114074	-0.0966400	-1.6530100	0.5047374	-0.0815400	-1.7149500	0.1186474	-0.0750000	-1.5473200	0.0752474	-0.0981300	-1.5608200	0.0768574	-0.0986300	-1.7539400	0.0853374	-0.0669000	-1.5661400	0.0724574	0.1446600	-1.5758100	0.0755774	0.1443300	-1.7662300	0.0891374	0.1012900	-1.5458323	0.9767983	0.2167382	-1.5126983	0.9830929	-0.1450359	-1.7770137	1.0146663	0.0830247	-1.7635077	1.0168694	-0.0591444	-1.6521938	0.4944278	0.2086320	-1.6331837	0.5003967	0.0657559	-1.7430789	0.1255483	0.1576670	-1.7087853	0.1312910	0.0654548	-1.5876432	0.0858778	0.1278805	-1.6424190	0.0726797	0.1833141	-1.8112278	0.1070749	0.0928576	-1.6497473	0.5020355	-0.1536539	-1.6372126	0.5070813	-0.0076682	-1.7231925	0.1197114	-0.1210841	-1.6892308	0.1227167	-0.0272783	-1.5639921	0.0829041	-0.0859186	-1.7929864	0.0948666	-0.0598872	-1.6165208	0.0721377	-0.1451879	-1.7006447	1.5375497	0.2125679	-1.6706334	1.5581412	-0.1514423	-1.7980829	1.5472252	0.0224391	-1.5633966	0.7393537	0.2392382	-1.6050513	0.6421409	0.2535956	-1.6977843	0.7430257	0.2592993	-1.5431656	0.7429408	-0.1883362	-1.5898704	0.6476332	-0.2023707	-1.6796176	0.7484861	-0.2139118	-1.6801652	0.3824024	0.1991925	-1.6748828	0.2661763	0.2010021	-1.7465138	0.2893819	0.1974685	-1.6721772	0.3869963	-0.1494465	-1.6582570	0.2655008	-0.1590435	-1.7368755	0.2903281	-0.1527444	-1.6624395	0.8794979	0.1314961	-1.6425144	0.8833963	-0.0869979	-1.7081174	1.1891269	0.3114361	-1.7175159	1.1762847	0.2218128	-1.5635051	0.9643653	0.2550680	-1.6335557	0.9313922	0.2857378	-1.6458891	1.2136454	-0.2631281	-1.6849843	1.1970771	-0.1885843	-1.5306751	0.9783311	-0.1987836	-1.5927375	0.9489737	-0.2271368
12	0.1833333	-1.6963000	1.4987874	0.0297200	-1.6974200	1.4857974	0.2074300	-1.6909300	1.2173374	0.2663100	-1.6146300	0.9695274	0.2714700	-1.6633500	1.5093974	-0.1482700	-1.6569400	1.2424074	-0.2223200	-1.5708500	0.9895774	-0.2158700	-1.6070300	0.9080074	0.0271600	-1.6082800	0.9060474	0.1505200	-1.6467000	0.4961774	0.1267500	-1.7333400	0.1222574	0.1122300	-1.5906100	0.9111774	-0.0966300	-1.6540100	0.5045374	-0.0815900	-1.7149400	0.1187074	-0.0749100	-1.5466900	0.0750774	-0.0980100	-1.5601700	0.0766974	-0.0985200	-1.7552500	0.0850374	-0.0666900	-1.5669400	0.0719574	0.1445100	-1.5765200	0.0751174	0.1442000	-1.7650800	0.0894174	0.1016200	-1.5444385	0.9769154	0.2169656	-1.5122410	0.9832768	-0.1456403	-1.7754783	1.0142704	0.0838192	-1.7623258	1.0164893	-0.0586977	-1.6519049	0.4939495	0.2087590	-1.6331298	0.5003506	0.0654985	-1.7425531	0.1257023	0.1577601	-1.7084309	0.1317556	0.0654802	-1.5876274	0.0862467	0.1277918	-1.6424933	0.0731654	0.1832261	-1.8106992	0.1078334	0.0931443	-1.6496856	0.5014396	-0.1538534	-1.6369344	0.5066660	-0.0073316	-1.7232556	0.1201246	-0.1213768	-1.6891553	0.1232165	-0.0274480	-1.5640144	0.0828736	-0.0859722	-1.7931050	0.0959794	-0.0600911	-1.6166354	0.0724987	-0.1452960	-1.6999480	1.5377655	0.2123028	-1.6706521	1.5582062	-0.1514683	-1.7973138	1.5470629	0.0227491	-1.5619265	0.7384347	0.2396494	-1.6040315	0.6413089	0.2539965	-1.6965599	0.7423841	0.2599439	-1.5422646	0.7419983	-0.1890665	-1.5893460	0.6468336	-0.2029902	-1.6792239	0.7480435	-0.2143865	-1.6800278	0.3822827	0.1991869	-1.6747076	0.2661205	0.2009068	-1.7461242	0.2892870	0.1976133	-1.6722015	0.3868809	-0.1495517	-1.6583297	0.2656909	-0.1593726	-1.7369823	0.2902571	-0.1528078	-1.6609100	0.8791227	0.1319015	-1.6415602	0.8830424	-0.0871055	-1.7075930	1.1894201	0.3110849	-1.7173591	1.1762896	0.2218898	-1.5641280	0.9642867	0.2551905	-1.6337575	0.9314237	0.2860119	-1.6446376	1.2128145	-0.2627965	-1.6835075	1.1965695	-0.1891017	-1.5298708	0.9775746	-0.1992667	-1.5911536	0.9488121	-0.2273818
13	0.2000000	-1.6961200	1.4985274	0.0297900	-1.6970800	1.4855674	0.2074400	-1.6914000	1.2164074	0.2663900	-1.6152400	0.9691274	0.2712900	-1.6633400	1.5091074	-0.1481700	-1.6552000	1.2422474	-0.2225000	-1.5703100	0.9894874	-0.2158400	-1.6055800	0.9077074	0.0272400	-1.6063100	0.9056674	0.1506300	-1.6470600	0.4961074	0.1267800	-1.7318700	0.1229674	0.1121900	-1.5896600	0.9109174	-0.0966100	-1.6551200	0.5047174	-0.0816000	-1.7154400	0.1184674	-0.0747200	-1.5456800	0.0750874	-0.0977300	-1.5592100	0.0766874	-0.0982500	-1.7575800	0.0840874	-0.0664700	-1.5673700	0.0717774	0.1443400	-1.5769000	0.0749674	0.1440400	-1.7632300	0.0900074	0.1019600	-1.5427084	0.9768698	0.2172028	-1.5115056	0.9833205	-0.1460889	-1.7735685	1.0137184	0.0846377	-1.7607968	1.0159647	-0.0581628	-1.6515044	0.4934666	0.2088824	-1.6329410	0.5002729	0.0654065	-1.7415094	0.1257236	0.1578396	-1.7075255	0.1320650	0.0655887	-1.5872815	0.0864503	0.1277714	-1.6421579	0.0735149	0.1831133	-1.8094905	0.1084152	0.0934303	-1.6497766	0.5008099	-0.1538848	-1.6368244	0.5062192	-0.0069098	-1.7233890	0.1203068	-0.1214952	-1.6891683	0.1234960	-0.0274735	-1.5638941	0.0827377	-0.0858230	-1.7933692	0.0967461	-0.0601542	-1.6166343	0.0726774	-0.1452064	-1.6991654	1.5379032	0.2120683	-1.6704900	1.5580989	-0.1513651	-1.7964208	1.5467551	0.0231026	-1.5603459	0.7374622	0.2399762	-1.6028953	0.6404498	0.2543091	-1.6950536	0.7417040	0.2604617	-1.5413443	0.7408835	-0.1895550	-1.5888622	0.6459151	-0.2033848	-1.6786376	0.7475630	-0.2147011	-1.6796454	0.3821146	0.1992012	-1.6741726	0.2659957	0.2008350	-1.7453939	0.2890987	0.1977061	-1.6723383	0.3866675	-0.1495014	-1.6584838	0.2657135	-0.1595153	-1.7371891	0.2900559	-0.1527204	-1.6590362	0.8786595	0.1323102	-1.6402966	0.8826166	-0.0871192	-1.7069540	1.1894599	0.3107656	-1.7170414	1.1761888	0.2219924	-1.5647117	0.9639606	0.2553687	-1.6338260	0.9313045	0.2862907	-1.6431152	1.2119329	-0.2624182	-1.6818188	1.1960091	-0.1895219	-1.5288650	0.9768055	-0.1995857	-1.5893094	0.9486013	-0.2276139
14	0.2166667	-1.6956800	1.4982574	0.0297500	-1.6970000	1.4853674	0.2075000	-1.6918000	1.2155574	0.2664900	-1.6156600	0.9688374	0.2712000	-1.6625400	1.5087674	-0.1482700	-1.6541900	1.2415774	-0.2227100	-1.5701900	0.9891774	-0.2157800	-1.6047300	0.9075374	0.0273700	-1.6052700	0.9056374	0.1508100	-1.6475600	0.4960574	0.1268100	-1.7307100	0.1237074	0.1121100	-1.5889700	0.9107174	-0.0965400	-1.6561500	0.5049374	-0.0815800	-1.7160600	0.1182674	-0.0745400	-1.5451000	0.0750474	-0.0975100	-1.5586600	0.0766274	-0.0980400	-1.7592900	0.0834674	-0.0663400	-1.5674900	0.0719074	0.1442300	-1.5770200	0.0751174	0.1439400	-1.7615400	0.0906474	0.1021100	-1.5416209	0.9769253	0.2174858	-1.5113177	0.9834348	-0.1463782	-1.7722430	1.0132756	0.0853961	-1.7598178	1.0155383	-0.0576357	-1.6517791	0.4931825	0.2089765	-1.6333662	0.5003795	0.0653985	-1.7407343	0.1258523	0.1578611	-1.7068295	0.1324747	0.0657056	-1.5872954	0.0868206	0.1277952	-1.6421420	0.0740132	0.1829696	-1.8084010	0.1090130	0.0936180	-1.6506904	0.5003650	-0.1537819	-1.6375954	0.5059400	-0.0064108	-1.7241845	0.1204802	-0.1214744	-1.6898923	0.1237716	-0.0273717	-1.5642986	0.0827291	-0.0855184	-1.7943595	0.0973702	-0.0601204	-1.6171490	0.0729151	-0.1449626	-1.6990697	1.5381507	0.2118252	-1.6708196	1.5580018	-0.1512523	-1.7961390	1.5465532	0.0233604	-1.5595422	0.7366923	0.2402530	-1.6024971	0.6397944	0.2545543	-1.6942117	0.7411999	0.2608658	-1.5411473	0.7398859	-0.1898260	-1.5891243	0.6451410	-0.2035882	-1.6786459	0.7472560	-0.2149148	-1.6798111	0.3821178	0.1992068	-1.6740757	0.2660416	0.2007732	-1.7451147	0.2890249	0.1977074	-1.6732378	0.3865816	-0.1493202	-1.6593415	0.2658167	-0.1594894	-1.7381234	0.2899324	-0.1525257	-1.6577931	0.8783531	0.1327048	-1.6396054	0.8823310	-0.0870763	-1.7069469	1.1894536	0.3105138	-1.7172799	1.1761580	0.2221205	-1.5659005	0.9636628	0.2555949	-1.6344118	0.9312718	0.2865671	-1.6421678	1.2111835	-0.2620224	-1.6807241	1.1955937	-0.1898618	-1.5284898	0.9762010	-0.1997957	-1.5880760	0.9485210	-0.2278220
15	0.2333333	-1.6953900	1.4980974	0.0296200	-1.6974300	1.4853274	0.2075900	-1.6920300	1.2152174	0.2665200	-1.6154800	0.9688174	0.2712000	-1.6614900	1.5084874	-0.1485700	-1.6540000	1.2408074	-0.2228300	-1.5705700	0.9888574	-0.2157400	-1.6050900	0.9075874	0.0274700	-1.6059800	0.9056674	0.1509800	-1.6480500	0.4960074	0.1268600	-1.7306700	0.1239374	0.1119700	-1.5889700	0.9107274	-0.0964900	-1.6567700	0.5050074	-0.0815800	-1.7166900	0.1182174	-0.0745200	-1.5460800	0.0748574	-0.0976200	-1.5595900	0.0764574	-0.0981400	-1.7592500	0.0835774	-0.0662600	-1.5674700	0.0721474	0.1442200	-1.5770100	0.0753474	0.1439300	-1.7616400	0.0907374	0.1019600	-1.5418424	0.9771728	0.2177745	-1.5121864	0.9837202	-0.1465715	-1.7721452	1.0130798	0.0859853	-1.7599675	1.0153524	-0.0572359	-1.6531212	0.4931647	0.2089536	-1.6347674	0.5007459	0.0653422	-1.7408072	0.1261196	0.1577446	-1.7069087	0.1330259	0.0657221	-1.5880397	0.0874039	0.1277870	-1.6428840	0.0747184	0.1827581	-1.8080996	0.1096513	0.0935911	-1.6526484	0.5001902	-0.1536733	-1.6394827	0.5059006	-0.0059679	-1.7258570	0.1207811	-0.1214225	-1.6915488	0.1241718	-0.0272531	-1.5656260	0.0828942	-0.0852598	-1.7962171	0.0980455	-0.0600746	-1.6185391	0.0733110	-0.1447234	-1.7000711	1.5385394	0.2115375	-1.6719606	1.5579931	-0.1512222	-1.7968373	1.5465678	0.0234300	-1.5600377	0.7362302	0.2404315	-1.6033170	0.6394302	0.2546777	-1.6946428	0.7409394	0.2611008	-1.5420624	0.7391938	-0.1899930	-1.5904551	0.6446603	-0.2037172	-1.6797029	0.7472031	-0.2151321	-1.6809674	0.3823480	0.1991173	-1.6749115	0.2663028	0.2006446	-1.7457839	0.2891136	0.1975430	-1.6751237	0.3867189	-0.1491306	-1.6611298	0.2661202	-0.1594142	-1.7399971	0.2899916	-0.1523352	-1.6578481	0.8782909	0.1329981	-1.6400588	0.8822787	-0.0870790	-1.7078480	1.1895216	0.3103022	-1.7183723	1.1762684	0.2222155	-1.5678389	0.9635691	0.2557800	-1.6356665	0.9314596	0.2867735	-1.6422692	1.2106364	-0.2617012	-1.6806662	1.1954043	-0.1902022	-1.5291809	0.9758293	-0.1999917	-1.5879240	0.9486335	-0.2280636
16	0.2500000	-1.6956200	1.4981674	0.0294900	-1.6981800	1.4855074	0.2075700	-1.6925400	1.2154274	0.2664500	-1.6146000	0.9689874	0.2712600	-1.6611800	1.5084374	-0.1487700	-1.6539000	1.2404174	-0.2228500	-1.5711700	0.9887674	-0.2158200	-1.6062000	0.9077374	0.0274300	-1.6078300	0.9057974	0.1509800	-1.6484100	0.4961374	0.1268700	-1.7315500	0.1235574	0.1117800	-1.5893600	0.9109274	-0.0965300	-1.6566800	0.5050074	-0.0815600	-1.7175100	0.1181074	-0.0746500	-1.5483900	0.0746074	-0.0980400	-1.5617900	0.0762374	-0.0985400	-1.7584000	0.0840474	-0.0662200	-1.5664400	0.0725174	0.1443500	-1.5761000	0.0756674	0.1440400	-1.7638100	0.0900574	0.1015500	-1.5429184	0.9774703	0.2179731	-1.5136014	0.9840663	-0.1467790	-1.7728401	1.0130470	0.0863120	-1.7607870	1.0153345	-0.0570648	-1.6549074	0.4932822	0.2087397	-1.6365245	0.5012238	0.0651245	-1.7413488	0.1263202	0.1574529	-1.7073944	0.1335016	0.0655682	-1.5888511	0.0879850	0.1276927	-1.6437944	0.0754033	0.1824722	-1.8083570	0.1100993	0.0932995	-1.6549333	0.5001674	-0.1536966	-1.6417492	0.5059751	-0.0057360	-1.7278571	0.1211339	-0.1214953	-1.6935674	0.1246089	-0.0272865	-1.5674422	0.0830400	-0.0852737	-1.7983396	0.0987573	-0.0601611	-1.6203616	0.0737244	-0.1446900	-1.7016020	1.5389207	0.2111419	-1.6734392	1.5579962	-0.1513502	-1.7979989	1.5466978	0.0232807	-1.5612670	0.7359751	0.2404287	-1.6047717	0.6392454	0.2546092	-1.6958642	0.7408032	0.2611052	-1.5435136	0.7387585	-0.1902195	-1.5922297	0.6443983	-0.2039182	-1.6812784	0.7472880	-0.2154485	-1.6825468	0.3826441	0.1988654	-1.6761667	0.2665931	0.2003882	-1.7469205	0.2892051	0.1971781	-1.6773292	0.3869596	-0.1490795	-1.6632398	0.2665051	-0.1594542	-1.7421816	0.2901474	-0.1522857	-1.6587691	0.8783475	0.1330823	-1.6411908	0.8823542	-0.0872447	-1.7090505	1.1895927	0.3100418	-1.7197137	1.1764044	0.2221912	-1.5698091	0.9636586	0.2558364	-1.6368752	0.9318042	0.2868242	-1.6428935	1.2102079	-0.2615281	-1.6811023	1.1953500	-0.1906196	-1.5303703	0.9755783	-0.2002630	-1.5883101	0.9488290	-0.2283953
17	0.2666667	-1.6962800	1.4983974	0.0294600	-1.6989400	1.4858274	0.2074600	-1.6932700	1.2159174	0.2663200	-1.6136900	0.9692174	0.2713400	-1.6617700	1.5086274	-0.1487100	-1.6536400	1.2404274	-0.2228300	-1.5716800	0.9889574	-0.2160000	-1.6071700	0.9078874	0.0272700	-1.6095500	0.9057474	0.1508000	-1.6483600	0.4965474	0.1267900	-1.7324300	0.1229774	0.1115800	-1.5895900	0.9111974	-0.0966200	-1.6560700	0.5050274	-0.0815400	-1.7184100	0.1177174	-0.0748500	-1.5502200	0.0744474	-0.0984000	-1.5635600	0.0760874	-0.0989000	-1.7583700	0.0840374	-0.0663300	-1.5642500	0.0730174	0.1446100	-1.5741100	0.0760874	0.1442700	-1.7661200	0.0891874	0.1010900	-1.5439272	0.9777104	0.2180892	-1.5146891	0.9843824	-0.1470154	-1.7734432	1.0130690	0.0864303	-1.7614105	1.0153814	-0.0570790	-1.6562101	0.4934339	0.2084169	-1.6377533	0.5016908	0.0648047	-1.7415532	0.1263253	0.1571151	-1.7075146	0.1337577	0.0653542	-1.5887959	0.0884318	0.1276050	-1.6439586	0.0759189	0.1822306	-1.8084655	0.1102117	0.0928956	-1.6566262	0.5001705	-0.1538519	-1.6434522	0.5060604	-0.0056833	-1.7294263	0.1214094	-0.1217078	-1.6951689	0.1249613	-0.0274621	-1.5689393	0.0830351	-0.0854959	-1.7999884	0.0993855	-0.0604005	-1.6218307	0.0740117	-0.1448480	-1.7028170	1.5392084	0.2107026	-1.6745345	1.5579803	-0.1515487	-1.7988463	1.5468506	0.0230469	-1.5622726	0.7358384	0.2402912	-1.6059117	0.6391510	0.2544156	-1.6969457	0.7407012	0.2609575	-1.5445992	0.7384784	-0.1905426	-1.5935481	0.6442387	-0.2042168	-1.6825070	0.7473839	-0.2158597	-1.6836452	0.3828871	0.1985391	-1.6769550	0.2667836	0.2000899	-1.7476699	0.2891945	0.1967416	-1.6789798	0.3871618	-0.1491791	-1.6648422	0.2668101	-0.1596353	-1.7438529	0.2902756	-0.1523906	-1.6596559	0.8784169	0.1329967	-1.6421297	0.8824613	-0.0875481	-1.7097951	1.1896125	0.3097325	-1.7205264	1.1764942	0.2220871	-1.5710739	0.9638702	0.2558143	-1.6373214	0.9322295	0.2867516	-1.6432563	1.2098410	-0.2614532	-1.6812437	1.1953580	-0.1910652	-1.5312313	0.9753672	-0.2005883	-1.5884295	0.9490322	-0.2287568
18	0.2833333	-1.6968200	1.4985574	0.0295100	-1.6994800	1.4859974	0.2073900	-1.6934500	1.2163374	0.2662100	-1.6134600	0.9693774	0.2713600	-1.6623500	1.5087774	-0.1485300	-1.6534200	1.2407074	-0.2228500	-1.5719900	0.9891374	-0.2161800	-1.6078100	0.9082974	0.0271000	-1.6106500	0.9060974	0.1506200	-1.6479000	0.4970874	0.1267000	-1.7328100	0.1225574	0.1114600	-1.5897900	0.9116474	-0.0967500	-1.6554400	0.5050974	-0.0815400	-1.7191100	0.1173574	-0.0750300	-1.5501900	0.0744074	-0.0984100	-1.5635700	0.0760174	-0.0989200	-1.7595600	0.0833474	-0.0665700	-1.5622500	0.0733874	0.1448500	-1.5722800	0.0763974	0.1444800	-1.7669900	0.0886674	0.1007700	-1.5446512	0.9781850	0.2182030	-1.5153104	0.9849221	-0.1472099	-1.7737645	1.0133718	0.0864515	-1.7616802	1.0157034	-0.0571708	-1.6568748	0.4938664	0.2081069	-1.6383413	0.5023874	0.0645002	-1.7412811	0.1264120	0.1568690	-1.7071564	0.1340651	0.0652128	-1.5878774	0.0889989	0.1276312	-1.6433381	0.0765218	0.1821347	-1.8082536	0.1102854	0.0925516	-1.6576096	0.5004099	-0.1540151	-1.6444807	0.5063880	-0.0056572	-1.7304382	0.1217958	-0.1219413	-1.6962361	0.1254322	-0.0276375	-1.5698498	0.0831422	-0.0856821	-1.8011061	0.1000872	-0.0606967	-1.6227043	0.0743919	-0.1450106	-1.7035949	1.5396595	0.2103139	-1.6751584	1.5582206	-0.1516860	-1.7992796	1.5472795	0.0228553	-1.5628535	0.7360883	0.2401363	-1.6065462	0.6394089	0.2542165	-1.6976583	0.7408940	0.2607881	-1.5451630	0.7385665	-0.1908619	-1.5942681	0.6443898	-0.2045099	-1.6832309	0.7477073	-0.2162632	-1.6841163	0.3833271	0.1982588	-1.6771373	0.2671284	0.1998643	-1.7478838	0.2893511	0.1963717	-1.6799518	0.3875277	-0.1493051	-1.6658038	0.2672315	-0.1598310	-1.7448918	0.2905677	-0.1525431	-1.6602901	0.8787632	0.1328699	-1.6427053	0.8828404	-0.0878658	-1.7100165	1.1898324	0.3094490	-1.7207543	1.1768001	0.2220066	-1.5717244	0.9643612	0.2558063	-1.6371623	0.9329249	0.2866430	-1.6432587	1.2097690	-0.2613831	-1.6810034	1.1956557	-0.1914439	-1.5316813	0.9754271	-0.2008920	-1.5882205	0.9494820	-0.2290545
19	0.3000000	-1.6968700	1.4985474	0.0295900	-1.6999000	1.4860374	0.2074600	-1.6929400	1.2165074	0.2661200	-1.6139300	0.9693674	0.2712900	-1.6620600	1.5087174	-0.1484100	-1.6535400	1.2410474	-0.2228900	-1.5722000	0.9891274	-0.2163000	-1.6086700	0.9088274	0.0269700	-1.6116200	0.9067974	0.1505700	-1.6475100	0.4974674	0.1266800	-1.7328500	0.1223074	0.1114700	-1.5905400	0.9120774	-0.0969600	-1.6547800	0.5052474	-0.0815100	-1.7189600	0.1170374	-0.0750700	-1.5485900	0.0745074	-0.0981100	-1.5620900	0.0760774	-0.0986500	-1.7604200	0.0825074	-0.0667000	-1.5611900	0.0735274	0.1449900	-1.5713100	0.0764974	0.1446100	-1.7668300	0.0883974	0.1006700	-1.5456446	0.9787831	0.2183451	-1.5160498	0.9855473	-0.1473359	-1.7743515	1.0138104	0.0864162	-1.7621574	1.0161468	-0.0573017	-1.6574781	0.4944224	0.2078423	-1.6388805	0.5031713	0.0642342	-1.7410498	0.1264959	0.1567394	-1.7068452	0.1343474	0.0651670	-1.5868507	0.0896038	0.1277801	-1.6426320	0.0771430	0.1821847	-1.8081411	0.1102684	0.0923082	-1.6583796	0.5007262	-0.1541196	-1.6453503	0.5068091	-0.0055609	-1.7311805	0.1221187	-0.1220726	-1.6970757	0.1258637	-0.0276677	-1.5704013	0.0833204	-0.0856530	-1.8020087	0.1006396	-0.0609210	-1.6232107	0.0747837	-0.1450210	-1.7044311	1.5401209	0.2100045	-1.6757261	1.5585607	-0.1517177	-1.7997495	1.5478573	0.0227179	-1.5635699	0.7365640	0.2400255	-1.6072367	0.6398597	0.2540622	-1.6985327	0.7412289	0.2606469	-1.5457205	0.7388771	-0.1911030	-1.5948932	0.6446973	-0.2047348	-1.6839679	0.7480889	-0.2166307	-1.6845340	0.3838316	0.1980495	-1.6772838	0.2675090	0.1997360	-1.7480959	0.2895598	0.1960956	-1.6806809	0.3879031	-0.1493664	-1.6664926	0.2676315	-0.1599232	-1.7456804	0.2908354	-0.1526574	-1.6612037	0.8792477	0.1327622	-1.6434677	0.8833360	-0.0881394	-1.7102527	1.1901102	0.3092283	-1.7209713	1.1771905	0.2219812	-1.5724383	0.9648762	0.2558263	-1.6371466	0.9336773	0.2865281	-1.6434126	1.2098107	-0.2613121	-1.6809126	1.1960603	-0.1917501	-1.5322530	0.9756053	-0.2011537	-1.5882179	0.9500212	-0.2292839
20	0.3166667	-1.6967300	1.4984874	0.0296600	-1.7003400	1.4860674	0.2075600	-1.6924000	1.2163474	0.2660900	-1.6148000	0.9692874	0.2712000	-1.6613500	1.5086074	-0.1483300	-1.6542900	1.2412674	-0.2228700	-1.5724500	0.9889574	-0.2163800	-1.6098200	0.9092374	0.0268700	-1.6126100	0.9074574	0.1506000	-1.6473400	0.4976874	0.1266500	-1.7327200	0.1221274	0.1115700	-1.5918300	0.9122374	-0.0971900	-1.6540000	0.5055274	-0.0814300	-1.7180300	0.1171574	-0.0749700	-1.5464600	0.0748474	-0.0977100	-1.5600700	0.0763874	-0.0982800	-1.7599500	0.0824174	-0.0666200	-1.5606600	0.0736374	0.1451100	-1.5708200	0.0765874	0.1447300	-1.7663700	0.0882074	0.1007100	-1.5469682	0.9792657	0.2185013	-1.5170167	0.9860430	-0.1474351	-1.7752797	1.0141521	0.0863471	-1.7629374	1.0164912	-0.0574607	-1.6581204	0.4948601	0.2075940	-1.6394796	0.5038060	0.0639795	-1.7409115	0.1264299	0.1566953	-1.7066459	0.1344589	0.0651875	-1.5859304	0.0900738	0.1280031	-1.6420134	0.0776373	0.1823283	-1.8081155	0.1100567	0.0921540	-1.6589371	0.5009020	-0.1541641	-1.6460613	0.5071109	-0.0054054	-1.7315036	0.1222250	-0.1220577	-1.6975379	0.1261083	-0.0275272	-1.5704599	0.0834527	-0.0853970	-1.8025239	0.1008969	-0.0610170	-1.6232172	0.0750649	-0.1448406	-1.7053654	1.5403544	0.2097490	-1.6762389	1.5587489	-0.1516739	-1.8002674	1.5483327	0.0226010	-1.5645046	0.7370003	0.2399518	-1.6080713	0.6402475	0.2539363	-1.6996225	0.7414571	0.2605273	-1.5463338	0.7391891	-0.1912595	-1.5954607	0.6449412	-0.2048859	-1.6847675	0.7482939	-0.2169616	-1.6849946	0.3841947	0.1978740	-1.6774876	0.2677432	0.1996645	-1.7483637	0.2896362	0.1958865	-1.6811321	0.3880973	-0.1493408	-1.6668356	0.2678480	-0.1598757	-1.7461276	0.2908900	-0.1526989	-1.6624460	0.8796175	0.1326819	-1.6444953	0.8837100	-0.0883774	-1.7106143	1.1902095	0.3090526	-1.7212987	1.1774294	0.2219884	-1.5733517	0.9651336	0.2558532	-1.6374327	0.9342128	0.2863941	-1.6438190	1.2097125	-0.2612468	-1.6810856	1.1963028	-0.1919895	-1.5330194	0.9756679	-0.2013703	-1.5884908	0.9504085	-0.2294619
21	0.3333333	-1.6968400	1.4985374	0.0297600	-1.7005900	1.4860574	0.2075800	-1.6924500	1.2157874	0.2662000	-1.6159000	0.9692774	0.2712000	-1.6613700	1.5086874	-0.1481500	-1.6556900	1.2414074	-0.2227800	-1.5728300	0.9887774	-0.2164300	-1.6106300	0.9089574	0.0268400	-1.6130700	0.9072374	0.1506000	-1.6471300	0.4978974	0.1265200	-1.7323900	0.1220874	0.1117200	-1.5929900	0.9119374	-0.0972800	-1.6533100	0.5059474	-0.0813500	-1.7170600	0.1175974	-0.0747900	-1.5445700	0.0753374	-0.0974100	-1.5582800	0.0768574	-0.0980100	-1.7586600	0.0828474	-0.0664600	-1.5604400	0.0737974	0.1452500	-1.5705900	0.0767274	0.1448600	-1.7655300	0.0882674	0.1008100	-1.5479524	0.9790336	0.2186982	-1.5176641	0.9858793	-0.1475162	-1.7759106	1.0138385	0.0863697	-1.7634312	1.0162070	-0.0575385	-1.6582746	0.4946485	0.2074298	-1.6396282	0.5037645	0.0638305	-1.7403756	0.1258197	0.1567612	-1.7060927	0.1340013	0.0653155	-1.5847578	0.0899395	0.1283047	-1.6410899	0.0775694	0.1825563	-1.8076627	0.1093394	0.0921529	-1.6587924	0.5004314	-0.1541388	-1.6460659	0.5067865	-0.0052100	-1.7309649	0.1217211	-0.1218893	-1.6971350	0.1257644	-0.0272441	-1.5696011	0.0831289	-0.0849697	-1.8021700	0.1005043	-0.0609519	-1.6223245	0.0748227	-0.1444892	-1.7058510	1.5398600	0.2095850	-1.6762756	1.5582725	-0.1515119	-1.8003331	1.5481281	0.0225966	-1.5650605	0.7367991	0.2399554	-1.6084785	0.6400009	0.2538856	-1.7002800	0.7410117	0.2604827	-1.5465042	0.7389323	-0.1913246	-1.5954861	0.6445772	-0.2049488	-1.6851010	0.7477984	-0.2171946	-1.6849771	0.3839235	0.1977741	-1.6772431	0.2673660	0.1996605	-1.7481628	0.2891415	0.1957976	-1.6808355	0.3876389	-0.1492186	-1.6663910	0.2674324	-0.1596916	-1.7457652	0.2902988	-0.1526329	-1.6633407	0.8792801	0.1326982	-1.6451858	0.8834124	-0.0885323	-1.7106978	1.1896237	0.3089697	-1.7213207	1.1770074	0.2220849	-1.5740042	0.9646457	0.2559554	-1.6375383	0.9340079	0.2863017	-1.6441025	1.2089685	-0.2611271	-1.6811380	1.1958523	-0.1920908	-1.5335070	0.9751177	-0.2014926	-1.5885716	0.9501375	-0.2295339
22	0.3500000	-1.6972000	1.4986274	0.0298500	-1.7004800	1.4860374	0.2075300	-1.6930500	1.2148674	0.2664000	-1.6168900	0.9692174	0.2712900	-1.6622300	1.5088874	-0.1479300	-1.6571100	1.2414974	-0.2226700	-1.5732400	0.9885374	-0.2164500	-1.6110300	0.9083174	0.0268800	-1.6129800	0.9064374	0.1505600	-1.6467800	0.4981674	0.1263800	-1.7320100	0.1222074	0.1118000	-1.5938900	0.9113574	-0.0971900	-1.6528100	0.5063274	-0.0813100	-1.7166900	0.1181174	-0.0746900	-1.5435600	0.0757574	-0.0972900	-1.5573200	0.0772574	-0.0979000	-1.7577100	0.0836274	-0.0664200	-1.5603800	0.0739274	0.1453400	-1.5704900	0.0768574	0.1449400	-1.7645700	0.0886174	0.1008800	-1.5484808	0.9783991	0.2189132	-1.5179913	0.9853861	-0.1475841	-1.7761491	1.0132086	0.0865278	-1.7635890	1.0156390	-0.0574852	-1.6579522	0.4941503	0.2073559	-1.6393331	0.5034044	0.0638089	-1.7395468	0.1250958	0.1568937	-1.7052896	0.1333968	0.0655197	-1.5834755	0.0895738	0.1286482	-1.6400094	0.0773223	0.1828155	-1.8068888	0.1085945	0.0922704	-1.6580888	0.4996997	-0.1540742	-1.6454636	0.5061976	-0.0050479	-1.7298943	0.1210683	-0.1216612	-1.6961714	0.1252674	-0.0269529	-1.5681935	0.0827091	-0.0845256	-1.8012584	0.0999674	-0.0608215	-1.6209091	0.0744486	-0.1440907	-1.7058992	1.5390612	0.2094840	-1.6760479	1.5575319	-0.1512593	-1.8000483	1.5475955	0.0227254	-1.5651986	0.7362864	0.2400292	-1.6084398	0.6394595	0.2539049	-1.7004314	0.7402409	0.2605053	-1.5463259	0.7384231	-0.1913310	-1.5950871	0.6439549	-0.2049458	-1.6850122	0.7469878	-0.2172913	-1.6845155	0.3833959	0.1977406	-1.6766171	0.2667675	0.1996935	-1.7475531	0.2884838	0.1958054	-1.6799862	0.3869309	-0.1490460	-1.6654251	0.2667966	-0.1594462	-1.7448326	0.2895120	-0.1525023	-1.6637772	0.8785652	0.1328143	-1.6454993	0.8827830	-0.0885902	-1.7105740	1.1887069	0.3089895	-1.7211053	1.1762760	0.2222723	-1.5743903	0.9638258	0.2561500	-1.6374304	0.9334329	0.2862746	-1.6443331	1.2079427	-0.2609273	-1.6811271	1.1950649	-0.1920342	-1.5337641	0.9743200	-0.2015295	-1.5885110	0.9495784	-0.2294926
23	0.3666667	-1.6976000	1.4987074	0.0299200	-1.7004100	1.4860174	0.2075300	-1.6934800	1.2141274	0.2664800	-1.6172800	0.9691274	0.2713900	-1.6630800	1.5090674	-0.1478500	-1.6578700	1.2416274	-0.2226000	-1.5734600	0.9883674	-0.2163800	-1.6113200	0.9079374	0.0269100	-1.6128000	0.9060474	0.1504800	-1.6464900	0.4983574	0.1263700	-1.7319800	0.1223574	0.1117300	-1.5946700	0.9110574	-0.0970700	-1.6526100	0.5065074	-0.0812700	-1.7168800	0.1182074	-0.0747600	-1.5435100	0.0757474	-0.0973500	-1.5572700	0.0772574	-0.0979600	-1.7577500	0.0837974	-0.0665000	-1.5602900	0.0740274	0.1453100	-1.5704100	0.0769674	0.1449100	-1.7643400	0.0888874	0.1007600	-1.5488280	0.9780029	0.2190663	-1.5183150	0.9851513	-0.1477031	-1.7762759	1.0128650	0.0867335	-1.7637065	1.0153660	-0.0573820	-1.6575312	0.4939639	0.2072759	-1.6389567	0.5033212	0.0638199	-1.7388843	0.1248050	0.1569622	-1.7046756	0.1331896	0.0656748	-1.5824756	0.0894988	0.1289076	-1.6391947	0.0774135	0.1829726	-1.8062843	0.1083657	0.0923634	-1.6573288	0.4993046	-0.1540583	-1.6447528	0.5059270	-0.0050150	-1.7289422	0.1208260	-0.1215340	-1.6952991	0.1251598	-0.0268224	-1.5669290	0.0826374	-0.0842371	-1.8004413	0.0998734	-0.0607995	-1.6196513	0.0744224	-0.1438127	-1.7058765	1.5386236	0.2093726	-1.6759563	1.5571704	-0.1510339	-1.7998097	1.5473720	0.0228926	-1.5652455	0.7360580	0.2400767	-1.6083043	0.6392206	0.2538972	-1.7004075	0.7397763	0.2605038	-1.5461831	0.7382156	-0.1913769	-1.5946941	0.6436496	-0.2049692	-1.6848834	0.7464865	-0.2173241	-1.6840117	0.3831969	0.1976782	-1.6760350	0.2665203	0.1996608	-1.7469719	0.2882320	0.1957876	-1.6791253	0.3865605	-0.1489356	-1.6645230	0.2665064	-0.1592816	-1.7439195	0.2891208	-0.1524265	-1.6640438	0.8781107	0.1329414	-1.6457503	0.8824270	-0.0886302	-1.7104569	1.1880780	0.3090331	-1.7208955	1.1758400	0.2224578	-1.5746863	0.9633226	0.2563497	-1.6372816	0.9331249	0.2862502	-1.6446990	1.2072385	-0.2607275	-1.6812475	1.1945592	-0.1919205	-1.5340380	0.9738730	-0.2015656	-1.5885437	0.9493390	-0.2294279
24	0.3833333	-1.6979800	1.4987174	0.0299600	-1.7007700	1.4860174	0.2076800	-1.6930500	1.2139874	0.2662800	-1.6171100	0.9690074	0.2715000	-1.6634500	1.5090974	-0.1479200	-1.6581600	1.2415874	-0.2224800	-1.5735200	0.9882274	-0.2162300	-1.6114000	0.9078874	0.0268700	-1.6126400	0.9060074	0.1503600	-1.6464200	0.4983974	0.1265100	-1.7323700	0.1224874	0.1115500	-1.5949900	0.9109874	-0.0970500	-1.6530900	0.5064974	-0.0812000	-1.7177200	0.1179274	-0.0748800	-1.5438300	0.0755374	-0.0975200	-1.5575900	0.0770374	-0.0981300	-1.7591400	0.0833074	-0.0665500	-1.5603400	0.0740574	0.1452300	-1.5704900	0.0769874	0.1448300	-1.7646800	0.0890174	0.1004000	-1.5489119	0.9779431	0.2191301	-1.5185104	0.9852264	-0.1479216	-1.7761936	1.0128400	0.0868985	-1.7636689	1.0154005	-0.0573247	-1.6570238	0.4940995	0.2071482	-1.6384894	0.5035254	0.0638178	-1.7384246	0.1249008	0.1568983	-1.7042605	0.1333338	0.0657140	-1.5817435	0.0896569	0.1290238	-1.6386482	0.0777755	0.1829626	-1.8059028	0.1085888	0.0923444	-1.6566470	0.4992473	-0.1541413	-1.6440765	0.5059766	-0.0051400	-1.7283319	0.1209457	-0.1215757	-1.6947416	0.1253882	-0.0269048	-1.5660110	0.0828125	-0.0841646	-1.7999683	0.1001718	-0.0609497	-1.6187604	0.0746497	-0.1437249	-1.7058014	1.5385986	0.2092304	-1.6758979	1.5572181	-0.1509021	-1.7995811	1.5474859	0.0230199	-1.5651424	0.7361444	0.2400424	-1.6080454	0.6393075	0.2538122	-1.7001789	0.7396775	0.2604250	-1.5460218	0.7382731	-0.1915242	-1.5943280	0.6436407	-0.2050808	-1.6846890	0.7463422	-0.2173786	-1.6834892	0.3833207	0.1975489	-1.6755234	0.2666047	0.1995206	-1.7464644	0.2883598	0.1956784	-1.6784152	0.3865201	-0.1489515	-1.6638606	0.2665264	-0.1592716	-1.7432260	0.2891096	-0.1524697	-1.6640546	0.8779967	0.1330137	-1.6458279	0.8823952	-0.0887307	-1.7101201	1.1877974	0.3089992	-1.7204862	1.1757397	0.2225618	-1.5747121	0.9631746	0.2564673	-1.6369181	0.9331461	0.2861582	-1.6450041	1.2068799	-0.2605783	-1.6813154	1.1943774	-0.1918140	-1.5341958	0.9737670	-0.2016453	-1.5885253	0.9494234	-0.2293957
25	0.4000000	-1.6983700	1.4986874	0.0300100	-1.7014300	1.4859674	0.2078900	-1.6918900	1.2142774	0.2659000	-1.6168200	0.9688974	0.2715800	-1.6635100	1.5091174	-0.1480000	-1.6585400	1.2413574	-0.2222700	-1.5735800	0.9881674	-0.2160700	-1.6111600	0.9081674	0.0268100	-1.6125500	0.9063274	0.1502900	-1.6464900	0.4984374	0.1266100	-1.7325100	0.1228174	0.1114200	-1.5946100	0.9112074	-0.0970800	-1.6542000	0.5065674	-0.0810700	-1.7189000	0.1177174	-0.0748400	-1.5441600	0.0755774	-0.0976600	-1.5579900	0.0770474	-0.0982500	-1.7608100	0.0830874	-0.0664300	-1.5606800	0.0740074	0.1452000	-1.5708400	0.0769474	0.1448000	-1.7644000	0.0893374	0.1000700	-1.5486810	0.9782266	0.2191834	-1.5184271	0.9856136	-0.1481567	-1.7757976	1.0131019	0.0870304	-1.7633333	1.0157083	-0.0573044	-1.6564304	0.4945017	0.2070393	-1.6378989	0.5039716	0.0638576	-1.7380081	0.1253169	0.1567763	-1.7038549	0.1337743	0.0657142	-1.5811661	0.0900112	0.1290993	-1.6382414	0.0783504	0.1828821	-1.8055355	0.1091834	0.0922671	-1.6561088	0.4994814	-0.1542506	-1.6435101	0.5063038	-0.0053188	-1.7280750	0.1213559	-0.1216668	-1.6945078	0.1258820	-0.0270568	-1.5654406	0.0832026	-0.0841942	-1.7998608	0.1007671	-0.0611225	-1.6182425	0.0750876	-0.1437220	-1.7056501	1.5389161	0.2091187	-1.6757304	1.5575897	-0.1508002	-1.7992628	1.5478568	0.0231279	-1.5648382	0.7365065	0.2400044	-1.6076373	0.6396740	0.2537234	-1.6997194	0.7399195	0.2603126	-1.5457492	0.7385218	-0.1916998	-1.5939558	0.6438666	-0.2052150	-1.6843541	0.7465445	-0.2174378	-1.6829134	0.3837169	0.1974246	-1.6750016	0.2669750	0.1993629	-1.7459549	0.2887946	0.1955308	-1.6779109	0.3867707	-0.1490148	-1.6634634	0.2668092	-0.1593225	-1.7428035	0.2894216	-0.1525444	-1.6637247	0.8782206	0.1330634	-1.6455874	0.8826822	-0.0888568	-1.7094211	1.1878392	0.3088826	-1.7197376	1.1759431	0.2226101	-1.5744038	0.9633131	0.2565135	-1.6362818	0.9334566	0.2860088	-1.6451564	1.2068179	-0.2604301	-1.6812449	1.1944828	-0.1916627	-1.5341748	0.9739180	-0.2017147	-1.5883900	0.9497591	-0.2293506
26	0.4166667	-1.6986500	1.4986474	0.0300500	-1.7019600	1.4858874	0.2080200	-1.6906200	1.2146974	0.2655400	-1.6167900	0.9687674	0.2715700	-1.6635200	1.5090974	-0.1480300	-1.6589100	1.2411874	-0.2221200	-1.5736100	0.9883774	-0.2160300	-1.6108100	0.9082874	0.0268400	-1.6126600	0.9063674	0.1503400	-1.6465600	0.4985774	0.1265700	-1.7318800	0.1234274	0.1114400	-1.5938100	0.9114074	-0.0970500	-1.6551900	0.5067974	-0.0809600	-1.7196900	0.1179974	-0.0746000	-1.5447100	0.0758674	-0.0976300	-1.5586000	0.0773074	-0.0982000	-1.7609800	0.0831674	-0.0662100	-1.5610200	0.0739474	0.1452500	-1.5711400	0.0769174	0.1448500	-1.7629900	0.0899174	0.1000600	-1.5483961	0.9783477	0.2193566	-1.5182298	0.9858503	-0.1482702	-1.7752973	1.0131688	0.0872198	-1.7628718	1.0158245	-0.0572277	-1.6559717	0.4946888	0.2070561	-1.6373901	0.5041948	0.0640249	-1.7375883	0.1256011	0.1567365	-1.7034038	0.1340751	0.0658122	-1.5807771	0.0901764	0.1292857	-1.6379689	0.0787300	0.1828941	-1.8050664	0.1096885	0.0922574	-1.6558810	0.4995434	-0.1542662	-1.6432375	0.5064509	-0.0053936	-1.7281586	0.1215942	-0.1216302	-1.6945859	0.1261876	-0.0270765	-1.5652788	0.0834347	-0.0841570	-1.8000677	0.1011731	-0.0611088	-1.6181371	0.0753553	-0.1436355	-1.7056087	1.5390552	0.2091246	-1.6755874	1.5577392	-0.1506146	-1.7989951	1.5479627	0.0232944	-1.5645626	0.7366439	0.2401024	-1.6073063	0.6398238	0.2537602	-1.6992741	0.7399931	0.2602729	-1.5455180	0.7384952	-0.1917700	-1.5937311	0.6438622	-0.2052510	-1.6840446	0.7466145	-0.2174318	-1.6824418	0.3839275	0.1974141	-1.6745523	0.2671885	0.1993249	-1.7455119	0.2890570	0.1954583	-1.6777346	0.3868628	-0.1489878	-1.6633920	0.2669180	-0.1592786	-1.7427259	0.2895859	-0.1525065	-1.6632909	0.8782769	0.1331856	-1.6452072	0.8828088	-0.0889082	-1.7085971	1.1877386	0.3087791	-1.7188938	1.1759907	0.2226904	-1.5740494	0.9632358	0.2565709	-1.6356677	0.9335697	0.2858802	-1.6453481	1.2065780	-0.2602324	-1.6812309	1.1944052	-0.1914144	-1.5341543	0.9738575	-0.2017039	-1.5883083	0.9498749	-0.2292328
27	0.4333333	-1.6986700	1.4985774	0.0300100	-1.7022300	1.4858174	0.2080100	-1.6895900	1.2151474	0.2653000	-1.6170700	0.9686474	0.2715300	-1.6633000	1.5090074	-0.1480700	-1.6589500	1.2411974	-0.2220900	-1.5736400	0.9887174	-0.2161100	-1.6104400	0.9085274	0.0269300	-1.6127000	0.9066274	0.1504500	-1.6466900	0.4986474	0.1265300	-1.7310300	0.1239074	0.1115400	-1.5930400	0.9117374	-0.0969500	-1.6555900	0.5070074	-0.0809600	-1.7197100	0.1185374	-0.0743900	-1.5452900	0.0762274	-0.0975000	-1.5592000	0.0776774	-0.0980700	-1.7599500	0.0838974	-0.0660800	-1.5611100	0.0740374	0.1453400	-1.5711600	0.0770374	0.1449300	-1.7616300	0.0903674	0.1002900	-1.5481444	0.9785868	0.2196264	-1.5179785	0.9862224	-0.1482785	-1.7747854	1.0133311	0.0874314	-1.7623638	1.0160409	-0.0571263	-1.6557209	0.4949594	0.2071213	-1.6370325	0.5044907	0.0642369	-1.7371343	0.1260160	0.1567589	-1.7028803	0.1344997	0.0659859	-1.5804962	0.0904492	0.1295495	-1.6377511	0.0791992	0.1829761	-1.8044613	0.1103331	0.0922989	-1.6558929	0.4997324	-0.1542101	-1.6432171	0.5067194	-0.0053835	-1.7283828	0.1219782	-0.1215053	-1.6947917	0.1266305	-0.0270047	-1.5653833	0.0838021	-0.0840764	-1.8003530	0.1017258	-0.0609707	-1.6182747	0.0757635	-0.1434864	-1.7057033	1.5392828	0.2091857	-1.6754977	1.5579339	-0.1504006	-1.7988170	1.5480945	0.0234524	-1.5643989	0.7368488	0.2402910	-1.6071315	0.6400500	0.2538681	-1.6989399	0.7401835	0.2602624	-1.5453392	0.7385239	-0.1917563	-1.5936270	0.6439452	-0.2052118	-1.6837754	0.7468282	-0.2173922	-1.6821264	0.3842564	0.1974538	-1.6742001	0.2675496	0.1993661	-1.7451439	0.2894155	0.1954130	-1.6777867	0.3871056	-0.1488934	-1.6635111	0.2671802	-0.1591693	-1.7428469	0.2899002	-0.1523847	-1.6628586	0.8784436	0.1333440	-1.6447765	0.8830562	-0.0889179	-1.7077847	1.1877617	0.3086513	-1.7180761	1.1761559	0.2227504	-1.5737924	0.9631991	0.2566094	-1.6352230	0.9337431	0.2857382	-1.6455834	1.2064457	-0.2600384	-1.6812925	1.1944261	-0.1911427	-1.5341882	0.9738662	-0.2016702	-1.5883238	0.9500569	-0.2291120
28	0.4500000	-1.6985200	1.4985174	0.0299400	-1.7023900	1.4857874	0.2079500	-1.6890600	1.2155474	0.2651900	-1.6173900	0.9685674	0.2715100	-1.6628500	1.5089074	-0.1481400	-1.6587900	1.2413574	-0.2221200	-1.5737000	0.9889574	-0.2161700	-1.6100000	0.9087974	0.0269900	-1.6124400	0.9068574	0.1505200	-1.6468800	0.4985174	0.1266000	-1.7308900	0.1238574	0.1116100	-1.5924100	0.9119874	-0.0969000	-1.6556300	0.5070174	-0.0810600	-1.7189200	0.1189074	-0.0744000	-1.5453800	0.0763974	-0.0974300	-1.5592600	0.0778574	-0.0979900	-1.7583800	0.0845074	-0.0661200	-1.5609600	0.0740674	0.1454000	-1.5709800	0.0770774	0.1450000	-1.7617400	0.0902274	0.1004100	-1.5478605	0.9788619	0.2198952	-1.5176172	0.9866337	-0.1482800	-1.7742128	1.0135091	0.0875903	-1.7617620	1.0162718	-0.0570736	-1.6556382	0.4952233	0.2071321	-1.6367954	0.5047739	0.0643853	-1.7367343	0.1263912	0.1567560	-1.7023756	0.1348804	0.0661377	-1.5802694	0.0906763	0.1297773	-1.6375717	0.0795954	0.1830309	-1.8038735	0.1109211	0.0923043	-1.6559552	0.4999436	-0.1541865	-1.6432695	0.5070049	-0.0053867	-1.7284665	0.1223897	-0.1214223	-1.6948511	0.1270986	-0.0269638	-1.5654623	0.0841679	-0.0840519	-1.8004268	0.1023100	-0.0608615	-1.6183493	0.0761831	-0.1433845	-1.7058225	1.5395074	0.2092097	-1.6753670	1.5581052	-0.1502496	-1.7986396	1.5481979	0.0235280	-1.5642722	0.7370118	0.2404629	-1.6070510	0.6402489	0.2539449	-1.6986702	0.7404039	0.2602011	-1.5450917	0.7385586	-0.1917592	-1.5934955	0.6440430	-0.2052001	-1.6834525	0.7470767	-0.2174126	-1.6819621	0.3845929	0.1974480	-1.6739700	0.2679206	0.1993904	-1.7448862	0.2897400	0.1953096	-1.6778530	0.3873900	-0.1488450	-1.6635778	0.2674920	-0.1591159	-1.7429268	0.2902371	-0.1522993	-1.6623801	0.8786351	0.1334536	-1.6442529	0.8833303	-0.0889715	-1.7070087	1.1878176	0.3084407	-1.7172893	1.1763501	0.2227166	-1.5736090	0.9631285	0.2565820	-1.6349166	0.9338861	0.2855258	-1.6457577	1.2063435	-0.2599287	-1.6813388	1.1944676	-0.1909493	-1.5342095	0.9738637	-0.2016888	-1.5883584	0.9502262	-0.2290702
29	0.4666667	-1.6985200	1.4985374	0.0299300	-1.7024900	1.4857774	0.2079200	-1.6893400	1.2157474	0.2652200	-1.6174900	0.9685074	0.2715200	-1.6627700	1.5089474	-0.1481100	-1.6588300	1.2416974	-0.2220900	-1.5736300	0.9890874	-0.2161700	-1.6096400	0.9089274	0.0269800	-1.6122000	0.9069774	0.1505500	-1.6470200	0.4982774	0.1267000	-1.7315100	0.1234274	0.1116300	-1.5919300	0.9121074	-0.0969400	-1.6557300	0.5069074	-0.0811600	-1.7176000	0.1191974	-0.0746300	-1.5450100	0.0764274	-0.0974200	-1.5588500	0.0778974	-0.0980000	-1.7566000	0.0849674	-0.0663000	-1.5609700	0.0739174	0.1454300	-1.5709800	0.0769274	0.1450200	-1.7628800	0.0897074	0.1003100	-1.5476797	0.9789962	0.2201086	-1.5172980	0.9869127	-0.1483298	-1.7737291	1.0135458	0.0876726	-1.7612232	1.0163632	-0.0570938	-1.6558353	0.4953027	0.2070742	-1.6368086	0.5048730	0.0644450	-1.7366510	0.1265265	0.1566952	-1.7021614	0.1350182	0.0662201	-1.5802818	0.0906644	0.1299267	-1.6376429	0.0797183	0.1830299	-1.8036160	0.1112453	0.0922356	-1.6561097	0.5000075	-0.1542526	-1.6434349	0.5071325	-0.0054621	-1.7283925	0.1226395	-0.1214443	-1.6947525	0.1274059	-0.0270146	-1.5654670	0.0843605	-0.0841289	-1.8002797	0.1027292	-0.0608550	-1.6183078	0.0764328	-0.1433846	-1.7060416	1.5395576	0.2091542	-1.6753506	1.5581011	-0.1501867	-1.7985761	1.5481261	0.0235219	-1.5642905	0.7369561	0.2405807	-1.6071721	0.6402421	0.2539652	-1.6985925	0.7404789	0.2600756	-1.5448831	0.7384718	-0.1918248	-1.5934195	0.6440113	-0.2052654	-1.6831971	0.7471886	-0.2175301	-1.6821005	0.3847445	0.1973784	-1.6740501	0.2680923	0.1993681	-1.7449384	0.2898492	0.1951352	-1.6779548	0.3875391	-0.1489014	-1.6635968	0.2676810	-0.1591774	-1.7429696	0.2904072	-0.1523145	-1.6620036	0.8786821	0.1334823	-1.6437943	0.8834657	-0.0891017	-1.7064784	1.1877316	0.3081696	-1.7167312	1.1763998	0.2225869	-1.5736017	0.9629125	0.2565018	-1.6348250	0.9338547	0.2852444	-1.6459969	1.2061278	-0.2599045	-1.6814941	1.1943828	-0.1908409	-1.5343163	0.9737273	-0.2017478	-1.5884975	0.9502464	-0.2290906
30	0.4833333	-1.6987600	1.4986174	0.0300100	-1.7023900	1.4857774	0.2079300	-1.6902500	1.2156674	0.2653800	-1.6174100	0.9684974	0.2715000	-1.6633600	1.5091174	-0.1479800	-1.6593800	1.2419574	-0.2220200	-1.5733700	0.9892174	-0.2161300	-1.6094600	0.9086974	0.0270000	-1.6121000	0.9067974	0.1506100	-1.6471300	0.4980074	0.1266900	-1.7320000	0.1231874	0.1116400	-1.5916700	0.9118874	-0.0969700	-1.6558800	0.5068174	-0.0812000	-1.7166400	0.1193274	-0.0749400	-1.5447200	0.0764174	-0.0974500	-1.5585200	0.0779174	-0.0980300	-1.7555800	0.0851474	-0.0665800	-1.5613800	0.0735674	0.1454100	-1.5713400	0.0765874	0.1449900	-1.7634000	0.0895174	0.1001900	-1.5476676	0.9787599	0.2203578	-1.5171354	0.9868372	-0.1483568	-1.7734349	1.0132389	0.0877936	-1.7608691	1.0161175	-0.0570805	-1.6563108	0.4949881	0.2070811	-1.6371078	0.5045822	0.0645481	-1.7368844	0.1262711	0.1566761	-1.7022676	0.1347647	0.0663268	-1.5805921	0.0902588	0.1300834	-1.6380064	0.0794141	0.1830600	-1.8036878	0.1111729	0.0922067	-1.6564144	0.4997256	-0.1543231	-1.6437573	0.5069069	-0.0055225	-1.7282812	0.1225239	-0.1215050	-1.6946147	0.1273499	-0.0270916	-1.5654886	0.0842098	-0.0842104	-1.8000523	0.1027701	-0.0608939	-1.6182535	0.0763245	-0.1434048	-1.7063852	1.5392513	0.2091219	-1.6755760	1.5577521	-0.1501094	-1.7987080	1.5476969	0.0235625	-1.5645042	0.7364951	0.2407435	-1.6075192	0.6398336	0.2540434	-1.6987371	0.7401852	0.2600140	-1.5448257	0.7380594	-0.1918703	-1.5934931	0.6436476	-0.2053240	-1.6831143	0.7469506	-0.2176469	-1.6825364	0.3845074	0.1973633	-1.6744337	0.2678713	0.1993945	-1.7452929	0.2895701	0.1950186	-1.6781635	0.3873475	-0.1489776	-1.6636637	0.2675385	-0.1592741	-1.7430609	0.2902088	-0.1523565	-1.6618194	0.8783657	0.1335457	-1.6435200	0.8832481	-0.0892054	-1.7063050	1.1873013	0.3079906	-1.7165289	1.1761040	0.2224962	-1.5737960	0.9624163	0.2564768	-1.6349417	0.9334830	0.2850009	-1.6464274	1.2056133	-0.2598644	-1.6818698	1.1939770	-0.1907066	-1.5345460	0.9733127	-0.2017267	-1.5887695	0.9499486	-0.2290417
31	0.5000000	-1.6990700	1.4986974	0.0301000	-1.7022100	1.4858174	0.2079700	-1.6911400	1.2154174	0.2655100	-1.6174200	0.9685574	0.2714700	-1.6641500	1.5092374	-0.1479000	-1.6604500	1.2416074	-0.2220700	-1.5731700	0.9892374	-0.2160600	-1.6093300	0.9079674	0.0270700	-1.6117800	0.9060974	0.1506800	-1.6474000	0.4977274	0.1265400	-1.7316400	0.1234874	0.1116900	-1.5917000	0.9111874	-0.0969100	-1.6559800	0.5067074	-0.0812300	-1.7171500	0.1190574	-0.0752000	-1.5450700	0.0762674	-0.0975300	-1.5588300	0.0777874	-0.0981200	-1.7566500	0.0847474	-0.0668900	-1.5619500	0.0731874	0.1453000	-1.5718700	0.0762374	0.1448900	-1.7626000	0.0899474	0.1002100	-1.5476469	0.9780175	0.2206530	-1.5170351	0.9862547	-0.1483689	-1.7731951	1.0124627	0.0879844	-1.7605993	1.0154046	-0.0570101	-1.6568174	0.4941832	0.2071861	-1.6374915	0.5038036	0.0647403	-1.7371048	0.1256203	0.1567150	-1.7024045	0.1341168	0.0664770	-1.5809778	0.0894559	0.1302389	-1.6384041	0.0786869	0.1831034	-1.8037387	0.1107192	0.0922619	-1.6567920	0.4989799	-0.1543721	-1.6441423	0.5062149	-0.0055496	-1.7282965	0.1219490	-0.1216153	-1.6946007	0.1268315	-0.0272161	-1.5656472	0.0836239	-0.0842854	-1.7999542	0.1023428	-0.0610081	-1.6183356	0.0757563	-0.1434418	-1.7067134	1.5385230	0.2091426	-1.6759398	1.5569897	-0.1500117	-1.7989278	1.5468273	0.0236656	-1.5647337	0.7355571	0.2409449	-1.6078782	0.6389425	0.2541877	-1.6988806	0.7393942	0.2600494	-1.5448649	0.7371608	-0.1918907	-1.5936567	0.6428069	-0.2053618	-1.6831149	0.7462290	-0.2177289	-1.6829921	0.3838008	0.1974259	-1.6748217	0.2672032	0.1994700	-1.7456427	0.2888555	0.1949991	-1.6784650	0.3866920	-0.1490475	-1.6638462	0.2669318	-0.1593876	-1.7432503	0.2895535	-0.1524163	-1.6616753	0.8775537	0.1336783	-1.6433282	0.8825349	-0.0892589	-1.7063371	1.1864262	0.3079293	-1.7165528	1.1753549	0.2224840	-1.5740373	0.9615685	0.2564976	-1.6350944	0.9326899	0.2847982	-1.6469939	1.2046743	-0.2598103	-1.6823971	1.1931147	-0.1905393	-1.5347737	0.9725173	-0.2016167	-1.5890468	0.9492154	-0.2289028
32	0.5166667	-1.6993800	1.4987574	0.0301200	-1.7022200	1.4858974	0.2080100	-1.6916000	1.2151174	0.2655600	-1.6175700	0.9686474	0.2714300	-1.6647400	1.5092774	-0.1479200	-1.6617900	1.2405674	-0.2222800	-1.5732800	0.9891274	-0.2159800	-1.6091500	0.9070974	0.0271400	-1.6112300	0.9053274	0.1507300	-1.6478600	0.4974774	0.1263800	-1.7306000	0.1239774	0.1117600	-1.5919000	0.9102674	-0.0968500	-1.6562100	0.5065274	-0.0813000	-1.7188000	0.1183974	-0.0753200	-1.5462700	0.0758874	-0.0976900	-1.5599700	0.0774374	-0.0982700	-1.7592300	0.0839674	-0.0670500	-1.5622700	0.0729874	0.1451100	-1.5721600	0.0760774	0.1447200	-1.7610300	0.0906474	0.1003500	-1.5474956	0.9771446	0.2209231	-1.5169346	0.9855041	-0.1484179	-1.7728944	1.0115778	0.0881904	-1.7603216	1.0145713	-0.0569299	-1.6572062	0.4932840	0.2073158	-1.6378265	0.5029387	0.0649572	-1.7370582	0.1249965	0.1567481	-1.7023297	0.1335057	0.0666135	-1.5812244	0.0887137	0.1303245	-1.6386092	0.0779915	0.1830807	-1.8034986	0.1102978	0.0923476	-1.6572269	0.4981276	-0.1544226	-1.6445646	0.5054120	-0.0055851	-1.7286282	0.1212867	-0.1217896	-1.6949037	0.1262144	-0.0274175	-1.5661102	0.0829572	-0.0843939	-1.8002119	0.1018216	-0.0612168	-1.6187410	0.0750937	-0.1435219	-1.7069657	1.5377764	0.2091627	-1.6763414	1.5562046	-0.1499566	-1.7991594	1.5459115	0.0237565	-1.5648611	0.7345358	0.2411075	-1.6081159	0.6379633	0.2543201	-1.6988751	0.7384791	0.2601189	-1.5449684	0.7361051	-0.1919260	-1.5938863	0.6418296	-0.2054088	-1.6831376	0.7453820	-0.2177942	-1.6832849	0.3830278	0.1974994	-1.6750036	0.2665056	0.1995256	-1.7457758	0.2881068	0.1950101	-1.6788943	0.3859248	-0.1491227	-1.6642474	0.2662052	-0.1595226	-1.7436314	0.2888204	-0.1525076	-1.6614498	0.8766187	0.1338295	-1.6431331	0.8816760	-0.0893013	-1.7064278	1.1854791	0.3079029	-1.7166640	1.1745161	0.2225017	-1.5742267	0.9607356	0.2564779	-1.6351788	0.9318515	0.2845678	-1.6476644	1.2036479	-0.2598016	-1.6830347	1.1921312	-0.1903953	-1.5349666	0.9716706	-0.2014869	-1.5892986	0.9483808	-0.2287374
33	0.5333333	-1.6997100	1.4987774	0.0301100	-1.7025100	1.4859474	0.2080500	-1.6916900	1.2148474	0.2655700	-1.6176600	0.9686874	0.2713900	-1.6650800	1.5092774	-0.1479800	-1.6628500	1.2396074	-0.2225000	-1.5736400	0.9889674	-0.2159100	-1.6090000	0.9064174	0.0271600	-1.6107900	0.9045974	0.1507700	-1.6482400	0.4974174	0.1263100	-1.7295700	0.1242474	0.1118200	-1.5920300	0.9095674	-0.0968500	-1.6568400	0.5063174	-0.0813600	-1.7201600	0.1180774	-0.0752800	-1.5478300	0.0754574	-0.0977900	-1.5614300	0.0770474	-0.0983600	-1.7611500	0.0836674	-0.0670000	-1.5621900	0.0729774	0.1449200	-1.5721000	0.0760774	0.1445400	-1.7594100	0.0911974	0.1004600	-1.5473122	0.9764767	0.2211133	-1.5169163	0.9849212	-0.1485412	-1.7726013	1.0109074	0.0883588	-1.7600971	1.0139393	-0.0568854	-1.6575616	0.4926286	0.2073916	-1.6381647	0.5023310	0.0651137	-1.7367690	0.1246903	0.1567219	-1.7020373	0.1332292	0.0666875	-1.5813203	0.0883530	0.1303131	-1.6386255	0.0776540	0.1829625	-1.8029789	0.1101843	0.0923893	-1.6577970	0.4974928	-0.1545083	-1.6451077	0.5048221	-0.0056626	-1.7293220	0.1208642	-0.1219842	-1.6955726	0.1258254	-0.0276515	-1.5669494	0.0825228	-0.0845339	-1.8008620	0.1015432	-0.0614529	-1.6195336	0.0746679	-0.1436245	-1.7072527	1.5373357	0.2091391	-1.6768100	1.5556959	-0.1499803	-1.7994594	1.5452713	0.0237840	-1.5649766	0.7337458	0.2411939	-1.6083251	0.6372187	0.2543860	-1.6988254	0.7377677	0.2601556	-1.5451962	0.7352289	-0.1920058	-1.5942466	0.6410474	-0.2054962	-1.6832536	0.7447337	-0.2178880	-1.6834864	0.3825221	0.1975185	-1.6750339	0.2661070	0.1995202	-1.7457504	0.2876273	0.1949721	-1.6795184	0.3853728	-0.1492161	-1.6649219	0.2656862	-0.1596676	-1.7442669	0.2883347	-0.1526202	-1.6612218	0.8758881	0.1339422	-1.6430047	0.8809985	-0.0893788	-1.7065744	1.1847773	0.3078383	-1.7168603	1.1738999	0.2224925	-1.5744027	0.9602047	0.2563605	-1.6352429	0.9312742	0.2842661	-1.6484742	1.2028417	-0.2598754	-1.6838169	1.1913443	-0.1903211	-1.5352248	0.9710561	-0.2013939	-1.5896241	0.9477488	-0.2286079
34	0.5500000	-1.6999600	1.4987774	0.0301000	-1.7028600	1.4859274	0.2080800	-1.6918000	1.2146274	0.2656300	-1.6177100	0.9687174	0.2713800	-1.6652300	1.5092874	-0.1480200	-1.6633300	1.2392574	-0.2225600	-1.5741100	0.9888074	-0.2158700	-1.6088300	0.9059074	0.0271300	-1.6105000	0.9040374	0.1507600	-1.6482900	0.4975074	0.1263100	-1.7290800	0.1242074	0.1118400	-1.5919600	0.9091174	-0.0969000	-1.6576400	0.5060774	-0.0813500	-1.7204100	0.1182374	-0.0751700	-1.5489500	0.0751374	-0.0977800	-1.5624700	0.0767674	-0.0983600	-1.7613000	0.0839374	-0.0668100	-1.5621500	0.0730374	0.1447900	-1.5720600	0.0761374	0.1444200	-1.7584200	0.0914374	0.1005000	-1.5470712	0.9759904	0.2212338	-1.5169046	0.9845007	-0.1487296	-1.7722683	1.0104283	0.0884893	-1.7598570	1.0134915	-0.0568770	-1.6578613	0.4922057	0.2074000	-1.6384429	0.5019628	0.0651951	-1.7363106	0.1246195	0.1566401	-1.7015680	0.1331983	0.0667079	-1.5812830	0.0882604	0.1302381	-1.6384973	0.0775830	0.1827796	-1.8022576	0.1102998	0.0923753	-1.6583934	0.4970581	-0.1546258	-1.6456693	0.5044342	-0.0057701	-1.7300792	0.1206680	-0.1221332	-1.6963039	0.1256615	-0.0278440	-1.5678840	0.0823035	-0.0846661	-1.8015691	0.1015008	-0.0616244	-1.6204176	0.0744657	-0.1437004	-1.7075210	1.5371498	0.2090805	-1.6772403	1.5554053	-0.1500673	-1.7997420	1.5448635	0.0237606	-1.5650568	0.7331505	0.2412267	-1.6084903	0.6366825	0.2543932	-1.6987314	0.7372439	0.2601456	-1.5454394	0.7345385	-0.1921236	-1.5946275	0.6404558	-0.2056201	-1.6833852	0.7442586	-0.2180210	-1.6836033	0.3822559	0.1974762	-1.6749491	0.2659588	0.1994641	-1.7456034	0.2873699	0.1948679	-1.6801782	0.3850271	-0.1493166	-1.6656466	0.2653778	-0.1597966	-1.7449499	0.2880678	-0.1527148	-1.6609564	0.8753337	0.1340120	-1.6428780	0.8804853	-0.0894962	-1.7067075	1.1842828	0.3077226	-1.7170532	1.1734713	0.2224454	-1.5745221	0.9599081	0.2561718	-1.6352504	0.9309078	0.2839150	-1.6492842	1.2022368	-0.2600009	-1.6846100	1.1907444	-0.1903036	-1.5354939	0.9706241	-0.2013312	-1.5899636	0.9472945	-0.2285169
35	0.5666667	-1.7000900	1.4987674	0.0301000	-1.7029600	1.4858674	0.2080700	-1.6922900	1.2144874	0.2657700	-1.6179300	0.9687674	0.2714700	-1.6654000	1.5093274	-0.1480000	-1.6634600	1.2392474	-0.2225000	-1.5747900	0.9886074	-0.2157800	-1.6086000	0.9055974	0.0271500	-1.6101900	0.9037374	0.1507400	-1.6482000	0.4974974	0.1263400	-1.7292600	0.1240474	0.1118300	-1.5918100	0.9087474	-0.0968500	-1.6579100	0.5057974	-0.0813400	-1.7198100	0.1183874	-0.0751100	-1.5492200	0.0748874	-0.0977700	-1.5627300	0.0765074	-0.0983600	-1.7603600	0.0842874	-0.0666500	-1.5624800	0.0731174	0.1447000	-1.5723800	0.0761974	0.1443300	-1.7586900	0.0913774	0.1005400	-1.5467416	0.9757215	0.2213835	-1.5168348	0.9842679	-0.1488689	-1.7718640	1.0101719	0.0886691	-1.7595564	1.0132544	-0.0568104	-1.6581040	0.4920423	0.2074291	-1.6386458	0.5018499	0.0652914	-1.7358940	0.1247452	0.1565985	-1.7011221	0.1333598	0.0667682	-1.5812584	0.0883508	0.1301985	-1.6383987	0.0777054	0.1826359	-1.8015799	0.1106050	0.0923984	-1.6588785	0.4968445	-0.1546838	-1.6461129	0.5042657	-0.0058116	-1.7306141	0.1206994	-0.1221618	-1.6968069	0.1257290	-0.0279122	-1.5686142	0.0822928	-0.0847188	-1.8020250	0.1016950	-0.0616532	-1.6210852	0.0744854	-0.1436815	-1.7076870	1.5372091	0.2090717	-1.6775785	1.5553545	-0.1501212	-1.7999431	1.5447135	0.0237875	-1.5650812	0.7327697	0.2413047	-1.6086012	0.6363793	0.2544358	-1.6985864	0.7369501	0.2601757	-1.5456004	0.7340894	-0.1921908	-1.5949153	0.6400962	-0.2056909	-1.6834585	0.7439780	-0.2180972	-1.6836920	0.3822342	0.1974628	-1.6748675	0.2660352	0.1994500	-1.7454541	0.2873415	0.1947896	-1.6806958	0.3849069	-0.1493452	-1.6661947	0.2653069	-0.1598398	-1.7454654	0.2880146	-0.1527104	-1.6606274	0.8749883	0.1341310	-1.6427067	0.8801634	-0.0895521	-1.7068339	1.1840000	0.3076432	-1.7172252	1.1732430	0.2224437	-1.5746131	0.9598350	0.2560365	-1.6352292	0.9307508	0.2836238	-1.6500132	1.2018548	-0.2600579	-1.6853391	1.1903619	-0.1902360	-1.5357680	0.9703672	-0.2012020	-1.5903071	0.9470319	-0.2283704
36	0.5833333	-1.7001900	1.4987574	0.0301200	-1.7028000	1.4858174	0.2080200	-1.6931600	1.2144074	0.2659700	-1.6182800	0.9688274	0.2716500	-1.6657500	1.5093774	-0.1479400	-1.6634100	1.2395274	-0.2224300	-1.5760100	0.9882174	-0.2155500	-1.6086400	0.9053474	0.0273300	-1.6101700	0.9034974	0.1508500	-1.6484500	0.4972974	0.1264500	-1.7298400	0.1238674	0.1118500	-1.5919300	0.9084574	-0.0966100	-1.6571800	0.5055574	-0.0813900	-1.7190700	0.1183274	-0.0751400	-1.5487500	0.0746974	-0.0978300	-1.5623200	0.0763174	-0.0984200	-1.7594300	0.0843774	-0.0666000	-1.5628300	0.0732674	0.1446300	-1.5727300	0.0763374	0.1442800	-1.7600800	0.0910774	0.1006900	-1.5466550	0.9755340	0.2216663	-1.5170077	0.9840691	-0.1488348	-1.7717273	1.0100103	0.0889868	-1.7595218	1.0130936	-0.0565887	-1.6586022	0.4919714	0.2075854	-1.6391120	0.5018231	0.0654939	-1.7359433	0.1248778	0.1566978	-1.7011416	0.1335169	0.0669511	-1.5815904	0.0884716	0.1302769	-1.6386896	0.0778451	0.1826353	-1.8014192	0.1108715	0.0925497	-1.6593918	0.4967102	-0.1546070	-1.6465817	0.5041615	-0.0056934	-1.7310468	0.1207710	-0.1220409	-1.6972046	0.1258382	-0.0278084	-1.5692420	0.0823177	-0.0846431	-1.8023567	0.1019222	-0.0615234	-1.6216365	0.0745589	-0.1435429	-1.7079862	1.5373466	0.2091851	-1.6781152	1.5554116	-0.1500521	-1.8003309	1.5447009	0.0239547	-1.5653547	0.7324543	0.2415275	-1.6089619	0.6361534	0.2546205	-1.6987131	0.7367483	0.2603640	-1.5459189	0.7337898	-0.1921201	-1.5953106	0.6398586	-0.2056290	-1.6837374	0.7437478	-0.2180263	-1.6840943	0.3822783	0.1975839	-1.6751556	0.2661431	0.1995783	-1.7456789	0.2873712	0.1948524	-1.6812029	0.3848517	-0.1492387	-1.6666901	0.2653091	-0.1597475	-1.7459435	0.2880011	-0.1525671	-1.6605811	0.8747197	0.1344002	-1.6428173	0.8798900	-0.0894334	-1.7072531	1.1837889	0.3077221	-1.7176855	1.1730819	0.2225820	-1.5749736	0.9598357	0.2560659	-1.6354823	0.9306516	0.2835066	-1.6509205	1.2015539	-0.2599547	-1.6862684	1.1900720	-0.1900409	-1.5363909	0.9701199	-0.2009219	-1.5909974	0.9468134	-0.2280840
37	0.6000000	-1.7002000	1.4987574	0.0301300	-1.7026400	1.4858174	0.2079700	-1.6940600	1.2141574	0.2661900	-1.6186300	0.9688274	0.2718400	-1.6659400	1.5093974	-0.1478900	-1.6633300	1.2397474	-0.2224500	-1.5774300	0.9876674	-0.2152800	-1.6090400	0.9053874	0.0275700	-1.6106100	0.9036474	0.1510400	-1.6490400	0.4970574	0.1266200	-1.7304400	0.1237074	0.1119300	-1.5923000	0.9084274	-0.0963200	-1.6558600	0.5054774	-0.0815000	-1.7189000	0.1181774	-0.0752000	-1.5477700	0.0747974	-0.0979200	-1.5614100	0.0763774	-0.0985100	-1.7592000	0.0841774	-0.0665800	-1.5627200	0.0735274	0.1446200	-1.5726600	0.0765774	0.1442800	-1.7617300	0.0906774	0.1009400	-1.5469042	0.9756606	0.2219889	-1.5174815	0.9841139	-0.1487250	-1.7719662	1.0101713	0.0893193	-1.7598475	1.0132277	-0.0563365	-1.6593928	0.4921819	0.2077619	-1.6399018	0.5020661	0.0656819	-1.7364566	0.1251835	0.1568504	-1.7016424	0.1338396	0.0671522	-1.5821952	0.0888464	0.1303731	-1.6392951	0.0781970	0.1826925	-1.8018129	0.1112156	0.0927332	-1.6598914	0.4968555	-0.1545117	-1.6470472	0.5043223	-0.0055361	-1.7314079	0.1210454	-0.1219174	-1.6975410	0.1261521	-0.0276810	-1.5697482	0.0825510	-0.0845510	-1.8026317	0.1023238	-0.0614134	-1.6220659	0.0748527	-0.1434134	-1.7084570	1.5377526	0.2093079	-1.6788712	1.5557791	-0.1499804	-1.8009476	1.5450490	0.0241327	-1.5659281	0.7324445	0.2417808	-1.6096151	0.6362252	0.2548407	-1.6991846	0.7368620	0.2606247	-1.5464268	0.7338769	-0.1920207	-1.5958156	0.6399652	-0.2055454	-1.6842535	0.7437785	-0.2179103	-1.6848338	0.3825705	0.1977433	-1.6758167	0.2664666	0.1997540	-1.7462974	0.2876282	0.1949716	-1.6816754	0.3850428	-0.1491176	-1.6671310	0.2655517	-0.1596449	-1.7463788	0.2882064	-0.1524242	-1.6609250	0.8747684	0.1347181	-1.6432965	0.8798917	-0.0892451	-1.7079780	1.1838478	0.3078518	-1.7184588	1.1731894	0.2227417	-1.5756245	0.9601070	0.2561423	-1.6360329	0.9308155	0.2834492	-1.6519990	1.2015363	-0.2598049	-1.6873880	1.1900849	-0.1898369	-1.5374036	0.9700755	-0.2006075	-1.5920666	0.9468392	-0.2277724
38	0.6166667	-1.7000300	1.4987674	0.0301300	-1.7025800	1.4858474	0.2079700	-1.6946400	1.2136874	0.2663600	-1.6189500	0.9687774	0.2719600	-1.6656800	1.5093674	-0.1478900	-1.6632600	1.2397474	-0.2225100	-1.5780600	0.9872974	-0.2151500	-1.6092100	0.9054674	0.0276500	-1.6108700	0.9037274	0.1511000	-1.6495700	0.4969874	0.1267200	-1.7309000	0.1235874	0.1120300	-1.5923900	0.9084574	-0.0962100	-1.6548000	0.5055074	-0.0816000	-1.7193900	0.1180374	-0.0752200	-1.5464500	0.0752374	-0.0979400	-1.5601500	0.0767874	-0.0985100	-1.7598300	0.0840874	-0.0665500	-1.5622400	0.0737174	0.1446400	-1.5722100	0.0767374	0.1443100	-1.7628700	0.0903574	0.1011200	-1.5469186	0.9758424	0.2221483	-1.5176701	0.9841641	-0.1487815	-1.7720076	1.0103864	0.0894638	-1.7599552	1.0133967	-0.0562723	-1.6599016	0.4923966	0.2077785	-1.6404480	0.5023008	0.0656804	-1.7368072	0.1254132	0.1568962	-1.7020051	0.1340812	0.0672104	-1.5824408	0.0892127	0.1303248	-1.6395771	0.0785081	0.1826428	-1.8021482	0.1114020	0.0927982	-1.6598754	0.4969992	-0.1546055	-1.6470051	0.5044848	-0.0055510	-1.7313071	0.1212706	-0.1219744	-1.6974225	0.1264201	-0.0277145	-1.5696673	0.0827632	-0.0845900	-1.8025044	0.1026387	-0.0615123	-1.6219395	0.0751095	-0.1434498	-1.7085897	1.5381489	0.2092709	-1.6792503	1.5561647	-0.1500851	-1.8012339	1.5454524	0.0241366	-1.5662073	0.7324900	0.2418507	-1.6099757	0.6363344	0.2548960	-1.6994149	0.7370238	0.2607636	-1.5465701	0.7340524	-0.1921100	-1.5959002	0.6401217	-0.2056531	-1.6844403	0.7438077	-0.2179688	-1.6853169	0.3828387	0.1977689	-1.6762361	0.2667464	0.1998019	-1.7467113	0.2878464	0.1949856	-1.6816411	0.3852021	-0.1491836	-1.6670757	0.2657482	-0.1597223	-1.7463322	0.2883743	-0.1524786	-1.6610694	0.8748770	0.1348783	-1.6435445	0.8799231	-0.0892170	-1.7084515	1.1839159	0.3078170	-1.7189813	1.1733070	0.2227208	-1.5760344	0.9603747	0.2560649	-1.6363535	0.9309897	0.2832311	-1.6526475	1.2015444	-0.2598261	-1.6880981	1.1901324	-0.1898280	-1.5381257	0.9700080	-0.2004526	-1.5928184	0.9468646	-0.2276315
39	0.6333333	-1.6998600	1.4987274	0.0301300	-1.7025700	1.4858174	0.2080200	-1.6948900	1.2133774	0.2664100	-1.6191800	0.9687674	0.2719700	-1.6653400	1.5093174	-0.1479100	-1.6631700	1.2396174	-0.2224900	-1.5775600	0.9872674	-0.2151600	-1.6089200	0.9054874	0.0275900	-1.6105700	0.9037474	0.1510200	-1.6498700	0.4970474	0.1267300	-1.7312600	0.1235174	0.1120500	-1.5921100	0.9084474	-0.0962500	-1.6544000	0.5055674	-0.0816200	-1.7201900	0.1179974	-0.0752400	-1.5454700	0.0757174	-0.0977900	-1.5592100	0.0772574	-0.0983800	-1.7606400	0.0839474	-0.0665500	-1.5618900	0.0737374	0.1446200	-1.5718700	0.0767574	0.1442900	-1.7633400	0.0901774	0.1011300	-1.5464967	0.9759598	0.2221613	-1.5173755	0.9841361	-0.1489837	-1.7716217	1.0105342	0.0894569	-1.7596182	1.0134930	-0.0563591	-1.6599689	0.4925191	0.2076788	-1.6405757	0.5024337	0.0655519	-1.7368079	0.1255103	0.1568710	-1.7020327	0.1341874	0.0671774	-1.5822165	0.0894639	0.1301933	-1.6394132	0.0786880	0.1825281	-1.8022110	0.1114228	0.0927915	-1.6593337	0.4970357	-0.1548247	-1.6464419	0.5045476	-0.0057014	-1.7307888	0.1213883	-0.1221308	-1.6968928	0.1265803	-0.0278458	-1.5690249	0.0829228	-0.0846822	-1.8020369	0.1028043	-0.0617288	-1.6212916	0.0752739	-0.1435607	-1.7082711	1.5384157	0.2091117	-1.6791078	1.5564246	-0.1503073	-1.8010363	1.5457454	0.0240151	-1.5660083	0.7324831	0.2417670	-1.6098717	0.6363775	0.2548167	-1.6991942	0.7371252	0.2607901	-1.5462245	0.7341566	-0.1923350	-1.5954838	0.6401906	-0.2058900	-1.6841300	0.7437525	-0.2181502	-1.6853739	0.3829941	0.1977003	-1.6762420	0.2669027	0.1997589	-1.7467467	0.2879518	0.1949258	-1.6811014	0.3852419	-0.1493674	-1.6665415	0.2658150	-0.1599001	-1.7458184	0.2884365	-0.1526543	-1.6607691	0.8749345	0.1349005	-1.6433194	0.8798946	-0.0893265	-1.7085193	1.1838921	0.3076452	-1.7190827	1.1733368	0.2225549	-1.5760514	0.9605401	0.2558731	-1.6362878	0.9310843	0.2828716	-1.6526794	1.2014788	-0.2599733	-1.6882152	1.1900969	-0.1899540	-1.5382447	0.9698706	-0.2003878	-1.5929289	0.9468116	-0.2275942
40	0.6500000	-1.6999500	1.4986074	0.0301600	-1.7025600	1.4856774	0.2081000	-1.6950300	1.2135774	0.2663700	-1.6192300	0.9688474	0.2719100	-1.6655000	1.5092074	-0.1479400	-1.6630700	1.2396674	-0.2223600	-1.5767900	0.9873874	-0.2151100	-1.6086800	0.9054274	0.0275800	-1.6101500	0.9037274	0.1509800	-1.6501900	0.4970674	0.1267200	-1.7316000	0.1234174	0.1119900	-1.5920600	0.9083474	-0.0962500	-1.6544900	0.5056374	-0.0815900	-1.7209500	0.1179974	-0.0752800	-1.5456100	0.0759274	-0.0975100	-1.5593600	0.0774574	-0.0981200	-1.7611300	0.0839274	-0.0666700	-1.5619700	0.0735974	0.1445800	-1.5719300	0.0766274	0.1442500	-1.7633200	0.0900974	0.1009500	-1.5461524	0.9759804	0.2222088	-1.5171469	0.9840281	-0.1491331	-1.7713045	1.0105854	0.0895086	-1.7593471	1.0134987	-0.0563814	-1.6601378	0.4925314	0.2076469	-1.6408101	0.5024518	0.0654899	-1.7369305	0.1254914	0.1569225	-1.7021825	0.1341737	0.0672153	-1.5820933	0.0895824	0.1301523	-1.6393591	0.0787316	0.1825091	-1.8024217	0.1113373	0.0928585	-1.6588998	0.4969713	-0.1549580	-1.6459914	0.5045067	-0.0057874	-1.7304872	0.1214210	-0.1221898	-1.6965888	0.1266470	-0.0278876	-1.5685465	0.0830327	-0.0846490	-1.8018349	0.1028630	-0.0618513	-1.6208235	0.0753585	-0.1435528	-1.7080416	1.5385453	0.2090132	-1.6790315	1.5565257	-0.1504470	-1.8008995	1.5458815	0.0239712	-1.5658719	0.7323826	0.2417331	-1.6098457	0.6363217	0.2547945	-1.6990350	0.7371390	0.2608729	-1.5459631	0.7341525	-0.1924816	-1.5951596	0.6401550	-0.2060412	-1.6838710	0.7436241	-0.2182495	-1.6855331	0.3830333	0.1977072	-1.6763498	0.2669392	0.1997933	-1.7469038	0.2879448	0.1949434	-1.6806891	0.3851806	-0.1494589	-1.6661647	0.2657770	-0.1599733	-1.7454647	0.2884174	-0.1527438	-1.6605133	0.8749101	0.1349707	-1.6431315	0.8797938	-0.0893770	-1.7086559	1.1837820	0.3075472	-1.7192522	1.1732829	0.2224434	-1.5761212	0.9606119	0.2557501	-1.6362803	0.9310962	0.2825646	-1.6526310	1.2013306	-0.2600528	-1.6882761	1.1899644	-0.1900142	-1.5382283	0.9696854	-0.2002058	-1.5928773	0.9466822	-0.2274563
41	0.6666667	-1.7003400	1.4984574	0.0302200	-1.7027300	1.4854974	0.2082000	-1.6951900	1.2140374	0.2662900	-1.6191800	0.9689774	0.2718600	-1.6660700	1.5090974	-0.1479500	-1.6632000	1.2398774	-0.2222000	-1.5765300	0.9874974	-0.2149900	-1.6086300	0.9055974	0.0276300	-1.6098300	0.9039574	0.1509900	-1.6505600	0.4970474	0.1267400	-1.7319000	0.1232774	0.1119100	-1.5922700	0.9084774	-0.0961600	-1.6546600	0.5057674	-0.0815400	-1.7213900	0.1179874	-0.0753200	-1.5466400	0.0757974	-0.0972200	-1.5603200	0.0773774	-0.0978400	-1.7611800	0.0839174	-0.0668600	-1.5622500	0.0734274	0.1445800	-1.5721900	0.0764674	0.1442300	-1.7630300	0.0900874	0.1007000	-1.5460143	0.9762163	0.2222980	-1.5171503	0.9841589	-0.1492068	-1.7711812	1.0108297	0.0896371	-1.7592809	1.0137059	-0.0563150	-1.6605539	0.4927449	0.2076575	-1.6412752	0.5026630	0.0654829	-1.7372519	0.1256449	0.1570110	-1.7025159	0.1343261	0.0673000	-1.5822066	0.0898186	0.1301789	-1.6395416	0.0789035	0.1825501	-1.8028146	0.1114535	0.0929591	-1.6587453	0.4971209	-0.1549878	-1.6458291	0.5046742	-0.0058025	-1.7305456	0.1216683	-0.1221728	-1.6966560	0.1269169	-0.0278708	-1.5684797	0.0833233	-0.0845238	-1.8019955	0.1031505	-0.0619010	-1.6207550	0.0756184	-0.1434477	-1.7080637	1.5388495	0.2089794	-1.6792194	1.5567723	-0.1505010	-1.8010011	1.5461526	0.0240099	-1.5659554	0.7324856	0.2417569	-1.6100526	0.6364705	0.2548204	-1.6990803	0.7373760	0.2609894	-1.5459468	0.7343388	-0.1925284	-1.5950902	0.6403217	-0.2060848	-1.6838156	0.7437386	-0.2182459	-1.6859265	0.3832703	0.1977586	-1.6766799	0.2671678	0.1998778	-1.7472872	0.2881215	0.1949916	-1.6805721	0.3853349	-0.1494523	-1.6661098	0.2659474	-0.1599511	-1.7454231	0.2886241	-0.1527451	-1.6604267	0.8751080	0.1350921	-1.6431289	0.8799295	-0.0893550	-1.7089547	1.1838903	0.3075175	-1.7195897	1.1734451	0.2223954	-1.5763280	0.9608962	0.2556874	-1.6364085	0.9313181	0.2823203	-1.6527183	1.2014036	-0.2600467	-1.6884849	1.1900385	-0.1899871	-1.5382930	0.9697415	-0.1999144	-1.5929039	0.9467694	-0.2272192
42	0.6833333	-1.7007600	1.4984274	0.0302800	-1.7032000	1.4854274	0.2082900	-1.6954700	1.2141874	0.2662800	-1.6191100	0.9690274	0.2718600	-1.6664500	1.5091074	-0.1479000	-1.6633800	1.2401774	-0.2220400	-1.5767000	0.9876274	-0.2149400	-1.6083300	0.9059074	0.0276600	-1.6093700	0.9041974	0.1509700	-1.6506500	0.4971774	0.1267800	-1.7319300	0.1231874	0.1118700	-1.5921300	0.9088074	-0.0960900	-1.6545600	0.5060374	-0.0815300	-1.7211700	0.1182074	-0.0752600	-1.5475900	0.0756674	-0.0970200	-1.5611500	0.0772874	-0.0976300	-1.7607800	0.0841374	-0.0669600	-1.5621300	0.0733874	0.1446100	-1.5720500	0.0764374	0.1442700	-1.7626100	0.0901374	0.1005400	-1.5456494	0.9765783	0.2223548	-1.5169482	0.9844555	-0.1492749	-1.7708023	1.0111589	0.0897616	-1.7589677	1.0140122	-0.0562393	-1.6607692	0.4930718	0.2076340	-1.6415128	0.5029789	0.0654584	-1.7373016	0.1258716	0.1570589	-1.7025565	0.1345449	0.0673598	-1.5820937	0.0900672	0.1301936	-1.6394923	0.0791030	0.1825699	-1.8029094	0.1116746	0.0930143	-1.6584256	0.4973969	-0.1550060	-1.6455009	0.5049669	-0.0058279	-1.7304864	0.1220373	-0.1221650	-1.6966047	0.1273008	-0.0278737	-1.5683993	0.0836614	-0.0844098	-1.8020057	0.1035998	-0.0619502	-1.6206521	0.0759401	-0.1433466	-1.7079717	1.5392436	0.2089430	-1.6792616	1.5570855	-0.1505335	-1.8009481	1.5464582	0.0240550	-1.5658188	0.7326890	0.2417617	-1.6100510	0.6367270	0.2548163	-1.6988947	0.7377424	0.2610535	-1.5457249	0.7346262	-0.1925607	-1.5948294	0.6406017	-0.2061103	-1.6835299	0.7440040	-0.2182326	-1.6860997	0.3836157	0.1977772	-1.6767722	0.2674973	0.1999374	-1.7474364	0.2883867	0.1949882	-1.6803011	0.3856165	-0.1494428	-1.6659179	0.2662353	-0.1599307	-1.7452354	0.2889663	-0.1527461	-1.6600681	0.8754285	0.1351797	-1.6428676	0.8802115	-0.0893436	-1.7090445	1.1841127	0.3074548	-1.7197043	1.1737174	0.2223366	-1.5763069	0.9612875	0.2556153	-1.6363005	0.9316358	0.2820674	-1.6526134	1.2016125	-0.2600307	-1.6884985	1.1902352	-0.1899469	-1.5381360	0.9699250	-0.1996287	-1.5927208	0.9469764	-0.2269856
43	0.7000000	-1.7009800	1.4984774	0.0303400	-1.7037700	1.4854374	0.2083100	-1.6959600	1.2138274	0.2663500	-1.6190700	0.9689874	0.2719000	-1.6663400	1.5092074	-0.1477800	-1.6630000	1.2406074	-0.2218400	-1.5769100	0.9878074	-0.2150200	-1.6077000	0.9063174	0.0276400	-1.6087900	0.9045574	0.1509000	-1.6503000	0.4975974	0.1268000	-1.7316300	0.1232874	0.1119000	-1.5914600	0.9092874	-0.0960700	-1.6542000	0.5065474	-0.0815300	-1.7201000	0.1189474	-0.0749900	-1.5479100	0.0757674	-0.0969300	-1.5613500	0.0774374	-0.0975200	-1.7597500	0.0847874	-0.0667600	-1.5612700	0.0735974	0.1446900	-1.5712100	0.0766374	0.1443400	-1.7620000	0.0903374	0.1005200	-1.5449945	0.9770183	0.2223524	-1.5164397	0.9848850	-0.1493487	-1.7700819	1.0115301	0.0898347	-1.7583064	1.0143804	-0.0561960	-1.6606651	0.4934891	0.2075545	-1.6413974	0.5033792	0.0653877	-1.7369472	0.1261560	0.1570623	-1.7021675	0.1348176	0.0673877	-1.5815885	0.0903446	0.1301972	-1.6390494	0.0793330	0.1825747	-1.8025770	0.1119692	0.0930114	-1.6578271	0.4977727	-0.1550466	-1.6448846	0.5053618	-0.0058980	-1.7301133	0.1225116	-0.1221516	-1.6962286	0.1277893	-0.0278818	-1.5681149	0.0840379	-0.0843335	-1.8016465	0.1041957	-0.0619683	-1.6203257	0.0763234	-0.1432642	-1.7077274	1.5396767	0.2088727	-1.6790680	1.5574263	-0.1505637	-1.8006706	1.5467548	0.0240682	-1.5653705	0.7329634	0.2417261	-1.6097399	0.6370633	0.2547615	-1.6984008	0.7381981	0.2610336	-1.5451972	0.7349974	-0.1926098	-1.5942733	0.6409734	-0.2061498	-1.6829237	0.7443813	-0.2182400	-1.6859297	0.3840492	0.1977468	-1.6764981	0.2679114	0.1999646	-1.7472260	0.2887194	0.1949185	-1.6797419	0.3860021	-0.1494545	-1.6654300	0.2666221	-0.1599230	-1.7447474	0.2894173	-0.1527531	-1.6593692	0.8758271	0.1351931	-1.6422566	0.8806046	-0.0893738	-1.7089346	1.1843792	0.3073179	-1.7195732	1.1740338	0.2222281	-1.5760612	0.9617285	0.2555311	-1.6359584	0.9319865	0.2817907	-1.6522301	1.2019211	-0.2600202	-1.6882241	1.1905265	-0.1899245	-1.5377407	0.9701812	-0.1994055	-1.5923050	0.9472691	-0.2268014
44	0.7166667	-1.7009600	1.4985574	0.0304000	-1.7042000	1.4854574	0.2083000	-1.6963000	1.2134074	0.2663600	-1.6190900	0.9688874	0.2719400	-1.6659300	1.5093574	-0.1476200	-1.6620900	1.2410174	-0.2216100	-1.5770200	0.9880474	-0.2151600	-1.6071700	0.9068574	0.0276000	-1.6084400	0.9050374	0.1508500	-1.6497500	0.4982274	0.1267900	-1.7313900	0.1235574	0.1119500	-1.5907700	0.9098874	-0.0960800	-1.6537400	0.5071974	-0.0815000	-1.7188900	0.1197974	-0.0745500	-1.5476800	0.0760374	-0.0969300	-1.5610600	0.0777374	-0.0975000	-1.7587600	0.0857074	-0.0662900	-1.5602500	0.0738974	0.1448300	-1.5701900	0.0769274	0.1444900	-1.7614500	0.0906774	0.1005100	-1.5444762	0.9775648	0.2223285	-1.5160235	0.9854680	-0.1493952	-1.7694549	1.0119900	0.0898651	-1.7577199	1.0148540	-0.0561771	-1.6606133	0.4940395	0.2074582	-1.6412992	0.5039077	0.0653039	-1.7365851	0.1265418	0.1570675	-1.7017441	0.1351896	0.0674247	-1.5810511	0.0907153	0.1302422	-1.6385830	0.0796596	0.1826178	-1.8022217	0.1123651	0.0929915	-1.6573312	0.4982868	-0.1550831	-1.6443567	0.5059029	-0.0059799	-1.7297466	0.1231225	-0.1220702	-1.6958429	0.1284223	-0.0278306	-1.5679064	0.0844994	-0.0842549	-1.8012389	0.1049605	-0.0618855	-1.6200666	0.0768204	-0.1431566	-1.7077151	1.5401739	0.2088025	-1.6789955	1.5578443	-0.1505668	-1.8005523	1.5471052	0.0240671	-1.5650216	0.7333655	0.2416844	-1.6095154	0.6375296	0.2546942	-1.6980221	0.7387758	0.2609668	-1.5447667	0.7355023	-0.1926610	-1.5938171	0.6414805	-0.2061846	-1.6824156	0.7448951	-0.2182434	-1.6857961	0.3846106	0.1977084	-1.6762446	0.2684513	0.2000012	-1.7470417	0.2891613	0.1948277	-1.6792604	0.3865272	-0.1494519	-1.6649924	0.2671469	-0.1598866	-1.7443122	0.2900040	-0.1527172	-1.6587762	0.8763392	0.1351604	-1.6417252	0.8811398	-0.0894208	-1.7089999	1.1847008	0.3071453	-1.7195758	1.1744089	0.2220887	-1.5759803	0.9622267	0.2554716	-1.6357854	0.9323898	0.2815250	-1.6518792	1.2023472	-0.2599864	-1.6879754	1.1909462	-0.1899014	-1.5374783	0.9705301	-0.1992356	-1.5920182	0.9476761	-0.2266549
45	0.7333333	-1.7008800	1.4985874	0.0304700	-1.7044600	1.4854174	0.2083500	-1.6959300	1.2135474	0.2662000	-1.6191000	0.9688174	0.2719500	-1.6655300	1.5094374	-0.1475000	-1.6614400	1.2412674	-0.2214500	-1.5770900	0.9882574	-0.2152500	-1.6070100	0.9074674	0.0276300	-1.6084800	0.9056474	0.1508800	-1.6492400	0.4988874	0.1267300	-1.7315600	0.1239574	0.1119200	-1.5904200	0.9105174	-0.0960400	-1.6532700	0.5078274	-0.0814500	-1.7187900	0.1201674	-0.0741700	-1.5472700	0.0762374	-0.0969800	-1.5607000	0.0779274	-0.0975400	-1.7589600	0.0859274	-0.0657500	-1.5600800	0.0740574	0.1450500	-1.5700200	0.0770874	0.1447000	-1.7615000	0.0910174	0.1004000	-1.5443550	0.9781785	0.2223791	-1.5159478	0.9861153	-0.1493347	-1.7692047	1.0124941	0.0899147	-1.7574877	1.0153693	-0.0561251	-1.6608300	0.4946677	0.2074301	-1.6414461	0.5045112	0.0653047	-1.7365650	0.1269740	0.1571278	-1.7016454	0.1356041	0.0675258	-1.5808490	0.0910987	0.1303839	-1.6384640	0.0800214	0.1827412	-1.8022013	0.1128154	0.0930125	-1.6571936	0.4988656	-0.1550272	-1.6441697	0.5065152	-0.0059860	-1.7297098	0.1237653	-0.1218661	-1.6957740	0.1290957	-0.0276649	-1.5680110	0.0849590	-0.0841098	-1.8011464	0.1057680	-0.0616609	-1.6201361	0.0773370	-0.1429654	-1.7081223	1.5406771	0.2088137	-1.6792246	1.5583088	-0.1504841	-1.8007998	1.5474961	0.0241085	-1.5650291	0.7338726	0.2417040	-1.6096166	0.6380896	0.2546874	-1.6980072	0.7394219	0.2609394	-1.5446963	0.7360715	-0.1926432	-1.5937229	0.6420511	-0.2061376	-1.6822763	0.7454717	-0.2181541	-1.6859502	0.3852301	0.1977372	-1.6763069	0.2690361	0.2001012	-1.7471696	0.2896664	0.1947907	-1.6791300	0.3871060	-0.1493551	-1.6648995	0.2677184	-0.1597518	-1.7442255	0.2906315	-0.1525678	-1.6585704	0.8769226	0.1351757	-1.6415475	0.8817446	-0.0893996	-1.7093355	1.1850341	0.3070325	-1.7198527	1.1747981	0.2220002	-1.5762068	0.9627072	0.2554855	-1.6359437	0.9327949	0.2813338	-1.6517593	1.2028068	-0.2598717	-1.6879539	1.1914234	-0.1898077	-1.5375381	0.9708995	-0.1990428	-1.5920523	0.9481173	-0.2264742
46	0.7500000	-1.7009000	1.4985874	0.0305500	-1.7047300	1.4854074	0.2084600	-1.6951100	1.2141674	0.2659700	-1.6189700	0.9687974	0.2719200	-1.6653000	1.5094474	-0.1474200	-1.6615600	1.2412574	-0.2214000	-1.5771500	0.9883874	-0.2152800	-1.6071400	0.9079974	0.0277400	-1.6088000	0.9062074	0.1510100	-1.6489000	0.4993474	0.1266500	-1.7319100	0.1243974	0.1118100	-1.5903700	0.9110674	-0.0959300	-1.6527100	0.5082274	-0.0814400	-1.7196500	0.1198774	-0.0739800	-1.5470200	0.0761974	-0.0970300	-1.5605100	0.0778374	-0.0975900	-1.7601500	0.0854174	-0.0654000	-1.5608700	0.0740374	0.1452800	-1.5707900	0.0770674	0.1449100	-1.7619400	0.0913074	0.1002500	-1.5445613	0.9787260	0.2225072	-1.5161286	0.9866561	-0.1491579	-1.7692564	1.0129055	0.0899694	-1.7575308	1.0157766	-0.0560512	-1.6612138	0.4952117	0.2074667	-1.6417442	0.5050331	0.0654055	-1.7368786	0.1273200	0.1572021	-1.7018708	0.1359271	0.0676581	-1.5810370	0.0913427	0.1305837	-1.6387405	0.0802832	0.1828933	-1.8024949	0.1132004	0.0930387	-1.6573100	0.4993465	-0.1548834	-1.6442279	0.5070250	-0.0059129	-1.7299974	0.1242364	-0.1215928	-1.6960292	0.1295983	-0.0274255	-1.5683747	0.0852417	-0.0839131	-1.8014072	0.1063899	-0.0613639	-1.6204894	0.0776887	-0.1427252	-1.7087876	1.5410331	0.2088936	-1.6796036	1.5586726	-0.1503296	-1.8012611	1.5478021	0.0241687	-1.5653172	0.7343465	0.2417751	-1.6099555	0.6385959	0.2547302	-1.6982619	0.7399849	0.2609425	-1.5448875	0.7365511	-0.1925523	-1.5938894	0.6425294	-0.2060105	-1.6824069	0.7459577	-0.2179736	-1.6863146	0.3857422	0.1978174	-1.6766431	0.2694972	0.2002313	-1.7475533	0.2900959	0.1947875	-1.6792702	0.3875635	-0.1491791	-1.6651000	0.2681541	-0.1595409	-1.7444358	0.2911143	-0.1523445	-1.6586750	0.8774404	0.1352479	-1.6416375	0.8822592	-0.0892976	-1.7097508	1.1852672	0.3069900	-1.7202470	1.1750835	0.2219726	-1.5765704	0.9630382	0.2555369	-1.6362682	0.9330794	0.2811957	-1.6518263	1.2031408	-0.2597000	-1.6881130	1.1917941	-0.1896465	-1.5378000	0.9711400	-0.1988148	-1.5922975	0.9484270	-0.2262524
47	0.7666667	-1.7012300	1.4985774	0.0306400	-1.7052100	1.4854174	0.2085500	-1.6947400	1.2145574	0.2658900	-1.6188000	0.9687574	0.2718800	-1.6655000	1.5094174	-0.1473200	-1.6622300	1.2411274	-0.2213900	-1.5770600	0.9884474	-0.2152600	-1.6074900	0.9083274	0.0278900	-1.6093600	0.9064574	0.1512100	-1.6486200	0.4994574	0.1266000	-1.7319900	0.1246874	0.1116800	-1.5905000	0.9114474	-0.0958300	-1.6523300	0.5082774	-0.0813800	-1.7201300	0.1197374	-0.0739800	-1.5471000	0.0762074	-0.0969500	-1.5605900	0.0778374	-0.0975100	-1.7609100	0.0851274	-0.0654000	-1.5615700	0.0740474	0.1454400	-1.5714800	0.0770774	0.1450500	-1.7619300	0.0915374	0.1001400	-1.5450421	0.9790742	0.2226712	-1.5164981	0.9869904	-0.1489046	-1.7695438	1.0131121	0.0900027	-1.7577779	1.0159774	-0.0559819	-1.6616642	0.4955260	0.2075184	-1.6420974	0.5053363	0.0655511	-1.7373269	0.1274844	0.1572324	-1.7022277	0.1360722	0.0677633	-1.5814492	0.0914021	0.1307846	-1.6392304	0.0803871	0.1830231	-1.8028829	0.1134178	0.0930066	-1.6575450	0.4996122	-0.1547011	-1.6444232	0.5073071	-0.0057956	-1.7304518	0.1244324	-0.1213163	-1.6964717	0.1298197	-0.0271670	-1.5688766	0.0852906	-0.0836917	-1.8018686	0.1067057	-0.0610724	-1.6209839	0.0778116	-0.1424797	-1.7096012	1.5411224	0.2089820	-1.6800524	1.5587895	-0.1501433	-1.8018251	1.5478941	0.0242071	-1.5658064	0.7346507	0.2418695	-1.6104434	0.6389065	0.2547872	-1.6987027	0.7403229	0.2609339	-1.5452202	0.7368455	-0.1924071	-1.5941849	0.6428123	-0.2058367	-1.6826897	0.7462423	-0.2177606	-1.6867647	0.3860200	0.1978940	-1.6770999	0.2697251	0.2003412	-1.7480319	0.2903283	0.1947613	-1.6795390	0.3877884	-0.1489713	-1.6654428	0.2683493	-0.1592974	-1.7447883	0.2913457	-0.1521176	-1.6590204	0.8777616	0.1353378	-1.6419159	0.8825728	-0.0891533	-1.7102094	1.1853061	0.3069875	-1.7207168	1.1751684	0.2219739	-1.5769905	0.9631444	0.2555821	-1.6366653	0.9331523	0.2810670	-1.6520609	1.2032467	-0.2595286	-1.6884304	1.1919365	-0.1894621	-1.5381574	0.9711708	-0.1985747	-1.5926500	0.9485068	-0.2260153
48	0.7833333	-1.7017300	1.4985974	0.0307100	-1.7055400	1.4854574	0.2085000	-1.6954100	1.2142574	0.2660400	-1.6189900	0.9686774	0.2718700	-1.6662000	1.5094374	-0.1471600	-1.6631200	1.2411274	-0.2213900	-1.5765700	0.9884574	-0.2152200	-1.6081100	0.9085274	0.0279900	-1.6104000	0.9064774	0.1514300	-1.6482400	0.4991674	0.1266600	-1.7317100	0.1248174	0.1115100	-1.5907000	0.9118274	-0.0958300	-1.6529300	0.5079174	-0.0811800	-1.7196900	0.1199574	-0.0741100	-1.5468000	0.0763974	-0.0968000	-1.5603100	0.0780474	-0.0973700	-1.7615000	0.0851374	-0.0656100	-1.5615800	0.0741374	0.1455500	-1.5714700	0.0771674	0.1451400	-1.7609700	0.0918574	0.0998800	-1.5458374	0.9792636	0.2228003	-1.5170886	0.9872067	-0.1486769	-1.7701313	1.0131984	0.0899463	-1.7582884	1.0160732	-0.0559987	-1.6621870	0.4956580	0.2075162	-1.6424937	0.5054728	0.0656592	-1.7377292	0.1275358	0.1571374	-1.7025236	0.1361208	0.0677603	-1.5818785	0.0914021	0.1309227	-1.6397252	0.0804381	0.1830633	-1.8031630	0.1135132	0.0928282	-1.6579712	0.4997255	-0.1545664	-1.6448556	0.5074410	-0.0057034	-1.7309791	0.1244548	-0.1211207	-1.6970188	0.1298757	-0.0269672	-1.5694037	0.0852725	-0.0834829	-1.8024286	0.1067889	-0.0608829	-1.6214955	0.0778422	-0.1422848	-1.7105581	1.5410357	0.2090011	-1.6806385	1.5587443	-0.1500076	-1.8025288	1.5478640	0.0241637	-1.5665385	0.7348553	0.2419387	-1.6111121	0.6390802	0.2548040	-1.6993843	0.7404812	0.2608406	-1.5457256	0.7370172	-0.1922817	-1.5946506	0.6429593	-0.2056987	-1.6831690	0.7463947	-0.2176278	-1.6872582	0.3861243	0.1978889	-1.6775785	0.2698033	0.2003573	-1.7485085	0.2904074	0.1946289	-1.6799681	0.3878637	-0.1488188	-1.6659014	0.2684015	-0.1591074	-1.7452658	0.2914030	-0.1519777	-1.6596657	0.8779448	0.1353642	-1.6424374	0.8827736	-0.0890669	-1.7108696	1.1852169	0.3069583	-1.7213954	1.1751222	0.2219308	-1.5775725	0.9631255	0.2555698	-1.6372289	0.9330959	0.2808840	-1.6525080	1.2032193	-0.2594494	-1.6889554	1.1919236	-0.1893464	-1.5385897	0.9711265	-0.1983915	-1.5930806	0.9484745	-0.2258378
49	0.8000000	-1.7016800	1.4986274	0.0306400	-1.7048600	1.4854674	0.2081700	-1.6967300	1.2137574	0.2663300	-1.6197100	0.9686274	0.2719600	-1.6668400	1.5094774	-0.1470200	-1.6640300	1.2414374	-0.2213500	-1.5756800	0.9884374	-0.2151700	-1.6086500	0.9085374	0.0279600	-1.6115600	0.9064074	0.1515800	-1.6479200	0.4985574	0.1268600	-1.7312600	0.1249174	0.1112500	-1.5905900	0.9120974	-0.0959900	-1.6548600	0.5072074	-0.0807900	-1.7193800	0.1201174	-0.0742100	-1.5449700	0.0769474	-0.0969300	-1.5586700	0.0785574	-0.0974800	-1.7643100	0.0847774	-0.0655000	-1.5617600	0.0740174	0.1457900	-1.5715600	0.0771274	0.1453300	-1.7590500	0.0924374	0.0992900	-1.5465591	0.9792428	0.2228442	-1.5175330	0.9872368	-0.1485880	-1.7706908	1.0131114	0.0897293	-1.7587416	1.0160034	-0.0561961	-1.6624579	0.4955340	0.2074536	-1.6425898	0.5053710	0.0657243	-1.7377049	0.1274239	0.1568665	-1.7023660	0.1360304	0.0676024	-1.5819639	0.0912986	0.1309857	-1.6398661	0.0803958	0.1829704	-1.8029257	0.1134324	0.0924513	-1.6584351	0.4995856	-0.1545327	-1.6453631	0.5073577	-0.0056697	-1.7313455	0.1242696	-0.1210551	-1.6974220	0.1297531	-0.0268680	-1.5695419	0.0852454	-0.0833262	-1.8028924	0.1065597	-0.0608372	-1.6216615	0.0777898	-0.1421936	-1.7112432	1.5407640	0.2088935	-1.6810216	1.5585523	-0.1499965	-1.8030186	1.5477170	0.0239850	-1.5671899	0.7349285	0.2419512	-1.6116432	0.6390678	0.2547586	-1.6999817	0.7403891	0.2606186	-1.5461196	0.7369235	-0.1922674	-1.5950565	0.6428380	-0.2056781	-1.6835869	0.7463261	-0.2176731	-1.6874566	0.3859814	0.1977802	-1.6777279	0.2696727	0.2002347	-1.7486284	0.2902681	0.1943591	-1.6803912	0.3877128	-0.1487825	-1.6662777	0.2682488	-0.1590389	-1.7456871	0.2912161	-0.1519728	-1.6602682	0.8779359	0.1352673	-1.6428728	0.8827969	-0.0891364	-1.7114997	1.1849488	0.3068574	-1.7220347	1.1748991	0.2217995	-1.5780914	0.9629351	0.2554777	-1.6377368	0.9328621	0.2806122	-1.6528376	1.2030267	-0.2595320	-1.6893751	1.1917108	-0.1893777	-1.5387382	0.9710030	-0.1983147	-1.5932255	0.9483178	-0.2257839
50	0.8166667	-1.7007900	1.4985274	0.0304300	-1.7031400	1.4852974	0.2076800	-1.6977700	1.2137574	0.2665600	-1.6207100	0.9687374	0.2721100	-1.6668300	1.5094774	-0.1470100	-1.6649000	1.2420174	-0.2212800	-1.5749300	0.9883674	-0.2151500	-1.6085300	0.9079974	0.0277800	-1.6120300	0.9056974	0.1515000	-1.6479500	0.4979174	0.1271200	-1.7309500	0.1248874	0.1110100	-1.5898900	0.9118074	-0.0962400	-1.6571800	0.5064574	-0.0803300	-1.7197600	0.1196874	-0.0741300	-1.5416400	0.0776774	-0.0974300	-1.5557300	0.0792174	-0.0979300	-1.7693100	0.0836374	-0.0648000	-1.5626700	0.0735474	0.1461800	-1.5723600	0.0768174	0.1456600	-1.7572100	0.0928874	0.0986300	-1.5466058	0.9786728	0.2227830	-1.5172642	0.9867067	-0.1486689	-1.7706423	1.0125034	0.0893360	-1.7585727	1.0154082	-0.0565925	-1.6620569	0.4948286	0.2073684	-1.6419526	0.5047078	0.0657925	-1.7369811	0.1268545	0.1564402	-1.7014760	0.1355037	0.0673120	-1.5814629	0.0907716	0.1310172	-1.6394233	0.0799612	0.1827690	-1.8018930	0.1128975	0.0918982	-1.6585726	0.4988289	-0.1545928	-1.6455509	0.5067036	-0.0056748	-1.7312618	0.1235644	-0.1210775	-1.6973675	0.1291407	-0.0268201	-1.5688053	0.0849777	-0.0832405	-1.8030340	0.1056612	-0.0608577	-1.6210644	0.0773926	-0.1422168	-1.7110607	1.5399933	0.2086401	-1.6806582	1.5579185	-0.1501305	-1.8027333	1.5471367	0.0236595	-1.5672475	0.7345179	0.2419099	-1.6115642	0.6385286	0.2546659	-1.6999709	0.7397059	0.2602650	-1.5459235	0.7361472	-0.1924034	-1.5949779	0.6420495	-0.2057991	-1.6834676	0.7456702	-0.2179158	-1.6869784	0.3852646	0.1976011	-1.6772182	0.2690032	0.1999892	-1.7480522	0.2896156	0.1939876	-1.6804668	0.3869827	-0.1488518	-1.6662488	0.2675454	-0.1590764	-1.7457453	0.2904522	-0.1520685	-1.6602399	0.8773853	0.1350329	-1.6426547	0.8822712	-0.0893821	-1.7116277	1.1842056	0.3066953	-1.7221591	1.1742046	0.2216029	-1.5781248	0.9622535	0.2553335	-1.6377717	0.9321324	0.2802753	-1.6526133	1.2023589	-0.2597707	-1.6892616	1.1909874	-0.1895605	-1.5381810	0.9704746	-0.1983361	-1.5926759	0.9477179	-0.2258524
51	0.8333333	-1.6998800	1.4983774	0.0302600	-1.7015900	1.4850974	0.2073600	-1.6981800	1.2140874	0.2666600	-1.6215000	0.9689274	0.2722200	-1.6665800	1.5093974	-0.1470800	-1.6657000	1.2423874	-0.2212300	-1.5747700	0.9883574	-0.2152100	-1.6080600	0.9074774	0.0275700	-1.6119000	0.9051074	0.1512900	-1.6481000	0.4975874	0.1272700	-1.7310300	0.1245574	0.1108600	-1.5891000	0.9113074	-0.0964400	-1.6585300	0.5059374	-0.0800400	-1.7201200	0.1188974	-0.0739000	-1.5387900	0.0782774	-0.0979100	-1.5531500	0.0797374	-0.0983400	-1.7729400	0.0821774	-0.0639100	-1.5635000	0.0731574	0.1464100	-1.5731500	0.0764874	0.1458700	-1.7570200	0.0926374	0.0982500	-1.5462947	0.9781334	0.2227134	-1.5166042	0.9861710	-0.1487693	-1.7702858	1.0119580	0.0888813	-1.7580832	1.0148613	-0.0570514	-1.6614176	0.4941541	0.2073405	-1.6410149	0.5040941	0.0659156	-1.7361854	0.1263749	0.1560000	-1.7004757	0.1350807	0.0670086	-1.5809035	0.0903655	0.1311168	-1.6389566	0.0796701	0.1825981	-1.8007541	0.1124411	0.0913039	-1.6586551	0.4980602	-0.1546192	-1.6456984	0.5060498	-0.0056083	-1.7310750	0.1228949	-0.1210218	-1.6972148	0.1285696	-0.0266674	-1.5675813	0.0849927	-0.0831480	-1.8032089	0.1046472	-0.0607562	-1.6200765	0.0772051	-0.1422389	-1.7103552	1.5392839	0.2083512	-1.6799120	1.5573876	-0.1503125	-1.8020178	1.5466765	0.0232976	-1.5670462	0.7341542	0.2419143	-1.6112481	0.6380266	0.2546223	-1.6997031	0.7390378	0.2598967	-1.5454413	0.7353028	-0.1925629	-1.5947040	0.6412106	-0.2059303	-1.6830965	0.7450257	-0.2182091	-1.6863100	0.3845737	0.1974572	-1.6765894	0.2683632	0.1997522	-1.7473279	0.2890370	0.1936334	-1.6804766	0.3862613	-0.1488828	-1.6661206	0.2668689	-0.1590632	-1.7457456	0.2896954	-0.1521072	-1.6598842	0.8768731	0.1347635	-1.6420895	0.8817606	-0.0896692	-1.7115421	1.1835696	0.3065759	-1.7220608	1.1736217	0.2214572	-1.5779856	0.9616636	0.2552442	-1.6376324	0.9314882	0.2799975	-1.6522528	1.2017853	-0.2600151	-1.6890083	1.1903331	-0.1897412	-1.5373940	0.9700735	-0.1983518	-1.5919215	0.9472240	-0.2259231
52	0.8500000	-1.6999200	1.4982774	0.0302700	-1.7013500	1.4849774	0.2074300	-1.6983500	1.2143174	0.2666800	-1.6217200	0.9689974	0.2721800	-1.6668600	1.5093274	-0.1471400	-1.6660100	1.2422574	-0.2212500	-1.5750300	0.9884974	-0.2153200	-1.6083100	0.9072774	0.0274800	-1.6121100	0.9049374	0.1511900	-1.6478700	0.4976574	0.1272000	-1.7314400	0.1242074	0.1108600	-1.5894000	0.9110974	-0.0965000	-1.6584800	0.5057774	-0.0800600	-1.7198100	0.1185374	-0.0738300	-1.5385200	0.0782474	-0.0979000	-1.5528200	0.0796874	-0.0983300	-1.7725400	0.0819374	-0.0636900	-1.5634100	0.0730874	0.1462100	-1.5731300	0.0764074	0.1457000	-1.7585700	0.0919374	0.0983300	-1.5466913	0.9779171	0.2227721	-1.5166410	0.9859576	-0.1487445	-1.7706810	1.0117910	0.0885618	-1.7583387	1.0146926	-0.0573751	-1.6614709	0.4938152	0.2074490	-1.6407615	0.5038277	0.0661165	-1.7363108	0.1262301	0.1557233	-1.7003878	0.1349998	0.0668255	-1.5811242	0.0903016	0.1313152	-1.6393120	0.0797353	0.1825897	-1.8006102	0.1123134	0.0908618	-1.6593912	0.4976681	-0.1545369	-1.6465437	0.5057291	-0.0053879	-1.7315263	0.1225589	-0.1208165	-1.6977332	0.1282968	-0.0263344	-1.5669474	0.0853652	-0.0829766	-1.8040703	0.1039242	-0.0604662	-1.6196735	0.0773863	-0.1421712	-1.7102063	1.5389000	0.2082221	-1.6798608	1.5571805	-0.1503884	-1.8019299	1.5465721	0.0230970	-1.5675226	0.7340855	0.2420743	-1.6116185	0.6378330	0.2547386	-1.7001679	0.7386923	0.2596968	-1.5455869	0.7348466	-0.1926127	-1.5950622	0.6407615	-0.2059605	-1.6834044	0.7447472	-0.2184232	-1.6864023	0.3842149	0.1974580	-1.6767869	0.2680415	0.1996734	-1.7474266	0.2888050	0.1934493	-1.6811298	0.3859114	-0.1487895	-1.6666171	0.2665619	-0.1589152	-1.7463916	0.2892941	-0.1520151	-1.6602615	0.8766842	0.1346134	-1.6422500	0.8815718	-0.0898391	-1.7120953	1.1833230	0.3066353	-1.7226287	1.1734236	0.2214779	-1.5784886	0.9614648	0.2553070	-1.6381284	0.9312309	0.2799093	-1.6526606	1.2015733	-0.2601347	-1.6894930	1.1900381	-0.1897831	-1.5373387	0.9700564	-0.1982617	-1.5919146	0.9471029	-0.2258831
53	0.8666667	-1.7008900	1.4983274	0.0304500	-1.7024600	1.4850274	0.2078000	-1.6985600	1.2143574	0.2666500	-1.6213400	0.9688274	0.2720400	-1.6676300	1.5093274	-0.1471500	-1.6654200	1.2418174	-0.2213400	-1.5753300	0.9887074	-0.2153900	-1.6096200	0.9076074	0.0275700	-1.6129300	0.9054274	0.1512800	-1.6471200	0.4980774	0.1269900	-1.7320700	0.1241074	0.1109900	-1.5911600	0.9114074	-0.0964600	-1.6574000	0.5060074	-0.0803300	-1.7190800	0.1190374	-0.0741300	-1.5415100	0.0775074	-0.0973300	-1.5554700	0.0790474	-0.0978300	-1.7680800	0.0831974	-0.0645800	-1.5624500	0.0734474	0.1456600	-1.5722800	0.0766874	0.1452100	-1.7609600	0.0913174	0.0987500	-1.5481074	0.9782251	0.2230020	-1.5177584	0.9863157	-0.1485731	-1.7721472	1.0122000	0.0885216	-1.7596858	1.0151189	-0.0574304	-1.6622885	0.4940248	0.2076562	-1.6413425	0.5041061	0.0663424	-1.7373934	0.1265758	0.1556637	-1.7013053	0.1354049	0.0667938	-1.5820622	0.0906605	0.1315185	-1.6404122	0.0802292	0.1827238	-1.8015935	0.1127002	0.0906737	-1.6607409	0.4979219	-0.1543722	-1.6480532	0.5059761	-0.0050745	-1.7326087	0.1227896	-0.1205820	-1.6989261	0.1285319	-0.0259661	-1.5673201	0.0860150	-0.0827821	-1.8054663	0.1038943	-0.0601596	-1.6201581	0.0779345	-0.1420545	-1.7109707	1.5390174	0.2083435	-1.6808480	1.5574311	-0.1502901	-1.8028036	1.5469538	0.0231707	-1.5688280	0.7345111	0.2423790	-1.6127799	0.6381538	0.2549994	-1.7015493	0.7388776	0.2597371	-1.5465831	0.7351221	-0.1925120	-1.5961702	0.6410240	-0.2058673	-1.6846081	0.7450745	-0.2184896	-1.6873123	0.3844039	0.1975862	-1.6778362	0.2682482	0.1997572	-1.7483952	0.2890922	0.1934669	-1.6823965	0.3861904	-0.1486138	-1.6677361	0.2668755	-0.1587004	-1.7476320	0.2895045	-0.1518671	-1.6616862	0.8770050	0.1346655	-1.6434935	0.8819216	-0.0898223	-1.7133806	1.1836178	0.3068847	-1.7239859	1.1737456	0.2216622	-1.5796814	0.9618267	0.2555127	-1.6393058	0.9315373	0.2800254	-1.6538625	1.2018826	-0.2601015	-1.6907418	1.1902792	-0.1896670	-1.5381173	0.9705666	-0.1980453	-1.5927320	0.9475092	-0.2257160
54	0.8833333	-1.7020000	1.4984374	0.0306700	-1.7042100	1.4852174	0.2082300	-1.6986900	1.2142974	0.2665800	-1.6208600	0.9685174	0.2719000	-1.6680800	1.5092974	-0.1470800	-1.6642300	1.2412374	-0.2214900	-1.5755500	0.9888174	-0.2153900	-1.6109400	0.9082774	0.0277100	-1.6136100	0.9060174	0.1514400	-1.6463800	0.4986174	0.1267700	-1.7331700	0.1240174	0.1111800	-1.5931200	0.9120274	-0.0963600	-1.6561000	0.5063674	-0.0807000	-1.7186800	0.1197974	-0.0746200	-1.5462000	0.0764374	-0.0966600	-1.5597100	0.0780474	-0.0972500	-1.7622400	0.0845874	-0.0659700	-1.5609700	0.0741774	0.1451200	-1.5709100	0.0772574	0.1447300	-1.7639900	0.0907074	0.0991800	-1.5494726	0.9788711	0.2232563	-1.5189628	0.9870704	-0.1484225	-1.7735994	1.0129464	0.0886986	-1.7610710	1.0159062	-0.0572889	-1.6627998	0.4945984	0.2077843	-1.6417437	0.5047202	0.0664479	-1.7383920	0.1271569	0.1556970	-1.7022348	0.1360225	0.0668019	-1.5826244	0.0911236	0.1315407	-1.6411533	0.0808132	0.1828205	-1.8027414	0.1133542	0.0906662	-1.6616295	0.4985881	-0.1542886	-1.6491006	0.5065771	-0.0048881	-1.7333408	0.1233900	-0.1205703	-1.6997702	0.1290895	-0.0258532	-1.5679354	0.0865518	-0.0827597	-1.8063033	0.1044741	-0.0601314	-1.6207305	0.0784790	-0.1420720	-1.7117415	1.5394602	0.2086019	-1.6818891	1.5579557	-0.1501129	-1.8036866	1.5475854	0.0234413	-1.5698586	0.7352275	0.2426310	-1.6136318	0.6387987	0.2552101	-1.7027315	0.7394209	0.2598757	-1.5474418	0.7359139	-0.1924084	-1.5970177	0.6417736	-0.2057907	-1.6856918	0.7457892	-0.2184949	-1.6879603	0.3849422	0.1976741	-1.6786512	0.2687707	0.1998302	-1.7491758	0.2896767	0.1935482	-1.6832344	0.3868675	-0.1485498	-1.6684807	0.2675744	-0.1586431	-1.7484365	0.2901167	-0.1518648	-1.6630760	0.8776346	0.1348107	-1.6447851	0.8826165	-0.0897397	-1.7143681	1.1842139	0.3071196	-1.7250837	1.1743348	0.2218449	-1.5805614	0.9624916	0.2556965	-1.6401617	0.9321592	0.2801649	-1.6547282	1.2024869	-0.2600541	-1.6916503	1.1908343	-0.1895505	-1.5386666	0.9713290	-0.1978344	-1.5932962	0.9481872	-0.2255611
55	0.9000000	-1.7024300	1.4984774	0.0308200	-1.7055700	1.4853374	0.2084500	-1.6987400	1.2143074	0.2665000	-1.6209900	0.9683274	0.2718500	-1.6675900	1.5092574	-0.1469400	-1.6630500	1.2411274	-0.2215600	-1.5758100	0.9888674	-0.2153700	-1.6111900	0.9087774	0.0277800	-1.6135700	0.9064374	0.1515200	-1.6465900	0.4988174	0.1266300	-1.7347200	0.1236574	0.1112200	-1.5936600	0.9124974	-0.0963200	-1.6556900	0.5064374	-0.0809700	-1.7193600	0.1200574	-0.0750500	-1.5498500	0.0755174	-0.0964400	-1.5631000	0.0772274	-0.0970900	-1.7594000	0.0856774	-0.0669300	-1.5598100	0.0746774	0.1449100	-1.5698900	0.0776474	0.1445400	-1.7672500	0.0898874	0.0992300	-1.5497223	0.9793623	0.2234169	-1.5191813	0.9876828	-0.1484126	-1.7739305	1.0134770	0.0889446	-1.7613856	1.0164812	-0.0570998	-1.6622751	0.4949974	0.2077588	-1.6412229	0.5051096	0.0663915	-1.7386371	0.1274390	0.1557260	-1.7024976	0.1362959	0.0667775	-1.5821718	0.0911757	0.1313610	-1.6408977	0.0809338	0.1827974	-1.8033781	0.1137049	0.0907370	-1.6613389	0.4990687	-0.1543894	-1.6488957	0.5069706	-0.0049578	-1.7331781	0.1238520	-0.1208896	-1.6996562	0.1294822	-0.0261227	-1.5681236	0.0864858	-0.0830164	-1.8060479	0.1051526	-0.0604874	-1.6207862	0.0785025	-0.1423366	-1.7116572	1.5397728	0.2088379	-1.6820058	1.5583311	-0.1499490	-1.8036562	1.5479696	0.0237693	-1.5696938	0.7356978	0.2427114	-1.6133320	0.6392368	0.2552611	-1.7027587	0.7398395	0.2599822	-1.5472819	0.7365601	-0.1924457	-1.5968011	0.6423687	-0.2058535	-1.6857403	0.7463371	-0.2185286	-1.6876251	0.3852894	0.1976442	-1.6785240	0.2690688	0.1997978	-1.7490828	0.2900315	0.1935940	-1.6829828	0.3873560	-0.1487197	-1.6682455	0.2680689	-0.1588787	-1.7482038	0.2905970	-0.1521066	-1.6633469	0.8780767	0.1349269	-1.6450364	0.8831322	-0.0897140	-1.7142850	1.1845979	0.3071758	-1.7250881	1.1746882	0.2219121	-1.5804313	0.9629071	0.2557652	-1.6400048	0.9325461	0.2801856	-1.6543892	1.2028957	-0.2600908	-1.6913780	1.1912103	-0.1895509	-1.5381630	0.9717991	-0.1977226	-1.5927897	0.9486153	-0.2255112
56	0.9166667	-1.7019100	1.4984174	0.0308000	-1.7057400	1.4852774	0.2083900	-1.6989300	1.2143674	0.2664400	-1.6218700	0.9683574	0.2719100	-1.6664500	1.5092074	-0.1468500	-1.6620600	1.2415174	-0.2215000	-1.5760800	0.9889774	-0.2153900	-1.6106500	0.9090074	0.0277400	-1.6133100	0.9067274	0.1515200	-1.6479000	0.4984574	0.1265800	-1.7357500	0.1232774	0.1110800	-1.5928400	0.9125974	-0.0963900	-1.6566600	0.5060174	-0.0810800	-1.7209000	0.1195574	-0.0753300	-1.5509100	0.0751274	-0.0967300	-1.5642000	0.0768374	-0.0973700	-1.7606000	0.0852074	-0.0671100	-1.5601600	0.0745674	0.1450400	-1.5702700	0.0775274	0.1446400	-1.7690100	0.0893074	0.0988900	-1.5491987	0.9796108	0.2234511	-1.5186354	0.9879900	-0.1485312	-1.7734095	1.0136860	0.0890903	-1.7608537	1.0167066	-0.0570145	-1.6613938	0.4950790	0.2076193	-1.6403811	0.5051425	0.0662247	-1.7386419	0.1273573	0.1557102	-1.7025382	0.1361676	0.0667112	-1.5814424	0.0908770	0.1311224	-1.6403595	0.0806115	0.1827012	-1.8038482	0.1136374	0.0907862	-1.6605667	0.4991777	-0.1546521	-1.6481200	0.5070053	-0.0052374	-1.7327749	0.1239980	-0.1214235	-1.6992239	0.1295593	-0.0266412	-1.5682398	0.0859542	-0.0834635	-1.8054596	0.1055883	-0.0610667	-1.6207632	0.0780707	-0.1427806	-1.7110199	1.5398669	0.2089427	-1.6814254	1.5585050	-0.1498330	-1.8029770	1.5480610	0.0240231	-1.5688647	0.7358105	0.2426530	-1.6124831	0.6393446	0.2551794	-1.7021187	0.7400383	0.2599862	-1.5465357	0.7367986	-0.1926362	-1.5960559	0.6425713	-0.2060610	-1.6851560	0.7465776	-0.2186402	-1.6869562	0.3853175	0.1975214	-1.6780737	0.2690363	0.1996806	-1.7487187	0.2900541	0.1935613	-1.6823274	0.3874738	-0.1490861	-1.6676913	0.2681768	-0.1593431	-1.7476327	0.2907607	-0.1525262	-1.6628126	0.8782652	0.1349401	-1.6444891	0.8833568	-0.0897914	-1.7136669	1.1846769	0.3070374	-1.7244851	1.1747428	0.2218383	-1.5798667	0.9629687	0.2557333	-1.6394228	0.9325903	0.2800618	-1.6533029	1.2030379	-0.2602213	-1.6903901	1.1913371	-0.1896844	-1.5370859	0.9719012	-0.1977274	-1.5917024	0.9487247	-0.2255747
57	0.9333333	-1.7010100	1.4983174	0.0306700	-1.7048700	1.4851074	0.2081600	-1.6992300	1.2144674	0.2664400	-1.6229900	0.9684574	0.2720600	-1.6655500	1.5091574	-0.1468900	-1.6612900	1.2420774	-0.2214600	-1.5762400	0.9890174	-0.2154500	-1.6103000	0.9088074	0.0276800	-1.6133600	0.9063974	0.1515200	-1.6493000	0.4978974	0.1266600	-1.7353400	0.1232474	0.1108700	-1.5920600	0.9123474	-0.0964900	-1.6582300	0.5054074	-0.0810700	-1.7221700	0.1187274	-0.0754900	-1.5497400	0.0751374	-0.0972000	-1.5632900	0.0767674	-0.0978000	-1.7636400	0.0841874	-0.0668700	-1.5619000	0.0739774	0.1453100	-1.5718700	0.0770174	0.1448700	-1.7683400	0.0893074	0.0985000	-1.5489248	0.9794494	0.2234533	-1.5182525	0.9878251	-0.1486434	-1.7730268	1.0134479	0.0891290	-1.7604284	1.0164598	-0.0570235	-1.6611645	0.4946650	0.2075147	-1.6401675	0.5046780	0.0660866	-1.7390814	0.1268801	0.1557109	-1.7029844	0.1356359	0.0666750	-1.5814054	0.0903258	0.1310150	-1.6404494	0.0799563	0.1826726	-1.8046098	0.1131131	0.0908133	-1.6603601	0.4987715	-0.1549119	-1.6478688	0.5065538	-0.0055004	-1.7329436	0.1236509	-0.1219097	-1.6993286	0.1291651	-0.0271064	-1.5688600	0.0851195	-0.0838597	-1.8054571	0.1054505	-0.0615680	-1.6212822	0.0772886	-0.1431909	-1.7106300	1.5395781	0.2089520	-1.6809596	1.5583098	-0.1497040	-1.8024577	1.5477650	0.0241868	-1.5684430	0.7354448	0.2426232	-1.6121394	0.6389713	0.2551248	-1.7018533	0.7398159	0.2599639	-1.5461563	0.7364588	-0.1928277	-1.5957591	0.6422184	-0.2062727	-1.6848862	0.7463474	-0.2187774	-1.6868982	0.3848858	0.1974320	-1.6781749	0.2685718	0.1996081	-1.7488992	0.2896339	0.1935269	-1.6822491	0.3870799	-0.1494470	-1.6677188	0.2677676	-0.1597953	-1.7476472	0.2904282	-0.1529213	-1.6624836	0.8780459	0.1349138	-1.6440950	0.8831357	-0.0898853	-1.7134679	1.1843304	0.3068823	-1.7242483	1.1744003	0.2217347	-1.5797922	0.9625645	0.2557327	-1.6393597	0.9321746	0.2799261	-1.6524380	1.2027842	-0.2603638	-1.6896498	1.1910867	-0.1898576	-1.5363671	0.9715522	-0.1977568	-1.5909773	0.9484130	-0.2256578
58	0.9500000	-1.7004600	1.4981874	0.0305500	-1.7039300	1.4849274	0.2080100	-1.6993500	1.2146574	0.2665100	-1.6237500	0.9685074	0.2722200	-1.6653600	1.5091574	-0.1469900	-1.6609700	1.2425674	-0.2215000	-1.5763100	0.9889974	-0.2155200	-1.6104900	0.9082874	0.0276700	-1.6136200	0.9061374	0.1515500	-1.6498200	0.4975774	0.1268300	-1.7342700	0.1234174	0.1107400	-1.5921700	0.9118374	-0.0965400	-1.6593800	0.5050774	-0.0810300	-1.7227800	0.1184274	-0.0755800	-1.5481700	0.0752374	-0.0976300	-1.5620200	0.0768574	-0.0982200	-1.7660300	0.0837474	-0.0665800	-1.5635500	0.0732974	0.1455400	-1.5733400	0.0764774	0.1450600	-1.7670500	0.0894374	0.0982800	-1.5492179	0.9789694	0.2234957	-1.5183834	0.9873208	-0.1486791	-1.7731648	1.0129160	0.0891348	-1.7605031	1.0159137	-0.0570518	-1.6616473	0.4939200	0.2075026	-1.6406330	0.5039066	0.0660262	-1.7399056	0.1262207	0.1557437	-1.7037887	0.1349403	0.0666745	-1.5820665	0.0897385	0.1310629	-1.6411602	0.0792436	0.1827452	-1.8055510	0.1123796	0.0908133	-1.6608703	0.4980467	-0.1550480	-1.6483432	0.5058092	-0.0056236	-1.7336799	0.1230065	-0.1221934	-1.7000128	0.1284973	-0.0273679	-1.5698619	0.0842667	-0.0840933	-1.8060892	0.1048984	-0.0618447	-1.6222389	0.0764407	-0.1434431	-1.7106862	1.5390110	0.2089387	-1.6808911	1.5578398	-0.1495580	-1.8023685	1.5472307	0.0242805	-1.5686763	0.7347899	0.2426990	-1.6124764	0.6382881	0.2551714	-1.7022120	0.7392557	0.2599887	-1.5464060	0.7357538	-0.1929102	-1.5961189	0.6415143	-0.2063771	-1.6851853	0.7457837	-0.2188588	-1.6874896	0.3841673	0.1974216	-1.6788493	0.2678651	0.1996203	-1.7496021	0.2889546	0.1935329	-1.6828522	0.3863758	-0.1496528	-1.6683887	0.2670605	-0.1600639	-1.7482996	0.2897830	-0.1531495	-1.6627089	0.8775184	0.1349198	-1.6442223	0.8825942	-0.0899262	-1.7138556	1.1837099	0.3068470	-1.7245995	1.1738137	0.2216929	-1.5803147	0.9618641	0.2558372	-1.6399232	0.9314611	0.2798785	-1.6521006	1.2022675	-0.2604606	-1.6894486	1.1905806	-0.1899895	-1.5362272	0.9709299	-0.1977392	-1.5908473	0.9478289	-0.2256894
59	0.9666667	-1.7001500	1.4981774	0.0304800	-1.7032700	1.4848874	0.2079100	-1.6989800	1.2149974	0.2665200	-1.6242000	0.9684974	0.2723700	-1.6654100	1.5090874	-0.1470700	-1.6613800	1.2428874	-0.2215100	-1.5764300	0.9889874	-0.2155800	-1.6109400	0.9082274	0.0277200	-1.6138800	0.9060174	0.1515900	-1.6495300	0.4974874	0.1269400	-1.7339200	0.1233774	0.1106700	-1.5928000	0.9117174	-0.0964900	-1.6602000	0.5050574	-0.0810000	-1.7230100	0.1180874	-0.0755700	-1.5471400	0.0756374	-0.0980300	-1.5611700	0.0771274	-0.0986000	-1.7675600	0.0828374	-0.0661700	-1.5645700	0.0729674	0.1458000	-1.5742200	0.0761774	0.1452900	-1.7667700	0.0893874	0.0981200	-1.5497500	0.9789381	0.2235880	-1.5187618	0.9872504	-0.1486330	-1.7735701	1.0128746	0.0891455	-1.7608469	1.0158547	-0.0570612	-1.6623233	0.4936721	0.2075475	-1.6412552	0.5036574	0.0660268	-1.7407532	0.1260719	0.1557663	-1.7045930	0.1347789	0.0666747	-1.5829200	0.0897241	0.1312126	-1.6420338	0.0791384	0.1828678	-1.8063821	0.1121420	0.0907592	-1.6616989	0.4977887	-0.1550476	-1.6491647	0.5055576	-0.0056330	-1.7345226	0.1228053	-0.1222621	-1.7008353	0.1283008	-0.0274401	-1.5707282	0.0841160	-0.0841793	-1.8069074	0.1046555	-0.0619043	-1.6231193	0.0762444	-0.1435245	-1.7108456	1.5389114	0.2089493	-1.6809350	1.5578349	-0.1494228	-1.8024269	1.5472409	0.0243299	-1.5691860	0.7346633	0.2428485	-1.6130627	0.6381148	0.2552844	-1.7028262	0.7391443	0.2600505	-1.5469583	0.7355027	-0.1928742	-1.5967793	0.6412631	-0.2063549	-1.6857392	0.7456651	-0.2188396	-1.6882417	0.3839403	0.1974556	-1.6796575	0.2676555	0.1996675	-1.7503907	0.2887712	0.1935485	-1.6837131	0.3861398	-0.1496887	-1.6692574	0.2668347	-0.1601295	-1.7491504	0.2895661	-0.1531879	-1.6631991	0.8774667	0.1349723	-1.6446199	0.8825189	-0.0899021	-1.7143819	1.1835781	0.3069109	-1.7251323	1.1737342	0.2217215	-1.5809972	0.9616207	0.2560043	-1.6406655	0.9312117	0.2799054	-1.6520574	1.2022264	-0.2604979	-1.6895394	1.1905452	-0.1900503	-1.5363742	0.9707768	-0.1976789	-1.5910319	0.9477064	-0.2256744
60	0.9833333	-1.6997600	1.4981274	0.0303900	-1.7026100	1.4848774	0.2077200	-1.6979600	1.2157574	0.2663400	-1.6245800	0.9684474	0.2724600	-1.6652900	1.5091074	-0.1470800	-1.6623100	1.2432574	-0.2213900	-1.5764500	0.9890174	-0.2156500	-1.6114700	0.9086674	0.0278200	-1.6143000	0.9065474	0.1516300	-1.6489600	0.4974874	0.1268600	-1.7343700	0.1232574	0.1106400	-1.5934400	0.9121374	-0.0963300	-1.6611100	0.5052274	-0.0809600	-1.7233500	0.1178874	-0.0755400	-1.5459300	0.0757174	-0.0983300	-1.5601100	0.0771974	-0.0988800	-1.7695600	0.0826974	-0.0658600	-1.5652100	0.0726074	0.1460800	-1.5748200	0.0758874	0.1455500	-1.7670500	0.0893974	0.0979400	-1.5503171	0.9794151	0.2237248	-1.5192116	0.9876506	-0.1485305	-1.7740917	1.0133564	0.0891597	-1.7613195	1.0163047	-0.0570596	-1.6628956	0.4939125	0.2076408	-1.6417488	0.5039072	0.0660733	-1.7414843	0.1263665	0.1557797	-1.7052587	0.1350736	0.0666622	-1.5836949	0.0901327	0.1314114	-1.6428369	0.0795158	0.1830143	-1.8070395	0.1123438	0.0906651	-1.6625943	0.4980385	-0.1549704	-1.6500713	0.5058153	-0.0055672	-1.7352888	0.1230385	-0.1222096	-1.7016048	0.1285472	-0.0273959	-1.5712616	0.0844925	-0.0841714	-1.8077351	0.1047677	-0.0618466	-1.6237279	0.0765598	-0.1435177	-1.7109031	1.5392819	0.2089927	-1.6809108	1.5583150	-0.1493112	-1.8024438	1.5478162	0.0243466	-1.5697206	0.7350930	0.2430534	-1.6136288	0.6384676	0.2554515	-1.7034730	0.7395162	0.2601564	-1.5475772	0.7357647	-0.1927856	-1.5975024	0.6415196	-0.2062717	-1.6863706	0.7460389	-0.2187563	-1.6888933	0.3841757	0.1975310	-1.6803739	0.2678980	0.1997424	-1.7510651	0.2890487	0.1935816	-1.6845995	0.3864006	-0.1496293	-1.6701065	0.2671058	-0.1600825	-1.7499924	0.2897941	-0.1531215	-1.6637725	0.8779330	0.1350699	-1.6451228	0.8829384	-0.0898263	-1.7147354	1.1839640	0.3070184	-1.7255720	1.1741796	0.2218046	-1.5816026	0.9618126	0.2561604	-1.6413565	0.9314347	0.2799597	-1.6521662	1.2026501	-0.2605027	-1.6897752	1.1909720	-0.1900560	-1.5366265	0.9710845	-0.1976042	-1.5913527	0.9480390	-0.2256552
61	1.0000000	-1.6997100	1.4982574	0.0304000	-1.7021900	1.4849774	0.2075500	-1.6967200	1.2165074	0.2660100	-1.6243900	0.9683974	0.2723300	-1.6656400	1.5092674	-0.1469200	-1.6629800	1.2433574	-0.2212700	-1.5760900	0.9889274	-0.2157200	-1.6121300	0.9098274	0.0279600	-1.6149400	0.9078674	0.1517100	-1.6482900	0.4977074	0.1266200	-1.7346900	0.1233174	0.1106400	-1.5941500	0.9132374	-0.0961200	-1.6615200	0.5055374	-0.0809900	-1.7233100	0.1179274	-0.0756100	-1.5457400	0.0755974	-0.0982900	-1.5598700	0.0771074	-0.0988300	-1.7691100	0.0827274	-0.0660900	-1.5651800	0.0727174	0.1460700	-1.5748100	0.0759874	0.1455300	-1.7674900	0.0894274	0.0980100	-1.5509900	0.9806214	0.2238780	-1.5198133	0.9887601	-0.1483805	-1.7747828	1.0145520	0.0892121	-1.7619800	1.0174602	-0.0570048	-1.6633740	0.4948298	0.2077182	-1.6421467	0.5048486	0.0660918	-1.7420824	0.1272399	0.1557847	-1.7057807	0.1359608	0.0666232	-1.5843117	0.0910769	0.1315908	-1.6434920	0.0804681	0.1831640	-1.8075567	0.1131255	0.0905518	-1.6635093	0.4989857	-0.1548426	-1.6510168	0.5067454	-0.0054624	-1.7358918	0.1238474	-0.1221060	-1.7022357	0.1293617	-0.0273015	-1.5715373	0.0854390	-0.0841158	-1.8084316	0.1054193	-0.0617429	-1.6240853	0.0774558	-0.1434671	-1.7109108	1.5402510	0.2090428	-1.6809441	1.5593844	-0.1492120	-1.8024687	1.5490657	0.0243725	-1.5702816	0.7362432	0.2432831	-1.6141737	0.6395206	0.2556294	-1.7041682	0.7405789	0.2602853	-1.5482585	0.7367721	-0.1926427	-1.5982668	0.6425054	-0.2061337	-1.6870951	0.7471319	-0.2186109	-1.6894410	0.3850585	0.1976000	-1.6809776	0.2687628	0.1998176	-1.7516274	0.2899405	0.1936072	-1.6854487	0.3873431	-0.1495161	-1.6708596	0.2680536	-0.1599743	-1.7507495	0.2906318	-0.1530077	-1.6644651	0.8791255	0.1352020	-1.6457728	0.8840718	-0.0896962	-1.7148733	1.1850295	0.3071133	-1.7258757	1.1753021	0.2218948	-1.5820831	0.9626129	0.2562369	-1.6419331	0.9323103	0.2799938	-1.6524186	1.2036885	-0.2604740	-1.6901317	1.1920103	-0.1900056	-1.5369670	0.9720113	-0.1975265	-1.5917782	0.9489841	-0.2256442
62	1.0166667	-1.7003400	1.4985774	0.0305900	-1.7025800	1.4851974	0.2076300	-1.6957600	1.2168774	0.2657100	-1.6232600	0.9684074	0.2719700	-1.6665700	1.5096074	-0.1466300	-1.6627500	1.2431174	-0.2212600	-1.5754300	0.9886574	-0.2157600	-1.6128000	0.9108774	0.0281100	-1.6155200	0.9089674	0.1518400	-1.6477700	0.4981374	0.1263600	-1.7343100	0.1236574	0.1106900	-1.5949000	0.9142974	-0.0959600	-1.6610000	0.5058174	-0.0811300	-1.7225400	0.1183874	-0.0757600	-1.5472800	0.0751874	-0.0978000	-1.5611000	0.0767174	-0.0983900	-1.7648200	0.0832674	-0.0669500	-1.5640400	0.0733474	0.1456400	-1.5737300	0.0765074	0.1451500	-1.7679300	0.0893174	0.0984800	-1.5516693	0.9817125	0.2240181	-1.5204851	0.9898081	-0.1482457	-1.7755067	1.0156107	0.0893601	-1.7626993	1.0184996	-0.0568554	-1.6636486	0.4955932	0.2077340	-1.6423857	0.5056485	0.0660375	-1.7423214	0.1278938	0.1558054	-1.7059746	0.1366422	0.0665804	-1.5845030	0.0917515	0.1316724	-1.6437018	0.0811617	0.1832858	-1.8077639	0.1137116	0.0904886	-1.6641862	0.4998161	-0.1547266	-1.6517317	0.5075346	-0.0053627	-1.7360264	0.1244450	-0.1220489	-1.7024056	0.1299527	-0.0272403	-1.5715265	0.0860714	-0.0840631	-1.8085787	0.1059032	-0.0616851	-1.6240920	0.0780645	-0.1434247	-1.7108602	1.5409891	0.2091201	-1.6810406	1.5601826	-0.1490830	-1.8024621	1.5500738	0.0244901	-1.5707132	0.7372193	0.2434858	-1.6145502	0.6404048	0.2557701	-1.7047531	0.7414922	0.2604257	-1.5488259	0.7377283	-0.1924820	-1.5988687	0.6434191	-0.2059890	-1.6877529	0.7481244	-0.2184589	-1.6897368	0.3857877	0.1976250	-1.6812744	0.2694633	0.1998694	-1.7518956	0.2906282	0.1936284	-1.6859931	0.3881648	-0.1494258	-1.6712371	0.2688774	-0.1598989	-1.7511315	0.2912859	-0.1529279	-1.6651376	0.8801805	0.1353598	-1.6464408	0.8851001	-0.0895411	-1.7146942	1.1859553	0.3071893	-1.7259238	1.1762631	0.2219669	-1.5822320	0.9632549	0.2562203	-1.6421675	0.9330405	0.2800007	-1.6526035	1.2045234	-0.2604349	-1.6903862	1.1928391	-0.1899353	-1.5371717	0.9727509	-0.1974583	-1.5920650	0.9497302	-0.2256439
63	1.0333333	-1.7010500	1.4987574	0.0308000	-1.7033400	1.4852874	0.2078200	-1.6952300	1.2170174	0.2655300	-1.6221400	0.9684774	0.2716600	-1.6672300	1.5098874	-0.1464000	-1.6621100	1.2429974	-0.2212900	-1.5748500	0.9884974	-0.2157300	-1.6132100	0.9114074	0.0281900	-1.6159200	0.9093774	0.1519500	-1.6476400	0.4983974	0.1262100	-1.7334900	0.1240774	0.1108100	-1.5953100	0.9148374	-0.0959200	-1.6602500	0.5059174	-0.0812000	-1.7215300	0.1189274	-0.0758900	-1.5483800	0.0748074	-0.0972500	-1.5619400	0.0764274	-0.0978900	-1.7606200	0.0842374	-0.0677700	-1.5628300	0.0738574	0.1452400	-1.5725600	0.0769774	0.1447800	-1.7677700	0.0892774	0.0990800	-1.5520932	0.9822827	0.2240827	-1.5209430	0.9903966	-0.1482213	-1.7759750	1.0160981	0.0895238	-1.7631793	1.0189903	-0.0567049	-1.6635400	0.4958337	0.2076356	-1.6422962	0.5059138	0.0658840	-1.7419967	0.1280070	0.1558131	-1.7056571	0.1367806	0.0665286	-1.5840881	0.0918335	0.1316178	-1.6432683	0.0812541	0.1833132	-1.8074601	0.1137793	0.0904810	-1.6643454	0.5001146	-0.1547145	-1.6519200	0.5078012	-0.0053576	-1.7354892	0.1245334	-0.1221459	-1.7018903	0.1300410	-0.0273249	-1.5710816	0.0860653	-0.0840704	-1.8079349	0.1059647	-0.0618037	-1.6235979	0.0780459	-0.1434611	-1.7106486	1.5411673	0.2091637	-1.6810256	1.5603949	-0.1489696	-1.8022881	1.5504487	0.0246397	-1.5708016	0.7376408	0.2435783	-1.6145574	0.6407484	0.2557987	-1.7049828	0.7418726	0.2605000	-1.5490311	0.7382093	-0.1923933	-1.5990523	0.6438342	-0.2059284	-1.6880757	0.7485786	-0.2183932	-1.6895874	0.3860076	0.1975512	-1.6810637	0.2696658	0.1998376	-1.7516678	0.2907704	0.1936040	-1.6859854	0.3884685	-0.1494598	-1.6710228	0.2691957	-0.1599659	-1.7509003	0.2914092	-0.1529823	-1.6655269	0.8806807	0.1354722	-1.6468505	0.8856107	-0.0894520	-1.7141116	1.1863600	0.3071770	-1.7255785	1.1766705	0.2219635	-1.5819140	0.9633918	0.2560950	-1.6419092	0.9332544	0.2799348	-1.6524739	1.2048139	-0.2604466	-1.6902985	1.1931090	-0.1899226	-1.5370039	0.9729550	-0.1974512	-1.5919676	0.9499315	-0.2256910
64	1.0500000	-1.7010800	1.4987574	0.0308200	-1.7034400	1.4852774	0.2078100	-1.6952800	1.2171374	0.2655100	-1.6222900	0.9685574	0.2716800	-1.6672200	1.5098674	-0.1463500	-1.6620000	1.2432274	-0.2212600	-1.5746600	0.9885674	-0.2156800	-1.6132900	0.9113674	0.0281700	-1.6162500	0.9093674	0.1519700	-1.6476800	0.4983074	0.1261800	-1.7330900	0.1242374	0.1109800	-1.5951400	0.9148474	-0.0959700	-1.6601200	0.5058174	-0.0811200	-1.7211100	0.1190874	-0.0759200	-1.5473500	0.0752174	-0.0970800	-1.5609500	0.0768374	-0.0977300	-1.7601600	0.0843274	-0.0678600	-1.5627200	0.0737574	0.1452400	-1.5724200	0.0768874	0.1447800	-1.7671900	0.0893974	0.0993800	-1.5522033	0.9822999	0.2240556	-1.5210742	0.9904288	-0.1483202	-1.7761105	1.0159706	0.0896018	-1.7633220	1.0188634	-0.0566523	-1.6630903	0.4955389	0.2074801	-1.6418952	0.5056232	0.0656959	-1.7413116	0.1276092	0.1558009	-1.7050158	0.1363956	0.0664676	-1.5833409	0.0913752	0.1314969	-1.6424764	0.0808014	0.1832621	-1.8068150	0.1133500	0.0905012	-1.6640824	0.4998097	-0.1548067	-1.6516660	0.5075018	-0.0054590	-1.7345358	0.1241246	-0.1223604	-1.7009392	0.1296587	-0.0275284	-1.5702610	0.0855844	-0.0841207	-1.8068348	0.1055527	-0.0620655	-1.6227231	0.0775250	-0.1435604	-1.7102622	1.5408250	0.2091325	-1.6808103	1.5601045	-0.1489177	-1.8019253	1.5502491	0.0247336	-1.5705629	0.7375262	0.2435599	-1.6142279	0.6405595	0.2557353	-1.7048549	0.7417016	0.2604912	-1.5488905	0.7381020	-0.1924018	-1.5988660	0.6436478	-0.2059669	-1.6880444	0.7484145	-0.2184326	-1.6890755	0.3856954	0.1974209	-1.6804811	0.2693486	0.1997367	-1.7510787	0.2903919	0.1935543	-1.6855648	0.3881865	-0.1496102	-1.6704062	0.2689493	-0.1601537	-1.7502473	0.2909812	-0.1531513	-1.6655853	0.8806026	0.1354978	-1.6469218	0.8855408	-0.0894687	-1.7133320	1.1862275	0.3070551	-1.7249929	1.1765184	0.2218864	-1.5813974	0.9629916	0.2559096	-1.6414364	0.9329249	0.2797980	-1.6521086	1.2045780	-0.2605474	-1.6899679	1.1928358	-0.1900076	-1.5365493	0.9726332	-0.1975285	-1.5915789	0.9496026	-0.2258071
65	1.0666667	-1.7005600	1.4986174	0.0306800	-1.7028000	1.4852074	0.2076000	-1.6959600	1.2172474	0.2656000	-1.6236200	0.9685974	0.2719700	-1.6668300	1.5096674	-0.1464400	-1.6625700	1.2436274	-0.2211600	-1.5748400	0.9888174	-0.2156500	-1.6130700	0.9112474	0.0280800	-1.6164600	0.9091574	0.1518700	-1.6475400	0.4980774	0.1262400	-1.7334000	0.1241374	0.1110500	-1.5945300	0.9148474	-0.0960300	-1.6605700	0.5055774	-0.0809800	-1.7214400	0.1188374	-0.0758300	-1.5453400	0.0759774	-0.0973000	-1.5591800	0.0775474	-0.0979300	-1.7629700	0.0837474	-0.0673000	-1.5635400	0.0732374	0.1455200	-1.5732000	0.0764174	0.1450500	-1.7668200	0.0896874	0.0992200	-1.5520511	0.9822568	0.2239707	-1.5208816	0.9903594	-0.1484724	-1.7759504	1.0157357	0.0895536	-1.7631456	1.0186114	-0.0567226	-1.6624163	0.4951908	0.2073457	-1.6412490	0.5052683	0.0655551	-1.7406049	0.1272231	0.1557690	-1.7043481	0.1360101	0.0664013	-1.5826414	0.0908863	0.1314001	-1.6417391	0.0803495	0.1831868	-1.8061392	0.1129648	0.0905066	-1.6636286	0.4993947	-0.1549357	-1.6512103	0.5071199	-0.0056219	-1.7335768	0.1237174	-0.1225752	-1.6999773	0.1292926	-0.0277483	-1.5692763	0.0852122	-0.0841740	-1.8057974	0.1051039	-0.0623359	-1.6217383	0.0770846	-0.1436613	-1.7097102	1.5404527	0.2090258	-1.6803782	1.5598259	-0.1489359	-1.8013803	1.5500101	0.0247236	-1.5700992	0.7373916	0.2434844	-1.6136795	0.6403389	0.2556411	-1.7044722	0.7414685	0.2604192	-1.5485149	0.7378500	-0.1924701	-1.5984645	0.6433254	-0.2060521	-1.6877362	0.7481382	-0.2185187	-1.6883837	0.3853237	0.1973010	-1.6797871	0.2689794	0.1996151	-1.7503783	0.2900089	0.1935055	-1.6850037	0.3878056	-0.1497917	-1.6697104	0.2686188	-0.1603581	-1.7495060	0.2905093	-0.1533361	-1.6653584	0.8804564	0.1354425	-1.6466714	0.8853769	-0.0895634	-1.7126069	1.1860366	0.3068655	-1.7243780	1.1763091	0.2217779	-1.5809852	0.9625263	0.2557544	-1.6410658	0.9325312	0.2796454	-1.6516787	1.2043198	-0.2607016	-1.6895844	1.1925267	-0.1901513	-1.5359974	0.9722875	-0.1976506	-1.5910966	0.9492492	-0.2259601
66	1.0833333	-1.7002800	1.4984574	0.0305200	-1.7025300	1.4851374	0.2074600	-1.6966900	1.2171474	0.2657300	-1.6245800	0.9685774	0.2721600	-1.6665200	1.5094974	-0.1466200	-1.6633100	1.2437574	-0.2210800	-1.5752300	0.9890074	-0.2156600	-1.6128600	0.9113474	0.0280200	-1.6165400	0.9092774	0.1517900	-1.6473100	0.4981174	0.1263100	-1.7336100	0.1241374	0.1109700	-1.5940500	0.9149374	-0.0960300	-1.6604400	0.5055374	-0.0809200	-1.7217300	0.1189174	-0.0756800	-1.5447800	0.0762174	-0.0974600	-1.5587200	0.0777874	-0.0980600	-1.7651700	0.0841274	-0.0668200	-1.5640800	0.0729574	0.1456500	-1.5737700	0.0761874	0.1451700	-1.7663900	0.0901374	0.0988600	-1.5519731	0.9824432	0.2239321	-1.5206745	0.9905043	-0.1485518	-1.7758112	1.0157068	0.0894673	-1.7629566	1.0185593	-0.0568202	-1.6618408	0.4950571	0.2072958	-1.6406488	0.5051345	0.0655168	-1.7401792	0.1271531	0.1557538	-1.7039282	0.1359389	0.0663690	-1.5822886	0.0906825	0.1313843	-1.6413711	0.0802253	0.1831573	-1.8057180	0.1129413	0.0905053	-1.6632539	0.4992266	-0.1550183	-1.6508387	0.5069743	-0.0057475	-1.7330016	0.1236245	-0.1226715	-1.6994086	0.1292233	-0.0278542	-1.5685881	0.0851606	-0.0841645	-1.8052283	0.1049731	-0.0624669	-1.6210908	0.0769993	-0.1436850	-1.7092815	1.5402993	0.2089352	-1.6799904	1.5597918	-0.1489432	-1.8009094	1.5499904	0.0246737	-1.5697377	0.7374907	0.2434631	-1.6132417	0.6403431	0.2556088	-1.7041745	0.7414489	0.2603598	-1.5481739	0.7378022	-0.1925114	-1.5981134	0.6432261	-0.2061018	-1.6874270	0.7480997	-0.2185686	-1.6878409	0.3851802	0.1972511	-1.6793103	0.2688526	0.1995471	-1.7498835	0.2899070	0.1934920	-1.6845983	0.3876732	-0.1499009	-1.6692628	0.2685371	-0.1604631	-1.7490106	0.2903451	-0.1534357	-1.6651587	0.8805337	0.1353925	-1.6463948	0.8854267	-0.0896367	-1.7122077	1.1860575	0.3067396	-1.7240197	1.1763237	0.2217299	-1.5808808	0.9623100	0.2557281	-1.6409965	0.9323657	0.2795829	-1.6514824	1.2043103	-0.2608004	-1.6894392	1.1924653	-0.1902427	-1.5356724	0.9722010	-0.1977200	-1.5908483	0.9491525	-0.2260556
67	1.1000000	-1.7007100	1.4985274	0.0304600	-1.7033400	1.4852374	0.2075600	-1.6968600	1.2166274	0.2657700	-1.6240200	0.9684774	0.2720400	-1.6665600	1.5094574	-0.1468000	-1.6636300	1.2432074	-0.2210700	-1.5756700	0.9888474	-0.2156900	-1.6129800	0.9113974	0.0280600	-1.6165700	0.9093774	0.1518300	-1.6473400	0.4984774	0.1262900	-1.7328700	0.1243974	0.1108500	-1.5942700	0.9149374	-0.0960000	-1.6589400	0.5059374	-0.0809600	-1.7210600	0.1194674	-0.0754900	-1.5461300	0.0761474	-0.0971400	-1.5599000	0.0777174	-0.0977700	-1.7635300	0.0846674	-0.0668200	-1.5637500	0.0733674	0.1454200	-1.5735100	0.0765274	0.1449600	-1.7649900	0.0907074	0.0987600	-1.5522899	0.9825632	0.2240087	-1.5207895	0.9906329	-0.1484986	-1.7759995	1.0156196	0.0894569	-1.7630675	1.0184708	-0.0568376	-1.6616409	0.4949079	0.2073109	-1.6403917	0.5050043	0.0655604	-1.7400114	0.1271494	0.1557719	-1.7037496	0.1359477	0.0663986	-1.5822845	0.0905752	0.1314325	-1.6413387	0.0802116	0.1831812	-1.8055007	0.1130156	0.0905271	-1.6630309	0.4990914	-0.1550169	-1.6506460	0.5068483	-0.0057781	-1.7327924	0.1235857	-0.1226119	-1.6992289	0.1291880	-0.0277981	-1.5684303	0.0851220	-0.0840467	-1.8050260	0.1049469	-0.0624131	-1.6209406	0.0769916	-0.1435766	-1.7093045	1.5400843	0.2089358	-1.6799330	1.5596662	-0.1488650	-1.8008064	1.5498773	0.0246670	-1.5697730	0.7375124	0.2435517	-1.6131962	0.6402921	0.2556640	-1.7042462	0.7413705	0.2603543	-1.5480814	0.7377856	-0.1924479	-1.5979671	0.6431618	-0.2060565	-1.6873380	0.7480489	-0.2185418	-1.6876467	0.3850560	0.1972521	-1.6791584	0.2687658	0.1995413	-1.7496942	0.2898318	0.1935052	-1.6843937	0.3875687	-0.1498890	-1.6690814	0.2684778	-0.1604153	-1.7487730	0.2902453	-0.1534153	-1.6652970	0.8805420	0.1354252	-1.6464115	0.8854374	-0.0896170	-1.7122042	1.1860114	0.3067623	-1.7240428	1.1762695	0.2217901	-1.5810236	0.9621311	0.2558378	-1.6411498	0.9321821	0.2796552	-1.6516963	1.2042508	-0.2607726	-1.6896830	1.1923640	-0.1902079	-1.5357691	0.9720778	-0.1976848	-1.5910255	0.9490142	-0.2260310
68	1.1166667	-1.7014600	1.4986274	0.0304900	-1.7044600	1.4853474	0.2077500	-1.6964900	1.2160274	0.2657200	-1.6226900	0.9683374	0.2717400	-1.6668900	1.5095474	-0.1469000	-1.6633400	1.2428574	-0.2211000	-1.5760800	0.9885074	-0.2157200	-1.6133900	0.9115774	0.0281400	-1.6165700	0.9096574	0.1519500	-1.6477100	0.4987874	0.1262100	-1.7316900	0.1247974	0.1108500	-1.5950700	0.9149474	-0.0960000	-1.6571800	0.5064974	-0.0809800	-1.7199200	0.1202874	-0.0753100	-1.5473900	0.0757974	-0.0965000	-1.5609900	0.0774874	-0.0971900	-1.7604300	0.0859574	-0.0671300	-1.5631700	0.0738674	0.1451700	-1.5729800	0.0769774	0.1447300	-1.7629900	0.0912574	0.0990000	-1.5528997	0.9827980	0.2241365	-1.5212158	0.9909275	-0.1484144	-1.7764670	1.0156556	0.0895033	-1.7634638	1.0185277	-0.0568088	-1.6617620	0.4949470	0.2072831	-1.6404472	0.5050605	0.0655811	-1.7398360	0.1273555	0.1557853	-1.7035642	0.1361698	0.0664542	-1.5823603	0.0907065	0.1314596	-1.6413489	0.0804328	0.1831798	-1.8052059	0.1133061	0.0905666	-1.6627805	0.4991750	-0.1549900	-1.6504611	0.5069437	-0.0057831	-1.7326484	0.1237852	-0.1225098	-1.6991392	0.1293882	-0.0277072	-1.5685959	0.0851804	-0.0838686	-1.8048297	0.1052719	-0.0623305	-1.6210453	0.0771571	-0.1433937	-1.7097430	1.5400149	0.2089908	-1.6802076	1.5596523	-0.1487577	-1.8010797	1.5498646	0.0246788	-1.5701372	0.7376495	0.2436650	-1.6134750	0.6403860	0.2557132	-1.7046092	0.7414344	0.2603457	-1.5481743	0.7380113	-0.1923375	-1.5979148	0.6433303	-0.2059724	-1.6873983	0.7481479	-0.2184866	-1.6876909	0.3851580	0.1972109	-1.6791514	0.2689297	0.1995247	-1.7496321	0.2899407	0.1934765	-1.6841842	0.3876804	-0.1498281	-1.6689304	0.2686332	-0.1603064	-1.7485393	0.2903859	-0.1533598	-1.6657140	0.8806594	0.1355043	-1.6467175	0.8855890	-0.0895636	-1.7123485	1.1860679	0.3068340	-1.7242440	1.1763027	0.2218709	-1.5811438	0.9621570	0.2559511	-1.6412574	0.9321484	0.2797520	-1.6521417	1.2043168	-0.2606927	-1.6901314	1.1924031	-0.1901246	-1.5361505	0.9720624	-0.1976348	-1.5914918	0.9489920	-0.2259722
69	1.1333333	-1.7018100	1.4986974	0.0305400	-1.7047200	1.4854274	0.2078300	-1.6958400	1.2158274	0.2655800	-1.6219000	0.9682474	0.2715200	-1.6673200	1.5096074	-0.1468800	-1.6628900	1.2429174	-0.2211000	-1.5764600	0.9883074	-0.2157200	-1.6137100	0.9116074	0.0281700	-1.6164600	0.9098774	0.1520300	-1.6479900	0.4987374	0.1261700	-1.7311000	0.1250474	0.1109400	-1.5957900	0.9148474	-0.0960400	-1.6565900	0.5066774	-0.0809500	-1.7191600	0.1206174	-0.0751900	-1.5477600	0.0755574	-0.0960300	-1.5612500	0.0772774	-0.0967600	-1.7584000	0.0863274	-0.0673000	-1.5629000	0.0740574	0.1451500	-1.5726700	0.0771574	0.1447100	-1.7619400	0.0915274	0.0992400	-1.5533720	0.9828771	0.2242098	-1.5216084	0.9910750	-0.1484291	-1.7768228	1.0155487	0.0895585	-1.7637881	1.0184463	-0.0567904	-1.6618403	0.4948945	0.2071775	-1.6404750	0.5050230	0.0655405	-1.7394028	0.1274349	0.1557581	-1.7031303	0.1362669	0.0664858	-1.5822273	0.0907219	0.1314226	-1.6411236	0.0805270	0.1831076	-1.8046183	0.1134763	0.0905933	-1.6623033	0.4991317	-0.1549957	-1.6500518	0.5069294	-0.0058468	-1.7322549	0.1238906	-0.1224436	-1.6988027	0.1295084	-0.0276765	-1.5686584	0.0850828	-0.0837036	-1.8043258	0.1055698	-0.0623080	-1.6210029	0.0771953	-0.1432043	-1.7101339	1.5398474	0.2090334	-1.6804813	1.5595249	-0.1486971	-1.8013455	1.5497259	0.0246947	-1.5704231	0.7376330	0.2437118	-1.6136852	0.6403516	0.2556879	-1.7048577	0.7413736	0.2602864	-1.5481714	0.7381257	-0.1922564	-1.5977128	0.6433784	-0.2059138	-1.6873358	0.7480877	-0.2184554	-1.6876332	0.3851774	0.1970961	-1.6789721	0.2690133	0.1994469	-1.7494012	0.2899303	0.1933850	-1.6837382	0.3876715	-0.1497928	-1.6685444	0.2686735	-0.1602215	-1.7480543	0.2904164	-0.1533323	-1.6660075	0.8806241	0.1355615	-1.6469631	0.8855944	-0.0895593	-1.7122485	1.1859771	0.3068315	-1.7242425	1.1761733	0.2218862	-1.5809756	0.9620726	0.2559556	-1.6410702	0.9319879	0.2797555	-1.6524358	1.2042467	-0.2606723	-1.6904144	1.1923222	-0.1901026	-1.5364410	0.9718785	-0.1976693	-1.5918711	0.9488175	-0.2259808
70	1.1500000	-1.7016100	1.4986774	0.0305800	-1.7040300	1.4854074	0.2077800	-1.6952600	1.2159974	0.2654500	-1.6221000	0.9682174	0.2715300	-1.6676000	1.5095874	-0.1468100	-1.6626900	1.2433274	-0.2210500	-1.5767500	0.9883474	-0.2157200	-1.6135900	0.9113374	0.0281100	-1.6161700	0.9095874	0.1519800	-1.6479100	0.4983974	0.1261900	-1.7312400	0.1250274	0.1110500	-1.5958300	0.9145974	-0.0961300	-1.6570900	0.5063774	-0.0808600	-1.7191900	0.1203774	-0.0751300	-1.5470600	0.0756974	-0.0960600	-1.5606200	0.0773874	-0.0967800	-1.7589000	0.0859774	-0.0671300	-1.5629400	0.0738574	0.1453500	-1.5726500	0.0770074	0.1448900	-1.7618600	0.0915774	0.0993400	-1.5533424	0.9826584	0.2241780	-1.5216174	0.9908974	-0.1485829	-1.7767082	1.0151590	0.0895750	-1.7636876	1.0180721	-0.0568242	-1.6615390	0.4945723	0.2070408	-1.6401479	0.5047066	0.0654787	-1.7386513	0.1272215	0.1557054	-1.7023921	0.1360645	0.0664934	-1.5817676	0.0904384	0.1313613	-1.6405745	0.0803201	0.1829964	-1.8037301	0.1133566	0.0906074	-1.6615250	0.4987692	-0.1550587	-1.6493176	0.5066146	-0.0059974	-1.7315513	0.1237289	-0.1224353	-1.6981434	0.1293763	-0.0277262	-1.5683537	0.0847697	-0.0836101	-1.8035112	0.1055872	-0.0623529	-1.6206066	0.0769973	-0.1430698	-1.7100482	1.5394598	0.2090215	-1.6804250	1.5591820	-0.1487205	-1.8012254	1.5493535	0.0246993	-1.5702699	0.7373321	0.2436665	-1.6134761	0.6400402	0.2555928	-1.7046405	0.7410410	0.2601748	-1.5478361	0.7379002	-0.1922497	-1.5971944	0.6430912	-0.2059173	-1.6869189	0.7477115	-0.2184748	-1.6872066	0.3849150	0.1969542	-1.6784346	0.2688064	0.1993275	-1.7488221	0.2896444	0.1932749	-1.6829856	0.3873536	-0.1498192	-1.6678553	0.2684125	-0.1602005	-1.7472624	0.2901552	-0.1533537	-1.6658260	0.8803028	0.1355560	-1.6468057	0.8852978	-0.0896386	-1.7117139	1.1856210	0.3067215	-1.7238191	1.1757790	0.2218213	-1.5804503	0.9616972	0.2558575	-1.6405402	0.9315559	0.2796481	-1.6523330	1.2039218	-0.2607525	-1.6903045	1.1919931	-0.1901779	-1.5363697	0.9714098	-0.1978076	-1.5918942	0.9483711	-0.2260803
71	1.1666667	-1.7010200	1.4985374	0.0305000	-1.7031600	1.4852474	0.2076400	-1.6954800	1.2160674	0.2655100	-1.6231100	0.9681274	0.2718100	-1.6673000	1.5094574	-0.1468500	-1.6627800	1.2435774	-0.2210100	-1.5768300	0.9885474	-0.2157500	-1.6130800	0.9105574	0.0280000	-1.6158800	0.9087674	0.1518900	-1.6478400	0.4979374	0.1262600	-1.7315500	0.1247574	0.1112000	-1.5951000	0.9139174	-0.0962200	-1.6580100	0.5058774	-0.0807100	-1.7200700	0.1196974	-0.0749900	-1.5444400	0.0765674	-0.0966400	-1.5583300	0.0781574	-0.0972900	-1.7626200	0.0847374	-0.0664400	-1.5634900	0.0732774	0.1456700	-1.5731500	0.0764874	0.1451700	-1.7614000	0.0916674	0.0993300	-1.5528841	0.9819435	0.2240985	-1.5212244	0.9901607	-0.1488096	-1.7761891	1.0142785	0.0895117	-1.7631928	1.0171828	-0.0569468	-1.6609391	0.4937587	0.2069859	-1.6395451	0.5038868	0.0654968	-1.7378030	0.1265393	0.1556751	-1.7015739	0.1353839	0.0665180	-1.5812203	0.0897196	0.1313660	-1.6399446	0.0796792	0.1829141	-1.8027596	0.1127448	0.0906325	-1.6606835	0.4978699	-0.1551519	-1.6484936	0.5057953	-0.0061556	-1.7308425	0.1230692	-0.1224263	-1.6974611	0.1287657	-0.0277618	-1.5677195	0.0842017	-0.0835451	-1.8027923	0.1049744	-0.0623804	-1.6199727	0.0764627	-0.1429844	-1.7095515	1.5386780	0.2089641	-1.6800014	1.5584690	-0.1488129	-1.8007496	1.5485929	0.0246501	-1.5697647	0.7365695	0.2436030	-1.6129352	0.6392585	0.2555193	-1.7040459	0.7402284	0.2600714	-1.5472566	0.7370762	-0.1923086	-1.5965096	0.6422224	-0.2059776	-1.6862539	0.7467970	-0.2185553	-1.6865274	0.3841385	0.1968837	-1.6777015	0.2680812	0.1992398	-1.7480530	0.2888986	0.1932310	-1.6821860	0.3864975	-0.1498775	-1.6671313	0.2676101	-0.1602060	-1.7464578	0.2893761	-0.1533900	-1.6652572	0.8795001	0.1355117	-1.6462776	0.8844812	-0.0897725	-1.7110504	1.1848234	0.3065793	-1.7232229	1.1749587	0.2217364	-1.5798871	0.9608431	0.2557853	-1.6399957	0.9306703	0.2795251	-1.6519616	1.2031692	-0.2608936	-1.6899475	1.1912263	-0.1903115	-1.5360155	0.9705075	-0.1979799	-1.5916301	0.9474915	-0.2262124
72	1.1833333	-1.7003300	1.4981974	0.0302800	-1.7030300	1.4849374	0.2075200	-1.6968600	1.2157274	0.2658000	-1.6241700	0.9679774	0.2721300	-1.6660300	1.5091874	-0.1471000	-1.6626900	1.2435474	-0.2210700	-1.5767100	0.9888174	-0.2157800	-1.6126900	0.9095874	0.0279600	-1.6160100	0.9075474	0.1518700	-1.6483000	0.4975874	0.1264000	-1.7316300	0.1243974	0.1112900	-1.5942100	0.9130974	-0.0962700	-1.6589500	0.5055674	-0.0805800	-1.7217100	0.1186974	-0.0747400	-1.5404500	0.0777774	-0.0974500	-1.5548600	0.0792574	-0.0980100	-1.7683400	0.0833674	-0.0655100	-1.5642300	0.0725774	0.1459000	-1.5738700	0.0758974	0.1453900	-1.7605100	0.0917374	0.0991500	-1.5525655	0.9810498	0.2241256	-1.5208331	0.9891748	-0.1489376	-1.7758193	1.0132427	0.0893791	-1.7627933	1.0161106	-0.0571388	-1.6605525	0.4927759	0.2071157	-1.6391472	0.5028982	0.0656758	-1.7373087	0.1257430	0.1557123	-1.7011034	0.1345925	0.0665962	-1.5810499	0.0889990	0.1315179	-1.6396990	0.0790259	0.1829343	-1.8021167	0.1119523	0.0906757	-1.6602974	0.4967922	-0.1551715	-1.6481356	0.5048198	-0.0061745	-1.7306765	0.1222152	-0.1222920	-1.6973267	0.1279729	-0.0276308	-1.5671183	0.0837753	-0.0833853	-1.8028152	0.1039586	-0.0622614	-1.6195071	0.0759667	-0.1428528	-1.7092319	1.5378000	0.2089313	-1.6795467	1.5576777	-0.1489078	-1.8003940	1.5477800	0.0245076	-1.5694652	0.7356952	0.2436599	-1.6126077	0.6383426	0.2555962	-1.7036501	0.7392445	0.2600783	-1.5468855	0.7359897	-0.1923378	-1.5961299	0.6411169	-0.2060057	-1.6858025	0.7456841	-0.2186300	-1.6860963	0.3831752	0.1969762	-1.6772631	0.2671757	0.1992732	-1.7475778	0.2880237	0.1933151	-1.6818646	0.3854458	-0.1498502	-1.6668908	0.2665947	-0.1601087	-1.7461867	0.2884109	-0.1533377	-1.6648724	0.8785426	0.1355184	-1.6458500	0.8834662	-0.0898605	-1.7109076	1.1839012	0.3065510	-1.7230627	1.1740325	0.2217278	-1.5798019	0.9598857	0.2559089	-1.6399405	0.9296709	0.2795393	-1.6517241	1.2023243	-0.2609882	-1.6897671	1.1903483	-0.1904159	-1.5357886	0.9695364	-0.1980517	-1.5914668	0.9465346	-0.2262678
73	1.2000000	-1.6997900	1.4978974	0.0300500	-1.7037100	1.4847174	0.2075100	-1.6985900	1.2151374	0.2661300	-1.6245300	0.9678774	0.2722100	-1.6642600	1.5088074	-0.1474600	-1.6623100	1.2430974	-0.2212300	-1.5766300	0.9889974	-0.2157800	-1.6127400	0.9092674	0.0279700	-1.6165100	0.9071474	0.1519500	-1.6491800	0.4974774	0.1266200	-1.7314500	0.1242074	0.1112000	-1.5938100	0.9128074	-0.0962900	-1.6596200	0.5056074	-0.0805700	-1.7233500	0.1175674	-0.0745000	-1.5374000	0.0786074	-0.0980100	-1.5521700	0.0799274	-0.0985000	-1.7723700	0.0817974	-0.0648200	-1.5645200	0.0722574	0.1458700	-1.5741500	0.0756174	0.1453600	-1.7600300	0.0916374	0.0988200	-1.5527496	0.9808080	0.2242591	-1.5207147	0.9887760	-0.1489550	-1.7759577	1.0129049	0.0891257	-1.7628120	1.0157108	-0.0574468	-1.6607028	0.4924581	0.2073182	-1.6392371	0.5025992	0.0658913	-1.7373250	0.1255972	0.1557033	-1.7010981	0.1344774	0.0666116	-1.5813530	0.0890610	0.1316976	-1.6399511	0.0791339	0.1829587	-1.8019424	0.1117293	0.0906077	-1.6605826	0.4963833	-0.1551314	-1.6485058	0.5045088	-0.0060692	-1.7311714	0.1219113	-0.1220554	-1.6978889	0.1277267	-0.0273560	-1.5667305	0.0841748	-0.0831517	-1.8036989	0.1032866	-0.0620225	-1.6193535	0.0762171	-0.1426826	-1.7094255	1.5375631	0.2089013	-1.6792380	1.5575140	-0.1490482	-1.8004152	1.5476898	0.0241880	-1.5697137	0.7355181	0.2438060	-1.6128333	0.6381068	0.2557611	-1.7038259	0.7389127	0.2601335	-1.5469442	0.7355044	-0.1923440	-1.5962651	0.6406378	-0.2060112	-1.6858035	0.7452366	-0.2187267	-1.6861994	0.3828582	0.1971228	-1.6773586	0.2669130	0.1993400	-1.7476399	0.2877962	0.1933994	-1.6822033	0.3850349	-0.1497462	-1.6672735	0.2661905	-0.1599157	-1.7466089	0.2880462	-0.1532162	-1.6650218	0.8782723	0.1355389	-1.6458178	0.8830979	-0.0899321	-1.7114919	1.1836222	0.3066021	-1.7235587	1.1737568	0.2217403	-1.5802661	0.9596628	0.2561666	-1.6404233	0.9293580	0.2796430	-1.6517765	1.2021656	-0.2610520	-1.6899287	1.1901475	-0.1905237	-1.5359097	0.9692763	-0.1980444	-1.5916136	0.9462830	-0.2262861
74	1.2166667	-1.6994800	1.4977574	0.0299000	-1.7042300	1.4846774	0.2075500	-1.6994000	1.2147874	0.2662800	-1.6243100	0.9678474	0.2721000	-1.6631100	1.5085474	-0.1477300	-1.6619500	1.2428674	-0.2213600	-1.5767400	0.9890774	-0.2157500	-1.6129600	0.9090474	0.0279300	-1.6168300	0.9069074	0.1519700	-1.6498800	0.4974674	0.1268500	-1.7312100	0.1243074	0.1110400	-1.5939200	0.9126374	-0.0963900	-1.6599000	0.5057874	-0.0806600	-1.7240500	0.1169274	-0.0744000	-1.5362200	0.0787774	-0.0981900	-1.5511000	0.0800574	-0.0986600	-1.7733200	0.0810074	-0.0645900	-1.5646300	0.0722874	0.1457300	-1.5742400	0.0756574	0.1452300	-1.7600100	0.0915674	0.0985300	-1.5531478	0.9806591	0.2243960	-1.5206573	0.9884602	-0.1489992	-1.7763365	1.0127293	0.0887529	-1.7630106	1.0154716	-0.0578847	-1.6610930	0.4922546	0.2074794	-1.6395218	0.5024463	0.0660328	-1.7375148	0.1255531	0.1555721	-1.7012223	0.1344920	0.0664865	-1.5817708	0.0892682	0.1317700	-1.6403401	0.0793945	0.1828922	-1.8019164	0.1115964	0.0903782	-1.6610953	0.4961122	-0.1551475	-1.6491527	0.5043122	-0.0059489	-1.7318391	0.1216375	-0.1218459	-1.6986498	0.1274915	-0.0270599	-1.5663108	0.0847213	-0.0829676	-1.8048592	0.1025493	-0.0617740	-1.6192037	0.0765755	-0.1425790	-1.7098013	1.5373780	0.2088348	-1.6788488	1.5573517	-0.1492696	-1.8005054	1.5476894	0.0237166	-1.5701917	0.7354368	0.2439455	-1.6133008	0.6379685	0.2559108	-1.7042728	0.7386686	0.2601484	-1.5470845	0.7351285	-0.1924235	-1.5965318	0.6402818	-0.2060985	-1.6859519	0.7449264	-0.2189554	-1.6865346	0.3826521	0.1972108	-1.6776667	0.2667556	0.1993412	-1.7479167	0.2876694	0.1933963	-1.6827486	0.3847494	-0.1496846	-1.6678150	0.2658920	-0.1597550	-1.7472483	0.2877600	-0.1531441	-1.6654045	0.8781144	0.1354976	-1.6459255	0.8828356	-0.0900837	-1.7122885	1.1834309	0.3066376	-1.7242700	1.1735654	0.2217004	-1.5807825	0.9596039	0.2563991	-1.6409503	0.9291626	0.2797063	-1.6518340	1.2021208	-0.2611865	-1.6901424	1.1900702	-0.1907214	-1.5361027	0.9691411	-0.1980535	-1.5918122	0.9461538	-0.2263645
75	1.2333333	-1.6994100	1.4977774	0.0298400	-1.7039600	1.4847474	0.2075300	-1.6992000	1.2147974	0.2662600	-1.6240700	0.9678674	0.2720200	-1.6632200	1.5085074	-0.1478400	-1.6618700	1.2429874	-0.2213600	-1.5768300	0.9890574	-0.2157300	-1.6130800	0.9086374	0.0277900	-1.6168000	0.9065374	0.1518600	-1.6501700	0.4973774	0.1270000	-1.7310800	0.1244974	0.1109500	-1.5941600	0.9122374	-0.0965700	-1.6598900	0.5058074	-0.0807000	-1.7236600	0.1168974	-0.0744200	-1.5361500	0.0786574	-0.0981600	-1.5509800	0.0799474	-0.0986400	-1.7725000	0.0810074	-0.0645700	-1.5649900	0.0723674	0.1457000	-1.5745800	0.0757474	0.1452100	-1.7600500	0.0916374	0.0984600	-1.5534307	0.9803005	0.2244543	-1.5204719	0.9879613	-0.1491483	-1.7766534	1.0124271	0.0883045	-1.7631415	1.0151187	-0.0584099	-1.6614172	0.4919043	0.2075680	-1.6397081	0.5021567	0.0660857	-1.7376457	0.1253598	0.1553361	-1.7012601	0.1343637	0.0662498	-1.5820903	0.0892598	0.1317279	-1.6406514	0.0794659	0.1827329	-1.8018197	0.1113607	0.0900418	-1.6614427	0.4957096	-0.1552729	-1.6496481	0.5039601	-0.0058953	-1.7323056	0.1212016	-0.1217395	-1.6992094	0.1270755	-0.0268413	-1.5656929	0.0850833	-0.0829121	-1.8058141	0.1016568	-0.0615928	-1.6188471	0.0767353	-0.1426035	-1.7100018	1.5369797	0.2086970	-1.6783167	1.5569371	-0.1495737	-1.8004342	1.5474600	0.0231775	-1.5705860	0.7351575	0.2440354	-1.6136980	0.6376505	0.2560035	-1.7046650	0.7382428	0.2600789	-1.5470453	0.7346207	-0.1926202	-1.5966224	0.6397970	-0.2063086	-1.6859847	0.7444711	-0.2193300	-1.6868138	0.3823030	0.1972103	-1.6779201	0.2664477	0.1992552	-1.7481317	0.2874014	0.1933049	-1.6831206	0.3843388	-0.1497271	-1.6681586	0.2654700	-0.1597024	-1.7477079	0.2873261	-0.1531770	-1.6657033	0.8777644	0.1353620	-1.6459404	0.8823983	-0.0903458	-1.7128705	1.1830556	0.3066006	-1.7248111	1.1731898	0.2215863	-1.5810447	0.9593924	0.2565184	-1.6412190	0.9287990	0.2796602	-1.6517312	1.2019014	-0.2614155	-1.6902137	1.1898284	-0.1910023	-1.5361555	0.9688304	-0.1981166	-1.5918707	0.9458435	-0.2265145
76	1.2500000	-1.6995700	1.4978274	0.0298100	-1.7034300	1.4848374	0.2074500	-1.6988800	1.2149874	0.2661700	-1.6239900	0.9678874	0.2719900	-1.6640400	1.5085474	-0.1478800	-1.6618800	1.2432774	-0.2213200	-1.5765800	0.9890174	-0.2157200	-1.6131200	0.9081874	0.0276000	-1.6168300	0.9059974	0.1517000	-1.6502200	0.4972774	0.1270400	-1.7309000	0.1246974	0.1110200	-1.5942200	0.9117274	-0.0967900	-1.6597500	0.5057374	-0.0806400	-1.7230400	0.1172274	-0.0744700	-1.5365900	0.0786274	-0.0981100	-1.5513500	0.0799674	-0.0985900	-1.7715000	0.0815274	-0.0646600	-1.5647700	0.0724574	0.1457000	-1.5743900	0.0758174	0.1452200	-1.7599500	0.0917774	0.0986900	-1.5535781	0.9798823	0.2244735	-1.5202120	0.9874365	-0.1493658	-1.7769049	1.0121332	0.0878740	-1.7632291	1.0147873	-0.0589317	-1.6616214	0.4915566	0.2076656	-1.6397733	0.5018563	0.0661154	-1.7376747	0.1251650	0.1551294	-1.7011945	0.1342239	0.0660256	-1.5822452	0.0891654	0.1316668	-1.6408106	0.0794546	0.1825958	-1.8016488	0.1111672	0.0897489	-1.6615989	0.4953326	-0.1554590	-1.6499407	0.5036148	-0.0058697	-1.7326010	0.1208000	-0.1217122	-1.6995781	0.1266780	-0.0266891	-1.5650450	0.0853628	-0.0829470	-1.8065278	0.1008709	-0.0614670	-1.6184263	0.0768255	-0.1427193	-1.7100382	1.5365678	0.2085526	-1.6778331	1.5564966	-0.1498925	-1.8002934	1.5471648	0.0226949	-1.5708581	0.7348350	0.2441288	-1.6139757	0.6373089	0.2561074	-1.7049643	0.7378008	0.2600102	-1.5468660	0.7341402	-0.1928945	-1.5965538	0.6393418	-0.2065945	-1.6859395	0.7440160	-0.2197827	-1.6869809	0.3819613	0.1972144	-1.6780563	0.2661437	0.1991863	-1.7482361	0.2871441	0.1932406	-1.6833146	0.3839617	-0.1498340	-1.6683280	0.2650841	-0.1597350	-1.7479874	0.2869314	-0.1532738	-1.6659167	0.8773671	0.1351904	-1.6459061	0.8819351	-0.0906622	-1.7132496	1.1826770	0.3065351	-1.7251931	1.1728169	0.2214529	-1.5811416	0.9591739	0.2565724	-1.6413202	0.9284379	0.2795576	-1.6515486	1.2016618	-0.2616808	-1.6902002	1.1895672	-0.1912963	-1.5360856	0.9685099	-0.1981889	-1.5918096	0.9455095	-0.2266703
77	1.2666667	-1.6998200	1.4978674	0.0297900	-1.7033000	1.4848574	0.2073900	-1.6988900	1.2151174	0.2661000	-1.6239600	0.9678374	0.2719600	-1.6646500	1.5085674	-0.1479000	-1.6619600	1.2433374	-0.2213200	-1.5761200	0.9889674	-0.2157200	-1.6132800	0.9083274	0.0274600	-1.6172300	0.9062574	0.1516300	-1.6501100	0.4973674	0.1269700	-1.7306700	0.1249174	0.1112400	-1.5941400	0.9118374	-0.0969800	-1.6595600	0.5058274	-0.0805200	-1.7230400	0.1176974	-0.0744900	-1.5374700	0.0787674	-0.0980400	-1.5521700	0.0801174	-0.0985300	-1.7708600	0.0820674	-0.0648700	-1.5629100	0.0728374	0.1454700	-1.5727000	0.0761674	0.1450300	-1.7598900	0.0919274	0.0991700	-1.5537817	0.9800476	0.2245528	-1.5200695	0.9874995	-0.1495462	-1.7772830	1.0124488	0.0875544	-1.7634635	1.0150637	-0.0593543	-1.6618034	0.4918082	0.2078350	-1.6398584	0.5021323	0.0661520	-1.7376233	0.1255064	0.1550819	-1.7010751	0.1346120	0.0659177	-1.5821221	0.0895826	0.1316494	-1.6407078	0.0798986	0.1825824	-1.8015062	0.1114957	0.0896355	-1.6617833	0.4955762	-0.1555920	-1.6502575	0.5038715	-0.0057717	-1.7329913	0.1210166	-0.1216959	-1.7000285	0.1268814	-0.0265463	-1.5646957	0.0860564	-0.0829812	-1.8072512	0.1007973	-0.0613603	-1.6182539	0.0773732	-0.1428380	-1.7101491	1.5367586	0.2085068	-1.6776417	1.5566764	-0.1501386	-1.8003299	1.5474349	0.0223685	-1.5711244	0.7351049	0.2442873	-1.6142353	0.6375642	0.2562929	-1.7053168	0.7379704	0.2600631	-1.5467563	0.7342859	-0.1931401	-1.5965384	0.6395156	-0.2068431	-1.6860202	0.7441741	-0.2201921	-1.6871066	0.3822139	0.1973114	-1.6781082	0.2664305	0.1992371	-1.7482957	0.2874434	0.1933119	-1.6835642	0.3842031	-0.1499060	-1.6685741	0.2653052	-0.1597701	-1.7483307	0.2871719	-0.1533452	-1.6662476	0.8775603	0.1350792	-1.6460265	0.8820655	-0.0909330	-1.7136504	1.1828892	0.3065114	-1.7256202	1.1730408	0.2213740	-1.5813081	0.9595320	0.2566475	-1.6414861	0.9286739	0.2794894	-1.6514725	1.2019834	-0.2618796	-1.6902799	1.1898615	-0.1915101	-1.5360730	0.9687700	-0.1981986	-1.5918014	0.9457425	-0.2267572
78	1.2833333	-1.6999400	1.4978074	0.0297700	-1.7036200	1.4847974	0.2073700	-1.6989000	1.2149974	0.2660700	-1.6238000	0.9677674	0.2719100	-1.6645900	1.5085174	-0.1479100	-1.6623000	1.2432974	-0.2214100	-1.5759600	0.9889074	-0.2157000	-1.6136100	0.9090074	0.0274600	-1.6178600	0.9069574	0.1517200	-1.6499900	0.4976574	0.1268500	-1.7308800	0.1250574	0.1114200	-1.5941600	0.9126074	-0.0970500	-1.6592700	0.5061174	-0.0804000	-1.7236500	0.1180874	-0.0744500	-1.5386700	0.0789074	-0.0979600	-1.5533300	0.0802674	-0.0984600	-1.7705600	0.0826874	-0.0651300	-1.5599400	0.0736374	0.1450300	-1.5700000	0.0768774	0.1446400	-1.7605500	0.0918674	0.0996400	-1.5541093	0.9807668	0.2247767	-1.5200895	0.9881003	-0.1496026	-1.7778291	1.0132929	0.0874349	-1.7638768	1.0158573	-0.0595858	-1.6619802	0.4925625	0.2081026	-1.6400211	0.5029004	0.0662083	-1.7375061	0.1262368	0.1552503	-1.7009421	0.1353942	0.0659641	-1.5815981	0.0904335	0.1316725	-1.6402322	0.0806839	0.1827235	-1.8014895	0.1121534	0.0897612	-1.6620546	0.4963390	-0.1555922	-1.6506605	0.5046266	-0.0055183	-1.7335839	0.1217392	-0.1216358	-1.7006700	0.1275685	-0.0263482	-1.5647622	0.0870004	-0.0829401	-1.8080994	0.1013388	-0.0612307	-1.6184470	0.0782369	-0.1428911	-1.7104241	1.5374584	0.2086503	-1.6777202	1.5573904	-0.1502220	-1.8005767	1.5482001	0.0222765	-1.5713725	0.7358914	0.2445475	-1.6144689	0.6383302	0.2565973	-1.7057446	0.7386776	0.2603304	-1.5467502	0.7349835	-0.1932679	-1.5966223	0.6402351	-0.2069691	-1.6862751	0.7448701	-0.2204706	-1.6872036	0.3829531	0.1975419	-1.6780745	0.2671934	0.1994488	-1.7483345	0.2881624	0.1935742	-1.6839411	0.3849536	-0.1498749	-1.6689804	0.2660152	-0.1597455	-1.7488292	0.2879426	-0.1533312	-1.6667490	0.8782941	0.1351191	-1.6463416	0.8827266	-0.0910656	-1.7141002	1.1835975	0.3065947	-1.7261187	1.1737608	0.2214177	-1.5815581	0.9603585	0.2568024	-1.6417327	0.9293981	0.2795228	-1.6515492	1.2027699	-0.2619481	-1.6904989	1.1906204	-0.1915926	-1.5361998	0.9695096	-0.1981004	-1.5919295	0.9464528	-0.2267411
79	1.3000000	-1.6998300	1.4976874	0.0297200	-1.7040600	1.4846774	0.2073400	-1.6986200	1.2147574	0.2660700	-1.6236600	0.9678374	0.2718800	-1.6639700	1.5083774	-0.1479200	-1.6631200	1.2434974	-0.2216200	-1.5763100	0.9889874	-0.2157400	-1.6137400	0.9101274	0.0276400	-1.6181900	0.9080974	0.1519200	-1.6501700	0.4979674	0.1266900	-1.7316900	0.1249474	0.1114200	-1.5940900	0.9137374	-0.0968800	-1.6590600	0.5064474	-0.0803500	-1.7242000	0.1183974	-0.0743700	-1.5395400	0.0788474	-0.0979100	-1.5541400	0.0802074	-0.0984100	-1.7702800	0.0831674	-0.0652100	-1.5576800	0.0744674	0.1446800	-1.5680000	0.0776174	0.1443400	-1.7617500	0.0915874	0.0998100	-1.5542267	0.9819643	0.2251613	-1.5199185	0.9891364	-0.1494904	-1.7781633	1.0145183	0.0875364	-1.7640839	1.0170109	-0.0595922	-1.6619536	0.4936807	0.2084256	-1.6400500	0.5040328	0.0662782	-1.7372149	0.1271854	0.1555726	-1.7006767	0.1364001	0.0661228	-1.5805935	0.0915297	0.1317080	-1.6393138	0.0816370	0.1829606	-1.8014805	0.1129734	0.0900648	-1.6621023	0.4974604	-0.1554379	-1.6508220	0.5057196	-0.0051152	-1.7340581	0.1228052	-0.1215214	-1.7011700	0.1285803	-0.0260926	-1.5648786	0.0880170	-0.0828178	-1.8087594	0.1023343	-0.0610638	-1.6186573	0.0792365	-0.1428651	-1.7105496	1.5385086	0.2089545	-1.6776491	1.5584704	-0.1501188	-1.8006595	1.5493055	0.0223988	-1.5713046	0.7370446	0.2449076	-1.6144186	0.6394618	0.2569949	-1.7059392	0.7398095	0.2607915	-1.5465110	0.7360955	-0.1932385	-1.5964839	0.6413535	-0.2069354	-1.6863523	0.7459768	-0.2205580	-1.6870998	0.3840347	0.1978594	-1.6778181	0.2682721	0.1997661	-1.7482061	0.2891470	0.1939651	-1.6841336	0.3860564	-0.1497303	-1.6692348	0.2670645	-0.1596506	-1.7491698	0.2890738	-0.1532156	-1.6670444	0.8794695	0.1353447	-1.6464631	0.8838026	-0.0910070	-1.7142630	1.1846596	0.3067681	-1.7263376	1.1748325	0.2215922	-1.5815754	0.9614980	0.2570332	-1.6417402	0.9304539	0.2796491	-1.6515195	1.2038990	-0.2618759	-1.6905919	1.1917216	-0.1915319	-1.5362438	0.9705788	-0.1979032	-1.5919826	0.9475094	-0.2266339
80	1.3166667	-1.6997700	1.4975174	0.0296700	-1.7045100	1.4845574	0.2073100	-1.6983700	1.2147774	0.2660600	-1.6238200	0.9680674	0.2719000	-1.6634000	1.5081674	-0.1479600	-1.6642800	1.2439474	-0.2219100	-1.5767500	0.9892374	-0.2158600	-1.6134900	0.9111074	0.0278800	-1.6179800	0.9090474	0.1521100	-1.6507800	0.4980274	0.1265300	-1.7321200	0.1246874	0.1113300	-1.5938000	0.9146774	-0.0965900	-1.6591200	0.5066774	-0.0803600	-1.7243000	0.1185674	-0.0743000	-1.5395100	0.0788774	-0.0979700	-1.5541000	0.0802474	-0.0984600	-1.7703100	0.0836874	-0.0650500	-1.5575100	0.0746474	0.1446800	-1.5679100	0.0777574	0.1443200	-1.7616700	0.0915074	0.0996800	-1.5540048	0.9830615	0.2255722	-1.5193998	0.9900434	-0.1493172	-1.7781010	1.0155086	0.0877043	-1.7638939	1.0179169	-0.0595184	-1.6617803	0.4945545	0.2086951	-1.6399447	0.5049265	0.0662996	-1.7367776	0.1278006	0.1558737	-1.7002663	0.1370723	0.0662612	-1.5794324	0.0922648	0.1316999	-1.6382380	0.0822021	0.1831606	-1.8013525	0.1134588	0.0903590	-1.6618191	0.4983368	-0.1552745	-1.6506074	0.5065567	-0.0047130	-1.7342444	0.1236232	-0.1214538	-1.7013389	0.1293348	-0.0258817	-1.5648219	0.0886228	-0.0827257	-1.8090678	0.1031632	-0.0609250	-1.6186870	0.0798628	-0.1428731	-1.7104165	1.5393176	0.2092356	-1.6772497	1.5593007	-0.1499415	-1.8004120	1.5501313	0.0225556	-1.5708983	0.7379401	0.2452768	-1.6141021	0.6403435	0.2573747	-1.7058262	0.7407730	0.2612703	-1.5459130	0.7370055	-0.1931697	-1.5960082	0.6422572	-0.2068712	-1.6860921	0.7469049	-0.2205814	-1.6868543	0.3848634	0.1981320	-1.6774112	0.2690743	0.2000486	-1.7479476	0.2898332	0.1943126	-1.6840203	0.3869183	-0.1496098	-1.6692019	0.2678728	-0.1596065	-1.7492109	0.2899601	-0.1531203	-1.6669450	0.8804966	0.1356263	-1.6461856	0.8847123	-0.0908696	-1.7140758	1.1855196	0.3068938	-1.7261872	1.1757022	0.2217706	-1.5813240	0.9623889	0.2572283	-1.6414733	0.9312815	0.2797335	-1.6513197	1.2048201	-0.2617982	-1.6904909	1.1926102	-0.1914551	-1.5361164	0.9714220	-0.1977341	-1.5918767	0.9483598	-0.2265565
81	1.3333333	-1.7000200	1.4973674	0.0296700	-1.7051500	1.4844374	0.2074100	-1.6984700	1.2150674	0.2660300	-1.6240800	0.9682974	0.2719400	-1.6632600	1.5079874	-0.1480300	-1.6651000	1.2443574	-0.2221400	-1.5767700	0.9895674	-0.2160000	-1.6132200	0.9114674	0.0280100	-1.6175400	0.9094374	0.1521700	-1.6514800	0.4977474	0.1264600	-1.7312700	0.1246074	0.1112700	-1.5937100	0.9150174	-0.0964100	-1.6592300	0.5067574	-0.0803400	-1.7241000	0.1185774	-0.0743500	-1.5388800	0.0790674	-0.0981300	-1.5535400	0.0804374	-0.0986000	-1.7710500	0.0835474	-0.0648700	-1.5594300	0.0740274	0.1450700	-1.5696300	0.0772074	0.1446600	-1.7591500	0.0920174	0.0994600	-1.5538393	0.9835544	0.2258339	-1.5189057	0.9903499	-0.1492180	-1.7779981	1.0157840	0.0877143	-1.7636562	1.0181111	-0.0595745	-1.6618767	0.4947379	0.2088038	-1.6400516	0.5051366	0.0662144	-1.7364512	0.1277456	0.1559828	-1.6999256	0.1370687	0.0662600	-1.5787652	0.0922608	0.1316218	-1.6375912	0.0820585	0.1832050	-1.8011458	0.1133332	0.0904602	-1.6615746	0.4985207	-0.1552527	-1.6503913	0.5067093	-0.0044676	-1.7344246	0.1237619	-0.1215461	-1.7014695	0.1294168	-0.0258364	-1.5648350	0.0885584	-0.0827723	-1.8093240	0.1033377	-0.0609151	-1.6187889	0.0798252	-0.1430268	-1.7104173	1.5394468	0.2093017	-1.6768773	1.5594283	-0.1498578	-1.8002052	1.5502239	0.0225121	-1.5706391	0.7381390	0.2455324	-1.6139878	0.6405346	0.2576066	-1.7058132	0.7410894	0.2615458	-1.5453534	0.7372256	-0.1931974	-1.5955768	0.6424703	-0.2069197	-1.6858264	0.7471841	-0.2207095	-1.6868503	0.3850170	0.1982282	-1.6772236	0.2691989	0.2001605	-1.7478717	0.2898421	0.1944458	-1.6839434	0.3871010	-0.1496443	-1.6692044	0.2680166	-0.1597223	-1.7492631	0.2901541	-0.1531771	-1.6668065	0.8808893	0.1357729	-1.6458499	0.8849899	-0.0908200	-1.7139568	1.1857554	0.3068636	-1.7260637	1.1759466	0.2218073	-1.5811778	0.9626370	0.2572942	-1.6413117	0.9314811	0.2796627	-1.6512379	1.2051116	-0.2618563	-1.6904894	1.1928610	-0.1915016	-1.5360622	0.9716516	-0.1977078	-1.5918468	0.9485951	-0.2266155
82	1.3500000	-1.7003700	1.4972374	0.0297000	-1.7057900	1.4843074	0.2075900	-1.6985500	1.2152974	0.2659700	-1.6238400	0.9683574	0.2719200	-1.6632800	1.5078474	-0.1481100	-1.6651100	1.2445574	-0.2222300	-1.5764300	0.9897574	-0.2160700	-1.6131100	0.9112174	0.0279600	-1.6171100	0.9091674	0.1520900	-1.6517700	0.4973074	0.1264600	-1.7297400	0.1246874	0.1112700	-1.5939200	0.9147274	-0.0964500	-1.6590700	0.5067074	-0.0802800	-1.7236000	0.1184074	-0.0745700	-1.5386400	0.0789674	-0.0982300	-1.5533600	0.0803474	-0.0987000	-1.7721000	0.0831474	-0.0649300	-1.5619600	0.0730674	0.1456800	-1.5718500	0.0763374	0.1451900	-1.7557500	0.0927974	0.0992500	-1.5539062	0.9834293	0.2258857	-1.5186288	0.9900723	-0.1492411	-1.7780331	1.0153910	0.0874839	-1.7635546	1.0176542	-0.0598390	-1.6622950	0.4943080	0.2087325	-1.6403764	0.5047384	0.0660385	-1.7362431	0.1271794	0.1558675	-1.6996372	0.1365465	0.0661188	-1.5787638	0.0916377	0.1315115	-1.6375266	0.0813834	0.1830883	-1.8007666	0.1128042	0.0903310	-1.6614771	0.4980846	-0.1553969	-1.6503162	0.5062620	-0.0044127	-1.7346832	0.1233122	-0.1218041	-1.7016802	0.1289251	-0.0259721	-1.5650016	0.0879676	-0.0829521	-1.8096349	0.1029404	-0.0610617	-1.6190355	0.0792713	-0.1433139	-1.7107146	1.5389676	0.2091354	-1.6766876	1.5589241	-0.1499374	-1.8002151	1.5496656	0.0221928	-1.5707212	0.7377290	0.2456227	-1.6142215	0.6401163	0.2576458	-1.7060516	0.7407785	0.2615266	-1.5449980	0.7367981	-0.1933562	-1.5953239	0.6420448	-0.2071112	-1.6856793	0.7468456	-0.2209964	-1.6871325	0.3845866	0.1981242	-1.6773084	0.2687581	0.2000812	-1.7479923	0.2892994	0.1943255	-1.6839953	0.3866812	-0.1498372	-1.6693307	0.2675797	-0.1599836	-1.7494092	0.2897365	-0.1534004	-1.6668015	0.8806552	0.1357046	-1.6456387	0.8846611	-0.0909320	-1.7140173	1.1854209	0.3066967	-1.7260863	1.1756123	0.2216753	-1.5811585	0.9623286	0.2572416	-1.6412813	0.9311214	0.2794499	-1.6512913	1.2048325	-0.2620688	-1.6906156	1.1925364	-0.1916958	-1.5360976	0.9713505	-0.1978297	-1.5919085	0.9482781	-0.2268121
83	1.3666667	-1.7002900	1.4972474	0.0296900	-1.7057500	1.4842874	0.2075900	-1.6980100	1.2151274	0.2658200	-1.6229000	0.9683474	0.2717700	-1.6631500	1.5078974	-0.1481400	-1.6646000	1.2444374	-0.2223000	-1.5760100	0.9897774	-0.2161200	-1.6130200	0.9107574	0.0277500	-1.6165700	0.9088074	0.1518500	-1.6512900	0.4970974	0.1263600	-1.7290100	0.1246274	0.1114000	-1.5942400	0.9141974	-0.0966400	-1.6584100	0.5066374	-0.0803400	-1.7227700	0.1183874	-0.0749100	-1.5398300	0.0784374	-0.0980600	-1.5544400	0.0798474	-0.0985700	-1.7716100	0.0829174	-0.0654200	-1.5632000	0.0725974	0.1461100	-1.5729500	0.0759074	0.1455800	-1.7543800	0.0930474	0.0992900	-1.5540092	0.9830653	0.2257485	-1.5184590	0.9896036	-0.1493799	-1.7780500	1.0147996	0.0871028	-1.7634636	1.0170217	-0.0602271	-1.6626911	0.4937328	0.2085117	-1.6406003	0.5041941	0.0657887	-1.7360387	0.1265575	0.1556238	-1.6993059	0.1359570	0.0659120	-1.5790961	0.0908474	0.1314013	-1.6377654	0.0806330	0.1828957	-1.8002210	0.1123250	0.0900715	-1.6612845	0.4974854	-0.1556550	-1.6501715	0.5056557	-0.0045247	-1.7348212	0.1227481	-0.1221565	-1.7018047	0.1283243	-0.0262347	-1.5651909	0.0872605	-0.0832217	-1.8097996	0.1024748	-0.0613257	-1.6192554	0.0786413	-0.1436573	-1.7110296	1.5383207	0.2088433	-1.6765318	1.5582333	-0.1501543	-1.8002433	1.5489264	0.0217232	-1.5708814	0.7371532	0.2455447	-1.6145045	0.6395396	0.2575089	-1.7063014	0.7402687	0.2612661	-1.5446711	0.7361954	-0.1936013	-1.5950415	0.6414492	-0.2073919	-1.6854758	0.7463217	-0.2213845	-1.6874116	0.3840306	0.1978735	-1.6774324	0.2681994	0.1998764	-1.7480890	0.2886750	0.1940375	-1.6839312	0.3861129	-0.1501209	-1.6693476	0.2670168	-0.1603094	-1.7494215	0.2891801	-0.1537252	-1.6667700	0.8802002	0.1354525	-1.6454435	0.8841405	-0.0911842	-1.7139809	1.1849213	0.3064636	-1.7260160	1.1750993	0.2214329	-1.5809535	0.9618814	0.2571038	-1.6410664	0.9306068	0.2791527	-1.6512643	1.2043901	-0.2623925	-1.6906509	1.1920537	-0.1919898	-1.5360267	0.9709249	-0.1980662	-1.5918763	0.9478109	-0.2271048
84	1.3833333	-1.6996700	1.4974874	0.0295700	-1.7046000	1.4844674	0.2072600	-1.6967200	1.2146474	0.2655100	-1.6216200	0.9684874	0.2714700	-1.6631100	1.5082174	-0.1480800	-1.6641900	1.2438074	-0.2224100	-1.5754600	0.9896074	-0.2161700	-1.6128500	0.9103174	0.0274000	-1.6158500	0.9085274	0.1514200	-1.6501500	0.4973274	0.1260600	-1.7298200	0.1242974	0.1117600	-1.5946100	0.9136374	-0.0969500	-1.6569800	0.5066374	-0.0806500	-1.7219600	0.1186274	-0.0752400	-1.5423700	0.0775274	-0.0975800	-1.5567100	0.0790374	-0.0981500	-1.7687700	0.0835474	-0.0663200	-1.5626000	0.0729774	0.1460800	-1.5724600	0.0761974	0.1455800	-1.7560700	0.0925274	0.0997900	-1.5539465	0.9826814	0.2254270	-1.5183375	0.9891658	-0.1496750	-1.7779137	1.0143109	0.0867104	-1.7633012	1.0165157	-0.0606170	-1.6627936	0.4932759	0.2081742	-1.6405555	0.5037474	0.0654449	-1.7359194	0.1260938	0.1553980	-1.6990827	0.1354984	0.0657236	-1.5794494	0.0901302	0.1312636	-1.6380626	0.0800152	0.1827141	-1.7998365	0.1120653	0.0898558	-1.6607735	0.4969982	-0.1560354	-1.6497345	0.5051435	-0.0048191	-1.7347185	0.1223586	-0.1225867	-1.7017290	0.1278865	-0.0266075	-1.5653901	0.0865982	-0.0835848	-1.8096665	0.1022880	-0.0617080	-1.6193921	0.0781226	-0.1440407	-1.7110417	1.5377659	0.2085223	-1.6763384	1.5576323	-0.1504671	-1.8001006	1.5482849	0.0213012	-1.5708260	0.7366373	0.2452854	-1.6145363	0.6390467	0.2572156	-1.7063241	0.7398277	0.2608787	-1.5442391	0.7357417	-0.1939375	-1.5945636	0.6409915	-0.2077638	-1.6851193	0.7458655	-0.2218400	-1.6874971	0.3835971	0.1975441	-1.6774728	0.2677522	0.1996258	-1.7480852	0.2882197	0.1937237	-1.6835468	0.3856599	-0.1504978	-1.6690813	0.2665842	-0.1606985	-1.7491281	0.2887775	-0.1541441	-1.6665824	0.8797605	0.1350739	-1.6452207	0.8836673	-0.0915479	-1.7136356	1.1844795	0.3061915	-1.7256852	1.1746304	0.2211271	-1.5803971	0.9615111	0.2568531	-1.6404982	0.9301585	0.2787750	-1.6510944	1.2039805	-0.2628041	-1.6905159	1.1916184	-0.1923487	-1.5357648	0.9705702	-0.1984028	-1.5916696	0.9473910	-0.2274684
85	1.4000000	-1.6987200	1.4978074	0.0293600	-1.7028400	1.4846974	0.2067500	-1.6952000	1.2142774	0.2652100	-1.6206800	0.9686474	0.2711600	-1.6630500	1.5085774	-0.1480600	-1.6640900	1.2429774	-0.2225300	-1.5746700	0.9892674	-0.2162300	-1.6126600	0.9101474	0.0270200	-1.6153100	0.9081074	0.1509800	-1.6493000	0.4977174	0.1257800	-1.7312700	0.1239474	0.1121400	-1.5947500	0.9134274	-0.0972800	-1.6554200	0.5067174	-0.0810700	-1.7215300	0.1190574	-0.0753700	-1.5445400	0.0770474	-0.0971700	-1.5586000	0.0785674	-0.0978000	-1.7654200	0.0840474	-0.0669200	-1.5618000	0.0737074	0.1457900	-1.5717900	0.0767574	0.1453400	-1.7585100	0.0919374	0.1003100	-1.5537266	0.9825305	0.2250196	-1.5183057	0.9889955	-0.1500621	-1.7776588	1.0141745	0.0864447	-1.7631144	1.0163767	-0.0608837	-1.6626680	0.4931619	0.2078446	-1.6403883	0.5036122	0.0651121	-1.7360331	0.1259727	0.1553205	-1.6991727	0.1353490	0.0656661	-1.5798148	0.0897344	0.1311588	-1.6384169	0.0797274	0.1826313	-1.7998772	0.1121450	0.0898379	-1.6600057	0.4968476	-0.1564760	-1.6490322	0.5049672	-0.0052243	-1.7344472	0.1223533	-0.1229973	-1.7014969	0.1278412	-0.0269908	-1.5656688	0.0862132	-0.0839481	-1.8092842	0.1025750	-0.0621022	-1.6195270	0.0779097	-0.1443775	-1.7106919	1.5375663	0.2082537	-1.6761554	1.5574045	-0.1507521	-1.7997789	1.5480110	0.0210938	-1.5705677	0.7364053	0.2449443	-1.6143383	0.6388664	0.2568799	-1.7061343	0.7397150	0.2605216	-1.5437749	0.7356943	-0.1943034	-1.5939679	0.6409110	-0.2081653	-1.6847180	0.7456970	-0.2222642	-1.6874672	0.3834993	0.1972605	-1.6775129	0.2676237	0.1994361	-1.7480908	0.2881400	0.1935299	-1.6829130	0.3855340	-0.1509055	-1.6686057	0.2664860	-0.1610899	-1.7486037	0.2887362	-0.1545744	-1.6663041	0.8795928	0.1347027	-1.6450557	0.8834886	-0.0919092	-1.7130383	1.1843286	0.3059497	-1.7251654	1.1744442	0.2208564	-1.5796384	0.9614164	0.2565430	-1.6397350	0.9300025	0.2783845	-1.6508931	1.2038095	-0.2632068	-1.6903187	1.1914324	-0.1926772	-1.5353948	0.9704823	-0.1987410	-1.5913640	0.9472224	-0.2278118
86	1.4166667	-1.6976000	1.4977774	0.0290200	-1.7014500	1.4846274	0.2063100	-1.6943000	1.2143874	0.2650800	-1.6205100	0.9685874	0.2709800	-1.6622200	1.5085674	-0.1483100	-1.6639800	1.2426674	-0.2226500	-1.5738300	0.9888174	-0.2163000	-1.6125000	0.9099974	0.0268500	-1.6154100	0.9079674	0.1508200	-1.6495900	0.4978474	0.1257700	-1.7316800	0.1238974	0.1121200	-1.5943400	0.9132474	-0.0974500	-1.6550700	0.5067274	-0.0812300	-1.7216200	0.1195474	-0.0751700	-1.5440900	0.0773474	-0.0973300	-1.5581700	0.0788974	-0.0979300	-1.7653200	0.0848074	-0.0665200	-1.5626400	0.0735574	0.1457100	-1.5725500	0.0766474	0.1452600	-1.7584500	0.0920274	0.1001400	-1.5534536	0.9823978	0.2248030	-1.5183034	0.9888274	-0.1503026	-1.7773753	1.0140893	0.0864196	-1.7629314	1.0162804	-0.0609267	-1.6625402	0.4930470	0.2077811	-1.6402886	0.5034563	0.0650520	-1.7362828	0.1259099	0.1554840	-1.6994529	0.1352404	0.0658540	-1.5802965	0.0894425	0.1312742	-1.6388785	0.0795190	0.1827556	-1.8001123	0.1122469	0.0900793	-1.6592138	0.4967259	-0.1567551	-1.6482530	0.5048550	-0.0054766	-1.7341668	0.1224180	-0.1231577	-1.7012206	0.1279004	-0.0271412	-1.5659853	0.0859164	-0.0840759	-1.8088479	0.1029485	-0.0622473	-1.6197095	0.0777585	-0.1444715	-1.7101239	1.5374885	0.2081588	-1.6759103	1.5573412	-0.1508195	-1.7993183	1.5478869	0.0211563	-1.5703100	0.7361999	0.2448187	-1.6141293	0.6387069	0.2567798	-1.7059074	0.7396391	0.2604217	-1.5433796	0.7357053	-0.1945183	-1.5934154	0.6408687	-0.2084091	-1.6843942	0.7455137	-0.2224699	-1.6874675	0.3834123	0.1972325	-1.6776161	0.2675246	0.1994774	-1.7481606	0.2881040	0.1935935	-1.6822674	0.3854303	-0.1511286	-1.6681332	0.2664156	-0.1612815	-1.7480668	0.2887336	-0.1547890	-1.6660478	0.8794548	0.1345746	-1.6449631	0.8833307	-0.0920539	-1.7123885	1.1842369	0.3059062	-1.7246265	1.1743151	0.2208001	-1.5789381	0.9613170	0.2563863	-1.6390559	0.9298815	0.2781767	-1.6507002	1.2036340	-0.2634204	-1.6901272	1.1912404	-0.1928183	-1.5349793	0.9703946	-0.1988726	-1.5910078	0.9470564	-0.2279643
87	1.4333333	-1.6963800	1.4973374	0.0285600	-1.7006300	1.4842674	0.2059600	-1.6944000	1.2148374	0.2650700	-1.6208400	0.9683074	0.2709100	-1.6605500	1.5081174	-0.1488600	-1.6636100	1.2427374	-0.2228900	-1.5733000	0.9883874	-0.2164200	-1.6124100	0.9094774	0.0269000	-1.6159400	0.9075274	0.1509200	-1.6506900	0.4976174	0.1260000	-1.7310100	0.1239674	0.1117800	-1.5936500	0.9128374	-0.0974200	-1.6560000	0.5066174	-0.0811100	-1.7218800	0.1198274	-0.0748600	-1.5417800	0.0780774	-0.0978700	-1.5560700	0.0795874	-0.0984000	-1.7682200	0.0851174	-0.0654600	-1.5649400	0.0726474	0.1460000	-1.5746000	0.0759174	0.1454900	-1.7564200	0.0924674	0.0994800	-1.5532687	0.9819005	0.2248320	-1.5182772	0.9882706	-0.1503382	-1.7771616	1.0136454	0.0865232	-1.7627775	1.0158141	-0.0608548	-1.6626092	0.4925224	0.2079650	-1.6403481	0.5029024	0.0652502	-1.7365469	0.1255543	0.1557255	-1.6997237	0.1348539	0.0661466	-1.5810035	0.0889554	0.1315819	-1.6395230	0.0790870	0.1829888	-1.8002351	0.1120244	0.0903590	-1.6586476	0.4962188	-0.1568258	-1.6476517	0.5044029	-0.0055059	-1.7339993	0.1221454	-0.1230212	-1.7010144	0.1276612	-0.0270029	-1.5662371	0.0854593	-0.0839446	-1.8085535	0.1029078	-0.0620697	-1.6199092	0.0773935	-0.1443118	-1.7095016	1.5371238	0.2081652	-1.6754979	1.5570122	-0.1507266	-1.7987522	1.5475329	0.0212886	-1.5702584	0.7356540	0.2449742	-1.6141297	0.6381790	0.2569435	-1.7058487	0.7391703	0.2605319	-1.5431383	0.7352979	-0.1945609	-1.5930533	0.6404116	-0.2084708	-1.6842114	0.7449218	-0.2224789	-1.6876222	0.3829439	0.1974014	-1.6778371	0.2670888	0.1996732	-1.7483283	0.2877115	0.1937805	-1.6818335	0.3849496	-0.1511217	-1.6678396	0.2659808	-0.1612261	-1.7477157	0.2883592	-0.1547402	-1.6659113	0.8789576	0.1346710	-1.6449233	0.8827989	-0.0919979	-1.7119062	1.1838462	0.3060291	-1.7242419	1.1738892	0.2209118	-1.5784923	0.9608513	0.2564102	-1.6386573	0.9294255	0.2781495	-1.6505100	1.2031095	-0.2634941	-1.6899694	1.1906880	-0.1928431	-1.5345704	0.9699438	-0.1988145	-1.5906457	0.9465413	-0.2279769
88	1.4500000	-1.6954200	1.4968774	0.0280600	-1.6999700	1.4839374	0.2056000	-1.6951100	1.2150774	0.2649700	-1.6210200	0.9680874	0.2708200	-1.6592700	1.5075474	-0.1494600	-1.6632400	1.2425174	-0.2232500	-1.5733200	0.9879274	-0.2165900	-1.6122600	0.9085774	0.0269100	-1.6161900	0.9065674	0.1508900	-1.6516700	0.4971774	0.1261500	-1.7311100	0.1235874	0.1115500	-1.5931400	0.9119074	-0.0973500	-1.6567400	0.5064774	-0.0809500	-1.7215200	0.1195574	-0.0747100	-1.5405600	0.0783974	-0.0982100	-1.5549800	0.0799074	-0.0986900	-1.7700200	0.0846374	-0.0646800	-1.5666700	0.0720674	0.1463800	-1.5762400	0.0754074	0.1458200	-1.7562400	0.0921174	0.0991400	-1.5530727	0.9810044	0.2248578	-1.5181090	0.9873268	-0.1503951	-1.7769131	1.0128636	0.0865207	-1.7625395	1.0150154	-0.0608938	-1.6628019	0.4916493	0.2080876	-1.6404460	0.5020210	0.0653851	-1.7368449	0.1249236	0.1557951	-1.6999706	0.1342098	0.0662797	-1.5818324	0.0882811	0.1318275	-1.6402936	0.0784572	0.1831129	-1.8002992	0.1115013	0.0904114	-1.6582159	0.4953573	-0.1568956	-1.6471812	0.5036156	-0.0055288	-1.7337905	0.1215521	-0.1228183	-1.7007556	0.1271135	-0.0268039	-1.5662482	0.0848736	-0.0838266	-1.8082722	0.1024405	-0.0617935	-1.6199281	0.0768722	-0.1441419	-1.7087379	1.5364200	0.2080598	-1.6748246	1.5563255	-0.1507591	-1.7979972	1.5469024	0.0212355	-1.5702977	0.7347540	0.2451391	-1.6142488	0.6372945	0.2570876	-1.7058806	0.7383153	0.2605720	-1.5429108	0.7344779	-0.1946431	-1.5927529	0.6395617	-0.2085583	-1.6840094	0.7439623	-0.2225359	-1.6878837	0.3821471	0.1974790	-1.6781590	0.2663469	0.1997608	-1.7485776	0.2870008	0.1938209	-1.6814870	0.3841292	-0.1510979	-1.6675715	0.2652179	-0.1611356	-1.7474209	0.2876440	-0.1546424	-1.6657614	0.8780866	0.1347168	-1.6447913	0.8818994	-0.0920031	-1.7115586	1.1831526	0.3060796	-1.7239528	1.1731640	0.2209416	-1.5781800	0.9600705	0.2564012	-1.6383910	0.9286480	0.2780773	-1.6502468	1.2022536	-0.2636725	-1.6897733	1.1897936	-0.1929923	-1.5341229	0.9691370	-0.1988126	-1.5902443	0.9456830	-0.2280873
89	1.4666667	-1.6951600	1.4966074	0.0275900	-1.6991300	1.4837574	0.2051300	-1.6958100	1.2147974	0.2647000	-1.6207600	0.9679574	0.2706100	-1.6595600	1.5071874	-0.1499800	-1.6631800	1.2418574	-0.2236100	-1.5736900	0.9874674	-0.2168300	-1.6120300	0.9075574	0.0266900	-1.6159700	0.9056774	0.1505500	-1.6520800	0.4967874	0.1260800	-1.7327700	0.1226474	0.1115900	-1.5929400	0.9108574	-0.0974400	-1.6564600	0.5063774	-0.0809600	-1.7203400	0.1192474	-0.0747700	-1.5413500	0.0780374	-0.0982100	-1.5556700	0.0795774	-0.0986600	-1.7687400	0.0845274	-0.0645200	-1.5666200	0.0721674	0.1465400	-1.5763900	0.0754374	0.1459900	-1.7593100	0.0906674	0.0993300	-1.5527847	0.9799485	0.2246731	-1.5178436	0.9862726	-0.1506853	-1.7766045	1.0120290	0.0863338	-1.7622368	1.0141837	-0.0611254	-1.6630471	0.4907333	0.2079743	-1.6405630	0.5010945	0.0652454	-1.7374083	0.1242298	0.1556762	-1.7004588	0.1334994	0.0661943	-1.5826752	0.0875971	0.1318763	-1.6411518	0.0778102	0.1830895	-1.8007309	0.1108767	0.0902452	-1.6577530	0.4944656	-0.1571606	-1.6466972	0.5027816	-0.0057416	-1.7334266	0.1209294	-0.1227635	-1.7003491	0.1265198	-0.0267508	-1.5660408	0.0843183	-0.0839516	-1.8078515	0.1018938	-0.0616388	-1.6197277	0.0763953	-0.1441771	-1.7078058	1.5356208	0.2077483	-1.6741045	1.5555066	-0.1510784	-1.7971473	1.5461960	0.0209802	-1.5702890	0.7337220	0.2450990	-1.6143673	0.6363109	0.2570237	-1.7059125	0.7373733	0.2604138	-1.5426141	0.7336013	-0.1949487	-1.5923965	0.6386684	-0.2088578	-1.6837352	0.7429423	-0.2228189	-1.6882558	0.3813071	0.1973388	-1.6786476	0.2655478	0.1996504	-1.7490065	0.2862477	0.1936633	-1.6810631	0.3832814	-0.1512586	-1.6671771	0.2644261	-0.1612203	-1.7470322	0.2869021	-0.1547002	-1.6655405	0.8770926	0.1345389	-1.6445847	0.8809061	-0.0922470	-1.7112935	1.1823947	0.3059229	-1.7237251	1.1723821	0.2207578	-1.5778836	0.9592747	0.2562057	-1.6381101	0.9278169	0.2778161	-1.6500143	1.2013244	-0.2640857	-1.6896115	1.1888235	-0.1933683	-1.5337080	0.9682358	-0.1990261	-1.5898939	0.9447333	-0.2284141
90	1.4833333	-1.6955500	1.4964774	0.0270400	-1.6981000	1.4836574	0.2044900	-1.6962200	1.2142174	0.2643000	-1.6204600	0.9678074	0.2702800	-1.6613200	1.5070474	-0.1505500	-1.6631300	1.2411774	-0.2239300	-1.5738900	0.9871174	-0.2171300	-1.6119300	0.9067874	0.0262500	-1.6156200	0.9049474	0.1500400	-1.6521500	0.4965574	0.1259000	-1.7345000	0.1217674	0.1117700	-1.5931000	0.9100374	-0.0978300	-1.6555800	0.5062174	-0.0811300	-1.7188600	0.1190074	-0.0749100	-1.5430600	0.0772774	-0.0980200	-1.5571600	0.0788874	-0.0984900	-1.7658900	0.0848574	-0.0648100	-1.5656800	0.0724774	0.1464700	-1.5757200	0.0756574	0.1459600	-1.7625700	0.0892674	0.0997300	-1.5525360	0.9791023	0.2242613	-1.5177471	0.9854839	-0.1512441	-1.7764276	1.0114892	0.0860505	-1.7621133	1.0136687	-0.0614715	-1.6634359	0.4901225	0.2076890	-1.6408711	0.5004467	0.0648796	-1.7383514	0.1237780	0.1555174	-1.7013555	0.1330080	0.0660202	-1.5835361	0.0871762	0.1317926	-1.6421040	0.0774073	0.1830275	-1.8017364	0.1104457	0.0900493	-1.6573419	0.4939299	-0.1576499	-1.6462680	0.5022808	-0.0061681	-1.7330435	0.1206067	-0.1229069	-1.6999257	0.1262097	-0.0268907	-1.5659048	0.0840039	-0.0843160	-1.8073695	0.1016624	-0.0616687	-1.6195546	0.0761769	-0.1444349	-1.7068964	1.5350916	0.2072724	-1.6737796	1.5549119	-0.1516437	-1.7965142	1.5457203	0.0206609	-1.5703259	0.7329085	0.2448586	-1.6145644	0.6355833	0.2567841	-1.7060379	0.7367259	0.2601272	-1.5424309	0.7330847	-0.1954934	-1.5921302	0.6381368	-0.2093896	-1.6836017	0.7422318	-0.2233179	-1.6888307	0.3807658	0.1970653	-1.6793807	0.2650261	0.1994389	-1.7497160	0.2857814	0.1934397	-1.6806605	0.3827746	-0.1516396	-1.6667767	0.2639571	-0.1615294	-1.7466502	0.2864878	-0.1549585	-1.6654240	0.8763396	0.1341728	-1.6445598	0.8801882	-0.0927053	-1.7112082	1.1819089	0.3055921	-1.7236957	1.1718864	0.2204013	-1.5777268	0.9588067	0.2558266	-1.6379393	0.9272856	0.2773881	-1.6500373	1.2006642	-0.2646870	-1.6896806	1.1881284	-0.1939076	-1.5335119	0.9675992	-0.1994306	-1.5897789	0.9440441	-0.2289015
91	1.5000000	-1.6960900	1.4964674	0.0262900	-1.6972600	1.4835974	0.2037100	-1.6964200	1.2138874	0.2637700	-1.6206500	0.9676274	0.2698400	-1.6631700	1.5071074	-0.1513800	-1.6624600	1.2404374	-0.2243000	-1.5737600	0.9868774	-0.2174700	-1.6121700	0.9066074	0.0256500	-1.6152500	0.9049074	0.1495200	-1.6523100	0.4964474	0.1257700	-1.7346600	0.1216474	0.1121100	-1.5939100	0.9096974	-0.0985400	-1.6544600	0.5060174	-0.0813700	-1.7178500	0.1189874	-0.0751200	-1.5453000	0.0764674	-0.0976600	-1.5592000	0.0781474	-0.0981700	-1.7636300	0.0849774	-0.0655200	-1.5648700	0.0726874	0.1463100	-1.5750500	0.0758174	0.1458400	-1.7628700	0.0891574	0.1002800	-1.5524973	0.9788404	0.2236659	-1.5180720	0.9852925	-0.1520430	-1.7765810	1.0115387	0.0857378	-1.7624023	1.0137481	-0.0618712	-1.6640330	0.4901092	0.2073203	-1.6414879	0.5003615	0.0643902	-1.7394102	0.1238753	0.1554368	-1.7024308	0.1330437	0.0658860	-1.5843453	0.0873065	0.1316660	-1.6430098	0.0775237	0.1830030	-1.8029771	0.1105260	0.0899784	-1.6571553	0.4940372	-0.1582926	-1.6460567	0.5024149	-0.0067427	-1.7328637	0.1208300	-0.1232417	-1.6997125	0.1264416	-0.0272232	-1.5662050	0.0841017	-0.0848162	-1.8070145	0.1020416	-0.0619096	-1.6197445	0.0763858	-0.1448381	-1.7062255	1.5351730	0.2066702	-1.6741001	1.5548809	-0.1523958	-1.7963311	1.5457898	0.0203226	-1.5705534	0.7326793	0.2444641	-1.6149411	0.6354518	0.2564283	-1.7063589	0.7366980	0.2597865	-1.5425963	0.7332132	-0.1962106	-1.5921650	0.6382516	-0.2100863	-1.6838245	0.7421293	-0.2239610	-1.6895861	0.3808290	0.1967535	-1.6802414	0.2651118	0.1992258	-1.7505819	0.2858812	0.1932512	-1.6804715	0.3828860	-0.1521793	-1.6665899	0.2640767	-0.1620178	-1.7464627	0.2866671	-0.1553888	-1.6655967	0.8761707	0.1336936	-1.6449514	0.8800631	-0.0933116	-1.7114096	1.1819960	0.3051154	-1.7239897	1.1719765	0.2199074	-1.5779130	0.9589169	0.2552919	-1.6381108	0.9273512	0.2768325	-1.6503646	1.2005530	-0.2654079	-1.6900346	1.1879974	-0.1945622	-1.5336177	0.9675142	-0.1999663	-1.5899554	0.9439069	-0.2294923
92	1.5166667	-1.6961800	1.4965074	0.0253700	-1.6969000	1.4835974	0.2029300	-1.6965000	1.2140474	0.2631000	-1.6213400	0.9674874	0.2693800	-1.6636400	1.5071474	-0.1524600	-1.6612000	1.2398874	-0.2248000	-1.5733900	0.9866074	-0.2178400	-1.6126200	0.9067474	0.0249700	-1.6146200	0.9052974	0.1489400	-1.6524500	0.4965174	0.1256400	-1.7337000	0.1221874	0.1125600	-1.5953600	0.9095174	-0.0993900	-1.6529400	0.5060574	-0.0816600	-1.7173100	0.1192774	-0.0753400	-1.5474700	0.0757374	-0.0971700	-1.5612300	0.0774474	-0.0977500	-1.7625000	0.0849474	-0.0664700	-1.5642800	0.0728674	0.1461100	-1.5744700	0.0759674	0.1456800	-1.7608700	0.0902974	0.1009500	-1.5525543	0.9789433	0.2229434	-1.5187202	0.9854224	-0.1529965	-1.7769146	1.0118737	0.0854355	-1.7629616	1.0140978	-0.0622723	-1.6645984	0.4904271	0.2069126	-1.6421906	0.5005810	0.0638532	-1.7400855	0.1242773	0.1554894	-1.7031995	0.1333734	0.0658707	-1.5848117	0.0877377	0.1315401	-1.6435138	0.0779147	0.1830284	-1.8038573	0.1108986	0.0901099	-1.6570117	0.4944459	-0.1589509	-1.6458910	0.5028611	-0.0073414	-1.7327693	0.1212901	-0.1236826	-1.6996116	0.1269189	-0.0276681	-1.5668788	0.0842744	-0.0852927	-1.8066733	0.1027605	-0.0623183	-1.6202276	0.0766974	-0.1452422	-1.7057095	1.5356197	0.2059793	-1.6747620	1.5551816	-0.1532720	-1.7964104	1.5461741	0.0199382	-1.5708128	0.7328121	0.2439489	-1.6153001	0.6356764	0.2559877	-1.7066790	0.7370087	0.2594345	-1.5429879	0.7336637	-0.1969611	-1.5923538	0.6386795	-0.2108088	-1.6842365	0.7423059	-0.2246385	-1.6902126	0.3812405	0.1964536	-1.6808547	0.2655673	0.1990637	-1.7512121	0.2862727	0.1931395	-1.6803336	0.3832763	-0.1527417	-1.6664882	0.2644524	-0.1625479	-1.7463123	0.2871149	-0.1558918	-1.6659120	0.8763213	0.1331743	-1.6456226	0.8802317	-0.0939740	-1.7117502	1.1823820	0.3045346	-1.7244469	1.1723675	0.2193166	-1.5783650	0.9592619	0.2546734	-1.6385811	0.9277116	0.2762150	-1.6506770	1.2006925	-0.2661858	-1.6903889	1.1881375	-0.1953051	-1.5337763	0.9676737	-0.2005521	-1.5901469	0.9440255	-0.2301367
93	1.5333333	-1.6954700	1.4965074	0.0243700	-1.6963100	1.4835874	0.2021000	-1.6961600	1.2141574	0.2624000	-1.6219000	0.9673474	0.2690000	-1.6627700	1.5071274	-0.1536100	-1.6600300	1.2395074	-0.2253300	-1.5725300	0.9865274	-0.2183600	-1.6126700	0.9067174	0.0242600	-1.6135000	0.9054274	0.1482000	-1.6519200	0.4968574	0.1253900	-1.7330100	0.1227974	0.1128700	-1.5965500	0.9092874	-0.1001400	-1.6514700	0.5062574	-0.0819000	-1.7164800	0.1195574	-0.0755000	-1.5480000	0.0757574	-0.0969500	-1.5617400	0.0774474	-0.0975600	-1.7619300	0.0848074	-0.0670400	-1.5646100	0.0729774	0.1460000	-1.5747300	0.0760374	0.1455800	-1.7590100	0.0915574	0.1014300	-1.5521433	0.9789416	0.2221103	-1.5190982	0.9853740	-0.1540263	-1.7767908	1.0119882	0.0851471	-1.7631431	1.0142017	-0.0626452	-1.6645406	0.4906465	0.2064775	-1.6423644	0.5006877	0.0633303	-1.7399460	0.1245627	0.1556201	-1.7032209	0.1335796	0.0659507	-1.5846428	0.0880054	0.1314094	-1.6433092	0.0781645	0.1830439	-1.8038884	0.1111909	0.0903867	-1.6563228	0.4946180	-0.1595187	-1.6451814	0.5031032	-0.0079107	-1.7321746	0.1215357	-0.1240905	-1.6990442	0.1272097	-0.0281147	-1.5672022	0.0842025	-0.0856420	-1.8058040	0.1033258	-0.0627636	-1.6203189	0.0767653	-0.1455184	-1.7047975	1.5359657	0.2051960	-1.6749932	1.5553622	-0.1542370	-1.7960916	1.5464363	0.0194659	-1.5705377	0.7328571	0.2433173	-1.6150691	0.6358137	0.2554592	-1.7063965	0.7371787	0.2590552	-1.5430234	0.7339227	-0.1976235	-1.5921122	0.6388922	-0.2114325	-1.6842117	0.7422311	-0.2252392	-1.6901547	0.3815512	0.1961614	-1.6807273	0.2659277	0.1989210	-1.7510921	0.2865443	0.1930730	-1.6796550	0.3834223	-0.1532111	-1.6658894	0.2645899	-0.1629768	-1.7456077	0.2873286	-0.1563418	-1.6657522	0.8763080	0.1326459	-1.6459387	0.8801915	-0.0946243	-1.7116797	1.1825753	0.3038974	-1.7244876	1.1725670	0.2186724	-1.5785335	0.9593276	0.2540445	-1.6388021	0.9278597	0.2755868	-1.6503745	1.2006107	-0.2669836	-1.6901576	1.1880682	-0.1960962	-1.5333621	0.9676170	-0.2011350	-1.5897273	0.9439325	-0.2308001
94	1.5500000	-1.6942600	1.4963374	0.0233300	-1.6947600	1.4833774	0.2010700	-1.6950400	1.2135974	0.2617000	-1.6215900	0.9672374	0.2686500	-1.6618700	1.5070174	-0.1546900	-1.6591500	1.2393374	-0.2258000	-1.5710900	0.9867974	-0.2192300	-1.6119000	0.9062874	0.0234800	-1.6120800	0.9050974	0.1473000	-1.6505500	0.4972274	0.1249800	-1.7325200	0.1230674	0.1128800	-1.5964900	0.9088574	-0.1008300	-1.6508900	0.5061574	-0.0820100	-1.7158600	0.1200974	-0.0755000	-1.5463300	0.0762974	-0.0971000	-1.5602700	0.0779774	-0.0976900	-1.7624600	0.0852274	-0.0669200	-1.5662800	0.0723774	0.1460700	-1.5763000	0.0755574	0.1456400	-1.7574600	0.0922874	0.1015200	-1.5508802	0.9785823	0.2211316	-1.5187668	0.9849083	-0.1551478	-1.7757964	1.0116599	0.0847812	-1.7625137	1.0138424	-0.0630726	-1.6635548	0.4905384	0.2060146	-1.6416366	0.5004483	0.0628482	-1.7389951	0.1245499	0.1557036	-1.7024543	0.1334653	0.0660192	-1.5839768	0.0878346	0.1312477	-1.6425453	0.0780669	0.1829615	-1.8030086	0.1112778	0.0906557	-1.6548572	0.4943404	-0.1600373	-1.6436810	0.5029312	-0.0085221	-1.7308693	0.1214189	-0.1244142	-1.6977824	0.1271682	-0.0285340	-1.5667161	0.0838557	-0.0858898	-1.8042694	0.1035274	-0.0631608	-1.6196307	0.0765241	-0.1456727	-1.7031101	1.5359726	0.2042590	-1.6743800	1.5552130	-0.1553288	-1.7949724	1.5463571	0.0188325	-1.5694182	0.7325931	0.2425554	-1.6139542	0.6356402	0.2548266	-1.7051779	0.7369825	0.2585792	-1.5423617	0.7337255	-0.1982440	-1.5911422	0.6386433	-0.2119961	-1.6833881	0.7416984	-0.2257835	-1.6891888	0.3815188	0.1958426	-1.6797432	0.2659408	0.1987252	-1.7500865	0.2865215	0.1929683	-1.6782097	0.3831292	-0.1536135	-1.6645702	0.2643118	-0.1633058	-1.7441370	0.2871306	-0.1567202	-1.6647102	0.8759044	0.1320529	-1.6454597	0.8797254	-0.0953053	-1.7108091	1.1823389	0.3032091	-1.7237122	1.1723466	0.2179683	-1.5779616	0.9589144	0.2533992	-1.6382897	0.9275616	0.2749344	-1.6492227	1.2001225	-0.2678373	-1.6890801	1.1875852	-0.1969369	-1.5320369	0.9671880	-0.2017680	-1.5883886	0.9434534	-0.2315230
95	1.5666667	-1.6929900	1.4961774	0.0222100	-1.6927200	1.4832074	0.1998400	-1.6930800	1.2127274	0.2608700	-1.6204100	0.9672174	0.2681900	-1.6613700	1.5069074	-0.1557500	-1.6585800	1.2390274	-0.2261500	-1.5696900	0.9868374	-0.2205000	-1.6107500	0.9055774	0.0225900	-1.6110100	0.9043674	0.1463900	-1.6489400	0.4973974	0.1244300	-1.7317900	0.1235174	0.1125800	-1.5952700	0.9080574	-0.1016900	-1.6507700	0.5059974	-0.0821000	-1.7166100	0.1202874	-0.0752400	-1.5448700	0.0768974	-0.0972600	-1.5590300	0.0785474	-0.0978200	-1.7640700	0.0853574	-0.0662800	-1.5683800	0.0719274	0.1462200	-1.5782200	0.0751974	0.1457400	-1.7557300	0.0929874	0.1012100	-1.5492542	0.9779450	0.2200188	-1.5181003	0.9841343	-0.1563646	-1.7743986	1.0110400	0.0842459	-1.7614970	1.0131823	-0.0636531	-1.6621378	0.4902059	0.2055226	-1.6404386	0.4999729	0.0624073	-1.7378517	0.1244081	0.1556340	-1.7014748	0.1332004	0.0659846	-1.5834880	0.0873970	0.1310411	-1.6419134	0.0778057	0.1827332	-1.8017981	0.1113347	0.0907713	-1.6532650	0.4937635	-0.1605660	-1.6420344	0.5024953	-0.0092031	-1.7295872	0.1210929	-0.1246171	-1.6965450	0.1269439	-0.0288718	-1.5660339	0.0834655	-0.0860513	-1.8028572	0.1034652	-0.0634262	-1.6188152	0.0761845	-0.1457200	-1.7010882	1.5357292	0.2031540	-1.6733724	1.5548402	-0.1565708	-1.7934811	1.5460404	0.0180002	-1.5679937	0.7321352	0.2416763	-1.6124910	0.6352648	0.2540940	-1.7035514	0.7365318	0.2579501	-1.5414815	0.7331393	-0.1989058	-1.5899900	0.6380341	-0.2125794	-1.6822647	0.7408696	-0.2263597	-1.6878448	0.3812495	0.1954635	-1.6784820	0.2657160	0.1984204	-1.7487656	0.2863562	0.1927484	-1.6766690	0.3825519	-0.1539883	-1.6632098	0.2637650	-0.1635535	-1.7426165	0.2866857	-0.1570325	-1.6632644	0.8752354	0.1313371	-1.6445947	0.8789757	-0.0960843	-1.7094947	1.1818022	0.3024546	-1.7224942	1.1718314	0.2171922	-1.5769490	0.9582017	0.2526910	-1.6373153	0.9269559	0.2742390	-1.6478346	1.1993578	-0.2687540	-1.6877224	1.1868096	-0.1978167	-1.5303571	0.9665142	-0.2025317	-1.5867237	0.9427149	-0.2323535
96	1.5833333	-1.6916400	1.4960674	0.0209300	-1.6908500	1.4832674	0.1984300	-1.6903700	1.2123374	0.2597900	-1.6194800	0.9672374	0.2676300	-1.6605800	1.5066174	-0.1569400	-1.6585500	1.2388674	-0.2263800	-1.5688900	0.9861874	-0.2219900	-1.6098800	0.9047374	0.0216300	-1.6109100	0.9033974	0.1456200	-1.6475300	0.4975474	0.1237400	-1.7313800	0.1242474	0.1121300	-1.5936300	0.9073274	-0.1027900	-1.6499200	0.5063174	-0.0823900	-1.7185700	0.1202974	-0.0748400	-1.5454800	0.0768074	-0.0971900	-1.5596800	0.0784474	-0.0977400	-1.7657700	0.0855474	-0.0655900	-1.5695100	0.0720374	0.1463100	-1.5792400	0.0753474	0.1458000	-1.7550000	0.0936774	0.1007300	-1.5479738	0.9771523	0.2188788	-1.5176623	0.9832068	-0.1575922	-1.7732818	1.0103321	0.0835431	-1.7607182	1.0124359	-0.0643938	-1.6609016	0.4898039	0.2049992	-1.6393388	0.4994244	0.0619832	-1.7371765	0.1243255	0.1554189	-1.7009181	0.1329831	0.0658483	-1.5836469	0.0869426	0.1308129	-1.6419370	0.0776011	0.1824102	-1.8009800	0.1115147	0.0907048	-1.6521512	0.4931087	-0.1611002	-1.6408703	0.5019963	-0.0098908	-1.7291177	0.1207555	-0.1246556	-1.6961240	0.1267104	-0.0290448	-1.5660107	0.0830925	-0.0861122	-1.8023663	0.1033875	-0.0634965	-1.6187189	0.0758615	-0.1456491	-1.6993592	1.5353688	0.2019640	-1.6725551	1.5543674	-0.1579187	-1.7922170	1.5456337	0.0170009	-1.5669270	0.7316419	0.2407415	-1.6113307	0.6348405	0.2533037	-1.7022376	0.7359699	0.2571925	-1.5409470	0.7323625	-0.1996275	-1.5892332	0.6372767	-0.2132017	-1.6814534	0.7399447	-0.2270018	-1.6867517	0.3809120	0.1950215	-1.6775878	0.2654347	0.1980241	-1.7477775	0.2862147	0.1924081	-1.6756873	0.3819012	-0.1543161	-1.6625003	0.2631388	-0.1636947	-1.7417703	0.2862228	-0.1572588	-1.6621291	0.8744498	0.1305182	-1.6439702	0.8781102	-0.0969564	-1.7082628	1.1811640	0.3016352	-1.7213985	1.1712080	0.2163786	-1.5760882	0.9573451	0.2519130	-1.6364841	0.9262112	0.2735275	-1.6469408	1.1984531	-0.2696897	-1.6867965	1.1858883	-0.1986954	-1.5290794	0.9656904	-0.2034473	-1.5855200	0.9418359	-0.2333032
97	1.6000000	-1.6898300	1.4959774	0.0194400	-1.6888200	1.4835374	0.1968100	-1.6875200	1.2124374	0.2586400	-1.6196100	0.9671474	0.2670800	-1.6590200	1.5061874	-0.1583000	-1.6586300	1.2385274	-0.2267200	-1.5686100	0.9850674	-0.2235700	-1.6095500	0.9047874	0.0205800	-1.6116500	0.9036074	0.1448700	-1.6466000	0.4979174	0.1230000	-1.7319600	0.1246674	0.1118100	-1.5921700	0.9074574	-0.1040700	-1.6483000	0.5069574	-0.0828900	-1.7197800	0.1201874	-0.0745500	-1.5470500	0.0762574	-0.0970100	-1.5612100	0.0778974	-0.0975600	-1.7655300	0.0855274	-0.0651500	-1.5695500	0.0726774	0.1462700	-1.5792900	0.0759274	0.1457600	-1.7565000	0.0936474	0.1005600	-1.5473169	0.9772294	0.2177245	-1.5176206	0.9831190	-0.1588173	-1.7727219	1.0105783	0.0826315	-1.7604051	1.0126291	-0.0653347	-1.6601243	0.4903279	0.2043321	-1.6386032	0.4997907	0.0614198	-1.7372459	0.1251489	0.1550727	-1.7010458	0.1336603	0.0655972	-1.5844062	0.0873963	0.1305389	-1.6426343	0.0783210	0.1820292	-1.8009442	0.1125678	0.0904533	-1.6515606	0.4933870	-0.1616831	-1.6402803	0.5024218	-0.0106056	-1.7294422	0.1213045	-0.1245952	-1.6965201	0.1273529	-0.0290953	-1.5667580	0.0835013	-0.0861466	-1.8027331	0.1042167	-0.0634427	-1.6194018	0.0763759	-0.1455286	-1.6980219	1.5358334	0.2006925	-1.6720263	1.5547391	-0.1593860	-1.7912933	1.5461508	0.0158331	-1.5664507	0.7321002	0.2397275	-1.6107261	0.6353576	0.2524059	-1.7015605	0.7363298	0.2562744	-1.5408484	0.7324832	-0.2004475	-1.5889368	0.6374322	-0.2139064	-1.6811115	0.7399394	-0.2277626	-1.6861927	0.3814816	0.1944436	-1.6773282	0.2660478	0.1975178	-1.7474156	0.2869960	0.1919028	-1.6752924	0.3821594	-0.1546500	-1.6624345	0.2633953	-0.1637911	-1.7416188	0.2866816	-0.1574621	-1.6616142	0.8745835	0.1295596	-1.6438296	0.8781447	-0.0979579	-1.7072953	1.1814028	0.3006465	-1.7206101	1.1714516	0.2154615	-1.5757046	0.9572311	0.2509950	-1.6361598	0.9262786	0.2727471	-1.6467134	1.1983398	-0.2706729	-1.6864878	1.1857719	-0.1996141	-1.5284980	0.9655923	-0.2045857	-1.5850721	0.9417275	-0.2344614
98	1.6166667	-1.6875400	1.4958674	0.0177300	-1.6862300	1.4837774	0.1949800	-1.6858100	1.2124674	0.2575800	-1.6198600	0.9670674	0.2664500	-1.6570800	1.5056574	-0.1599100	-1.6575000	1.2379874	-0.2275100	-1.5683800	0.9837974	-0.2253200	-1.6097500	0.9054474	0.0193800	-1.6125200	0.9041574	0.1439700	-1.6463000	0.4983174	0.1224200	-1.7335200	0.1242374	0.1117700	-1.5916400	0.9082074	-0.1055300	-1.6465100	0.5072974	-0.0834500	-1.7195900	0.1200274	-0.0745400	-1.5480100	0.0759474	-0.0968400	-1.5621700	0.0775874	-0.0974000	-1.7638600	0.0858774	-0.0651300	-1.5686600	0.0733974	0.1461100	-1.5785900	0.0765774	0.1456300	-1.7597300	0.0926774	0.1008600	-1.5472312	0.9779023	0.2165001	-1.5179438	0.9835989	-0.1601437	-1.7727195	1.0115084	0.0815244	-1.7605635	1.0134918	-0.0664815	-1.6598227	0.4914092	0.2034929	-1.6383157	0.5006909	0.0606187	-1.7379942	0.1263666	0.1546927	-1.7018267	0.1347167	0.0652681	-1.5854419	0.0883471	0.1302143	-1.6436994	0.0794953	0.1816753	-1.8017454	0.1138830	0.0901167	-1.6512626	0.4942751	-0.1624054	-1.6400614	0.5034390	-0.0113901	-1.7301275	0.1223356	-0.1245784	-1.6973093	0.1284652	-0.0291284	-1.5679386	0.0842905	-0.0862566	-1.8034719	0.1055372	-0.0634078	-1.6204800	0.0773317	-0.1454844	-1.6968330	1.5367776	0.1993126	-1.6716295	1.5556017	-0.1609860	-1.7905150	1.5472944	0.0145396	-1.5664578	0.7331543	0.2385973	-1.6106088	0.6364579	0.2513829	-1.7014983	0.7373179	0.2552304	-1.5410281	0.7332809	-0.2014366	-1.5889135	0.6382410	-0.2147808	-1.6811651	0.7405490	-0.2287471	-1.6861702	0.3825735	0.1937412	-1.6776462	0.2671430	0.1969517	-1.7476640	0.2882453	0.1913018	-1.6752066	0.3829883	-0.1551013	-1.6626629	0.2641815	-0.1639769	-1.7418237	0.2876837	-0.1577745	-1.6617191	0.8753521	0.1284285	-1.6441840	0.8787971	-0.0991514	-1.7065982	1.1822200	0.2994530	-1.7201090	1.1722577	0.2143518	-1.5757637	0.9575552	0.2499220	-1.6363305	0.9268658	0.2718763	-1.6468544	1.1986977	-0.2718060	-1.6865282	1.1861609	-0.2007026	-1.5284428	0.9658898	-0.2060107	-1.5851733	0.9420806	-0.2359286
99	1.6333333	-1.6853300	1.4956374	0.0158100	-1.6834100	1.4838374	0.1930300	-1.6856600	1.2123874	0.2565600	-1.6186900	0.9671874	0.2654800	-1.6554700	1.5051374	-0.1618500	-1.6551900	1.2373874	-0.2287600	-1.5679700	0.9826474	-0.2273900	-1.6104400	0.9065474	0.0180600	-1.6128300	0.9052374	0.1428900	-1.6459700	0.4984774	0.1220400	-1.7358600	0.1233674	0.1118600	-1.5926100	0.9092774	-0.1071100	-1.6446600	0.5073474	-0.0840500	-1.7193800	0.1196974	-0.0747600	-1.5488900	0.0757474	-0.0966900	-1.5630700	0.0773474	-0.0972600	-1.7628800	0.0857774	-0.0654400	-1.5672900	0.0739874	0.1460100	-1.5774800	0.0770474	0.1455600	-1.7630300	0.0917074	0.1011600	-1.5475961	0.9790121	0.2151852	-1.5186646	0.9844704	-0.1615991	-1.7732333	1.0129299	0.0803354	-1.7612123	1.0148262	-0.0677230	-1.6598859	0.4928195	0.2025485	-1.6384445	0.5018913	0.0596322	-1.7392479	0.1276523	0.1543990	-1.7031354	0.1358288	0.0649507	-1.5864727	0.0894985	0.1298932	-1.6448545	0.0807978	0.1814383	-1.8032854	0.1150960	0.0898399	-1.6511462	0.4955252	-0.1632185	-1.6400949	0.5048014	-0.0122289	-1.7309965	0.1235860	-0.1246623	-1.6983237	0.1297874	-0.0292221	-1.5693841	0.0852150	-0.0864546	-1.8043932	0.1070709	-0.0634887	-1.6217745	0.0784596	-0.1455375	-1.6956037	1.5379789	0.1978152	-1.6713215	1.5567317	-0.1627107	-1.7897773	1.5488553	0.0131823	-1.5667938	0.7346204	0.2373636	-1.6108282	0.6379412	0.2502755	-1.7019076	0.7387492	0.2541526	-1.5414711	0.7345774	-0.2025408	-1.5891140	0.6394966	-0.2157663	-1.6815838	0.7415644	-0.2298717	-1.6865555	0.3839383	0.1930024	-1.6783748	0.2684528	0.1964125	-1.7483792	0.2896736	0.1907312	-1.6753034	0.3841366	-0.1556464	-1.6630538	0.2652505	-0.1642579	-1.7422178	0.2889634	-0.1582033	-1.6623613	0.8765877	0.1271865	-1.6450429	0.8798897	-0.1004799	-1.7061520	1.1834219	0.2981460	-1.7198441	1.1734199	0.2130539	-1.5759973	0.9582642	0.2487699	-1.6366809	0.9278486	0.2709761	-1.6470591	1.1993638	-0.2730765	-1.6866168	1.1868968	-0.2019699	-1.5286697	0.9664337	-0.2076693	-1.5855435	0.9427469	-0.2376605
100	1.6500000	-1.6835500	1.4954374	0.0137000	-1.6809500	1.4838974	0.1910300	-1.6859800	1.2127674	0.2553500	-1.6159000	0.9675274	0.2640500	-1.6543100	1.5046674	-0.1641200	-1.6533000	1.2370174	-0.2301700	-1.5677700	0.9817674	-0.2298200	-1.6107400	0.9078574	0.0167100	-1.6120600	0.9067374	0.1417100	-1.6448900	0.4983774	0.1217400	-1.7379800	0.1231474	0.1118800	-1.5939100	0.9104374	-0.1086800	-1.6427800	0.5074374	-0.0847000	-1.7198900	0.1197074	-0.0750200	-1.5505300	0.0752974	-0.0965800	-1.5646000	0.0768974	-0.0971700	-1.7634300	0.0858674	-0.0657000	-1.5663400	0.0742574	0.1460700	-1.5767000	0.0772874	0.1456300	-1.7643200	0.0921374	0.1009500	-1.5475107	0.9803683	0.2138112	-1.5190437	0.9855350	-0.1631509	-1.7733763	1.0145254	0.0792200	-1.7615324	1.0163144	-0.0689042	-1.6594078	0.4942936	0.2016281	-1.6381112	0.5031376	0.0586580	-1.7400708	0.1288330	0.1542533	-1.7040579	0.1368259	0.0647425	-1.5867444	0.0905426	0.1296396	-1.6453115	0.0819796	0.1813410	-1.8045841	0.1161389	0.0897269	-1.6504482	0.4968302	-0.1640194	-1.6395521	0.5062146	-0.0130784	-1.7314452	0.1248307	-0.1248090	-1.6989328	0.1310956	-0.0293760	-1.5704894	0.0859801	-0.0866674	-1.8048931	0.1086589	-0.0636608	-1.6227125	0.0794565	-0.1456174	-1.6936313	1.5391976	0.1962312	-1.6704031	1.5578604	-0.1644984	-1.7883541	1.5505055	0.0118214	-1.5665588	0.7362591	0.2360933	-1.6104770	0.6395582	0.2491626	-1.7018203	0.7403583	0.2531206	-1.5414453	0.7360641	-0.2036594	-1.5888072	0.6408897	-0.2167495	-1.6815756	0.7427142	-0.2309747	-1.6864285	0.3853260	0.1923366	-1.6785934	0.2697470	0.1959694	-1.7486288	0.2910686	0.1902879	-1.6748650	0.3853167	-0.1561968	-1.6629640	0.2663297	-0.1645600	-1.7421044	0.2902650	-0.1586727	-1.6625863	0.8780418	0.1259525	-1.6455489	0.8811689	-0.1018230	-1.7051829	1.1847895	0.2968099	-1.7190377	1.1747060	0.2116614	-1.5754495	0.9592726	0.2475947	-1.6361833	0.9290529	0.2700790	-1.6466299	1.2001488	-0.2744048	-1.6860333	1.1877816	-0.2033270	-1.5284252	0.9670098	-0.2094765	-1.5854443	0.9435088	-0.2395388
101	1.6666667	-1.6817300	1.4952474	0.0113800	-1.6787800	1.4840774	0.1889000	-1.6854900	1.2137774	0.2537100	-1.6125200	0.9678174	0.2623500	-1.6527500	1.5041174	-0.1666300	-1.6524000	1.2362474	-0.2316400	-1.5684200	0.9809374	-0.2325100	-1.6097900	0.9085474	0.0152400	-1.6101100	0.9075574	0.1403100	-1.6433800	0.4981974	0.1213900	-1.7384400	0.1240074	0.1119000	-1.5939200	0.9110074	-0.1102800	-1.6413900	0.5075474	-0.0854400	-1.7206800	0.1203874	-0.0750600	-1.5518800	0.0750274	-0.0966200	-1.5657300	0.0766474	-0.0972100	-1.7645900	0.0866474	-0.0654300	-1.5663900	0.0742074	0.1461700	-1.5766300	0.0773074	0.1457400	-1.7623500	0.0942974	0.1003500	-1.5461717	0.9811436	0.2122591	-1.5183129	0.9860158	-0.1648886	-1.7722676	1.0153933	0.0780841	-1.7606632	1.0170782	-0.0701108	-1.6576520	0.4950508	0.2006807	-1.6365286	0.5036579	0.0577315	-1.7396109	0.1293571	0.1540751	-1.7037206	0.1371584	0.0645365	-1.5858012	0.0907918	0.1293629	-1.6445433	0.0824127	0.1811965	-1.8046088	0.1166088	0.0896235	-1.6485852	0.4973514	-0.1648887	-1.6377765	0.5068708	-0.0140648	-1.7309736	0.1253901	-0.1250244	-1.6985873	0.1317255	-0.0296314	-1.5706989	0.0859636	-0.0869228	-1.8044670	0.1096474	-0.0638934	-1.6227913	0.0796625	-0.1457427	-1.6904041	1.5396752	0.1944069	-1.6682306	1.5581715	-0.1664430	-1.7856258	1.5513475	0.0102906	-1.5650222	0.7372478	0.2347223	-1.6088302	0.6405044	0.2479638	-1.7004057	0.7413034	0.2519715	-1.5402879	0.7368217	-0.2048633	-1.5873724	0.6415273	-0.2177970	-1.6803933	0.7431602	-0.2321054	-1.6850147	0.3860076	0.1916442	-1.6775234	0.2703542	0.1954823	-1.7475945	0.2917841	0.1898199	-1.6733356	0.3857337	-0.1568168	-1.6618812	0.2666564	-0.1649204	-1.7409425	0.2908479	-0.1592108	-1.6614889	0.8788531	0.1246337	-1.6448184	0.8818042	-0.1032543	-1.7030335	1.1855524	0.2952988	-1.7170275	1.1753378	0.2101170	-1.5734852	0.9598592	0.2462437	-1.6341664	0.9297134	0.2690116	-1.6451706	1.2002756	-0.2758651	-1.6843573	1.1880345	-0.2048344	-1.5272640	0.9667786	-0.2115272	-1.5844683	0.9435342	-0.2416038
102	1.6833333	-1.6792300	1.4949374	0.0088200	-1.6760900	1.4842574	0.1864300	-1.6837900	1.2148974	0.2516200	-1.6096200	0.9677474	0.2606200	-1.6504000	1.5033174	-0.1692900	-1.6513100	1.2351274	-0.2334200	-1.5697400	0.9799174	-0.2352500	-1.6083400	0.9081874	0.0134300	-1.6080700	0.9071774	0.1385200	-1.6420900	0.4981474	0.1208700	-1.7370300	0.1249774	0.1120800	-1.5930400	0.9105974	-0.1121400	-1.6405300	0.5073874	-0.0863300	-1.7218100	0.1210374	-0.0747900	-1.5519800	0.0750274	-0.0968100	-1.5656300	0.0766974	-0.0973900	-1.7660500	0.0874674	-0.0645000	-1.5666500	0.0742474	0.1461500	-1.5766100	0.0773974	0.1457300	-1.7581200	0.0964974	0.0998700	-1.5443537	0.9808713	0.2103160	-1.5171980	0.9854777	-0.1669830	-1.7706335	1.0151426	0.0766371	-1.7593128	1.0167399	-0.0716192	-1.6554280	0.4947741	0.1995267	-1.6344514	0.5031300	0.0566708	-1.7384317	0.1290455	0.1536389	-1.7026543	0.1366431	0.0641262	-1.5844671	0.0901686	0.1289204	-1.6433179	0.0819936	0.1808115	-1.8037447	0.1163059	0.0892823	-1.6464712	0.4967388	-0.1660038	-1.6356755	0.5064521	-0.0153652	-1.7303946	0.1249894	-0.1253245	-1.6980896	0.1314301	-0.0300187	-1.5707165	0.0851022	-0.0873105	-1.8039426	0.1096847	-0.0641642	-1.6227400	0.0789612	-0.1459841	-1.6867749	1.5391075	0.1921228	-1.6655609	1.5573349	-0.1687717	-1.7824056	1.5510521	0.0083069	-1.5630449	0.7372226	0.2330835	-1.6067356	0.6404352	0.2465018	-1.6984682	0.7411967	0.2504551	-1.5388480	0.7363971	-0.2063449	-1.5856779	0.6409913	-0.2190959	-1.6788251	0.7425000	-0.2334784	-1.6830594	0.3857039	0.1907253	-1.6758596	0.2700349	0.1947565	-1.7459349	0.2915789	0.1890961	-1.6715992	0.3850562	-0.1576355	-1.6606601	0.2659172	-0.1654204	-1.7395981	0.2904051	-0.1598972	-1.6598319	0.8785942	0.1229814	-1.6435849	0.8813874	-0.1049977	-1.7004672	1.1853517	0.2934018	-1.7145972	1.1749665	0.2082402	-1.5709998	0.9596175	0.2444957	-1.6315691	0.9294500	0.2675527	-1.6435433	1.1993793	-0.2776731	-1.6824581	1.1873054	-0.2067081	-1.5261019	0.9653532	-0.2140237	-1.5835463	0.9424397	-0.2440320
103	1.7000000	-1.6764700	1.4946174	0.0060500	-1.6726600	1.4843374	0.1835800	-1.6812400	1.2154174	0.2492800	-1.6073900	0.9673974	0.2589100	-1.6483200	1.5025674	-0.1720100	-1.6492400	1.2340674	-0.2356600	-1.5710100	0.9788174	-0.2376900	-1.6075500	0.9070074	0.0113500	-1.6072400	0.9058674	0.1364400	-1.6408800	0.4981574	0.1201200	-1.7347500	0.1249774	0.1123500	-1.5922900	0.9093474	-0.1142000	-1.6392400	0.5068074	-0.0873800	-1.7236300	0.1209474	-0.0743800	-1.5521300	0.0749774	-0.0971600	-1.5655400	0.0766874	-0.0977400	-1.7674200	0.0873274	-0.0631600	-1.5653500	0.0744474	0.1458200	-1.5752000	0.0776074	0.1454600	-1.7540100	0.0970074	0.0997000	-1.5431784	0.9797492	0.2080740	-1.5167801	0.9841120	-0.1693398	-1.7696286	1.0141077	0.0749057	-1.7586145	1.0156301	-0.0734015	-1.6537465	0.4937822	0.1982466	-1.6329091	0.5018803	0.0554792	-1.7373108	0.1281711	0.1530639	-1.7016461	0.1355667	0.0635808	-1.5834245	0.0891868	0.1284068	-1.6423107	0.0811650	0.1803273	-1.8027640	0.1153736	0.0887796	-1.6451484	0.4953398	-0.1672603	-1.6343228	0.5053017	-0.0168459	-1.7306967	0.1239346	-0.1255186	-1.6984503	0.1305218	-0.0303413	-1.5714909	0.0838444	-0.0877476	-1.8043266	0.1089993	-0.0642621	-1.6235033	0.0778007	-0.1462249	-1.6837657	1.5378149	0.1894815	-1.6634755	1.5557013	-0.1714436	-1.7797835	1.5500073	0.0059357	-1.5617357	0.7364804	0.2312598	-1.6052589	0.6396513	0.2448741	-1.6971271	0.7403050	0.2486972	-1.5382174	0.7350974	-0.2080320	-1.5847861	0.6396057	-0.2205675	-1.6779815	0.7410117	-0.2350377	-1.6815132	0.3847297	0.1896762	-1.6744757	0.2690984	0.1939112	-1.7445257	0.2907319	0.1882289	-1.6706751	0.3836135	-0.1585130	-1.6602988	0.2644295	-0.1659050	-1.7390882	0.2892646	-0.1605691	-1.6588129	0.8775183	0.1210527	-1.6430218	0.8801684	-0.1069965	-1.6984451	1.1844594	0.2912571	-1.7127506	1.1738883	0.2061207	-1.5690588	0.9587379	0.2424639	-1.6295223	0.9285137	0.2658260	-1.6426304	1.1977474	-0.2797720	-1.6812484	1.1858895	-0.2088869	-1.5258785	0.9630803	-0.2168353	-1.5835978	0.9405486	-0.2467031
104	1.7166667	-1.6743000	1.4944874	0.0032200	-1.6691500	1.4844274	0.1805000	-1.6781700	1.2150774	0.2469400	-1.6051900	0.9672474	0.2570600	-1.6475200	1.5022574	-0.1747000	-1.6467000	1.2336974	-0.2382000	-1.5722800	0.9779174	-0.2397600	-1.6071300	0.9053874	0.0093100	-1.6071000	0.9044274	0.1343500	-1.6392600	0.4979874	0.1191900	-1.7322700	0.1240874	0.1125400	-1.5916100	0.9075674	-0.1161700	-1.6369800	0.5060074	-0.0884900	-1.7253500	0.1198574	-0.0739600	-1.5532100	0.0746874	-0.0977500	-1.5662500	0.0764874	-0.0983200	-1.7680500	0.0867474	-0.0618200	-1.5621000	0.0748774	0.1451500	-1.5721200	0.0779574	0.1449100	-1.7513200	0.0958074	0.0996900	-1.5422948	0.9781605	0.2058512	-1.5167317	0.9822803	-0.1716887	-1.7689728	1.0127343	0.0732286	-1.7582921	1.0141834	-0.0751354	-1.6522016	0.4924858	0.1971007	-1.6315506	0.5003318	0.0543702	-1.7358221	0.1270228	0.1526514	-1.7003084	0.1342358	0.0631622	-1.5819672	0.0882451	0.1280136	-1.6408453	0.0802917	0.1800056	-1.8013719	0.1140251	0.0884213	-1.6441412	0.4936036	-0.1683919	-1.6332452	0.5038443	-0.0182038	-1.7314734	0.1226178	-0.1253933	-1.6992610	0.1293725	-0.0303673	-1.5726419	0.0825383	-0.0880703	-1.8052000	0.1079802	-0.0639710	-1.6246988	0.0765628	-0.1462910	-1.6810172	1.5362327	0.1868126	-1.6617809	1.5537484	-0.1741683	-1.7775121	1.5486763	0.0035454	-1.5607077	0.7354056	0.2295268	-1.6039979	0.6385418	0.2433642	-1.6960295	0.7390171	0.2470626	-1.5380020	0.7334028	-0.2096740	-1.5842742	0.6378418	-0.2219602	-1.6775406	0.7391029	-0.2365080	-1.6799591	0.3834692	0.1887704	-1.6729265	0.2679038	0.1932222	-1.7429477	0.2895746	0.1875276	-1.6701079	0.3818326	-0.1591992	-1.6603585	0.2626031	-0.1661577	-1.7389799	0.2878444	-0.1609786	-1.6581580	0.8760187	0.1191811	-1.6428693	0.8785273	-0.1089470	-1.6965517	1.1832775	0.2892205	-1.7111060	1.1725276	0.2040755	-1.5672599	0.9575731	0.2404798	-1.6276359	0.9272745	0.2641762	-1.6420165	1.1958186	-0.2818587	-1.6803264	1.1842059	-0.2110559	-1.5261612	0.9604621	-0.2195955	-1.5841783	0.9383343	-0.2492583
105	1.7333333	-1.6725900	1.4945974	0.0003300	-1.6658000	1.4846274	0.1773500	-1.6745900	1.2144574	0.2446000	-1.6023500	0.9675774	0.2550600	-1.6474600	1.5022774	-0.1774400	-1.6447600	1.2331674	-0.2408700	-1.5736900	0.9773174	-0.2418200	-1.6058400	0.9035774	0.0073800	-1.6056500	0.9028374	0.1323300	-1.6371200	0.4975674	0.1181800	-1.7298700	0.1232974	0.1125700	-1.5904900	0.9055474	-0.1180100	-1.6343200	0.5053974	-0.0895200	-1.7260300	0.1187574	-0.0736200	-1.5543800	0.0745874	-0.0984200	-1.5669800	0.0764074	-0.0989600	-1.7671800	0.0862674	-0.0607900	-1.5582600	0.0752874	0.1445500	-1.5685200	0.0781874	0.1444200	-1.7499500	0.0945274	0.0996000	-1.5404181	0.9763777	0.2037018	-1.5158621	0.9802584	-0.1740239	-1.7674271	1.0112634	0.0717614	-1.7571430	1.0126416	-0.0766823	-1.6496686	0.4911534	0.1961056	-1.6292705	0.4987533	0.0533818	-1.7331455	0.1258189	0.1524327	-1.6978349	0.1328678	0.0629103	-1.5791207	0.0874110	0.1277125	-1.6379871	0.0794926	0.1798351	-1.7988672	0.1125555	0.0882790	-1.6422357	0.4917823	-0.1694067	-1.6311981	0.5023164	-0.0194392	-1.7315168	0.1213110	-0.1250485	-1.6992860	0.1282333	-0.0301871	-1.5729890	0.0813612	-0.0883496	-1.8053221	0.1069361	-0.0633924	-1.6251451	0.0754405	-0.1462584	-1.6774159	1.5346563	0.1841955	-1.6595140	1.5517652	-0.1768389	-1.7745466	1.5472866	0.0013135	-1.5587121	0.7341988	0.2279241	-1.6017514	0.6373346	0.2420016	-1.6939438	0.7375862	0.2456253	-1.5369772	0.7316015	-0.2112672	-1.5829337	0.6359748	-0.2232756	-1.6763205	0.7370256	-0.2378398	-1.6773480	0.3821724	0.1880254	-1.6702428	0.2666830	0.1926947	-1.7402493	0.2883595	0.1870272	-1.6686900	0.3799763	-0.1597441	-1.6596302	0.2607058	-0.1662662	-1.7380683	0.2864044	-0.1611765	-1.6565987	0.8743336	0.1174730	-1.6419161	0.8767039	-0.1107711	-1.6936622	1.1820636	0.2873369	-1.7085264	1.1711472	0.2021849	-1.5644617	0.9563982	0.2385913	-1.6247218	0.9259804	0.2626609	-1.6407506	1.1938562	-0.2838435	-1.6787063	1.1824860	-0.2131026	-1.5258788	0.9577804	-0.2222343	-1.5842232	0.9360639	-0.2515965
106	1.7500000	-1.6706500	1.4945074	-0.0028000	-1.6624600	1.4849174	0.1741700	-1.6708700	1.2143274	0.2422700	-1.5988700	0.9681474	0.2529800	-1.6468900	1.5018174	-0.1806300	-1.6436400	1.2322174	-0.2436800	-1.5743000	0.9770574	-0.2442100	-1.6030900	0.9022074	0.0054600	-1.6021800	0.9017374	0.1303300	-1.6346900	0.4972774	0.1170300	-1.7279400	0.1233874	0.1125000	-1.5884400	0.9039374	-0.1198800	-1.6318200	0.5052674	-0.0905500	-1.7259000	0.1187774	-0.0735800	-1.5553400	0.0743174	-0.0988600	-1.5676700	0.0761974	-0.0993700	-1.7654400	0.0871374	-0.0604700	-1.5561000	0.0757474	0.1444900	-1.5664300	0.0785774	0.1443800	-1.7492300	0.0942774	0.0993400	-1.5369676	0.9750777	0.2015247	-1.5136505	0.9787043	-0.1764677	-1.7644049	1.0102426	0.0704356	-1.7546082	1.0115444	-0.0781168	-1.6458790	0.4903982	0.1951009	-1.6257567	0.4977300	0.0524259	-1.7295060	0.1252310	0.1522706	-1.6944202	0.1320941	0.0627392	-1.5752124	0.0870692	0.1274051	-1.6340971	0.0792491	0.1796619	-1.7954855	0.1117734	0.0882564	-1.6390457	0.4904919	-0.1704759	-1.6277729	0.5013097	-0.0207464	-1.7304578	0.1206940	-0.1247421	-1.6981374	0.1277605	-0.0300669	-1.5722294	0.0807603	-0.0887378	-1.8042940	0.1066537	-0.0628135	-1.6245153	0.0749105	-0.1462981	-1.6726118	1.5337321	0.1815024	-1.6563326	1.5503409	-0.1795791	-1.7705222	1.5463632	-0.0008667	-1.5553049	0.7334233	0.2263174	-1.5981515	0.6366204	0.2406272	-1.6903908	0.7366608	0.2442182	-1.5346621	0.7302839	-0.2129555	-1.5803267	0.6346094	-0.2246649	-1.6738143	0.7354153	-0.2391415	-1.6735510	0.3814654	0.1872861	-1.6664597	0.2660582	0.1921743	-1.7364434	0.2877634	0.1865585	-1.6660464	0.3786876	-0.1603553	-1.6577454	0.2594029	-0.1664635	-1.7359753	0.2855982	-0.1613818	-1.6535101	0.8730779	0.1158407	-1.6395739	0.8753007	-0.1125671	-1.6894542	1.1814128	0.2854188	-1.7046453	1.1703426	0.2003212	-1.5603347	0.9558433	0.2366489	-1.6204112	0.9252458	0.2611235	-1.6385974	1.1924339	-0.2858489	-1.6761237	1.1812809	-0.2151271	-1.5246309	0.9556157	-0.2249099	-1.5833327	0.9343097	-0.2538599
107	1.7666667	-1.6684100	1.4941574	-0.0062100	-1.6590100	1.4852474	0.1709800	-1.6680900	1.2146274	0.2400600	-1.5954500	0.9684874	0.2508000	-1.6457500	1.5007974	-0.1843300	-1.6424300	1.2314574	-0.2466600	-1.5738700	0.9766674	-0.2467800	-1.5996400	0.9021774	0.0034600	-1.5983100	0.9019174	0.1282900	-1.6321500	0.4974074	0.1157400	-1.7267000	0.1239074	0.1123500	-1.5854100	0.9037074	-0.1218700	-1.6295600	0.5055174	-0.0917300	-1.7256600	0.1192974	-0.0739700	-1.5569200	0.0738874	-0.0989800	-1.5691900	0.0757774	-0.0994800	-1.7636000	0.0874274	-0.0609200	-1.5573200	0.0755374	0.1449900	-1.5674400	0.0783774	0.1448100	-1.7487100	0.0947774	0.0990100	-1.5328030	0.9751939	0.1992420	-1.5108555	0.9784901	-0.1790202	-1.7606656	1.0104727	0.0690612	-1.7514127	1.0116666	-0.0795983	-1.6419136	0.4910584	0.1939475	-1.6219814	0.4980702	0.0514256	-1.7263457	0.1260349	0.1520316	-1.6914233	0.1326435	0.0625701	-1.5719933	0.0877117	0.1270974	-1.6309291	0.0801335	0.1794002	-1.7925509	0.1125740	0.0882112	-1.6355522	0.4905423	-0.1716884	-1.6239920	0.5016146	-0.0222674	-1.7292428	0.1214891	-0.1246543	-1.6967921	0.1286695	-0.0302066	-1.5714280	0.0813239	-0.0893072	-1.8030502	0.1079028	-0.0624530	-1.6238152	0.0755885	-0.1464933	-1.6674974	1.5342852	0.1785771	-1.6530689	1.5502484	-0.1825629	-1.7662915	1.5466813	-0.0032221	-1.5514654	0.7339243	0.2245915	-1.5942327	0.6372507	0.2390985	-1.6863140	0.7371627	0.2426314	-1.5318933	0.7302203	-0.2147662	-1.5773333	0.6345381	-0.2261720	-1.6707821	0.7351597	-0.2404865	-1.6697568	0.3821627	0.1864202	-1.6629038	0.2667989	0.1915471	-1.7328307	0.2886196	0.1859409	-1.6631436	0.3787691	-0.1611564	-1.6556566	0.2594898	-0.1668831	-1.7336535	0.2861808	-0.1617480	-1.6496588	0.8731634	0.1141415	-1.6365503	0.8751917	-0.1144287	-1.6848952	1.1820900	0.2832805	-1.7003849	1.1708857	0.1983160	-1.5558467	0.9566754	0.2345204	-1.6156878	0.9258571	0.2594102	-1.6363310	1.1923228	-0.2879993	-1.6733827	1.1813627	-0.2172734	-1.5231804	0.9547409	-0.2277554	-1.5822482	0.9338488	-0.2562256
108	1.7833333	-1.6660700	1.4939674	-0.0096900	-1.6551200	1.4855774	0.1677600	-1.6666500	1.2148774	0.2378700	-1.5928400	0.9686174	0.2485200	-1.6448200	1.5000874	-0.1881700	-1.6406100	1.2308774	-0.2497400	-1.5735800	0.9756674	-0.2493000	-1.5967600	0.9037674	0.0012300	-1.5954100	0.9038774	0.1260200	-1.6297800	0.4979074	0.1146800	-1.7259500	0.1243274	0.1121600	-1.5825600	0.9049474	-0.1240500	-1.6277300	0.5057974	-0.0928800	-1.7252600	0.1189674	-0.0745200	-1.5583700	0.0731574	-0.0988400	-1.5707700	0.0750374	-0.0993700	-1.7625900	0.0878374	-0.0618700	-1.5614800	0.0739574	0.1455500	-1.5712800	0.0769974	0.1452900	-1.7485500	0.0950674	0.0988500	-1.5292755	0.9770171	0.1967004	-1.5087073	0.9798518	-0.1817078	-1.7574754	1.0121872	0.0673622	-1.7487741	1.0132184	-0.0813539	-1.6391433	0.4932468	0.1925356	-1.6192283	0.4998644	0.0502637	-1.7250454	0.1281980	0.1516140	-1.6901491	0.1344530	0.0622991	-1.5711170	0.0891404	0.1267529	-1.6300961	0.0819886	0.1789886	-1.7912880	0.1149708	0.0880024	-1.6330358	0.4920825	-0.1731166	-1.6212299	0.5033777	-0.0240644	-1.7289672	0.1236232	-0.1249390	-1.6964074	0.1309015	-0.0307324	-1.5717544	0.0829396	-0.0900888	-1.8026938	0.1106149	-0.0625008	-1.6241548	0.0773844	-0.1469296	-1.6631915	1.5364518	0.1752798	-1.6508555	1.5516566	-0.1859411	-1.7629909	1.5484655	-0.0059676	-1.5485502	0.7359364	0.2226179	-1.5913681	0.6394170	0.2372902	-1.6831010	0.7393480	0.2406661	-1.5298630	0.7315783	-0.2167362	-1.5751559	0.6359252	-0.2278535	-1.6683983	0.7364979	-0.2420219	-1.6673573	0.3843379	0.1853314	-1.6609835	0.2689282	0.1907490	-1.7308093	0.2909668	0.1850451	-1.6612091	0.3803280	-0.1622449	-1.6545210	0.2610355	-0.1676300	-1.7322806	0.2881627	-0.1624268	-1.6463406	0.8748908	0.1121539	-1.6340682	0.8766447	-0.1165003	-1.6812315	1.1841968	0.2807593	-1.6969748	1.1728814	0.1959832	-1.5522778	0.9589584	0.2320707	-1.6118844	0.9279219	0.2573731	-1.6349220	1.1936473	-0.2904197	-1.6715106	1.1828824	-0.2197167	-1.5226681	0.9552810	-0.2309049	-1.5820776	0.9348248	-0.2588901
109	1.8000000	-1.6633200	1.4938274	-0.0131600	-1.6504500	1.4857774	0.1643400	-1.6654100	1.2150674	0.2353500	-1.5908100	0.9690274	0.2462200	-1.6439000	1.4996074	-0.1918400	-1.6386400	1.2313174	-0.2528000	-1.5737400	0.9746674	-0.2518100	-1.5945500	0.9051974	-0.0013300	-1.5930100	0.9058974	0.1233800	-1.6275600	0.4983374	0.1140300	-1.7259600	0.1245174	0.1119400	-1.5805700	0.9058874	-0.1265400	-1.6262500	0.5057774	-0.0938000	-1.7249200	0.1188174	-0.0748400	-1.5582700	0.0727974	-0.0986700	-1.5709000	0.0745974	-0.0992100	-1.7609600	0.0874974	-0.0625400	-1.5660300	0.0724674	0.1455500	-1.5755900	0.0755974	0.1452800	-1.7498100	0.0948574	0.0989800	-1.5264879	0.9787345	0.1937879	-1.5072906	0.9810207	-0.1846126	-1.7549206	1.0136333	0.0652684	-1.7467689	1.0144673	-0.0834439	-1.6374523	0.4950994	0.1908973	-1.6174548	0.5012710	0.0489186	-1.7254051	0.1298782	0.1510258	-1.6904534	0.1356982	0.0618787	-1.5724055	0.0896497	0.1262866	-1.6313487	0.0830601	0.1784157	-1.7915031	0.1170673	0.0876150	-1.6314340	0.4932620	-0.1747519	-1.6194760	0.5047940	-0.0260635	-1.7292575	0.1251840	-0.1255080	-1.6966370	0.1325909	-0.0315023	-1.5727697	0.0839677	-0.0909714	-1.8028658	0.1127761	-0.0628647	-1.6250940	0.0785768	-0.1475321	-1.6594919	1.5383395	0.1716258	-1.6495082	1.5527584	-0.1896816	-1.7604188	1.5499508	-0.0090614	-1.5465019	0.7376588	0.2203282	-1.5894654	0.6412888	0.2351876	-1.6807446	0.7413848	0.2383134	-1.5285179	0.7325744	-0.2188684	-1.5737299	0.6369525	-0.2297214	-1.6666819	0.7375969	-0.2438602	-1.6662188	0.3861212	0.1840483	-1.6605202	0.2705701	0.1897965	-1.7302042	0.2929593	0.1839248	-1.6600977	0.3814979	-0.1635831	-1.6540799	0.2621630	-0.1686285	-1.7316378	0.2896365	-0.1633985	-1.6436634	0.8764724	0.1097709	-1.6322227	0.8779000	-0.1188737	-1.6784070	1.1859704	0.2778845	-1.6943834	1.1745650	0.1932908	-1.5496056	0.9608671	0.2293130	-1.6090325	0.9296536	0.2550079	-1.6341771	1.1946546	-0.2931767	-1.6703538	1.1841097	-0.2225466	-1.5229727	0.9555255	-0.2343715	-1.5826788	0.9355244	-0.2619083
110	1.8166667	-1.6595400	1.4937674	-0.0167300	-1.6451000	1.4857774	0.1606000	-1.6633500	1.2154774	0.2323600	-1.5883400	0.9698174	0.2439500	-1.6417100	1.4994574	-0.1953500	-1.6372000	1.2313274	-0.2558600	-1.5732000	0.9738874	-0.2544700	-1.5919200	0.9048774	-0.0040900	-1.5901900	0.9058874	0.1205600	-1.6247900	0.4985174	0.1136100	-1.7273300	0.1243974	0.1116700	-1.5781400	0.9051674	-0.1292400	-1.6244000	0.5052174	-0.0946500	-1.7242600	0.1186174	-0.0749500	-1.5565000	0.0726574	-0.0986000	-1.5693800	0.0744574	-0.0991400	-1.7587000	0.0876774	-0.0629000	-1.5684200	0.0720074	0.1450700	-1.5780900	0.0751774	0.1448300	-1.7528800	0.0942574	0.0992100	-1.5233295	0.9786785	0.1906560	-1.5054447	0.9804403	-0.1876476	-1.7519188	1.0133289	0.0629658	-1.7442924	1.0139762	-0.0857068	-1.6354370	0.4950945	0.1892806	-1.6153560	0.5007930	0.0475992	-1.7261368	0.1297969	0.1504564	-1.6911433	0.1351340	0.0614532	-1.5742611	0.0882254	0.1257745	-1.6331079	0.0822399	0.1778330	-1.7920862	0.1174804	0.0872380	-1.6294868	0.4926032	-0.1764572	-1.6174711	0.5044157	-0.0280751	-1.7287668	0.1248315	-0.1260851	-1.6961267	0.1324205	-0.0322116	-1.5729613	0.0832705	-0.0917173	-1.8022588	0.1129585	-0.0632675	-1.6251686	0.0779339	-0.1480705	-1.6551464	1.5383663	0.1678327	-1.6477057	1.5520664	-0.1935911	-1.7572900	1.5496351	-0.0122716	-1.5440439	0.7375694	0.2178676	-1.5871857	0.6413346	0.2329929	-1.6780128	0.7416641	0.2358175	-1.5266669	0.7317460	-0.2210608	-1.5718432	0.6361432	-0.2316680	-1.6644962	0.7368993	-0.2459045	-1.6649558	0.3860371	0.1827935	-1.6601434	0.2703180	0.1888673	-1.7296494	0.2932110	0.1828435	-1.6585276	0.3808223	-0.1649852	-1.6530137	0.2614401	-0.1696486	-1.7304309	0.2891977	-0.1644586	-1.6405731	0.8763009	0.1071509	-1.6299277	0.8774184	-0.1214317	-1.6753223	1.1859759	0.2748919	-1.6914960	1.1744891	0.1904302	-1.5467044	0.9609873	0.2264718	-1.6059951	0.9296385	0.2525091	-1.6329707	1.1938938	-0.2960929	-1.6687762	1.1835694	-0.2255736	-1.5228280	0.9540647	-0.2379229	-1.5827706	0.9344996	-0.2650376
111	1.8333333	-1.6551500	1.4934574	-0.0204100	-1.6393400	1.4855474	0.1566400	-1.6610100	1.2162374	0.2291600	-1.5849600	0.9707274	0.2416000	-1.6387700	1.4990574	-0.1988300	-1.6357200	1.2318674	-0.2590700	-1.5715600	0.9733774	-0.2571800	-1.5879600	0.9043774	-0.0067500	-1.5863100	0.9057474	0.1178600	-1.6202100	0.4988374	0.1132300	-1.7293600	0.1241574	0.1112500	-1.5740700	0.9041974	-0.1318500	-1.6216900	0.5045574	-0.0958900	-1.7227900	0.1186774	-0.0753400	-1.5549500	0.0730674	-0.0986100	-1.5679500	0.0748774	-0.0991500	-1.7564400	0.0881174	-0.0635700	-1.5684600	0.0722974	0.1446300	-1.5784000	0.0753874	0.1444200	-1.7564000	0.0936874	0.0992100	-1.5188909	0.9783947	0.1876393	-1.5021926	0.9796709	-0.1905369	-1.7476175	1.0128594	0.0607577	-1.7404652	1.0133322	-0.0878600	-1.6319654	0.4948650	0.1879723	-1.6118377	0.5000705	0.0465789	-1.7262814	0.1297069	0.1501503	-1.6912977	0.1345274	0.0612482	-1.5753616	0.0867650	0.1254450	-1.6341361	0.0813693	0.1774952	-1.7922765	0.1178808	0.0871067	-1.6263007	0.4917338	-0.1779820	-1.6143161	0.5038427	-0.0299216	-1.7268378	0.1243223	-0.1264466	-1.6942277	0.1321175	-0.0326932	-1.5716187	0.0825834	-0.0921797	-1.8002602	0.1128890	-0.0635179	-1.6236911	0.0771973	-0.1483473	-1.6493619	1.5381061	0.1641823	-1.6446099	1.5511734	-0.1974201	-1.7527914	1.5490933	-0.0153243	-1.5401804	0.7373215	0.2155191	-1.5834763	0.6411941	0.2309973	-1.6739205	0.7417610	0.2335070	-1.5234377	0.7307219	-0.2230539	-1.5686162	0.6351293	-0.2334209	-1.6609312	0.7360197	-0.2478202	-1.6624613	0.3857352	0.1818431	-1.6587872	0.2698645	0.1882066	-1.7281054	0.2934105	0.1820787	-1.6556631	0.3799470	-0.1661996	-1.6505672	0.2605352	-0.1704419	-1.7278781	0.2885657	-0.1653586	-1.6361979	0.8759504	0.1046090	-1.6262702	0.8767827	-0.1238949	-1.6712393	1.1858600	0.2720336	-1.6875405	1.1742993	0.1876609	-1.5427460	0.9609971	0.2238318	-1.6018982	0.9295151	0.2501396	-1.6305698	1.1930284	-0.2988662	-1.6660402	1.1828839	-0.2284877	-1.5213932	0.9525393	-0.2412450	-1.5815351	0.9333745	-0.2679651
112	1.8500000	-1.6509900	1.4930074	-0.0241400	-1.6334200	1.4851874	0.1527000	-1.6589700	1.2168674	0.2260600	-1.5816000	0.9715174	0.2392100	-1.6363900	1.4984974	-0.2024600	-1.6339800	1.2318674	-0.2624900	-1.5696700	0.9730174	-0.2597600	-1.5829900	0.9046274	-0.0092100	-1.5811400	0.9065374	0.1153400	-1.6122300	0.4998274	0.1129000	-1.7309700	0.1244074	0.1106800	-1.5692900	0.9041474	-0.1342500	-1.6188100	0.5038974	-0.0976100	-1.7205100	0.1190774	-0.0761700	-1.5550600	0.0727774	-0.0984400	-1.5680500	0.0746974	-0.0990200	-1.7543500	0.0883374	-0.0648700	-1.5670200	0.0727674	0.1442300	-1.5772400	0.0758574	0.1440500	-1.7597800	0.0935574	0.0989800	-1.5134535	0.9788184	0.1848045	-1.4979256	0.9796456	-0.1931958	-1.7423625	1.0131145	0.0587918	-1.7356777	1.0134237	-0.0897496	-1.6269815	0.4953330	0.1870209	-1.6068894	0.5000249	0.0458945	-1.7260169	0.1305610	0.1501109	-1.6911193	0.1348300	0.0612367	-1.5756875	0.0861365	0.1252523	-1.6344715	0.0813616	0.1773998	-1.7924032	0.1192732	0.0872315	-1.6223625	0.4915952	-0.1792971	-1.6104840	0.5039584	-0.0316487	-1.7242383	0.1245875	-0.1267098	-1.6917225	0.1325606	-0.0331059	-1.5696319	0.0826033	-0.0924658	-1.7976329	0.1135825	-0.0637649	-1.6215229	0.0771330	-0.1484548	-1.6425744	1.5384759	0.1607730	-1.6407610	1.5509512	-0.2010991	-1.7474116	1.5492010	-0.0181046	-1.5350205	0.7379095	0.2133396	-1.5783742	0.6418313	0.2292568	-1.6686065	0.7425827	0.2314848	-1.5192748	0.7304328	-0.2247662	-1.5645105	0.6348571	-0.2349030	-1.6563828	0.7359368	-0.2494579	-1.6587236	0.3861253	0.1812338	-1.6564957	0.2701271	0.1878203	-1.7256520	0.2944924	0.1816820	-1.6520557	0.3798079	-0.1672385	-1.6473925	0.2603732	-0.1710614	-1.7245943	0.2887047	-0.1661410	-1.6308195	0.8763471	0.1022527	-1.6215991	0.8769180	-0.1261436	-1.6666332	1.1865269	0.2693186	-1.6829781	1.1749014	0.1850482	-1.5382262	0.9618043	0.2214297	-1.5972175	0.9301767	0.2479350	-1.6274920	1.1929461	-0.3014256	-1.6626491	1.1829313	-0.2311993	-1.5191572	0.9518197	-0.2442798	-1.5794824	0.9330216	-0.2706286
113	1.8666667	-1.6471800	1.4923674	-0.0279100	-1.6277100	1.4848874	0.1488400	-1.6567700	1.2167474	0.2230600	-1.5791500	0.9720374	0.2370800	-1.6344700	1.4975374	-0.2062800	-1.6322800	1.2312474	-0.2659700	-1.5683900	0.9720874	-0.2622700	-1.5783800	0.9053174	-0.0114600	-1.5757300	0.9074874	0.1130100	-1.6000600	0.5014074	0.1128200	-1.7320700	0.1255674	0.1102000	-1.5654800	0.9044674	-0.1364700	-1.6174500	0.5030774	-0.0994400	-1.7194200	0.1192874	-0.0769700	-1.5574400	0.0722074	-0.0980500	-1.5702800	0.0741974	-0.0986700	-1.7535400	0.0884774	-0.0661800	-1.5645800	0.0736874	0.1433600	-1.5749400	0.0767974	0.1432300	-1.7636300	0.0942474	0.0989000	-1.5083165	0.9796332	0.1820822	-1.4941216	0.9800721	-0.1956197	-1.7375020	1.0137491	0.0571391	-1.7313502	1.0139189	-0.0912781	-1.6209670	0.4961968	0.1864249	-1.6011408	0.5003516	0.0455166	-1.7261894	0.1321278	0.1502500	-1.6915624	0.1358036	0.0612702	-1.5760539	0.0860189	0.1250027	-1.6349049	0.0819524	0.1774209	-1.7934561	0.1214929	0.0875385	-1.6192408	0.4918710	-0.1804016	-1.6075169	0.5044110	-0.0333276	-1.7227273	0.1252987	-0.1269387	-1.6903820	0.1333910	-0.0335549	-1.5688495	0.0828956	-0.0926570	-1.7961209	0.1147463	-0.0640986	-1.6204952	0.0773151	-0.1484612	-1.6361094	1.5391776	0.1575888	-1.6375277	1.5510131	-0.2046489	-1.7424922	1.5496365	-0.0206143	-1.5294617	0.7391896	0.2112612	-1.5725876	0.6430385	0.2277360	-1.6629991	0.7437775	0.2297935	-1.5156889	0.7305557	-0.2261401	-1.5610632	0.6350130	-0.2360634	-1.6523303	0.7363703	-0.2507245	-1.6542938	0.3868662	0.1809397	-1.6539139	0.2707626	0.1876148	-1.7229467	0.2962086	0.1816675	-1.6493182	0.3800789	-0.1681151	-1.6451813	0.2606145	-0.1715266	-1.7222295	0.2893147	-0.1668394	-1.6257466	0.8771690	0.1000932	-1.6173302	0.8775173	-0.1281227	-1.6627340	1.1876154	0.2667165	-1.6790749	1.1759304	0.1825867	-1.5344794	0.9629998	0.2192342	-1.5933154	0.9312461	0.2458947	-1.6250497	1.1932399	-0.3038143	-1.6599079	1.1833295	-0.2337379	-1.5175076	0.9515145	-0.2470885	-1.5780097	0.9330631	-0.2730973
114	1.8833333	-1.6436200	1.4915874	-0.0316700	-1.6230100	1.4846474	0.1449800	-1.6540700	1.2163874	0.2199300	-1.5768400	0.9723274	0.2353000	-1.6320500	1.4962374	-0.2100200	-1.6307000	1.2298074	-0.2693700	-1.5678100	0.9706974	-0.2649800	-1.5751400	0.9058774	-0.0135600	-1.5714300	0.9085274	0.1108600	-1.5853100	0.5030674	0.1132500	-1.7318500	0.1274674	0.1099100	-1.5632800	0.9046774	-0.1385700	-1.6181500	0.5020474	-0.1010800	-1.7220100	0.1186774	-0.0772400	-1.5596000	0.0719574	-0.0975700	-1.5723400	0.0738574	-0.0982200	-1.7568000	0.0879074	-0.0665800	-1.5620500	0.0750274	0.1419200	-1.5723900	0.0780874	0.1418800	-1.7657100	0.0960274	0.0991400	-1.5044220	0.9802772	0.1793706	-1.4917901	0.9803553	-0.1978813	-1.7340366	1.0141892	0.0556631	-1.7285125	1.0142348	-0.0925728	-1.6140007	0.4969403	0.1861694	-1.5948078	0.5005236	0.0454115	-1.7269076	0.1339892	0.1504321	-1.6928436	0.1370264	0.0611785	-1.5767949	0.0860346	0.1245029	-1.6356653	0.0827754	0.1773578	-1.7955156	0.1240884	0.0879187	-1.6181254	0.4919777	-0.1813216	-1.6065744	0.5046659	-0.0349515	-1.7235003	0.1257708	-0.1271291	-1.6913918	0.1339657	-0.0340162	-1.5702366	0.0829391	-0.0927025	-1.7969855	0.1155876	-0.0645202	-1.6216381	0.0771115	-0.1483767	-1.6309031	1.5396933	0.1544995	-1.6355630	1.5508355	-0.2081915	-1.7388781	1.5499468	-0.0230856	-1.5241185	0.7408302	0.2091854	-1.5664966	0.6444142	0.2263701	-1.6576885	0.7447635	0.2284063	-1.5137727	0.7304483	-0.2272356	-1.5594124	0.6349654	-0.2369559	-1.6498909	0.7367061	-0.2516794	-1.6492330	0.3874162	0.1809037	-1.6511217	0.2712566	0.1874564	-1.7200399	0.2980979	0.1820024	-1.6486445	0.3801432	-0.1688466	-1.6451293	0.2606092	-0.1718433	-1.7219900	0.2897431	-0.1674740	-1.6219843	0.8778598	0.0980705	-1.6145097	0.8780047	-0.1298743	-1.6601933	1.1885493	0.2641827	-1.6765226	1.1767851	0.1801984	-1.5321814	0.9639821	0.2171774	-1.5908943	0.9321580	0.2439842	-1.6239448	1.1932810	-0.3061274	-1.6585081	1.1834800	-0.2361922	-1.5172164	0.9510143	-0.2497819	-1.5778769	0.9328995	-0.2754951
115	1.9000000	-1.6405700	1.4909074	-0.0353300	-1.6200100	1.4845274	0.1410700	-1.6516200	1.2169274	0.2167000	-1.5734500	0.9725274	0.2336500	-1.6290700	1.4949874	-0.2134000	-1.6290300	1.2282474	-0.2726700	-1.5669300	0.9691974	-0.2679900	-1.5731100	0.9064274	-0.0156400	-1.5683600	0.9094274	0.1087400	-1.5706400	0.5042974	0.1140600	-1.7281900	0.1295074	0.1095800	-1.5622800	0.9048674	-0.1406800	-1.6197100	0.5011874	-0.1025000	-1.7267300	0.1170674	-0.0769400	-1.5577100	0.0723174	-0.0971300	-1.5706900	0.0740574	-0.0978200	-1.7638300	0.0855174	-0.0659900	-1.5608800	0.0760274	0.1405100	-1.5710800	0.0791374	0.1405500	-1.7614600	0.0985174	0.0993300	-1.5016228	0.9809218	0.1765593	-1.4906964	0.9805892	-0.2001135	-1.7318512	1.0145288	0.0540334	-1.7270185	1.0144356	-0.0939717	-1.6056176	0.4977624	0.1861383	-1.5873906	0.5007572	0.0454647	-1.7269078	0.1362736	0.1504719	-1.6936659	0.1386539	0.0608107	-1.5772397	0.0865199	0.1237000	-1.6359158	0.0841373	0.1770319	-1.7969376	0.1270711	0.0881739	-1.6188431	0.4919620	-0.1820837	-1.6074925	0.5048703	-0.0364209	-1.7260094	0.1258247	-0.1272504	-1.6942022	0.1341979	-0.0343845	-1.5727959	0.0830039	-0.0924969	-1.7998196	0.1157076	-0.0649619	-1.6240535	0.0766386	-0.1481880	-1.6269329	1.5401538	0.1512212	-1.6343008	1.5505926	-0.2118674	-1.7363156	1.5503618	-0.0259384	-1.5188706	0.7430887	0.2070559	-1.5598463	0.6461934	0.2250698	-1.6524431	0.7456625	0.2271592	-1.5133036	0.7301192	-0.2281777	-1.5593529	0.6347161	-0.2376961	-1.6488924	0.7369434	-0.2525373	-1.6428723	0.3879711	0.1809820	-1.6472558	0.2718144	0.1872032	-1.7160029	0.3002770	0.1824932	-1.6497634	0.3800002	-0.1694336	-1.6468265	0.2603214	-0.1719971	-1.7235283	0.2898615	-0.1680622	-1.6194152	0.8785561	0.0960461	-1.6129675	0.8784694	-0.1315486	-1.6586049	1.1894755	0.2616164	-1.6749248	1.1775760	0.1777273	-1.5307810	0.9649338	0.2151378	-1.5893971	0.9330874	0.2420870	-1.6236721	1.1932052	-0.3084911	-1.6579537	1.1835239	-0.2387026	-1.5177585	0.9504415	-0.2524769	-1.5785399	0.9326485	-0.2779663
116	1.9166667	-1.6381400	1.4902674	-0.0388700	-1.6182500	1.4843174	0.1372500	-1.6500800	1.2182474	0.2136400	-1.5694100	0.9726274	0.2320600	-1.6261000	1.4939574	-0.2165700	-1.6276400	1.2271374	-0.2759600	-1.5648400	0.9676974	-0.2711400	-1.5713500	0.9063574	-0.0178800	-1.5658900	0.9099074	0.1066200	-1.5571500	0.5047074	0.1145700	-1.7210100	0.1313174	0.1088800	-1.5611800	0.9042474	-0.1430700	-1.6212900	0.5004074	-0.1038500	-1.7280900	0.1150274	-0.0764600	-1.5525200	0.0735874	-0.0968100	-1.5658600	0.0751074	-0.0975500	-1.7684200	0.0821374	-0.0652300	-1.5608700	0.0762874	0.1396700	-1.5708900	0.0794674	0.1397300	-1.7508700	0.1014474	0.0990100	-1.4991009	0.9809799	0.1735269	-1.4898724	0.9802204	-0.2024984	-1.7300633	1.0141499	0.0519920	-1.7259287	1.0139173	-0.0957560	-1.5952759	0.4981666	0.1860844	-1.5781507	0.5006160	0.0454815	-1.7244947	0.1383953	0.1501392	-1.6921819	0.1401619	0.0600426	-1.5762898	0.0870404	0.1226268	-1.6344418	0.0856216	0.1763230	-1.7955433	0.1298456	0.0880316	-1.6201995	0.4912395	-0.1827577	-1.6090826	0.5044932	-0.0377207	-1.7283119	0.1247834	-0.1272565	-1.6968553	0.1334677	-0.0345746	-1.5744543	0.0828660	-0.0920414	-1.8026726	0.1142606	-0.0652760	-1.6256937	0.0756017	-0.1478754	-1.6235028	1.5399062	0.1475012	-1.6326772	1.5496541	-0.2157551	-1.7338923	1.5502368	-0.0294571	-1.5131797	0.7452841	0.2048084	-1.5521251	0.6477604	0.2236799	-1.6465811	0.7458562	0.2257653	-1.5131738	0.7289655	-0.2290923	-1.5597404	0.6336604	-0.2384085	-1.6482668	0.7364354	-0.2535517	-1.6343968	0.3880928	0.1809210	-1.6412136	0.2720134	0.1866783	-1.7096558	0.3021386	0.1827994	-1.6512746	0.3790906	-0.1699013	-1.6486242	0.2592186	-0.1719872	-1.7252563	0.2889754	-0.1686000	-1.6171246	0.8786203	0.0938400	-1.6116980	0.8782927	-0.1333605	-1.6571114	1.1898557	0.2588971	-1.6734060	1.1777458	0.1750343	-1.5292639	0.9653608	0.2129992	-1.5877932	0.9335041	0.2400469	-1.6231969	1.1925036	-0.3110742	-1.6572430	1.1829297	-0.2414439	-1.5179424	0.9492794	-0.2552728	-1.5788055	0.9317619	-0.2806408
117	1.9333333	-1.6356800	1.4896674	-0.0421700	-1.6162000	1.4838974	0.1337500	-1.6488700	1.2192874	0.2108500	-1.5660900	0.9726974	0.2307300	-1.6233300	1.4931674	-0.2196100	-1.6267500	1.2264774	-0.2791800	-1.5621000	0.9664174	-0.2742800	-1.5689400	0.9051074	-0.0202000	-1.5633900	0.9094174	0.1046400	-1.5444800	0.5047874	0.1141100	-1.7131900	0.1333474	0.1075500	-1.5587600	0.9022574	-0.1457400	-1.6235300	0.4993274	-0.1052000	-1.7245600	0.1137674	-0.0761500	-1.5485400	0.0744674	-0.0966200	-1.5619500	0.0760174	-0.0973900	-1.7671300	0.0804674	-0.0648200	-1.5603600	0.0760674	0.1394200	-1.5702300	0.0793774	0.1394400	-1.7395100	0.1050074	0.0977400	-1.4960348	0.9798493	0.1704663	-1.4883777	0.9787871	-0.2049734	-1.7277927	1.0125679	0.0497283	-1.7243139	1.0122491	-0.0977878	-1.5828590	0.4977139	0.1859532	-1.5667077	0.4996796	0.0454870	-1.7191149	0.1399415	0.1494592	-1.6876573	0.1411571	0.0590171	-1.5734362	0.0869840	0.1215212	-1.6308060	0.0867073	0.1753742	-1.7906005	0.1321655	0.0874981	-1.6211443	0.4894073	-0.1832801	-1.6102453	0.5031041	-0.0388212	-1.7288687	0.1224459	-0.1270100	-1.6977367	0.1315476	-0.0345065	-1.5739504	0.0822129	-0.0913394	-1.8037971	0.1111476	-0.0652480	-1.6252627	0.0737845	-0.1473128	-1.6198256	1.5384474	0.1434916	-1.6299984	1.5475074	-0.2196837	-1.7308175	1.5489497	-0.0334184	-1.5066155	0.7467017	0.2025967	-1.5430725	0.6485037	0.2222555	-1.6396348	0.7448100	0.2241889	-1.5124083	0.7265177	-0.2299286	-1.5595785	0.6313647	-0.2390305	-1.6470546	0.7347336	-0.2546678	-1.6236023	0.3874317	0.1806689	-1.6326928	0.2715431	0.1859092	-1.7006636	0.3032330	0.1828170	-1.6520097	0.3771216	-0.1701759	-1.6492079	0.2570971	-0.1717518	-1.7258661	0.2867795	-0.1689161	-1.6142106	0.8774429	0.0915541	-1.6097287	0.8769497	-0.1352866	-1.6550724	1.1891960	0.2561614	-1.6712866	1.1768173	0.1722876	-1.5269762	0.9647832	0.2109378	-1.5854120	0.9328919	0.2379924	-1.6218245	1.1907457	-0.3137886	-1.6557064	1.1812338	-0.2443143	-1.5169379	0.9471064	-0.2580307	-1.5778728	0.9297848	-0.2833824
118	1.9500000	-1.6326800	1.4892174	-0.0450500	-1.6129800	1.4835674	0.1307000	-1.6469200	1.2195774	0.2082300	-1.5635500	0.9728874	0.2297700	-1.6206300	1.4926074	-0.2223200	-1.6256100	1.2261374	-0.2821900	-1.5599000	0.9652274	-0.2773400	-1.5659700	0.9037674	-0.0224000	-1.5608100	0.9085874	0.1028400	-1.5315400	0.5057874	0.1125800	-1.7073100	0.1364774	0.1052100	-1.5553000	0.9004274	-0.1483100	-1.6270400	0.4980474	-0.1065000	-1.7216700	0.1139574	-0.0759800	-1.5479700	0.0742874	-0.0966400	-1.5610800	0.0759674	-0.0974100	-1.7647900	0.0804874	-0.0643200	-1.5581500	0.0760474	0.1395200	-1.5677000	0.0794974	0.1394200	-1.7320600	0.1092774	0.0950800	-1.4925183	0.9785741	0.1676851	-1.4862309	0.9773850	-0.2073155	-1.7251185	1.0109519	0.0475457	-1.7222174	1.0106123	-0.0997968	-1.5690731	0.4975127	0.1858398	-1.5535933	0.4990314	0.0455682	-1.7119625	0.1420113	0.1485236	-1.6811638	0.1427146	0.0578422	-1.5693204	0.0871606	0.1205939	-1.6258817	0.0882395	0.1743799	-1.7835186	0.1352472	0.0866081	-1.6220168	0.4876382	-0.1835600	-1.6112267	0.5018060	-0.0397114	-1.7283345	0.1202565	-0.1264619	-1.6973995	0.1298111	-0.0342194	-1.5721680	0.0819494	-0.0904980	-1.8036955	0.1080528	-0.0648235	-1.6236481	0.0722646	-0.1465015	-1.6159356	1.5369811	0.1395472	-1.6266720	1.5454356	-0.2233844	-1.7272817	1.5476405	-0.0373765	-1.4995199	0.7483469	0.2006446	-1.5332122	0.6494675	0.2209750	-1.6320672	0.7436564	0.2226002	-1.5112187	0.7238695	-0.2306196	-1.5591451	0.6289717	-0.2394649	-1.6455006	0.7330507	-0.2556753	-1.6113278	0.3871007	0.1803145	-1.6226577	0.2715133	0.1849954	-1.6900606	0.3046821	0.1826103	-1.6524242	0.3753436	-0.1702048	-1.6491426	0.2552594	-0.1713007	-1.7258948	0.2846385	-0.1688721	-1.6107989	0.8761127	0.0893893	-1.6071419	0.8755593	-0.1371786	-1.6526589	1.1885557	0.2536291	-1.6687198	1.1758836	0.1697402	-1.5241750	0.9642455	0.2091958	-1.5825050	0.9322788	0.2361748	-1.6198567	1.1890474	-0.3164156	-1.6536339	1.1795471	-0.2470825	-1.5151157	0.9450405	-0.2605908	-1.5761517	0.9278405	-0.2860049
119	1.9666667	-1.6292700	1.4888774	-0.0475400	-1.6089700	1.4834574	0.1281600	-1.6441300	1.2194974	0.2058500	-1.5605700	0.9733174	0.2288500	-1.6178400	1.4920674	-0.2247900	-1.6234500	1.2255874	-0.2848700	-1.5583800	0.9642074	-0.2802000	-1.5630700	0.9037474	-0.0244100	-1.5580700	0.9087974	0.1011300	-1.5172700	0.5089974	0.1100800	-1.7036000	0.1404874	0.1017000	-1.5521700	0.9002174	-0.1506100	-1.6312800	0.4967174	-0.1076900	-1.7237700	0.1137174	-0.0758300	-1.5491300	0.0736174	-0.0969400	-1.5619300	0.0753574	-0.0976800	-1.7665000	0.0811174	-0.0634300	-1.5533200	0.0771574	0.1392900	-1.5622900	0.0807474	0.1390000	-1.7292500	0.1139374	0.0909900	-1.4891092	0.9785937	0.1652753	-1.4840299	0.9773414	-0.2094338	-1.7226205	1.0106909	0.0455723	-1.7202303	1.0103444	-0.1016512	-1.5546498	0.4988744	0.1856828	-1.5395898	0.4999961	0.0455346	-1.7045327	0.1457745	0.1471977	-1.6742118	0.1460043	0.0562547	-1.5646192	0.0887457	0.1196852	-1.6205843	0.0913089	0.1732788	-1.7762350	0.1401821	0.0851099	-1.6238039	0.4872733	-0.1836294	-1.6129457	0.5018716	-0.0404221	-1.7284803	0.1195774	-0.1258025	-1.6975636	0.1295559	-0.0339017	-1.5708384	0.0829646	-0.0897699	-1.8041858	0.1064981	-0.0642302	-1.6226267	0.0720494	-0.1457107	-1.6122674	1.5369263	0.1359006	-1.6234503	1.5449537	-0.2267589	-1.7238799	1.5477860	-0.0410514	-1.4923708	0.7515916	0.1989710	-1.5231190	0.6519921	0.2198580	-1.6245558	0.7437989	0.2211410	-1.5103532	0.7223751	-0.2312486	-1.5592972	0.6278428	-0.2397699	-1.6444456	0.7328138	-0.2565099	-1.5984918	0.3883268	0.1797955	-1.6121858	0.2730859	0.1838325	-1.6790660	0.3077389	0.1821358	-1.6537378	0.3750590	-0.1700840	-1.6498887	0.2549622	-0.1708078	-1.7267967	0.2839635	-0.1685732	-1.6075291	0.8760845	0.0874095	-1.6046014	0.8755077	-0.1389739	-1.6503206	1.1892273	0.2513692	-1.6661778	1.1762575	0.1674651	-1.5213671	0.9650373	0.2077978	-1.5795791	0.9329599	0.2346717	-1.6179032	1.1887098	-0.3188515	-1.6515954	1.1792066	-0.2496376	-1.5132453	0.9443815	-0.2629558	-1.5744225	0.9272608	-0.2884759
120	1.9833333	-1.6252900	1.4886274	-0.0498300	-1.6045800	1.4835874	0.1260300	-1.6411000	1.2195174	0.2038200	-1.5564000	0.9739174	0.2276400	-1.6142000	1.4914274	-0.2272700	-1.6204400	1.2244174	-0.2870500	-1.5566700	0.9631574	-0.2826300	-1.5598200	0.9048674	-0.0263300	-1.5542700	0.9101374	0.0993400	-1.5020000	0.5139274	0.1066800	-1.7004700	0.1443774	0.0973900	-1.5494500	0.9010774	-0.1526800	-1.6351900	0.4955674	-0.1088600	-1.7285400	0.1133274	-0.0759300	-1.5498100	0.0732774	-0.0974700	-1.5624800	0.0750374	-0.0981800	-1.7692700	0.0819274	-0.0627600	-1.5448300	0.0801074	0.1376200	-1.5534000	0.0837674	0.1372300	-1.7289600	0.1175074	0.0862900	-1.4852959	0.9797646	0.1630796	-1.4814156	0.9784312	-0.2114905	-1.7198198	1.0115498	0.0438379	-1.7179325	1.0111799	-0.1033198	-1.5392775	0.5014979	0.1851507	-1.5246140	0.5023507	0.0449030	-1.6967883	0.1507102	0.1451807	-1.6669016	0.1505659	0.0537909	-1.5585870	0.0916130	0.1183032	-1.6142788	0.0956017	0.1717612	-1.7691256	0.1462116	0.0826342	-1.6261644	0.4880687	-0.1836864	-1.6150455	0.5030055	-0.0410726	-1.7294391	0.1200397	-0.1253264	-1.6983569	0.1303663	-0.0337752	-1.5700561	0.0847286	-0.0894572	-1.8054766	0.1061469	-0.0637738	-1.6222984	0.0726313	-0.1452961	-1.6082560	1.5379923	0.1325578	-1.6198582	1.5457341	-0.2298891	-1.7200957	1.5491345	-0.0443693	-1.4844866	0.7560784	0.1973611	-1.5122184	0.6557302	0.2186820	-1.6165702	0.7450051	0.2198082	-1.5093939	0.7219053	-0.2320192	-1.5596585	0.6278097	-0.2401596	-1.6435592	0.7338229	-0.2573201	-1.5848409	0.3907452	0.1788083	-1.6010179	0.2758175	0.1821011	-1.6675485	0.3119708	0.1811722	-1.6557426	0.3759459	-0.1700414	-1.6513696	0.2558100	-0.1705331	-1.7285163	0.2844798	-0.1682946	-1.6039418	0.8772015	0.0855514	-1.6017371	0.8765888	-0.1407401	-1.6475709	1.1909321	0.2492592	-1.6631841	1.1776637	0.1653473	-1.5180644	0.9669060	0.2065659	-1.5761396	0.9346896	0.2333275	-1.6155154	1.1894283	-0.3211180	-1.6491118	1.1799474	-0.2520138	-1.5109703	0.9448001	-0.2652070	-1.5723090	0.9277533	-0.2908493
121	2.0000000	-1.6204900	1.4883674	-0.0520200	-1.5999600	1.4837474	0.1241800	-1.6379100	1.2198074	0.2020900	-1.5513800	0.9746874	0.2261900	-1.6091000	1.4907574	-0.2297700	-1.6172300	1.2229174	-0.2886600	-1.5543600	0.9618174	-0.2845600	-1.5552900	0.9065374	-0.0282700	-1.5489400	0.9121674	0.0972900	-1.4878800	0.5191774	0.1026400	-1.6949700	0.1474174	0.0927400	-1.5457100	0.9023874	-0.1545700	-1.6374800	0.4945274	-0.1100600	-1.7292500	0.1136174	-0.0766500	-1.5498600	0.0733774	-0.0977300	-1.5623400	0.0751774	-0.0985000	-1.7657900	0.0831974	-0.0633200	-1.5321300	0.0843274	0.1338000	-1.5408800	0.0878674	0.1335100	-1.7275700	0.1192074	0.0817700	-1.4801514	0.9814823	0.1609263	-1.4774927	0.9800631	-0.2136612	-1.7157326	1.0129265	0.0423321	-1.7143543	1.0125225	-0.1048163	-1.5228675	0.5046822	0.1838655	-1.5086953	0.5054931	0.0432524	-1.6877890	0.1557425	0.1422426	-1.6583492	0.1554200	0.0501977	-1.5499052	0.0952062	0.1159882	-1.6056460	0.1002966	0.1694903	-1.7613556	0.1519828	0.0790053	-1.6278668	0.4894525	-0.1839641	-1.6163281	0.5046052	-0.0418233	-1.7296706	0.1209015	-0.1252398	-1.6982576	0.1314828	-0.0339890	-1.5686331	0.0865268	-0.0897004	-1.8059037	0.1062322	-0.0636408	-1.6213361	0.0732906	-0.1454204	-1.6030037	1.5394385	0.1293882	-1.6149252	1.5468739	-0.2328831	-1.7149741	1.5508799	-0.0473661	-1.4751468	0.7608365	0.1956249	-1.5000123	0.6598088	0.2171896	-1.6073845	0.7466440	0.2184610	-1.5073019	0.7220085	-0.2330698	-1.5591119	0.6283764	-0.2408227	-1.6417825	0.7354962	-0.2582928	-1.5700616	0.3936511	0.1770177	-1.5885313	0.2789412	0.1795313	-1.6549705	0.3163999	0.1794230	-1.6571158	0.3773973	-0.1703061	-1.6521587	0.2571622	-0.1706957	-1.7296408	0.2855088	-0.1682761	-1.5990879	0.8788721	0.0837394	-1.5976166	0.8782191	-0.1425546	-1.6436622	1.1930218	0.2471443	-1.6589608	1.1794596	0.1632612	-1.5135106	0.9692345	0.2053380	-1.5714148	0.9368473	0.2319568	-1.6119134	1.1905467	-0.3232109	-1.6453915	1.1811346	-0.2542371	-1.5075627	0.9455878	-0.2673708	-1.5690648	0.9286461	-0.2931259
122	2.0166667	-1.6154600	1.4882774	-0.0540400	-1.5955400	1.4839474	0.1225100	-1.6339700	1.2202974	0.2005000	-1.5467100	0.9756074	0.2248100	-1.6033800	1.4903074	-0.2320800	-1.6138800	1.2216074	-0.2899400	-1.5520100	0.9603674	-0.2861500	-1.5498100	0.9085174	-0.0302300	-1.5431200	0.9145074	0.0951700	-1.4766100	0.5236774	0.0986200	-1.6843900	0.1491974	0.0877100	-1.5406300	0.9039974	-0.1563800	-1.6372400	0.4937774	-0.1112100	-1.7237800	0.1153874	-0.0780400	-1.5512200	0.0726774	-0.0970700	-1.5630500	0.0747574	-0.0980700	-1.7549600	0.0855374	-0.0653000	-1.5151900	0.0880574	0.1278400	-1.5246300	0.0913674	0.1278100	-1.7217100	0.1188774	0.0773200	-1.4740622	0.9834892	0.1588094	-1.4725573	0.9819991	-0.2159723	-1.7106521	1.0146020	0.0410454	-1.7097541	1.0141585	-0.1061617	-1.5069042	0.5080835	0.1817126	-1.4932449	0.5091291	0.0405114	-1.6772015	0.1599155	0.1383903	-1.6481361	0.1596896	0.0455703	-1.5381665	0.0989565	0.1125043	-1.5942252	0.1045249	0.1662719	-1.7523806	0.1563012	0.0743635	-1.6286992	0.4912269	-0.1845188	-1.6166392	0.5064625	-0.0427160	-1.7284953	0.1218497	-0.1255817	-1.6966232	0.1325927	-0.0345874	-1.5665751	0.0878915	-0.0903791	-1.8045196	0.1065509	-0.0638963	-1.6195153	0.0736654	-0.1459709	-1.5970322	1.5409795	0.1263325	-1.6090990	1.5479125	-0.2357453	-1.7089763	1.5525910	-0.0500682	-1.4652408	0.7653009	0.1937682	-1.4876275	0.6637474	0.2153251	-1.5977776	0.7484619	0.2170175	-1.5042805	0.7225393	-0.2343595	-1.5576803	0.6293834	-0.2417582	-1.6391724	0.7376088	-0.2594698	-1.5551676	0.3966768	0.1743385	-1.5751735	0.2820084	0.1761345	-1.6418561	0.3202269	0.1767527	-1.6575163	0.3792229	-0.1709293	-1.6517970	0.2588210	-0.1713457	-1.7296462	0.2867791	-0.1685682	-1.5933170	0.8808526	0.0819836	-1.5925355	0.8801679	-0.1444178	-1.6390474	1.1952279	0.2449974	-1.6539442	1.1813919	0.1611998	-1.5082358	0.9717150	0.2040980	-1.5659571	0.9391484	0.2305187	-1.6075430	1.1918134	-0.3250703	-1.6408795	1.1825270	-0.2562655	-1.5035550	0.9464506	-0.2694089	-1.5652166	0.9296750	-0.2952432
123	2.0333333	-1.6109500	1.4883874	-0.0558900	-1.5917400	1.4840874	0.1209100	-1.6289000	1.2208874	0.1989300	-1.5434000	0.9765374	0.2237000	-1.5981000	1.4903574	-0.2341100	-1.6098500	1.2210374	-0.2911900	-1.5497500	0.9591974	-0.2875200	-1.5446700	0.9107374	-0.0321300	-1.5378000	0.9171874	0.0932100	-1.4672700	0.5270774	0.0950700	-1.6677200	0.1498674	0.0819000	-1.5356800	0.9057474	-0.1582400	-1.6353400	0.4934074	-0.1121200	-1.7172200	0.1175274	-0.0795200	-1.5551400	0.0707374	-0.0954900	-1.5657500	0.0733374	-0.0969300	-1.7442100	0.0881674	-0.0675600	-1.4940400	0.0903574	0.1199200	-1.5042900	0.0934074	0.1202800	-1.7096300	0.1174774	0.0721800	-1.4683356	0.9857422	0.1567966	-1.4678858	0.9841460	-0.2183346	-1.7058311	1.0164938	0.0399528	-1.7053720	1.0159848	-0.1073752	-1.4930182	0.5115814	0.1788265	-1.4798339	0.5131445	0.0368994	-1.6648950	0.1625423	0.1337009	-1.6360717	0.1627442	0.0400853	-1.5234125	0.1023804	0.1077042	-1.5799571	0.1075654	0.1619459	-1.7417707	0.1583405	0.0689255	-1.6296105	0.4932646	-0.1851497	-1.6169867	0.5084962	-0.0436137	-1.7269818	0.1228131	-0.1262022	-1.6945925	0.1336519	-0.0354765	-1.5653764	0.0885387	-0.0911328	-1.8022756	0.1072067	-0.0645089	-1.6182022	0.0735875	-0.1466127	-1.5917936	1.5425892	0.1234767	-1.6037478	1.5488101	-0.2383617	-1.7035301	1.5541670	-0.0524500	-1.4563427	0.7694196	0.1918489	-1.4766647	0.6674636	0.2131595	-1.5891823	0.7503669	0.2155050	-1.5016199	0.7233467	-0.2356633	-1.5565015	0.6306888	-0.2427377	-1.6368169	0.7400298	-0.2606878	-1.5413183	0.3996150	0.1708914	-1.5615753	0.2847346	0.1720383	-1.6288888	0.3229118	0.1731957	-1.6579255	0.3813107	-0.1717117	-1.6513579	0.2606708	-0.1722885	-1.7294736	0.2882132	-0.1690022	-1.5879241	0.8830838	0.0803514	-1.5877728	0.8823468	-0.1462499	-1.6348848	1.1974708	0.2429009	-1.6493158	1.1834016	0.1592214	-1.5035602	0.9741367	0.2029333	-1.5611638	0.9414577	0.2290941	-1.6035032	1.1931813	-0.3266542	-1.6366948	1.1840803	-0.2580527	-1.5001469	0.9473488	-0.2712608	-1.5619475	0.9308096	-0.2971441
124	2.0500000	-1.6065900	1.4886774	-0.0576900	-1.5879900	1.4843474	0.1191500	-1.6230400	1.2215274	0.1973400	-1.5412100	0.9771274	0.2227100	-1.5931300	1.4906974	-0.2358800	-1.6050100	1.2209874	-0.2924600	-1.5468000	0.9586574	-0.2888000	-1.5400400	0.9125074	-0.0339800	-1.5325300	0.9192574	0.0912600	-1.4575300	0.5299374	0.0918600	-1.6452300	0.1514474	0.0753300	-1.5317100	0.9071874	-0.1600100	-1.6338500	0.4932674	-0.1126500	-1.7143800	0.1186174	-0.0804800	-1.5594500	0.0681374	-0.0936600	-1.5686900	0.0712874	-0.0956300	-1.7392800	0.0896274	-0.0690100	-1.4698800	0.0918474	0.1103400	-1.4806800	0.0947074	0.1111400	-1.6903600	0.1178174	0.0660900	-1.4631385	0.9876213	0.1547741	-1.4637481	0.9858166	-0.2207458	-1.7013771	1.0178588	0.0389268	-1.7013609	1.0172433	-0.1085387	-1.4806739	0.5146120	0.1753779	-1.4679980	0.5169759	0.0327585	-1.6496192	0.1632134	0.1281583	-1.6209816	0.1642029	0.0338290	-1.5050094	0.1049841	0.1014288	-1.5620139	0.1089130	0.1562862	-1.7279664	0.1578261	0.0628260	-1.6308465	0.4947804	-0.1856325	-1.6176238	0.5100199	-0.0443779	-1.7258501	0.1232203	-0.1269087	-1.6929463	0.1341484	-0.0364922	-1.5655378	0.0879683	-0.0915816	-1.8000370	0.1076892	-0.0653863	-1.6179747	0.0725365	-0.1470232	-1.5874816	1.5436596	0.1208602	-1.5989433	1.5490626	-0.2406631	-1.6988013	1.5550304	-0.0545635	-1.4484416	0.7728410	0.1897576	-1.4668913	0.6705191	0.2106647	-1.5814041	0.7516446	0.2138534	-1.4996316	0.7235705	-0.2368098	-1.5558618	0.6314484	-0.2435548	-1.6348818	0.7419510	-0.2617871	-1.5277691	0.4018947	0.1667923	-1.5468290	0.2866138	0.1672502	-1.6150742	0.3239409	0.1688214	-1.6586995	0.3829050	-0.1724251	-1.6513893	0.2619824	-0.1732630	-1.7295841	0.2891539	-0.1693938	-1.5830226	0.8848762	0.0788137	-1.5835053	0.8840260	-0.1480106	-1.6312025	1.1991180	0.2408657	-1.6451291	1.1848675	0.1572942	-1.4996597	0.9757291	0.2018613	-1.5572785	0.9430822	0.2276942	-1.5996972	1.1940332	-0.3280486	-1.6327760	1.1851578	-0.2596626	-1.4972172	0.9477115	-0.2729463	-1.5591121	0.9314556	-0.2988731
125	2.0666667	-1.6015800	1.4891374	-0.0594700	-1.5830000	1.4848974	0.1172100	-1.6172900	1.2221574	0.1958700	-1.5387300	0.9775674	0.2216500	-1.5881700	1.4910974	-0.2374900	-1.5999500	1.2212674	-0.2936700	-1.5431100	0.9587274	-0.2900900	-1.5352800	0.9143974	-0.0357000	-1.5268600	0.9215974	0.0891500	-1.4459000	0.5329474	0.0884100	-1.6182200	0.1544074	0.0686700	-1.5279600	0.9086074	-0.1614000	-1.6338400	0.4933674	-0.1128700	-1.7144800	0.1193174	-0.0810300	-1.5610800	0.0665074	-0.0923400	-1.5693500	0.0700474	-0.0947900	-1.7383100	0.0904574	-0.0698100	-1.4459700	0.0929174	0.0998500	-1.4568500	0.0957174	0.1010500	-1.6642000	0.1204874	0.0596800	-1.4578309	0.9897685	0.1526828	-1.4596740	0.9875893	-0.2230890	-1.6965758	1.0192057	0.0379491	-1.6970808	1.0184291	-0.1095967	-1.4684064	0.5178763	0.1715542	-1.4563334	0.5212922	0.0284680	-1.6301623	0.1631878	0.1218668	-1.6017502	0.1652896	0.0270114	-1.4827155	0.1076585	0.0938281	-1.5399267	0.1097038	0.1493114	-1.7093928	0.1563354	0.0562952	-1.6319594	0.4962822	-0.1856645	-1.6180981	0.5115989	-0.0448208	-1.7248579	0.1237640	-0.1274116	-1.6914837	0.1348174	-0.0373807	-1.5661976	0.0872349	-0.0914573	-1.7978210	0.1085739	-0.0662468	-1.6181530	0.0714775	-0.1469271	-1.5833268	1.5447847	0.1184786	-1.5940023	1.5493602	-0.2426243	-1.6940723	1.5558643	-0.0564770	-1.4406577	0.7764424	0.1874762	-1.4571835	0.6737294	0.2078641	-1.5733645	0.7528756	0.2120091	-1.4978250	0.7236973	-0.2375569	-1.5552870	0.6321437	-0.2439276	-1.6327814	0.7438575	-0.2624941	-1.5131166	0.4042955	0.1621934	-1.5297108	0.2885518	0.1618406	-1.5989639	0.3243613	0.1637785	-1.6594187	0.3845420	-0.1727552	-1.6515567	0.2633584	-0.1739071	-1.7296237	0.2901896	-0.1694614	-1.5778787	0.8867995	0.0774177	-1.5791041	0.8857359	-0.1495443	-1.6273374	1.2007592	0.2389824	-1.6407255	1.1863819	0.1554688	-1.4958543	0.9770595	0.2009535	-1.5536149	0.9445882	0.2264035	-1.5954559	1.1949746	-0.3292242	-1.6284610	1.1863325	-0.2610410	-1.4940100	0.9481732	-0.2744163	-1.5559613	0.9322180	-0.3003971
126	2.0833333	-1.5957900	1.4894974	-0.0612100	-1.5761100	1.4855074	0.1152400	-1.6126200	1.2226874	0.1947200	-1.5342200	0.9780174	0.2205300	-1.5835300	1.4912174	-0.2390700	-1.5953400	1.2215574	-0.2948900	-1.5395800	0.9588174	-0.2912800	-1.5305200	0.9167874	-0.0371600	-1.5216000	0.9243674	0.0871900	-1.4325900	0.5360174	0.0842800	-1.5899100	0.1569274	0.0626000	-1.5238400	0.9105774	-0.1623700	-1.6346400	0.4936574	-0.1130400	-1.7134200	0.1198874	-0.0814900	-1.5591200	0.0662574	-0.0918300	-1.5670600	0.0700374	-0.0946400	-1.7364600	0.0912074	-0.0705300	-1.4246900	0.0934574	0.0895100	-1.4352400	0.0961774	0.0910400	-1.6346500	0.1241574	0.0537300	-1.4525441	0.9925718	0.1506002	-1.4558990	0.9898589	-0.2251705	-1.6915299	1.0209164	0.0371344	-1.6926784	1.0199316	-0.1103843	-1.4559548	0.5217686	0.1674834	-1.4445411	0.5263970	0.0242687	-1.6072761	0.1633634	0.1151324	-1.5791538	0.1667911	0.0200059	-1.4581008	0.1107436	0.0853798	-1.5151284	0.1106958	0.1413891	-1.6865438	0.1551256	0.0496983	-1.6329478	0.4981403	-0.1851017	-1.6184318	0.5136118	-0.0448306	-1.7237055	0.1248128	-0.1275114	-1.6899250	0.1360506	-0.0379262	-1.5665747	0.0871354	-0.0906901	-1.7954807	0.1100439	-0.0667985	-1.6180768	0.0711391	-0.1462178	-1.5790351	1.5463051	0.1163507	-1.5890013	1.5500761	-0.2442552	-1.6892275	1.5571195	-0.0581705	-1.4330338	0.7806678	0.1851021	-1.4474696	0.6775415	0.2048392	-1.5650127	0.7544990	0.2099680	-1.4962318	0.7241857	-0.2377404	-1.5547896	0.6331903	-0.2436982	-1.6305941	0.7461062	-0.2626485	-1.4973867	0.4073005	0.1572556	-1.5106495	0.2911144	0.1560040	-1.5807551	0.3249504	0.1582906	-1.6599769	0.3865943	-0.1725429	-1.6516477	0.2652320	-0.1740171	-1.7294398	0.2916272	-0.1690389	-1.5725651	0.8892293	0.0762565	-1.5747064	0.8878553	-0.1506849	-1.6233326	1.2027833	0.2374295	-1.6361899	1.1883134	0.1538711	-1.4919667	0.9786449	0.2002817	-1.5499299	0.9463967	0.2253506	-1.5910418	1.1963672	-0.3301077	-1.6239734	1.1879585	-0.2620961	-1.4906957	0.9491098	-0.2756012	-1.5527035	0.9334535	-0.3016475
127	2.1000000	-1.5896700	1.4896874	-0.0628700	-1.5684100	1.4858874	0.1133700	-1.6090100	1.2231574	0.1939300	-1.5272800	0.9783074	0.2196300	-1.5790400	1.4911674	-0.2406700	-1.5915400	1.2215274	-0.2962400	-1.5369300	0.9584174	-0.2922300	-1.5264700	0.9199174	-0.0382200	-1.5175700	0.9276574	0.0857700	-1.4191800	0.5384674	0.0795900	-1.5624600	0.1574574	0.0572200	-1.5198500	0.9135374	-0.1630800	-1.6351700	0.4938674	-0.1133700	-1.7091100	0.1208074	-0.0818700	-1.5554300	0.0665574	-0.0918900	-1.5634300	0.0705074	-0.0949000	-1.7310600	0.0921874	-0.0712900	-1.4036200	0.0933474	0.0799200	-1.4139300	0.0959774	0.0817100	-1.6038900	0.1248974	0.0482400	-1.4479756	0.9961796	0.1487378	-1.4530915	0.9928709	-0.2267744	-1.6869703	1.0232840	0.0366774	-1.6888674	1.0220731	-0.1107020	-1.4441107	0.5263065	0.1632439	-1.4333183	0.5322110	0.0202190	-1.5824238	0.1637724	0.1083651	-1.5546108	0.1686411	0.0132269	-1.4327297	0.1140617	0.0767434	-1.4892169	0.1119526	0.1331191	-1.6608645	0.1542542	0.0433905	-1.6341351	0.5005994	-0.1839770	-1.6189976	0.5162615	-0.0444214	-1.7222432	0.1264681	-0.1271357	-1.6881174	0.1379379	-0.0380490	-1.5664317	0.0879464	-0.0894273	-1.7928480	0.1120540	-0.0668770	-1.6175228	0.0718257	-0.1449606	-1.5748293	1.5483184	0.1145069	-1.5845280	1.5513168	-0.2455635	-1.6846449	1.5590064	-0.0595642	-1.4263181	0.7855686	0.1828131	-1.4385352	0.6820147	0.2017289	-1.5571743	0.7567747	0.2078239	-1.4952904	0.7254281	-0.2373174	-1.5547520	0.6349255	-0.2428573	-1.6288892	0.7489851	-0.2622034	-1.4815749	0.4109456	0.1521506	-1.4908685	0.2943209	0.1500389	-1.5615990	0.3258009	0.1525967	-1.6605715	0.3892812	-0.1717884	-1.6516772	0.2678383	-0.1735685	-1.7291255	0.2935825	-0.1680975	-1.5678135	0.8924004	0.0754387	-1.5710271	0.8906768	-0.1513200	-1.6196598	1.2054021	0.2363462	-1.6320571	1.1908345	0.1526239	-1.4882308	0.9808872	0.1998781	-1.5463775	0.9488067	0.2246310	-1.5872367	1.1983898	-0.3306317	-1.6200451	1.1902228	-0.2627575	-1.4880265	0.9506911	-0.2764385	-1.5501242	0.9353313	-0.3025522
128	2.1166667	-1.5836500	1.4895174	-0.0644200	-1.5616900	1.4857474	0.1117600	-1.6054000	1.2232374	0.1933700	-1.5197900	0.9780374	0.2190100	-1.5737400	1.4909774	-0.2422000	-1.5885000	1.2211474	-0.2976200	-1.5351100	0.9577374	-0.2929100	-1.5230100	0.9239874	-0.0389200	-1.5141900	0.9320074	0.0848700	-1.4073200	0.5402474	0.0749100	-1.5346000	0.1564974	0.0520300	-1.5163500	0.9174574	-0.1635700	-1.6349400	0.4937674	-0.1138100	-1.7028800	0.1209674	-0.0819200	-1.5518100	0.0668674	-0.0923400	-1.5599700	0.0710074	-0.0954400	-1.7226200	0.0920474	-0.0717400	-1.3790500	0.0933374	0.0710000	-1.3893900	0.0957874	0.0729500	-1.5732900	0.1239074	0.0427700	-1.4440398	1.0007287	0.1471839	-1.4510170	0.9968288	-0.2279018	-1.6828578	1.0265285	0.0365867	-1.6855400	1.0250853	-0.1105772	-1.4331301	0.5313369	0.1588288	-1.4228450	0.5385473	0.0162562	-1.5559543	0.1642065	0.1018021	-1.5284080	0.1706134	0.0068923	-1.4064839	0.1174799	0.0683173	-1.4621892	0.1133575	0.1248970	-1.6328938	0.1533775	0.0375275	-1.6352429	0.5037290	-0.1825239	-1.6195187	0.5196131	-0.0437782	-1.7198531	0.1286550	-0.1264660	-1.6853965	0.1404046	-0.0379146	-1.5652671	0.0896096	-0.0880031	-1.7892004	0.1144383	-0.0665951	-1.6159780	0.0735205	-0.1434304	-1.5704199	1.5508530	0.1129288	-1.5802707	1.5531739	-0.2466147	-1.6799997	1.5616509	-0.0606722	-1.4204852	0.7910538	0.1806443	-1.4304876	0.6870413	0.1985650	-1.5499945	0.7598395	0.2055883	-1.4946649	0.7276040	-0.2364855	-1.5548678	0.6374869	-0.2416218	-1.6275099	0.7526740	-0.2613233	-1.4659770	0.4151025	0.1469606	-1.4706562	0.2980562	0.1441217	-1.5418632	0.3267301	0.1468136	-1.6608493	0.3926583	-0.1707243	-1.6511462	0.2712135	-0.1728108	-1.7282611	0.2960109	-0.1668295	-1.5635694	0.8965088	0.0749155	-1.5679224	0.8944336	-0.1515536	-1.6160532	1.2087200	0.2355675	-1.6280806	1.1940222	0.1516457	-1.4843918	0.9839609	0.1995897	-1.5426596	0.9519844	0.2240986	-1.5839647	1.2011661	-0.3308945	-1.6165903	1.1932551	-0.2631305	-1.4859798	0.9530044	-0.2770224	-1.5482057	0.9379610	-0.3032029
129	2.1333333	-1.5774100	1.4888774	-0.0657100	-1.5560100	1.4850874	0.1105400	-1.6011500	1.2224274	0.1929600	-1.5137700	0.9770474	0.2183900	-1.5669400	1.4902974	-0.2434900	-1.5856400	1.2202274	-0.2988100	-1.5332600	0.9567074	-0.2933700	-1.5189200	0.9283574	-0.0394000	-1.5100800	0.9366074	0.0841900	-1.3972200	0.5415174	0.0706900	-1.5052900	0.1553974	0.0465700	-1.5123100	0.9215174	-0.1638600	-1.6335100	0.4934174	-0.1142700	-1.6992500	0.1196374	-0.0814300	-1.5480800	0.0676474	-0.0934100	-1.5566300	0.0719774	-0.0964800	-1.7161300	0.0907874	-0.0715700	-1.3520200	0.0940774	0.0627400	-1.3622800	0.0963174	0.0647300	-1.5438200	0.1214174	0.0371800	-1.4395745	1.0056328	0.1459354	-1.4483848	1.0010621	-0.2287175	-1.6780853	1.0299725	0.0367095	-1.6815321	1.0282540	-0.1102263	-1.4222468	0.5359357	0.1542663	-1.4123421	0.5444416	0.0123903	-1.5275354	0.1639782	0.0955318	-1.5002035	0.1719836	0.0010534	-1.3785838	0.1204557	0.0602882	-1.4333720	0.1143281	0.1169048	-1.6025316	0.1516715	0.0321137	-1.6352580	0.5067463	-0.1809978	-1.6189467	0.5228815	-0.0431317	-1.7160398	0.1306744	-0.1257697	-1.6812141	0.1427189	-0.0377752	-1.5624795	0.0914029	-0.0868101	-1.7841057	0.1164461	-0.0661924	-1.6129185	0.0754747	-0.1419848	-1.5649057	1.5532233	0.1115860	-1.5749884	1.5549923	-0.2474960	-1.6742209	1.5643510	-0.0616254	-1.4143769	0.7963231	0.1785055	-1.4223383	0.6917775	0.1953176	-1.5424902	0.7630226	0.2032436	-1.4931516	0.7299255	-0.2355353	-1.5540279	0.6400895	-0.2402718	-1.6253261	0.7564788	-0.2602327	-1.4499604	0.4189026	0.1417619	-1.4494687	0.3015081	0.1383288	-1.5210679	0.3269792	0.1410374	-1.6599609	0.3959410	-0.1696198	-1.6493434	0.2745385	-0.1720374	-1.7261491	0.2982185	-0.1654906	-1.5586605	0.9009326	0.0745694	-1.5641394	0.8984514	-0.1516043	-1.6115178	1.2120011	0.2347908	-1.6231985	1.1971447	0.1507548	-1.4796731	0.9870664	0.1992283	-1.5380042	0.9551967	0.2235075	-1.5801388	1.2040122	-0.3310319	-1.6125423	1.1963642	-0.2633635	-1.4835423	0.9553202	-0.2774775	-1.5459050	0.9406429	-0.3037217
130	2.1500000	-1.5704800	1.4879074	-0.0666700	-1.5499600	1.4842774	0.1096600	-1.5965200	1.2208074	0.1926500	-1.5088200	0.9756274	0.2176100	-1.5591200	1.4891974	-0.2444700	-1.5819300	1.2189374	-0.2997600	-1.5302200	0.9555574	-0.2936900	-1.5136100	0.9323374	-0.0398400	-1.5047900	0.9409874	0.0834900	-1.3885700	0.5424874	0.0669900	-1.4767400	0.1549574	0.0408900	-1.5070000	0.9251074	-0.1640400	-1.6303500	0.4930374	-0.1147200	-1.7008100	0.1174874	-0.0805800	-1.5438500	0.0690474	-0.0950200	-1.5531900	0.0733674	-0.0979000	-1.7151300	0.0880074	-0.0711000	-1.3257800	0.0959174	0.0553600	-1.3356000	0.0979074	0.0572800	-1.5173300	0.1187174	0.0317600	-1.4340591	1.0102867	0.1448606	-1.4445955	1.0048017	-0.2293917	-1.6721514	1.0329017	0.0367777	-1.6763082	1.0308041	-0.1099340	-1.4112194	0.5393591	0.1496138	-1.4015844	0.5491029	0.0086808	-1.4982507	0.1628450	0.0895511	-1.4710955	0.1724337	-0.0043356	-1.3498335	0.1227420	0.0527343	-1.4036884	0.1146727	0.1092215	-1.5711147	0.1489040	0.0270525	-1.6338691	0.5089622	-0.1796690	-1.6169671	0.5253411	-0.0427182	-1.7116345	0.1320365	-0.1253045	-1.6764184	0.1443222	-0.0378294	-1.5586084	0.0928191	-0.0861256	-1.7786548	0.1175700	-0.0659270	-1.6089890	0.0771202	-0.1409496	-1.5580295	1.5547354	0.1104372	-1.5681952	1.5561409	-0.2482864	-1.6669606	1.5663834	-0.0625638	-1.4074345	0.8006999	0.1762434	-1.4136621	0.6955275	0.1919250	-1.5342154	0.7656956	0.2007172	-1.4902552	0.7316353	-0.2347478	-1.5518192	0.6420061	-0.2390913	-1.6218163	0.7597095	-0.2591778	-1.4336557	0.4216609	0.1366322	-1.4278149	0.3040529	0.1326959	-1.4997200	0.3261881	0.1353504	-1.6578973	0.3984193	-0.1687412	-1.6466029	0.2770716	-0.1714962	-1.7231067	0.2997135	-0.1643732	-1.5525124	0.9050291	0.0742168	-1.5590515	0.9019873	-0.1516832	-1.6058048	1.2145306	0.2338177	-1.6170795	1.1995084	0.1497705	-1.4739517	0.9894323	0.1986840	-1.5323148	0.9577224	0.2226853	-1.5752157	1.2062565	-0.3311768	-1.6073856	1.1988677	-0.2635930	-1.4801721	0.9569777	-0.2779071	-1.5426398	0.9427124	-0.3042129
131	2.1666667	-1.5632200	1.4869674	-0.0673900	-1.5430000	1.4835574	0.1090000	-1.5916200	1.2190674	0.1924100	-1.5032100	0.9743674	0.2168400	-1.5515500	1.4880774	-0.2452100	-1.5765600	1.2175874	-0.3005100	-1.5258200	0.9543574	-0.2939000	-1.5078500	0.9362874	-0.0403800	-1.4986900	0.9454574	0.0826200	-1.3816800	0.5429874	0.0636300	-1.4510000	0.1539374	0.0356900	-1.5016300	0.9284374	-0.1642600	-1.6256400	0.4928274	-0.1152400	-1.7049100	0.1145374	-0.0798500	-1.5401500	0.0706574	-0.0966700	-1.5506800	0.0748874	-0.0992700	-1.7189600	0.0852774	-0.0709300	-1.2985700	0.0992574	0.0486900	-1.3080100	0.1009374	0.0505000	-1.4937500	0.1153974	0.0270400	-1.4282299	1.0150483	0.1437907	-1.4404234	1.0083316	-0.2300418	-1.6658437	1.0357117	0.0366600	-1.6706669	1.0331030	-0.1098164	-1.4009751	0.5419731	0.1448838	-1.3915727	0.5528702	0.0050391	-1.4699280	0.1613784	0.0839297	-1.4429420	0.1724955	-0.0092980	-1.3215146	0.1251599	0.0457312	-1.3745750	0.1151347	0.1020223	-1.5407955	0.1455033	0.0222986	-1.6319053	0.5108303	-0.1787116	-1.6144742	0.5273725	-0.0426530	-1.7083890	0.1332369	-0.1251593	-1.6728403	0.1456321	-0.0381000	-1.5552735	0.0943086	-0.0860031	-1.7748285	0.1182899	-0.0659179	-1.6058174	0.0788918	-0.1404606	-1.5506082	1.5556900	0.1094651	-1.5607976	1.5569222	-0.2490568	-1.6591019	1.5680501	-0.0634891	-1.4003276	0.8045681	0.1737547	-1.4052217	0.6986711	0.1883516	-1.5259706	0.7682774	0.1979996	-1.4867439	0.7332033	-0.2342864	-1.5490199	0.6437097	-0.2382569	-1.6177300	0.7627905	-0.2583366	-1.4182418	0.4237551	0.1316401	-1.4070970	0.3060829	0.1273309	-1.4792702	0.3248908	0.1298440	-1.6557129	0.4004839	-0.1682115	-1.6442516	0.2791494	-0.1712576	-1.7204550	0.3010594	-0.1636514	-1.5458928	0.9091998	0.0737071	-1.5534458	0.9053989	-0.1519137	-1.5997141	1.2166701	0.2326367	-1.6105035	1.2014834	0.1485975	-1.4679487	0.9914387	0.1979519	-1.5263385	0.9599390	0.2216142	-1.5697579	1.2082654	-0.3313955	-1.6017052	1.2011289	-0.2638879	-1.4764127	0.9583946	-0.2783544	-1.5389320	0.9445535	-0.3047308
132	2.1833333	-1.5561600	1.4861374	-0.0679200	-1.5356200	1.4827774	0.1084600	-1.5858900	1.2177974	0.1921100	-1.4964700	0.9735174	0.2163100	-1.5448300	1.4871874	-0.2457600	-1.5697800	1.2163374	-0.3010600	-1.5208500	0.9532374	-0.2940600	-1.5023700	0.9401074	-0.0410400	-1.4918800	0.9498074	0.0815400	-1.3762000	0.5428174	0.0604800	-1.4275700	0.1518874	0.0315600	-1.4975600	0.9316574	-0.1645900	-1.6203000	0.4928174	-0.1160700	-1.7081900	0.1120674	-0.0795100	-1.5385200	0.0710074	-0.0981300	-1.5500900	0.0751574	-0.1004100	-1.7238800	0.0826574	-0.0710400	-1.2669200	0.1040774	0.0425500	-1.2766300	0.1053674	0.0442400	-1.4714800	0.1115674	0.0235600	-1.4226287	1.0197561	0.1426128	-1.4366720	1.0115621	-0.2307577	-1.6598503	1.0383887	0.0365390	-1.6653933	1.0351655	-0.1096886	-1.3921347	0.5437381	0.1401421	-1.3830860	0.5557048	0.0013492	-1.4432431	0.1595370	0.0789483	-1.4164888	0.1721430	-0.0137014	-1.2936185	0.1279825	0.0393810	-1.3461258	0.1158424	0.0956233	-1.5125919	0.1412606	0.0180814	-1.6300062	0.5123516	-0.1781141	-1.6121237	0.5289341	-0.0428878	-1.7071606	0.1342147	-0.1252124	-1.6713661	0.1465527	-0.0384446	-1.5535186	0.0956153	-0.0863089	-1.7734676	0.1186301	-0.0660499	-1.6043774	0.0805776	-0.1404121	-1.5432177	1.5559737	0.1087891	-1.5536527	1.5571597	-0.2497375	-1.6513867	1.5692233	-0.0641369	-1.3934817	0.8078392	0.1710545	-1.3974900	0.7011363	0.1846681	-1.5183352	0.7706820	0.1952785	-1.4833408	0.7346936	-0.2341624	-1.5463130	0.6452463	-0.2377745	-1.6138325	0.7656888	-0.2576953	-1.4043538	0.4251653	0.1269363	-1.3878895	0.3076053	0.1224712	-1.4603973	0.3230230	0.1247639	-1.6540878	0.4020993	-0.1679646	-1.6430333	0.2806915	-0.1712236	-1.7189426	0.3022661	-0.1632598	-1.5394800	0.9133378	0.0730621	-1.5481575	0.9086251	-0.1522625	-1.5937472	1.2183808	0.2313865	-1.6040177	1.2030193	0.1473095	-1.4620729	0.9930512	0.1971422	-1.5205070	0.9617945	0.2204241	-1.5642682	1.2099584	-0.3316587	-1.5960172	1.2030707	-0.2642113	-1.4727236	0.9595281	-0.2787769	-1.5352528	0.9460918	-0.3052407
133	2.2000000	-1.5490000	1.4853374	-0.0682000	-1.5280500	1.4818874	0.1081400	-1.5788100	1.2169374	0.1917000	-1.4895500	0.9726174	0.2159900	-1.5380900	1.4865074	-0.2460300	-1.5625900	1.2153074	-0.3012800	-1.5159100	0.9522374	-0.2943700	-1.4973200	0.9426774	-0.0417500	-1.4847100	0.9527074	0.0804500	-1.3704800	0.5423974	0.0573700	-1.4046900	0.1498574	0.0283300	-1.4946800	0.9338574	-0.1650400	-1.6151400	0.4928174	-0.1173100	-1.7087400	0.1113574	-0.0795300	-1.5415600	0.0694174	-0.0989500	-1.5534400	0.0740474	-0.1010200	-1.7256800	0.0815474	-0.0714200	-1.2344100	0.1092374	0.0376100	-1.2447300	0.1101274	0.0391100	-1.4485000	0.1082074	0.0209500	-1.4172844	1.0232358	0.1413124	-1.4335738	1.0135053	-0.2315849	-1.6542502	1.0398852	0.0366777	-1.6606487	1.0360220	-0.1093045	-1.3844697	0.5438232	0.1355355	-1.3759627	0.5567854	-0.0022835	-1.4180477	0.1567034	0.0748430	-1.3916232	0.1707538	-0.0173282	-1.2661032	0.1304076	0.0338830	-1.3182604	0.1160781	0.0902764	-1.4863868	0.1357466	0.0146713	-1.6280846	0.5126188	-0.1778447	-1.6097131	0.5291067	-0.0434135	-1.7075842	0.1341305	-0.1252605	-1.6715673	0.1462409	-0.0387064	-1.5535949	0.0955720	-0.0868843	-1.7739116	0.1179843	-0.0660506	-1.6047970	0.0810780	-0.1405668	-1.5358870	1.5546653	0.1084992	-1.5469280	1.5557961	-0.2501452	-1.6438860	1.5688058	-0.0642413	-1.3868404	0.8094993	0.1682622	-1.3903239	0.7019795	0.1810087	-1.5112389	0.7718191	0.1927252	-1.4802338	0.7352104	-0.2343259	-1.5437960	0.6457179	-0.2375971	-1.6103223	0.7673739	-0.2571473	-1.3917901	0.4251308	0.1226675	-1.3700179	0.3079163	0.1182889	-1.4428975	0.3198761	0.1203161	-1.6528540	0.4023957	-0.1679139	-1.6427294	0.2808610	-0.1712794	-1.7183028	0.3024584	-0.1630273	-1.5333695	0.9162523	0.0724148	-1.5434062	0.9105900	-0.1526138	-1.5878353	1.2186789	0.2302541	-1.5976185	1.2031256	0.1460776	-1.4562847	0.9932278	0.1964010	-1.5148045	0.9622499	0.2192856	-1.5588125	1.2103246	-0.3318978	-1.5903860	1.2036782	-0.2644741	-1.4690903	0.9593788	-0.2791041	-1.5316126	0.9463090	-0.3056656
134	2.2166667	-1.5411300	1.4844074	-0.0681500	-1.5202900	1.4807474	0.1080900	-1.5710600	1.2159874	0.1913300	-1.4833200	0.9709974	0.2157200	-1.5301600	1.4857274	-0.2458800	-1.5555400	1.2146274	-0.3012500	-1.5107700	0.9512074	-0.2948900	-1.4923200	0.9430974	-0.0423000	-1.4776400	0.9531674	0.0796800	-1.3634400	0.5430274	0.0541300	-1.3821900	0.1494974	0.0252800	-1.4918000	0.9343674	-0.1655000	-1.6099100	0.4927074	-0.1186100	-1.7070200	0.1130274	-0.0797600	-1.5507300	0.0656374	-0.0980000	-1.5620500	0.0710474	-0.1000600	-1.7231200	0.0835274	-0.0721700	-1.2076500	0.1129874	0.0349400	-1.2181900	0.1137474	0.0360900	-1.4251300	0.1068574	0.0179800	-1.4118801	1.0245560	0.1401025	-1.4307078	1.0134237	-0.2323389	-1.6485902	1.0393429	0.0372272	-1.6559487	1.0348913	-0.1085276	-1.3772147	0.5418733	0.1313214	-1.3692634	0.5557485	-0.0054653	-1.3943717	0.1528364	0.0716272	-1.3682774	0.1682257	-0.0199988	-1.2398654	0.1315358	0.0295272	-1.2917992	0.1152767	0.0860536	-1.4619398	0.1294933	0.0121342	-1.6255379	0.5110361	-0.1778310	-1.6064982	0.5273237	-0.0442165	-1.7087177	0.1326108	-0.1250696	-1.6724173	0.1443517	-0.0387412	-1.5553662	0.0932803	-0.0873563	-1.7748274	0.1163780	-0.0656686	-1.6067839	0.0795767	-0.1404904	-1.5282461	1.5512467	0.1086687	-1.5400978	1.5522562	-0.2499952	-1.6360970	1.5660419	-0.0636735	-1.3801890	0.8089055	0.1656920	-1.3833130	0.7006725	0.1776298	-1.5042566	0.7708939	0.1904262	-1.4771122	0.7340579	-0.2346205	-1.5410640	0.6444645	-0.2375921	-1.6067997	0.7670398	-0.2565049	-1.3800052	0.4233343	0.1189496	-1.3532744	0.3067082	0.1148344	-1.4264118	0.3153467	0.1165292	-1.6513284	0.4008606	-0.1679524	-1.6426091	0.2792347	-0.1712969	-1.7177077	0.3011359	-0.1627315	-1.5272016	0.9169584	0.0719823	-1.5387732	0.9104256	-0.1527627	-1.5816589	1.2168401	0.2294706	-1.5910097	1.2010922	0.1451350	-1.4503327	0.9911772	0.1959421	-1.5089868	0.9605168	0.2184163	-1.5530614	1.2086692	-0.3319682	-1.5844857	1.2022274	-0.2645210	-1.4650760	0.9572545	-0.2791894	-1.5275882	0.9444965	-0.3058598
135	2.2333333	-1.5326200	1.4835774	-0.0678000	-1.5121600	1.4796974	0.1083800	-1.5638800	1.2148074	0.1912500	-1.4778400	0.9686874	0.2155400	-1.5212900	1.4851474	-0.2454300	-1.5480000	1.2138874	-0.3012100	-1.5046400	0.9499974	-0.2954600	-1.4864000	0.9415574	-0.0426800	-1.4701700	0.9510774	0.0791700	-1.3551200	0.5447374	0.0508600	-1.3608600	0.1507274	0.0221600	-1.4874400	0.9330474	-0.1658400	-1.6041700	0.4926174	-0.1195400	-1.7055900	0.1156074	-0.0798300	-1.5626200	0.0616374	-0.0953700	-1.5733400	0.0677174	-0.0975300	-1.7199400	0.0864274	-0.0726900	-1.1864500	0.1159874	0.0342200	-1.1966800	0.1167474	0.0349200	-1.4033600	0.1071874	0.0143300	-1.4055595	1.0238839	0.1390681	-1.4269781	1.0115641	-0.2329436	-1.6418438	1.0369644	0.0379996	-1.6501830	1.0320097	-0.1075535	-1.3690928	0.5386119	0.1275784	-1.3615508	0.5532622	-0.0080546	-1.3719940	0.1486646	0.0690374	-1.3461508	0.1651942	-0.0218728	-1.2153035	0.1314566	0.0263010	-1.2671334	0.1137225	0.0827483	-1.4388722	0.1235722	0.0102083	-1.6215460	0.5079760	-0.1780708	-1.6016343	0.5240023	-0.0453529	-1.7096444	0.1302740	-0.1246006	-1.6729829	0.1415465	-0.0385885	-1.5582827	0.0891497	-0.0874531	-1.7751150	0.1146345	-0.0649622	-1.6096830	0.0764826	-0.1399285	-1.5195549	1.5463415	0.1091848	-1.5321487	1.5472318	-0.2492695	-1.6271289	1.5614349	-0.0626049	-1.3727704	0.8065884	0.1634743	-1.3755205	0.6978318	0.1746182	-1.4964303	0.7682684	0.1882844	-1.4731348	0.7314427	-0.2349958	-1.5372796	0.6417509	-0.2377171	-1.6022905	0.7649276	-0.2557700	-1.3679781	0.4204096	0.1156964	-1.3370200	0.3045143	0.1119182	-1.4102294	0.3102697	0.1132230	-1.6486833	0.3979200	-0.1680800	-1.6418503	0.2763009	-0.1712676	-1.7162606	0.2988054	-0.1623266	-1.5200747	0.9156153	0.0717331	-1.5332149	0.9083405	-0.1527441	-1.5746676	1.2132110	0.2290165	-1.5835955	1.1972904	0.1444789	-1.4436796	0.9872374	0.1957910	-1.5024992	0.9569090	0.2178176	-1.5462077	1.2053845	-0.3319095	-1.5775313	1.1990634	-0.2644082	-1.4597652	0.9535469	-0.2790729	-1.5222609	0.9410245	-0.3058718
136	2.2500000	-1.5241000	1.4825474	-0.0671900	-1.5037100	1.4782274	0.1090400	-1.5570800	1.2132874	0.1914100	-1.4724300	0.9660874	0.2155100	-1.5127000	1.4845774	-0.2448600	-1.5388600	1.2136474	-0.3012500	-1.4969800	0.9490274	-0.2958800	-1.4791900	0.9397474	-0.0429900	-1.4619100	0.9488174	0.0786900	-1.3463000	0.5469374	0.0480800	-1.3409300	0.1528474	0.0194200	-1.4813200	0.9317874	-0.1660300	-1.5989700	0.4924774	-0.1200400	-1.7065200	0.1190274	-0.0796100	-1.5715100	0.0601874	-0.0931100	-1.5822400	0.0667874	-0.0952600	-1.7209600	0.0899274	-0.0726000	-1.1658300	0.1202774	0.0338300	-1.1758800	0.1209674	0.0341600	-1.3840200	0.1086674	0.0109600	-1.3979834	1.0229012	0.1381592	-1.4219242	1.0095799	-0.2334425	-1.6336482	1.0344172	0.0387659	-1.6429433	1.0290352	-0.1066095	-1.3595512	0.5358693	0.1242957	-1.3523184	0.5511111	-0.0101706	-1.3508383	0.1458511	0.0668732	-1.3252074	0.1632749	-0.0232467	-1.1922566	0.1319200	0.0239436	-1.2441285	0.1130985	0.0801430	-1.4172047	0.1195335	0.0086484	-1.6161862	0.5051340	-0.1785165	-1.5952758	0.5208359	-0.0467787	-1.7104650	0.1290008	-0.1239610	-1.6734087	0.1397205	-0.0383667	-1.5620533	0.0852855	-0.0872002	-1.7750162	0.1145312	-0.0641451	-1.6132499	0.0738508	-0.1389852	-1.5098110	1.5417987	0.1099590	-1.5229518	1.5427476	-0.2481116	-1.6169621	1.5569353	-0.0612213	-1.3642004	0.8044500	0.1615578	-1.3664897	0.6953367	0.1719560	-1.4873202	0.7657058	0.1862750	-1.4680461	0.7289314	-0.2354757	-1.5322944	0.6391955	-0.2379663	-1.5965029	0.7627501	-0.2550102	-1.3552447	0.4180892	0.1128341	-1.3209096	0.3029873	0.1093855	-1.3940590	0.3064217	0.1103190	-1.6450196	0.3952964	-0.1682960	-1.6405523	0.2738107	-0.1712279	-1.7140623	0.2972959	-0.1618747	-1.5116681	0.9139282	0.0715343	-1.5263375	0.9060259	-0.1526883	-1.5668164	1.2094831	0.2287653	-1.5753036	1.1934454	0.1439967	-1.4362512	0.9831150	0.1958673	-1.4952521	0.9531083	0.2173981	-1.5379401	1.2022170	-0.3318482	-1.5692535	1.1959142	-0.2642852	-1.4528235	0.9500395	-0.2788791	-1.5152933	0.9376566	-0.3058540
137	2.2666667	-1.5157000	1.4815074	-0.0664200	-1.4948200	1.4766274	0.1099100	-1.5489100	1.2112574	0.1915000	-1.4661300	0.9634674	0.2155700	-1.5047300	1.4841374	-0.2442400	-1.5284500	1.2137374	-0.3011700	-1.4882200	0.9487474	-0.2961100	-1.4720500	0.9386174	-0.0432300	-1.4540500	0.9473374	0.0783400	-1.3382000	0.5488374	0.0461400	-1.3217400	0.1548274	0.0173600	-1.4749500	0.9310074	-0.1661900	-1.5951100	0.4921874	-0.1202700	-1.7082900	0.1224674	-0.0792000	-1.5772600	0.0605274	-0.0923200	-1.5879600	0.0675074	-0.0943600	-1.7247900	0.0939674	-0.0722100	-1.1448200	0.1254974	0.0331000	-1.1550400	0.1259674	0.0331400	-1.3655600	0.1102974	0.0085000	-1.3904557	1.0225011	0.1373741	-1.4168296	1.0083559	-0.2338527	-1.6254021	1.0327113	0.0395178	-1.6356202	1.0269747	-0.1057069	-1.3500086	0.5343930	0.1214881	-1.3430769	0.5500898	-0.0119236	-1.3317579	0.1449790	0.0651129	-1.3063413	0.1631022	-0.0242611	-1.1714009	0.1339300	0.0222907	-1.2234332	0.1142746	0.0781902	-1.3977921	0.1177154	0.0073970	-1.6110413	0.5033890	-0.1790710	-1.5890869	0.5186901	-0.0483120	-1.7123321	0.1295455	-0.1231957	-1.6748876	0.1396405	-0.0380562	-1.5673296	0.0828516	-0.0867261	-1.7758536	0.1165761	-0.0632318	-1.6182085	0.0728170	-0.1378385	-1.5003523	1.5384250	0.1110104	-1.5139723	1.5397062	-0.2466603	-1.6070734	1.5535897	-0.0595576	-1.3557868	0.8033635	0.1599564	-1.3575524	0.6940027	0.1696792	-1.4782738	0.7640804	0.1845018	-1.4631656	0.7273919	-0.2360364	-1.5275096	0.6376721	-0.2383067	-1.5908516	0.7614735	-0.2542590	-1.3430719	0.4171157	0.1103804	-1.3060077	0.3028631	0.1072389	-1.3790115	0.3044003	0.1078585	-1.6418003	0.3938624	-0.1685388	-1.6400019	0.2726284	-0.1711581	-1.7124980	0.2974065	-0.1613889	-1.5033803	0.9128794	0.0713948	-1.5195270	0.9044608	-0.1525960	-1.5591324	1.2064887	0.2287575	-1.5672609	1.1904082	0.1437100	-1.4290831	0.9796438	0.1961184	-1.4883059	0.9499643	0.2171625	-1.5293887	1.2000149	-0.3318365	-1.5608012	1.1936579	-0.2641907	-1.4453915	0.9476706	-0.2786424	-1.5078258	0.9353086	-0.3058689
138	2.2833333	-1.5073100	1.4802874	-0.0656200	-1.4853300	1.4749774	0.1107500	-1.5386400	1.2086374	0.1914500	-1.4582700	0.9607974	0.2156200	-1.4974000	1.4833774	-0.2435700	-1.5186200	1.2135674	-0.3008300	-1.4793500	0.9485174	-0.2961800	-1.4659900	0.9382374	-0.0434000	-1.4473700	0.9466674	0.0783000	-1.3307800	0.5500174	0.0446200	-1.3026700	0.1560674	0.0156500	-1.4694600	0.9308074	-0.1665200	-1.5914900	0.4915174	-0.1204400	-1.7109500	0.1226974	-0.0781400	-1.5856700	0.0576974	-0.0920400	-1.5959500	0.0650974	-0.0939000	-1.7293400	0.0965974	-0.0713700	-1.1256100	0.1292474	0.0325300	-1.1360700	0.1295474	0.0323100	-1.3463500	0.1114274	0.0064500	-1.3838476	1.0227500	0.1367151	-1.4127220	1.0078582	-0.2342516	-1.6181718	1.0319881	0.0402878	-1.6293436	1.0259300	-0.1048390	-1.3416181	0.5340043	0.1190771	-1.3350150	0.5500893	-0.0134132	-1.3149880	0.1455095	0.0636608	-1.2897815	0.1642069	-0.0250460	-1.1530749	0.1369749	0.0211759	-1.2052996	0.1167471	0.0767598	-1.3807395	0.1175162	0.0063690	-1.6072304	0.5026614	-0.1796622	-1.5841718	0.5174902	-0.0498787	-1.7159892	0.1314450	-0.1223154	-1.6781353	0.1408648	-0.0376755	-1.5748391	0.0812653	-0.0861502	-1.7783427	0.1203047	-0.0621616	-1.6252926	0.0728499	-0.1365540	-1.4918504	1.5359973	0.1122988	-1.5061486	1.5378590	-0.2450896	-1.5983206	1.5513502	-0.0576976	-1.3485430	0.8032313	0.1586332	-1.3497641	0.6936924	0.1677366	-1.4703152	0.7633762	0.1829886	-1.4595560	0.7267086	-0.2366956	-1.5240128	0.6370812	-0.2387232	-1.5864595	0.7611402	-0.2534908	-1.3323848	0.4172819	0.1082618	-1.2929590	0.3038841	0.1053993	-1.3657437	0.3037511	0.1057597	-1.6400418	0.3935179	-0.1687648	-1.6410753	0.2726009	-0.1710683	-1.7125023	0.2988029	-0.1608171	-1.4962067	0.9125947	0.0713542	-1.5138741	0.9037111	-0.1524726	-1.5519811	1.2041500	0.2290130	-1.5599600	1.1880942	0.1436313	-1.4225396	0.9767566	0.1964098	-1.4820370	0.9474310	0.2170676	-1.5214224	1.1986853	-0.3318929	-1.5530011	1.1922289	-0.2641011	-1.4383021	0.9463807	-0.2783878	-1.5007060	0.9339139	-0.3059378
139	2.3000000	-1.4989300	1.4788774	-0.0646900	-1.4750500	1.4732074	0.1115300	-1.5277400	1.2056474	0.1915400	-1.4493700	0.9580374	0.2156600	-1.4909300	1.4823174	-0.2426700	-1.5107300	1.2123074	-0.3004000	-1.4708800	0.9474574	-0.2961500	-1.4599300	0.9381574	-0.0436000	-1.4407200	0.9465874	0.0784600	-1.3219700	0.5503674	0.0429900	-1.2838600	0.1564474	0.0139800	-1.4638900	0.9306074	-0.1671300	-1.5868400	0.4902274	-0.1205500	-1.7187000	0.1167274	-0.0758200	-1.6004900	0.0494674	-0.0912300	-1.6107000	0.0569674	-0.0927600	-1.7379100	0.0927774	-0.0692900	-1.1081800	0.1312274	0.0319600	-1.1187600	0.1314774	0.0314600	-1.3269000	0.1117274	0.0045900	-1.3769628	1.0233630	0.1360333	-1.4086991	1.0074000	-0.2347937	-1.6109204	1.0318074	0.0409487	-1.6231990	1.0253097	-0.1041333	-1.3331861	0.5341698	0.1169744	-1.3270834	0.5505640	-0.0147171	-1.2991293	0.1462879	0.0623083	-1.2742189	0.1654150	-0.0258516	-1.1360375	0.1396288	0.0202264	-1.1883815	0.1191601	0.0755165	-1.3646914	0.1177621	0.0054100	-1.6042466	0.5022292	-0.1801391	-1.5799274	0.5165025	-0.0514080	-1.7214082	0.1335556	-0.1213298	-1.6830526	0.1422444	-0.0372803	-1.5847275	0.0790295	-0.0855459	-1.7824107	0.1246624	-0.0609220	-1.6346470	0.0724730	-0.1351489	-1.4830649	1.5338961	0.1137075	-1.4984862	1.5365876	-0.2435544	-1.5896004	1.5496791	-0.0557783	-1.3412477	0.8036500	0.1573688	-1.3418869	0.6939587	0.1659539	-1.4621508	0.7632103	0.1816710	-1.4564892	0.7259622	-0.2374896	-1.5211842	0.6365872	-0.2391616	-1.5825591	0.7612107	-0.2526310	-1.3218956	0.4178529	0.1063662	-1.2803848	0.3051122	0.1036612	-1.3529396	0.3036074	0.1039188	-1.6393673	0.3934905	-0.1688911	-1.6435426	0.2728434	-0.1709490	-1.7138376	0.3005300	-0.1600642	-1.4889712	0.9127562	0.0713331	-1.5083809	0.9032172	-0.1523978	-1.5441549	1.2019583	0.2293557	-1.5521975	1.1859721	0.1436623	-1.4154286	0.9739875	0.1965222	-1.4751994	0.9450283	0.2169381	-1.5133665	1.1976628	-0.3320475	-1.5450863	1.1910553	-0.2640297	-1.4307688	0.9455345	-0.2782112	-1.4931621	0.9328637	-0.3060972
140	2.3166667	-1.4903800	1.4772374	-0.0635400	-1.4641900	1.4711374	0.1123800	-1.5178200	1.2025274	0.1919900	-1.4404000	0.9550774	0.2158200	-1.4847600	1.4811474	-0.2414100	-1.5035900	1.2102774	-0.3000300	-1.4628500	0.9459074	-0.2961200	-1.4521000	0.9379374	-0.0438500	-1.4321600	0.9466574	0.0785400	-1.3104800	0.5501574	0.0413000	-1.2662000	0.1562074	0.0124700	-1.4567100	0.9300974	-0.1677600	-1.5808000	0.4885874	-0.1206300	-1.7314300	0.1078174	-0.0730500	-1.6167700	0.0394274	-0.0901400	-1.6281400	0.0470374	-0.0911900	-1.7530700	0.0858674	-0.0666600	-1.0911000	0.1326674	0.0302600	-1.1018000	0.1329474	0.0296000	-1.3099300	0.1111074	0.0034300	-1.3680737	1.0241646	0.1351612	-1.4031681	1.0063541	-0.2354643	-1.6018826	1.0316411	0.0414139	-1.6154787	1.0244179	-0.1036002	-1.3226323	0.5344213	0.1151991	-1.3174443	0.5509671	-0.0158151	-1.2828630	0.1464356	0.0610107	-1.2585243	0.1657678	-0.0268004	-1.1189312	0.1408517	0.0190884	-1.1712394	0.1205292	0.0742239	-1.3485844	0.1175213	0.0045210	-1.6006519	0.5013757	-0.1802822	-1.5749090	0.5149817	-0.0526315	-1.7280948	0.1351464	-0.1202073	-1.6891572	0.1430116	-0.0367472	-1.5963257	0.0753655	-0.0847826	-1.7877533	0.1289338	-0.0595304	-1.6456651	0.0708762	-0.1336135	-1.4724990	1.5316772	0.1152081	-1.4895059	1.5354527	-0.2419617	-1.5793890	1.5481001	-0.0537812	-1.3318466	0.8043468	0.1559704	-1.3318157	0.6944658	0.1642284	-1.4516728	0.7632508	0.1805660	-1.4523008	0.7244118	-0.2383130	-1.5174580	0.6354609	-0.2394788	-1.5774952	0.7610864	-0.2515946	-1.3096674	0.4181490	0.1047151	-1.2665229	0.3056797	0.1019660	-1.3388984	0.3033511	0.1024119	-1.6386023	0.3930304	-0.1687564	-1.6465151	0.2725551	-0.1706607	-1.7155896	0.3019093	-0.1590744	-1.4798169	0.9130333	0.0712813	-1.5012675	0.9023774	-0.1523128	-1.5344230	1.1995143	0.2296450	-1.5426114	1.1836248	0.1437683	-1.4065443	0.9709899	0.1964401	-1.4665118	0.9423660	0.2167296	-1.5041246	1.1965016	-0.3322131	-1.5358909	1.1896750	-0.2639341	-1.4216833	0.9445816	-0.2781258	-1.4840826	0.9316660	-0.3062861
141	2.3333333	-1.4810000	1.4754274	-0.0622400	-1.4531600	1.4686974	0.1134300	-1.5083900	1.1994874	0.1926900	-1.4311100	0.9518374	0.2162600	-1.4771100	1.4799374	-0.2400000	-1.4947300	1.2083974	-0.2996300	-1.4550100	0.9448674	-0.2962500	-1.4425600	0.9368274	-0.0440100	-1.4216000	0.9457974	0.0785200	-1.2980300	0.5495374	0.0398100	-1.2505400	0.1556774	0.0113300	-1.4481600	0.9287474	-0.1681200	-1.5734600	0.4871374	-0.1207700	-1.7407000	0.1005174	-0.0711800	-1.6258300	0.0328674	-0.0898400	-1.6386100	0.0400774	-0.0904300	-1.7659900	0.0789274	-0.0647000	-1.0747500	0.1335874	0.0268500	-1.0855200	0.1338574	0.0262600	-1.2971800	0.1098174	0.0032700	-1.3574048	1.0243917	0.1340824	-1.3960702	1.0039937	-0.2360383	-1.5910716	1.0307119	0.0417680	-1.6060809	1.0224898	-0.1030550	-1.3100208	0.5340370	0.1137355	-1.3062625	0.5505568	-0.0167278	-1.2667968	0.1452479	0.0598305	-1.2433982	0.1645472	-0.0278342	-1.1022819	0.1400643	0.0175544	-1.1543463	0.1202335	0.0727761	-1.3331222	0.1160754	0.0038258	-1.5957956	0.4992198	-0.1799966	-1.5686748	0.5121010	-0.0533027	-1.7347819	0.1352099	-0.1188443	-1.6953373	0.1422119	-0.0358211	-1.6077940	0.0702375	-0.0836472	-1.7933650	0.1316886	-0.0579161	-1.6565500	0.0678349	-0.1318887	-1.4603563	1.5286591	0.1167964	-1.4792058	1.5336699	-0.2401368	-1.5677729	1.5459443	-0.0515857	-1.3203453	0.8045258	0.1544602	-1.3195567	0.6944516	0.1625752	-1.4389274	0.7627767	0.1797336	-1.4465136	0.7215849	-0.2388876	-1.5122545	0.6330500	-0.2394977	-1.5708851	0.7598623	-0.2503419	-1.2958978	0.4174257	0.1033053	-1.2517171	0.3048113	0.1003461	-1.3239591	0.3023136	0.1012894	-1.6368964	0.3911649	-0.1682283	-1.6489063	0.2707612	-0.1699864	-1.7167818	0.3019209	-0.1578507	-1.4688731	0.9126655	0.0712844	-1.4924898	0.9004510	-0.1519866	-1.5232774	1.1961849	0.2300015	-1.5315873	1.1804040	0.1440637	-1.3963424	0.9671819	0.1964235	-1.4564176	0.9388233	0.2166561	-1.4939292	1.1945531	-0.3322247	-1.5256447	1.1874543	-0.2637226	-1.4114543	0.9428443	-0.2780330	-1.4738566	0.9296949	-0.3063735
142	2.3500000	-1.4700500	1.4735974	-0.0608800	-1.4420200	1.4661974	0.1147600	-1.4978900	1.1968174	0.1934900	-1.4202700	0.9486974	0.2170300	-1.4663600	1.4787974	-0.2386400	-1.4837400	1.2075874	-0.2990600	-1.4466100	0.9447074	-0.2965800	-1.4329400	0.9339974	-0.0440200	-1.4108800	0.9428174	0.0784700	-1.2874200	0.5484574	0.0385000	-1.2382300	0.1546174	0.0105400	-1.4396600	0.9260674	-0.1681600	-1.5656900	0.4860874	-0.1211200	-1.7431300	0.0977974	-0.0699800	-1.6260200	0.0306674	-0.0906900	-1.6396000	0.0377174	-0.0909700	-1.7718600	0.0762274	-0.0629900	-1.0607200	0.1324674	0.0224900	-1.0715600	0.1328474	0.0221100	-1.2883500	0.1082974	0.0036700	-1.3466226	1.0229450	0.1329387	-1.3887288	0.9997586	-0.2365263	-1.5801850	1.0282838	0.0421642	-1.5965585	1.0189980	-0.1024013	-1.2971874	0.5322385	0.1124855	-1.2952969	0.5485731	-0.0176083	-1.2527885	0.1423496	0.0587731	-1.2306573	0.1614231	-0.0289594	-1.0878491	0.1370892	0.0155462	-1.1394764	0.1180254	0.0711465	-1.3200807	0.1130531	0.0033383	-1.5901373	0.4951654	-0.1795492	-1.5618224	0.5073073	-0.0535910	-1.7405215	0.1332171	-0.1171986	-1.7007072	0.1393608	-0.0344398	-1.6175708	0.0639837	-0.0822404	-1.7984142	0.1319785	-0.0559959	-1.6658490	0.0634702	-0.1300480	-1.4481245	1.5241493	0.1184460	-1.4687771	1.5303293	-0.2381541	-1.5561499	1.5424455	-0.0492304	-1.3084768	0.8032289	0.1529192	-1.3069031	0.6930201	0.1610334	-1.4257983	0.7608682	0.1792752	-1.4401148	0.7172569	-0.2392729	-1.5063360	0.6289707	-0.2393813	-1.5638531	0.7567826	-0.2490306	-1.2824854	0.4150808	0.1020521	-1.2378772	0.3020633	0.0987758	-1.3099818	0.2999192	0.1005109	-1.6343167	0.3873011	-0.1674544	-1.6503091	0.2669378	-0.1689703	-1.7171263	0.2999243	-0.1564880	-1.4579336	0.9106713	0.0714541	-1.4836326	0.8967818	-0.1514040	-1.5121745	1.1913169	0.2306108	-1.5205988	1.1756316	0.1446008	-1.3861035	0.9619811	0.1966901	-1.4462478	0.9337880	0.2169012	-1.4839252	1.1911764	-0.3321027	-1.5155433	1.1837845	-0.2634440	-1.4013799	0.9397441	-0.2779200	-1.4637740	0.9263689	-0.3063758
143	2.3666667	-1.4576200	1.4719374	-0.0594400	-1.4307500	1.4637674	0.1163600	-1.4863600	1.1944574	0.1944600	-1.4075000	0.9460374	0.2178700	-1.4527500	1.4778574	-0.2372700	-1.4724500	1.2076274	-0.2982800	-1.4370200	0.9450974	-0.2969600	-1.4239100	0.9307674	-0.0438800	-1.4010600	0.9391674	0.0784800	-1.2791200	0.5465674	0.0373600	-1.2306900	0.1525874	0.0099300	-1.4314700	0.9234174	-0.1679300	-1.5579800	0.4853274	-0.1216000	-1.7465400	0.0985074	-0.0679800	-1.6260400	0.0313074	-0.0914300	-1.6399700	0.0381274	-0.0914500	-1.7792700	0.0764174	-0.0597900	-1.0506200	0.1288674	0.0185100	-1.0614700	0.1294174	0.0183700	-1.2830500	0.1065374	0.0039200	-1.3363496	1.0209605	0.1319745	-1.3816135	0.9950947	-0.2370238	-1.5700500	1.0258004	0.0426884	-1.5876738	1.0155086	-0.1016859	-1.2850734	0.5303158	0.1113267	-1.2853220	0.5462828	-0.0185866	-1.2420712	0.1390630	0.0577811	-1.2214203	0.1577163	-0.0302356	-1.0766769	0.1330903	0.0131420	-1.1278104	0.1150931	0.0693484	-1.3106975	0.1097773	0.0029871	-1.5842585	0.4907643	-0.1792289	-1.5548738	0.5021130	-0.0538370	-1.7458557	0.1313243	-0.1153557	-1.7057244	0.1365635	-0.0327830	-1.6259813	0.0586593	-0.0808554	-1.8034450	0.1319253	-0.0538215	-1.6739914	0.0597291	-0.1282664	-1.4363995	1.5194837	0.1201806	-1.4585433	1.5267111	-0.2361808	-1.5450477	1.5388647	-0.0468695	-1.2971079	0.8017619	0.1513860	-1.2948008	0.6914667	0.1595930	-1.4132480	0.7587989	0.1792273	-1.4338021	0.7128644	-0.2397119	-1.5003724	0.6247119	-0.2393849	-1.5570855	0.7533659	-0.2477837	-1.2704832	0.4124386	0.1008640	-1.2261418	0.2988104	0.0971694	-1.2981128	0.2974672	0.0999867	-1.6314648	0.3831720	-0.1666981	-1.6513101	0.2629628	-0.1678644	-1.7171902	0.2978373	-0.1551021	-1.4477783	0.9082982	0.0718636	-1.4753815	0.8928060	-0.1507023	-1.5014775	1.1862605	0.2315145	-1.5100379	1.1706479	0.1453290	-1.3759413	0.9568342	0.1972679	-1.4361226	0.9286741	0.2174582	-1.4743114	1.1877833	-0.3319316	-1.5058391	1.1800815	-0.2631485	-1.3916568	0.9367162	-0.2778061	-1.4540502	0.9230898	-0.3063729
144	2.3833333	-1.4448000	1.4703674	-0.0578300	-1.4193900	1.4613174	0.1181700	-1.4750500	1.1919774	0.1957300	-1.3940700	0.9436874	0.2185100	-1.4384300	1.4771174	-0.2357300	-1.4619200	1.2078074	-0.2973500	-1.4269300	0.9451774	-0.2972000	-1.4148400	0.9286974	-0.0436000	-1.3916800	0.9364474	0.0787200	-1.2711300	0.5443974	0.0364200	-1.2266400	0.1497374	0.0090800	-1.4227100	0.9218974	-0.1676400	-1.5494900	0.4849674	-0.1220300	-1.7567100	0.0992274	-0.0650400	-1.6325600	0.0305774	-0.0907900	-1.6477700	0.0377174	-0.0904900	-1.7955500	0.0762674	-0.0551900	-1.0439400	0.1237674	0.0155200	-1.0547700	0.1243574	0.0155300	-1.2803300	0.1043574	0.0035300	-1.3260583	1.0200685	0.1312969	-1.3740695	0.9914410	-0.2374425	-1.5601224	1.0248238	0.0432252	-1.5788393	1.0135061	-0.1010343	-1.2732417	0.5296383	0.1101866	-1.2757459	0.5450807	-0.0196191	-1.2344637	0.1364868	0.0567637	-1.2153894	0.1545328	-0.0316748	-1.0684746	0.1289373	0.0104855	-1.1191980	0.1123266	0.0674009	-1.3048371	0.1073628	0.0026612	-1.5781107	0.4875432	-0.1791108	-1.5476487	0.4980008	-0.0541721	-1.7521242	0.1316330	-0.1134110	-1.7116389	0.1358642	-0.0309626	-1.6347032	0.0555529	-0.0795575	-1.8097782	0.1340410	-0.0514827	-1.6826503	0.0580338	-0.1266175	-1.4246996	1.5160832	0.1220639	-1.4477620	1.5243923	-0.2341983	-1.5338001	1.5366367	-0.0445983	-1.2858265	0.8016605	0.1498437	-1.2828663	0.6912551	0.1581890	-1.4008386	0.7580932	0.1794224	-1.4272663	0.7096629	-0.2403273	-1.4941804	0.6216457	-0.2396004	-1.5501939	0.7512181	-0.2466175	-1.2595125	0.4107574	0.0996869	-1.2162169	0.2962107	0.0954665	-1.2880983	0.2961849	0.0995859	-1.6286947	0.3804566	-0.1660724	-1.6527136	0.2606174	-0.1668031	-1.7176712	0.2975936	-0.1537886	-1.4378033	0.9071719	0.0724524	-1.4670544	0.8900340	-0.1499534	-1.4905809	1.1824583	0.2326071	-1.4992923	1.1669024	0.1461846	-1.3651279	0.9532217	0.1980340	-1.4252809	0.9249308	0.2181870	-1.4644600	1.1858494	-0.3317510	-1.4959402	1.1778205	-0.2628485	-1.3816520	0.9351674	-0.2776963	-1.4440776	0.9212710	-0.3064249
145	2.4000000	-1.4321400	1.4688274	-0.0560400	-1.4077400	1.4588474	0.1200800	-1.4638500	1.1892574	0.1970500	-1.3819500	0.9412174	0.2190900	-1.4247400	1.4765574	-0.2339800	-1.4513900	1.2076874	-0.2963300	-1.4171200	0.9445174	-0.2972400	-1.4055700	0.9279574	-0.0432500	-1.3820700	0.9352774	0.0792000	-1.2611400	0.5422574	0.0355800	-1.2227900	0.1469074	0.0078000	-1.4137500	0.9215174	-0.1674300	-1.5399500	0.4841274	-0.1225200	-1.7650900	0.0994474	-0.0629000	-1.6410500	0.0299474	-0.0901200	-1.6576300	0.0363674	-0.0894200	-1.8087400	0.0760474	-0.0517000	-1.0388700	0.1179874	0.0127500	-1.0498700	0.1187774	0.0128400	-1.2777900	0.1018074	0.0026000	-1.3157848	1.0204227	0.1306820	-1.3659902	0.9889341	-0.2376428	-1.5500634	1.0254069	0.0435987	-1.5696607	1.0130249	-0.1004846	-1.2616042	0.5300903	0.1089197	-1.2663480	0.5449789	-0.0206947	-1.2291688	0.1345615	0.0555794	-1.2116693	0.1518948	-0.0332612	-1.0626558	0.1247158	0.0076685	-1.1130467	0.1097334	0.0652805	-1.3014845	0.1058385	0.0021936	-1.5712055	0.4855061	-0.1791994	-1.5397078	0.4950385	-0.0546396	-1.7586914	0.1337307	-0.1114595	-1.7178810	0.1369218	-0.0290486	-1.6436510	0.0541557	-0.0783600	-1.8166168	0.1380879	-0.0490761	-1.6915703	0.0581052	-0.1251369	-1.4127663	1.5139805	0.1239263	-1.4362168	1.5234712	-0.2321673	-1.5220222	1.5358951	-0.0424589	-1.2745906	0.8027990	0.1482103	-1.2710466	0.6922455	0.1566703	-1.3885138	0.7587700	0.1795035	-1.4201555	0.7079452	-0.2410171	-1.4873328	0.6199411	-0.2399574	-1.5427963	0.7503571	-0.2455201	-1.2493124	0.4099633	0.0983697	-1.2076777	0.2941796	0.0935854	-1.2794713	0.2959553	0.0990624	-1.6254524	0.3790169	-0.1655649	-1.6539391	0.2596929	-0.1657463	-1.7179673	0.2989063	-0.1526578	-1.4278222	0.9074749	0.0730236	-1.4583821	0.8886344	-0.1491302	-1.4794179	1.1799302	0.2337034	-1.4882956	1.1644327	0.1470877	-1.3538057	0.9510530	0.1988079	-1.4138834	0.9225265	0.2189168	-1.4542973	1.1853562	-0.3316089	-1.4858015	1.1770088	-0.2626015	-1.3714250	0.9350064	-0.2776366	-1.4339091	0.9208750	-0.3066086
146	2.4166667	-1.4192200	1.4673674	-0.0541900	-1.3954500	1.4564774	0.1220000	-1.4516000	1.1866374	0.1982600	-1.3717200	0.9384874	0.2199100	-1.4111800	1.4759574	-0.2321300	-1.4402700	1.2075374	-0.2953000	-1.4068200	0.9436174	-0.2971300	-1.3960500	0.9275474	-0.0428200	-1.3714800	0.9344574	0.0797100	-1.2492800	0.5399974	0.0347400	-1.2178300	0.1444974	0.0065300	-1.4052900	0.9215274	-0.1671400	-1.5303800	0.4825874	-0.1233400	-1.7621700	0.1005874	-0.0625600	-1.6413600	0.0293474	-0.0911100	-1.6592200	0.0354474	-0.0900200	-1.8054700	0.0773774	-0.0508300	-1.0359600	0.1115874	0.0094500	-1.0469700	0.1125274	0.0096600	-1.2736500	0.0993174	0.0017900	-1.3054008	1.0208163	0.1300393	-1.3574231	0.9868019	-0.2376524	-1.5396212	1.0264416	0.0439493	-1.5599462	1.0131161	-0.0998741	-1.2502555	0.5304815	0.1075204	-1.2571117	0.5448729	-0.0217719	-1.2250407	0.1325394	0.0542063	-1.2090261	0.1491390	-0.0349299	-1.0585259	0.1199605	0.0047542	-1.1085274	0.1067266	0.0629886	-1.2990654	0.1045406	0.0015739	-1.5625249	0.4836593	-0.1795666	-1.5301231	0.4923385	-0.0553818	-1.7622218	0.1355360	-0.1096427	-1.7211574	0.1377817	-0.0272659	-1.6496226	0.0528713	-0.0773826	-1.8203138	0.1417607	-0.0467636	-1.6974263	0.0583756	-0.1238626	-1.4002425	1.5121605	0.1256107	-1.4238653	1.5227939	-0.2301436	-1.5094689	1.5356167	-0.0404329	-1.2633770	0.8037727	0.1465671	-1.2593678	0.6931059	0.1550732	-1.3763121	0.7596475	0.1794272	-1.4120327	0.7071973	-0.2417006	-1.4791415	0.6188787	-0.2404217	-1.5344832	0.7496998	-0.2444362	-1.2397179	0.4091202	0.0968723	-1.2000438	0.2919668	0.0915368	-1.2716463	0.2957598	0.0983363	-1.6200710	0.3776004	-0.1652301	-1.6526124	0.2587533	-0.1647702	-1.7157781	0.3000092	-0.1517741	-1.4177149	0.9080720	0.0736061	-1.4493568	0.8877313	-0.1481632	-1.4679533	1.1776403	0.2347778	-1.4770229	1.1622202	0.1480634	-1.3423280	0.9490758	0.1996004	-1.4023642	0.9203515	0.2196558	-1.4437463	1.1851947	-0.3314768	-1.4753711	1.1765566	-0.2623709	-1.3609862	0.9351213	-0.2775699	-1.4235165	0.9208209	-0.3068741
147	2.4333333	-1.4059600	1.4662074	-0.0522500	-1.3826600	1.4546874	0.1239400	-1.4380800	1.1844474	0.1994800	-1.3620200	0.9357474	0.2208700	-1.3974800	1.4754374	-0.2301600	-1.4292000	1.2076874	-0.2943000	-1.3950300	0.9437374	-0.2969800	-1.3852200	0.9286374	-0.0422900	-1.3593900	0.9351274	0.0801000	-1.2377300	0.5373574	0.0340000	-1.2132600	0.1420174	0.0059000	-1.3957600	0.9230674	-0.1665500	-1.5203000	0.4800874	-0.1244100	-1.7553500	0.1019774	-0.0626200	-1.6364500	0.0296274	-0.0927300	-1.6559000	0.0353074	-0.0911800	-1.7967300	0.0799474	-0.0509400	-1.0362100	0.1040674	0.0063300	-1.0469200	0.1053074	0.0067000	-1.2691000	0.0970774	0.0015900	-1.2936258	1.0224285	0.1296341	-1.3474429	0.9863511	-0.2376607	-1.5278684	1.0289725	0.0444907	-1.5489051	1.0148746	-0.0991671	-1.2384182	0.5317610	0.1061860	-1.2471868	0.5456343	-0.0227210	-1.2209300	0.1314751	0.0528145	-1.2062436	0.1472841	-0.0365668	-1.0552401	0.1155379	0.0019381	-1.1047004	0.1041938	0.0606861	-1.2962494	0.1045173	0.0009739	-1.5514040	0.4831296	-0.1802038	-1.5181008	0.4909976	-0.0564717	-1.7612219	0.1380600	-0.1081557	-1.7198342	0.1394260	-0.0259378	-1.6510142	0.0526498	-0.0767710	-1.8191949	0.1459270	-0.0447795	-1.6986646	0.0596229	-0.1228691	-1.3863868	1.5117706	0.1272381	-1.4101749	1.5233904	-0.2282173	-1.4955652	1.5367043	-0.0385134	-1.2512010	0.8055828	0.1450862	-1.2469553	0.6948293	0.1536007	-1.3632730	0.7618373	0.1794483	-1.4021520	0.7083286	-0.2424802	-1.4689249	0.6194652	-0.2410386	-1.5245104	0.7504863	-0.2433566	-1.2298855	0.4092715	0.0954007	-1.1923516	0.2907314	0.0894890	-1.2636697	0.2965762	0.0976067	-1.6117072	0.3774010	-0.1651863	-1.6476453	0.2589637	-0.1641480	-1.7099950	0.3019576	-0.1511376	-1.4063453	0.9100525	0.0743552	-1.4390566	0.8884929	-0.1471743	-1.4552971	1.1766595	0.2357985	-1.4645308	1.1613633	0.1490943	-1.3300464	0.9481855	0.2004458	-1.3901101	0.9194173	0.2204193	-1.4319464	1.1864393	-0.3312655	-1.4637747	1.1775171	-0.2620214	-1.3494231	0.9365757	-0.2774235	-1.4119621	0.9221636	-0.3071235
148	2.4500000	-1.3928600	1.4655774	-0.0500400	-1.3698200	1.4535874	0.1260700	-1.4240400	1.1826874	0.2007700	-1.3515300	0.9334574	0.2218000	-1.3841200	1.4753974	-0.2278700	-1.4187400	1.2086274	-0.2933000	-1.3819300	0.9453574	-0.2969700	-1.3724000	0.9308174	-0.0416700	-1.3461800	0.9369474	0.0804600	-1.2273800	0.5340774	0.0336100	-1.2111900	0.1389774	0.0060700	-1.3834200	0.9258374	-0.1656900	-1.5084400	0.4774474	-0.1256600	-1.7536200	0.1034074	-0.0618900	-1.6336300	0.0295474	-0.0936100	-1.6551600	0.0349974	-0.0915900	-1.7945500	0.0819374	-0.0502100	-1.0374800	0.0964274	0.0045500	-1.0478400	0.0979374	0.0050300	-1.2672900	0.0944674	0.0019700	-1.2798879	1.0250558	0.1295423	-1.3355011	0.9870831	-0.2375700	-1.5142119	1.0324582	0.0452329	-1.5359579	1.0176478	-0.0983475	-1.2257873	0.5332428	0.1050870	-1.2361969	0.5465766	-0.0233570	-1.2169376	0.1305891	0.0516887	-1.2033816	0.1455473	-0.0378914	-1.0526043	0.1105666	-0.0004504	-1.1014852	0.1012415	0.0586810	-1.2933255	0.1049385	0.0006563	-1.5381368	0.4833000	-0.1809852	-1.5037494	0.4903350	-0.0577709	-1.7572439	0.1413768	-0.1070456	-1.7153378	0.1418475	-0.0250765	-1.6493851	0.0531225	-0.0765365	-1.8148608	0.1508372	-0.0431933	-1.6969529	0.0614926	-0.1222341	-1.3711681	1.5123577	0.1289983	-1.3951713	1.5249277	-0.2262321	-1.4802707	1.5385389	-0.0365734	-1.2375213	0.8077846	0.1438266	-1.2333886	0.6968749	0.1523495	-1.3488735	0.7648766	0.1795734	-1.3902912	0.7103795	-0.2433481	-1.4567054	0.6208896	-0.2417558	-1.5126216	0.7522867	-0.2422733	-1.2195763	0.4096429	0.0941974	-1.1844585	0.2896581	0.0876992	-1.2554907	0.2976762	0.0971182	-1.6010405	0.3779848	-0.1654034	-1.6401326	0.2600109	-0.1639099	-1.7016284	0.3046124	-0.1507322	-1.3929796	0.9130607	0.0752128	-1.4267565	0.8903837	-0.1462112	-1.4410855	1.1765830	0.2367808	-1.4504103	1.1614644	0.1501674	-1.3165709	0.9479298	0.2013628	-1.3767247	0.9192692	0.2212121	-1.4186744	1.1886947	-0.3309201	-1.4507366	1.1794637	-0.2614636	-1.3363324	0.9389947	-0.2771784	-1.3988369	0.9244948	-0.3072942
149	2.4666667	-1.3797500	1.4656874	-0.0475300	-1.3569100	1.4529774	0.1285100	-1.4101700	1.1814474	0.2020300	-1.3403600	0.9317074	0.2227800	-1.3708500	1.4762474	-0.2252700	-1.4087600	1.2105574	-0.2922300	-1.3684000	0.9481474	-0.2972300	-1.3584700	0.9315674	-0.0411600	-1.3329500	0.9370274	0.0809000	-1.2174300	0.5302974	0.0338300	-1.2115200	0.1355974	0.0067300	-1.3688200	0.9273674	-0.1650600	-1.4943900	0.4751574	-0.1276700	-1.7523900	0.1067374	-0.0613400	-1.6332900	0.0300774	-0.0943600	-1.6556900	0.0354274	-0.0920800	-1.7933300	0.0860374	-0.0492500	-1.0372400	0.0906274	0.0039800	-1.0476400	0.0921774	0.0045200	-1.2692900	0.0911774	0.0026400	-1.2653743	1.0262061	0.1294370	-1.3224027	0.9864992	-0.2373758	-1.4994921	1.0343138	0.0459089	-1.5217988	1.0188484	-0.0975523	-1.2133239	0.5324358	0.1041259	-1.2250514	0.5453192	-0.0237339	-1.2141346	0.1277521	0.0508595	-1.2015120	0.1418889	-0.0388183	-1.0512085	0.1034982	-0.0022655	-1.0996300	0.0961576	0.0571297	-1.2915530	0.1035153	0.0005689	-1.5233285	0.4817299	-0.1822426	-1.4876664	0.4878927	-0.0595437	-1.7519370	0.1436028	-0.1064487	-1.7093584	0.1431329	-0.0247271	-1.6466936	0.0522612	-0.0769226	-1.8089984	0.1548245	-0.0420930	-1.6942463	0.0621394	-0.1222470	-1.3557652	1.5115195	0.1307573	-1.3799474	1.5251180	-0.2241716	-1.4646115	1.5386590	-0.0346328	-1.2233120	0.8078919	0.1426178	-1.2196418	0.6967343	0.1511660	-1.3341079	0.7661555	0.1794995	-1.3771061	0.7110022	-0.2444583	-1.4431223	0.6207650	-0.2428056	-1.4994908	0.7525710	-0.2414455	-1.2097550	0.4077888	0.0932079	-1.1773842	0.2863754	0.0861972	-1.2481141	0.2967542	0.0968138	-1.5889677	0.3769645	-0.1661231	-1.6313290	0.2596252	-0.1641753	-1.6918459	0.3058977	-0.1508475	-1.3785542	0.9145683	0.0758617	-1.4131603	0.8908681	-0.1453904	-1.4264083	1.1751036	0.2376846	-1.4357360	1.1602026	0.1511585	-1.3028068	0.9460727	0.2022868	-1.3631052	0.9175940	0.2219405	-1.4051004	1.1896760	-0.3305807	-1.4373730	1.1800789	-0.2608404	-1.3226782	0.9401635	-0.2770032	-1.3851174	0.9255474	-0.3075097
150	2.4833333	-1.3662100	1.4665074	-0.0448100	-1.3436600	1.4528674	0.1312100	-1.3967700	1.1807974	0.2032400	-1.3288200	0.9303074	0.2239900	-1.3570500	1.4779674	-0.2225400	-1.3985600	1.2131374	-0.2909800	-1.3557100	0.9509774	-0.2976500	-1.3443000	0.9290474	-0.0410700	-1.3205400	0.9336574	0.0813800	-1.2082400	0.5263274	0.0348200	-1.2118800	0.1331374	0.0074400	-1.3527900	0.9255774	-0.1652600	-1.4770300	0.4741874	-0.1313500	-1.7462000	0.1130374	-0.0619800	-1.6345000	0.0314874	-0.0950300	-1.6565000	0.0371774	-0.0927600	-1.7870700	0.0933874	-0.0491500	-1.0357900	0.0865574	0.0038900	-1.0465100	0.0880474	0.0044800	-1.2718100	0.0881674	0.0032800	-1.2510474	1.0238926	0.1290222	-1.3087186	0.9829004	-0.2374484	-1.4846097	1.0328180	0.0462034	-1.5071802	1.0168704	-0.0971206	-1.2017125	0.5280415	0.1031114	-1.2144012	0.5406132	-0.0240491	-1.2128077	0.1222167	0.0501161	-1.2009346	0.1356387	-0.0395174	-1.0511813	0.0941546	-0.0036665	-1.0992768	0.0886187	0.0559000	-1.2912236	0.0993610	0.0004783	-1.5068927	0.4769000	-0.1848197	-1.4698397	0.4822217	-0.0625618	-1.7455832	0.1438650	-0.1067230	-1.7022467	0.1424285	-0.0252153	-1.6439278	0.0491504	-0.0781501	-1.8017149	0.1572315	-0.0418132	-1.6913812	0.0607236	-0.1231318	-1.3409322	1.5077537	0.1322518	-1.3651163	1.5224089	-0.2222842	-1.4492862	1.5354485	-0.0328902	-1.2095200	0.8043191	0.1412995	-1.2065571	0.6929250	0.1498823	-1.3199081	0.7638869	0.1789663	-1.3630127	0.7088279	-0.2462881	-1.4283868	0.6176452	-0.2448189	-1.4855635	0.7495590	-0.2414377	-1.2010060	0.4025674	0.0921880	-1.1716296	0.2799444	0.0847844	-1.2419632	0.2927681	0.0964423	-1.5755230	0.3729325	-0.1680432	-1.6214108	0.2565416	-0.1654742	-1.6807265	0.3046840	-0.1520709	-1.3641012	0.9126575	0.0760232	-1.3990646	0.8882043	-0.1450316	-1.4122186	1.1707294	0.2384251	-1.4214406	1.1560574	0.1518881	-1.2894597	0.9412546	0.2031578	-1.3499276	0.9129176	0.2224977	-1.3921705	1.1879100	-0.3304575	-1.4245958	1.1778661	-0.2603990	-1.3093420	0.9386474	-0.2771589	-1.3717334	0.9238517	-0.3080001
151	2.5000000	-1.3526700	1.4678574	-0.0420300	-1.3303200	1.4533774	0.1340800	-1.3835400	1.1805974	0.2045400	-1.3165900	0.9293274	0.2254400	-1.3432700	1.4801874	-0.2198200	-1.3873300	1.2157374	-0.2894500	-1.3449600	0.9531774	-0.2981500	-1.3296000	0.9242074	-0.0415100	-1.3085200	0.9280274	0.0818200	-1.2013200	0.5228574	0.0362700	-1.2101900	0.1321274	0.0080900	-1.3352500	0.9216374	-0.1664300	-1.4541600	0.4757874	-0.1368900	-1.7387200	0.1208074	-0.0628400	-1.6414300	0.0333774	-0.0939200	-1.6628000	0.0386274	-0.0916700	-1.7812500	0.1017474	-0.0494500	-1.0348100	0.0835174	0.0042300	-1.0456600	0.0850074	0.0048400	-1.2707200	0.0866974	0.0037300	-1.2365662	1.0190535	0.1283281	-1.2938927	0.9772072	-0.2380207	-1.4693647	1.0290861	0.0459338	-1.4918284	1.0128247	-0.0973308	-1.1906010	0.5216530	0.1021081	-1.2039059	0.5339817	-0.0242569	-1.2118721	0.1157490	0.0493947	-1.2005891	0.1285299	-0.0400397	-1.0516815	0.0844672	-0.0047727	-1.0994743	0.0804783	0.0548850	-1.2911346	0.0941508	0.0003810	-1.4880505	0.4699113	-0.1892200	-1.4494842	0.4744789	-0.0673073	-1.7384495	0.1442909	-0.1079305	-1.6942874	0.1418708	-0.0266072	-1.6424548	0.0456008	-0.0797947	-1.7929969	0.1605766	-0.0424911	-1.6894739	0.0590697	-0.1245031	-1.3264449	1.5023920	0.1334832	-1.3503356	1.5180804	-0.2206131	-1.4341012	1.5300988	-0.0314119	-1.1960278	0.7984081	0.1399326	-1.1939170	0.6869019	0.1485640	-1.3060213	0.7592699	0.1779729	-1.3476144	0.7049030	-0.2491219	-1.4119563	0.6125879	-0.2481676	-1.4703857	0.7442161	-0.2425742	-1.1927726	0.3956364	0.0911223	-1.1664393	0.2721192	0.0834235	-1.2362512	0.2873822	0.0959507	-1.5602455	0.3672327	-0.1715524	-1.6102935	0.2523327	-0.1680626	-1.6679978	0.3027165	-0.1546625	-1.3494706	0.9082958	0.0756521	-1.3841914	0.8833542	-0.1453333	-1.3982798	1.1646572	0.2390450	-1.4072556	1.1502036	0.1523781	-1.2760665	0.9348018	0.2040744	-1.3366543	0.9064514	0.2229614	-1.3796882	1.1845852	-0.3305166	-1.4121534	1.1740250	-0.2601402	-1.2962773	0.9355622	-0.2777479	-1.3587233	0.9205539	-0.3088206
152	2.5166667	-1.3400500	1.4696874	-0.0391800	-1.3172600	1.4545274	0.1371000	-1.3701300	1.1806674	0.2061600	-1.3035200	0.9290574	0.2268900	-1.3310500	1.4825774	-0.2172100	-1.3750500	1.2182674	-0.2875900	-1.3353700	0.9553474	-0.2988500	-1.3144100	0.9193974	-0.0422100	-1.2961500	0.9224774	0.0822100	-1.1968300	0.5204474	0.0375600	-1.2068600	0.1318574	0.0088000	-1.3170200	0.9178074	-0.1680500	-1.4263400	0.4800674	-0.1434900	-1.7331400	0.1284474	-0.0629400	-1.6525700	0.0343674	-0.0904800	-1.6736000	0.0389574	-0.0882500	-1.7790600	0.1092374	-0.0493600	-1.0344000	0.0810374	0.0051600	-1.0451000	0.0826774	0.0057600	-1.2657500	0.0867574	0.0042100	-1.2219165	1.0141165	0.1275876	-1.2779344	0.9715476	-0.2387842	-1.4537252	1.0255564	0.0452019	-1.4757206	1.0090235	-0.0980510	-1.1803839	0.5158941	0.1014817	-1.1939770	0.5279599	-0.0240568	-1.2106441	0.1106615	0.0489951	-1.1997614	0.1228044	-0.0401096	-1.0522009	0.0769007	-0.0053553	-1.0996460	0.0740143	0.0543220	-1.2904350	0.0900875	0.0005699	-1.4666160	0.4630894	-0.1949545	-1.4265381	0.4670257	-0.0732809	-1.7312445	0.1473680	-0.1094848	-1.6863221	0.1439940	-0.0282791	-1.6435092	0.0439975	-0.0807836	-1.7835486	0.1675518	-0.0436916	-1.6895490	0.0595723	-0.1253974	-1.3124509	1.4980438	0.1347778	-1.3359053	1.5147928	-0.2187907	-1.4193673	1.5253438	-0.0298839	-1.1830449	0.7926870	0.1388038	-1.1819839	0.6812484	0.1475294	-1.2925917	0.7549071	0.1768259	-1.3308895	0.7015334	-0.2525205	-1.3937058	0.6079064	-0.2523948	-1.4538383	0.7388115	-0.2445396	-1.1851601	0.3895916	0.0903725	-1.1615908	0.2654340	0.0824965	-1.2308114	0.2830082	0.0956256	-1.5431654	0.3621776	-0.1760901	-1.5983148	0.2493459	-0.1713096	-1.6539103	0.3024362	-0.1581261	-1.3347089	0.9039593	0.0749824	-1.3686073	0.8786110	-0.1460113	-1.3845223	1.1592520	0.2398528	-1.3931607	1.1450135	0.1529802	-1.2624635	0.9291486	0.2052949	-1.3230644	0.9005947	0.2236237	-1.3676831	1.1820127	-0.3304489	-1.3999955	1.1709163	-0.2597367	-1.2836461	0.9331381	-0.2785945	-1.3463108	0.9179393	-0.3097437
153	2.5333333	-1.3285200	1.4714974	-0.0363700	-1.3045600	1.4558474	0.1402200	-1.3568800	1.1811074	0.2081500	-1.2902500	0.9295874	0.2280300	-1.3205500	1.4848074	-0.2148500	-1.3626900	1.2210474	-0.2855500	-1.3245800	0.9582374	-0.2997000	-1.2997200	0.9158074	-0.0427500	-1.2838500	0.9179474	0.0826000	-1.1937300	0.5181974	0.0384000	-1.2040900	0.1311874	0.0094900	-1.2997800	0.9152574	-0.1693500	-1.3972100	0.4857974	-0.1504900	-1.7221900	0.1385174	-0.0637500	-1.6560900	0.0373874	-0.0876100	-1.6760100	0.0422074	-0.0856300	-1.7699600	0.1199974	-0.0500000	-1.0337700	0.0794174	0.0063700	-1.0442600	0.0811474	0.0069300	-1.2607800	0.0870674	0.0048600	-1.2080555	1.0101309	0.1271008	-1.2618987	0.9671786	-0.2393061	-1.4385788	1.0233889	0.0444257	-1.4597592	1.0066978	-0.0988190	-1.1725465	0.5117058	0.1015115	-1.1860791	0.5235070	-0.0233597	-1.2095985	0.1077347	0.0493159	-1.1988408	0.1192673	-0.0393990	-1.0529647	0.0726920	-0.0050845	-1.1000610	0.0702251	0.0546188	-1.2894794	0.0878202	0.0013095	-1.4426792	0.4579123	-0.2012787	-1.4013955	0.4614071	-0.0796392	-1.7227287	0.1532869	-0.1107298	-1.6773178	0.1491035	-0.0295076	-1.6450020	0.0453064	-0.0806144	-1.7724503	0.1778946	-0.0447709	-1.6895869	0.0631058	-0.1253163	-1.2996685	1.4957864	0.1365337	-1.3227914	1.5138403	-0.2164105	-1.4060062	1.5226707	-0.0277979	-1.1715237	0.7879946	0.1382643	-1.1719073	0.6768429	0.1471271	-1.2807997	0.7519159	0.1760214	-1.3132384	0.7004173	-0.2558376	-1.3738438	0.6052051	-0.2568415	-1.4364287	0.7345453	-0.2468676	-1.1794451	0.3854604	0.0903020	-1.1580368	0.2609260	0.0824792	-1.2266419	0.2804161	0.0957967	-1.5239357	0.3588486	-0.1808544	-1.5846692	0.2483767	-0.1744029	-1.6378599	0.3044767	-0.1617855	-1.3207590	0.9008022	0.0744204	-1.3533221	0.8752445	-0.1465828	-1.3716473	1.1555877	0.2412044	-1.3799941	1.1415894	0.1540786	-1.2493956	0.9253746	0.2069941	-1.3099207	0.8964964	0.2247125	-1.3568055	1.1811655	-0.3299986	-1.3887492	1.1695554	-0.2588833	-1.2719782	0.9323881	-0.2793929	-1.3350055	0.9170202	-0.3104841
154	2.5500000	-1.3171700	1.4733074	-0.0337500	-1.2920500	1.4572574	0.1432900	-1.3442400	1.1821474	0.2103900	-1.2773600	0.9308274	0.2288200	-1.3101800	1.4869974	-0.2128200	-1.3508200	1.2242774	-0.2836100	-1.3119000	0.9616574	-0.3004300	-1.2863800	0.9138074	-0.0428400	-1.2722300	0.9145774	0.0830500	-1.1912600	0.5149074	0.0388800	-1.2036600	0.1298074	0.0099000	-1.2846000	0.9147274	-0.1698800	-1.3684300	0.4915774	-0.1577100	-1.6978400	0.1533274	-0.0672600	-1.6432400	0.0437674	-0.0878500	-1.6605700	0.0495774	-0.0864400	-1.7430900	0.1368874	-0.0531800	-1.0327500	0.0788174	0.0074000	-1.0431700	0.0804874	0.0079300	-1.2592400	0.0866874	0.0054400	-1.1956717	1.0070681	0.1272063	-1.2465920	0.9648883	-0.2394560	-1.4248688	1.0229361	0.0441259	-1.4448985	1.0065119	-0.0992090	-1.1682082	0.5089287	0.1021853	-1.1812304	0.5205761	-0.0224427	-1.2094937	0.1069180	0.0503992	-1.1984407	0.1179996	-0.0379669	-1.0541741	0.0720374	-0.0039562	-1.1010635	0.0692210	0.0558643	-1.2889987	0.0872642	0.0025143	-1.4158674	0.4555084	-0.2081094	-1.3739083	0.4587294	-0.0861751	-1.7091276	0.1612612	-0.1118350	-1.6635525	0.1564693	-0.0304714	-1.6414943	0.0494416	-0.0800803	-1.7562052	0.1900685	-0.0457537	-1.6844431	0.0694862	-0.1249259	-1.2882334	1.4954586	0.1389422	-1.3113156	1.5153862	-0.2133481	-1.3943663	1.5224048	-0.0248657	-1.1621115	0.7840688	0.1386264	-1.1645452	0.6734397	0.1475928	-1.2717290	0.7502851	0.1760237	-1.2948049	0.7028311	-0.2589712	-1.3522633	0.6057040	-0.2614434	-1.4185312	0.7321223	-0.2494322	-1.1767611	0.3832689	0.0909410	-1.1567568	0.2587716	0.0834758	-1.2247439	0.2793993	0.0964941	-1.5011889	0.3579323	-0.1858180	-1.5668245	0.2497148	-0.1774625	-1.6177062	0.3086976	-0.1656144	-1.3084832	0.8989561	0.0743606	-1.3392739	0.8738745	-0.1467891	-1.3601490	1.1538739	0.2432274	-1.3683755	1.1401601	0.1558031	-1.2374430	0.9236667	0.2091096	-1.2978542	0.8944400	0.2262290	-1.3473418	1.1821491	-0.3291374	-1.3787693	1.1700571	-0.2575455	-1.2613916	0.9335008	-0.2799295	-1.3248607	0.9179497	-0.3109305
155	2.5666667	-1.3052900	1.4750974	-0.0312600	-1.2797000	1.4585974	0.1462800	-1.3316700	1.1838674	0.2127900	-1.2643600	0.9324074	0.2294600	-1.2985600	1.4892974	-0.2108900	-1.3387700	1.2277774	-0.2819200	-1.2993400	0.9648674	-0.3009300	-1.2744400	0.9130374	-0.0424900	-1.2609100	0.9124374	0.0837300	-1.1886700	0.5112474	0.0392200	-1.2051800	0.1282474	0.0099000	-1.2719500	0.9150574	-0.1697900	-1.3379900	0.4972774	-0.1646400	-1.6653800	0.1720974	-0.0730900	-1.6212700	0.0526174	-0.0900100	-1.6357800	0.0607374	-0.0894500	-1.7064400	0.1583874	-0.0591500	-1.0320000	0.0784574	0.0082500	-1.0425000	0.0800274	0.0087500	-1.2603300	0.0858474	0.0055500	-1.1845313	1.0044094	0.1282118	-1.2319476	0.9646129	-0.2395524	-1.4130696	1.0238551	0.0444936	-1.4316671	1.0083129	-0.0992831	-1.1667801	0.5068986	0.1034627	-1.1789046	0.5185278	-0.0216185	-1.2104175	0.1075062	0.0520115	-1.1986600	0.1183676	-0.0362274	-1.0556375	0.0738161	-0.0023583	-1.1025361	0.0700262	0.0577747	-1.2892677	0.0877715	0.0039703	-1.3858070	0.4561221	-0.2158417	-1.3436196	0.4590494	-0.0931538	-1.6883969	0.1709353	-0.1137838	-1.6428588	0.1655984	-0.0321766	-1.6300036	0.0558774	-0.0805105	-1.7328595	0.2033460	-0.0475172	-1.6713804	0.0781115	-0.1254948	-1.2776032	1.4963647	0.1420304	-1.3008878	1.5188926	-0.2098409	-1.3840552	1.5240224	-0.0212506	-1.1544003	0.7804064	0.1400311	-1.1594468	0.6704597	0.1490635	-1.2652501	0.7493917	0.1771964	-1.2754715	0.7087858	-0.2623160	-1.3287775	0.6095315	-0.2666197	-1.4002465	0.7316016	-0.2525508	-1.1767344	0.3823332	0.0921696	-1.1574912	0.2583496	0.0852341	-1.2249345	0.2792538	0.0976952	-1.4740940	0.3596501	-0.1916036	-1.5433695	0.2534738	-0.1814050	-1.5922015	0.3149568	-0.1702428	-1.2979985	0.8978929	0.0749905	-1.3266749	0.8742526	-0.1468301	-1.3496621	1.1536077	0.2457549	-1.3580067	1.1402053	0.1579924	-1.2262899	0.9235021	0.2113565	-1.2865811	0.8939438	0.2279728	-1.3388327	1.1843978	-0.3280481	-1.3696906	1.1718662	-0.2559629	-1.2515343	0.9359191	-0.2802501	-1.3154816	0.9201826	-0.3112184
156	2.5833333	-1.2926600	1.4771874	-0.0286800	-1.2674700	1.4600174	0.1493600	-1.3179900	1.1858474	0.2152600	-1.2500400	0.9339574	0.2300200	-1.2853900	1.4919474	-0.2088000	-1.3257700	1.2312474	-0.2804700	-1.2882000	0.9676374	-0.3013200	-1.2634000	0.9130874	-0.0418900	-1.2492100	0.9117474	0.0847000	-1.1854400	0.5083674	0.0397600	-1.2067800	0.1271174	0.0097100	-1.2614900	0.9160174	-0.1696100	-1.3050700	0.5032974	-0.1706000	-1.6315200	0.1909874	-0.0797300	-1.5973600	0.0596174	-0.0922200	-1.6088900	0.0689274	-0.0924400	-1.6699300	0.1802474	-0.0667500	-1.0322200	0.0781974	0.0091200	-1.0428400	0.0796074	0.0096000	-1.2601800	0.0855674	0.0051500	-1.1739906	1.0019703	0.1300908	-1.2175293	0.9658417	-0.2398022	-1.4028656	1.0256761	0.0452208	-1.4198536	1.0115260	-0.0994251	-1.1668443	0.5052379	0.1051847	-1.1777758	0.5169027	-0.0209463	-1.2118831	0.1087766	0.0538509	-1.1990981	0.1195813	-0.0344536	-1.0570521	0.0765523	-0.0006790	-1.1042090	0.0713674	0.0598705	-1.2899389	0.0887250	0.0055595	-1.3526079	0.4595257	-0.2244452	-1.3105173	0.4620926	-0.1005878	-1.6607207	0.1818249	-0.1176432	-1.6153616	0.1759905	-0.0356947	-1.6103731	0.0634094	-0.0826380	-1.7027184	0.2173758	-0.0513475	-1.6502922	0.0876367	-0.1279018	-1.2669452	1.4979773	0.1457754	-1.2903745	1.5236840	-0.2061908	-1.3741929	1.5269653	-0.0173653	-1.1475754	0.7769749	0.1422321	-1.1555589	0.6677505	0.1513070	-1.2604503	0.7488795	0.1792959	-1.2552666	0.7175830	-0.2659719	-1.3034783	0.6161746	-0.2724109	-1.3813772	0.7326402	-0.2563927	-1.1781085	0.3820810	0.0937388	-1.1592508	0.2589718	0.0873543	-1.2262821	0.2794442	0.0992352	-1.4427371	0.3638097	-0.1985243	-1.5144047	0.2594462	-0.1868527	-1.5614753	0.3228410	-0.1762779	-1.2887761	0.8972653	0.0761335	-1.3151152	0.8758371	-0.1469901	-1.3392234	1.1542371	0.2484948	-1.3479403	1.1411401	0.1603802	-1.2149881	0.9243447	0.2133981	-1.2751426	0.8944637	0.2296844	-1.3304366	1.1873763	-0.3269509	-1.3607110	1.1744727	-0.2544017	-1.2418643	0.9390468	-0.2805688	-1.3063164	0.9231808	-0.3115599
157	2.6000000	-1.2795700	1.4791974	-0.0261900	-1.2549700	1.4614174	0.1523000	-1.3032100	1.1875274	0.2177100	-1.2338300	0.9350474	0.2302800	-1.2715500	1.4945674	-0.2067100	-1.3122100	1.2339974	-0.2792500	-1.2772700	0.9703174	-0.3017200	-1.2523400	0.9134874	-0.0413600	-1.2370900	0.9120274	0.0857200	-1.1824200	0.5063274	0.0406600	-1.2072600	0.1265774	0.0096800	-1.2513400	0.9165874	-0.1696400	-1.2724900	0.5092874	-0.1754200	-1.5945300	0.2098174	-0.0863800	-1.5694100	0.0690474	-0.0957300	-1.5784000	0.0794774	-0.0965500	-1.6300300	0.2017074	-0.0744400	-1.0331000	0.0781174	0.0098500	-1.0439200	0.0794574	0.0103400	-1.2565100	0.0864774	0.0047100	-1.1632983	0.9995796	0.1324965	-1.2026650	0.9680637	-0.2402899	-1.3932603	1.0276922	0.0457675	-1.4085110	1.0153241	-0.1000837	-1.1670895	0.5034881	0.1070145	-1.1766072	0.5151999	-0.0205826	-1.2127306	0.1101786	0.0555847	-1.1987004	0.1210260	-0.0328455	-1.0577860	0.0794325	0.0007813	-1.1053368	0.0725214	0.0617467	-1.2897817	0.0896832	0.0070338	-1.3166138	0.4653159	-0.2333384	-1.2748513	0.4675286	-0.1081604	-1.6264380	0.1933665	-0.1234894	-1.5813864	0.1871674	-0.0412477	-1.5827083	0.0719345	-0.0866915	-1.6662232	0.2313806	-0.0574495	-1.6213441	0.0977115	-0.1322795	-1.2556287	1.4998767	0.1497070	-1.2786710	1.5290364	-0.2027282	-1.3637627	1.5305173	-0.0137807	-1.1406945	0.7734599	0.1448113	-1.1517818	0.6649570	0.1538927	-1.2561128	0.7483345	0.1817413	-1.2341077	0.7283036	-0.2697033	-1.2764674	0.6249091	-0.2783949	-1.3613663	0.7346887	-0.2608010	-1.1795205	0.3819624	0.0952983	-1.1607475	0.2599739	0.0894519	-1.2275119	0.2795268	0.1007563	-1.4073921	0.3700240	-0.2061509	-1.4802284	0.2672413	-0.1935040	-1.5258260	0.3317971	-0.1835030	-1.2797754	0.8966351	0.0773316	-1.3035980	0.8779794	-0.1475678	-1.3277095	1.1551746	0.2510700	-1.3370133	1.1423566	0.1626262	-1.2024073	0.9256706	0.2148682	-1.2623662	0.8954517	0.2310119	-1.3211998	1.1905468	-0.3261061	-1.3508639	1.1773496	-0.2531097	-1.2315477	0.9422998	-0.2811683	-1.2965196	0.9263895	-0.3121682
158	2.6166667	-1.2664900	1.4808674	-0.0241500	-1.2417200	1.4627674	0.1545000	-1.2888900	1.1888874	0.2200200	-1.2168000	0.9359774	0.2302600	-1.2585700	1.4966074	-0.2048800	-1.2993700	1.2363274	-0.2781400	-1.2651500	0.9730774	-0.3020500	-1.2408200	0.9132374	-0.0410400	-1.2253300	0.9115174	0.0865600	-1.1799200	0.5046274	0.0416300	-1.2074700	0.1262374	0.0099400	-1.2399500	0.9166774	-0.1698600	-1.2428300	0.5152674	-0.1791800	-1.5549600	0.2287674	-0.0919300	-1.5327200	0.0821074	-0.1021700	-1.5395500	0.0929374	-0.1032600	-1.5856300	0.2237274	-0.0802600	-1.0341900	0.0782174	0.0101100	-1.0453000	0.0794974	0.0106300	-1.2515400	0.0881774	0.0045100	-1.1520545	0.9963395	0.1351731	-1.1872372	0.9703129	-0.2410186	-1.3836089	1.0287323	0.0460279	-1.3971034	1.0185089	-0.1012766	-1.1671825	0.5008130	0.1087373	-1.1751200	0.5125556	-0.0205801	-1.2127243	0.1109036	0.0570869	-1.1973434	0.1218568	-0.0314282	-1.0578290	0.0815136	0.0019339	-1.1058009	0.0727036	0.0632295	-1.2885244	0.0899912	0.0083306	-1.2790428	0.4725926	-0.2419581	-1.2377524	0.4745245	-0.1155057	-1.5864920	0.2047952	-0.1304893	-1.5417796	0.1984183	-0.0481458	-1.5471242	0.0812873	-0.0923794	-1.6245149	0.2443638	-0.0648621	-1.5849046	0.1080031	-0.1381812	-1.2435336	1.5012769	0.1534476	-1.2659105	1.5337345	-0.1996475	-1.3525945	1.5334452	-0.0107311	-1.1333838	0.7689480	0.1475044	-1.1477541	0.6611959	0.1565450	-1.2516435	0.7468304	0.1841865	-1.2124635	0.7395049	-0.2732819	-1.2485095	0.6345035	-0.2841738	-1.3403408	0.7367830	-0.2654767	-1.1806215	0.3811333	0.0966482	-1.1616829	0.2604762	0.0913318	-1.2282633	0.2787329	0.1020685	-1.3691825	0.3774946	-0.2138638	-1.4418681	0.2760852	-0.2006723	-1.4863530	0.3410092	-0.1911601	-1.2703810	0.8949809	0.0783707	-1.2916772	0.8796184	-0.1486308	-1.3149129	1.1554667	0.2533464	-1.3249481	1.1428960	0.1646150	-1.1883171	0.9266156	0.2156910	-1.2479873	0.8959993	0.2318274	-1.3109612	1.1929464	-0.3255898	-1.3399810	1.1795101	-0.2521380	-1.2202426	0.9447391	-0.2820745	-1.2857331	0.9288352	-0.3130167
159	2.6333333	-1.2541400	1.4824174	-0.0225800	-1.2280300	1.4642374	0.1558900	-1.2760800	1.1906574	0.2220700	-1.2008900	0.9373274	0.2303500	-1.2476200	1.4981574	-0.2032800	-1.2880300	1.2385374	-0.2770700	-1.2523300	0.9756974	-0.3022200	-1.2294500	0.9129774	-0.0408900	-1.2148000	0.9102574	0.0872000	-1.1773100	0.5029574	0.0424600	-1.2087300	0.1254574	0.0102800	-1.2276200	0.9172974	-0.1701400	-1.2153600	0.5208074	-0.1820000	-1.5171300	0.2422274	-0.0953800	-1.4902400	0.0962074	-0.1110400	-1.4957900	0.1069074	-0.1120600	-1.5422400	0.2401774	-0.0831200	-1.0355700	0.0782274	0.0099900	-1.0470400	0.0793974	0.0105800	-1.2480100	0.0897974	0.0041800	-1.1408050	0.9930741	0.1380344	-1.1720646	0.9729328	-0.2419392	-1.3743628	1.0294433	0.0461172	-1.3861972	1.0215353	-0.1028258	-1.1675877	0.4982170	0.1104535	-1.1739283	0.5099546	-0.0207235	-1.2131274	0.1116231	0.0584013	-1.1964479	0.1226765	-0.0301891	-1.0584115	0.0832085	0.0028978	-1.1068258	0.0725910	0.0643963	-1.2876333	0.0904492	0.0094901	-1.2426423	0.4816104	-0.2497559	-1.2017812	0.4833221	-0.1222339	-1.5440844	0.2161637	-0.1374858	-1.4995702	0.2097800	-0.0553215	-1.5059490	0.0920421	-0.0993215	-1.5810759	0.2560716	-0.0721150	-1.5435867	0.1190751	-0.1449961	-1.2313211	1.5029878	0.1568572	-1.2535016	1.5381607	-0.1972530	-1.3416649	1.5363378	-0.0082578	-1.1262183	0.7644168	0.1502035	-1.1439771	0.6574519	0.1592190	-1.2473653	0.7452476	0.1866191	-1.1918944	0.7509953	-0.2766201	-1.2216547	0.6449543	-0.2894487	-1.3198046	0.7394962	-0.2699909	-1.1820169	0.3804033	0.0978882	-1.1629180	0.2610646	0.0929825	-1.2293728	0.2779845	0.1032899	-1.3309531	0.3864769	-0.2210089	-1.4022385	0.2861365	-0.2075886	-1.4461652	0.3506848	-0.1982995	-1.2610823	0.8931058	0.0792804	-1.2800102	0.8812710	-0.1500667	-1.3018125	1.1558096	0.2553620	-1.3126527	1.1434668	0.1664109	-1.1737666	0.9278903	0.2160208	-1.2330532	0.8968084	0.2322396	-1.3006445	1.1952005	-0.3252992	-1.3289999	1.1815420	-0.2513832	-1.2086731	0.9470128	-0.2831268	-1.2746803	0.9311147	-0.3139344
160	2.6500000	-1.2427500	1.4838174	-0.0212400	-1.2147900	1.4655174	0.1569300	-1.2640000	1.1929674	0.2238000	-1.1865700	0.9394074	0.2307600	-1.2381400	1.4997174	-0.2018300	-1.2774800	1.2409174	-0.2760200	-1.2395900	0.9779874	-0.3022500	-1.2183700	0.9134774	-0.0408800	-1.2051300	0.9096874	0.0875000	-1.1755000	0.5013674	0.0433500	-1.2099300	0.1242474	0.0104300	-1.2150800	0.9190074	-0.1703200	-1.1880600	0.5265674	-0.1841700	-1.4827700	0.2508174	-0.0977300	-1.4468500	0.1065974	-0.1198600	-1.4518600	0.1164074	-0.1206500	-1.5036000	0.2516874	-0.0847100	-1.0375600	0.0776774	0.0099900	-1.0493500	0.0787274	0.0106500	-1.2440300	0.0911674	0.0033700	-1.1297122	0.9907902	0.1409457	-1.1573562	0.9763562	-0.2429136	-1.3655933	1.0306344	0.0459401	-1.3758908	1.0249702	-0.1046944	-1.1683748	0.4965098	0.1122801	-1.1731705	0.5082184	-0.0208139	-1.2142338	0.1129056	0.0595317	-1.1963474	0.1240215	-0.0291672	-1.0597950	0.0849475	0.0038117	-1.1086746	0.0728219	0.0653691	-1.2875216	0.0916731	0.0103986	-1.2087526	0.4922909	-0.2563481	-1.1682013	0.4938462	-0.1278782	-1.5017761	0.2270701	-0.1438413	-1.4572869	0.2208386	-0.0620248	-1.4617175	0.1033280	-0.1068745	-1.5386703	0.2664048	-0.0784672	-1.5000059	0.1302818	-0.1521648	-1.2190956	1.5056839	0.1598295	-1.2420014	1.5428678	-0.1955607	-1.3311946	1.5398747	-0.0063729	-1.1193296	0.7608107	0.1528589	-1.1405294	0.6546112	0.1619236	-1.2433079	0.7444712	0.1890057	-1.1728450	0.7627634	-0.2796906	-1.1967143	0.6562320	-0.2940681	-1.3003935	0.7432844	-0.2741533	-1.1838270	0.3804473	0.0991587	-1.1646625	0.2622610	0.0945068	-1.2310534	0.2780027	0.1044744	-1.2944048	0.3967958	-0.2271400	-1.3633708	0.2970816	-0.2137583	-1.4073486	0.3606417	-0.2044303	-1.2519819	0.8919714	0.0800141	-1.2687297	0.8835510	-0.1517489	-1.2887935	1.1569874	0.2571508	-1.3004692	1.1448577	0.1680756	-1.1592876	0.9301773	0.2160378	-1.2181406	0.8985981	0.2324158	-1.2905670	1.1980038	-0.3251475	-1.3182626	1.1841215	-0.2507791	-1.1971156	0.9498365	-0.2842084	-1.2636356	0.9339175	-0.3148250
161	2.6666667	-1.2315800	1.4850574	-0.0200300	-1.2022900	1.4666774	0.1579800	-1.2511300	1.1946474	0.2252500	-1.1724400	0.9418674	0.2312800	-1.2283400	1.5010774	-0.2006100	-1.2669000	1.2431574	-0.2750800	-1.2263200	0.9802974	-0.3022900	-1.2068100	0.9148674	-0.0410900	-1.1950300	0.9101174	0.0873000	-1.1755300	0.4998874	0.0445200	-1.2086100	0.1235474	0.0103900	-1.2021000	0.9213074	-0.1704300	-1.1598600	0.5333074	-0.1857900	-1.4501500	0.2551674	-0.1001800	-1.4049600	0.1130974	-0.1264400	-1.4098500	0.1220074	-0.1271500	-1.4690800	0.2573274	-0.0866000	-1.0401900	0.0763374	0.0102800	-1.0520900	0.0773874	0.0110000	-1.2362700	0.0928074	0.0026400	-1.1181111	0.9897694	0.1437836	-1.1423133	0.9804906	-0.2439230	-1.3564842	1.0324654	0.0452428	-1.3653286	1.0288179	-0.1070605	-1.1689708	0.4958511	0.1142060	-1.1722478	0.5074792	-0.0208015	-1.2148144	0.1146716	0.0604001	-1.1957633	0.1257818	-0.0284189	-1.0610559	0.0865709	0.0046795	-1.1103119	0.0733574	0.0661370	-1.2868307	0.0936010	0.0109227	-1.1770947	0.5038417	-0.2615475	-1.1368334	0.5053713	-0.1320256	-1.4605832	0.2364555	-0.1493994	-1.4160314	0.2305467	-0.0678923	-1.4162621	0.1136518	-0.1140530	-1.4982987	0.2746598	-0.0839075	-1.4557783	0.1402025	-0.1589913	-1.2062895	1.5093781	0.1622364	-1.2306466	1.5477492	-0.1945568	-1.3204335	1.5440222	-0.0052207	-1.1121274	0.7583098	0.1553752	-1.1368122	0.6528591	0.1645866	-1.2387916	0.7447374	0.1912036	-1.1544535	0.7743147	-0.2825410	-1.1730497	0.6677179	-0.2980300	-1.2814340	0.7478974	-0.2781060	-1.1853112	0.3813594	0.1004604	-1.1660013	0.2640852	0.0959400	-1.2324115	0.2788087	0.1055219	-1.2596558	0.4075669	-0.2320511	-1.3257372	0.3078966	-0.2189631	-1.3703613	0.3700021	-0.2094663	-1.2423297	0.8918342	0.0804236	-1.2570063	0.8864875	-0.1537288	-1.2752160	1.1590518	0.2586340	-1.2877123	1.1471175	0.1695349	-1.1443218	0.9334217	0.2157950	-1.2027266	0.9013599	0.2324011	-1.2800263	1.2014000	-0.3251474	-1.3070648	1.1872820	-0.2503408	-1.1848723	0.9533053	-0.2853439	-1.2518754	0.9373175	-0.3157276
162	2.6833333	-1.2201100	1.4862074	-0.0190300	-1.1904000	1.4676174	0.1590300	-1.2371200	1.1948574	0.2262700	-1.1575400	0.9441174	0.2315800	-1.2172700	1.5023674	-0.1997100	-1.2561700	1.2449874	-0.2743500	-1.2122300	0.9828174	-0.3024700	-1.1938500	0.9167474	-0.0415500	-1.1830100	0.9108974	0.0866300	-1.1753600	0.4988474	0.0457300	-1.2048600	0.1239674	0.0103800	-1.1882700	0.9242474	-0.1706000	-1.1319500	0.5406574	-0.1864700	-1.4191600	0.2556674	-0.1028800	-1.3636800	0.1165874	-0.1300300	-1.3686600	0.1250474	-0.1308700	-1.4398400	0.2569774	-0.0891200	-1.0431200	0.0744374	0.0105900	-1.0549100	0.0755474	0.0113900	-1.2264800	0.0946874	0.0028700	-1.1051598	0.9896228	0.1464483	-1.1260434	0.9848208	-0.2449181	-1.3460014	1.0345565	0.0439101	-1.3534589	1.0326475	-0.1099721	-1.1684572	0.4959377	0.1162356	-1.1702557	0.5074008	-0.0206079	-1.2137070	0.1164872	0.0610735	-1.1935367	0.1275069	-0.0278351	-1.0612605	0.0875247	0.0055322	-1.1107005	0.0737197	0.0667211	-1.2843473	0.0958970	0.0111977	-1.1472045	0.5150817	-0.2651195	-1.1073796	0.5167541	-0.1342175	-1.4212640	0.2431601	-0.1541235	-1.3766857	0.2377194	-0.0726867	-1.3709402	0.1217173	-0.1199378	-1.4607466	0.2798326	-0.0886325	-1.4120585	0.1474553	-0.1648530	-1.1924168	1.5136178	0.1641315	-1.2185495	1.5523584	-0.1940884	-1.3086670	1.5482797	-0.0047899	-1.1037360	0.7566118	0.1576371	-1.1319221	0.6519017	0.1671289	-1.2328616	0.7457249	0.1931242	-1.1356537	0.7847638	-0.2851312	-1.1498178	0.6784047	-0.3012641	-1.2620597	0.7526749	-0.2819366	-1.1854772	0.3827745	0.1018167	-1.1658793	0.2661422	0.0973175	-1.2323925	0.2800227	0.1064688	-1.2266123	0.4175782	-0.2355261	-1.2895759	0.3172957	-0.2229961	-1.3354249	0.3776614	-0.2133770	-1.2311904	0.8923580	0.0804274	-1.2438743	0.8896658	-0.1559938	-1.2603782	1.1614811	0.2597438	-1.2736072	1.1497197	0.1707157	-1.1281487	0.9370445	0.2153297	-1.1860941	0.9045312	0.2322036	-1.2682837	1.2049619	-0.3252599	-1.2946416	1.1905805	-0.2500229	-1.1712152	0.9570217	-0.2865499	-1.2386400	0.9409091	-0.3166570
163	2.7000000	-1.2086900	1.4875274	-0.0183100	-1.1791500	1.4687874	0.1599100	-1.2232300	1.1944374	0.2265800	-1.1423000	0.9461574	0.2314500	-1.2056400	1.5038074	-0.1991600	-1.2450100	1.2465674	-0.2738700	-1.1989700	0.9851674	-0.3027600	-1.1791300	0.9198374	-0.0421900	-1.1680700	0.9132774	0.0856200	-1.1721400	0.4984874	0.0464400	-1.2013800	0.1247474	0.0105200	-1.1738900	0.9280274	-0.1708700	-1.1063600	0.5474274	-0.1859000	-1.3892500	0.2529974	-0.1057500	-1.3218000	0.1180674	-0.1311000	-1.3267900	0.1263474	-0.1322300	-1.4150500	0.2522674	-0.0923600	-1.0465400	0.0725674	0.0105800	-1.0581100	0.0736374	0.0115800	-1.2196500	0.0961674	0.0040300	-1.0905533	0.9911137	0.1487908	-1.1083818	0.9899688	-0.2457490	-1.3336227	1.0375392	0.0420294	-1.3398096	1.0370317	-0.1132166	-1.1661871	0.4974524	0.1182621	-1.1666441	0.5086868	-0.0202468	-1.2109937	0.1189569	0.0616170	-1.1898220	0.1298059	-0.0273317	-1.0604417	0.0883861	0.0063274	-1.1098674	0.0744994	0.0671028	-1.2803085	0.0992167	0.0113896	-1.1190087	0.5260118	-0.2668895	-1.0799397	0.5279835	-0.1342646	-1.3843557	0.2473873	-0.1580000	-1.3399449	0.2425262	-0.0763131	-1.3265424	0.1277806	-0.1240318	-1.4265870	0.2821257	-0.0928202	-1.3694825	0.1522647	-0.1694031	-1.1776181	1.5189278	0.1656122	-1.2055025	1.5573765	-0.1939538	-1.2958156	1.5532246	-0.0049117	-1.0936569	0.7564235	0.1595180	-1.1252799	0.6524333	0.1694145	-1.2248902	0.7481504	0.1946869	-1.1159146	0.7945134	-0.2872374	-1.1266439	0.6885359	-0.3035700	-1.2419113	0.7580877	-0.2854812	-1.1838387	0.3852804	0.1031763	-1.1640338	0.2689572	0.0985923	-1.2307103	0.2823199	0.1073460	-1.1953838	0.4268323	-0.2374171	-1.2551723	0.3253018	-0.2256861	-1.3027698	0.3837631	-0.2161573	-1.2180972	0.8943146	0.0800404	-1.2289529	0.8937706	-0.1583461	-1.2443423	1.1648416	0.2603895	-1.2580930	1.1532350	0.1715584	-1.1108071	0.9415902	0.2146739	-1.1682433	0.9086375	0.2318221	-1.2553189	1.2093444	-0.3253164	-1.2809411	1.1946822	-0.2496895	-1.1563568	0.9615452	-0.2877839	-1.2241283	0.9453134	-0.3175442
164	2.7166667	-1.1976500	1.4891274	-0.0179500	-1.1687500	1.4704074	0.1604400	-1.2102300	1.1948374	0.2263100	-1.1270700	0.9484274	0.2308600	-1.1939300	1.5053474	-0.1989200	-1.2325000	1.2478174	-0.2736400	-1.1877700	0.9866274	-0.3028000	-1.1636000	0.9249574	-0.0428800	-1.1513700	0.9177374	0.0844100	-1.1660200	0.4983274	0.0464800	-1.1997100	0.1253074	0.0107300	-1.1596700	0.9338774	-0.1710900	-1.0821200	0.5537474	-0.1845300	-1.3583900	0.2489174	-0.1086100	-1.2781200	0.1179174	-0.1307900	-1.2830100	0.1264074	-0.1323400	-1.3899600	0.2454074	-0.0961800	-1.0497100	0.0708174	0.0100800	-1.0610800	0.0718274	0.0114000	-1.2171700	0.0973974	0.0054500	-1.0753287	0.9950645	0.1507021	-1.0904713	0.9967953	-0.2461609	-1.3201456	1.0421041	0.0398096	-1.3252167	1.0426761	-0.1164394	-1.1628173	0.5009806	0.1200176	-1.1621435	0.5120285	-0.0199073	-1.2080795	0.1226418	0.0619126	-1.1860709	0.1333043	-0.0270135	-1.0597865	0.0899008	0.0068416	-1.1090435	0.0763486	0.0671280	-1.2762911	0.1040693	0.0114200	-1.0928324	0.5370035	-0.2670017	-1.0549905	0.5394353	-0.1324158	-1.3497920	0.2496909	-0.1611002	-1.3058821	0.2455483	-0.0788455	-1.2832703	0.1324666	-0.1262608	-1.3956517	0.2821173	-0.0966126	-1.3280843	0.1553017	-0.1725921	-1.1630599	1.5257522	0.1666470	-1.1922791	1.5634236	-0.1939201	-1.2827528	1.5594444	-0.0054327	-1.0826842	0.7583003	0.1609318	-1.1176027	0.6550084	0.1712641	-1.2155899	0.7526755	0.1957658	-1.0957438	0.8044622	-0.2885947	-1.1039352	0.6987941	-0.3048224	-1.2216163	0.7647453	-0.2885578	-1.1812220	0.3894275	0.1043230	-1.1615103	0.2730421	0.0995896	-1.2283957	0.2862810	0.1079905	-1.1661843	0.4357055	-0.2378554	-1.2226330	0.3323824	-0.2270794	-1.2724452	0.3887342	-0.2179612	-1.2038983	0.8984960	0.0793152	-1.2131546	0.8996184	-0.1605103	-1.2282694	1.1698301	0.2605513	-1.2422730	1.1583592	0.1720532	-1.0934761	0.9477258	0.2138718	-1.1503459	0.9143369	0.2312922	-1.2420842	1.2151961	-0.3251328	-1.2669271	1.2003180	-0.2492273	-1.1417260	0.9673817	-0.2889437	-1.2097522	0.9511520	-0.3182620
165	2.7333333	-1.1863700	1.4907674	-0.0178500	-1.1583100	1.4723674	0.1606600	-1.1967900	1.1965674	0.2258600	-1.1115100	0.9508874	0.2299300	-1.1818000	1.5066174	-0.1988900	-1.2185800	1.2488274	-0.2735300	-1.1776600	0.9874274	-0.3023600	-1.1486400	0.9308874	-0.0434500	-1.1353500	0.9227774	0.0832100	-1.1592300	0.4981874	0.0460600	-1.1990500	0.1259274	0.0108500	-1.1459200	0.9405974	-0.1710800	-1.0565400	0.5604074	-0.1830900	-1.3245000	0.2441974	-0.1108500	-1.2315800	0.1168674	-0.1300400	-1.2363400	0.1255674	-0.1320500	-1.3606500	0.2380474	-0.0996700	-1.0513700	0.0699774	0.0089600	-1.0624300	0.0709074	0.0107000	-1.2169200	0.0990374	0.0064800	-1.0609327	1.0001622	0.1522804	-1.0736766	1.0042043	-0.2459464	-1.3069306	1.0470500	0.0375470	-1.3110102	1.0484732	-0.1193040	-1.1594106	0.5051824	0.1213514	-1.1578148	0.5161918	-0.0197349	-1.2061031	0.1263337	0.0618856	-1.1834220	0.1368757	-0.0269742	-1.0601822	0.0912897	0.0069043	-1.1091563	0.0782728	0.0667276	-1.2734709	0.1090611	0.0111935	-1.0684609	0.5469463	-0.2658636	-1.0323385	0.5500165	-0.1292000	-1.3165364	0.2493476	-0.1634289	-1.2734711	0.2461295	-0.0803453	-1.2405027	0.1351950	-0.1268173	-1.3666066	0.2791406	-0.0999386	-1.2870945	0.1560009	-0.1745095	-1.1498757	1.5325765	0.1672061	-1.1797209	1.5691185	-0.1938517	-1.2704153	1.5656191	-0.0062566	-1.0720834	0.7608340	0.1619816	-1.1100678	0.6582315	0.1726705	-1.2062454	0.7579333	0.1963769	-1.0758886	0.8139208	-0.2890598	-1.0820501	0.7083106	-0.3050685	-1.2019745	0.7713940	-0.2910935	-1.1786904	0.3939368	0.1051117	-1.1593760	0.2771698	0.1002279	-1.2265182	0.2905991	0.1082932	-1.1385792	0.4431626	-0.2371540	-1.1913156	0.3376841	-0.2273379	-1.2437290	0.3916104	-0.2189827	-1.1899882	0.9036075	0.0784027	-1.1978198	0.9060525	-0.1622680	-1.2131815	1.1752617	0.2604245	-1.2272728	1.1638909	0.1723252	-1.0772472	0.9542043	0.2130213	-1.1335657	0.9204189	0.2307193	-1.2295026	1.2212120	-0.3246090	-1.2535731	1.2062785	-0.2485719	-1.1285762	0.9731952	-0.2898757	-1.1967439	0.9571566	-0.3186595
166	2.7500000	-1.1741500	1.4920674	-0.0178500	-1.1465200	1.4741574	0.1607100	-1.1819900	1.1988874	0.2254000	-1.0957600	0.9529674	0.2288300	-1.1691700	1.5074374	-0.1989200	-1.2048100	1.2499574	-0.2732100	-1.1670800	0.9878474	-0.3016300	-1.1344200	0.9353574	-0.0438500	-1.1208000	0.9262374	0.0822200	-1.1535500	0.4983574	0.0455500	-1.1989000	0.1270174	0.0106700	-1.1322000	0.9460874	-0.1709100	-1.0305000	0.5672374	-0.1816400	-1.2869000	0.2385774	-0.1119200	-1.1822300	0.1144774	-0.1291000	-1.1869700	0.1227874	-0.1315800	-1.3262000	0.2293174	-0.1017900	-1.0514100	0.0698574	0.0070900	-1.0619300	0.0708574	0.0093500	-1.2181700	0.1011974	0.0066000	-1.0474407	1.0039618	0.1536136	-1.0580484	1.0100217	-0.2452385	-1.2941970	1.0502819	0.0355291	-1.2973999	1.0524437	-0.1216192	-1.1559506	0.5079471	0.1223364	-1.1536160	0.5191229	-0.0197270	-1.2048342	0.1282584	0.0615875	-1.1816272	0.1387990	-0.0272222	-1.0611580	0.0911023	0.0065129	-1.1097716	0.0786023	0.0659865	-1.2716027	0.1123054	0.0107397	-1.0450351	0.5541595	-0.2639987	-1.0109187	0.5580391	-0.1252677	-1.2827121	0.2451234	-0.1649619	-1.2406484	0.2430599	-0.0809049	-1.1967354	0.1348570	-0.1261223	-1.3371141	0.2719698	-0.1025774	-1.2449545	0.1532633	-0.1753575	-1.1377740	1.5370672	0.1672848	-1.1677211	1.5723159	-0.1938464	-1.2586605	1.5695895	-0.0072812	-1.0619210	0.7617674	0.1628408	-1.1027171	0.6598894	0.1737795	-1.1970392	0.7616453	0.1966925	-1.0563515	0.8212209	-0.2888572	-1.0606818	0.7154078	-0.3046220	-1.1829702	0.7759779	-0.2931306	-1.1761692	0.3968286	0.1055866	-1.1574534	0.2794782	0.1005615	-1.2249325	0.2933187	0.1083343	-1.1114535	0.4476475	-0.2357150	-1.1598539	0.3398227	-0.2267404	-1.2151869	0.3909250	-0.2193736	-1.1765981	0.9073206	0.0774644	-1.1831602	0.9109157	-0.1635956	-1.1987875	1.1790463	0.2601976	-1.2129412	1.1677346	0.1724669	-1.0619055	0.9588620	0.2121463	-1.1177788	0.9247686	0.2301103	-1.2173947	1.2252723	-0.3237970	-1.2407357	1.2104544	-0.2477453	-1.1166750	0.9769015	-0.2905254	-1.1848791	0.9612213	-0.3186981
167	2.7666667	-1.1608600	1.4929374	-0.0179200	-1.1334100	1.4754474	0.1606700	-1.1672600	1.2007474	0.2249400	-1.0805800	0.9545074	0.2277100	-1.1557200	1.5078474	-0.1990400	-1.1919900	1.2509574	-0.2727300	-1.1553600	0.9882874	-0.3009100	-1.1204400	0.9377274	-0.0441300	-1.1066200	0.9277874	0.0815300	-1.1491000	0.4991474	0.0451400	-1.1996900	0.1280074	0.0101100	-1.1185300	0.9491674	-0.1707700	-1.0069000	0.5728974	-0.1796400	-1.2466800	0.2297074	-0.1121500	-1.1326100	0.1096774	-0.1281300	-1.1375900	0.1171174	-0.1310500	-1.2886500	0.2160474	-0.1023400	-1.0512700	0.0696674	0.0048100	-1.0610300	0.0709174	0.0076600	-1.2211600	0.1030274	0.0056000	-1.0342170	1.0057347	0.1546423	-1.0430036	1.0135543	-0.2443176	-1.2813998	1.0513365	0.0338711	-1.2838619	1.0541407	-0.1233654	-1.1521103	0.5088480	0.1230559	-1.1492196	0.5203985	-0.0198067	-1.2039163	0.1283559	0.0609554	-1.1803265	0.1390111	-0.0278210	-1.0622302	0.0893764	0.0056726	-1.1104599	0.0772086	0.0648876	-1.2703457	0.1137252	0.0099999	-1.0223645	0.5584653	-0.2617073	-0.9902358	0.5633117	-0.1210381	-1.2470339	0.2369205	-0.1657534	-1.2058894	0.2362345	-0.0807042	-1.1509413	0.1314935	-0.1246733	-1.3054389	0.2603762	-0.1043908	-1.2006359	0.1471677	-0.1754185	-1.1258712	1.5387494	0.1668475	-1.1557268	1.5726920	-0.1941070	-1.2468568	1.5709548	-0.0084504	-1.0517560	0.7605368	0.1635294	-1.0951615	0.6594667	0.1746412	-1.1875537	0.7632787	0.1968096	-1.0370134	0.8259346	-0.2883328	-1.0397354	0.7197619	-0.3037822	-1.1644569	0.7780627	-0.2946728	-1.1733382	0.3977995	0.1057829	-1.1554075	0.2797615	0.1005519	-1.2232987	0.2942238	0.1081375	-1.0843415	0.4490403	-0.2338121	-1.1275008	0.3387338	-0.2255723	-1.1860444	0.3865209	-0.2191836	-1.1632597	0.9090259	0.0765796	-1.1687389	0.9136214	-0.1645510	-1.1845486	1.1807315	0.2599370	-1.1987650	1.1694534	0.1724730	-1.0468921	0.9612414	0.2112415	-1.1024536	0.9269334	0.2294064	-1.2051745	1.2269909	-0.3228333	-1.2278525	1.2123929	-0.2468423	-1.1051625	0.9781660	-0.2909366	-1.1733155	0.9629410	-0.3184526
168	2.7833333	-1.1467500	1.4932274	-0.0181900	-1.1198400	1.4761374	0.1605400	-1.1540800	1.2015574	0.2245300	-1.0662800	0.9557974	0.2266200	-1.1410500	1.5077274	-0.1994100	-1.1790100	1.2512974	-0.2724600	-1.1424100	0.9887474	-0.3001500	-1.1065500	0.9383574	-0.0442400	-1.0917900	0.9282074	0.0811600	-1.1446200	0.4999074	0.0447200	-1.2010200	0.1278474	0.0095300	-1.1056700	0.9500474	-0.1706800	-0.9865000	0.5764774	-0.1765200	-1.2058200	0.2150474	-0.1124700	-1.0854600	0.1027474	-0.1276800	-1.0908500	0.1091574	-0.1309300	-1.2504200	0.1946574	-0.1020400	-1.0512800	0.0684674	0.0033700	-1.0603400	0.0702174	0.0068000	-1.2236000	0.1032874	0.0039400	-1.0209762	1.0058981	0.1553898	-1.0283686	1.0149567	-0.2433023	-1.2682840	1.0507352	0.0326629	-1.2701893	1.0539832	-0.1245091	-1.1477912	0.5083378	0.1237061	-1.1445736	0.5203885	-0.0197787	-1.2031934	0.1271719	0.0600537	-1.1793858	0.1379950	-0.0287012	-1.0633157	0.0867140	0.0046147	-1.1111602	0.0746246	0.0635975	-1.2695496	0.1137906	0.0089924	-1.0012288	0.5602008	-0.2588877	-0.9708544	0.5661292	-0.1164508	-1.2097042	0.2249312	-0.1659313	-1.1692763	0.2257920	-0.0799263	-1.1037181	0.1256870	-0.1229533	-1.2714643	0.2442374	-0.1053704	-1.1546821	0.1383169	-0.1750225	-1.1136501	1.5383080	0.1660243	-1.1434493	1.5709387	-0.1946841	-1.2346459	1.5704247	-0.0096253	-1.0414799	0.7576579	0.1641058	-1.0872895	0.6574670	0.1753733	-1.1776111	0.7633688	0.1969093	-1.0182066	0.8281683	-0.2875571	-1.0197614	0.7215863	-0.3025410	-1.1468004	0.7780586	-0.2955915	-1.1701033	0.3973239	0.1058723	-1.1531480	0.2785089	0.1003002	-1.2214902	0.2938387	0.1078405	-1.0578931	0.4476832	-0.2314324	-1.0947760	0.3347334	-0.2239567	-1.1567733	0.3786661	-0.2183591	-1.1498193	0.9092048	0.0758871	-1.1544710	0.9144899	-0.1650821	-1.1705572	1.1808157	0.2597675	-1.1847931	1.1695578	0.1724137	-1.0321578	0.9619278	0.2104415	-1.0875202	0.9274458	0.2286902	-1.1925773	1.2269241	-0.3217799	-1.2147110	1.2125830	-0.2459155	-1.0935342	0.9776273	-0.2910512	-1.1615493	0.9628815	-0.3179335
169	2.8000000	-1.1326900	1.4930674	-0.0186400	-1.1064100	1.4761974	0.1602900	-1.1420100	1.2019974	0.2241600	-1.0526400	0.9569074	0.2254900	-1.1263200	1.5072674	-0.2000100	-1.1650700	1.2507974	-0.2725300	-1.1287800	0.9889274	-0.2993200	-1.0927200	0.9385974	-0.0442500	-1.0767600	0.9288674	0.0809600	-1.1390100	0.5003474	0.0440200	-1.2005100	0.1264474	0.0095400	-1.0931100	0.9500074	-0.1705800	-0.9688500	0.5775774	-0.1720800	-1.1639900	0.1963674	-0.1135700	-1.0381600	0.0960774	-0.1288500	-1.0440700	0.1014374	-0.1321700	-1.2107900	0.1696174	-0.1021300	-1.0496000	0.0664974	0.0036300	-1.0583200	0.0688374	0.0075100	-1.2218600	0.1016174	0.0026700	-1.0076539	1.0059147	0.1557896	-1.0140974	1.0154666	-0.2423160	-1.2548280	1.0498198	0.0317586	-1.2563645	1.0532214	-0.1252157	-1.1428239	0.5076538	0.1242397	-1.1395482	0.5202066	-0.0197124	-1.2019711	0.1259174	0.0590149	-1.1781375	0.1368998	-0.0297373	-1.0638108	0.0844767	0.0036483	-1.1112350	0.0722404	0.0623742	-1.2684449	0.1135437	0.0077507	-0.9820584	0.5604459	-0.2554408	-0.9532391	0.5675565	-0.1113741	-1.1708517	0.2105088	-0.1659067	-1.1310137	0.2130531	-0.0789578	-1.0555698	0.1191195	-0.1215719	-1.2351713	0.2247264	-0.1059064	-1.1075122	0.1284254	-0.1747628	-1.1010012	1.5373452	0.1649019	-1.1306648	1.5686397	-0.1955355	-1.2218748	1.5695166	-0.0107952	-1.0310029	0.7546075	0.1644848	-1.0789753	0.6552940	0.1759167	-1.1671098	0.7633468	0.1969818	-1.0000210	0.8289725	-0.2864627	-1.0009769	0.7219506	-0.3008287	-1.1301149	0.7772210	-0.2959445	-1.1661854	0.3966611	0.1058950	-1.1502554	0.2770384	0.0999235	-1.2190349	0.2933578	0.1074893	-1.0325174	0.4447538	-0.2286217	-1.0620523	0.3290825	-0.2220923	-1.1275937	0.3686126	-0.2170985	-1.1362528	0.9092741	0.0753434	-1.1403426	0.9148002	-0.1652685	-1.1569436	1.1806502	0.2596277	-1.1711297	1.1694079	0.1722418	-1.0177522	0.9623480	0.2097155	-1.0729893	0.9276872	0.2279250	-1.1794766	1.2264549	-0.3207702	-1.2012336	1.2123751	-0.2450941	-1.0815701	0.9767182	-0.2909108	-1.1493719	0.9624313	-0.3172437
170	2.8166667	-1.1197500	1.4927774	-0.0192200	-1.0935000	1.4760674	0.1598400	-1.1294500	1.2028074	0.2235100	-1.0391900	0.9576674	0.2242100	-1.1133400	1.5067974	-0.2007200	-1.1505700	1.2499974	-0.2729100	-1.1157800	0.9887374	-0.2985500	-1.0789800	0.9400174	-0.0444000	-1.0630200	0.9304574	0.0806400	-1.1319600	0.5004074	0.0429500	-1.1956400	0.1250574	0.0102600	-1.0794300	0.9511974	-0.1705800	-0.9537600	0.5762974	-0.1668500	-1.1187100	0.1794974	-0.1157200	-0.9848700	0.0930174	-0.1324300	-0.9916800	0.0972674	-0.1355100	-1.1660200	0.1478574	-0.1035700	-1.0448300	0.0650574	0.0050100	-1.0535700	0.0679674	0.0091600	-1.2149700	0.0993674	0.0024500	-0.9944281	1.0073580	0.1557112	-1.0000624	1.0167739	-0.2415733	-1.2412911	1.0500256	0.0307688	-1.2425198	1.0533309	-0.1259042	-1.1370581	0.5082113	0.1243330	-1.1339153	0.5212015	-0.0199769	-1.1992537	0.1259699	0.0578837	-1.1755400	0.1370971	-0.0308894	-1.0628104	0.0841789	0.0029228	-1.1097013	0.0716630	0.0613370	-1.2658360	0.1142314	0.0062258	-0.9646554	0.5606185	-0.2515510	-0.9374103	0.5690243	-0.1059392	-1.1295182	0.1959254	-0.1662548	-1.0903017	0.2003098	-0.0783372	-1.0055776	0.1142822	-0.1211340	-1.1955722	0.2041049	-0.1066396	-1.0581399	0.1199922	-0.1753323	-1.0882465	1.5374704	0.1634754	-1.1173718	1.5674318	-0.1966802	-1.2087182	1.5697289	-0.0121226	-1.0203274	0.7530312	0.1644650	-1.0701771	0.6545089	0.1760316	-1.1561539	0.7646960	0.1967707	-0.9822391	0.8298530	-0.2850563	-0.9831186	0.7223209	-0.2987401	-1.1141344	0.7770601	-0.2960836	-1.1612310	0.3972590	0.1056577	-1.1461223	0.2768981	0.0994209	-1.2153023	0.2941044	0.1069018	-1.0078864	0.4419433	-0.2256819	-1.0288092	0.3237505	-0.2203542	-1.0978261	0.3582374	-0.2158768	-1.1226951	0.9107317	0.0746970	-1.1263024	0.9161246	-0.1654142	-1.1435991	1.1816781	0.2592398	-1.1577030	1.1704543	0.1717658	-1.0036634	0.9639113	0.2087891	-1.0588256	0.9290739	0.2268950	-1.1659774	1.2270367	-0.3200202	-1.1875226	1.2132311	-0.2445678	-1.0694212	0.9768812	-0.2907288	-1.1369674	0.9630320	-0.3166020
171	2.8333333	-1.1080500	1.4926274	-0.0199800	-1.0812600	1.4761374	0.1589900	-1.1156800	1.2036674	0.2223500	-1.0256200	0.9579074	0.2227500	-1.1022100	1.5064074	-0.2014700	-1.1363700	1.2493074	-0.2734300	-1.1037600	0.9881974	-0.2979400	-1.0657200	0.9430274	-0.0448200	-1.0515200	0.9333574	0.0801400	-1.1246300	0.5002274	0.0417800	-1.1876600	0.1246874	0.0110400	-1.0644500	0.9542674	-0.1708000	-0.9406900	0.5737574	-0.1619000	-1.0703300	0.1680874	-0.1187800	-0.9266800	0.0926774	-0.1375900	-0.9348700	0.0957874	-0.1402200	-1.1171600	0.1340474	-0.1065500	-1.0381700	0.0646874	0.0068000	-1.0469400	0.0681374	0.0110100	-1.2060400	0.0977774	0.0028300	-0.9818529	1.0105436	0.1551745	-0.9864424	1.0194985	-0.2411823	-1.2283296	1.0516866	0.0295337	-1.2291669	1.0547670	-0.1267757	-1.1308733	0.5103041	0.1237529	-1.1278137	0.5236808	-0.0207913	-1.1950366	0.1276530	0.0566836	-1.1714190	0.1389462	-0.0321186	-1.0602523	0.0859495	0.0024833	-1.1065578	0.0731873	0.0605080	-1.2615260	0.1162624	0.0044432	-0.9489823	0.5612292	-0.2474999	-0.9234447	0.5709763	-0.1004471	-1.0854851	0.1831123	-0.1673396	-1.0469755	0.1894565	-0.0784574	-0.9535039	0.1124172	-0.1217852	-1.1524168	0.1848143	-0.1080796	-1.0063105	0.1144218	-0.1769823	-1.0761108	1.5389119	0.1618809	-1.1041636	1.5676415	-0.1980467	-1.1958523	1.5712258	-0.0136075	-1.0099362	0.7533860	0.1639619	-1.0613829	0.6554951	0.1755715	-1.1454025	0.7676541	0.1960717	-0.9650503	0.8313424	-0.2834167	-0.9662488	0.7232288	-0.2964388	-1.0989446	0.7781137	-0.2962526	-1.1555456	0.3994444	0.1049941	-1.1409464	0.2785139	0.0987697	-1.2104725	0.2963176	0.1059008	-0.9840090	0.4401846	-0.2229388	-0.9950606	0.3200847	-0.2190634	-1.0672784	0.3488840	-0.2150619	-1.1096730	0.9138608	0.0738151	-1.1126493	0.9189399	-0.1657286	-1.1305700	1.1841466	0.2584361	-1.1446258	1.1729473	0.1708993	-0.9901167	0.9667581	0.2074776	-1.0452614	0.9318027	0.2254911	-1.1525609	1.2289188	-0.3196048	-1.1740095	1.2154261	-0.2443751	-1.0576161	0.9783466	-0.2906301	-1.1248827	0.9649311	-0.3161031
172	2.8500000	-1.0965900	1.4923974	-0.0208600	-1.0693800	1.4761774	0.1577500	-1.1016900	1.2033774	0.2209100	-1.0124900	0.9576374	0.2211900	-1.0913200	1.5059274	-0.2020300	-1.1232600	1.2488774	-0.2738100	-1.0913200	0.9872974	-0.2975400	-1.0527700	0.9456374	-0.0453200	-1.0414600	0.9355874	0.0797800	-1.1184000	0.4992374	0.0408700	-1.1801600	0.1247174	0.0112100	-1.0486300	0.9572774	-0.1712500	-0.9281800	0.5705474	-0.1578200	-1.0224500	0.1602074	-0.1220800	-0.8719200	0.0922174	-0.1424800	-0.8813400	0.0941674	-0.1445900	-1.0689400	0.1251174	-0.1101900	-1.0315300	0.0655974	0.0090100	-1.0402500	0.0695574	0.0130700	-1.1995300	0.0966074	0.0030000	-0.9699494	1.0133965	0.1544887	-0.9729354	1.0217792	-0.2408920	-1.2158224	1.0528638	0.0282937	-1.2160709	1.0556847	-0.1276030	-1.1244578	0.5119281	0.1227235	-1.1211248	0.5257271	-0.0218625	-1.1899914	0.1290566	0.0555654	-1.1662151	0.1405894	-0.0332197	-1.0565661	0.0876140	0.0025278	-1.1024888	0.0746770	0.0600342	-1.2561519	0.1179020	0.0025943	-0.9346291	0.5605626	-0.2433770	-0.9108435	0.5715284	-0.0950370	-1.0397240	0.1717307	-0.1690537	-1.0019348	0.1800133	-0.0792510	-0.9005563	0.1119887	-0.1231135	-1.1066702	0.1672462	-0.1102437	-0.9532375	0.1104374	-0.1793372	-1.0645633	1.5395230	0.1604380	-1.0911436	1.5673328	-0.1992537	-1.1832451	1.5718878	-0.0148837	-0.9999150	0.7536433	0.1632294	-1.0527772	0.6562180	0.1747615	-1.1350979	0.7701098	0.1949950	-0.9483172	0.8316388	-0.2814809	-0.9501343	0.7229357	-0.2939158	-1.0842650	0.7786618	-0.2963538	-1.1494772	0.4012104	0.1040791	-1.1352443	0.2798887	0.0981353	-1.2050533	0.2980367	0.1045911	-0.9609050	0.4381045	-0.2204452	-0.9613201	0.3170390	-0.2182057	-1.0362708	0.3397359	-0.2146345	-1.0971016	0.9165965	0.0728638	-1.0991041	0.9213167	-0.1660776	-1.1176179	1.1860443	0.2574141	-1.1316776	1.1748765	0.1698574	-0.9769673	0.9688154	0.2059699	-1.0321673	0.9338444	0.2239173	-1.1391790	1.2301252	-0.3193234	-1.1605947	1.2169726	-0.2442961	-1.0459414	0.9791706	-0.2904572	-1.1128932	0.9661717	-0.3155699
173	2.8666667	-1.0842300	1.4919374	-0.0217500	-1.0571400	1.4759774	0.1563800	-1.0884400	1.2017874	0.2196900	-1.0003700	0.9571374	0.2196600	-1.0790300	1.5052274	-0.2024300	-1.1111500	1.2480374	-0.2741400	-1.0776600	0.9859174	-0.2973900	-1.0392900	0.9460474	-0.0456300	-1.0312900	0.9357474	0.0797500	-1.1126600	0.4979474	0.0403700	-1.1740300	0.1249874	0.0109500	-1.0318200	0.9580074	-0.1716100	-0.9148600	0.5673574	-0.1547000	-0.9768200	0.1529674	-0.1249000	-0.8233200	0.0915474	-0.1457200	-0.8336300	0.0925574	-0.1473400	-1.0234700	0.1169574	-0.1134100	-1.0251800	0.0674874	0.0117100	-1.0339100	0.0718974	0.0154300	-1.1960800	0.0958674	0.0030600	-0.9578234	1.0140806	0.1538670	-0.9588175	1.0217679	-0.2403948	-1.2027700	1.0518836	0.0273976	-1.2023063	1.0544127	-0.1280031	-1.1171394	0.5114110	0.1216404	-1.1132203	0.5256467	-0.0227401	-1.1838203	0.1286805	0.0548584	-1.1596601	0.1404830	-0.0338453	-1.0511637	0.0876865	0.0032049	-1.0970630	0.0745032	0.0601215	-1.2495996	0.1176360	0.0011700	-0.9209248	0.5572531	-0.2391982	-0.8987887	0.5691704	-0.0898249	-0.9939705	0.1608928	-0.1709568	-0.9568491	0.1709445	-0.0803440	-0.8488770	0.1112556	-0.1246312	-1.0601422	0.1509830	-0.1126888	-0.9010519	0.1065379	-0.1818237	-1.0526553	1.5377805	0.1591963	-1.0779505	1.5649042	-0.2001363	-1.1702006	1.5701265	-0.0156978	-0.9894699	0.7520534	0.1624608	-1.0436111	0.6549678	0.1738638	-1.1243776	0.7703622	0.1938229	-0.9315336	0.8291363	-0.2791556	-0.9342362	0.7199604	-0.2910942	-1.0694101	0.7771784	-0.2960825	-1.1424491	0.4009041	0.1032548	-1.1285506	0.2793618	0.0977555	-1.1985907	0.2977339	0.1033746	-0.9385292	0.4343742	-0.2180755	-0.9283283	0.3133025	-0.2175274	-1.0054180	0.3298531	-0.2143257	-1.0840682	0.9171671	0.0720909	-1.0848578	0.9214755	-0.1661562	-1.1042513	1.1856908	0.2564905	-1.1183099	1.1745679	0.1689218	-0.9636705	0.9684454	0.2045851	-1.0189831	0.9335405	0.2224572	-1.1252262	1.2290376	-0.3189259	-1.1466391	1.2161948	-0.2440922	-1.0335303	0.9777714	-0.2900075	-1.1001260	0.9651305	-0.3147907
174	2.8833333	-1.0709900	1.4909974	-0.0228000	-1.0442900	1.4752474	0.1550200	-1.0756000	1.2001574	0.2187700	-0.9885500	0.9565674	0.2182400	-1.0655600	1.5040874	-0.2031400	-1.0991700	1.2462874	-0.2749000	-1.0637400	0.9842274	-0.2975900	-1.0250000	0.9451474	-0.0456800	-1.0205000	0.9349574	0.0799000	-1.1058900	0.4968874	0.0404100	-1.1680100	0.1260974	0.0109400	-1.0140700	0.9567274	-0.1716300	-0.9009100	0.5642374	-0.1523800	-0.9329800	0.1475074	-0.1272700	-0.7754400	0.0935774	-0.1468000	-0.7869400	0.0939474	-0.1480400	-0.9793700	0.1099074	-0.1159700	-1.0189800	0.0705374	0.0144000	-1.0279100	0.0752174	0.0176700	-1.1929300	0.0959574	0.0039600	-0.9452486	1.0135591	0.1533843	-0.9437689	1.0204051	-0.2395876	-1.1887699	1.0496433	0.0267639	-1.1874232	1.0518401	-0.1280480	-1.1089064	0.5098353	0.1207227	-1.1041554	0.5244775	-0.0232181	-1.1769383	0.1277114	0.0547700	-1.1522323	0.1397765	-0.0337631	-1.0443349	0.0874554	0.0046146	-1.0905724	0.0738962	0.0608859	-1.2424187	0.1165663	0.0004373	-0.9070322	0.5526435	-0.2350768	-0.8865716	0.5653021	-0.0848021	-0.9489663	0.1518058	-0.1726343	-0.9125896	0.1634568	-0.0812252	-0.7991532	0.1114136	-0.1256621	-1.0139160	0.1372263	-0.1150405	-0.8504629	0.1038424	-0.1838431	-1.0402137	1.5349333	0.1580914	-1.0642206	1.5615502	-0.2006686	-1.1564989	1.5671203	-0.0161305	-0.9783747	0.7495060	0.1618086	-1.0337394	0.6527245	0.1730622	-1.1130306	0.7693990	0.1926908	-0.9142112	0.8251610	-0.2764083	-0.9179295	0.7156154	-0.2880244	-1.0537713	0.7745665	-0.2955389	-1.1345747	0.3996204	0.1027195	-1.1211144	0.2780446	0.0977767	-1.1913001	0.2965922	0.1025062	-0.9164072	0.4301727	-0.2157917	-0.8960744	0.3099102	-0.2168014	-0.9747270	0.3205323	-0.2139853	-1.0703086	0.9164490	0.0715432	-1.0695904	0.9202710	-0.1659042	-1.0904735	1.1840779	0.2557569	-1.1044753	1.1730157	0.1681529	-0.9501030	0.9667238	0.2034166	-1.0055452	0.9319053	0.2211913	-1.1106582	1.2266763	-0.3183919	-1.1320757	1.2140699	-0.2437519	-1.0202355	0.9751691	-0.2893232	-1.0864645	0.9628038	-0.3138028
175	2.9000000	-1.0577600	1.4898974	-0.0241500	-1.0314800	1.4743974	0.1535900	-1.0625000	1.1994674	0.2177500	-0.9761000	0.9563074	0.2169300	-1.0519700	1.5027474	-0.2043700	-1.0863900	1.2439174	-0.2761900	-1.0498800	0.9825574	-0.2980500	-1.0108000	0.9431674	-0.0456100	-1.0092600	0.9334074	0.0800800	-1.0986700	0.4960474	0.0410300	-1.1630800	0.1286774	0.0112300	-0.9969500	0.9540174	-0.1715000	-0.8875600	0.5609274	-0.1503800	-0.8894600	0.1445874	-0.1294800	-0.7261000	0.1025374	-0.1462000	-0.7390300	0.1020074	-0.1472200	-0.9344700	0.1053674	-0.1181300	-1.0129000	0.0742574	0.0165200	-1.0224900	0.0792174	0.0193200	-1.1904300	0.0975574	0.0056600	-0.9332180	1.0120607	0.1529892	-0.9285700	1.0179636	-0.2385918	-1.1747436	1.0464977	0.0260913	-1.1722543	1.0483394	-0.1280713	-1.1007703	0.5076588	0.1200591	-1.0950036	0.5227038	-0.0233376	-1.1707167	0.1267845	0.0550945	-1.1453408	0.1391154	-0.0332403	-1.0374250	0.0876484	0.0064281	-1.0843109	0.0735854	0.0620807	-1.2360705	0.1153310	0.0001763	-0.8931989	0.5474677	-0.2312614	-0.8745849	0.5606777	-0.0801868	-0.9050735	0.1449994	-0.1738424	-0.8696450	0.1581043	-0.0816260	-0.7514923	0.1139551	-0.1259093	-0.9686120	0.1259979	-0.1170277	-0.8015848	0.1035411	-0.1850818	-1.0281009	1.5313477	0.1568771	-1.0506091	1.5576371	-0.2010933	-1.1429070	1.5633534	-0.0165314	-0.9675690	0.7462625	0.1613511	-1.0241221	0.6498258	0.1724570	-1.1020025	0.7675030	0.1916033	-0.8969703	0.8204416	-0.2733236	-0.9016637	0.7106169	-0.2848626	-1.0378651	0.7711451	-0.2949835	-1.1269520	0.3978241	0.1024537	-1.1141126	0.2764039	0.0980801	-1.1843911	0.2952141	0.1019460	-0.8947282	0.4261424	-0.2136874	-0.8647360	0.3074467	-0.2159270	-0.9444813	0.3123579	-0.2136235	-1.0567921	0.9146575	0.0710681	-1.0541415	0.9179431	-0.1655180	-1.0770545	1.1815961	0.2551223	-1.0909798	1.1705799	0.1674284	-0.9369170	0.9641276	0.2023479	-0.9924944	0.9293632	0.2200239	-1.0963059	1.2233478	-0.3179506	-1.1177324	1.2109170	-0.2434974	-1.0068535	0.9717106	-0.2886328	-1.0727340	0.9595271	-0.3128375
176	2.9166667	-1.0449500	1.4886374	-0.0257200	-1.0192300	1.4733674	0.1520300	-1.0493500	1.1992774	0.2163200	-0.9627100	0.9559874	0.2155900	-1.0386500	1.5011974	-0.2059000	-1.0724100	1.2413574	-0.2777500	-1.0350100	0.9805174	-0.2985200	-0.9981900	0.9413074	-0.0455700	-0.9981400	0.9330274	0.0802800	-1.0919600	0.4955674	0.0419100	-1.1605700	0.1309274	0.0113900	-0.9828700	0.9510874	-0.1715400	-0.8751700	0.5584074	-0.1482600	-0.8463700	0.1456574	-0.1315300	-0.6776900	0.1169874	-0.1456200	-0.6919000	0.1156274	-0.1465100	-0.8883000	0.1044974	-0.1201700	-1.0081200	0.0788974	0.0180000	-1.0183000	0.0836774	0.0203600	-1.1903600	0.0988474	0.0074800	-0.9229908	1.0107839	0.1525454	-0.9147954	1.0156279	-0.2376062	-1.1622264	1.0437498	0.0253051	-1.1584443	1.0452036	-0.1281784	-1.0941019	0.5060259	0.1194950	-1.0872854	0.5214809	-0.0234048	-1.1668027	0.1270281	0.0555880	-1.1407379	0.1396345	-0.0326422	-1.0319190	0.0895103	0.0082606	-1.0797437	0.0748110	0.0634347	-1.2323856	0.1150053	0.0001450	-0.8804042	0.5432798	-0.2278765	-0.8638190	0.5568534	-0.0762165	-0.8630776	0.1417863	-0.1745956	-0.8288317	0.1562067	-0.0816746	-0.7065498	0.1205919	-0.1256911	-0.9250602	0.1183521	-0.1186308	-0.7551266	0.1072835	-0.1856933	-1.0173450	1.5282363	0.1554054	-1.0383208	1.5542561	-0.2017388	-1.1306500	1.5601662	-0.0171543	-0.9583283	0.7434439	0.1609831	-1.0160499	0.6473989	0.1719530	-1.0926171	0.7658666	0.1905557	-0.8812966	0.8165673	-0.2700852	-0.8867235	0.7065357	-0.2817466	-1.0230729	0.7681722	-0.2944620	-1.1210331	0.3966934	0.1022731	-1.1090574	0.2756093	0.0984146	-1.1793792	0.2947459	0.1015828	-0.8743630	0.4237527	-0.2118021	-0.8351358	0.3073402	-0.2149190	-0.9155159	0.3067103	-0.2132409	-1.0449645	0.9130092	0.0705472	-1.0401491	0.9156960	-0.1651570	-1.0650225	1.1794402	0.2544181	-1.0789188	1.1684336	0.1665562	-0.9250412	0.9619079	0.2012106	-0.9807638	0.9271760	0.2188040	-1.0830948	1.2201824	-0.3178530	-1.1045879	1.2078972	-0.2435586	-0.9942977	0.9685765	-0.2880950	-1.0598477	0.9564583	-0.3121139
177	2.9333333	-1.0319700	1.4869374	-0.0275100	-1.0068100	1.4719574	0.1502700	-1.0368000	1.1985774	0.2147700	-0.9484600	0.9553174	0.2142300	-1.0251300	1.4992074	-0.2076500	-1.0574200	1.2385274	-0.2795100	-1.0190200	0.9775474	-0.2990200	-0.9874700	0.9387174	-0.0455000	-0.9874200	0.9313674	0.0804300	-1.0851300	0.4943674	0.0424200	-1.1604600	0.1321974	0.0113600	-0.9721200	0.9475774	-0.1715800	-0.8633700	0.5558774	-0.1459700	-0.8051200	0.1496074	-0.1333100	-0.6328400	0.1335774	-0.1469600	-0.6477800	0.1314574	-0.1476600	-0.8432300	0.1067374	-0.1221900	-1.0048300	0.0825574	0.0192300	-1.0153100	0.0871874	0.0211400	-1.1924500	0.1000274	0.0090600	-0.9145786	1.0088381	0.1521092	-0.9029399	1.0125674	-0.2366632	-1.1515366	1.0406458	0.0246503	-1.1464925	1.0416971	-0.1281689	-1.0889251	0.5039284	0.1190760	-1.0811618	0.5198110	-0.0234814	-1.1655714	0.1273402	0.0562156	-1.1388861	0.1402323	-0.0320952	-1.0281801	0.0918049	0.0100151	-1.0772057	0.0764357	0.0649151	-1.2318954	0.1145864	0.0002793	-0.8686928	0.5394126	-0.2249079	-0.8541590	0.5531460	-0.0729808	-0.8232539	0.1411760	-0.1750725	-0.7903459	0.1567420	-0.0816627	-0.6645796	0.1301565	-0.1256381	-0.8835147	0.1133457	-0.1199234	-0.7114666	0.1139987	-0.1861497	-1.0076695	1.5247657	0.1537293	-1.0273072	1.5504754	-0.2026672	-1.1196131	1.5567759	-0.0179688	-0.9506331	0.7400545	0.1607480	-1.0095029	0.6444434	0.1716158	-1.0849247	0.7635883	0.1897487	-0.8676609	0.8128918	-0.2667845	-0.8734452	0.7027209	-0.2787004	-1.0098150	0.7648610	-0.2938137	-1.1169368	0.3952213	0.1022203	-1.1061476	0.2746130	0.0987647	-1.1764956	0.2941470	0.1015036	-0.8553860	0.4222214	-0.2101382	-0.8074541	0.3087064	-0.2138834	-0.8879848	0.3027477	-0.2128443	-1.0350055	0.9106501	0.0700987	-1.0280860	0.9127069	-0.1647578	-1.0542574	1.1767843	0.2537508	-1.0682480	1.1657206	0.1656033	-0.9142330	0.9592979	0.2000583	-0.9701235	0.9245668	0.2176018	-1.0707677	1.2163089	-0.3181801	-1.0924517	1.2041605	-0.2440041	-0.9822505	0.9649448	-0.2876565	-1.0474828	0.9527525	-0.3116650
178	2.9500000	-1.0179000	1.4847974	-0.0295600	-0.9934400	1.4701074	0.1482600	-1.0246400	1.1969974	0.2133600	-0.9340400	0.9538974	0.2130000	-1.0104000	1.4968074	-0.2096700	-1.0418400	1.2353274	-0.2814900	-1.0032400	0.9735074	-0.2997500	-0.9769400	0.9342074	-0.0452800	-0.9767000	0.9278974	0.0805000	-1.0783700	0.4922274	0.0423500	-1.1609200	0.1327574	0.0112900	-0.9618200	0.9421874	-0.1712400	-0.8517400	0.5535774	-0.1436500	-0.7686600	0.1541974	-0.1349000	-0.5922600	0.1484474	-0.1505100	-0.6076600	0.1456674	-0.1509200	-0.8032300	0.1098174	-0.1241200	-1.0028200	0.0841874	0.0204700	-1.0131900	0.0888074	0.0219800	-1.1936400	0.1017274	0.0103000	-0.9060620	1.0048947	0.1518545	-0.8914155	1.0075927	-0.2357342	-1.1410168	1.0360595	0.0243188	-1.1348674	1.0367387	-0.1279190	-1.0834045	0.5001180	0.1189442	-1.0748743	0.5163993	-0.0234113	-1.1653313	0.1264893	0.0569870	-1.1381712	0.1396266	-0.0315756	-1.0248868	0.0928697	0.0117553	-1.0752770	0.0769523	0.0665139	-1.2328809	0.1131031	0.0005748	-0.8566012	0.5347641	-0.2222455	-0.8440239	0.5484295	-0.0704174	-0.7855463	0.1414117	-0.1757026	-0.7540747	0.1578699	-0.0820857	-0.6253620	0.1400831	-0.1264414	-0.8441115	0.1095253	-0.1212913	-0.6705767	0.1213912	-0.1871217	-0.9971890	1.5199523	0.1519602	-1.0157713	1.5451833	-0.2038589	-1.1080163	1.5520521	-0.0189300	-0.9426782	0.7348556	0.1606843	-1.0026574	0.6397258	0.1715268	-1.0770832	0.7594960	0.1893755	-0.8546476	0.8081932	-0.2635200	-0.8604223	0.6980093	-0.2757243	-0.9966213	0.7601440	-0.2928728	-1.1128626	0.3921708	0.1024278	-1.1036473	0.2721647	0.0991936	-1.1739826	0.2922192	0.1018193	-0.8366931	0.4202021	-0.2087039	-0.7810289	0.3099116	-0.2130402	-0.8612027	0.2990968	-0.2125612	-1.0251422	0.9063898	0.0698974	-1.0163825	0.9078620	-0.1642338	-1.0431188	1.1725153	0.2532587	-1.0573072	1.1613214	0.1647350	-0.9028029	0.9552314	0.1990247	-0.9588478	0.9204253	0.2165458	-1.0576608	1.2106616	-0.3188605	-1.0796743	1.1986294	-0.2447723	-0.9690743	0.9596983	-0.2872316	-1.0340272	0.9473111	-0.3114173
179	2.9666667	-1.0025500	1.4824574	-0.0318800	-0.9793200	1.4681474	0.1460100	-1.0119700	1.1947474	0.2119800	-0.9205300	0.9515174	0.2119400	-0.9938700	1.4940574	-0.2119500	-1.0264000	1.2320274	-0.2833500	-0.9881700	0.9691174	-0.3008100	-0.9643800	0.9272674	-0.0450000	-0.9650300	0.9213074	0.0804700	-1.0720200	0.4894574	0.0421800	-1.1595500	0.1340674	0.0112500	-0.9484900	0.9346674	-0.1705900	-0.8379800	0.5515974	-0.1413900	-0.7394700	0.1574774	-0.1361000	-0.5583600	0.1589374	-0.1545600	-0.5741400	0.1556174	-0.1546000	-0.7708100	0.1114974	-0.1254300	-1.0011300	0.0846274	0.0215600	-1.0111300	0.0894474	0.0227200	-1.1918800	0.1046574	0.0109400	-0.8952746	0.9982565	0.1518593	-0.8779609	1.0002641	-0.2349249	-1.1284778	1.0294755	0.0241379	-1.1213427	1.0299069	-0.1276842	-1.0756231	0.4942861	0.1191436	-1.0664063	0.5108758	-0.0230357	-1.1640586	0.1243716	0.0577101	-1.1365486	0.1376449	-0.0311338	-1.0206910	0.0921072	0.0133859	-1.0724634	0.0759122	0.0679876	-1.2330724	0.1108000	0.0008357	-0.8422611	0.5288544	-0.2199717	-0.8316114	0.5422100	-0.0685306	-0.7506400	0.1410372	-0.1767622	-0.7207505	0.1580151	-0.0831748	-0.5895187	0.1478597	-0.1282193	-0.8079639	0.1058525	-0.1230294	-0.6332001	0.1272778	-0.1888388	-0.9841578	1.5136615	0.1500594	-1.0017305	1.5380732	-0.2053969	-1.0939956	1.5455313	-0.0202129	-0.9325969	0.7273474	0.1607261	-0.9936481	0.6328338	0.1716456	-1.0670424	0.7531727	0.1893319	-0.8401336	0.8017914	-0.2605417	-0.8456291	0.6918153	-0.2730116	-0.9813126	0.7536599	-0.2918399	-1.1068619	0.3872749	0.1028860	-1.0996402	0.2680232	0.0996417	-1.1698531	0.2888247	0.1023870	-0.8170637	0.4168367	-0.2076110	-0.7553660	0.3096136	-0.2125747	-0.8347324	0.2949200	-0.2125855	-1.0131788	0.8996732	0.0698680	-1.0027873	0.9007557	-0.1637720	-1.0299567	1.1662550	0.2528201	-1.0443462	1.1548884	0.1639409	-0.8892297	0.9493031	0.1980776	-0.9453544	0.9143230	0.2155718	-1.0422378	1.2029580	-0.3198838	-1.0646695	1.1910007	-0.2458656	-0.9532979	0.9524535	-0.2869428	-1.0180542	0.9398039	-0.3114079
180	2.9833333	-0.9870400	1.4801074	-0.0344600	-0.9654700	1.4663374	0.1435500	-0.9982600	1.1923274	0.2103600	-0.9082100	0.9485774	0.2110000	-0.9767400	1.4911974	-0.2144700	-1.0119000	1.2288974	-0.2850200	-0.9729700	0.9652774	-0.3021400	-0.9495300	0.9188474	-0.0451100	-0.9521600	0.9134274	0.0801900	-1.0649400	0.4868874	0.0423900	-1.1556000	0.1366074	0.0112600	-0.9318000	0.9257174	-0.1704200	-0.8204800	0.5509574	-0.1395300	-0.7181000	0.1587474	-0.1362100	-0.5339400	0.1637474	-0.1571600	-0.5498100	0.1601574	-0.1568500	-0.7467600	0.1120374	-0.1253800	-0.9988000	0.0847674	0.0218800	-1.0083100	0.0899574	0.0228600	-1.1882200	0.1086874	0.0110500	-0.8821001	0.9897450	0.1518219	-0.8622207	0.9915839	-0.2345528	-1.1136454	1.0217780	0.0234938	-1.1055467	1.0221588	-0.1280964	-1.0655259	0.4876491	0.1193747	-1.0555450	0.5043871	-0.0225902	-1.1614392	0.1223287	0.0580063	-1.1336382	0.1355584	-0.0310295	-1.0158206	0.0904817	0.0144143	-1.0688508	0.0743516	0.0688185	-1.2318852	0.1092697	0.0007308	-0.8253946	0.5227820	-0.2184060	-0.8168091	0.5355962	-0.0675393	-0.7208727	0.1399577	-0.1781282	-0.6927894	0.1570071	-0.0847323	-0.5594853	0.1523091	-0.1306253	-0.7778381	0.1026749	-0.1250281	-0.6018137	0.1308187	-0.1910287	-0.9690030	1.5071990	0.1476764	-0.9854584	1.5302856	-0.2076350	-1.0779126	1.5382333	-0.0223369	-0.9204775	0.7185734	0.1605348	-0.9825316	0.6248917	0.1716319	-1.0547371	0.7456868	0.1891013	-0.8237237	0.7945805	-0.2583104	-0.8286865	0.6851195	-0.2709852	-0.9634381	0.7464777	-0.2912516	-1.0987904	0.3817618	0.1032643	-1.0939454	0.2634297	0.0998157	-1.1638922	0.2852849	0.1027860	-0.7968566	0.4127638	-0.2070250	-0.7315235	0.3078988	-0.2125009	-0.8097965	0.2908336	-0.2130243	-0.9989120	0.8914129	0.0694925	-0.9869527	0.8924067	-0.1639026	-1.0150912	1.1590185	0.2519980	-1.0295977	1.1474910	0.1628742	-0.8739936	0.9424512	0.1969011	-0.9301061	0.9072273	0.2143206	-1.0249563	1.1943055	-0.3214832	-1.0478303	1.1823725	-0.2475064	-0.9353774	0.9442677	-0.2871593	-1.0000480	0.9313116	-0.3119064
181	3.0000000	-0.9725500	1.4778074	-0.0374200	-0.9525100	1.4646474	0.1407200	-0.9838500	1.1902874	0.2082600	-0.8959400	0.9458374	0.2102200	-0.9607400	1.4882874	-0.2173900	-0.9980700	1.2258874	-0.2869000	-0.9571300	0.9620274	-0.3037000	-0.9340000	0.9126474	-0.0460000	-0.9381600	0.9075874	0.0795300	-1.0559000	0.4848474	0.0427500	-1.1515600	0.1388074	0.0113400	-0.9147400	0.9189874	-0.1714300	-0.8010000	0.5507174	-0.1386600	-0.7032600	0.1583174	-0.1347300	-0.5188600	0.1629274	-0.1578800	-0.5343100	0.1595074	-0.1572700	-0.7305500	0.1118674	-0.1236300	-0.9974300	0.0842374	0.0210900	-1.0066600	0.0899974	0.0220600	-1.1846900	0.1113674	0.0111000	-0.8680733	0.9831111	0.1513445	-0.8458732	0.9852535	-0.2348708	-1.0980893	1.0163527	0.0219564	-1.0890990	1.0168628	-0.1295344	-1.0546309	0.4837753	0.1192530	-1.0437936	0.5004297	-0.0224594	-1.1587997	0.1234659	0.0577112	-1.1307584	0.1364053	-0.0313861	-1.0119991	0.0908741	0.0144022	-1.0659930	0.0751729	0.0686269	-1.2304891	0.1115887	0.0002176	-0.8075468	0.5199734	-0.2176682	-0.8011630	0.5321177	-0.0675528	-0.6989355	0.1405167	-0.1792968	-0.6728082	0.1572523	-0.0862520	-0.5379825	0.1549223	-0.1330782	-0.7565427	0.1026570	-0.1267694	-0.5792284	0.1337292	-0.1930821	-0.9537301	1.5041707	0.1446124	-0.9691065	1.5253165	-0.2109193	-1.0619584	1.5336716	-0.0256546	-0.9079162	0.7121812	0.1597127	-0.9708605	0.6195351	0.1710749	-1.0417119	0.7407319	0.1882092	-0.8069284	0.7900489	-0.2571731	-0.8111126	0.6813707	-0.2699034	-0.9446435	0.7421026	-0.2913963	-1.0900822	0.3790818	0.1032398	-1.0879442	0.2617195	0.0995045	-1.1574970	0.2849019	0.1027052	-0.7778911	0.4110366	-0.2068575	-0.7115887	0.3074235	-0.2125317	-0.7886927	0.2897064	-0.2136445	-0.9839075	0.8852953	0.0683046	-0.9705359	0.8864711	-0.1650030	-1.0002093	1.1542820	0.2503914	-1.0147223	1.1426500	0.1611710	-0.8588405	0.9380499	0.1952201	-0.9148723	0.9025864	0.2125148	-1.0076086	1.1882115	-0.3238351	-1.0309291	1.1762672	-0.2498551	-0.9171578	0.9386234	-0.2881263	-0.9818520	0.9253213	-0.3131462
182	3.0166667	-0.9584900	1.4754274	-0.0407800	-0.9394700	1.4627574	0.1374200	-0.9693600	1.1887174	0.2056900	-0.8827400	0.9436074	0.2095800	-0.9457200	1.4853974	-0.2207000	-0.9834300	1.2226674	-0.2893800	-0.9410900	0.9587574	-0.3055800	-0.9187300	0.9095274	-0.0475500	-0.9229600	0.9048074	0.0783900	-1.0456800	0.4829974	0.0426900	-1.1503800	0.1386474	0.0113700	-0.8993500	0.9156474	-0.1734100	-0.7832000	0.5498374	-0.1388800	-0.6928300	0.1566774	-0.1319000	-0.5116800	0.1568574	-0.1570300	-0.5261400	0.1540174	-0.1561500	-0.7205300	0.1106574	-0.1207700	-0.9984700	0.0828674	0.0196800	-1.0078800	0.0891574	0.0207400	-1.1828700	0.1123374	0.0111700	-0.8539908	0.9793449	0.1504046	-0.8300715	0.9821947	-0.2357721	-1.0826705	1.0137538	0.0198169	-1.0730031	1.0145472	-0.1316546	-1.0438952	0.4830929	0.1188084	-1.0321999	0.4994283	-0.0226518	-1.1570970	0.1275439	0.0570638	-1.1288707	0.1399354	-0.0319915	-1.0104171	0.0930107	0.0134346	-1.0649320	0.0780554	0.0675662	-1.2297940	0.1173692	-0.0004111	-0.7900847	0.5205897	-0.2174963	-0.7858355	0.5320748	-0.0682669	-0.6852485	0.1424231	-0.1796188	-0.6609892	0.1586136	-0.0870501	-0.5254043	0.1553167	-0.1348169	-0.7442459	0.1055455	-0.1275295	-0.5659100	0.1354934	-0.1942451	-0.9392297	1.5048927	0.1411748	-0.9537851	1.5236231	-0.2149905	-1.0471442	1.5323051	-0.0297641	-0.8956550	0.7087272	0.1583266	-0.9594263	0.6172806	0.1700152	-1.0287721	0.7390096	0.1867413	-0.7907933	0.7886235	-0.2570001	-0.7941061	0.6808667	-0.2695907	-0.9262853	0.7410195	-0.2920686	-1.0816829	0.3795080	0.1029015	-1.0825286	0.2629896	0.0989079	-1.1516419	0.2877095	0.1022488	-0.7613026	0.4117343	-0.2067467	-0.6963482	0.3081836	-0.2122036	-0.7724181	0.2913758	-0.2139688	-0.9689821	0.8821356	0.0664261	-0.9545730	0.8837287	-0.1668669	-0.9859665	1.1526531	0.2481098	-1.0004077	1.1409598	0.1589328	-0.8444340	0.9365978	0.1932070	-0.9003782	0.9009609	0.2103685	-0.9909194	1.1852038	-0.3267635	-1.0147080	1.1732531	-0.2527474	-0.8995124	0.9360242	-0.2896736	-0.9643073	0.9223745	-0.3150183
183	3.0333333	-0.9435200	1.4729174	-0.0443200	-0.9251500	1.4607474	0.1339500	-0.9549000	1.1871674	0.2028800	-0.8693500	0.9418274	0.2090200	-0.9301400	1.4823874	-0.2242200	-0.9667800	1.2189674	-0.2924900	-0.9249800	0.9550974	-0.3077800	-0.9036700	0.9089074	-0.0494700	-0.9072400	0.9044074	0.0767100	-1.0363500	0.4807274	0.0421600	-1.1521700	0.1352874	0.0108800	-0.8848900	0.9148874	-0.1755800	-0.7681300	0.5475374	-0.1396500	-0.6851500	0.1530674	-0.1286200	-0.5102000	0.1465674	-0.1544200	-0.5234100	0.1445074	-0.1533800	-0.7145900	0.1078774	-0.1180700	-1.0004400	0.0804074	0.0185900	-1.0102000	0.0867774	0.0197100	-1.1824600	0.1113474	0.0106500	-0.8397826	0.9779452	0.1491173	-0.8147877	0.9818381	-0.2369042	-1.0672778	1.0132617	0.0174379	-1.0571695	1.0144642	-0.1339936	-1.0335105	0.4845200	0.1180729	-1.0209675	0.5003079	-0.0231620	-1.1561422	0.1327651	0.0562741	-1.1277187	0.1443728	-0.0326568	-1.0107123	0.0953413	0.0119122	-1.0653101	0.0812718	0.0660295	-1.2295795	0.1244687	-0.0010321	-0.7735416	0.5231631	-0.2175387	-0.7712010	0.5340908	-0.0692499	-0.6781231	0.1443786	-0.1787458	-0.6554523	0.1599379	-0.0867046	-0.5200248	0.1527167	-0.1353103	-0.7388599	0.1097693	-0.1269427	-0.5600883	0.1350076	-0.1940496	-0.9251129	1.5081249	0.1376603	-0.9392171	1.5241870	-0.2194432	-1.0330980	1.5331850	-0.0341793	-0.8835667	0.7073661	0.1565757	-0.9482114	0.6171907	0.1685833	-1.0159521	0.7397666	0.1848565	-0.7753413	0.7892482	-0.2574484	-0.7779093	0.6823719	-0.2697173	-0.9086940	0.7422690	-0.2929492	-1.0737083	0.3818143	0.1023447	-1.0776512	0.2658603	0.0982422	-1.1463560	0.2921581	0.1014875	-0.7470817	0.4135537	-0.2063753	-0.6850741	0.3090781	-0.2112101	-0.7603932	0.2943215	-0.2136716	-0.9540712	0.8813422	0.0641050	-0.9390258	0.8835520	-0.1690984	-0.9720411	1.1533343	0.2453759	-0.9863348	1.1415919	0.1563717	-0.8305619	0.9371858	0.1911403	-0.8864610	0.9015137	0.2081889	-0.9744424	1.1844024	-0.3300111	-0.9987578	1.1724903	-0.2559679	-0.8822513	0.9355496	-0.2915597	-0.9471577	0.9216178	-0.3173391
184	3.0500000	-0.9276100	1.4705274	-0.0477500	-0.9099700	1.4590174	0.1306600	-0.9401900	1.1854874	0.1998800	-0.8568900	0.9405674	0.2084600	-0.9135400	1.4793474	-0.2277100	-0.9487500	1.2152474	-0.2959700	-0.9083900	0.9515674	-0.3101700	-0.8886500	0.9092074	-0.0514900	-0.8922100	0.9045174	0.0746500	-1.0293500	0.4776674	0.0414200	-1.1548400	0.1297574	0.0095200	-0.8698800	0.9152874	-0.1775600	-0.7539000	0.5445674	-0.1403800	-0.6793900	0.1475374	-0.1260000	-0.5082900	0.1347774	-0.1499700	-0.5205500	0.1334774	-0.1489900	-0.7114400	0.1030574	-0.1165200	-1.0014400	0.0770574	0.0183800	-1.0114700	0.0836974	0.0194000	-1.1825800	0.1088174	0.0090400	-0.8254754	0.9774251	0.1477094	-0.7995992	0.9825848	-0.2379690	-1.0517854	1.0133139	0.0149725	-1.0413032	1.0150086	-0.1363562	-1.0238391	0.4861908	0.1171422	-1.0103970	0.5012600	-0.0239208	-1.1555665	0.1368392	0.0554412	-1.1268211	0.1475022	-0.0333097	-1.0119760	0.0962380	0.0103100	-1.0663545	0.0829301	0.0644426	-1.2294645	0.1301064	-0.0017616	-0.7578122	0.5255748	-0.2175983	-0.7571405	0.5360927	-0.0699516	-0.6747735	0.1447276	-0.1768277	-0.6533503	0.1596948	-0.0850649	-0.5186958	0.1467080	-0.1341770	-0.7373643	0.1130542	-0.1252052	-0.5585197	0.1313854	-0.1924473	-0.9109706	1.5118650	0.1342300	-0.9246673	1.5252883	-0.2239276	-1.0191800	1.5346737	-0.0386167	-0.8716633	0.7063833	0.1547724	-0.9373711	0.6174738	0.1670200	-1.0034292	0.7412988	0.1827442	-0.7600796	0.7901960	-0.2582301	-0.7621855	0.6839891	-0.2701017	-0.8917107	0.7440017	-0.2940731	-1.0663579	0.3840493	0.1016823	-1.0732363	0.2683068	0.0976893	-1.1416686	0.2960728	0.1004691	-0.7344520	0.4146430	-0.2057175	-0.6761199	0.3085875	-0.2096243	-0.7511181	0.2964844	-0.2128675	-0.9391543	0.8813498	0.0615901	-0.9235967	0.8843129	-0.1714059	-0.9581469	1.1546960	0.2424356	-0.9722064	1.1428842	0.1536933	-0.8170998	0.9380991	0.1892721	-0.8730350	0.9025913	0.2062156	-0.9577095	1.1841275	-0.3333701	-0.9826374	1.1723187	-0.2593444	-0.8650582	0.9355330	-0.2935893	-0.9300070	0.9214220	-0.3199240
185	3.0666667	-0.9114500	1.4687174	-0.0510800	-0.8943800	1.4579574	0.1274100	-0.9249400	1.1843574	0.1965900	-0.8450600	0.9398374	0.2079200	-0.8968200	1.4767974	-0.2310500	-0.9309700	1.2121474	-0.2993900	-0.8913600	0.9487474	-0.3126200	-0.8736000	0.9101074	-0.0534200	-0.8782800	0.9048474	0.0727700	-1.0238700	0.4741074	0.0407200	-1.1570700	0.1259674	0.0078600	-0.8537400	0.9166374	-0.1794500	-0.7386500	0.5419274	-0.1409800	-0.6739400	0.1409274	-0.1245800	-0.4990900	0.1252774	-0.1443500	-0.5110600	0.1243974	-0.1436300	-0.7102900	0.0967574	-0.1162100	-0.9990800	0.0746874	0.0188300	-1.0091000	0.0811474	0.0196500	-1.1838800	0.1074174	0.0070700	-0.8112377	0.9775241	0.1463751	-0.7841066	0.9840027	-0.2387340	-1.0362654	1.0137301	0.0124182	-1.0252597	1.0159371	-0.1387139	-1.0149881	0.4878247	0.1161530	-1.0005553	0.5021050	-0.0248213	-1.1549665	0.1395685	0.0546225	-1.1257110	0.1492330	-0.0339667	-1.0128847	0.0961321	0.0089568	-1.0669966	0.0832745	0.0631565	-1.2292035	0.1337333	-0.0027352	-0.7424152	0.5273392	-0.2175441	-0.7432905	0.5375871	-0.0700025	-0.6722448	0.1436628	-0.1742783	-0.6518193	0.1581600	-0.0823040	-0.5176466	0.1391061	-0.1313902	-0.7368505	0.1147944	-0.1228495	-0.5573917	0.1259745	-0.1897251	-0.8965908	1.5154198	0.1308293	-0.9096400	1.5265208	-0.2282493	-1.0049709	1.5364919	-0.0430318	-0.8599780	0.7056176	0.1531773	-0.9269777	0.6178885	0.1655617	-0.9913701	0.7432518	0.1805733	-0.7444589	0.7912880	-0.2590512	-0.7463947	0.6854075	-0.2705661	-0.8749729	0.7457748	-0.2954923	-1.0596100	0.3859309	0.1010431	-1.0690600	0.2700840	0.0973653	-1.1374520	0.2991647	0.0993104	-0.7222774	0.4148228	-0.2048592	-0.6675639	0.3069388	-0.2076549	-0.7427513	0.2975526	-0.2118537	-0.9243591	0.8819076	0.0590444	-0.9080611	0.8856596	-0.1736060	-0.9441628	1.1564237	0.2394794	-0.9578802	1.1445082	0.1510334	-0.8039889	0.9390025	0.1877537	-0.8600526	0.9038815	0.2045709	-0.9406143	1.1840796	-0.3366350	-0.9662234	1.1724258	-0.2626739	-0.8478373	0.9356831	-0.2955942	-0.9127220	0.9214885	-0.3225590
186	3.0833333	-0.8951200	1.4675774	-0.0545200	-0.8780300	1.4574974	0.1238100	-0.9091700	1.1844874	0.1929800	-0.8328800	0.9395374	0.2072800	-0.8806100	1.4749474	-0.2343200	-0.9136800	1.2096774	-0.3024300	-0.8742100	0.9464374	-0.3150300	-0.8576600	0.9108374	-0.0551800	-0.8639300	0.9047474	0.0714800	-1.0169100	0.4710974	0.0405000	-1.1577600	0.1251974	0.0069500	-0.8361600	0.9181174	-0.1815300	-0.7224600	0.5400774	-0.1417200	-0.6673900	0.1349374	-0.1241100	-0.4824200	0.1187774	-0.1386800	-0.4945800	0.1181274	-0.1383100	-0.7090300	0.0904374	-0.1166200	-0.9936400	0.0742074	0.0193100	-1.0041700	0.0806574	0.0199100	-1.1860900	0.1086174	0.0058700	-0.7963242	0.9774766	0.1451952	-0.7673677	0.9852810	-0.2392700	-1.0200258	1.0138589	0.0099343	-1.0082794	1.0165890	-0.1409582	-1.0058617	0.4888381	0.1153522	-0.9904208	0.5023838	-0.0255776	-1.1534510	0.1411264	0.0540003	-1.1235784	0.1498404	-0.0345117	-1.0119823	0.0954147	0.0079924	-1.0659638	0.0827046	0.0623815	-1.2281426	0.1356253	-0.0037308	-0.7262800	0.5278108	-0.2173556	-0.7286791	0.5379104	-0.0694413	-0.6678323	0.1412450	-0.1716079	-0.6482731	0.1554266	-0.0789328	-0.5134198	0.1312611	-0.1273295	-0.7347350	0.1145040	-0.1204882	-0.5532621	0.1197801	-0.1863499	-0.8811263	1.5177826	0.1273991	-0.8933089	1.5269609	-0.2323525	-0.9895549	1.5377662	-0.0473294	-0.8475754	0.7044996	0.1519025	-0.9160271	0.6178264	0.1643849	-0.9788107	0.7448219	0.1785401	-0.7274651	0.7919212	-0.2597207	-0.7294869	0.6860055	-0.2709799	-0.8574322	0.7468573	-0.2971378	-1.0524118	0.3870318	0.1006318	-1.0641346	0.2709420	0.0973621	-1.1326897	0.3012703	0.0983217	-0.7090432	0.4137315	-0.2039564	-0.6574207	0.3041065	-0.2055841	-0.7332363	0.2971568	-0.2109392	-0.9088865	0.8822720	0.0566334	-0.8914956	0.8868241	-0.1756265	-0.9293188	1.1578719	0.2365991	-0.9425756	1.1458084	0.1484521	-0.7904210	0.9392901	0.1866003	-0.8466870	0.9047368	0.2032538	-0.9226059	1.1835988	-0.3396568	-0.9489099	1.1721308	-0.2658003	-0.8299478	0.9353157	-0.2974758	-0.8946869	0.9211173	-0.3250688
187	3.1000000	-0.8784300	1.4670074	-0.0582200	-0.8609400	1.4576274	0.1197800	-0.8940900	1.1855074	0.1893200	-0.8200900	0.9394974	0.2063300	-0.8644700	1.4736774	-0.2377300	-0.8957200	1.2074874	-0.3050700	-0.8568500	0.9443874	-0.3173900	-0.8399200	0.9101674	-0.0569000	-0.8472900	0.9036774	0.0704300	-1.0059000	0.4697374	0.0411700	-1.1594700	0.1283674	0.0066300	-0.8172100	0.9177474	-0.1838400	-0.7067400	0.5388674	-0.1428800	-0.6601500	0.1304374	-0.1240900	-0.4658200	0.1132474	-0.1343700	-0.4780600	0.1126974	-0.1342900	-0.7054700	0.0857474	-0.1172600	-0.9925500	0.0740974	0.0195600	-1.0035600	0.0803774	0.0199600	-1.1898000	0.1129874	0.0051400	-0.7798322	0.9759716	0.1440066	-0.7487011	0.9853034	-0.2399439	-1.0022225	1.0125384	0.0076747	-0.9896154	1.0158849	-0.1430178	-0.9952644	0.4883202	0.1149006	-0.9787827	0.5012221	-0.0258785	-1.1514200	0.1419099	0.0536587	-1.1209149	0.1497063	-0.0348302	-1.0102112	0.0935983	0.0072994	-1.0642093	0.0811464	0.0619852	-1.2267084	0.1370495	-0.0044115	-0.7088672	0.5260620	-0.2172503	-0.7127607	0.5360963	-0.0688835	-0.6607797	0.1371460	-0.1694349	-0.6420195	0.1511040	-0.0758594	-0.5051741	0.1230744	-0.1230116	-0.7302502	0.1118988	-0.1187222	-0.5453110	0.1126948	-0.1830684	-0.8639642	1.5178535	0.1238046	-0.8753786	1.5254147	-0.2364335	-0.9723955	1.5371201	-0.0514973	-0.8335248	0.7019653	0.1508162	-0.9034957	0.6162743	0.1634519	-0.9646296	0.7448057	0.1766302	-0.7085830	0.7908814	-0.2603185	-0.7109374	0.6846964	-0.2714036	-0.8382682	0.7462389	-0.2988789	-1.0440010	0.3867292	0.1005296	-1.0583010	0.2705279	0.0975949	-1.1269502	0.3023064	0.0977181	-0.6941516	0.4106404	-0.2033308	-0.6451289	0.2995423	-0.2038505	-0.7217629	0.2947256	-0.2104572	-0.8917097	0.8811536	0.0543630	-0.8730094	0.8866328	-0.1775828	-0.9131173	1.1580308	0.2336870	-0.9257452	1.1457801	0.1458258	-0.7757411	0.9380778	0.1856729	-0.8322317	0.9041751	0.2020921	-0.9031778	1.1816571	-0.3424794	-0.9301419	1.1703857	-0.2687753	-0.8107701	0.9333700	-0.2993139	-0.8753294	0.9192347	-0.3274557
188	3.1166667	-0.8614200	1.4669974	-0.0621800	-0.8436400	1.4583974	0.1155000	-0.8809500	1.1866974	0.1860200	-0.8071000	0.9396974	0.2050400	-0.8478800	1.4729074	-0.2413800	-0.8768000	1.2058174	-0.3074200	-0.8394600	0.9429874	-0.3196500	-0.8211100	0.9087274	-0.0588300	-0.8285100	0.9027274	0.0689600	-0.9908900	0.4700774	0.0426500	-1.1613700	0.1329374	0.0066100	-0.7983000	0.9160074	-0.1862200	-0.6925400	0.5378474	-0.1445500	-0.6542000	0.1273674	-0.1242700	-0.4562100	0.1065274	-0.1324800	-0.4682600	0.1061874	-0.1325300	-0.7004100	0.0835874	-0.1178300	-0.9985200	0.0725374	0.0201200	-1.0096400	0.0789674	0.0203000	-1.1927400	0.1189174	0.0043000	-0.7624143	0.9735547	0.1424951	-0.7291047	0.9847112	-0.2409455	-0.9835252	1.0104327	0.0054569	-0.9700729	1.0145270	-0.1450416	-0.9832178	0.4869972	0.1147143	-0.9655982	0.4992254	-0.0256820	-1.1502182	0.1435047	0.0534499	-1.1191157	0.1502810	-0.0349764	-1.0101923	0.0912647	0.0066994	-1.0641767	0.0796722	0.0616652	-1.2259108	0.1403501	-0.0047319	-0.6913185	0.5230907	-0.2175520	-0.6966486	0.5330738	-0.0691161	-0.6531708	0.1325035	-0.1683085	-0.6351933	0.1462212	-0.0740212	-0.4957069	0.1150232	-0.1197778	-0.7253110	0.1085337	-0.1180354	-0.5362690	0.1054962	-0.1807754	-0.8460302	1.5167232	0.1198580	-0.8570977	1.5227212	-0.2406874	-0.9545278	1.5352193	-0.0557370	-0.8184354	0.6988735	0.1496133	-0.8897807	0.6140635	0.1625111	-0.9492100	0.7439210	0.1745301	-0.6890644	0.7886963	-0.2610426	-0.6919430	0.6822129	-0.2719993	-0.8183340	0.7448238	-0.3006130	-1.0347936	0.3859148	0.1005972	-1.0525352	0.2699034	0.0978362	-1.1208482	0.3035919	0.0974046	-0.6790095	0.4065490	-0.2033020	-0.6325017	0.2942098	-0.2028450	-0.7098448	0.2914564	-0.2107179	-0.8734087	0.8791740	0.0519515	-0.8533948	0.8857630	-0.1796814	-0.8966934	1.1576509	0.2305562	-0.9084854	1.1451965	0.1429381	-0.7608399	0.9362877	0.1847751	-0.8175212	0.9030118	0.2008562	-0.8831999	1.1790522	-0.3452879	-0.9107833	1.1679849	-0.2718030	-0.7911375	0.9306522	-0.3012948	-0.8555202	0.9166282	-0.3298794
189	3.1333333	-0.8442700	1.4678774	-0.0661700	-0.8264300	1.4600074	0.1112700	-0.8690300	1.1880174	0.1831800	-0.7943800	0.9403674	0.2036600	-0.8309300	1.4730174	-0.2451100	-0.8578700	1.2050974	-0.3097200	-0.8226300	0.9425574	-0.3216700	-0.8026700	0.9081274	-0.0610400	-0.8090000	0.9033574	0.0668600	-0.9736900	0.4712574	0.0444600	-1.1595400	0.1394074	0.0067000	-0.7809100	0.9145174	-0.1886000	-0.6796200	0.5367774	-0.1465900	-0.6499600	0.1252474	-0.1245900	-0.4530900	0.0993574	-0.1328600	-0.4647800	0.0992174	-0.1329200	-0.6952300	0.0823474	-0.1180900	-1.0046700	0.0712174	0.0211800	-1.0155100	0.0779574	0.0211800	-1.1907800	0.1271474	0.0033300	-0.7453528	0.9718672	0.1405425	-0.7101613	0.9849996	-0.2421368	-0.9652752	1.0092189	0.0030686	-0.9510996	1.0141322	-0.1471565	-0.9701273	0.4863522	0.1147469	-0.9512804	0.4977579	-0.0250594	-1.1497655	0.1475101	0.0532698	-1.1181010	0.1530880	-0.0350182	-1.0126093	0.0898647	0.0061808	-1.0663354	0.0799244	0.0613520	-1.2252819	0.1471919	-0.0048181	-0.6752028	0.5207738	-0.2183769	-0.6818555	0.5307206	-0.0703840	-0.6471687	0.1289959	-0.1683020	-0.6299586	0.1424374	-0.0736478	-0.4880481	0.1082694	-0.1182664	-0.7218168	0.1063737	-0.1184116	-0.5290622	0.0995587	-0.1798792	-0.8286465	1.5163572	0.1156182	-0.8397836	1.5208197	-0.2449541	-0.9372821	1.5338961	-0.0601058	-0.8033372	0.6970707	0.1482414	-0.8756732	0.6129232	0.1615066	-0.9335789	0.7438217	0.1720925	-0.6705697	0.7868951	-0.2619775	-0.6741254	0.6802232	-0.2728390	-0.7991794	0.7443160	-0.3022760	-1.0251187	0.3860810	0.1007803	-1.0470646	0.2706346	0.0980486	-1.1144793	0.3066810	0.0972785	-0.6653717	0.4032498	-0.2039230	-0.6215327	0.2897804	-0.2026358	-0.6993338	0.2891917	-0.2117515	-0.8553338	0.8780057	0.0492128	-0.8341828	0.8857997	-0.1819591	-0.8814719	1.1582973	0.2272230	-0.8922744	1.1456396	0.1397897	-0.7469972	0.9355891	0.1838584	-0.8038228	0.9028688	0.1995090	-0.8639815	1.1774335	-0.3481454	-0.8921675	1.1665958	-0.2749559	-0.7724064	0.9288515	-0.3034385	-0.8366329	0.9149686	-0.3323918
190	3.1500000	-0.8274000	1.4696874	-0.0700100	-0.8098100	1.4624374	0.1073200	-0.8559800	1.1899274	0.1806100	-0.7820500	0.9416474	0.2023900	-0.8139200	1.4741374	-0.2488000	-0.8395900	1.2051474	-0.3122000	-0.8061600	0.9428274	-0.3234900	-0.7849100	0.9081674	-0.0633800	-0.7896200	0.9047574	0.0644400	-0.9540300	0.4719574	0.0465900	-1.1538000	0.1460274	0.0063300	-0.7647700	0.9133474	-0.1910000	-0.6677600	0.5351474	-0.1488000	-0.6455300	0.1235474	-0.1252600	-0.4517400	0.0937174	-0.1343600	-0.4631800	0.0937374	-0.1343900	-0.6896800	0.0816774	-0.1185600	-1.0060800	0.0709274	0.0220200	-1.0164900	0.0783174	0.0219200	-1.1846500	0.1351474	0.0019700	-0.7287650	0.9707353	0.1383139	-0.6921535	0.9859209	-0.2433283	-0.9477842	1.0087878	0.0005683	-0.9330558	1.0145505	-0.1492950	-0.9555670	0.4860644	0.1150808	-0.9354261	0.4964804	-0.0240407	-1.1483221	0.1530784	0.0530839	-1.1160949	0.1573208	-0.0350097	-1.0154838	0.0891503	0.0057615	-1.0686375	0.0814877	0.0610909	-1.2229944	0.1562921	-0.0048398	-0.6607064	0.5190790	-0.2196005	-0.6685431	0.5290509	-0.0724596	-0.6427237	0.1263903	-0.1690513	-0.6262400	0.1395498	-0.0743592	-0.4825163	0.1025687	-0.1183031	-0.7195273	0.1051547	-0.1194299	-0.5239610	0.0946760	-0.1801755	-0.8120464	1.5168536	0.1113854	-0.8234275	1.5198801	-0.2490423	-0.9208898	1.5333442	-0.0644722	-0.7880941	0.6964712	0.1469102	-0.8609223	0.6126725	0.1606225	-0.9178269	0.7442546	0.1695134	-0.6533784	0.7853803	-0.2630558	-0.6577316	0.6786490	-0.2738449	-0.7811684	0.7445093	-0.3037717	-1.0142365	0.3867886	0.1011507	-1.0407046	0.2722243	0.0983444	-1.1067426	0.3108768	0.0973086	-0.6533891	0.4006621	-0.2049827	-0.6123089	0.2860912	-0.2029830	-0.6903080	0.2877942	-0.2132744	-0.8377964	0.8774779	0.0462735	-0.8157859	0.8865284	-0.1842768	-0.8674002	1.1597269	0.2239085	-0.8771822	1.1468593	0.1366172	-0.7342212	0.9357301	0.1830233	-0.7911760	0.9035197	0.1981943	-0.8456622	1.1765977	-0.3509514	-0.8744501	1.1660329	-0.2781180	-0.7547150	0.9278122	-0.3055660	-0.8188001	0.9140802	-0.3348538
191	3.1666667	-0.8112600	1.4717874	-0.0738100	-0.7945000	1.4650374	0.1036500	-0.8406500	1.1924174	0.1780900	-0.7698300	0.9435174	0.2011700	-0.7969600	1.4757274	-0.2526400	-0.8218000	1.2056874	-0.3149300	-0.7893400	0.9433374	-0.3254200	-0.7673400	0.9084974	-0.0657500	-0.7708000	0.9061974	0.0620800	-0.9299100	0.4729474	0.0493700	-1.1472300	0.1517074	0.0052100	-0.7484300	0.9126374	-0.1934800	-0.6584300	0.5323474	-0.1511600	-0.6404700	0.1221374	-0.1264200	-0.4507600	0.0900874	-0.1358900	-0.4620100	0.0901974	-0.1359000	-0.6829600	0.0814374	-0.1197300	-1.0046300	0.0712974	0.0218600	-1.0144400	0.0785574	0.0217400	-1.1790400	0.1411374	0.0000100	-0.7121116	0.9698522	0.1360287	-0.6744669	0.9871383	-0.2445425	-0.9306415	1.0087872	-0.0018812	-0.9154967	1.0154054	-0.1513784	-0.9385267	0.4857262	0.1158132	-0.9170327	0.4950002	-0.0225868	-1.1445605	0.1594081	0.0527886	-1.1117447	0.1622252	-0.0350803	-1.0169199	0.0887217	0.0052776	-1.0692325	0.0837814	0.0607657	-1.2179440	0.1665403	-0.0049900	-0.6476000	0.5175780	-0.2212009	-0.6564328	0.5276483	-0.0752575	-0.6389131	0.1242566	-0.1702554	-0.6230508	0.1371493	-0.0758345	-0.4781576	0.0977131	-0.1195332	-0.7174037	0.1042496	-0.1207834	-0.5200075	0.0905528	-0.1813111	-0.7958134	1.5179555	0.1074092	-0.8073004	1.5196405	-0.2529928	-0.9048480	1.5334212	-0.0687316	-0.7718865	0.6967851	0.1457679	-0.8446329	0.6129605	0.1600047	-0.9013656	0.7447972	0.1670043	-0.6370228	0.7838035	-0.2642785	-0.6424048	0.6771121	-0.2750134	-0.7639851	0.7449970	-0.3051022	-1.0010475	0.3875193	0.1017714	-1.0322198	0.2740941	0.0987487	-1.0965046	0.3154877	0.0974424	-0.6426654	0.3984074	-0.2064157	-0.6042062	0.2827835	-0.2037713	-0.6822060	0.2867985	-0.2150851	-0.8203713	0.8772360	0.0433057	-0.7977377	0.8875761	-0.1866068	-0.8536335	1.1615481	0.2207006	-0.8624369	1.1484563	0.1335381	-0.7217856	0.9362544	0.1822831	-0.7788848	0.9045609	0.1969512	-0.8276366	1.1761787	-0.3536635	-0.8570178	1.1659157	-0.2812139	-0.7373956	0.9271829	-0.3075839	-0.8013424	0.9135919	-0.3371897
192	3.1833333	-0.7956600	1.4735174	-0.0778300	-0.7803200	1.4672174	0.1001400	-0.8250900	1.1950474	0.1756100	-0.7574400	0.9458074	0.1999600	-0.7798600	1.4769574	-0.2569800	-0.8040600	1.2066174	-0.3179600	-0.7720900	0.9440674	-0.3275800	-0.7497500	0.9096374	-0.0681400	-0.7530300	0.9079174	0.0599600	-0.9010000	0.4760274	0.0525900	-1.1393000	0.1583974	0.0039600	-0.7309900	0.9131374	-0.1961400	-0.6531000	0.5283774	-0.1537500	-0.6368800	0.1209774	-0.1276300	-0.4514300	0.0874874	-0.1368900	-0.4625300	0.0877074	-0.1369100	-0.6775500	0.0813774	-0.1211300	-1.0033400	0.0702974	0.0203100	-1.0133900	0.0780074	0.0201300	-1.1744600	0.1473074	-0.0017700	-0.6952806	0.9698044	0.1338175	-0.6567605	0.9891764	-0.2458273	-0.9136810	1.0096152	-0.0042417	-0.8981781	1.0170727	-0.1534322	-0.9181550	0.4857768	0.1170316	-0.8953026	0.4937533	-0.0205731	-1.1381061	0.1670131	0.0523190	-1.1047315	0.1683125	-0.0353056	-1.0165609	0.0888260	0.0044107	-1.0677241	0.0870615	0.0601027	-1.2099122	0.1785705	-0.0052376	-0.6364760	0.5164813	-0.2232065	-0.6461107	0.5267532	-0.0787772	-0.6358193	0.1228118	-0.1717531	-0.6204444	0.1354873	-0.0778769	-0.4749356	0.0940451	-0.1215456	-0.7155190	0.1037543	-0.1223427	-0.5171455	0.0874125	-0.1829316	-0.7798422	1.5200262	0.1037124	-0.7909827	1.5203543	-0.2569963	-0.8888981	1.5344941	-0.0729941	-0.7542116	0.6986970	0.1447764	-0.8261564	0.6143687	0.1596588	-0.8837984	0.7458936	0.1646191	-0.6214665	0.7823819	-0.2656467	-0.6283673	0.6758275	-0.2763640	-0.7476825	0.7461786	-0.3063561	-0.9848014	0.3886890	0.1026857	-1.0210230	0.2766798	0.0991954	-1.0831722	0.3209704	0.0977063	-0.6336711	0.3967645	-0.2082551	-0.5975099	0.2801792	-0.2049776	-0.6753840	0.2863645	-0.2171174	-0.8029240	0.8777974	0.0403562	-0.7797688	0.8894208	-0.1890072	-0.8399112	1.1642022	0.2175089	-0.8477372	1.1508714	0.1304789	-0.7094149	0.9375831	0.1815802	-0.7666727	0.9064278	0.1957048	-0.8096121	1.1766462	-0.3563448	-0.8395768	1.1666818	-0.2842868	-0.7201066	0.9274225	-0.3095302	-0.7839017	0.9139596	-0.3394630
193	3.2000000	-0.7802500	1.4748474	-0.0820000	-0.7665500	1.4690374	0.0967500	-0.8123800	1.1974174	0.1735000	-0.7447900	0.9482774	0.1987400	-0.7626400	1.4777474	-0.2617300	-0.7859900	1.2079574	-0.3212300	-0.7545300	0.9449174	-0.3298700	-0.7328000	0.9113174	-0.0704900	-0.7366400	0.9101274	0.0581800	-0.8674000	0.4812674	0.0554400	-1.1275700	0.1692074	0.0033800	-0.7134200	0.9144074	-0.1990100	-0.6499700	0.5245074	-0.1563300	-0.6364300	0.1194074	-0.1282400	-0.4533300	0.0851074	-0.1371100	-0.4644100	0.0854174	-0.1371400	-0.6772200	0.0804774	-0.1217700	-1.0048000	0.0700374	0.0174200	-1.0147900	0.0777774	0.0173300	-1.1674700	0.1574274	-0.0023400	-0.6790506	0.9704449	0.1317592	-0.6396894	0.9917278	-0.2470997	-0.8974796	1.0108930	-0.0065513	-0.8816489	1.0191307	-0.1554915	-0.8941243	0.4859306	0.1188748	-0.8700924	0.4925116	-0.0178423	-1.1292599	0.1762262	0.0518276	-1.0955301	0.1759199	-0.0356037	-1.0155492	0.0895441	0.0028736	-1.0650141	0.0914107	0.0589076	-1.1990648	0.1929571	-0.0052422	-0.6283355	0.5154166	-0.2254163	-0.6385845	0.5260560	-0.0826678	-0.6345143	0.1215080	-0.1732311	-0.6194991	0.1340932	-0.0800207	-0.4737231	0.0911956	-0.1236584	-0.7150814	0.1030588	-0.1238352	-0.5162393	0.0847506	-0.1845406	-0.7646734	1.5226251	0.1001879	-0.7747601	1.5215494	-0.2611451	-0.8734174	1.5361692	-0.0774777	-0.7352959	0.7022259	0.1438532	-0.8054610	0.6167840	0.1595863	-0.8653219	0.7471935	0.1624432	-0.6073997	0.7806233	-0.2670318	-0.6164395	0.6743429	-0.2777783	-0.7329982	0.7476708	-0.3075795	-0.9653225	0.3901003	0.1040111	-1.0071885	0.2798903	0.0997053	-1.0666818	0.3273961	0.0983490	-0.6274311	0.3953421	-0.2102967	-0.5932505	0.2778740	-0.2063388	-0.6709197	0.2859753	-0.2191746	-0.7861214	0.8789157	0.0374683	-0.7624687	0.8917187	-0.1914320	-0.8270414	1.1673680	0.2143368	-0.8338190	1.1537792	0.1273970	-0.6977058	0.9394988	0.1809649	-0.7551102	0.9088460	0.1944663	-0.7920243	1.1776938	-0.3590444	-0.8226001	1.1680094	-0.2873984	-0.7032479	0.9282562	-0.3113948	-0.7668515	0.9149031	-0.3417200
194	3.2166667	-0.7653900	1.4761474	-0.0859900	-0.7527100	1.4708174	0.0935200	-0.8024100	1.1995274	0.1719200	-0.7316900	0.9507474	0.1974100	-0.7465900	1.4785074	-0.2663300	-0.7678400	1.2096274	-0.3246400	-0.7365100	0.9454574	-0.3323600	-0.7171700	0.9122574	-0.0726600	-0.7211300	0.9115474	0.0566600	-0.8282100	0.4878874	0.0575800	-1.1092500	0.1834474	0.0040200	-0.6975500	0.9148474	-0.2018200	-0.6452000	0.5221574	-0.1584600	-0.6382200	0.1176174	-0.1282900	-0.4549500	0.0827074	-0.1365300	-0.4661800	0.0830674	-0.1366100	-0.6815800	0.0787274	-0.1215500	-1.0052100	0.0714274	0.0149300	-1.0142900	0.0794174	0.0150800	-1.1532100	0.1714274	-0.0012900	-0.6640776	0.9706355	0.1299025	-0.6240571	0.9933839	-0.2481747	-0.8826226	1.0113717	-0.0088087	-0.8665630	1.0202475	-0.1574995	-0.8656587	0.4851648	0.1214782	-0.8408512	0.4903534	-0.0143422	-1.1170992	0.1863754	0.0517008	-1.0833843	0.1844357	-0.0357255	-1.0135514	0.0906126	0.0009871	-1.0605896	0.0964197	0.0575682	-1.1842668	0.2088851	-0.0046561	-0.6229958	0.5135495	-0.2274312	-0.6337070	0.5247132	-0.0863808	-0.6353541	0.1192533	-0.1742943	-0.6206422	0.1319137	-0.0817233	-0.4747147	0.0882623	-0.1253146	-0.7166638	0.1010266	-0.1249262	-0.5174702	0.0815966	-0.1857295	-0.7506653	1.5244582	0.0967228	-0.7590579	1.5220020	-0.2652802	-0.8587679	1.5372661	-0.0822773	-0.7151964	0.7065302	0.1430015	-0.7822245	0.6192706	0.1598610	-0.8458986	0.7474342	0.1606756	-0.5952481	0.7775467	-0.2681571	-0.6067960	0.6717273	-0.2789705	-0.7202833	0.7482343	-0.3086368	-0.9417866	0.3907717	0.1059567	-0.9898631	0.2827954	0.1005430	-1.0460884	0.3339162	0.0997364	-0.6238823	0.3931904	-0.2120998	-0.5915442	0.2748608	-0.2073734	-0.6689051	0.2846548	-0.2209423	-0.7705765	0.8793855	0.0347477	-0.7465308	0.8931066	-0.1936972	-0.8156672	1.1697984	0.2113879	-0.8213511	1.1559241	0.1244181	-0.6870544	0.9409273	0.1805722	-0.7445640	0.9106515	0.1933666	-0.7752746	1.1780712	-0.3617516	-0.8065265	1.1686467	-0.2905404	-0.6871078	0.9285160	-0.3130958	-0.7504842	0.9152114	-0.3439169
195	3.2333333	-0.7514300	1.4777174	-0.0894300	-0.7384800	1.4726374	0.0905100	-0.7918500	1.2015874	0.1704400	-0.7179700	0.9531274	0.1958500	-0.7327700	1.4797874	-0.2702000	-0.7504400	1.2113274	-0.3280900	-0.7182400	0.9459274	-0.3351600	-0.7025000	0.9125774	-0.0745300	-0.7053500	0.9128074	0.0552400	-0.7838800	0.4946074	0.0592300	-1.0839300	0.1993974	0.0056600	-0.6838700	0.9143074	-0.2042200	-0.6374800	0.5204874	-0.1600200	-0.6394900	0.1162574	-0.1281500	-0.4558500	0.0803774	-0.1358800	-0.4672200	0.0808074	-0.1360000	-0.6854700	0.0776874	-0.1210500	-0.9984300	0.0760674	0.0146500	-1.0059600	0.0847074	0.0150400	-1.1303000	0.1876074	0.0006200	-0.6497797	0.9705981	0.1282650	-0.6096713	0.9941706	-0.2490582	-0.8687682	1.0112755	-0.0108544	-0.8527232	1.0205697	-0.1593011	-0.8315283	0.4840828	0.1247611	-0.8064654	0.4879941	-0.0102500	-1.0993445	0.1976082	0.0522881	-1.0660412	0.1941350	-0.0353713	-1.0075357	0.0931250	-0.0004154	-1.0516000	0.1029493	0.0568524	-1.1634153	0.2259318	-0.0033733	-0.6188025	0.5114751	-0.2289974	-0.6298299	0.5232730	-0.0895369	-0.6369937	0.1166075	-0.1747341	-0.6225667	0.1295028	-0.0826926	-0.4764935	0.0857624	-0.1263621	-0.7190349	0.0982550	-0.1253944	-0.5194344	0.0784963	-0.1863896	-0.7371812	1.5256494	0.0933960	-0.7436357	1.5221389	-0.2690819	-0.8445375	1.5380660	-0.0870683	-0.6932053	0.7119586	0.1422908	-0.7555090	0.6222551	0.1605163	-0.8247010	0.7468468	0.1595015	-0.5842483	0.7738225	-0.2688745	-0.5983209	0.6686148	-0.2797771	-0.7088233	0.7480512	-0.3094062	-0.9126425	0.3912470	0.1085861	-0.9670977	0.2858837	0.1019660	-1.0196015	0.3407769	0.1020115	-0.6214204	0.3908394	-0.2133904	-0.5908798	0.2716598	-0.2078360	-0.6678400	0.2829849	-0.2222177	-0.7558315	0.8793837	0.0323768	-0.7317288	0.8936476	-0.1956359	-0.8050654	1.1716091	0.2088555	-0.8097283	1.1574299	0.1217375	-0.6767050	0.9420705	0.1804296	-0.7342597	0.9120111	0.1924916	-0.7589901	1.1779168	-0.3644234	-0.7909569	1.1687273	-0.2936184	-0.6711518	0.9283922	-0.3146181	-0.7343257	0.9150195	-0.3459942
196	3.2500000	-0.7380500	1.4794774	-0.0921400	-0.7244800	1.4743574	0.0878800	-0.7783300	1.2036274	0.1684700	-0.7040600	0.9552674	0.1942500	-0.7200100	1.4815674	-0.2730300	-0.7340400	1.2124874	-0.3314500	-0.6998600	0.9469174	-0.3382400	-0.6873100	0.9119874	-0.0762000	-0.6879800	0.9134674	0.0537600	-0.7376800	0.5010274	0.0602000	-1.0561100	0.2147174	0.0069200	-0.6707800	0.9127174	-0.2062600	-0.6289700	0.5179674	-0.1612800	-0.6391000	0.1157374	-0.1278900	-0.4563200	0.0782874	-0.1359900	-0.4676200	0.0788374	-0.1361000	-0.6850100	0.0782774	-0.1204800	-0.9821700	0.0837274	0.0162200	-0.9882700	0.0928874	0.0167500	-1.1036100	0.2031274	0.0018000	-0.6344343	0.9700105	0.1267461	-0.5951264	0.9938458	-0.2501482	-0.8545078	1.0104526	-0.0125090	-0.8388317	1.0199564	-0.1608275	-0.7912422	0.4830723	0.1282030	-0.7663816	0.4858893	-0.0061665	-1.0746060	0.2092497	0.0535070	-1.0419964	0.2044663	-0.0345747	-0.9941249	0.0972425	-0.0007508	-1.0352151	0.1109051	0.0572212	-1.1358393	0.2428243	-0.0017414	-0.6137060	0.5090752	-0.2303048	-0.6247509	0.5215959	-0.0922281	-0.6374038	0.1136999	-0.1746798	-0.6230923	0.1269541	-0.0830525	-0.4769527	0.0835855	-0.1271698	-0.7200997	0.0950043	-0.1252018	-0.5201523	0.0754179	-0.1868048	-0.7229993	1.5260370	0.0903084	-0.7275853	1.5220844	-0.2724013	-0.8296916	1.5384111	-0.0913950	-0.6682652	0.7180031	0.1416810	-0.7244959	0.6255782	0.1613403	-0.8005866	0.7453818	0.1588575	-0.5727430	0.7695698	-0.2695255	-0.5892464	0.6650236	-0.2804863	-0.6971887	0.7468680	-0.3100502	-0.8770619	0.3917947	0.1114962	-0.9376294	0.2892647	0.1037900	-0.9863796	0.3476639	0.1047965	-0.6179948	0.3881962	-0.2143745	-0.5891721	0.2682118	-0.2080160	-0.6657571	0.2809896	-0.2230710	-0.7403560	0.8786004	0.0304232	-0.7167266	0.8930787	-0.1973555	-0.7935338	1.1725383	0.2066481	-0.7973121	1.1580452	0.1193700	-0.6651606	0.9426121	0.1803537	-0.7227009	0.9126441	0.1917083	-0.7420608	1.1770067	-0.3671305	-0.7747020	1.1680063	-0.2966416	-0.6541037	0.9276522	-0.3161418	-0.7171489	0.9140696	-0.3480285
197	3.2666667	-0.7248200	1.4811374	-0.0942800	-0.7118600	1.4758874	0.0856800	-0.7626300	1.2055674	0.1659100	-0.6903700	0.9570274	0.1928800	-0.7062400	1.4833774	-0.2750100	-0.7186100	1.2130774	-0.3346500	-0.6813200	0.9484874	-0.3415700	-0.6710500	0.9133574	-0.0778800	-0.6690600	0.9156174	0.0521100	-0.6940100	0.5077674	0.0596800	-1.0294500	0.2268574	0.0070700	-0.6571300	0.9131674	-0.2081800	-0.6218400	0.5146674	-0.1625300	-0.6379000	0.1163074	-0.1275300	-0.4568900	0.0766474	-0.1367600	-0.4679700	0.0774074	-0.1367900	-0.6809800	0.0811374	-0.1198900	-0.9583700	0.0914574	0.0177500	-0.9636400	0.1005574	0.0183800	-1.0775400	0.2151974	0.0018500	-0.6173083	0.9716296	0.1251494	-0.5798422	0.9952734	-0.2518251	-0.8392484	1.0117663	-0.0138021	-0.8243444	1.0212739	-0.1621692	-0.7472221	0.4853575	0.1308585	-0.7227908	0.4872699	-0.0031340	-1.0443638	0.2223724	0.0547955	-1.0124586	0.2165717	-0.0338100	-0.9725730	0.1043751	-0.0001812	-1.0113571	0.1214145	0.0583928	-1.1038192	0.2601007	-0.0004375	-0.6076340	0.5088451	-0.2316636	-0.6182470	0.5221291	-0.0947881	-0.6363399	0.1131975	-0.1744468	-0.6218176	0.1268594	-0.0832393	-0.4758122	0.0837901	-0.1282393	-0.7195021	0.0941517	-0.1245700	-0.5194403	0.0746072	-0.1873274	-0.7081744	1.5283984	0.0873101	-0.7111112	1.5246053	-0.2754410	-0.8143803	1.5409573	-0.0951811	-0.6410797	0.7268745	0.1409896	-0.6906055	0.6318648	0.1618626	-0.7741845	0.7461692	0.1583903	-0.5604007	0.7675437	-0.2705835	-0.5793845	0.6636153	-0.2814851	-0.6851932	0.7475285	-0.3107595	-0.8371046	0.3952862	0.1138402	-0.9030480	0.2953384	0.1053765	-0.9486064	0.3564896	0.1072105	-0.6134934	0.3878073	-0.2153953	-0.5862111	0.2671061	-0.2083673	-0.6625756	0.2812502	-0.2236645	-0.7235985	0.8799101	0.0287699	-0.7010744	0.8943268	-0.1990724	-0.7805947	1.1752269	0.2043700	-0.7835341	1.1604427	0.1170686	-0.6521719	0.9450610	0.1800518	-0.7096270	0.9151492	0.1907378	-0.7243113	1.1780981	-0.3699354	-0.7575181	1.1692074	-0.2996419	-0.6358076	0.9289629	-0.3179311	-0.6988002	0.9150612	-0.3502116
198	3.2833333	-0.7113300	1.4828174	-0.0962000	-0.7002000	1.4774774	0.0837300	-0.7466700	1.2074374	0.1631100	-0.6761400	0.9582474	0.1916500	-0.6910600	1.4850874	-0.2766800	-0.7044300	1.2135974	-0.3378000	-0.6627700	0.9501274	-0.3450600	-0.6549700	0.9178674	-0.0795500	-0.6507000	0.9207974	0.0504200	-0.6553100	0.5156474	0.0569700	-1.0016900	0.2351074	0.0066800	-0.6433000	0.9168074	-0.2100100	-0.6163200	0.5116474	-0.1641200	-0.6366800	0.1178574	-0.1272800	-0.4580200	0.0757874	-0.1373300	-0.4689000	0.0767074	-0.1373100	-0.6760800	0.0846074	-0.1194600	-0.9291500	0.0968474	0.0178600	-0.9342300	0.1057474	0.0186600	-1.0504700	0.2231174	0.0017000	-0.5996751	0.9766258	0.1234338	-0.5650727	0.9995536	-0.2541131	-0.8240435	1.0162749	-0.0146642	-0.8103055	1.0255365	-0.1632480	-0.7037311	0.4919583	0.1321648	-0.6798770	0.4932284	-0.0017821	-1.0115101	0.2356857	0.0557829	-0.9801439	0.2292488	-0.0334142	-0.9446457	0.1134020	0.0007659	-0.9821108	0.1329737	0.0598358	-1.0705764	0.2760865	0.0002543	-0.6024451	0.5114435	-0.2330683	-0.6120956	0.5254327	-0.0971615	-0.6353513	0.1156340	-0.1741744	-0.6202346	0.1296660	-0.0834121	-0.4748535	0.0865364	-0.1295167	-0.7186274	0.0963308	-0.1236627	-0.5189968	0.0763038	-0.1879228	-0.6941755	1.5334844	0.0843689	-0.6955265	1.5302605	-0.2781421	-0.7999164	1.5463840	-0.0983535	-0.6141022	0.7389634	0.1401637	-0.6570096	0.6417573	0.1618365	-0.7478207	0.7504609	0.1579612	-0.5487041	0.7685463	-0.2720647	-0.5703860	0.6651614	-0.2827802	-0.6743446	0.7511604	-0.3115360	-0.7965810	0.4022775	0.1151111	-0.8665704	0.3040453	0.1063111	-0.9100356	0.3669114	0.1087436	-0.6096925	0.3903623	-0.2165006	-0.5836718	0.2690432	-0.2090191	-0.6600086	0.2843323	-0.2240144	-0.7067960	0.8845356	0.0274548	-0.6860009	0.8985616	-0.2007324	-0.7674181	1.1805662	0.2019395	-0.7695361	1.1655242	0.1147734	-0.6389592	0.9501859	0.1794552	-0.6962969	0.9203608	0.1895486	-0.7070466	1.1821297	-0.3727666	-0.7406938	1.1732786	-0.3025368	-0.6176632	0.9332232	-0.3200220	-0.6806525	0.9189423	-0.3526110
199	3.3000000	-0.6973000	1.4844474	-0.0981900	-0.6877600	1.4791874	0.0818000	-0.7314400	1.2094874	0.1604300	-0.6603700	0.9594274	0.1902400	-0.6755100	1.4866074	-0.2785400	-0.6908700	1.2144374	-0.3409800	-0.6444400	0.9518874	-0.3484000	-0.6402700	0.9249174	-0.0811700	-0.6350400	0.9286574	0.0487800	-0.6203700	0.5254674	0.0522800	-0.9699000	0.2399974	0.0059300	-0.6295800	0.9230574	-0.2116900	-0.6123200	0.5098574	-0.1665400	-0.6363000	0.1183774	-0.1272000	-0.4595700	0.0757674	-0.1371700	-0.4704200	0.0766874	-0.1371800	-0.6741800	0.0858574	-0.1192900	-0.8938600	0.1000174	0.0166300	-0.8993000	0.1086374	0.0176800	-1.0198400	0.2281374	0.0013400	-0.5829371	0.9844386	0.1215574	-0.5519320	1.0059957	-0.2568676	-0.8099657	1.0232527	-0.0151941	-0.7976773	1.0319713	-0.1640901	-0.6632999	0.5019264	0.1319483	-0.6401827	0.5029189	-0.0022456	-0.9774048	0.2467875	0.0561725	-0.9463804	0.2401862	-0.0336862	-0.9115945	0.1219303	0.0014850	-0.9487320	0.1429089	0.0609777	-1.0373858	0.2882517	0.0001487	-0.5996803	0.5158747	-0.2343609	-0.6079287	0.5305042	-0.0991855	-0.6358337	0.1196821	-0.1738765	-0.6198307	0.1340474	-0.0835564	-0.4755074	0.0905521	-0.1306165	-0.7188682	0.1001454	-0.1226494	-0.5201640	0.0791531	-0.1883484	-0.6817752	1.5401452	0.0814443	-0.6814264	1.5377298	-0.2805544	-0.7869297	1.5535980	-0.1010517	-0.5890719	0.7533133	0.1390784	-0.6257512	0.6542869	0.1611189	-0.7231753	0.7575472	0.1574769	-0.5389727	0.7715545	-0.2737072	-0.5636386	0.6686619	-0.2841513	-0.6657822	0.7570712	-0.3123111	-0.7576425	0.4114402	0.1151163	-0.8298941	0.3136019	0.1063336	-0.8726660	0.3771466	0.1091971	-0.6080804	0.3948453	-0.2175762	-0.5830148	0.2729605	-0.2098563	-0.6594728	0.2890167	-0.2241068	-0.6911988	0.8919237	0.0264516	-0.6725804	0.9051473	-0.2022501	-0.7548562	1.1877449	0.1994309	-0.7562192	1.1724710	0.1124562	-0.6262488	0.9571602	0.1785211	-0.6834832	0.9274626	0.1881448	-0.6911777	1.1882787	-0.3755845	-0.7251598	1.1794323	-0.3052926	-0.6006901	0.9396308	-0.3223345	-0.6636897	0.9249413	-0.3552185
200	3.3166667	-0.6828600	1.4860274	-0.1001200	-0.6741100	1.4809574	0.0800100	-0.7171800	1.2117574	0.1579600	-0.6432200	0.9613374	0.1886000	-0.6603000	1.4879574	-0.2805100	-0.6762200	1.2159274	-0.3440200	-0.6267600	0.9538674	-0.3514800	-0.6264600	0.9325074	-0.0830400	-0.6219400	0.9369974	0.0468700	-0.5866800	0.5366074	0.0467700	-0.9345100	0.2420574	0.0045000	-0.6150900	0.9298074	-0.2134800	-0.6103600	0.5085974	-0.1697300	-0.6374300	0.1173174	-0.1273700	-0.4613600	0.0759274	-0.1364200	-0.4723800	0.0767074	-0.1365200	-0.6754600	0.0839174	-0.1193600	-0.8527100	0.1032274	0.0153200	-0.8589900	0.1114074	0.0166400	-0.9846500	0.2310774	-0.0000900	-0.5669776	0.9930873	0.1192150	-0.5397556	1.0126270	-0.2602203	-0.7965561	1.0305838	-0.0158886	-0.7857940	1.0384827	-0.1651283	-0.6255512	0.5129840	0.1302004	-0.6032933	0.5141301	-0.0044206	-0.9413403	0.2536022	0.0555262	-0.9104841	0.2473415	-0.0350415	-0.8732571	0.1279882	0.0015048	-0.9109363	0.1491816	0.0612981	-1.0032221	0.2945565	-0.0011938	-0.5990051	0.5200463	-0.2356775	-0.6055447	0.5352941	-0.1009837	-0.6374452	0.1230257	-0.1737474	-0.6203497	0.1377303	-0.0837937	-0.4772217	0.0938609	-0.1314000	-0.7199909	0.1031051	-0.1218389	-0.5223809	0.0810175	-0.1886206	-0.6700321	1.5461009	0.0783840	-0.6677280	1.5446625	-0.2829602	-0.7743630	1.5603681	-0.1036244	-0.5656270	0.7678814	0.1373958	-0.5964713	0.6673029	0.1594877	-0.6998977	0.7652653	0.1565963	-0.5306665	0.7743251	-0.2755817	-0.5586533	0.6719303	-0.2857046	-0.6588076	0.7632303	-0.3133786	-0.7197996	0.4204809	0.1137365	-0.7924431	0.3216998	0.1051527	-0.8359072	0.3850718	0.1083643	-0.6083043	0.3991414	-0.2187743	-0.5838744	0.2766937	-0.2109710	-0.6606056	0.2930640	-0.2242096	-0.6764335	0.9000541	0.0253644	-0.6601045	0.9120706	-0.2039208	-0.7422570	1.1947902	0.1966683	-0.7429366	1.1792830	0.1098426	-0.6132435	0.9640854	0.1770273	-0.6703905	0.9345036	0.1863061	-0.6759413	1.1945332	-0.3786154	-0.7101788	1.1856793	-0.3081902	-0.5842718	0.9461816	-0.3250168	-0.6472664	0.9310873	-0.3582044
201	3.3333333	-0.6685300	1.4875374	-0.1017700	-0.6603100	1.4827174	0.0785400	-0.7038300	1.2140374	0.1557000	-0.6261700	0.9641774	0.1869100	-0.6454500	1.4892074	-0.2822600	-0.6602900	1.2186174	-0.3465500	-0.6103800	0.9557274	-0.3545800	-0.6124900	0.9396074	-0.0852600	-0.6096800	0.9450474	0.0445600	-0.5533800	0.5475274	0.0417100	-0.8970300	0.2417174	0.0027400	-0.5994900	0.9358874	-0.2154900	-0.6102500	0.5068674	-0.1726900	-0.6378900	0.1156174	-0.1276500	-0.4633700	0.0751174	-0.1355500	-0.4744900	0.0758074	-0.1357800	-0.6752300	0.0824274	-0.1196700	-0.8090500	0.1055274	0.0148500	-0.8163500	0.1133874	0.0163600	-0.9448200	0.2314974	-0.0022300	-0.5511004	1.0015412	0.1163209	-0.5273915	1.0185453	-0.2640793	-0.7828348	1.0371149	-0.0170013	-0.7735057	1.0439858	-0.1665534	-0.5894970	0.5239527	0.1272883	-0.5680761	0.5255960	-0.0078035	-0.9025024	0.2560589	0.0539159	-0.8716370	0.2505450	-0.0373312	-0.8299225	0.1312671	0.0010242	-0.8687910	0.1517609	0.0608892	-0.9667312	0.2952182	-0.0036996	-0.5991865	0.5231168	-0.2369901	-0.6038364	0.5389477	-0.1025720	-0.6389432	0.1249264	-0.1738379	-0.6206058	0.1399690	-0.0841529	-0.4787641	0.0957265	-0.1318691	-0.7207748	0.1045186	-0.1212945	-0.5243805	0.0812288	-0.1887795	-0.6578397	1.5504312	0.0752321	-0.6533604	1.5499831	-0.2854197	-0.7610830	1.5656289	-0.1061870	-0.5429109	0.7816897	0.1351334	-0.5682913	0.6797652	0.1570667	-0.6770908	0.7725385	0.1551738	-0.5225907	0.7758808	-0.2776238	-0.5541856	0.6740431	-0.2873917	-0.6520600	0.7686924	-0.3148004	-0.6821483	0.4284837	0.1112588	-0.7534872	0.3277018	0.1029689	-0.7987395	0.3902028	0.1064246	-0.6091282	0.4024440	-0.2200941	-0.5850101	0.2794739	-0.2123243	-0.6621393	0.2956972	-0.2244043	-0.6615301	0.9078211	0.0239892	-0.6473256	0.9183080	-0.2058448	-0.7288445	1.2008153	0.1936233	-0.7288171	1.1850634	0.1069000	-0.5991360	0.9701515	0.1750680	-0.6561643	0.9406069	0.1840735	-0.6603263	1.2000164	-0.3818072	-0.6947319	1.1911377	-0.3112439	-0.5676050	0.9519315	-0.3280581	-0.6305842	0.9364909	-0.3614950
202	3.3500000	-0.6544700	1.4892874	-0.1031800	-0.6466400	1.4845574	0.0772600	-0.6910700	1.2163774	0.1536700	-0.6108300	0.9671274	0.1852300	-0.6310100	1.4908274	-0.2837600	-0.6448100	1.2220274	-0.3485200	-0.5952400	0.9572774	-0.3578800	-0.5981200	0.9454574	-0.0873200	-0.5965200	0.9519274	0.0424000	-0.5212500	0.5560174	0.0373800	-0.8580200	0.2383274	0.0013100	-0.5839900	0.9406674	-0.2173700	-0.6100000	0.5047074	-0.1741700	-0.6367100	0.1150474	-0.1278700	-0.4654300	0.0733674	-0.1349500	-0.4763200	0.0741274	-0.1353500	-0.6715200	0.0830674	-0.1200800	-0.7649800	0.1045474	0.0141800	-0.7729100	0.1119874	0.0158900	-0.9025700	0.2285274	-0.0041200	-0.5351516	1.0089490	0.1133897	-0.5146407	1.0231575	-0.2677876	-0.7685428	1.0421223	-0.0180387	-0.7605349	1.0478719	-0.1678254	-0.5551242	0.5338051	0.1239722	-0.5344723	0.5361472	-0.0115776	-0.8613569	0.2543612	0.0520725	-0.8303758	0.2498520	-0.0397965	-0.7831518	0.1314755	0.0005624	-0.8235607	0.1507112	0.0603228	-0.9279188	0.2908946	-0.0064847	-0.5993532	0.5247113	-0.2377612	-0.6020597	0.5410563	-0.1034832	-0.6397007	0.1252988	-0.1737348	-0.6200203	0.1406371	-0.0842433	-0.4797132	0.0958463	-0.1317262	-0.7205471	0.1045348	-0.1205866	-0.5256854	0.0797446	-0.1884895	-0.6450128	1.5528204	0.0725214	-0.6384118	1.5532949	-0.2874600	-0.7470568	1.5689054	-0.1082639	-0.5207886	0.7938384	0.1328819	-0.5411372	0.6907540	0.1544978	-0.6545949	0.7785769	0.1536882	-0.5142987	0.7758061	-0.2792602	-0.5495869	0.6746052	-0.2886444	-0.6449358	0.7728704	-0.3160097	-0.6448821	0.4347477	0.1084088	-0.7134799	0.3312285	0.1004994	-0.7612539	0.3923033	0.1041202	-0.6097587	0.4044050	-0.2210240	-0.5857263	0.2810010	-0.2134175	-0.6632848	0.2967523	-0.2242422	-0.6462316	0.9143693	0.0227612	-0.6339587	0.9231662	-0.2075047	-0.7148208	1.2052671	0.1908151	-0.7140065	1.1892772	0.1041872	-0.5842760	0.9747957	0.1732542	-0.6411366	0.9451966	0.1820077	-0.6444179	1.2041696	-0.3846232	-0.6788611	1.1952416	-0.3139250	-0.5508587	0.9562613	-0.3310191	-0.6138414	0.9405683	-0.3645512
203	3.3666667	-0.6405000	1.4912574	-0.1046000	-0.6326100	1.4864474	0.0759000	-0.6786400	1.2191174	0.1518800	-0.5974400	0.9694974	0.1834500	-0.6171200	1.4928374	-0.2852300	-0.6305100	1.2253574	-0.3502500	-0.5804800	0.9586474	-0.3609900	-0.5837300	0.9497274	-0.0888100	-0.5819300	0.9571374	0.0408700	-0.4914900	0.5616174	0.0330500	-0.8160500	0.2324474	0.0000500	-0.5698300	0.9439774	-0.2188400	-0.6074900	0.5034374	-0.1740000	-0.6356300	0.1151874	-0.1280500	-0.4675000	0.0715974	-0.1344700	-0.4777900	0.0724574	-0.1351900	-0.6693200	0.0842974	-0.1205600	-0.7185700	0.1015574	0.0121800	-0.7264600	0.1086374	0.0142000	-0.8587700	0.2233174	-0.0058100	-0.5193525	1.0148774	0.1108596	-0.5019796	1.0262086	-0.2709053	-0.7540130	1.0454394	-0.0185544	-0.7473076	1.0500512	-0.1684996	-0.5226931	0.5419389	0.1206310	-0.5029091	0.5451250	-0.0153500	-0.8186287	0.2490628	0.0503744	-0.7876166	0.2457503	-0.0420759	-0.7343206	0.1290553	0.0001172	-0.7763515	0.1466107	0.0597208	-0.8873173	0.2823889	-0.0089869	-0.5991776	0.5248833	-0.2377028	-0.6000039	0.5416570	-0.1034864	-0.6401384	0.1244943	-0.1732487	-0.6190922	0.1400595	-0.0839032	-0.4805405	0.0944715	-0.1308766	-0.7198318	0.1036658	-0.1195932	-0.5267588	0.0770133	-0.1876192	-0.6318564	1.5534121	0.0706331	-0.6234552	1.5548214	-0.2887794	-0.7328079	1.5703265	-0.1095163	-0.4994746	0.8038433	0.1309755	-0.5152184	0.6997523	0.1521340	-0.6325830	0.7829942	0.1525402	-0.5060135	0.7741761	-0.2801306	-0.5448379	0.6736816	-0.2891222	-0.6375289	0.7755746	-0.3165815	-0.6084593	0.4389610	0.1055346	-0.6730783	0.3322707	0.0980589	-0.7238190	0.3914945	0.1018620	-0.6100718	0.4050508	-0.2212675	-0.5861502	0.2813050	-0.2139611	-0.6640727	0.2965276	-0.2235189	-0.6308559	0.9193252	0.0220804	-0.6204749	0.9263872	-0.2085039	-0.7008572	1.2080352	0.1886403	-0.6992195	1.1918469	0.1021017	-0.5695150	0.9778369	0.1719554	-0.6262040	0.9481308	0.1804610	-0.6288247	1.2068194	-0.3867503	-0.6631661	1.1978231	-0.3158991	-0.5345877	0.9590097	-0.3335813	-0.5976075	0.9431408	-0.3670087
204	3.3833333	-0.6264100	1.4931674	-0.1060200	-0.6182100	1.4882674	0.0744400	-0.6663700	1.2218774	0.1503500	-0.5844900	0.9715974	0.1814500	-0.6033700	1.4948174	-0.2866300	-0.6161900	1.2280774	-0.3518400	-0.5646700	0.9608274	-0.3635600	-0.5690700	0.9531674	-0.0899400	-0.5663700	0.9611874	0.0396700	-0.4638700	0.5657774	0.0281600	-0.7698700	0.2267874	-0.0016900	-0.5561100	0.9469574	-0.2200000	-0.6021800	0.5042874	-0.1732900	-0.6352100	0.1160574	-0.1282500	-0.4686700	0.0705174	-0.1334000	-0.4781900	0.0714074	-0.1346900	-0.6712900	0.0854174	-0.1206800	-0.6679100	0.0983474	0.0095100	-0.6748600	0.1050774	0.0119300	-0.8103300	0.2153874	-0.0083000	-0.5032931	1.0199999	0.1085428	-0.4892391	1.0284672	-0.2736565	-0.7389713	1.0478837	-0.0187627	-0.7336389	1.0513797	-0.1688022	-0.4915763	0.5490039	0.1169379	-0.4729021	0.5531786	-0.0194311	-0.7736183	0.2415076	0.0484215	-0.7427939	0.2395988	-0.0445601	-0.6829987	0.1256412	-0.0007798	-0.7265853	0.1410943	0.0586183	-0.8441338	0.2709858	-0.0115773	-0.5978737	0.5246209	-0.2371559	-0.5969766	0.5417687	-0.1029477	-0.6403193	0.1237030	-0.1726532	-0.6179884	0.1394356	-0.0834197	-0.4811837	0.0928340	-0.1296247	-0.7189219	0.1031286	-0.1186752	-0.5275800	0.0743315	-0.1864621	-0.6181810	1.5532446	0.0693152	-0.6083208	1.5556146	-0.2896798	-0.7182241	1.5709237	-0.1102729	-0.4784886	0.8124424	0.1291104	-0.4899753	0.7074663	0.1496628	-0.6105389	0.7864933	0.1514942	-0.4973678	0.7720402	-0.2804965	-0.5393921	0.6722835	-0.2891150	-0.6293815	0.7775910	-0.3167429	-0.5722777	0.4419551	0.1022877	-0.6316977	0.3318892	0.0952626	-0.6856784	0.3888039	0.0992898	-0.6094939	0.4053187	-0.2210989	-0.5859807	0.2813052	-0.2141702	-0.6641419	0.2961753	-0.2225742	-0.6150999	0.9234256	0.0217469	-0.6067159	0.9287679	-0.2090665	-0.6868608	1.2099928	0.1868843	-0.6844199	1.1936722	0.1003975	-0.5547852	0.9801261	0.1709171	-0.6113398	0.9502915	0.1791733	-0.6132667	1.2087919	-0.3884613	-0.6474054	1.1997070	-0.3174257	-0.5183787	0.9610821	-0.3359055	-0.5814517	0.9450538	-0.3690492
205	3.4000000	-0.6121600	1.4945874	-0.1074100	-0.6038800	1.4896574	0.0729700	-0.6537300	1.2237174	0.1491300	-0.5706800	0.9736074	0.1793600	-0.5892700	1.4962174	-0.2879200	-0.6009700	1.2304374	-0.3532000	-0.5466200	0.9640174	-0.3656600	-0.5532300	0.9566674	-0.0911200	-0.5502300	0.9650474	0.0382500	-0.4379400	0.5700174	0.0230100	-0.7194000	0.2162174	-0.0043300	-0.5406500	0.9501274	-0.2209800	-0.5949500	0.5069774	-0.1731700	-0.6335700	0.1186174	-0.1281200	-0.4672200	0.0701674	-0.1316000	-0.4760100	0.0711374	-0.1336900	-0.6729300	0.0881174	-0.1196100	-0.6127000	0.0930274	0.0070000	-0.6184000	0.0998074	0.0098100	-0.7576500	0.2005374	-0.0119400	-0.4860071	1.0250662	0.1060900	-0.4755201	1.0308569	-0.2764379	-0.7225174	1.0503084	-0.0190517	-0.7186483	1.0527678	-0.1691397	-0.4613592	0.5556176	0.1123730	-0.4439312	0.5609019	-0.0243818	-0.7249987	0.2318132	0.0456755	-0.6944834	0.2315389	-0.0477656	-0.6276243	0.1218028	-0.0023860	-0.6727396	0.1346878	0.0566731	-0.7969673	0.2564731	-0.0149373	-0.5943095	0.5249174	-0.2365819	-0.5918568	0.5424281	-0.1023703	-0.6394108	0.1238961	-0.1721315	-0.6158832	0.1397579	-0.0830299	-0.4806568	0.0919107	-0.1283226	-0.7170925	0.1038761	-0.1179775	-0.5272496	0.0727100	-0.1852953	-0.6034695	1.5533307	0.0681278	-0.5923820	1.5565212	-0.2906662	-0.7027460	1.5716285	-0.1110661	-0.4570439	0.8202627	0.1269322	-0.4647886	0.7145289	0.1466634	-0.5878190	0.7898915	0.1501087	-0.4873979	0.7704566	-0.2808107	-0.5322159	0.6714316	-0.2890681	-0.6195144	0.7798369	-0.3169018	-0.5357007	0.4443029	0.0981761	-0.5884224	0.3306254	0.0916741	-0.6459548	0.3844789	0.0958137	-0.6069632	0.4061490	-0.2208734	-0.5842443	0.2819006	-0.2143066	-0.6625261	0.2966885	-0.2216968	-0.5980437	0.9275335	0.0213474	-0.5918059	0.9312739	-0.2096326	-0.6720772	1.2119986	0.1851286	-0.6688665	1.1956283	0.0986553	-0.5392482	0.9825362	0.1697501	-0.5957171	0.9525573	0.1777382	-0.5967682	1.2109825	-0.3901436	-0.6306547	1.2017660	-0.3188884	-0.5010982	0.9634558	-0.3382527	-0.5642124	0.9472192	-0.3709906
206	3.4166667	-0.5980500	1.4954374	-0.1087500	-0.5898600	1.4904274	0.0716200	-0.6399400	1.2242374	0.1480100	-0.5562300	0.9751174	0.1772500	-0.5751100	1.4971174	-0.2892300	-0.5855700	1.2323474	-0.3545600	-0.5274500	0.9672374	-0.3675500	-0.5360400	0.9588174	-0.0924400	-0.5335300	0.9675874	0.0365500	-0.4148200	0.5732274	0.0181000	-0.6679700	0.2001174	-0.0076100	-0.5231100	0.9516874	-0.2218900	-0.5871400	0.5090074	-0.1734700	-0.6290700	0.1219874	-0.1274800	-0.4636300	0.0691874	-0.1300900	-0.4718200	0.0704774	-0.1329700	-0.6689000	0.0932774	-0.1175600	-0.5541900	0.0878174	0.0045300	-0.5586800	0.0941774	0.0076400	-0.7070300	0.1804174	-0.0155900	-0.4674398	1.0285574	0.1034920	-0.4605771	1.0321026	-0.2792902	-0.7045472	1.0513426	-0.0193777	-0.7021526	1.0529369	-0.1694888	-0.4329258	0.5599532	0.1069709	-0.4167963	0.5664053	-0.0301813	-0.6735837	0.2186770	0.0422357	-0.6434291	0.2202060	-0.0515922	-0.5687537	0.1164595	-0.0044922	-0.6153930	0.1264070	0.0541550	-0.7466665	0.2374597	-0.0190378	-0.5882751	0.5245090	-0.2362639	-0.5843405	0.5423414	-0.1020144	-0.6368309	0.1238731	-0.1716433	-0.6120910	0.1398123	-0.0826545	-0.4784901	0.0903783	-0.1270738	-0.7135994	0.1047522	-0.1172728	-0.5253240	0.0709062	-0.1841740	-0.5877982	1.5524092	0.0670817	-0.5757940	1.5561938	-0.2917260	-0.6864226	1.5710846	-0.1117807	-0.4352194	0.8254523	0.1244526	-0.4400763	0.7191171	0.1431465	-0.5647550	0.7916894	0.1483186	-0.4757936	0.7681598	-0.2813140	-0.5230600	0.6698698	-0.2892390	-0.6078041	0.7810166	-0.3172472	-0.4996675	0.4444125	0.0932861	-0.5441958	0.3270862	0.0874175	-0.6055035	0.3769829	0.0914870	-0.6021673	0.4063148	-0.2208309	-0.5805057	0.2818885	-0.2145499	-0.6588452	0.2968308	-0.2209695	-0.5795669	0.9301645	0.0207766	-0.5755116	0.9325657	-0.2103270	-0.6564393	1.2126596	0.1833150	-0.6525127	1.1963177	0.0968337	-0.5228009	0.9836836	0.1684026	-0.5792286	0.9535190	0.1760975	-0.5793317	1.2120372	-0.3918717	-0.6129284	1.2026267	-0.3203593	-0.4826069	0.9648474	-0.3406207	-0.5457400	0.9483070	-0.3728680
207	3.4333333	-0.5846100	1.4959174	-0.1099500	-0.5765000	1.4906274	0.0705500	-0.6245600	1.2238074	0.1466700	-0.5414000	0.9757774	0.1750900	-0.5615900	1.4978374	-0.2905200	-0.5707700	1.2335174	-0.3561500	-0.5093800	0.9694674	-0.3693100	-0.5186800	0.9584674	-0.0936600	-0.5165900	0.9674974	0.0350700	-0.3953600	0.5735574	0.0135200	-0.6177100	0.1838374	-0.0107100	-0.5054300	0.9511174	-0.2228200	-0.5798500	0.5085574	-0.1734200	-0.6217600	0.1240874	-0.1271000	-0.4607900	0.0660974	-0.1300600	-0.4685700	0.0680674	-0.1335100	-0.6582200	0.0968374	-0.1161000	-0.4928600	0.0847074	0.0021200	-0.4969400	0.0904074	0.0054100	-0.6585700	0.1571074	-0.0184800	-0.4488740	1.0292510	0.1010492	-0.4454293	1.0311290	-0.2819248	-0.6862852	1.0499597	-0.0194325	-0.6852723	1.0509142	-0.1695538	-0.4080096	0.5606578	0.1012082	-0.3932285	0.5683228	-0.0362650	-0.6215269	0.2020411	0.0385857	-0.5918060	0.2055083	-0.0554645	-0.5085427	0.1097023	-0.0065958	-0.5566470	0.1163436	0.0515836	-0.6954174	0.2139591	-0.0233256	-0.5810555	0.5223437	-0.2362752	-0.5756543	0.5403863	-0.1019135	-0.6331080	0.1225555	-0.1711959	-0.6070889	0.1384727	-0.0822681	-0.4755595	0.0871442	-0.1261470	-0.7087246	0.1045868	-0.1163896	-0.5225830	0.0679134	-0.1832792	-0.5723580	1.5495474	0.0663365	-0.5599470	1.5536840	-0.2925528	-0.6704671	1.5682860	-0.1120593	-0.4143587	0.8266441	0.1219463	-0.4173397	0.7198733	0.1394406	-0.5428029	0.7906844	0.1463550	-0.4636515	0.7640800	-0.2819811	-0.5131066	0.6665506	-0.2896484	-0.5954922	0.7800988	-0.3176847	-0.4661266	0.4413108	0.0880981	-0.5011865	0.3206639	0.0829614	-0.5662249	0.3657119	0.0867571	-0.5961956	0.4047977	-0.2210661	-0.5756227	0.2802782	-0.2150176	-0.6539757	0.2955248	-0.2204108	-0.5609412	0.9301324	0.0202562	-0.5589477	0.9315442	-0.2109366	-0.6409421	1.2109233	0.1817233	-0.6364110	1.1946766	0.0952046	-0.5064266	0.9825325	0.1670969	-0.5628446	0.9521002	0.1745036	-0.5623162	1.2109035	-0.3934434	-0.5955536	1.2012428	-0.3216295	-0.4642330	0.9642462	-0.3428154	-0.5273841	0.9472872	-0.3744810
208	3.4500000	-0.5719500	1.4961274	-0.1108900	-0.5640400	1.4904574	0.0697400	-0.6082900	1.2230074	0.1452000	-0.5259900	0.9758374	0.1730300	-0.5487300	1.4984374	-0.2915500	-0.5562500	1.2340774	-0.3577200	-0.4925900	0.9708374	-0.3708300	-0.5022300	0.9569474	-0.0945700	-0.5001600	0.9656574	0.0341600	-0.3778300	0.5713374	0.0091500	-0.5686900	0.1704674	-0.0129400	-0.4889700	0.9496774	-0.2237400	-0.5726800	0.5063574	-0.1730500	-0.6131000	0.1240174	-0.1278300	-0.4596500	0.0618674	-0.1318600	-0.4673100	0.0647774	-0.1356000	-0.6448100	0.0966274	-0.1168200	-0.4307300	0.0828474	0.0005800	-0.4351100	0.0873974	0.0038100	-0.6115900	0.1416774	-0.0197800	-0.4314346	1.0285793	0.0990312	-0.4310091	1.0293102	-0.2841187	-0.6688817	1.0475718	-0.0190461	-0.6690803	1.0480851	-0.1691830	-0.3867796	0.5592042	0.0956853	-0.3734324	0.5680667	-0.0419731	-0.5705044	0.1852513	0.0354381	-0.5413655	0.1907090	-0.0586535	-0.4491872	0.1038610	-0.0082525	-0.4985199	0.1070989	0.0495097	-0.6449150	0.1900846	-0.0269077	-0.5738061	0.5196299	-0.2365924	-0.5669995	0.5377574	-0.1020292	-0.6288281	0.1209822	-0.1711424	-0.6015465	0.1367514	-0.0821799	-0.4726743	0.0833019	-0.1258717	-0.7029757	0.1043026	-0.1156690	-0.5197433	0.0648942	-0.1829586	-0.5581112	1.5462349	0.0659243	-0.5459152	1.5504988	-0.2929561	-0.6558966	1.5646807	-0.1117738	-0.3952050	0.8255161	0.1196405	-0.3970886	0.7183942	0.1359147	-0.5227674	0.7882244	0.1445435	-0.4519695	0.7595039	-0.2827299	-0.5034132	0.6627382	-0.2902440	-0.5836399	0.7783455	-0.3180979	-0.4357386	0.4368782	0.0832346	-0.4606424	0.3137108	0.0789011	-0.5290172	0.3532654	0.0823344	-0.5900416	0.4027954	-0.2216910	-0.5704316	0.2782582	-0.2159519	-0.6487242	0.2938540	-0.2202037	-0.5433285	0.9287577	0.0199923	-0.5431612	0.9294916	-0.2112844	-0.6263044	1.2081618	0.1805255	-0.6213269	1.1920669	0.0939350	-0.4908185	0.9804675	0.1659734	-0.5472442	0.9496741	0.1731350	-0.5466838	1.2089224	-0.3947196	-0.5794735	1.1989764	-0.3225491	-0.4469856	0.9629928	-0.3447331	-0.5101781	0.9455093	-0.3757287
209	3.4666667	-0.5592800	1.4961274	-0.1117300	-0.5517900	1.4900274	0.0689600	-0.5927900	1.2219774	0.1440300	-0.5108400	0.9756274	0.1712900	-0.5356800	1.4988374	-0.2923700	-0.5416000	1.2341474	-0.3590600	-0.4765500	0.9720774	-0.3718400	-0.4866600	0.9565374	-0.0953500	-0.4844800	0.9652874	0.0335500	-0.3598400	0.5687374	0.0050000	-0.5197500	0.1595574	-0.0143800	-0.4735200	0.9494574	-0.2247000	-0.5648500	0.5046774	-0.1731200	-0.6054400	0.1226274	-0.1293300	-0.4565300	0.0598674	-0.1350700	-0.4645700	0.0635674	-0.1388300	-0.6323200	0.0937474	-0.1190600	-0.3717800	0.0821774	-0.0000500	-0.3769900	0.0854774	0.0028800	-0.5594300	0.1251774	-0.0213300	-0.4150414	1.0289531	0.0973216	-0.4172345	1.0287897	-0.2860549	-0.6523020	1.0463508	-0.0185476	-0.6535411	1.0465106	-0.1687253	-0.3683515	0.5579249	0.0903325	-0.3564043	0.5679110	-0.0472934	-0.5204462	0.1710328	0.0327438	-0.4919852	0.1784632	-0.0611361	-0.3915153	0.1012241	-0.0094204	-0.4416934	0.1010081	0.0478257	-0.5947300	0.1688092	-0.0297776	-0.5665425	0.5183571	-0.2372350	-0.5584784	0.5365186	-0.1024883	-0.6238469	0.1208019	-0.1718250	-0.5954269	0.1363509	-0.0828204	-0.4693692	0.0811424	-0.1266479	-0.6963567	0.1051691	-0.1155742	-0.5164010	0.0638786	-0.1835564	-0.5450725	1.5447090	0.0654414	-0.5333803	1.5487975	-0.2932986	-0.6426398	1.5625088	-0.1114908	-0.3775400	0.8246579	0.1173457	-0.3788552	0.7171755	0.1324152	-0.5044168	0.7866494	0.1426790	-0.4407679	0.7565265	-0.2836292	-0.4939785	0.6604726	-0.2910595	-0.5721642	0.7778219	-0.3185777	-0.4079041	0.4334566	0.0786085	-0.4223346	0.3086070	0.0751575	-0.4933938	0.3422594	0.0781382	-0.5836913	0.4021819	-0.2227608	-0.5649002	0.2776359	-0.2174724	-0.6429847	0.2935825	-0.2205345	-0.5267212	0.9283978	0.0198028	-0.5281452	0.9286007	-0.2115897	-0.6123494	1.2065371	0.1794375	-0.6070533	1.1906398	0.0927850	-0.4758430	0.9796015	0.1648098	-0.5322972	0.9483957	0.1717723	-0.5321557	1.2082347	-0.3958981	-0.5644534	1.1979907	-0.3233332	-0.4307279	0.9631535	-0.3465637	-0.4939815	0.9450884	-0.3768528
210	3.4833333	-0.5457900	1.4956374	-0.1126400	-0.5384300	1.4892274	0.0680500	-0.5790800	1.2203874	0.1433900	-0.4969100	0.9749974	0.1699300	-0.5221000	1.4986574	-0.2932600	-0.5273600	1.2335874	-0.3603100	-0.4617600	0.9731474	-0.3722700	-0.4713800	0.9584074	-0.0963200	-0.4685200	0.9674674	0.0327100	-0.3416900	0.5670674	0.0011300	-0.4682200	0.1519474	-0.0158800	-0.4589400	0.9514674	-0.2258600	-0.5567900	0.5037274	-0.1740000	-0.6012300	0.1214374	-0.1304500	-0.4472500	0.0636074	-0.1390500	-0.4564700	0.0675174	-0.1425200	-0.6238300	0.0912574	-0.1206400	-0.3163600	0.0828274	-0.0010900	-0.3224700	0.0852374	0.0013400	-0.5061200	0.1179474	-0.0228900	-0.3991332	1.0316676	0.0955892	-0.4035510	1.0306784	-0.2879472	-0.6360465	1.0473665	-0.0184536	-0.6381546	1.0471899	-0.1686467	-0.3509881	0.5582443	0.0850559	-0.3403385	0.5692037	-0.0522970	-0.4711144	0.1613669	0.0302956	-0.4433844	0.1706673	-0.0631555	-0.3360357	0.1027497	-0.0105671	-0.3865344	0.0992913	0.0461193	-0.5444684	0.1527021	-0.0320694	-0.5587844	0.5193379	-0.2381385	-0.5496874	0.5376126	-0.1033519	-0.6177704	0.1229128	-0.1732255	-0.5884632	0.1382752	-0.0842278	-0.4643921	0.0823759	-0.1283120	-0.6888966	0.1077497	-0.1162380	-0.5115190	0.0662263	-0.1849649	-0.5323827	1.5457753	0.0646392	-0.5211893	1.5494988	-0.2938753	-0.6297874	1.5627686	-0.1116760	-0.3604775	0.8257421	0.1147525	-0.3614294	0.7178003	0.1287207	-0.4867941	0.7872120	0.1404737	-0.4294753	0.7560474	-0.2847055	-0.4842592	0.6605971	-0.2920634	-0.5604361	0.7794373	-0.3192294	-0.3812967	0.4324703	0.0741047	-0.3854468	0.3068452	0.0715502	-0.4584243	0.3345290	0.0740754	-0.5766596	0.4037795	-0.2241866	-0.5585827	0.2792741	-0.2194436	-0.6363014	0.2955160	-0.2213781	-0.5105175	0.9302597	0.0193038	-0.5132995	0.9299640	-0.2121666	-0.5985958	1.2069817	0.1780728	-0.5930343	1.1913156	0.0914290	-0.4611604	0.9807716	0.1633037	-0.5176745	0.9491605	0.1701026	-0.5180936	1.2097573	-0.3972378	-0.5499230	1.1992359	-0.3242848	-0.4150820	0.9655098	-0.3485309	-0.4783928	0.9468928	-0.3781481
211	3.5000000	-0.5313100	1.4945774	-0.1135300	-0.5230500	1.4879274	0.0670600	-0.5664400	1.2181074	0.1432200	-0.4835900	0.9740174	0.1688300	-0.5085500	1.4978374	-0.2941200	-0.5142000	1.2325574	-0.3615200	-0.4476800	0.9736474	-0.3724200	-0.4562600	0.9612874	-0.0974200	-0.4516100	0.9702774	0.0314500	-0.3258700	0.5660374	-0.0023100	-0.4136900	0.1503974	-0.0183000	-0.4456100	0.9540874	-0.2269400	-0.5495500	0.5020174	-0.1752500	-0.6022600	0.1203674	-0.1301800	-0.4350700	0.0722174	-0.1428000	-0.4461200	0.0757574	-0.1457100	-0.6227500	0.0896674	-0.1203400	-0.2625200	0.0869174	-0.0034400	-0.2690400	0.0887174	-0.0016600	-0.4511100	0.1150574	-0.0257600	-0.3835131	1.0354338	0.0939237	-0.3899719	1.0336620	-0.2897084	-0.6200959	1.0492714	-0.0186772	-0.6229866	1.0487683	-0.1688632	-0.3339558	0.5590359	0.0799691	-0.3244808	0.5708856	-0.0567565	-0.4217564	0.1554027	0.0277781	-0.3947934	0.1665345	-0.0649510	-0.2821507	0.1076804	-0.0120132	-0.3324464	0.1010505	0.0440036	-0.4933080	0.1408939	-0.0340855	-0.5510030	0.5211495	-0.2389321	-0.5410306	0.5396465	-0.1043824	-0.6116555	0.1261375	-0.1745792	-0.5816950	0.1413608	-0.0857655	-0.4579867	0.0865660	-0.1302298	-0.6820271	0.1104630	-0.1169417	-0.5056143	0.0711153	-0.1864745	-0.5196563	1.5477398	0.0637586	-0.5088760	1.5509824	-0.2946463	-0.6169374	1.5639245	-0.1122428	-0.3438347	0.8277104	0.1119123	-0.3444149	0.7191696	0.1248867	-0.4694924	0.7886182	0.1379039	-0.4182437	0.7565410	-0.2857610	-0.4745441	0.6616205	-0.2929639	-0.5486019	0.7818804	-0.3197835	-0.3551544	0.4328073	0.0697129	-0.3492325	0.3073640	0.0679270	-0.4233540	0.3291001	0.0700228	-0.5695815	0.4062129	-0.2254137	-0.5522917	0.2818400	-0.2211605	-0.6294875	0.2984071	-0.2221140	-0.4945155	0.9330918	0.0185463	-0.4985453	0.9323135	-0.2129668	-0.5849138	1.2081084	0.1765709	-0.5791443	1.1926924	0.0899850	-0.4467643	0.9825478	0.1615620	-0.5033845	0.9505772	0.1682480	-0.5043916	1.2120295	-0.3986455	-0.5357979	1.2012851	-0.3253366	-0.4000651	0.9685617	-0.3504817	-0.4633892	0.9494699	-0.3794998
212	3.5166667	-0.5159700	1.4931874	-0.1141600	-0.5058900	1.4863774	0.0661100	-0.5530200	1.2156774	0.1431700	-0.4694800	0.9727274	0.1678100	-0.4951100	1.4965874	-0.2946400	-0.5015300	1.2313274	-0.3624500	-0.4324900	0.9734074	-0.3725800	-0.4418500	0.9620374	-0.0983700	-0.4350800	0.9710974	0.0299600	-0.3134500	0.5638974	-0.0052000	-0.3582500	0.1502774	-0.0219300	-0.4334400	0.9546574	-0.2275200	-0.5435200	0.4988974	-0.1761600	-0.6082900	0.1163874	-0.1281100	-0.4291000	0.0782474	-0.1446900	-0.4421400	0.0815674	-0.1469900	-0.6286100	0.0844574	-0.1184500	-0.2091000	0.0953274	-0.0064700	-0.2157700	0.0968874	-0.0054200	-0.3982100	0.1116874	-0.0296900	-0.3684951	1.0370899	0.0925653	-0.3773009	1.0345038	-0.2911483	-0.6050011	1.0490742	-0.0186991	-0.6087819	1.0482271	-0.1688758	-0.3179782	0.5572314	0.0752307	-0.3095285	0.5699984	-0.0605164	-0.3727643	0.1501396	0.0250511	-0.3465463	0.1631562	-0.0666791	-0.2297040	0.1136031	-0.0138674	-0.2794628	0.1036191	0.0414038	-0.4418243	0.1300754	-0.0360653	-0.5445310	0.5206739	-0.2391426	-0.5337106	0.5394522	-0.1051221	-0.6078338	0.1274214	-0.1750589	-0.5773731	0.1424811	-0.0866296	-0.4526388	0.0903982	-0.1316321	-0.6781091	0.1102956	-0.1168162	-0.5011876	0.0751470	-0.1872355	-0.5069328	1.5473595	0.0633263	-0.4968802	1.5500747	-0.2953358	-0.6043555	1.5628328	-0.1126354	-0.3281965	0.8273441	0.1091290	-0.3284496	0.7181043	0.1211584	-0.4530248	0.7877281	0.1352381	-0.4080279	0.7546315	-0.2865352	-0.4659633	0.6602781	-0.2934112	-0.5376759	0.7821213	-0.3198511	-0.3300921	0.4314498	0.0655195	-0.3141881	0.3071772	0.0643041	-0.3887537	0.3228872	0.0659880	-0.5640591	0.4063845	-0.2258428	-0.5479257	0.2821971	-0.2219383	-0.6244591	0.2992720	-0.2220161	-0.4791194	0.9338142	0.0178673	-0.4845801	0.9325214	-0.2136829	-0.5715108	1.2069747	0.1754035	-0.5656996	1.1918009	0.0888034	-0.4328711	0.9820304	0.1599285	-0.4896629	0.9497609	0.1665764	-0.4913523	1.2119662	-0.3998822	-0.5223735	1.2010568	-0.3262480	-0.3857968	0.9693569	-0.3520808	-0.4490470	0.9498154	-0.3805793
213	3.5333333	-0.5000500	1.4917574	-0.1144500	-0.4881500	1.4848174	0.0653400	-0.5375200	1.2136574	0.1428400	-0.4541400	0.9711674	0.1667400	-0.4811500	1.4952674	-0.2946600	-0.4881700	1.2295874	-0.3629700	-0.4161900	0.9725174	-0.3727000	-0.4287100	0.9610974	-0.0990900	-0.4203800	0.9700474	0.0285200	-0.3036700	0.5611474	-0.0080300	-0.3076000	0.1504174	-0.0253600	-0.4220200	0.9536674	-0.2276200	-0.5381500	0.4952374	-0.1765600	-0.6167200	0.1074974	-0.1247300	-0.4347500	0.0752474	-0.1435700	-0.4495000	0.0791374	-0.1453300	-0.6376100	0.0760174	-0.1161600	-0.1552500	0.1079274	-0.0096000	-0.1623000	0.1090974	-0.0092000	-0.3528800	0.1062574	-0.0328500	-0.3544596	1.0372333	0.0915142	-0.3661351	1.0334194	-0.2922829	-0.5912351	1.0474285	-0.0183549	-0.5960936	1.0460642	-0.1685217	-0.3039739	0.5534355	0.0708405	-0.2964192	0.5671685	-0.0637908	-0.3260931	0.1457126	0.0222632	-0.3005320	0.1606535	-0.0683893	-0.1796166	0.1207904	-0.0161223	-0.2288107	0.1071621	0.0385220	-0.3925442	0.1201711	-0.0380212	-0.5401202	0.5183376	-0.2385842	-0.5284586	0.5373562	-0.1052752	-0.6079481	0.1268535	-0.1744639	-0.5771264	0.1416349	-0.0864983	-0.4510126	0.0925703	-0.1321696	-0.6785427	0.1079201	-0.1156639	-0.5005870	0.0773265	-0.1869101	-0.4942242	1.5451126	0.0635340	-0.4854609	1.5473203	-0.2958709	-0.5921880	1.5600389	-0.1125718	-0.3140295	0.8250645	0.1064965	-0.3141671	0.7150890	0.1176281	-0.4380707	0.7851414	0.1327363	-0.3994368	0.7506203	-0.2869777	-0.4591885	0.6569377	-0.2933213	-0.5283947	0.7806333	-0.3193726	-0.3072778	0.4288802	0.0616246	-0.2817040	0.3066042	0.0608557	-0.3562117	0.3162361	0.0621112	-0.5610519	0.4046289	-0.2253145	-0.5466782	0.2805425	-0.2216368	-0.6224832	0.2984206	-0.2208999	-0.4648548	0.9330080	0.0173931	-0.4720617	0.9309364	-0.2141947	-0.5584047	1.2041984	0.1747200	-0.5528006	1.1892353	0.0879600	-0.4194614	0.9798510	0.1584919	-0.4764912	0.9473639	0.1652097	-0.4790883	1.2100967	-0.4008732	-0.5097692	1.1990513	-0.3269452	-0.3722566	0.9685021	-0.3532420	-0.4353497	0.9484735	-0.3812987
214	3.5500000	-0.4841700	1.4903074	-0.1144600	-0.4713000	1.4832274	0.0648200	-0.5206200	1.2120474	0.1421600	-0.4383800	0.9688474	0.1656600	-0.4664200	1.4939574	-0.2942800	-0.4736500	1.2273674	-0.3631000	-0.4005200	0.9710474	-0.3726800	-0.4162300	0.9584074	-0.0997000	-0.4068700	0.9671474	0.0273400	-0.2946900	0.5585674	-0.0114200	-0.2625000	0.1495074	-0.0277700	-0.4107400	0.9512574	-0.2277400	-0.5323000	0.4922674	-0.1767300	-0.6247600	0.0957374	-0.1212500	-0.4476300	0.0647774	-0.1407500	-0.4632300	0.0692674	-0.1418700	-0.6459000	0.0639774	-0.1138500	-0.1003700	0.1248574	-0.0137700	-0.1084500	0.1252874	-0.0137200	-0.3140700	0.0993074	-0.0340900	-0.3407747	1.0358944	0.0905056	-0.3557245	1.0302152	-0.2933322	-0.5780662	1.0443962	-0.0178473	-0.5841448	1.0422589	-0.1679947	-0.2911513	0.5479685	0.0667947	-0.2846759	0.5626748	-0.0669283	-0.2821478	0.1417157	0.0195735	-0.2573317	0.1585543	-0.0702020	-0.1316259	0.1290673	-0.0190533	-0.1803023	0.1113362	0.0353880	-0.3464930	0.1105015	-0.0398506	-0.5368606	0.5141465	-0.2374236	-0.5244019	0.5332834	-0.1047857	-0.6114803	0.1239420	-0.1729921	-0.5804467	0.1382814	-0.0853938	-0.4535185	0.0915483	-0.1318941	-0.6825577	0.1033440	-0.1136463	-0.5039253	0.0763994	-0.1856689	-0.4807606	1.5411763	0.0642073	-0.4736562	1.5429679	-0.2962479	-0.5795211	1.5557120	-0.1120650	-0.3003540	0.8210438	0.1038573	-0.3006032	0.7103630	0.1142574	-0.4238279	0.7810049	0.1306380	-0.3916280	0.7445158	-0.2872180	-0.4533458	0.6516215	-0.2928741	-0.5200506	0.7773869	-0.3186116	-0.2861742	0.4251535	0.0580908	-0.2514605	0.3054196	0.0576739	-0.3256432	0.3091290	0.0586045	-0.5597314	0.4007883	-0.2240350	-0.5478049	0.2765445	-0.2204870	-0.6228726	0.2956196	-0.2190108	-0.4511774	0.9306916	0.0170386	-0.4603751	0.9274454	-0.2145602	-0.5448372	1.1999303	0.1743698	-0.5396711	1.1851066	0.0873394	-0.4057668	0.9760994	0.1571724	-0.4630824	0.9434675	0.1640758	-0.4668600	1.2065221	-0.4017213	-0.4972645	1.1953485	-0.3275390	-0.3587265	0.9660474	-0.3540980	-0.4216119	0.9454964	-0.3817898
215	3.5666667	-0.4690600	1.4888774	-0.1142600	-0.4563600	1.4817074	0.0645400	-0.5042200	1.2100774	0.1414900	-0.4233600	0.9654374	0.1646200	-0.4513500	1.4926774	-0.2935800	-0.4584000	1.2250674	-0.3629900	-0.3859600	0.9691874	-0.3725500	-0.4037300	0.9549074	-0.1002800	-0.3934800	0.9632474	0.0265600	-0.2848400	0.5562474	-0.0151300	-0.2213400	0.1497974	-0.0295100	-0.3991800	0.9481274	-0.2281700	-0.5263800	0.4894074	-0.1766700	-0.6304000	0.0842374	-0.1188400	-0.4566800	0.0550374	-0.1397100	-0.4727400	0.0597874	-0.1400300	-0.6573700	0.0516174	-0.1112500	-0.0471300	0.1438374	-0.0197300	-0.0565900	0.1433274	-0.0197200	-0.2761400	0.0943174	-0.0340400	-0.3268489	1.0339981	0.0893488	-0.3452148	1.0258481	-0.2944523	-0.5647997	1.0409037	-0.0174079	-0.5721452	1.0377658	-0.1675205	-0.2782192	0.5421608	0.0631377	-0.2733499	0.5576916	-0.0701049	-0.2404585	0.1388507	0.0171544	-0.2167407	0.1574199	-0.0721543	-0.0853435	0.1389667	-0.0229424	-0.1333952	0.1167191	0.0319358	-0.3034696	0.1017136	-0.0413088	-0.5337735	0.5091106	-0.2360017	-0.5206032	0.5281986	-0.1038355	-0.6173077	0.1196260	-0.1711064	-0.5861992	0.1333478	-0.0836545	-0.4588794	0.0883108	-0.1311905	-0.6890604	0.0975296	-0.1111778	-0.5099493	0.0733153	-0.1840819	-0.4662760	1.5367810	0.0651141	-0.4607810	1.5382672	-0.2964801	-0.5659061	1.5510575	-0.1113093	-0.2861261	0.8167104	0.1010450	-0.2865557	0.7053426	0.1110046	-0.4092347	0.7764406	0.1291217	-0.3837374	0.7374308	-0.2874230	-0.4475145	0.6454083	-0.2923331	-0.5117985	0.7733553	-0.3178258	-0.2656249	0.4213366	0.0549796	-0.2224524	0.3044644	0.0548072	-0.2961659	0.3026218	0.0557042	-0.5590911	0.3958227	-0.2224225	-0.5502412	0.2711345	-0.2189444	-0.6245874	0.2918441	-0.2168265	-0.4375036	0.9277884	0.0167475	-0.4487770	0.9229996	-0.2148166	-0.5304896	1.1951530	0.1741469	-0.5258660	1.1804004	0.0868300	-0.3914577	0.9717009	0.1559336	-0.4490603	0.9389828	0.1630993	-0.4541037	1.2023172	-0.4024608	-0.4843112	1.1910117	-0.3280575	-0.3447568	0.9629389	-0.3547328	-0.4074160	0.9418735	-0.3821332
216	3.5833333	-0.4548600	1.4873674	-0.1138200	-0.4426200	1.4800874	0.0645600	-0.4890900	1.2071874	0.1411900	-0.4094300	0.9614574	0.1636900	-0.4368700	1.4913174	-0.2926900	-0.4429900	1.2229074	-0.3626700	-0.3714500	0.9672274	-0.3722900	-0.3906500	0.9506974	-0.1006700	-0.3797400	0.9585074	0.0262000	-0.2731800	0.5528874	-0.0182500	-0.1834000	0.1521474	-0.0313000	-0.3868000	0.9445874	-0.2286500	-0.5234500	0.4838874	-0.1756800	-0.6331800	0.0748874	-0.1183200	-0.4546800	0.0520574	-0.1425500	-0.4710700	0.0562774	-0.1419500	-0.6727200	0.0444874	-0.1081700	-0.0015600	0.1600274	-0.0259700	-0.0121800	0.1587474	-0.0259000	-0.2359900	0.0939774	-0.0342800	-0.3123424	1.0315563	0.0881918	-0.3339004	1.0206101	-0.2954194	-0.5510669	1.0369264	-0.0170481	-0.5595891	1.0326815	-0.1670847	-0.2643083	0.5362689	0.0601333	-0.2615300	0.5523288	-0.0730292	-0.2010510	0.1370211	0.0153020	-0.1787967	0.1569924	-0.0739360	-0.0416158	0.1494733	-0.0273214	-0.0888092	0.1228367	0.0285088	-0.2632271	0.0941792	-0.0420834	-0.5300810	0.5034072	-0.2344926	-0.5162811	0.5222442	-0.1024923	-0.6236637	0.1144942	-0.1691565	-0.5925661	0.1274362	-0.0815528	-0.4642902	0.0842795	-0.1304553	-0.6964955	0.0907782	-0.1085134	-0.5161219	0.0692859	-0.1827319	-0.4510466	1.5322520	0.0663084	-0.4467851	1.5335958	-0.2964436	-0.5515525	1.5463498	-0.1103755	-0.2709157	0.8124446	0.0983148	-0.2714343	0.7003844	0.1081216	-0.3936721	0.7715979	0.1282996	-0.3750183	0.7297391	-0.2875795	-0.4409241	0.6385932	-0.2917858	-0.5029280	0.7686903	-0.3170605	-0.2449509	0.4175136	0.0525315	-0.1942737	0.3036476	0.0525009	-0.2673588	0.2969066	0.0536862	-0.5581106	0.3900251	-0.2207287	-0.5526467	0.2647878	-0.2172989	-0.6263443	0.2874370	-0.2146804	-0.4233745	0.9242826	0.0166407	-0.4365838	0.9177585	-0.2148006	-0.5153820	1.1899644	0.1741452	-0.5113069	1.1752471	0.0865767	-0.3765255	0.9667507	0.1549649	-0.4343822	0.9339786	0.1624121	-0.4405245	1.1976831	-0.4029501	-0.4706101	1.1862382	-0.3283373	-0.3300460	0.9593367	-0.3550109	-0.3924679	0.9377819	-0.3821970
217	3.6000000	-0.4407400	1.4855474	-0.1130600	-0.4279500	1.4780674	0.0649900	-0.4742000	1.2037174	0.1413300	-0.3961000	0.9577574	0.1630100	-0.4234400	1.4897074	-0.2916700	-0.4274900	1.2207674	-0.3620500	-0.3564100	0.9653974	-0.3718800	-0.3767100	0.9463674	-0.1007300	-0.3652900	0.9536174	0.0261200	-0.2601300	0.5482174	-0.0203800	-0.1503900	0.1549774	-0.0335400	-0.3733800	0.9406774	-0.2287000	-0.5256000	0.4740374	-0.1733800	-0.6359700	0.0664574	-0.1192700	-0.4451500	0.0532774	-0.1475600	-0.4614100	0.0571474	-0.1462000	-0.6799400	0.0407074	-0.1064800	0.0325100	0.1701474	-0.0297100	0.0212300	0.1684274	-0.0296700	-0.1969700	0.0976574	-0.0359800	-0.2971593	1.0290440	0.0872720	-0.3214615	1.0152466	-0.2959923	-0.5367779	1.0329787	-0.0166350	-0.5463003	1.0276257	-0.1665533	-0.2494101	0.5307854	0.0578545	-0.2488044	0.5470922	-0.0754401	-0.1651138	0.1362015	0.0139122	-0.1443989	0.1571928	-0.0754497	-0.0024073	0.1591408	-0.0314793	-0.0486076	0.1289895	0.0254125	-0.2265478	0.0886770	-0.0424007	-0.5256757	0.4977589	-0.2329670	-0.5113149	0.5160948	-0.1009356	-0.6286071	0.1094775	-0.1671992	-0.5975575	0.1214893	-0.0792877	-0.4671588	0.0810211	-0.1299050	-0.7028897	0.0837543	-0.1056669	-0.5199641	0.0657203	-0.1817803	-0.4353188	1.5280916	0.0677357	-0.4319690	1.5293968	-0.2960510	-0.5367349	1.5420075	-0.1092945	-0.2549398	0.8086268	0.0960520	-0.2554519	0.6959090	0.1058300	-0.3772086	0.7669892	0.1280249	-0.3652298	0.7222342	-0.2876138	-0.4333720	0.6319410	-0.2912063	-0.4931494	0.7640935	-0.3162128	-0.2244693	0.4140041	0.0507427	-0.1676461	0.3030358	0.0507433	-0.2399320	0.2923224	0.0523860	-0.5562088	0.3842676	-0.2190507	-0.5538643	0.2585606	-0.2156666	-0.6270379	0.2831176	-0.2125866	-0.4085528	0.9206711	0.0168158	-0.4234219	0.9123844	-0.2144147	-0.4995893	1.1848894	0.1745080	-0.4960466	1.1702210	0.0867325	-0.3610471	0.9617921	0.1543902	-0.4191228	0.9289861	0.1621158	-0.4261081	1.1932072	-0.4030626	-0.4561113	1.1816142	-0.3282384	-0.3145300	0.9558386	-0.3548436	-0.3767148	0.9338197	-0.3818812
218	3.6166667	-0.4258300	1.4833574	-0.1120500	-0.4117300	1.4755574	0.0656700	-0.4584100	1.2007274	0.1417400	-0.3826700	0.9545074	0.1626100	-0.4099500	1.4878774	-0.2905100	-0.4118200	1.2185674	-0.3611800	-0.3413900	0.9636974	-0.3712800	-0.3622400	0.9426874	-0.1006000	-0.3503700	0.9495174	0.0261100	-0.2461000	0.5435474	-0.0222300	-0.1246200	0.1561974	-0.0365500	-0.3594600	0.9376874	-0.2284600	-0.5294600	0.4632974	-0.1709100	-0.6353600	0.0632274	-0.1205600	-0.4358800	0.0510274	-0.1521500	-0.4516800	0.0555874	-0.1501200	-0.6818700	0.0469774	-0.1064100	0.0564500	0.1743174	-0.0299600	0.0448500	0.1723374	-0.0301500	-0.1653600	0.1003274	-0.0394800	-0.2815970	1.0271774	0.0865302	-0.3083447	1.0106372	-0.2962685	-0.5221981	1.0298823	-0.0161449	-0.5326021	1.0234809	-0.1659072	-0.2342734	0.5261761	0.0559737	-0.2354547	0.5426172	-0.0775451	-0.1350654	0.1360524	0.0125380	-0.1155941	0.1577512	-0.0770355	0.0298876	0.1665775	-0.0349583	-0.0155752	0.1342491	0.0227391	-0.1957500	0.0854326	-0.0429896	-0.5207441	0.4930036	-0.2317568	-0.5057390	0.5105178	-0.0995798	-0.6316116	0.1059831	-0.1655050	-0.6004999	0.1168849	-0.0772695	-0.4671644	0.0787871	-0.1298277	-0.7074185	0.0785750	-0.1030155	-0.5211124	0.0631866	-0.1814367	-0.4193744	1.5247296	0.0691186	-0.4170134	1.5262123	-0.2954114	-0.5218203	1.5384295	-0.1082186	-0.2388432	0.8056292	0.0943621	-0.2393870	0.6922831	0.1040541	-0.3605985	0.7631662	0.1279387	-0.3548078	0.7158523	-0.2878417	-0.4252119	0.6263572	-0.2909107	-0.4828505	0.7604221	-0.3154186	-0.2054329	0.4110601	0.0492446	-0.1443267	0.3025387	0.0492109	-0.2157013	0.2889626	0.0512734	-0.5534619	0.3795976	-0.2177089	-0.5537932	0.2537101	-0.2143992	-0.6264778	0.2800237	-0.2107733	-0.3933038	0.9176635	0.0171301	-0.4096432	0.9076898	-0.2138282	-0.4834317	1.1806223	0.1751175	-0.4804482	1.1660398	0.0871830	-0.3454049	0.9574962	0.1540275	-0.4036907	0.9246964	0.1620549	-0.4113101	1.1895704	-0.4029154	-0.4412423	1.1778343	-0.3278960	-0.2987037	0.9531121	-0.3544090	-0.3606650	0.9306734	-0.3813558
219	3.6333333	-0.4100800	1.4809574	-0.1109400	-0.3955000	1.4728174	0.0664500	-0.4415400	1.1983674	0.1421600	-0.3687700	0.9513074	0.1622400	-0.3948100	1.4858074	-0.2891400	-0.3961500	1.2163474	-0.3602800	-0.3271300	0.9618874	-0.3705700	-0.3476100	0.9392974	-0.1005800	-0.3353800	0.9459974	0.0260400	-0.2306800	0.5403874	-0.0249300	-0.1077500	0.1553574	-0.0404500	-0.3452200	0.9343174	-0.2284000	-0.5283200	0.4560874	-0.1700700	-0.6205600	0.0756874	-0.1220400	-0.4311700	0.0553874	-0.1533200	-0.4467700	0.0594974	-0.1512600	-0.6851100	0.0570974	-0.1073100	0.0741500	0.1742574	-0.0290200	0.0622400	0.1721074	-0.0295000	-0.1472100	0.0994574	-0.0442300	-0.2661819	1.0254456	0.0858490	-0.2947908	1.0065453	-0.2965274	-0.5075933	1.0272661	-0.0158279	-0.5186498	1.0199708	-0.1654504	-0.2192264	0.5222093	0.0540056	-0.2215578	0.5388720	-0.0798791	-0.1128867	0.1353742	0.0106232	-0.0941524	0.1575873	-0.0791878	0.0538752	0.1702152	-0.0377479	0.0084707	0.1371493	0.0203125	-0.1731764	0.0834379	-0.0446593	-0.5147274	0.4887522	-0.2313787	-0.4991313	0.5052575	-0.0989926	-0.6323949	0.1045042	-0.1642567	-0.6012742	0.1142191	-0.0757688	-0.4650372	0.0777348	-0.1302329	-0.7096214	0.0761845	-0.1009715	-0.5199645	0.0620987	-0.1816159	-0.4035376	1.5216364	0.0701261	-0.4021195	1.5236698	-0.2946389	-0.5069000	1.5350932	-0.1072693	-0.2230709	0.8028356	0.0930933	-0.2236942	0.6890011	0.1025319	-0.3444698	0.7596628	0.1276980	-0.3437450	0.7104673	-0.2884783	-0.4162003	0.6215843	-0.2912230	-0.4719051	0.7572048	-0.3150894	-0.1886194	0.4081214	0.0475202	-0.1255365	0.3011647	0.0474306	-0.1960845	0.2861439	0.0496946	-0.5493849	0.3757862	-0.2170643	-0.5520667	0.2502059	-0.2136792	-0.6241770	0.2782433	-0.2096182	-0.3780678	0.9148261	0.0172883	-0.3955163	0.9034039	-0.2134361	-0.4671570	1.1767673	0.1756714	-0.4647854	1.1622961	0.0876320	-0.3298809	0.9534411	0.1535551	-0.3883849	0.9207103	0.1619330	-0.3965083	1.1863622	-0.4027415	-0.4263808	1.1745035	-0.3275808	-0.2830693	0.9506901	-0.3539880	-0.3448233	0.9279127	-0.3808981
220	3.6500000	-0.3940100	1.4784774	-0.1095600	-0.3805300	1.4699674	0.0676700	-0.4242900	1.1956474	0.1426300	-0.3544700	0.9478874	0.1617800	-0.3777700	1.4837174	-0.2874800	-0.3807100	1.2140774	-0.3593800	-0.3137500	0.9597574	-0.3698200	-0.3327300	0.9362074	-0.1007900	-0.3204600	0.9427374	0.0258100	-0.2132800	0.5381874	-0.0285300	-0.0983600	0.1513674	-0.0447900	-0.3304200	0.9314374	-0.2285900	-0.5206700	0.4533074	-0.1711900	-0.6187800	0.0937974	-0.1209300	-0.4242700	0.0569874	-0.1542300	-0.4396300	0.0606074	-0.1523700	-0.6881000	0.0683674	-0.1084600	0.0879000	0.1705074	-0.0301800	0.0756000	0.1681774	-0.0308400	-0.1416900	0.0935874	-0.0491800	-0.2507182	1.0237596	0.0850796	-0.2807221	1.0028053	-0.2969841	-0.4926988	1.0252783	-0.0158703	-0.5042354	1.0172151	-0.1653900	-0.2037621	0.5190083	0.0515538	-0.2069940	0.5358482	-0.0828870	-0.0987192	0.1334786	0.0078326	-0.0804888	0.1559236	-0.0824298	0.0702510	0.1695527	-0.0407083	0.0241503	0.1368082	0.0174704	-0.1595660	0.0815125	-0.0475916	-0.5073144	0.4851818	-0.2320874	-0.4911826	0.5003875	-0.0995686	-0.6320786	0.1055105	-0.1642074	-0.6009890	0.1138854	-0.0756273	-0.4617281	0.0771526	-0.1316258	-0.7107759	0.0775282	-0.1005652	-0.5174954	0.0618796	-0.1829371	-0.3878000	1.5185042	0.0708648	-0.3869944	1.5217126	-0.2938090	-0.4918114	1.5319803	-0.1065080	-0.2070355	0.8005597	0.0916773	-0.2077518	0.6863183	0.1007867	-0.3283398	0.7566554	0.1272420	-0.3321172	0.7060979	-0.2898625	-0.4062533	0.6177247	-0.2924087	-0.4601399	0.7546295	-0.3152119	-0.1736157	0.4050750	0.0451829	-0.1109393	0.2985968	0.0449022	-0.1809475	0.2835259	0.0474360	-0.5440546	0.3730704	-0.2175283	-0.5492253	0.2482965	-0.2140860	-0.6205855	0.2782416	-0.2096599	-0.3627333	0.9122526	0.0172109	-0.3810032	0.8995839	-0.2133565	-0.4507069	1.1732339	0.1760092	-0.4489488	1.1588915	0.0879308	-0.3143558	0.9495511	0.1528655	-0.3730698	0.9169509	0.1616270	-0.3816353	1.1835828	-0.4025579	-0.4114625	1.1716193	-0.3273347	-0.2677135	0.9484682	-0.3536597	-0.3292769	0.9254751	-0.3805741
221	3.6666667	-0.3780000	1.4759974	-0.1078100	-0.3662900	1.4671074	0.0695100	-0.4077800	1.1917074	0.1433800	-0.3397400	0.9444774	0.1613900	-0.3600400	1.4816074	-0.2856300	-0.3654300	1.2118974	-0.3584300	-0.3006700	0.9571374	-0.3691100	-0.3171100	0.9334474	-0.1010900	-0.3053100	0.9396374	0.0254000	-0.1951000	0.5354874	-0.0320800	-0.0925700	0.1449474	-0.0490600	-0.3143800	0.9289474	-0.2287200	-0.5104900	0.4520774	-0.1730000	-0.6340200	0.1074574	-0.1190500	-0.4245500	0.0653074	-0.1536100	-0.4388000	0.0712074	-0.1524800	-0.6868100	0.0822274	-0.1099700	0.0973400	0.1621974	-0.0345300	0.0848800	0.1598574	-0.0351700	-0.1422300	0.0838174	-0.0534900	-0.2348657	1.0221459	0.0845130	-0.2657099	0.9995880	-0.2976691	-0.4770702	1.0238954	-0.0160791	-0.4888995	1.0152589	-0.1656676	-0.1869318	0.5163697	0.0489133	-0.1913177	0.5332987	-0.0862595	-0.0905670	0.1304057	0.0043134	-0.0730001	0.1527520	-0.0866274	0.0807135	0.1649672	-0.0442468	0.0335639	0.1335401	0.0140443	-0.1531312	0.0794652	-0.0514205	-0.4985147	0.4824652	-0.2336230	-0.4818238	0.4961648	-0.1010839	-0.6323909	0.1093143	-0.1647931	-0.6013628	0.1162260	-0.0763129	-0.4593586	0.0780080	-0.1335641	-0.7127826	0.0826480	-0.1011048	-0.5158222	0.0633495	-0.1848314	-0.3721433	1.5154067	0.0716833	-0.3712727	1.5202295	-0.2926765	-0.4761868	1.5289517	-0.1055673	-0.1899171	0.7986418	0.0900779	-0.1906086	0.6840808	0.0989071	-0.3112002	0.7541063	0.1269024	-0.3196139	0.7025931	-0.2918406	-0.3952291	0.6147407	-0.2942574	-0.4472603	0.7527565	-0.3156261	-0.1591126	0.4017735	0.0424616	-0.0988514	0.2947305	0.0416695	-0.1686686	0.2810846	0.0448104	-0.5378982	0.3716389	-0.2187299	-0.5461901	0.2480823	-0.2151409	-0.6166106	0.2803376	-0.2104733	-0.3467929	0.9098912	0.0171321	-0.3655398	0.8962648	-0.2135486	-0.4338456	1.1699425	0.1762431	-0.4326109	1.1557490	0.0881824	-0.2984308	0.9458340	0.1521398	-0.3573058	0.9133773	0.1612746	-0.3663235	1.1812632	-0.4021768	-0.3961072	1.1691975	-0.3269702	-0.2523459	0.9463999	-0.3532917	-0.3137295	0.9233428	-0.3802343
222	3.6833333	-0.3620700	1.4736274	-0.1059600	-0.3517400	1.4643274	0.0714400	-0.3924000	1.1871174	0.1443300	-0.3239500	0.9413874	0.1612900	-0.3428100	1.4796174	-0.2837200	-0.3502700	1.2101074	-0.3574300	-0.2873100	0.9541574	-0.3684800	-0.3003800	0.9309474	-0.1012400	-0.2891700	0.9367574	0.0249800	-0.1787600	0.5317274	-0.0347500	-0.0869300	0.1379774	-0.0528900	-0.2971700	0.9268574	-0.2285700	-0.5004200	0.4505174	-0.1744200	-0.6330700	0.1166274	-0.1200800	-0.4264000	0.0687774	-0.1537900	-0.4367600	0.0740174	-0.1535900	-0.6772800	0.0942574	-0.1119000	0.1015200	0.1493074	-0.0410200	0.0894400	0.1474174	-0.0414700	-0.1435900	0.0745774	-0.0569400	-0.2183639	1.0203990	0.0840419	-0.2494315	0.9968222	-0.2980339	-0.4598479	1.0229768	-0.0162910	-0.4717431	1.0139904	-0.1658765	-0.1696095	0.5136914	0.0460576	-0.1751792	0.5307762	-0.0895477	-0.0867533	0.1263915	0.0002126	-0.0698930	0.1484725	-0.0912296	0.0866740	0.1567889	-0.0484747	0.0383667	0.1274772	0.0098326	-0.1516659	0.0777637	-0.0555473	-0.4875962	0.4803382	-0.2355328	-0.4704513	0.4926429	-0.1031132	-0.6308602	0.1145354	-0.1658058	-0.5999201	0.1201106	-0.0775595	-0.4562523	0.0790056	-0.1354298	-0.7126121	0.0902389	-0.1023347	-0.5130134	0.0653507	-0.1867467	-0.3557029	1.5122126	0.0728359	-0.3544154	1.5188953	-0.2906768	-0.4591682	1.5258774	-0.1040193	-0.1719357	0.7962764	0.0883746	-0.1727525	0.6815521	0.0968199	-0.2932195	0.7517137	0.1262654	-0.3056247	0.7000065	-0.2938463	-0.3824335	0.6125032	-0.2962381	-0.4326235	0.7512150	-0.3159185	-0.1453558	0.3980575	0.0392962	-0.0888592	0.2898023	0.0377788	-0.1586539	0.2785105	0.0417518	-0.5296952	0.3709997	-0.2203047	-0.5411707	0.2488841	-0.2165389	-0.6105818	0.2834484	-0.2117612	-0.3298293	0.9076647	0.0171024	-0.3486789	0.8934444	-0.2135572	-0.4164728	1.1667827	0.1766009	-0.4156088	1.1527604	0.0885823	-0.2817857	0.9423279	0.1516471	-0.3407229	0.9099461	0.1611028	-0.3503913	1.1793278	-0.4013947	-0.3801091	1.1671505	-0.3262725	-0.2367570	0.9443968	-0.3527115	-0.2979668	0.9214328	-0.3796860
223	3.7000000	-0.3462400	1.4717774	-0.1043100	-0.3366600	1.4621674	0.0729300	-0.3772100	1.1828874	0.1454000	-0.3066400	0.9387074	0.1616200	-0.3263500	1.4780974	-0.2818300	-0.3354700	1.2086974	-0.3563700	-0.2734900	0.9515574	-0.3679700	-0.2828900	0.9284174	-0.1011900	-0.2717900	0.9339274	0.0247800	-0.1654600	0.5271274	-0.0363000	-0.0809400	0.1318474	-0.0557800	-0.2796900	0.9246874	-0.2282500	-0.4888900	0.4470474	-0.1755600	-0.6170400	0.1205074	-0.1224300	-0.4242200	0.0705174	-0.1544700	-0.4346400	0.0785874	-0.1544500	-0.6601700	0.1003574	-0.1140500	0.1012400	0.1325274	-0.0478800	0.0902200	0.1314774	-0.0480800	-0.1422300	0.0681574	-0.0594500	-0.2013722	1.0183013	0.0839499	-0.2321725	0.9943531	-0.2981891	-0.4415421	1.0220670	-0.0163576	-0.4533205	1.0129753	-0.1660265	-0.1526888	0.5103775	0.0435533	-0.1594922	0.5276456	-0.0923324	-0.0851956	0.1217393	-0.0041212	-0.0690744	0.1434008	-0.0959351	0.0894004	0.1457773	-0.0532532	0.0402459	0.1191840	0.0050872	-0.1524500	0.0765547	-0.0595765	-0.4747008	0.4783346	-0.2373470	-0.4571865	0.4894781	-0.1051033	-0.6257961	0.1197234	-0.1668612	-0.5948990	0.1241990	-0.0789852	-0.4510734	0.0799131	-0.1370874	-0.7082203	0.0981291	-0.1036083	-0.5076743	0.0674488	-0.1883489	-0.3389046	1.5090895	0.0742419	-0.3370526	1.5175368	-0.2880138	-0.4413387	1.5226528	-0.1019654	-0.1536348	0.7928631	0.0868978	-0.1548500	0.6781562	0.0949686	-0.2749465	0.7490936	0.1257543	-0.2903532	0.6977940	-0.2956511	-0.3680582	0.6104940	-0.2980482	-0.4166419	0.7495809	-0.3160778	-0.1325359	0.3937355	0.0361774	-0.0802982	0.2840073	0.0336562	-0.1501329	0.2755996	0.0387138	-0.5190824	0.3705514	-0.2218030	-0.5331983	0.2499024	-0.2179312	-0.6016645	0.2864429	-0.2130214	-0.3122206	0.9052055	0.0172694	-0.3308794	0.8907896	-0.2134689	-0.3989338	1.1635195	0.1771735	-0.3983152	1.1496795	0.0891828	-0.2645991	0.9389369	0.1514561	-0.3234745	0.9065005	0.1611703	-0.3343028	1.1774914	-0.4002542	-0.3639062	1.1651932	-0.3252556	-0.2212779	0.9422393	-0.3519586	-0.2823238	0.9194952	-0.3789425
224	3.7166667	-0.3301500	1.4703674	-0.1028300	-0.3210700	1.4605174	0.0742100	-0.3610800	1.1797874	0.1466700	-0.2884800	0.9364374	0.1623600	-0.3099000	1.4769374	-0.2801000	-0.3209500	1.2075174	-0.3550900	-0.2594200	0.9499474	-0.3675100	-0.2653200	0.9258874	-0.1010200	-0.2540600	0.9310274	0.0248900	-0.1541500	0.5220774	-0.0365700	-0.0756100	0.1275174	-0.0572500	-0.2623500	0.9226574	-0.2280500	-0.4754000	0.4437374	-0.1771000	-0.6052600	0.1223774	-0.1241900	-0.4176400	0.0711674	-0.1553800	-0.4314300	0.0832274	-0.1548800	-0.6459600	0.1034774	-0.1161500	0.0996500	0.1135474	-0.0530000	0.0899800	0.1136174	-0.0530100	-0.1368100	0.0654774	-0.0607300	-0.1843897	1.0159864	0.0842249	-0.2147524	0.9921221	-0.2982252	-0.4228905	1.0211458	-0.0162230	-0.4344886	1.0121123	-0.1660848	-0.1370329	0.5063334	0.0415664	-0.1450548	0.5236836	-0.0943662	-0.0846131	0.1168912	-0.0082103	-0.0692459	0.1379879	-0.1002063	0.0900411	0.1328397	-0.0581823	0.0405195	0.1093263	0.0001823	-0.1538819	0.0759508	-0.0629375	-0.4609549	0.4762985	-0.2389975	-0.4430271	0.4865364	-0.1070328	-0.6182789	0.1246592	-0.1681477	-0.5872742	0.1282476	-0.0808013	-0.4445615	0.0808037	-0.1386282	-0.7006991	0.1057609	-0.1051334	-0.5007515	0.0695634	-0.1897402	-0.3222784	1.5061646	0.0758974	-0.3201340	1.5162406	-0.2850065	-0.4235865	1.5193755	-0.0995732	-0.1357830	0.7886660	0.0855811	-0.1377126	0.6740331	0.0933717	-0.2571074	0.7463017	0.1253594	-0.2748574	0.6955983	-0.2972692	-0.3532199	0.6084449	-0.2996596	-0.4002876	0.7478327	-0.3161166	-0.1209830	0.3889444	0.0333855	-0.0729317	0.2778595	0.0296822	-0.1427344	0.2723610	0.0360185	-0.5072120	0.3701827	-0.2232815	-0.5234567	0.2510157	-0.2194966	-0.5909962	0.2891389	-0.2142635	-0.2945651	0.9025980	0.0175708	-0.3129345	0.8882636	-0.2133923	-0.3816527	1.1602643	0.1779380	-0.3812295	1.1466004	0.0899447	-0.2472934	0.9358039	0.1515010	-0.3060062	0.9031940	0.1614193	-0.3186710	1.1757821	-0.3989189	-0.3481006	1.1633634	-0.3240516	-0.2063964	0.9400348	-0.3511660	-0.2672974	0.9175959	-0.3781229
225	3.7333333	-0.3132600	1.4693874	-0.1011700	-0.3045200	1.4593174	0.0758800	-0.3438300	1.1780274	0.1479600	-0.2710900	0.9345274	0.1633400	-0.2927300	1.4762174	-0.2784400	-0.3060900	1.2068974	-0.3534500	-0.2456400	0.9489074	-0.3671000	-0.2476100	0.9229774	-0.1007700	-0.2365500	0.9275374	0.0253200	-0.1430500	0.5173674	-0.0355800	-0.0704300	0.1237374	-0.0572500	-0.2444600	0.9204474	-0.2279500	-0.4620900	0.4390474	-0.1789300	-0.6004500	0.1262674	-0.1251600	-0.4113400	0.0761474	-0.1559400	-0.4279800	0.0877074	-0.1549700	-0.6402200	0.1082474	-0.1174900	0.0998600	0.0969074	-0.0553000	0.0913200	0.0978874	-0.0552400	-0.1296400	0.0658674	-0.0606200	-0.1674320	1.0132452	0.0848608	-0.1971908	0.9897088	-0.2981266	-0.4039955	1.0197436	-0.0159070	-0.4153508	1.0108547	-0.1660564	-0.1222502	0.5012306	0.0403341	-0.1313923	0.5185249	-0.0953609	-0.0832539	0.1120583	-0.0114600	-0.0686306	0.1324817	-0.1034143	0.0905213	0.1191553	-0.0625302	0.0410670	0.0988517	-0.0041768	-0.1540803	0.0756915	-0.0651202	-0.4468121	0.4737427	-0.2404120	-0.4283382	0.4832910	-0.1088559	-0.6099855	0.1294712	-0.1694655	-0.5787259	0.1323146	-0.0827763	-0.4378895	0.0819754	-0.1399326	-0.6920520	0.1131493	-0.1067321	-0.4936642	0.0719320	-0.1908284	-0.3059057	1.5031470	0.0778251	-0.3034478	1.5148130	-0.2818224	-0.4059148	1.5157700	-0.0970253	-0.1183880	0.7837041	0.0844810	-0.1212066	0.6690618	0.0921530	-0.2395378	0.7429513	0.1250947	-0.2592866	0.6927691	-0.2986672	-0.3382167	0.6057821	-0.3010183	-0.3837120	0.7455561	-0.3160310	-0.1099318	0.3834980	0.0313264	-0.0656642	0.2714397	0.0264013	-0.1352544	0.2686447	0.0340878	-0.4948892	0.3695184	-0.2246044	-0.5131828	0.2519616	-0.2210091	-0.5797004	0.2914735	-0.2153666	-0.2767756	0.8994961	0.0179427	-0.2947560	0.8853869	-0.2133799	-0.3644098	1.1567636	0.1788539	-0.3641712	1.1432578	0.0908590	-0.2298666	0.9325636	0.1517479	-0.2883660	0.8997283	0.1618138	-0.3033534	1.1738574	-0.3974813	-0.3325628	1.1613258	-0.3227418	-0.1919611	0.9374629	-0.3504186	-0.2527503	0.9154045	-0.3773125
226	3.7500000	-0.2960000	1.4694174	-0.0991900	-0.2874500	1.4589174	0.0778900	-0.3260000	1.1777274	0.1489900	-0.2551600	0.9331974	0.1643700	-0.2753200	1.4765674	-0.2764900	-0.2905200	1.2073174	-0.3515300	-0.2328500	0.9480974	-0.3668000	-0.2296400	0.9201274	-0.1003700	-0.2192500	0.9238974	0.0260000	-0.1305500	0.5132174	-0.0337600	-0.0654800	0.1206374	-0.0563100	-0.2258200	0.9184674	-0.2277800	-0.4499600	0.4339374	-0.1811000	-0.5984000	0.1331074	-0.1256400	-0.4045000	0.0806274	-0.1563000	-0.4246000	0.0911874	-0.1549300	-0.6397800	0.1153374	-0.1177900	0.1030100	0.0852174	-0.0553500	0.0949000	0.0865574	-0.0552300	-0.1228500	0.0659074	-0.0598000	-0.1503551	1.0106169	0.0858180	-0.1794456	0.9874319	-0.2977796	-0.3847463	1.0183257	-0.0153360	-0.3958337	1.0095836	-0.1657972	-0.1079620	0.4957917	0.0398715	-0.1179823	0.5129281	-0.0952690	-0.0804886	0.1079466	-0.0135970	-0.0664945	0.1276580	-0.1052780	0.0920317	0.1063914	-0.0656998	0.0428320	0.0891756	-0.0074666	-0.1524472	0.0760013	-0.0660384	-0.4325077	0.4711128	-0.2414101	-0.4133845	0.4801208	-0.1104638	-0.6020489	0.1350067	-0.1704617	-0.5704722	0.1371783	-0.0845526	-0.4316280	0.0839561	-0.1407666	-0.6837454	0.1212659	-0.1081051	-0.4871260	0.0751119	-0.1913997	-0.2895347	1.5004557	0.0800397	-0.2866464	1.5137488	-0.2785230	-0.3881084	1.5124247	-0.0943954	-0.1013387	0.7787615	0.0837114	-0.1051370	0.6639832	0.0913826	-0.2220735	0.7395503	0.1249377	-0.2436910	0.6896860	-0.2996957	-0.3231583	0.6029203	-0.3019487	-0.3668854	0.7432127	-0.3156237	-0.0989231	0.3781098	0.0301461	-0.0580074	0.2655221	0.0241127	-0.1271544	0.2650754	0.0330386	-0.4825825	0.3690443	-0.2255265	-0.5031592	0.2533005	-0.2221238	-0.5684970	0.2941980	-0.2160722	-0.2586906	0.8964162	0.0184291	-0.2762433	0.8825422	-0.2132958	-0.3470753	1.1535601	0.1799329	-0.3470029	1.1402020	0.0919792	-0.2124473	0.9295935	0.1522500	-0.2707211	0.8965538	0.1624073	-0.2881718	1.1721889	-0.3958823	-0.3171289	1.1595632	-0.3212725	-0.1779152	0.9349657	-0.3497103	-0.2386449	0.9133869	-0.3764995
227	3.7666667	-0.2791400	1.4708374	-0.0971600	-0.2705000	1.4600774	0.0796800	-0.3082000	1.1787674	0.1499600	-0.2396300	0.9326674	0.1653000	-0.2586700	1.4782474	-0.2742700	-0.2748200	1.2088174	-0.3496700	-0.2212400	0.9481274	-0.3666400	-0.2120600	0.9187474	-0.0998700	-0.2022400	0.9217474	0.0267700	-0.1168000	0.5098374	-0.0316900	-0.0612800	0.1180574	-0.0550200	-0.2076500	0.9178374	-0.2275100	-0.4308300	0.4329774	-0.1854300	-0.5996100	0.1411974	-0.1252900	-0.3994400	0.0842574	-0.1568800	-0.4224400	0.0931574	-0.1552400	-0.6426000	0.1237474	-0.1169700	0.1074300	0.0792274	-0.0549200	0.0992000	0.0805474	-0.0547400	-0.1172500	0.0658774	-0.0586000	-0.1336719	1.0096770	0.0869823	-0.1621590	0.9865245	-0.2972819	-0.3659246	1.0183877	-0.0147164	-0.3767753	1.0096718	-0.1654968	-0.0942616	0.4919403	0.0399252	-0.1050381	0.5088279	-0.0944248	-0.0769833	0.1058497	-0.0146764	-0.0635769	0.1248125	-0.1059450	0.0942325	0.0965314	-0.0677392	0.0453536	0.0821360	-0.0096775	-0.1498545	0.0776949	-0.0658424	-0.4182037	0.4697250	-0.2424182	-0.3983416	0.4782874	-0.1121924	-0.5960970	0.1429255	-0.1711966	-0.5642133	0.1444663	-0.0860713	-0.4272502	0.0877100	-0.1412558	-0.6776997	0.1322060	-0.1092577	-0.4826529	0.0801572	-0.1916467	-0.2736387	1.4994373	0.0824089	-0.2700539	1.5145397	-0.2753954	-0.3707204	1.5108967	-0.0919709	-0.0851071	0.7756066	0.0831326	-0.0898018	0.6606267	0.0908907	-0.2050689	0.7377247	0.1248417	-0.2285391	0.6877744	-0.3006138	-0.3083956	0.6012462	-0.3027873	-0.3503473	0.7421361	-0.3151111	-0.0881641	0.3744789	0.0296638	-0.0503267	0.2615828	0.0227165	-0.1188068	0.2632497	0.0327498	-0.4708207	0.3700747	-0.2263578	-0.4943779	0.2563990	-0.2230078	-0.5583358	0.2988862	-0.2166620	-0.2409642	0.8948741	0.0189904	-0.2581270	0.8810427	-0.2131663	-0.3301677	1.1520550	0.1811177	-0.3302735	1.1388513	0.0932429	-0.1956409	0.9281884	0.1529171	-0.2537071	0.8950117	0.1631432	-0.2736429	1.1721290	-0.3941815	-0.3023083	1.1594507	-0.3196860	-0.1648676	0.9338912	-0.3491453	-0.2256081	0.9129044	-0.3757781
228	3.7833333	-0.2624200	1.4730474	-0.0953800	-0.2532600	1.4622374	0.0812100	-0.2906500	1.1805374	0.1511500	-0.2233800	0.9328774	0.1662900	-0.2425800	1.4804974	-0.2723400	-0.2600200	1.2110674	-0.3482300	-0.2100000	0.9495874	-0.3665400	-0.1955200	0.9188174	-0.0992800	-0.1858700	0.9213474	0.0277500	-0.1036300	0.5067874	-0.0297600	-0.0585500	0.1164974	-0.0538600	-0.1909200	0.9184174	-0.2272900	-0.3913500	0.4408374	-0.1948100	-0.6037100	0.1473974	-0.1240500	-0.3966800	0.0866074	-0.1578300	-0.4214800	0.0938774	-0.1559600	-0.6465900	0.1316874	-0.1152700	0.1113100	0.0766674	-0.0550400	0.1028500	0.0779174	-0.0547800	-0.1121800	0.0671074	-0.0573400	-0.1179475	1.0105659	0.0881394	-0.1458858	0.9867123	-0.2965145	-0.3482471	1.0199824	-0.0144313	-0.3588894	1.0110145	-0.1653979	-0.0812707	0.4902779	0.0399647	-0.0929452	0.5068729	-0.0933565	-0.0735449	0.1053933	-0.0149941	-0.0608845	0.1235859	-0.1057695	0.0963932	0.0894100	-0.0691167	0.0479102	0.0775385	-0.0111884	-0.1473086	0.0801949	-0.0647942	-0.4022614	0.4692739	-0.2444365	-0.3815980	0.4774705	-0.1148725	-0.5923618	0.1532666	-0.1720020	-0.5602476	0.1542429	-0.0874474	-0.4255936	0.0922551	-0.1415396	-0.6742002	0.1468239	-0.1104490	-0.4809543	0.0864169	-0.1918772	-0.2585074	1.4998580	0.0846431	-0.2540144	1.5170561	-0.2725730	-0.3541826	1.5111898	-0.0900594	-0.0700747	0.7745355	0.0823952	-0.0754265	0.6594061	0.0902596	-0.1888374	0.7377265	0.1245695	-0.2134995	0.6874649	-0.3018563	-0.2930841	0.6008898	-0.3042122	-0.3340197	0.7420156	-0.3148691	-0.0779262	0.3728938	0.0293918	-0.0430503	0.2595521	0.0217968	-0.1106544	0.2632804	0.0328488	-0.4584444	0.3722313	-0.2278838	-0.4862824	0.2609603	-0.2241886	-0.5485636	0.3054340	-0.2179040	-0.2242965	0.8949893	0.0195135	-0.2410998	0.8807652	-0.2128985	-0.3140448	1.1521876	0.1824701	-0.3144229	1.1391477	0.0946575	-0.1797341	0.9282684	0.1536981	-0.2376439	0.8950385	0.1640083	-0.2602177	1.1735833	-0.3924764	-0.2885360	1.1609047	-0.3180332	-0.1531711	0.9342224	-0.3487591	-0.2139913	0.9139090	-0.3751965
229	3.8000000	-0.2456500	1.4748674	-0.0938100	-0.2356500	1.4639374	0.0830300	-0.2731500	1.1826074	0.1524000	-0.2065500	0.9336474	0.1676700	-0.2265800	1.4824274	-0.2711500	-0.2465900	1.2136774	-0.3473200	-0.1982200	0.9521574	-0.3663300	-0.1799000	0.9194574	-0.0986100	-0.1704000	0.9213774	0.0291500	-0.0925100	0.5044174	-0.0280100	-0.0569400	0.1159274	-0.0532000	-0.1750300	0.9196674	-0.2273400	-0.3303000	0.4624274	-0.2099300	-0.6067000	0.1509574	-0.1229200	-0.3939500	0.0886974	-0.1584400	-0.4194500	0.0947674	-0.1564900	-0.6484100	0.1369074	-0.1137900	0.1139400	0.0742374	-0.0554900	0.1053500	0.0755574	-0.0551600	-0.1076300	0.0696774	-0.0565900	-0.1030687	1.0122984	0.0890227	-0.1302379	0.9869793	-0.2954324	-0.3316344	1.0222596	-0.0148274	-0.3419874	1.0127515	-0.1657180	-0.0686879	0.4904360	0.0398283	-0.0817399	0.5067505	-0.0923285	-0.0702491	0.1053495	-0.0149231	-0.0587511	0.1227478	-0.1052932	0.0982087	0.0835379	-0.0703895	0.0503351	0.0739596	-0.0123956	-0.1449812	0.0825238	-0.0633138	-0.3807279	0.4686202	-0.2486822	-0.3591945	0.4764334	-0.1195340	-0.5882614	0.1645694	-0.1735149	-0.5559909	0.1650147	-0.0891386	-0.4249943	0.0957657	-0.1419966	-0.6704977	0.1641986	-0.1122270	-0.4801618	0.0924879	-0.1926360	-0.2437572	1.5008020	0.0862523	-0.2385291	1.5202576	-0.2700000	-0.3383348	1.5125726	-0.0888689	-0.0558132	0.7747855	0.0813354	-0.0615690	0.6597027	0.0893596	-0.1730876	0.7388709	0.1241309	-0.1966731	0.6889533	-0.3040297	-0.2745295	0.6015276	-0.3070902	-0.3165616	0.7417468	-0.3153179	-0.0680011	0.3727111	0.0290789	-0.0359821	0.2584058	0.0210138	-0.1025854	0.2644203	0.0331520	-0.4418634	0.3740737	-0.2311039	-0.4757285	0.2654705	-0.2264737	-0.5359393	0.3124978	-0.2207894	-0.2087098	0.8959375	0.0199234	-0.2250173	0.8808758	-0.2123774	-0.2983595	1.1530435	0.1840201	-0.2991486	1.1401665	0.0962135	-0.1643047	0.9289484	0.1545606	-0.2221188	0.8957467	0.1649701	-0.2476433	1.1756339	-0.3908798	-0.2755616	1.1629836	-0.3163901	-0.1423553	0.9351458	-0.3485280	-0.2033040	0.9155302	-0.3747647
230	3.8166667	-0.2297300	1.4760874	-0.0924800	-0.2187000	1.4647974	0.0850300	-0.2557900	1.1848874	0.1535900	-0.1894400	0.9351074	0.1693100	-0.2114500	1.4839374	-0.2706200	-0.2341600	1.2163574	-0.3468800	-0.1858900	0.9548674	-0.3660200	-0.1643300	0.9199474	-0.0981000	-0.1553500	0.9212374	0.0306100	-0.0827800	0.5029474	-0.0264000	-0.0551500	0.1159874	-0.0532900	-0.1587800	0.9208174	-0.2277400	-0.2613800	0.4861374	-0.2267100	-0.6051100	0.1624574	-0.1248500	-0.3901600	0.0912474	-0.1583900	-0.4150400	0.0963574	-0.1565300	-0.6437500	0.1424574	-0.1141100	0.1154900	0.0712874	-0.0559200	0.1068800	0.0727474	-0.0555400	-0.1041400	0.0717374	-0.0566300	-0.0884442	1.0139382	0.0892338	-0.1140464	0.9867031	-0.2944966	-0.3153294	1.0243111	-0.0159763	-0.3250774	1.0140943	-0.1665377	-0.0556122	0.4918351	0.0397217	-0.0706756	0.5078373	-0.0912489	-0.0666674	0.1050805	-0.0145545	-0.0569528	0.1216222	-0.1048525	0.1000443	0.0781658	-0.0716587	0.0531002	0.0708521	-0.0131934	-0.1425576	0.0843627	-0.0617188	-0.3476220	0.4665293	-0.2569815	-0.3250101	0.4736777	-0.1279720	-0.5801402	0.1767637	-0.1768024	-0.5477251	0.1764418	-0.0921989	-0.4232365	0.0978643	-0.1435447	-0.6625308	0.1848811	-0.1156280	-0.4778843	0.0985354	-0.1949515	-0.2286477	1.5016984	0.0868200	-0.2234014	1.5233185	-0.2673814	-0.3224535	1.5143351	-0.0882296	-0.0413222	0.7757318	0.0800003	-0.0472633	0.6608897	0.0883674	-0.1569741	0.7404370	0.1236772	-0.1746896	0.6929479	-0.3080963	-0.2483875	0.6031290	-0.3127107	-0.2954733	0.7403942	-0.3171220	-0.0576363	0.3732485	0.0288650	-0.0284424	0.2573824	0.0203867	-0.0939012	0.2661671	0.0338629	-0.4158986	0.3743352	-0.2376180	-0.4584253	0.2688614	-0.2312448	-0.5156158	0.3196479	-0.2267523	-0.1935155	0.8969113	0.0201005	-0.2088335	0.8807702	-0.2117669	-0.2823001	1.1539050	0.1855275	-0.2836010	1.1411701	0.0976747	-0.1484580	0.9295868	0.1552949	-0.2062027	0.8964450	0.1657940	-0.2351421	1.1775626	-0.3896417	-0.2626167	1.1649261	-0.3150046	-0.1314434	0.9360091	-0.3485800	-0.1925581	0.9170615	-0.3746208
231	3.8333333	-0.2149500	1.4772274	-0.0914700	-0.2027300	1.4655474	0.0865900	-0.2393500	1.1870874	0.1549700	-0.1714900	0.9373074	0.1707800	-0.1976800	1.4854174	-0.2703300	-0.2219700	1.2188074	-0.3467400	-0.1734500	0.9570974	-0.3657400	-0.1480700	0.9202074	-0.0979700	-0.1396200	0.9211974	0.0314500	-0.0736400	0.5019274	-0.0250700	-0.0525800	0.1155574	-0.0538700	-0.1418700	0.9213874	-0.2282800	-0.2040700	0.5055274	-0.2395100	-0.5922500	0.1752274	-0.1274300	-0.3870900	0.0945074	-0.1582600	-0.4100300	0.0993474	-0.1566800	-0.6311100	0.1556874	-0.1166500	0.1172300	0.0692174	-0.0562700	0.1085200	0.0707274	-0.0558600	-0.1019000	0.0715274	-0.0569800	-0.0732152	1.0150917	0.0889301	-0.0965143	0.9858317	-0.2943348	-0.2986685	1.0261583	-0.0173180	-0.3075219	1.0151843	-0.1676300	-0.0426454	0.4940995	0.0396476	-0.0593709	0.5095830	-0.0901648	-0.0631251	0.1046074	-0.0136834	-0.0550188	0.1202112	-0.1040457	0.1019623	0.0733384	-0.0723274	0.0559229	0.0680245	-0.0131669	-0.1401327	0.0857235	-0.0598053	-0.3035158	0.4630249	-0.2687233	-0.2797203	0.4695949	-0.1396928	-0.5674402	0.1900597	-0.1807708	-0.5348323	0.1888908	-0.0957488	-0.4197346	0.1001330	-0.1450373	-0.6494488	0.2081707	-0.1195710	-0.4735038	0.1053151	-0.1974778	-0.2120968	1.5030556	0.0871080	-0.2074873	1.5260224	-0.2646807	-0.3054287	1.5166129	-0.0873249	-0.0266526	0.7769777	0.0789885	-0.0329764	0.6626241	0.0876172	-0.1409897	0.7423482	0.1231142	-0.1474496	0.6989042	-0.3137409	-0.2148180	0.6053070	-0.3206234	-0.2703786	0.7378585	-0.3203618	-0.0473297	0.3742661	0.0287942	-0.0208451	0.2565461	0.0201431	-0.0853855	0.2682634	0.0348945	-0.3808708	0.3731402	-0.2468206	-0.4343230	0.2712057	-0.2377905	-0.4875725	0.3269694	-0.2347739	-0.1779918	0.8978149	0.0201013	-0.1918777	0.8805430	-0.2114841	-0.2654233	1.1546960	0.1867812	-0.2672500	1.1420669	0.0988486	-0.1315603	0.9302612	0.1557586	-0.1891913	0.8971051	0.1663227	-0.2222027	1.1793002	-0.3888955	-0.2491793	1.1666341	-0.3140318	-0.1198111	0.9367606	-0.3490018	-0.1811426	0.9184136	-0.3748220
232	3.8500000	-0.2001700	1.4785274	-0.0906000	-0.1865700	1.4665874	0.0877000	-0.2242100	1.1889074	0.1569100	-0.1525600	0.9397474	0.1719300	-0.1841900	1.4869374	-0.2698900	-0.2093000	1.2210574	-0.3466500	-0.1610100	0.9593274	-0.3655400	-0.1317000	0.9211674	-0.0980300	-0.1232300	0.9221674	0.0316400	-0.0659300	0.5012274	-0.0241000	-0.0507000	0.1146274	-0.0543500	-0.1255000	0.9222874	-0.2285900	-0.1633500	0.5151074	-0.2461100	-0.5729200	0.1868274	-0.1292800	-0.3861700	0.0982574	-0.1584000	-0.4061700	0.1032074	-0.1571300	-0.6108000	0.1698074	-0.1185400	0.1201100	0.0688974	-0.0563900	0.1112200	0.0703174	-0.0559600	-0.1013000	0.0700174	-0.0571400	-0.0578406	1.0162089	0.0885552	-0.0784388	0.9856195	-0.2946297	-0.2821483	1.0288334	-0.0183605	-0.2899393	1.0173369	-0.1686129	-0.0321080	0.4968174	0.0400374	-0.0495667	0.5117783	-0.0889705	-0.0604554	0.1050413	-0.0124317	-0.0531262	0.1197583	-0.1028733	0.1033395	0.0710155	-0.0721837	0.0579034	0.0664768	-0.0122952	-0.1382567	0.0874028	-0.0578314	-0.2559883	0.4610359	-0.2808777	-0.2306727	0.4671911	-0.1517983	-0.5511936	0.2043066	-0.1832492	-0.5179292	0.2023953	-0.0979248	-0.4136468	0.1052830	-0.1457980	-0.6320673	0.2313173	-0.1213710	-0.4665451	0.1142547	-0.1988228	-0.1948017	1.5054843	0.0878354	-0.1909620	1.5294684	-0.2617612	-0.2878569	1.5203931	-0.0856151	-0.0130808	0.7781668	0.0788984	-0.0204812	0.6645229	0.0876275	-0.1266944	0.7449659	0.1227736	-0.1188841	0.7068144	-0.3199530	-0.1791848	0.6092504	-0.3290198	-0.2443521	0.7362840	-0.3239161	-0.0390227	0.3759851	0.0292103	-0.0146701	0.2566149	0.0205790	-0.0789364	0.2709727	0.0361443	-0.3423381	0.3731662	-0.2559410	-0.4066548	0.2746417	-0.2438244	-0.4561635	0.3353265	-0.2419479	-0.1625812	0.8994116	0.0200723	-0.1748193	0.8814056	-0.2114580	-0.2484454	1.1562565	0.1879814	-0.2507831	1.1436979	0.0999450	-0.1141602	0.9319577	0.1561634	-0.1715867	0.8986420	0.1667867	-0.2093892	1.1817265	-0.3884104	-0.2358059	1.1689957	-0.3132689	-0.1080173	0.9382989	-0.3495730	-0.1696269	0.9204668	-0.3751307
233	3.8666667	-0.1846100	1.4796274	-0.0896900	-0.1693000	1.4672874	0.0887100	-0.2095500	1.1903974	0.1593200	-0.1336500	0.9418274	0.1729700	-0.1702800	1.4884074	-0.2693100	-0.1960500	1.2235574	-0.3463500	-0.1482800	0.9621574	-0.3653500	-0.1166200	0.9233874	-0.0978600	-0.1075200	0.9242374	0.0317800	-0.0603400	0.5007374	-0.0231800	-0.0504900	0.1141374	-0.0544600	-0.1111000	0.9246274	-0.2284600	-0.1310600	0.5195374	-0.2486400	-0.5522500	0.2003274	-0.1319100	-0.3868500	0.1014374	-0.1589500	-0.4040700	0.1068174	-0.1579500	-0.5887900	0.1865374	-0.1209700	0.1229300	0.0697074	-0.0561600	0.1139500	0.0709974	-0.0557100	-0.1012600	0.0697874	-0.0570800	-0.0435619	1.0179720	0.0887587	-0.0614393	0.9869775	-0.2950221	-0.2673358	1.0325768	-0.0186518	-0.2740310	1.0208791	-0.1691439	-0.0254135	0.4993987	0.0415378	-0.0428863	0.5139107	-0.0874018	-0.0592038	0.1065308	-0.0105287	-0.0518934	0.1205132	-0.1013145	0.1039366	0.0717331	-0.0708724	0.0587305	0.0665150	-0.0101370	-0.1375612	0.0892838	-0.0558214	-0.2099737	0.4623736	-0.2915189	-0.1828600	0.4679927	-0.1622653	-0.5326002	0.2191708	-0.1843768	-0.4983185	0.2164206	-0.0989048	-0.4054757	0.1127300	-0.1464419	-0.6115724	0.2533604	-0.1212063	-0.4576316	0.1250041	-0.1995167	-0.1787233	1.5092620	0.0893062	-0.1755997	1.5341504	-0.2589463	-0.2718297	1.5258203	-0.0833858	-0.0015478	0.7793354	0.0801707	-0.0108627	0.6663481	0.0890276	-0.1153197	0.7482833	0.1235741	-0.0920331	0.7169719	-0.3257657	-0.1452420	0.6159329	-0.3365920	-0.2199364	0.7370229	-0.3270354	-0.0340438	0.3781722	0.0307124	-0.0109665	0.2576940	0.0222055	-0.0755538	0.2739672	0.0381541	-0.3042082	0.3759789	-0.2635891	-0.3781542	0.2802870	-0.2486874	-0.4243106	0.3453068	-0.2473626	-0.1485666	0.9020788	0.0204898	-0.1591642	0.8838642	-0.2113933	-0.2324954	1.1589931	0.1895295	-0.2354078	1.1464764	0.1013661	-0.0974474	0.9350955	0.1568347	-0.1546095	0.9015158	0.1675561	-0.1977081	1.1852922	-0.3878523	-0.2235339	1.1724952	-0.3123986	-0.0971150	0.9411360	-0.3499504	-0.1590420	0.9237236	-0.3752415
234	3.8833333	-0.1691100	1.4805974	-0.0889600	-0.1519000	1.4676474	0.0894500	-0.1944700	1.1916074	0.1617300	-0.1151700	0.9435274	0.1740400	-0.1566400	1.4899374	-0.2688300	-0.1826800	1.2265674	-0.3457800	-0.1347300	0.9653474	-0.3650800	-0.1028400	0.9263474	-0.0972300	-0.0930400	0.9264874	0.0323200	-0.0556400	0.5002974	-0.0220500	-0.0510500	0.1143874	-0.0542300	-0.0980600	0.9282974	-0.2278000	-0.0983400	0.5241374	-0.2498400	-0.5216700	0.2110874	-0.1362800	-0.3823600	0.1043574	-0.1608000	-0.3973400	0.1102874	-0.1600000	-0.5590400	0.1985074	-0.1248400	0.1241700	0.0703374	-0.0557200	0.1152700	0.0715574	-0.0552600	-0.1000700	0.0715774	-0.0567900	-0.0302832	1.0201088	0.0898244	-0.0456293	0.9894301	-0.2951912	-0.2541278	1.0366351	-0.0180968	-0.2597940	1.0249996	-0.1690936	-0.0221247	0.5015236	0.0440646	-0.0388347	0.5156950	-0.0854083	-0.0593057	0.1080927	-0.0081304	-0.0512355	0.1215298	-0.0993918	0.1036045	0.0735643	-0.0685655	0.0582594	0.0667638	-0.0069745	-0.1378567	0.0907149	-0.0538772	-0.1669909	0.4665673	-0.2998724	-0.1381589	0.4716794	-0.1703978	-0.5103450	0.2321275	-0.1854170	-0.4750005	0.2285923	-0.0999214	-0.3936659	0.1198722	-0.1477260	-0.5867063	0.2714977	-0.1208322	-0.4449958	0.1350456	-0.2004661	-0.1635784	1.5136375	0.0915013	-0.1610927	1.5391570	-0.2564767	-0.2572226	1.5319781	-0.0808913	0.0081385	0.7799882	0.0828571	-0.0038198	0.6676767	0.0917888	-0.1066986	0.7518067	0.1254794	-0.0677356	0.7283931	-0.3303646	-0.1140209	0.6245409	-0.3425492	-0.1973258	0.7394517	-0.3293728	-0.0320517	0.3803605	0.0331339	-0.0095950	0.2591816	0.0248592	-0.0749369	0.2764889	0.0407268	-0.2671178	0.3807540	-0.2696211	-0.3485220	0.2868670	-0.2527408	-0.3919881	0.3551208	-0.2514455	-0.1358924	0.9052840	0.0215351	-0.1449812	0.8872633	-0.2110793	-0.2172780	1.1622863	0.1915651	-0.2208985	1.1497835	0.1032607	-0.0813071	0.9389873	0.1578564	-0.1381917	0.9051228	0.1687410	-0.1868103	1.1893932	-0.3870995	-0.2120593	1.1765377	-0.3112940	-0.0867373	0.9447267	-0.3499677	-0.1489796	0.9276241	-0.3750343
235	3.9000000	-0.1548000	1.4820874	-0.0886900	-0.1364100	1.4689274	0.0895500	-0.1789600	1.1928674	0.1636700	-0.0960700	0.9450874	0.1752000	-0.1435700	1.4916374	-0.2685500	-0.1693400	1.2295774	-0.3452400	-0.1204100	0.9682674	-0.3646900	-0.0888100	0.9291474	-0.0962500	-0.0785100	0.9281374	0.0331600	-0.0501000	0.4999474	-0.0207500	-0.0509000	0.1142374	-0.0537400	-0.0846000	0.9322674	-0.2267300	-0.0636600	0.5305574	-0.2507500	-0.4737900	0.2213574	-0.1435900	-0.3594200	0.1098974	-0.1650500	-0.3721200	0.1161274	-0.1644200	-0.5147000	0.2073474	-0.1318500	0.1238100	0.0703374	-0.0550600	0.1150200	0.0715074	-0.0545600	-0.0980400	0.0726974	-0.0562200	-0.0167389	1.0217647	0.0915327	-0.0295341	0.9923082	-0.2949160	-0.2408802	1.0398884	-0.0172560	-0.2454985	1.0286517	-0.1688497	-0.0203039	0.5024671	0.0471838	-0.0355592	0.5165042	-0.0832443	-0.0591713	0.1090681	-0.0058482	-0.0496942	0.1221721	-0.0975366	0.1035256	0.0755698	-0.0659526	0.0577896	0.0665977	-0.0036431	-0.1373542	0.0912309	-0.0525462	-0.1250706	0.4731313	-0.3061568	-0.0948168	0.4776757	-0.1764857	-0.4802178	0.2409455	-0.1876974	-0.4439241	0.2367407	-0.1023090	-0.3728380	0.1250234	-0.1509180	-0.5536761	0.2829903	-0.1218844	-0.4233465	0.1426324	-0.2030150	-0.1482146	1.5174810	0.0935831	-0.1462435	1.5435877	-0.2544568	-0.2427027	1.5376369	-0.0787208	0.0175515	0.7791713	0.0865324	0.0023822	0.6676258	0.0954472	-0.0990411	0.7545751	0.1280003	-0.0442131	0.7406174	-0.3336324	-0.0836161	0.6346066	-0.3469059	-0.1745427	0.7427933	-0.3310210	-0.0312125	0.3818142	0.0359435	-0.0089087	0.2602791	0.0279451	-0.0751979	0.2779071	0.0432519	-0.2283314	0.3865821	-0.2745576	-0.3142049	0.2931206	-0.2567649	-0.3560554	0.3631414	-0.2551212	-0.1229858	0.9079987	0.0228977	-0.1305658	0.8906878	-0.2105641	-0.2013314	1.1652667	0.1938393	-0.2057426	1.1527332	0.1054090	-0.0643120	0.9427500	0.1590522	-0.1208928	0.9085903	0.1701520	-0.1751818	1.1931284	-0.3862681	-0.1998930	1.1802008	-0.3100709	-0.0753108	0.9481550	-0.3497130	-0.1378396	0.9312446	-0.3745930
236	3.9166667	-0.1414200	1.4840474	-0.0887200	-0.1228400	1.4710874	0.0892700	-0.1632000	1.1946474	0.1648600	-0.0762100	0.9471674	0.1764100	-0.1305000	1.4933674	-0.2683800	-0.1554800	1.2323474	-0.3450100	-0.1060700	0.9707674	-0.3642000	-0.0740800	0.9311074	-0.0952500	-0.0632200	0.9289974	0.0339800	-0.0441600	0.4995774	-0.0195000	-0.0495700	0.1125674	-0.0532800	-0.0705000	0.9353874	-0.2255800	-0.0294900	0.5384074	-0.2514400	-0.4119200	0.2320474	-0.1531400	-0.3163800	0.1180274	-0.1711100	-0.3270800	0.1256074	-0.1709800	-0.4557800	0.2162674	-0.1416900	0.1229500	0.0697774	-0.0542500	0.1141200	0.0708074	-0.0536800	-0.0972900	0.0713374	-0.0557400	-0.0026024	1.0221360	0.0936287	-0.0127019	0.9952209	-0.2944605	-0.2272198	1.0415016	-0.0165643	-0.2307090	1.0311639	-0.1688552	-0.0191110	0.5019287	0.0501620	-0.0322959	0.5160512	-0.0815317	-0.0585468	0.1091044	-0.0040674	-0.0471839	0.1221077	-0.0960242	0.1037433	0.0771354	-0.0634501	0.0574782	0.0657866	-0.0006833	-0.1357503	0.0906227	-0.0521136	-0.0824814	0.4816009	-0.3113952	-0.0514971	0.4856262	-0.1816363	-0.4390932	0.2449553	-0.1921228	-0.4022245	0.2403556	-0.1070296	-0.3388077	0.1279554	-0.1565030	-0.5098345	0.2870339	-0.1256216	-0.3885480	0.1473370	-0.2077712	-0.1325232	1.5202498	0.0948170	-0.1309737	1.5467230	-0.2532121	-0.2280858	1.5418638	-0.0774097	0.0271574	0.7762723	0.0905900	0.0083469	0.6656943	0.0993369	-0.0916790	0.7559159	0.1306005	-0.0203801	0.7534537	-0.3357778	-0.0526110	0.6457874	-0.3501857	-0.1503462	0.7463125	-0.3325625	-0.0308346	0.3822074	0.0384839	-0.0084253	0.2606682	0.0309051	-0.0756540	0.2779293	0.0451570	-0.1856607	0.3929146	-0.2793909	-0.2724992	0.2984862	-0.2616034	-0.3139709	0.3686542	-0.2594654	-0.1094131	0.9093704	0.0242199	-0.1154017	0.8935434	-0.2102206	-0.1844616	1.1673887	0.1959584	-0.1896567	1.1547592	0.1074373	-0.0461866	0.9458634	0.1601538	-0.1024125	0.9113526	0.1714942	-0.1625083	1.1958833	-0.3856248	-0.1867351	1.1828717	-0.3090265	-0.0625547	0.9507618	-0.3494530	-0.1253414	0.9339408	-0.3741545
237	3.9333333	-0.1279200	1.4857974	-0.0886900	-0.1087300	1.4729074	0.0893900	-0.1473100	1.1967974	0.1653200	-0.0571100	0.9498674	0.1775200	-0.1176200	1.4950174	-0.2685300	-0.1411200	1.2349974	-0.3450200	-0.0922100	0.9729774	-0.3639100	-0.0599500	0.9324174	-0.0947700	-0.0485500	0.9289774	0.0342200	-0.0390600	0.4982374	-0.0183000	-0.0479700	0.1107374	-0.0531300	-0.0569900	0.9380374	-0.2249000	0.0024400	0.5476574	-0.2519000	-0.3491600	0.2402774	-0.1625900	-0.2681300	0.1230174	-0.1768600	-0.2764900	0.1308674	-0.1771300	-0.3928500	0.2252674	-0.1519400	0.1219900	0.0687174	-0.0538400	0.1130400	0.0695874	-0.0531900	-0.0969800	0.0674574	-0.0557800	0.0110139	1.0213105	0.0956442	0.0034834	0.9983814	-0.2943772	-0.2144183	1.0417176	-0.0163485	-0.2168131	1.0328468	-0.1694696	-0.0191663	0.5004470	0.0521467	-0.0299173	0.5147803	-0.0808697	-0.0584935	0.1084199	-0.0031457	-0.0450588	0.1214754	-0.0951210	0.1030055	0.0782035	-0.0616318	0.0561958	0.0646181	0.0012942	-0.1342507	0.0891781	-0.0525598	-0.0406944	0.4917276	-0.3164777	-0.0096762	0.4953870	-0.1867825	-0.3893667	0.2456095	-0.1987601	-0.3522949	0.2409962	-0.1141809	-0.2942533	0.1293505	-0.1637860	-0.4575227	0.2859046	-0.1323569	-0.3431440	0.1496701	-0.2142098	-0.1177162	1.5224370	0.0949286	-0.1168943	1.5487083	-0.2531719	-0.2147094	1.5447055	-0.0772737	0.0357937	0.7718936	0.0940660	0.0131507	0.6624618	0.1025085	-0.0853814	0.7561384	0.1325230	0.0023709	0.7667170	-0.3373976	-0.0224217	0.6578461	-0.3530892	-0.1261613	0.7500569	-0.3346389	-0.0315859	0.3819286	0.0399950	-0.0089422	0.2606345	0.0330139	-0.0769782	0.2769853	0.0459270	-0.1409061	0.3999488	-0.2847571	-0.2255343	0.3035998	-0.2675818	-0.2676139	0.3724015	-0.2649909	-0.0964223	0.9095585	0.0249875	-0.1008927	0.8960828	-0.2106191	-0.1679959	1.1689145	0.1974555	-0.1739432	1.1561342	0.1088693	-0.0282824	0.9485505	0.1607407	-0.0841325	0.9136354	0.1723317	-0.1500195	1.1978967	-0.3856208	-0.1738153	1.1848176	-0.3086297	-0.0497975	0.9527664	-0.3496723	-0.1128324	0.9359513	-0.3741855
238	3.9500000	-0.1141800	1.4870674	-0.0885100	-0.0928400	1.4736974	0.0900500	-0.1318200	1.1989474	0.1652100	-0.0397000	0.9530374	0.1783200	-0.1058500	1.4967074	-0.2691200	-0.1273100	1.2373074	-0.3450300	-0.0787600	0.9752874	-0.3640100	-0.0470200	0.9338674	-0.0952200	-0.0356800	0.9291274	0.0333600	-0.0346700	0.4969274	-0.0171100	-0.0462100	0.1096874	-0.0530400	-0.0441300	0.9407874	-0.2249200	0.0329600	0.5577174	-0.2516000	-0.2962100	0.2428774	-0.1695800	-0.2232100	0.1218774	-0.1815500	-0.2301800	0.1298774	-0.1822000	-0.3369100	0.2298774	-0.1599900	0.1200700	0.0678374	-0.0541900	0.1111000	0.0686174	-0.0534700	-0.0929200	0.0669374	-0.0559300	0.0237140	1.0202383	0.0969830	0.0182485	1.0021209	-0.2949756	-0.2028432	1.0416151	-0.0170051	-0.2043464	1.0345462	-0.1709679	-0.0202114	0.4991555	0.0528667	-0.0285269	0.5136776	-0.0812094	-0.0591104	0.1077986	-0.0032156	-0.0437254	0.1208969	-0.0949098	0.1008970	0.0790969	-0.0608194	0.0536560	0.0636507	0.0019209	-0.1331417	0.0878259	-0.0536590	-0.0019282	0.5032813	-0.3213216	0.0287741	0.5067275	-0.1918290	-0.3363825	0.2445965	-0.2068249	-0.2992859	0.2403255	-0.1229115	-0.2448888	0.1297278	-0.1717057	-0.4020888	0.2822852	-0.1412424	-0.2928747	0.1502812	-0.2213894	-0.1039377	1.5250418	0.0939775	-0.1047783	1.5504834	-0.2546164	-0.2029863	1.5471916	-0.0783816	0.0431173	0.7676014	0.0960900	0.0167573	0.6593402	0.1042685	-0.0800365	0.7563527	0.1331767	0.0228020	0.7800818	-0.3389825	0.0052732	0.6705039	-0.3558780	-0.1035211	0.7545343	-0.3373612	-0.0331973	0.3818752	0.0402422	-0.0103114	0.2608789	0.0338782	-0.0789745	0.2760967	0.0454842	-0.0972404	0.4079083	-0.2903443	-0.1775314	0.3090977	-0.2741857	-0.2208974	0.3754235	-0.2712628	-0.0844999	0.9096089	0.0247229	-0.0877536	0.8989865	-0.2120612	-0.1524876	1.1705927	0.1980593	-0.1591597	1.1576405	0.1094154	-0.0112772	0.9514897	0.1605159	-0.0667667	0.9161582	0.1723562	-0.1382768	1.1999494	-0.3865110	-0.1616750	1.1868356	-0.3091276	-0.0376214	0.9549547	-0.3506841	-0.1009048	0.9380668	-0.3749895
239	3.9666667	-0.1006600	1.4884274	-0.0883700	-0.0767500	1.4743474	0.0906100	-0.1171600	1.2014074	0.1647500	-0.0233400	0.9565574	0.1788300	-0.0947300	1.4987674	-0.2697400	-0.1143600	1.2392874	-0.3450200	-0.0654400	0.9777474	-0.3641500	-0.0343600	0.9367774	-0.0962000	-0.0239000	0.9310174	0.0317800	-0.0300500	0.4967874	-0.0161100	-0.0443300	0.1110474	-0.0529800	-0.0307600	0.9446274	-0.2251700	0.0632500	0.5678574	-0.2493800	-0.2532700	0.2392274	-0.1735000	-0.1776500	0.1182574	-0.1854800	-0.1844600	0.1267674	-0.1864500	-0.2909500	0.2285574	-0.1650800	0.1175300	0.0680374	-0.0551800	0.1086000	0.0687274	-0.0543200	-0.0830700	0.0720074	-0.0559800	0.0362938	1.0205631	0.0977719	0.0324711	1.0072341	-0.2957526	-0.1914353	1.0427529	-0.0184646	-0.1922299	1.0374847	-0.1731218	-0.0207115	0.4996424	0.0530840	-0.0268496	0.5142458	-0.0816164	-0.0591239	0.1087127	-0.0036623	-0.0420968	0.1217367	-0.0947912	0.0984468	0.0808879	-0.0603938	0.0510162	0.0641227	0.0017854	-0.1312809	0.0882198	-0.0547714	0.0335285	0.5163460	-0.3246673	0.0636982	0.5198160	-0.1952895	-0.2836341	0.2429150	-0.2147761	-0.2466569	0.2393432	-0.1314211	-0.1936740	0.1298915	-0.1789141	-0.3475742	0.2775324	-0.1504616	-0.2409598	0.1500856	-0.2281343	-0.0899966	1.5293119	0.0925840	-0.0934744	1.5535851	-0.2569445	-0.1916407	1.5509469	-0.0801419	0.0502196	0.7653025	0.0969007	0.0204940	0.6581322	0.1050192	-0.0742739	0.7581891	0.1329164	0.0418089	0.7937446	-0.3400690	0.0308632	0.6839052	-0.3578179	-0.0820668	0.7605377	-0.3400579	-0.0341314	0.3834470	0.0400127	-0.0111041	0.2626374	0.0341206	-0.0802111	0.2768747	0.0445982	-0.0558894	0.4170067	-0.2948032	-0.1306927	0.3152967	-0.2799923	-0.1759323	0.3784689	-0.2769432	-0.0726896	0.9111529	0.0237328	-0.0749828	0.9033657	-0.2140083	-0.1371560	1.1736300	0.1981751	-0.1444934	1.1605173	0.1094911	0.0055120	0.9558307	0.1598887	-0.0496328	0.9201006	0.1719683	-0.1264802	1.2032736	-0.3877437	-0.1495100	1.1901536	-0.3099839	-0.0252465	0.9585193	-0.3519847	-0.0887649	0.9414976	-0.3760639
240	3.9833333	-0.0873600	1.4902974	-0.0883600	-0.0620300	1.4757574	0.0906800	-0.1032500	1.2042374	0.1642500	-0.0071900	0.9598574	0.1792600	-0.0828300	1.5010674	-0.2699900	-0.1010700	1.2410974	-0.3451500	-0.0519800	0.9806274	-0.3639100	-0.0208900	0.9410974	-0.0968200	-0.0119400	0.9344174	0.0305200	-0.0250400	0.4978674	-0.0156200	-0.0421800	0.1139574	-0.0532600	-0.0160100	0.9497774	-0.2249800	0.0926000	0.5776374	-0.2445800	-0.2136300	0.2310774	-0.1756600	-0.1263500	0.1147574	-0.1884700	-0.1332200	0.1231974	-0.1897700	-0.2498300	0.2210474	-0.1680700	0.1164700	0.0692974	-0.0563000	0.1075900	0.0698674	-0.0551600	-0.0728400	0.0803074	-0.0564700	0.0494898	1.0224829	0.0987100	0.0472831	1.0134230	-0.2957388	-0.1791074	1.0451240	-0.0201059	-0.1792260	1.0414551	-0.1751914	-0.0194662	0.5020007	0.0535639	-0.0237332	0.5166378	-0.0812189	-0.0575020	0.1112959	-0.0038943	-0.0391749	0.1241643	-0.0941650	0.0969157	0.0836266	-0.0596152	0.0495460	0.0661882	0.0016391	-0.1277760	0.0906186	-0.0554547	0.0666319	0.5299648	-0.3251214	0.0958352	0.5338288	-0.1955279	-0.2316025	0.2397366	-0.2211625	-0.1950524	0.2372734	-0.1379931	-0.1402673	0.1296214	-0.1840897	-0.2950879	0.2706589	-0.1583498	-0.1872501	0.1487654	-0.2333249	-0.0749888	1.5349230	0.0915640	-0.0815595	1.5578439	-0.2589879	-0.1793203	1.5558913	-0.0816089	0.0581016	0.7650651	0.0973461	0.0254592	0.6589164	0.1055516	-0.0669601	0.7616877	0.1324489	0.0610789	0.8070859	-0.3396172	0.0557615	0.6972713	-0.3577746	-0.0605746	0.7675258	-0.3417763	-0.0332060	0.3866536	0.0400660	-0.0102146	0.2658533	0.0344562	-0.0795674	0.2794824	0.0439450	-0.0163214	0.4262630	-0.2967459	-0.0848409	0.3211763	-0.2835782	-0.1326024	0.3806834	-0.2807045	-0.0599601	0.9142915	0.0228374	-0.0613108	0.9090175	-0.2154714	-0.1212340	1.1779052	0.1985464	-0.1291215	1.1646552	0.1098711	0.0227986	0.9613924	0.1596619	-0.0320162	0.9252941	0.1719596	-0.1136991	1.2077554	-0.3884347	-0.1364256	1.1946494	-0.3103543	-0.0118393	0.9632744	-0.3526863	-0.0755448	0.9461003	-0.3765425
241	4.0000000	-0.0740300	1.4922774	-0.0885100	-0.0487100	1.4775874	0.0903600	-0.0896800	1.2066574	0.1639100	0.0084200	0.9627574	0.1796600	-0.0696000	1.5031574	-0.2699600	-0.0868600	1.2432374	-0.3453900	-0.0377700	0.9832274	-0.3633600	-0.0065000	0.9448674	-0.0969300	0.0005400	0.9374374	0.0299400	-0.0199300	0.4993574	-0.0157400	-0.0407700	0.1173874	-0.0541600	0.0001300	0.9541274	-0.2244300	0.1196500	0.5860674	-0.2381400	-0.1720400	0.2215774	-0.1776600	-0.0695900	0.1120874	-0.1913300	-0.0762700	0.1197174	-0.1930800	-0.2086600	0.2097774	-0.1701700	0.1165800	0.0703474	-0.0570600	0.1078100	0.0707774	-0.0554800	-0.0680600	0.0869774	-0.0579600	0.0632362	1.0241111	0.0999615	0.0629513	1.0186872	-0.2948872	-0.1658565	1.0468413	-0.0217017	-0.1652045	1.0445294	-0.1769817	-0.0165582	0.5043132	0.0542450	-0.0191901	0.5190509	-0.0801659	-0.0549631	0.1137023	-0.0041643	-0.0356185	0.1264318	-0.0934125	0.0962262	0.0855429	-0.0586690	0.0490039	0.0680309	0.0014325	-0.1235741	0.0932247	-0.0561420	0.0977851	0.5417176	-0.3227464	0.1254492	0.5462771	-0.1926149	-0.1804119	0.2333485	-0.2258507	-0.1446782	0.2322898	-0.1424593	-0.0846529	0.1276716	-0.1873830	-0.2448602	0.2597605	-0.1646115	-0.1317525	0.1450686	-0.2370810	-0.0592151	1.5397643	0.0910656	-0.0687866	1.5612316	-0.2605779	-0.1659976	1.5600117	-0.0826137	0.0667723	0.7648069	0.0977089	0.0316104	0.6596606	0.1060310	-0.0581745	0.7648449	0.1319363	0.0812058	0.8180507	-0.3376030	0.0804977	0.7084083	-0.3557519	-0.0387241	0.7734074	-0.3424235	-0.0306663	0.3895471	0.0403083	-0.0080489	0.2685611	0.0347756	-0.0774860	0.2820693	0.0433834	0.0216539	0.4334320	-0.2962142	-0.0399341	0.3246422	-0.2849218	-0.0907738	0.3801258	-0.2825124	-0.0463022	0.9170905	0.0222448	-0.0465250	0.9139447	-0.2163097	-0.1049269	1.1815051	0.1992217	-0.1132097	1.1681436	0.1106014	0.0403610	0.9662056	0.1599486	-0.0141718	0.9297712	0.1724140	-0.0998365	1.2115014	-0.3885322	-0.1223816	1.1984212	-0.3102219	0.0026022	0.9672922	-0.3526815	-0.0612091	0.9499742	-0.3763536
242	4.0166667	-0.0605300	1.4939374	-0.0889300	-0.0361500	1.4793974	0.0897300	-0.0759800	1.2083074	0.1636200	0.0227600	0.9650974	0.1799000	-0.0553000	1.5046474	-0.2700500	-0.0723100	1.2455474	-0.3456300	-0.0227200	0.9852174	-0.3628800	0.0081900	0.9479074	-0.0970000	0.0132200	0.9394974	0.0297100	-0.0150800	0.5001574	-0.0163000	-0.0405500	0.1199174	-0.0551300	0.0167200	0.9578774	-0.2241400	0.1431600	0.5923974	-0.2317600	-0.1271300	0.2106874	-0.1795400	-0.0100000	0.1069974	-0.1951000	-0.0164400	0.1142174	-0.1974900	-0.1646000	0.1951374	-0.1713800	0.1154400	0.0698374	-0.0577500	0.1068100	0.0701074	-0.0554900	-0.0704600	0.0914174	-0.0599100	0.0769276	1.0252267	0.1010444	0.0789922	1.0228343	-0.2937453	-0.1523046	1.0478493	-0.0235371	-0.1507390	1.0466646	-0.1788053	-0.0128820	0.5063379	0.0545667	-0.0139645	0.5213071	-0.0791813	-0.0531744	0.1156683	-0.0050143	-0.0329442	0.1283188	-0.0932079	0.0952278	0.0862994	-0.0581615	0.0480610	0.0692115	0.0007155	-0.1205176	0.0958467	-0.0574352	0.1262878	0.5510972	-0.3186677	0.1519396	0.5565156	-0.1878190	-0.1300806	0.2237896	-0.2294869	-0.0954459	0.2243083	-0.1455747	-0.0273081	0.1240436	-0.1898551	-0.1964881	0.2448844	-0.1696989	-0.0748658	0.1392169	-0.2402892	-0.0434799	1.5434119	0.0906230	-0.0556397	1.5634969	-0.2622061	-0.1523234	1.5630678	-0.0835852	0.0755767	0.7641580	0.0977220	0.0381676	0.6600392	0.1060912	-0.0488210	0.7674392	0.1309820	0.1015390	0.8264844	-0.3348674	0.1043898	0.7170460	-0.3526664	-0.0172463	0.7780074	-0.3425407	-0.0276082	0.3918796	0.0401891	-0.0058764	0.2704893	0.0345822	-0.0753546	0.2844035	0.0423768	0.0574632	0.4381901	-0.2942244	0.0036226	0.3255527	-0.2849243	-0.0507494	0.3766303	-0.2831683	-0.0324076	0.9193751	0.0215319	-0.0312440	0.9179963	-0.2169820	-0.0890094	1.1842498	0.1996786	-0.0975131	1.1708212	0.1111493	0.0573752	0.9700196	0.1602797	0.0030426	0.9333068	0.1728345	-0.0854194	1.2143879	-0.3885489	-0.1079454	1.2013313	-0.3101122	0.0174836	0.9704467	-0.3524637	-0.0463343	0.9529950	-0.3760206
243	4.0333333	-0.0467200	1.4952374	-0.0897400	-0.0237900	1.4811574	0.0887800	-0.0620000	1.2100874	0.1631300	0.0360800	0.9672274	0.1798400	-0.0401500	1.5054074	-0.2705700	-0.0583500	1.2474974	-0.3458000	-0.0078900	0.9863674	-0.3625800	0.0229700	0.9505974	-0.0971900	0.0262900	0.9411974	0.0296800	-0.0101100	0.5003874	-0.0170500	-0.0400800	0.1210974	-0.0554700	0.0331300	0.9614574	-0.2243000	0.1625300	0.5956274	-0.2262200	-0.0792900	0.1970174	-0.1806000	0.0475400	0.1000374	-0.1990000	0.0418100	0.1063174	-0.2019200	-0.1169400	0.1772074	-0.1712100	0.1128500	0.0666674	-0.0588000	0.1044100	0.0670374	-0.0556600	-0.0756800	0.0921274	-0.0616600	0.0904584	1.0261999	0.1017431	0.0952060	1.0262712	-0.2925637	-0.1385870	1.0485911	-0.0255454	-0.1360028	1.0483192	-0.1806175	-0.0088128	0.5081912	0.0543910	-0.0084234	0.5234748	-0.0785770	-0.0525294	0.1172845	-0.0064326	-0.0314996	0.1298843	-0.0936555	0.0934881	0.0859928	-0.0583143	0.0463327	0.0696328	-0.0005515	-0.1190021	0.0985416	-0.0592746	0.1513567	0.5580692	-0.3137118	0.1748407	0.5644277	-0.1821253	-0.0803671	0.2116698	-0.2321151	-0.0468424	0.2138666	-0.1475679	0.0307503	0.1191552	-0.1918323	-0.1488588	0.2268254	-0.1734688	-0.0174201	0.1318205	-0.2430426	-0.0280851	1.5461284	0.0899964	-0.0422035	1.5648384	-0.2640376	-0.1384476	1.5652933	-0.0846871	0.0844017	0.7633122	0.0973480	0.0449110	0.6602284	0.1056823	-0.0392054	0.7698069	0.1295860	0.1214363	0.8326191	-0.3319722	0.1266939	0.7233362	-0.3491394	0.0031910	0.7816533	-0.3423142	-0.0244325	0.3938165	0.0396037	-0.0040352	0.2718220	0.0338581	-0.0736085	0.2865894	0.0408815	0.0904849	0.4407364	-0.2913890	0.0454179	0.3243176	-0.2840405	-0.0127303	0.3705607	-0.2829414	-0.0184821	0.9215058	0.0205919	-0.0157301	0.9215623	-0.2176154	-0.0737079	1.1865534	0.1997536	-0.0822721	1.1731031	0.1113369	0.0735714	0.9731756	0.1604816	0.0193353	0.9362533	0.1730509	-0.0707202	1.2167970	-0.3886393	-0.0933900	1.2037630	-0.3101783	0.0324712	0.9730921	-0.3522130	-0.0312664	0.9555289	-0.3757314
244	4.0500000	-0.0327800	1.4961574	-0.0907800	-0.0114200	1.4827274	0.0877600	-0.0482200	1.2123874	0.1625200	0.0497400	0.9691674	0.1793200	-0.0247200	1.5055974	-0.2714300	-0.0460400	1.2482474	-0.3459800	0.0056700	0.9867374	-0.3621900	0.0377500	0.9530074	-0.0972800	0.0398000	0.9430774	0.0299000	-0.0036300	0.5002574	-0.0177600	-0.0369900	0.1212674	-0.0550800	0.0490800	0.9647874	-0.2245700	0.1779700	0.5961474	-0.2213000	-0.0282100	0.1821974	-0.1811200	0.1022600	0.0951874	-0.2016700	0.0966900	0.1003574	-0.2049000	-0.0662700	0.1572574	-0.1703400	0.1107200	0.0619074	-0.0597900	0.1027600	0.0628474	-0.0558600	-0.0770400	0.0902074	-0.0629200	0.1037976	1.0270576	0.1022057	0.1114354	1.0291351	-0.2911625	-0.1246667	1.0491571	-0.0273407	-0.1210025	1.0496270	-0.1820284	-0.0040904	0.5097643	0.0540062	-0.0023566	0.5253547	-0.0782001	-0.0519308	0.1184879	-0.0079569	-0.0302156	0.1310438	-0.0943476	0.0916646	0.0848245	-0.0588290	0.0446913	0.0692616	-0.0019779	-0.1177255	0.1011040	-0.0611480	0.1724201	0.5624208	-0.3081079	0.1938081	0.5698371	-0.1758540	-0.0310276	0.1977862	-0.2333192	0.0015647	0.2017736	-0.1481755	0.0882389	0.1140797	-0.1928495	-0.1008600	0.2064368	-0.1754838	0.0395780	0.1238687	-0.2447062	-0.0131073	1.5480111	0.0892994	-0.0283995	1.5652083	-0.2657660	-0.1242976	1.5666584	-0.0857223	0.0934408	0.7623718	0.0968696	0.0520675	0.6602600	0.1051193	-0.0292571	0.7719800	0.1281223	0.1403719	0.8363563	-0.3288569	0.1468358	0.7271380	-0.3452018	0.0221770	0.7843353	-0.3415507	-0.0206921	0.3953266	0.0388695	-0.0017886	0.2726349	0.0330144	-0.0715249	0.2884770	0.0392757	0.1202458	0.4411696	-0.2877393	0.0851083	0.3213258	-0.2821554	0.0231992	0.3622914	-0.2816074	-0.0045715	0.9235106	0.0196707	-0.0001019	0.9247411	-0.2179479	-0.0590192	1.1885455	0.1996874	-0.0675320	1.1751034	0.1113786	0.0890304	0.9758327	0.1606880	0.0348147	0.9387291	0.1732307	-0.0560978	1.2187754	-0.3885699	-0.0790184	1.2057814	-0.3101517	0.0472045	0.9752301	-0.3517370	-0.0164085	0.9575892	-0.3752651
245	4.0666667	-0.0193600	1.4965774	-0.0916800	0.0006100	1.4837474	0.0869400	-0.0354400	1.2144374	0.1619800	0.0643700	0.9709274	0.1783800	-0.0099700	1.5053674	-0.2722500	-0.0351000	1.2474674	-0.3465000	0.0187400	0.9865974	-0.3615500	0.0519700	0.9539774	-0.0971000	0.0530400	0.9439074	0.0302300	0.0040900	0.4998774	-0.0184100	-0.0312200	0.1204474	-0.0544300	0.0641900	0.9661974	-0.2244600	0.1904400	0.5932474	-0.2164500	0.0241600	0.1684374	-0.1822800	0.1577400	0.0909374	-0.2026900	0.1516100	0.0945574	-0.2059200	-0.0158100	0.1390574	-0.1706800	0.1110600	0.0575774	-0.0597100	0.1038100	0.0595274	-0.0554100	-0.0698100	0.0879974	-0.0634700	0.1163848	1.0266471	0.1025942	0.1271497	1.0303385	-0.2893752	-0.1111108	1.0483933	-0.0288126	-0.1062835	1.0494598	-0.1829294	0.0012650	0.5098650	0.0536107	0.0042278	0.5256772	-0.0778927	-0.0500743	0.1184024	-0.0092493	-0.0277712	0.1309200	-0.0949279	0.0907358	0.0823086	-0.0592878	0.0442226	0.0675063	-0.0032287	-0.1150430	0.1024539	-0.0627219	0.1894124	0.5632135	-0.3018348	0.2087012	0.5718197	-0.1688824	0.0178680	0.1823656	-0.2332104	0.0496281	0.1882690	-0.1474849	0.1442478	0.1086272	-0.1924141	-0.0522725	0.1843525	-0.1761176	0.0954792	0.1151204	-0.2449482	0.0007963	1.5481291	0.0887017	-0.0146023	1.5636609	-0.2670492	-0.1104330	1.5661022	-0.0866234	0.1023800	0.7604550	0.0964777	0.0594343	0.6591320	0.1046138	-0.0193829	0.7727642	0.1268156	0.1579058	0.8367195	-0.3252389	0.1645461	0.7274830	-0.3407040	0.0394070	0.7849289	-0.3402410	-0.0161255	0.3953821	0.0382076	0.0015085	0.2721447	0.0323547	-0.0683686	0.2889284	0.0378125	0.1466009	0.4388617	-0.2832608	0.1224646	0.3162824	-0.2792766	0.0570439	0.3515558	-0.2792492	0.0087470	0.9241911	0.0189421	0.0150863	0.9263765	-0.2178092	-0.0453302	1.1892112	0.1997221	-0.0537598	1.1757771	0.1114569	0.1035654	0.9771345	0.1609793	0.0493421	0.9398037	0.1734769	-0.0422188	1.2192157	-0.3882620	-0.0654469	1.2062988	-0.3099030	0.0611725	0.9757961	-0.3509098	-0.0022990	0.9580833	-0.3744763
246	4.0833333	-0.0069800	1.4964974	-0.0923700	0.0118700	1.4839974	0.0863400	-0.0236000	1.2151874	0.1614600	0.0791400	0.9723874	0.1773100	0.0034800	1.5049174	-0.2728900	-0.0233700	1.2459974	-0.3476700	0.0326600	0.9862874	-0.3609600	0.0650400	0.9534574	-0.0967800	0.0653400	0.9433374	0.0302900	0.0115000	0.4985974	-0.0189700	-0.0254800	0.1191974	-0.0540800	0.0779400	0.9654674	-0.2238100	0.2009100	0.5867374	-0.2116000	0.0726800	0.1549574	-0.1850200	0.2116800	0.0878774	-0.2040300	0.2048700	0.0899574	-0.2069400	0.0315300	0.1228274	-0.1733200	0.1150900	0.0563574	-0.0580700	0.1082700	0.0594374	-0.0538600	-0.0593800	0.0863874	-0.0635200	0.1276877	1.0249641	0.1028372	0.1417463	1.0298245	-0.2874059	-0.0985725	1.0463195	-0.0300708	-0.0925218	1.0478218	-0.1834752	0.0069739	0.5085651	0.0532190	0.0110370	0.5245374	-0.0776428	-0.0466162	0.1173279	-0.0103110	-0.0238094	0.1298534	-0.0954000	0.0913427	0.0793765	-0.0594458	0.0454066	0.0651974	-0.0041631	-0.1105721	0.1025670	-0.0640824	0.2026585	0.5608761	-0.2952762	0.2197614	0.5705790	-0.1615151	0.0651378	0.1669114	-0.2327771	0.0960235	0.1746618	-0.1464137	0.1974471	0.1037054	-0.1912761	-0.0044682	0.1623577	-0.1765401	0.1490527	0.1066853	-0.2446110	0.0130236	1.5466964	0.0882138	-0.0015242	1.5606286	-0.2679667	-0.0976174	1.5639549	-0.0874620	0.1107738	0.7577445	0.0960606	0.0666299	0.6569698	0.1041135	-0.0100493	0.7721139	0.1256428	0.1737853	0.8341004	-0.3212044	0.1798111	0.7248100	-0.3358755	0.0546406	0.7836507	-0.3387279	-0.0108909	0.3941401	0.0376366	0.0058623	0.2706335	0.0318634	-0.0640605	0.2880705	0.0365167	0.1694660	0.4344624	-0.2784988	0.1568791	0.3100978	-0.2760946	0.0883735	0.3394995	-0.2766401	0.0208897	0.9235109	0.0183216	0.0292107	0.9263991	-0.2173675	-0.0330041	1.1885844	0.1997703	-0.0413691	1.1751411	0.1114420	0.1169635	0.9772578	0.1612001	0.0627307	0.9396166	0.1736214	-0.0293410	1.2181583	-0.3880125	-0.0529503	1.2053433	-0.3097052	0.0742519	0.9749208	-0.3499276	0.0109421	0.9570895	-0.3735913
247	4.1000000	0.0047900	1.4961674	-0.0931300	0.0228500	1.4838474	0.0856700	-0.0118500	1.2148574	0.1606900	0.0931400	0.9734974	0.1763400	0.0159900	1.5044174	-0.2736300	-0.0098200	1.2447874	-0.3493500	0.0468600	0.9858174	-0.3607700	0.0771300	0.9536374	-0.0968100	0.0766400	0.9441474	0.0295900	0.0179800	0.4967074	-0.0193000	-0.0219000	0.1185674	-0.0541400	0.0905500	0.9652974	-0.2231300	0.2110900	0.5784774	-0.2071900	0.1179400	0.1436474	-0.1883900	0.2616000	0.0856674	-0.2056800	0.2543800	0.0865474	-0.2080500	0.0763600	0.1090474	-0.1770500	0.1234800	0.0600574	-0.0551200	0.1163800	0.0638274	-0.0512900	-0.0525900	0.0842274	-0.0634900	0.1379551	1.0243274	0.1024796	0.1553843	1.0297109	-0.2857523	-0.0868731	1.0451569	-0.0315321	-0.0795666	1.0468557	-0.1840913	0.0129005	0.5079985	0.0523763	0.0180856	0.5241428	-0.0779311	-0.0420422	0.1173440	-0.0114533	-0.0186377	0.1299765	-0.0960743	0.0940984	0.0787584	-0.0593224	0.0483978	0.0648657	-0.0048470	-0.1051024	0.1030961	-0.0656901	0.2135179	0.5579891	-0.2891657	0.2283289	0.5684930	-0.1545271	0.1103134	0.1544746	-0.2329911	0.1401639	0.1638433	-0.1459284	0.2474121	0.1015014	-0.1903843	0.0417836	0.1438182	-0.1778457	0.1998819	0.1010448	-0.2446196	0.0240544	1.5458530	0.0875113	0.0109908	1.5585437	-0.2689248	-0.0856428	1.5626434	-0.0885030	0.1187918	0.7562926	0.0952302	0.0736719	0.6558459	0.1032050	-0.0013321	0.7722084	0.1241433	0.1885654	0.8312336	-0.3172595	0.1934925	0.7218195	-0.3313069	0.0684432	0.7828337	-0.3375832	-0.0052616	0.3937501	0.0367740	0.0108975	0.2702498	0.0312067	-0.0590227	0.2879716	0.0350005	0.1897669	0.4305818	-0.2742585	0.1886631	0.3054897	-0.2734603	0.1176017	0.3290253	-0.2746462	0.0320387	0.9237158	0.0173293	0.0423973	0.9269263	-0.2171287	-0.0216370	1.1887298	0.1993401	-0.0299512	1.1752631	0.1108810	0.1295734	0.9782371	0.1609096	0.0753180	0.9402363	0.1732174	-0.0169051	1.2177630	-0.3883595	-0.0410083	1.2050504	-0.3101117	0.0869002	0.9747549	-0.3493156	0.0237747	0.9567538	-0.3731777
248	4.1166667	0.0169100	1.4957674	-0.0941900	0.0344300	1.4836474	0.0846800	-0.0000200	1.2143274	0.1594100	0.1061200	0.9738574	0.1754500	0.0285900	1.5038174	-0.2746900	0.0045300	1.2440674	-0.3510400	0.0596900	0.9848874	-0.3609900	0.0891700	0.9541674	-0.0973800	0.0876400	0.9447674	0.0283200	0.0244100	0.4943374	-0.0192000	-0.0203500	0.1183274	-0.0544200	0.1035000	0.9651574	-0.2228900	0.2223700	0.5704574	-0.2036300	0.1636100	0.1374074	-0.1901300	0.3104900	0.0863474	-0.2051900	0.3027700	0.0866074	-0.2070800	0.1210400	0.0996274	-0.1793700	0.1353000	0.0688174	-0.0512300	0.1270900	0.0726274	-0.0479800	-0.0497500	0.0823874	-0.0633000	0.1482299	1.0244983	0.1013565	0.1688621	1.0296948	-0.2847363	-0.0750956	1.0445203	-0.0332273	-0.0665973	1.0461558	-0.1848693	0.0196601	0.5077871	0.0510413	0.0259725	0.5241736	-0.0788938	-0.0361133	0.1181287	-0.0125429	-0.0119744	0.1309955	-0.0968827	0.1001935	0.0808364	-0.0588101	0.0540883	0.0666140	-0.0050522	-0.0987756	0.1032876	-0.0674645	0.2239235	0.5548068	-0.2838915	0.2364531	0.5658398	-0.1483411	0.1541525	0.1453468	-0.2334535	0.1828480	0.1561470	-0.1456497	0.2950175	0.1020122	-0.1894098	0.0870592	0.1292220	-0.1795509	0.2487650	0.0982144	-0.2445723	0.0351965	1.5452307	0.0863574	0.0237156	1.5569891	-0.2702184	-0.0734840	1.5618612	-0.0897981	0.1274561	0.7555564	0.0939848	0.0814174	0.6552797	0.1018880	0.0075994	0.7726719	0.1222970	0.2033407	0.8283674	-0.3137088	0.2069810	0.7187488	-0.3273201	0.0819708	0.7821828	-0.3370238	0.0012703	0.3938510	0.0356198	0.0170820	0.2706116	0.0304373	-0.0529324	0.2883163	0.0333369	0.2091851	0.4274059	-0.2707211	0.2191148	0.3026223	-0.2713313	0.1460299	0.3204011	-0.2731930	0.0431973	0.9244352	0.0158517	0.0555034	0.9275490	-0.2173009	-0.0102600	1.1892223	0.1982756	-0.0185025	1.1757146	0.1096866	0.1421709	0.9795121	0.1600257	0.0878591	0.9411509	0.1721874	-0.0040205	1.2176733	-0.3893994	-0.0287321	1.2050655	-0.3112475	0.0998034	0.9748473	-0.3492463	0.0368774	0.9566838	-0.3734007
249	4.1333333	0.0296800	1.4951774	-0.0953700	0.0466500	1.4833374	0.0835300	0.0116500	1.2138674	0.1577100	0.1181700	0.9734574	0.1744200	0.0418400	1.5029374	-0.2758200	0.0193800	1.2431274	-0.3524200	0.0716400	0.9833374	-0.3613600	0.1016600	0.9527274	-0.0980800	0.0985700	0.9441474	0.0272000	0.0312200	0.4919674	-0.0187400	-0.0189900	0.1181474	-0.0546100	0.1174100	0.9628274	-0.2230500	0.2341800	0.5639574	-0.2011200	0.2093500	0.1359374	-0.1895500	0.3593500	0.0950074	-0.2014200	0.3510000	0.0945474	-0.2029600	0.1661600	0.0948574	-0.1797500	0.1483600	0.0811274	-0.0465700	0.1388700	0.0843674	-0.0440800	-0.0480900	0.0798674	-0.0625200	0.1590001	1.0230996	0.0999869	0.1826665	1.0276459	-0.2841435	-0.0627493	1.0420942	-0.0347044	-0.0531221	1.0435091	-0.1854791	0.0273538	0.5058328	0.0498397	0.0346961	0.5225409	-0.0799534	-0.0292450	0.1178183	-0.0129213	-0.0043498	0.1310345	-0.0971950	0.1094665	0.0842278	-0.0572702	0.0622718	0.0688837	-0.0040918	-0.0922054	0.1010491	-0.0687449	0.2352259	0.5499805	-0.2792176	0.2454852	0.5614545	-0.1427970	0.1974632	0.1381876	-0.2328814	0.2248687	0.1503652	-0.1443416	0.3413053	0.1047887	-0.1871869	0.1320000	0.1168842	-0.1802488	0.2966363	0.0974310	-0.2431821	0.0470325	1.5428665	0.0849842	0.0369972	1.5537962	-0.2717928	-0.0607265	1.5594826	-0.0910605	0.1371815	0.7531186	0.0928919	0.0901675	0.6529832	0.1007701	0.0171820	0.7712172	0.1207244	0.2185829	0.8238998	-0.3102621	0.2210872	0.7140563	-0.3236266	0.0960863	0.7795262	-0.3366759	0.0086826	0.3923950	0.0347771	0.0242679	0.2696768	0.0301364	-0.0459463	0.2872114	0.0322019	0.2290080	0.4234959	-0.2673550	0.2493264	0.2999874	-0.2688447	0.1747760	0.3122544	-0.2714449	0.0548719	0.9232455	0.0144094	0.0690347	0.9259935	-0.2175496	0.0014757	1.1878604	0.1970369	-0.0066384	1.1742985	0.1083299	0.1549578	0.9788212	0.1590403	0.1005619	0.9401212	0.1710120	0.0096552	1.2156830	-0.3906363	-0.0157612	1.2032054	-0.3126306	0.1132175	0.9729585	-0.3492827	0.0505100	0.9546816	-0.3737728
250	4.1500000	0.0425400	1.4941974	-0.0963800	0.0587500	1.4825674	0.0825400	0.0235100	1.2128174	0.1560800	0.1298500	0.9725774	0.1731200	0.0554000	1.5017574	-0.2767500	0.0353000	1.2411374	-0.3535100	0.0849700	0.9811874	-0.3616300	0.1144500	0.9494274	-0.0983300	0.1100000	0.9418874	0.0270000	0.0386100	0.4901474	-0.0181500	-0.0166200	0.1191774	-0.0543800	0.1314700	0.9587274	-0.2232600	0.2455700	0.5586774	-0.1991100	0.2514300	0.1372474	-0.1880600	0.4071800	0.1071374	-0.1953300	0.3981200	0.1061774	-0.1967100	0.2092500	0.0934274	-0.1797300	0.1611300	0.0937674	-0.0418800	0.1506300	0.0964474	-0.0402400	-0.0463600	0.0795574	-0.0607600	0.1700901	1.0200727	0.0990983	0.1967797	1.0237749	-0.2834169	-0.0500684	1.0381197	-0.0355558	-0.0393108	1.0392540	-0.1855860	0.0356334	0.5024154	0.0494288	0.0438564	0.5194712	-0.0804433	-0.0225130	0.1169785	-0.0121195	0.0030816	0.1305831	-0.0965310	0.1205601	0.0888907	-0.0543765	0.0716534	0.0718781	-0.0016550	-0.0865205	0.0973184	-0.0689419	0.2475238	0.5442566	-0.2746661	0.2553741	0.5560567	-0.1374919	0.2397928	0.1333168	-0.2308167	0.2656316	0.1467800	-0.1415875	0.3861789	0.1100909	-0.1831263	0.1758276	0.1070621	-0.1795467	0.3433389	0.0990115	-0.2398959	0.0592598	1.5391243	0.0838246	0.0505507	1.5492808	-0.2732755	-0.0477478	1.5558001	-0.0919746	0.1476491	0.7491489	0.0924930	0.0995971	0.6491767	0.1004365	0.0272054	0.7680109	0.1200522	0.2340852	0.8183911	-0.3064305	0.2357566	0.7083791	-0.3197309	0.1109005	0.7752474	-0.3360084	0.0164496	0.3897221	0.0348297	0.0316793	0.2678223	0.0307634	-0.0387861	0.2851649	0.0321879	0.2492769	0.4194406	-0.2636672	0.2791859	0.2980253	-0.2654820	0.2037051	0.3051026	-0.2689555	0.0668404	0.9202031	0.0135939	0.0828599	0.9224750	-0.2173865	0.0133185	1.1848368	0.1962037	0.0053868	1.1712386	0.1073497	0.1676722	0.9763778	0.1585002	0.1131828	0.9373708	0.1702284	0.0240464	1.2119736	-0.3915088	-0.0021602	1.1996533	-0.3136852	0.1271496	0.9693202	-0.3488785	0.0646863	0.9509525	-0.3737123
251	4.1666667	0.0551600	1.4927674	-0.0973500	0.0703500	1.4812174	0.0816600	0.0358300	1.2108374	0.1548300	0.1419200	0.9710274	0.1716800	0.0689800	1.5002274	-0.2776500	0.0518200	1.2381074	-0.3543900	0.1001900	0.9785374	-0.3616600	0.1274100	0.9446474	-0.0979700	0.1221700	0.9382374	0.0276800	0.0466400	0.4884274	-0.0175500	-0.0131800	0.1187174	-0.0535600	0.1452100	0.9530574	-0.2231700	0.2557600	0.5548074	-0.1966100	0.2882000	0.1388974	-0.1869000	0.4500500	0.1194274	-0.1904600	0.4407400	0.1181174	-0.1916300	0.2475200	0.0933974	-0.1803000	0.1689900	0.0998274	-0.0387500	0.1581300	0.1027274	-0.0377400	-0.0435000	0.0809874	-0.0583500	0.1814430	1.0156283	0.0989301	0.2110047	1.0185812	-0.2824009	-0.0372449	1.0330040	-0.0356764	-0.0254140	1.0339028	-0.1851330	0.0442809	0.4978844	0.0500058	0.0530982	0.5152282	-0.0801837	-0.0166770	0.1158289	-0.0103356	0.0094083	0.1297484	-0.0951233	0.1315601	0.0934651	-0.0507260	0.0806814	0.0747645	0.0017150	-0.0823248	0.0932671	-0.0680662	0.2602208	0.5381933	-0.2701507	0.2654613	0.5500503	-0.1324231	0.2794001	0.1303619	-0.2281342	0.3033404	0.1448164	-0.1383287	0.4279493	0.1169566	-0.1783340	0.2165602	0.0995331	-0.1782787	0.3870790	0.1024012	-0.2358052	0.0714993	1.5346449	0.0828955	0.0639094	1.5438869	-0.2746184	-0.0349519	1.5511989	-0.0926093	0.1586776	0.7439443	0.0928318	0.1095340	0.6441965	0.1009884	0.0376569	0.7634482	0.1204933	0.2494424	0.8122724	-0.3021280	0.2505241	0.7022365	-0.3155326	0.1261674	0.7699986	-0.3348733	0.0242407	0.3861389	0.0358575	0.0387826	0.2652470	0.0321938	-0.0319264	0.2825414	0.0333654	0.2691214	0.4155098	-0.2598105	0.3074863	0.2966590	-0.2616847	0.2316336	0.2991067	-0.2661592	0.0790136	0.9156215	0.0135679	0.0967986	0.9174741	-0.2166980	0.0251405	1.1805832	0.1959468	0.0173960	1.1669828	0.1068754	0.1802895	0.9726529	0.1584860	0.1256978	0.9333547	0.1699226	0.0390825	1.2069690	-0.3919347	0.0120104	1.1948122	-0.3143019	0.1417264	0.9644272	-0.3479240	0.0795241	0.9459359	-0.3731108
252	4.1833333	0.0678900	1.4909874	-0.0987600	0.0819000	1.4796574	0.0803500	0.0483800	1.2087374	0.1536400	0.1543300	0.9690674	0.1703000	0.0828100	1.4982074	-0.2789800	0.0682200	1.2348274	-0.3551800	0.1157500	0.9752774	-0.3616000	0.1401700	0.9381574	-0.0975100	0.1345800	0.9323674	0.0284100	0.0539600	0.4848574	-0.0174000	-0.0137200	0.1136774	-0.0537500	0.1583700	0.9457674	-0.2229600	0.2651000	0.5499774	-0.1931500	0.3201300	0.1401374	-0.1859800	0.4879100	0.1298774	-0.1881100	0.4786000	0.1284374	-0.1890000	0.2807400	0.0930474	-0.1810000	0.1644300	0.0926274	-0.0390600	0.1535200	0.0967574	-0.0383200	-0.0431600	0.0813774	-0.0568800	0.1927483	1.0093480	0.0988754	0.2248281	1.0120309	-0.2814666	-0.0245240	1.0264726	-0.0356378	-0.0117589	1.0273267	-0.1846125	0.0521716	0.4919563	0.0508673	0.0614126	0.5094440	-0.0797808	-0.0140750	0.1134384	-0.0088291	0.0123130	0.1274677	-0.0941350	0.1384397	0.0946911	-0.0479450	0.0857711	0.0750047	0.0043340	-0.0815317	0.0892401	-0.0671974	0.2724852	0.5313952	-0.2661181	0.2749436	0.5430277	-0.1281281	0.3144768	0.1280115	-0.2260986	0.3362424	0.1430516	-0.1359123	0.4648750	0.1234140	-0.1743963	0.2522509	0.0932336	-0.1776241	0.4259297	0.1060405	-0.2324820	0.0832430	1.5294964	0.0815846	0.0766116	1.5375970	-0.2762888	-0.0228117	1.5454606	-0.0936173	0.1695221	0.7369097	0.0932574	0.1190696	0.6375994	0.1017189	0.0479104	0.7573137	0.1213229	0.2640269	0.8051758	-0.2978665	0.2646736	0.6952588	-0.3114994	0.1413347	0.7636231	-0.3336708	0.0306225	0.3811764	0.0369936	0.0436945	0.2612011	0.0333875	-0.0271249	0.2788237	0.0347215	0.2874368	0.4110184	-0.2564558	0.3328341	0.2948634	-0.2583813	0.2571706	0.2934338	-0.2638953	0.0911110	0.9091635	0.0137380	0.1104405	0.9108775	-0.2159300	0.0366439	1.1749779	0.1957975	0.0290449	1.1613977	0.1064257	0.1926203	0.9675673	0.1584724	0.1379185	0.9279545	0.1695868	0.0543590	1.2005152	-0.3924426	0.0263550	1.1885149	-0.3150148	0.1566684	0.9581546	-0.3469142	0.0947192	0.9394827	-0.3724784
253	4.2000000	0.0808500	1.4891274	-0.1009700	0.0938300	1.4783074	0.0781300	0.0612100	1.2074074	0.1519500	0.1660500	0.9671574	0.1690600	0.0967000	1.4958174	-0.2810500	0.0842100	1.2318874	-0.3562400	0.1305800	0.9720474	-0.3619100	0.1526400	0.9295874	-0.0976300	0.1467300	0.9246974	0.0283900	0.0588900	0.4776674	-0.0182800	-0.0218700	0.1021474	-0.0569400	0.1711100	0.9363774	-0.2231800	0.2734500	0.5445974	-0.1899900	0.3478800	0.1401774	-0.1844000	0.5212000	0.1388974	-0.1868300	0.5118300	0.1372874	-0.1874700	0.3090700	0.0910574	-0.1807600	0.1530700	0.0786174	-0.0427200	0.1401700	0.0818074	-0.0420800	-0.0511200	0.0740174	-0.0584900	0.2039467	1.0005687	0.0982458	0.2382101	1.0038209	-0.2810679	-0.0119543	1.0182058	-0.0361793	0.0016127	1.0193393	-0.1846769	0.0583572	0.4840693	0.0510145	0.0680965	0.5015686	-0.0802362	-0.0166671	0.1084098	-0.0092297	0.0100023	0.1223021	-0.0951409	0.1386685	0.0905171	-0.0477358	0.0845276	0.0705531	0.0044962	-0.0859033	0.0840829	-0.0680868	0.2840481	0.5234365	-0.2631666	0.2836789	0.5346416	-0.1252369	0.3441369	0.1249568	-0.2251522	0.3636460	0.1402220	-0.1348466	0.4961666	0.1281500	-0.1720668	0.2820140	0.0867831	-0.1779461	0.4589499	0.1086184	-0.2306150	0.0945133	1.5236341	0.0792094	0.0886563	1.5302916	-0.2787761	-0.0112658	1.5384486	-0.0956210	0.1796221	0.7271653	0.0930859	0.1274582	0.6286329	0.1018083	0.0573952	0.7492072	0.1216066	0.2776641	0.7966702	-0.2944002	0.2779846	0.6870068	-0.3083049	0.1561431	0.7558113	-0.3329843	0.0343808	0.3740026	0.0370602	0.0448947	0.2544969	0.0331030	-0.0259289	0.2730861	0.0347910	0.3037688	0.4052398	-0.2541413	0.3546412	0.2915869	-0.2560992	0.2795891	0.2872156	-0.2626190	0.1030213	0.9004062	0.0133009	0.1236840	0.9024823	-0.2157418	0.0477805	1.1678403	0.1951331	0.0402671	1.1542824	0.1054097	0.2045892	0.9609377	0.1578758	0.1497760	0.9209696	0.1686391	0.0696277	1.1923883	-0.3936768	0.0406372	1.1805314	-0.3164767	0.1717919	0.9502866	-0.3464839	0.1100495	0.9313791	-0.3724453
254	4.2166667	0.0935900	1.4873674	-0.1038300	0.1058500	1.4771874	0.0752200	0.0743300	1.2066774	0.1495900	0.1762100	0.9655774	0.1680000	0.1100400	1.4934274	-0.2837300	0.0992700	1.2291174	-0.3576900	0.1449600	0.9694474	-0.3629300	0.1651900	0.9191874	-0.0985300	0.1587300	0.9154574	0.0274900	0.0616800	0.4686874	-0.0197500	-0.0396400	0.0885374	-0.0634800	0.1841700	0.9249674	-0.2240500	0.2820700	0.5376374	-0.1880200	0.3705500	0.1382674	-0.1812800	0.5486500	0.1461974	-0.1851800	0.5390000	0.1443774	-0.1856500	0.3311400	0.0864674	-0.1783600	0.1467700	0.0735774	-0.0451900	0.1282900	0.0734974	-0.0458400	-0.0700300	0.0615474	-0.0642800	0.2153827	0.9893938	0.0970416	0.2517683	0.9940689	-0.2813008	0.0007094	1.0085278	-0.0375297	0.0150670	1.0102569	-0.1855876	0.0626727	0.4744398	0.0501653	0.0732736	0.4919668	-0.0818122	-0.0251007	0.1012378	-0.0121273	0.0020804	0.1148592	-0.0986558	0.1331843	0.0832561	-0.0500272	0.0773654	0.0630741	0.0021954	-0.0965195	0.0772497	-0.0717704	0.2952948	0.5145571	-0.2613670	0.2922855	0.5252564	-0.1236320	0.3682441	0.1208235	-0.2244889	0.3856722	0.1361107	-0.1342077	0.5219006	0.1310071	-0.1707398	0.3057345	0.0795841	-0.1783189	0.4860945	0.1096435	-0.2295547	0.1058471	1.5173202	0.0759170	0.1004970	1.5224549	-0.2820205	0.0001827	1.5306586	-0.0984234	0.1889239	0.7147292	0.0923636	0.1345486	0.6173553	0.1011782	0.0659832	0.7393484	0.1210200	0.2909622	0.7870529	-0.2922204	0.2909315	0.6777257	-0.3062957	0.1707388	0.7467383	-0.3330917	0.0352142	0.3648636	0.0357087	0.0419968	0.2454220	0.0310300	-0.0288823	0.2657055	0.0329822	0.3183768	0.3981709	-0.2527047	0.3731295	0.2865986	-0.2544893	0.2987804	0.2803310	-0.2619068	0.1149736	0.8896583	0.0120159	0.1369299	0.8926088	-0.2164373	0.0588182	1.1595803	0.1938050	0.0513572	1.1460456	0.1037328	0.2163530	0.9531365	0.1566618	0.1614399	0.9127848	0.1670269	0.0849602	1.1829864	-0.3957660	0.0549603	1.1712412	-0.3187945	0.1872739	0.9412345	-0.3467970	0.1256524	0.9220297	-0.3731421
255	4.2333333	0.1061300	1.4856674	-0.1068500	0.1179400	1.4760274	0.0721100	0.0870600	1.2058374	0.1468200	0.1855900	0.9643074	0.1669200	0.1229200	1.4912274	-0.2865700	0.1132600	1.2260474	-0.3594000	0.1592000	0.9672674	-0.3644200	0.1780200	0.9088974	-0.1000600	0.1706600	0.9063774	0.0259400	0.0644900	0.4605574	-0.0209100	-0.0620700	0.0770274	-0.0704900	0.1978000	0.9136374	-0.2254800	0.2914800	0.5313474	-0.1871800	0.3865100	0.1348174	-0.1767600	0.5681300	0.1499874	-0.1830500	0.5582500	0.1479774	-0.1833900	0.3463500	0.0805374	-0.1735900	0.1483800	0.0743774	-0.0451600	0.1250700	0.0720174	-0.0466700	-0.0930500	0.0507674	-0.0715100	0.2273475	0.9777435	0.0956377	0.2659236	0.9845127	-0.2819919	0.0134788	0.9994642	-0.0394312	0.0286839	1.0020307	-0.1871710	0.0658874	0.4650542	0.0486941	0.0778251	0.4826289	-0.0841399	-0.0378370	0.0945312	-0.0165229	-0.0097969	0.1078193	-0.1036609	0.1253219	0.0767212	-0.0532090	0.0671206	0.0560318	-0.0009410	-0.1123518	0.0706440	-0.0774801	0.3065022	0.5066009	-0.2604601	0.3011748	0.5168203	-0.1229857	0.3864504	0.1167859	-0.2230970	0.4021089	0.1319794	-0.1329338	0.5417939	0.1326452	-0.1697398	0.3230172	0.0729565	-0.1775387	0.5069661	0.1097288	-0.2284573	0.1176194	1.5121047	0.0722229	0.1122575	1.5157110	-0.2857020	0.0116956	1.5238890	-0.1015392	0.1978606	0.7018546	0.0915117	0.1408719	0.6059004	0.1002438	0.0738623	0.7297154	0.1197895	0.3042747	0.7782999	-0.2914480	0.3038003	0.6693143	-0.3054529	0.1851808	0.7381887	-0.3338513	0.0340886	0.3559414	0.0335220	0.0362674	0.2364609	0.0279952	-0.0348805	0.2588970	0.0299872	0.3314165	0.3914130	-0.2516751	0.3883670	0.2812561	-0.2529098	0.3145444	0.2742335	-0.2610572	0.1270464	0.8789658	0.0100471	0.1503429	0.8831918	-0.2179838	0.0698256	1.1520826	0.1919751	0.0624233	1.1385952	0.1016009	0.2279578	0.9460390	0.1550872	0.1729868	0.9052843	0.1650168	0.1002818	1.1742193	-0.3984480	0.0692823	1.1625461	-0.3216881	0.2031035	0.9329015	-0.3476691	0.1414872	0.9133319	-0.3743676
256	4.2500000	0.1190400	1.4838974	-0.1097400	0.1305800	1.4746274	0.0690300	0.0988400	1.2045474	0.1439900	0.1958000	0.9632974	0.1656300	0.1359600	1.4890674	-0.2892100	0.1270400	1.2227874	-0.3613300	0.1731600	0.9649974	-0.3658500	0.1909600	0.9017574	-0.1019800	0.1826300	0.9001374	0.0240200	0.0683000	0.4549174	-0.0215300	-0.0730700	0.0740174	-0.0736500	0.2116500	0.9056574	-0.2272900	0.3020600	0.5265274	-0.1865700	0.3960900	0.1304874	-0.1720300	0.5786400	0.1479374	-0.1807900	0.5687900	0.1459674	-0.1810300	0.3563600	0.0758874	-0.1681900	0.1485000	0.0760374	-0.0448200	0.1256600	0.0738774	-0.0464000	-0.1055600	0.0485274	-0.0754500	0.2397346	0.9689737	0.0942860	0.2803978	0.9780602	-0.2829928	0.0262067	0.9938223	-0.0415593	0.0422460	0.9973070	-0.1891637	0.0693115	0.4588249	0.0471639	0.0826549	0.4763298	-0.0864892	-0.0506847	0.0919170	-0.0207076	-0.0217762	0.1047744	-0.1083055	0.1181065	0.0744391	-0.0557944	0.0573691	0.0531384	-0.0034779	-0.1287061	0.0679734	-0.0830325	0.3175689	0.5020619	-0.2600038	0.3102111	0.5119162	-0.1226794	0.3987813	0.1147988	-0.2207255	0.4129522	0.1298305	-0.1306705	0.5553627	0.1340575	-0.1684462	0.3339796	0.0693511	-0.1753443	0.5211643	0.1100898	-0.2268136	0.1298278	1.5102389	0.0685987	0.1239574	1.5123168	-0.2894346	0.0232882	1.5204515	-0.1046522	0.2068276	0.6921854	0.0906559	0.1472608	0.5976542	0.0992652	0.0817366	0.7233389	0.1182063	0.3175622	0.7729570	-0.2917680	0.3165240	0.6642864	-0.3054591	0.1993030	0.7328313	-0.3351105	0.0330749	0.3504142	0.0313426	0.0305681	0.2311777	0.0250921	-0.0408595	0.2558262	0.0270493	0.3428163	0.3873733	-0.2506283	0.4003541	0.2778310	-0.2509862	0.3268236	0.2710865	-0.2597866	0.1391316	0.8714450	0.0076895	0.1637128	0.8770741	-0.2201529	0.0806842	1.1480460	0.1898111	0.0733558	1.1346551	0.0992232	0.2393487	0.9423420	0.1533460	0.1843862	0.9011778	0.1628705	0.1153738	1.1688195	-0.4013868	0.0833898	1.1572096	-0.3248423	0.2189417	0.9279564	-0.3488485	0.1572099	0.9079903	-0.3759075
257	4.2666667	0.1323300	1.4819974	-0.1124700	0.1435700	1.4728574	0.0661100	0.1099400	1.2031074	0.1412100	0.2071700	0.9623474	0.1642200	0.1494100	1.4870174	-0.2916700	0.1412400	1.2198874	-0.3634200	0.1868300	0.9624774	-0.3670500	0.2037300	0.8995274	-0.1039900	0.1944000	0.8982774	0.0220500	0.0737100	0.4506774	-0.0218200	-0.0748400	0.0762274	-0.0738600	0.2253400	0.9030274	-0.2292400	0.3134000	0.5229674	-0.1856700	0.4018000	0.1259774	-0.1682400	0.5819900	0.1395674	-0.1785800	0.5724800	0.1379874	-0.1787800	0.3633200	0.0732674	-0.1641700	0.1485500	0.0764174	-0.0453800	0.1284900	0.0760774	-0.0464200	-0.1074000	0.0519774	-0.0759600	0.2523313	0.9651203	0.0931318	0.2946866	0.9764936	-0.2840812	0.0386465	0.9930778	-0.0435692	0.0553901	0.9974642	-0.1911945	0.0737683	0.4572183	0.0459635	0.0882725	0.4744283	-0.0885069	-0.0604346	0.0944751	-0.0235918	-0.0308924	0.1067705	-0.1115437	0.1135167	0.0768749	-0.0574256	0.0506789	0.0550553	-0.0049098	-0.1418488	0.0705745	-0.0869407	0.3282809	0.5019030	-0.2594095	0.3190958	0.5114768	-0.1220422	0.4057255	0.1155784	-0.2177430	0.4186405	0.1303403	-0.1277414	0.5626952	0.1348905	-0.1667512	0.3392863	0.0699821	-0.1722963	0.5288621	0.1107242	-0.2247180	0.1421260	1.5126827	0.0654164	0.1353685	1.5133922	-0.2929779	0.0346329	1.5214216	-0.1076217	0.2161619	0.6877237	0.0899218	0.1543204	0.5944314	0.0984693	0.0900185	0.7218714	0.1166771	0.3306675	0.7721676	-0.2925940	0.3289428	0.6637348	-0.3057517	0.2128517	0.7321192	-0.3365330	0.0336283	0.3497520	0.0297420	0.0270142	0.2310855	0.0230577	-0.0445733	0.2576007	0.0250025	0.3524996	0.3870429	-0.2492199	0.4092064	0.2772971	-0.2486432	0.3357793	0.2717193	-0.2580701	0.1510750	0.8688500	0.0052725	0.1767021	0.8758539	-0.2225628	0.0913489	1.1487394	0.1874490	0.0840995	1.1355012	0.0967893	0.2504429	0.9432367	0.1515761	0.1955361	0.9017222	0.1607988	0.1301148	1.1680968	-0.4042646	0.0971456	1.1565884	-0.3279755	0.2344050	0.9276021	-0.3500775	0.1724814	0.9072878	-0.3775742
258	4.2833333	0.1453900	1.4800474	-0.1151400	0.1558300	1.4708474	0.0633600	0.1205600	1.2017974	0.1383600	0.2188200	0.9607174	0.1629400	0.1631500	1.4850774	-0.2941000	0.1555600	1.2175574	-0.3656900	0.2006900	0.9596474	-0.3681500	0.2161000	0.9008174	-0.1059600	0.2056200	0.8994874	0.0201700	0.0813600	0.4472274	-0.0219900	-0.0855700	0.0727674	-0.0763200	0.2387700	0.9044474	-0.2311600	0.3244900	0.5201574	-0.1846700	0.4070600	0.1223474	-0.1657300	0.5828700	0.1276174	-0.1764700	0.5739200	0.1266274	-0.1767000	0.3687500	0.0721474	-0.1619900	0.1499000	0.0779274	-0.0455400	0.1322100	0.0791174	-0.0461500	-0.1136500	0.0486574	-0.0770800	0.2647872	0.9648821	0.0921490	0.3085944	0.9785499	-0.2851469	0.0505024	0.9956034	-0.0453064	0.0678792	1.0008725	-0.1930297	0.0785343	0.4584752	0.0448490	0.0940711	0.4751679	-0.0905786	-0.0682830	0.0991692	-0.0255775	-0.0382051	0.1107576	-0.1139072	0.1110150	0.0812477	-0.0586115	0.0463462	0.0588506	-0.0056408	-0.1531943	0.0750384	-0.0898394	0.3386384	0.5042550	-0.2586533	0.3279516	0.5135247	-0.1210894	0.4085133	0.1173596	-0.2146797	0.4205616	0.1317121	-0.1246744	0.5653199	0.1331898	-0.1651150	0.3403851	0.0730576	-0.1690306	0.5314903	0.1097118	-0.2227101	0.1541270	1.5177045	0.0627068	0.1464779	1.5173587	-0.2964114	0.0454823	1.5252754	-0.1104302	0.2256637	0.6866329	0.0893676	0.1616408	0.5944233	0.0978225	0.0981542	0.7237855	0.1153039	0.3435709	0.7744060	-0.2937165	0.3410259	0.6660295	-0.3061734	0.2255686	0.7345693	-0.3379597	0.0349012	0.3518966	0.0284703	0.0246610	0.2337628	0.0216871	-0.0471041	0.2617354	0.0234460	0.3607429	0.3886490	-0.2476520	0.4155543	0.2779984	-0.2462734	0.3419941	0.2742839	-0.2561718	0.1626197	0.8697192	0.0029191	0.1891365	0.8780946	-0.2249957	0.1017951	1.1524157	0.1848653	0.0946504	1.1393623	0.0943011	0.2610654	0.9468502	0.1497883	0.2062030	0.9051491	0.1588179	0.1445287	1.1703515	-0.4069966	0.1105374	1.1590034	-0.3310276	0.2493011	0.9300629	-0.3512568	0.1872104	0.9095145	-0.3793304
259	4.3000000	0.1580000	1.4782274	-0.1181400	0.1668400	1.4691074	0.0603500	0.1309300	1.2004674	0.1354400	0.2299900	0.9587974	0.1617900	0.1772100	1.4832174	-0.2968000	0.1698000	1.2153874	-0.3682600	0.2154500	0.9565974	-0.3691700	0.2281000	0.9023274	-0.1078800	0.2163100	0.9006574	0.0182500	0.0898900	0.4462174	-0.0217900	-0.2251000	-0.0068226	-0.1033600	0.2519300	0.9064274	-0.2329300	0.3345200	0.5181274	-0.1839700	0.4139500	0.1202974	-0.1644700	0.5859300	0.1162074	-0.1745400	0.5776000	0.1157074	-0.1748300	0.3742100	0.0713474	-0.1612200	0.1512000	0.0803374	-0.0448100	0.1355000	0.0826674	-0.0451900	-0.1693500	0.0195274	-0.0913000	0.2773414	0.9638986	0.0909832	0.3226502	0.9816532	-0.2863040	0.0613980	0.9986414	-0.0456469	0.0794538	1.0054267	-0.1933970	0.0751885	0.4585109	0.0419089	0.0932808	0.4742630	-0.0951532	-0.0922178	0.0984431	-0.0303105	-0.0603410	0.1087973	-0.1193677	0.1015439	0.0813728	-0.0613164	0.0319943	0.0579259	-0.0072400	-0.1844990	0.0722981	-0.0971628	0.3498740	0.5072622	-0.2590291	0.3390267	0.5158263	-0.1217530	0.4073558	0.1169797	-0.2125107	0.4199960	0.1304436	-0.1228219	0.5655650	0.1246027	-0.1667463	0.3374034	0.0755763	-0.1658310	0.5302225	0.1030648	-0.2233461	0.1664169	1.5234014	0.0599810	0.1568672	1.5218555	-0.3008994	0.0553431	1.5301948	-0.1125579	0.2329568	0.6824865	0.0897872	0.1641357	0.5921817	0.0971811	0.1015539	0.7259121	0.1137655	0.3563067	0.7788814	-0.2963677	0.3530114	0.6700281	-0.3077433	0.2370116	0.7379184	-0.3389741	0.0259207	0.3521063	0.0251888	0.0100774	0.2332668	0.0186183	-0.0630310	0.2626285	0.0192369	0.3685963	0.3896818	-0.2474053	0.4202332	0.2768971	-0.2455614	0.3456923	0.2762705	-0.2547032	0.1735330	0.8703558	0.0007215	0.2009432	0.8811676	-0.2271811	0.1120795	1.1557619	0.1820562	0.1051174	1.1428746	0.0916918	0.2712111	0.9498466	0.1480104	0.2163408	0.9081671	0.1568925	0.1589076	1.1722705	-0.4096400	0.1238190	1.1611267	-0.3340734	0.2638759	0.9320588	-0.3523391	0.2017561	0.9113858	-0.3811463
260	4.3166667	0.1705600	1.4766374	-0.1216400	0.1776000	1.4679074	0.0568300	0.1419100	1.1988774	0.1325300	0.2406700	0.9570674	0.1605500	0.1914000	1.4812374	-0.2999800	0.1847800	1.2131974	-0.3711900	0.2317700	0.9542674	-0.3702300	0.2401700	0.9015474	-0.1095300	0.2269500	0.8992474	0.0165100	0.0986500	0.4443374	-0.0207100	-0.7249300	-0.2901426	-0.2059100	0.2653300	0.9061274	-0.2343000	0.3439900	0.5165374	-0.1837500	0.4217700	0.1189374	-0.1642200	0.5926100	0.1072574	-0.1730400	0.5846800	0.1071174	-0.1734000	0.3801600	0.0700074	-0.1614800	0.1533700	0.0823574	-0.0435700	0.1401700	0.0860374	-0.0437300	-0.3082100	-0.0646526	-0.1159900	0.2907138	0.9561862	0.0877708	0.3365642	0.9840454	-0.2865328	0.0724849	1.0006413	-0.0408213	0.0907798	1.0112412	-0.1875214	0.0498744	0.4540377	0.0350482	0.0755973	0.4666137	-0.1044499	-0.1534149	0.0832825	-0.0426585	-0.1158819	0.0902814	-0.1320660	0.0739033	0.0719034	-0.0639218	-0.0080875	0.0478725	-0.0090581	-0.2606589	0.0506031	-0.1166919	0.3648882	0.5134768	-0.2646008	0.3590753	0.5203890	-0.1306059	0.3989843	0.1108242	-0.2116903	0.4171193	0.1221090	-0.1246973	0.5624302	0.1041775	-0.1794180	0.3272712	0.0745368	-0.1599559	0.5211530	0.0860027	-0.2316886	0.1824558	1.5276277	0.0572210	0.1669401	1.5219268	-0.3047964	0.0667147	1.5336046	-0.1106536	0.2324201	0.6690310	0.0942985	0.1521671	0.5830421	0.0975500	0.0932043	0.7271896	0.1105083	0.3674201	0.7888013	-0.3030487	0.3642839	0.6787682	-0.3128073	0.2457645	0.7427446	-0.3374682	-0.0090951	0.3461419	0.0169104	-0.0345253	0.2238345	0.0113198	-0.1113561	0.2544821	0.0076472	0.3777001	0.3902388	-0.2519075	0.4230996	0.2717214	-0.2495275	0.3455009	0.2771303	-0.2541706	0.1846883	0.8677096	-0.0014764	0.2123990	0.8845529	-0.2275058	0.1225821	1.1565354	0.1793298	0.1159090	1.1437514	0.0891565	0.2813233	0.9500526	0.1465280	0.2263833	0.9085694	0.1552335	0.1738654	1.1715794	-0.4120990	0.1375925	1.1606435	-0.3370022	0.2788804	0.9314387	-0.3531069	0.2169209	0.9106817	-0.3827648
261	4.3333333	0.1831600	1.4752474	-0.1252500	0.1890200	1.4670374	0.0533000	0.1538100	1.1974574	0.1294400	0.2509600	0.9565474	0.1589200	0.2050900	1.4793374	-0.3034600	0.2014400	1.2114674	-0.3744900	0.2492800	0.9533274	-0.3714700	0.2529400	0.8983674	-0.1106200	0.2381300	0.8955674	0.0153800	0.1079100	0.4437174	-0.0177500	-1.0581800	-0.4794826	-0.2683300	0.2795700	0.9033374	-0.2351800	0.3540100	0.5149374	-0.1840800	0.4285900	0.1167574	-0.1644200	0.6008900	0.1001774	-0.1722900	0.5932000	0.1002774	-0.1727200	0.3858200	0.0677474	-0.1622900	0.1582100	0.0843974	-0.0419400	0.1480200	0.0897674	-0.0417700	-0.3604900	-0.0866126	-0.1415700	0.3034211	0.9421896	0.0835071	0.3513511	0.9839720	-0.2845539	0.0859478	0.9993469	-0.0321523	0.1049293	1.0152077	-0.1766366	0.0189094	0.4483029	0.0228829	0.0523961	0.4560149	-0.1189211	-0.2268844	0.0664729	-0.0657604	-0.1840119	0.0687506	-0.1545842	0.0370579	0.0658815	-0.0703945	-0.0581756	0.0408044	-0.0166730	-0.3513464	0.0241272	-0.1498463	0.3762917	0.5181540	-0.2723466	0.3799441	0.5236156	-0.1449080	0.3936251	0.1033386	-0.2069461	0.4210026	0.1126977	-0.1256148	0.5621761	0.0895586	-0.1961362	0.3233060	0.0690876	-0.1473530	0.5139258	0.0717727	-0.2404819	0.2016264	1.5224663	0.0519803	0.1826048	1.5085428	-0.3056492	0.0854874	1.5270704	-0.1068034	0.2282499	0.6531750	0.1004855	0.1356076	0.5722288	0.0967973	0.0834180	0.7278088	0.1042154	0.3743623	0.7989662	-0.3111526	0.3708315	0.6869582	-0.3186764	0.2514337	0.7464771	-0.3322889	-0.0513664	0.3380980	0.0017286	-0.0884148	0.2117337	-0.0032284	-0.1686337	0.2459287	-0.0139584	0.3850897	0.3889962	-0.2570894	0.4261998	0.2646655	-0.2528286	0.3446995	0.2763095	-0.2511085	0.1964199	0.8623384	-0.0038953	0.2254155	0.8875716	-0.2260968	0.1337702	1.1549691	0.1770216	0.1275069	1.1422118	0.0869571	0.2919896	0.9478128	0.1456374	0.2369460	0.9066079	0.1540897	0.1899934	1.1684716	-0.4142371	0.1524757	1.1577000	-0.3396434	0.2950768	0.9285094	-0.3533725	0.2334346	0.9076339	-0.3839214
262	4.3500000	0.1953000	1.4742274	-0.1285700	0.2001500	1.4665574	0.0502300	0.1656200	1.1969874	0.1260100	0.2608700	0.9563874	0.1569900	0.2182000	1.4778174	-0.3068400	0.2187300	1.2107074	-0.3778900	0.2661700	0.9530474	-0.3727000	0.2666400	0.8949974	-0.1113000	0.2505900	0.8925674	0.0148500	0.1229600	0.4454474	-0.0128100	-0.5765900	-0.1999626	-0.1818000	0.2943600	0.8998274	-0.2359000	0.3648600	0.5130874	-0.1850400	0.4335700	0.1136974	-0.1647900	0.6085500	0.0928874	-0.1720300	0.6010300	0.0931874	-0.1725100	0.3903300	0.0650774	-0.1634000	0.1647000	0.0876274	-0.0398300	0.1571600	0.0947274	-0.0394000	-0.2680900	-0.0276126	-0.1225800	0.3171119	0.9289264	0.0834147	0.3701239	0.9812252	-0.2821921	0.1007982	0.9992975	-0.0262528	0.1218394	1.0193562	-0.1700723	0.0154498	0.4430321	0.0133852	0.0500255	0.4475376	-0.1315443	-0.2569357	0.0605253	-0.0792491	-0.2136795	0.0598303	-0.1688831	0.0281418	0.0670669	-0.0733762	-0.0730062	0.0384660	-0.0201157	-0.3913918	0.0100000	-0.1688330	0.3859560	0.5166139	-0.2756972	0.3925778	0.5203183	-0.1496339	0.4017105	0.0971150	-0.2044936	0.4323929	0.1049090	-0.1253265	0.5721961	0.0793817	-0.2037689	0.3330183	0.0613490	-0.1418562	0.5232819	0.0618175	-0.2443020	0.2195443	1.5136928	0.0410630	0.2063112	1.4914335	-0.3105153	0.1070036	1.5173937	-0.1131708	0.2355497	0.6449945	0.1038952	0.1380129	0.5657526	0.0957494	0.0879416	0.7268988	0.1006459	0.3842346	0.8034444	-0.3169113	0.3798695	0.6891513	-0.3228090	0.2622674	0.7478457	-0.3310859	-0.0621130	0.3316344	-0.0085035	-0.1061175	0.2037948	-0.0126527	-0.1873476	0.2431975	-0.0267868	0.3950141	0.3845545	-0.2588892	0.4366682	0.2578195	-0.2538362	0.3523505	0.2725507	-0.2495228	0.2075026	0.8581833	-0.0056726	0.2397148	0.8897873	-0.2265552	0.1456033	1.1533997	0.1748878	0.1399043	1.1406127	0.0849039	0.3032376	0.9455065	0.1451281	0.2481007	0.9045895	0.1532369	0.2071762	1.1653159	-0.4162081	0.1683846	1.1546410	-0.3421343	0.3123678	0.9256099	-0.3533776	0.2511088	0.9045683	-0.3847838
263	4.3666667	0.2068800	1.4736974	-0.1316400	0.2099700	1.4665974	0.0475700	0.1768300	1.1975374	0.1225900	0.2701100	0.9556674	0.1550900	0.2315000	1.4767374	-0.3100100	0.2339300	1.2104174	-0.3808200	0.2813800	0.9520774	-0.3734600	0.2810900	0.8933274	-0.1119300	0.2650300	0.8920974	0.0146600	0.1443900	0.4532574	-0.0064800	-0.0895400	0.0848174	-0.0800100	0.3088000	0.8971574	-0.2369700	0.3756500	0.5111874	-0.1865900	0.4371800	0.1111074	-0.1653900	0.6143600	0.0844874	-0.1716300	0.6070400	0.0849574	-0.1721300	0.3941000	0.0634574	-0.1646200	0.1709800	0.0919574	-0.0375200	0.1654800	0.1003574	-0.0369500	-0.1455300	0.0480974	-0.0903600	0.3324552	0.9236144	0.0854663	0.3876818	0.9797862	-0.2811060	0.1166619	0.9975901	-0.0275348	0.1389107	1.0194145	-0.1721512	0.0534600	0.4370639	0.0198929	0.0826804	0.4423558	-0.1266368	-0.2177271	0.0674343	-0.0736860	-0.1784557	0.0676112	-0.1647207	0.0620993	0.0725649	-0.0695353	-0.0342463	0.0415883	-0.0152465	-0.3508040	0.0176634	-0.1613609	0.3954894	0.5124545	-0.2729304	0.3991812	0.5167254	-0.1420289	0.4179708	0.0943284	-0.2007665	0.4458791	0.1026440	-0.1184627	0.5859233	0.0777124	-0.1913052	0.3500470	0.0563498	-0.1399619	0.5403555	0.0576320	-0.2353894	0.2340355	1.5031169	0.0352694	0.2302902	1.4797148	-0.3101241	0.1271518	1.5072754	-0.1203527	0.2609572	0.6457524	0.1053518	0.1689068	0.5635887	0.0996165	0.1129077	0.7222292	0.1034715	0.3981207	0.8003217	-0.3158303	0.3925300	0.6853393	-0.3222269	0.2773796	0.7458816	-0.3349824	-0.0244492	0.3271673	-0.0017482	-0.0676291	0.2023948	-0.0075346	-0.1472256	0.2450953	-0.0186973	0.4066758	0.3803252	-0.2555772	0.4507963	0.2534895	-0.2499516	0.3667615	0.2688803	-0.2480249	0.2204287	0.8561022	-0.0068711	0.2541672	0.8900773	-0.2286630	0.1576516	1.1535964	0.1724704	0.1526863	1.1407583	0.0826628	0.3145882	0.9448385	0.1445698	0.2593753	0.9042213	0.1522581	0.2246886	1.1639273	-0.4181947	0.1846249	1.1533097	-0.3446457	0.3299559	0.9244388	-0.3534478	0.2690602	0.9032212	-0.3856322
264	4.3833333	0.2184900	1.4735674	-0.1345600	0.2193700	1.4668874	0.0450400	0.1879500	1.1983774	0.1196400	0.2787600	0.9545974	0.1532200	0.2452500	1.4761574	-0.3129600	0.2460400	1.2097174	-0.3829400	0.2959000	0.9503574	-0.3737500	0.2961200	0.8939374	-0.1126700	0.2809900	0.8936674	0.0145100	0.1693100	0.4626474	-0.0000200	-0.0497400	0.1154774	-0.0676300	0.3230700	0.8965574	-0.2383700	0.3854000	0.5095674	-0.1885000	0.4399400	0.1098074	-0.1660600	0.6180600	0.0767074	-0.1710300	0.6109500	0.0773574	-0.1715600	0.3974900	0.0641274	-0.1654900	0.1770400	0.0964174	-0.0353500	0.1730400	0.1057674	-0.0346600	-0.0962200	0.0893674	-0.0762800	0.3474366	0.9256375	0.0858664	0.4027934	0.9813587	-0.2813372	0.1306757	0.9956725	-0.0322534	0.1532396	1.0174910	-0.1773753	0.0977470	0.4364955	0.0305155	0.1221031	0.4424731	-0.1141500	-0.1655416	0.0814363	-0.0614435	-0.1306400	0.0823353	-0.1521637	0.1024343	0.0799998	-0.0639037	0.0125990	0.0495818	-0.0084559	-0.2943414	0.0362501	-0.1439003	0.4059416	0.5076620	-0.2663757	0.4067113	0.5143028	-0.1313698	0.4307171	0.0935151	-0.1976329	0.4558931	0.1035820	-0.1116541	0.5987843	0.0764396	-0.1770181	0.3624426	0.0559078	-0.1392245	0.5544052	0.0540297	-0.2262560	0.2422989	1.5000267	0.0342652	0.2468213	1.4795502	-0.3132645	0.1382711	1.5045177	-0.1280805	0.2873081	0.6519509	0.1050017	0.2031132	0.5669441	0.1032654	0.1417396	0.7201639	0.1056127	0.4136617	0.7942313	-0.3118966	0.4065662	0.6792781	-0.3183523	0.2930105	0.7426540	-0.3375465	0.0218238	0.3291757	0.0092978	-0.0200424	0.2085585	0.0016756	-0.0959703	0.2525960	-0.0047553	0.4176928	0.3765079	-0.2499932	0.4625697	0.2504865	-0.2447494	0.3792643	0.2659308	-0.2455025	0.2353638	0.8561870	-0.0079161	0.2692390	0.8898629	-0.2302457	0.1696632	1.1558893	0.1696246	0.1655753	1.1430219	0.0801547	0.3256938	0.9460482	0.1437387	0.2703889	0.9057996	0.1509537	0.2419325	1.1646692	-0.4201468	0.2006369	1.1541202	-0.3470940	0.3472299	0.9252890	-0.3536295	0.2866427	0.9039175	-0.3865013
265	4.4000000	0.2300700	1.4736274	-0.1373700	0.2290300	1.4673674	0.0424600	0.1987200	1.1991974	0.1170300	0.2874900	0.9540974	0.1512600	0.2586300	1.4757774	-0.3156600	0.2567600	1.2087374	-0.3846100	0.3107200	0.9487874	-0.3741500	0.3118000	0.8942074	-0.1133600	0.2970200	0.8945474	0.0140600	0.1938900	0.4712674	0.0060700	-0.0394100	0.1312574	-0.0627800	0.3383800	0.8963874	-0.2393500	0.3936400	0.5080074	-0.1905800	0.4416800	0.1097074	-0.1665400	0.6201500	0.0710574	-0.1705500	0.6132700	0.0718774	-0.1710900	0.4000600	0.0661874	-0.1658000	0.1825700	0.1005874	-0.0338000	0.1796700	0.1106474	-0.0330300	-0.0809200	0.1080774	-0.0694700	0.3613721	0.9294862	0.0857192	0.4181439	0.9815285	-0.2809283	0.1446068	0.9938814	-0.0382756	0.1678101	1.0143618	-0.1832542	0.1412804	0.4401855	0.0420416	0.1622497	0.4459062	-0.0984237	-0.1169666	0.0997456	-0.0469938	-0.0855461	0.1004408	-0.1357329	0.1340551	0.0871854	-0.0560979	0.0512057	0.0595800	-0.0009336	-0.2396392	0.0616136	-0.1234498	0.4172211	0.5019449	-0.2605910	0.4151346	0.5099708	-0.1245034	0.4386094	0.0934059	-0.1954517	0.4610353	0.1044729	-0.1077437	0.6081372	0.0743981	-0.1660582	0.3684515	0.0568382	-0.1399631	0.5643615	0.0514945	-0.2188202	0.2480184	1.5003082	0.0348768	0.2602595	1.4831957	-0.3164392	0.1464467	1.5049277	-0.1347656	0.3106912	0.6612017	0.1026240	0.2351893	0.5740073	0.1054557	0.1703852	0.7202179	0.1059843	0.4299489	0.7857788	-0.3076060	0.4215168	0.6716614	-0.3139573	0.3098369	0.7392567	-0.3379476	0.0669040	0.3352512	0.0217043	0.0245395	0.2186474	0.0128537	-0.0465666	0.2645182	0.0095940	0.4279393	0.3725200	-0.2451221	0.4716268	0.2478695	-0.2399569	0.3894308	0.2635993	-0.2434442	0.2510200	0.8566341	-0.0094103	0.2857258	0.8880902	-0.2314346	0.1816335	1.1576738	0.1666502	0.1785347	1.1448097	0.0776096	0.3366216	0.9465808	0.1428066	0.2811965	0.9067504	0.1494933	0.2587985	1.1649140	-0.4218609	0.2163428	1.1544591	-0.3492519	0.3641973	0.9255662	-0.3536893	0.3038770	0.9040558	-0.3871735
266	4.4166667	0.2411400	1.4742774	-0.1401600	0.2384500	1.4684874	0.0397300	0.2085100	1.2003274	0.1143600	0.2966300	0.9542674	0.1493100	0.2712200	1.4759674	-0.3182200	0.2681800	1.2081074	-0.3863200	0.3257600	0.9480074	-0.3751400	0.3267000	0.8945174	-0.1141200	0.3112300	0.8950674	0.0131800	0.2186300	0.4785874	0.0117000	-0.0243000	0.1465474	-0.0582800	0.3538900	0.8961774	-0.2398900	0.3999200	0.5065974	-0.1926900	0.4423100	0.1096874	-0.1667200	0.6207400	0.0678374	-0.1702100	0.6140100	0.0687374	-0.1707800	0.4009700	0.0678874	-0.1656600	0.1870500	0.1030374	-0.0332800	0.1851400	0.1133674	-0.0321200	-0.0694700	0.1211074	-0.0643800	0.3738159	0.9348365	0.0848121	0.4323816	0.9815545	-0.2810972	0.1579155	0.9922642	-0.0442126	0.1818281	1.0107414	-0.1889062	0.1818744	0.4455341	0.0541562	0.2000272	0.4506164	-0.0814505	-0.0762326	0.1206973	-0.0328379	-0.0477686	0.1206340	-0.1191849	0.1559925	0.0954280	-0.0491212	0.0799834	0.0719228	0.0056107	-0.1925054	0.0912798	-0.1033378	0.4272397	0.4975750	-0.2575532	0.4227799	0.5061418	-0.1211263	0.4411307	0.0945087	-0.1963462	0.4612256	0.1058574	-0.1073638	0.6116914	0.0724071	-0.1596417	0.3686451	0.0600528	-0.1434754	0.5683016	0.0503643	-0.2152710	0.2519794	1.5025358	0.0347986	0.2717024	1.4885008	-0.3195980	0.1532668	1.5066967	-0.1408310	0.3316553	0.6710864	0.1000295	0.2646111	0.5821709	0.1076082	0.1974169	0.7213195	0.1062106	0.4457808	0.7780221	-0.3046622	0.4356490	0.6652102	-0.3112710	0.3254302	0.7365266	-0.3384825	0.1076378	0.3432316	0.0343994	0.0630829	0.2306010	0.0242338	-0.0027840	0.2790000	0.0236348	0.4357513	0.3699395	-0.2431087	0.4769950	0.2465565	-0.2382271	0.3958872	0.2630463	-0.2440450	0.2660303	0.8572949	-0.0107775	0.3017735	0.8855677	-0.2323421	0.1923303	1.1593568	0.1635286	0.1903109	1.1465304	0.0749029	0.3463231	0.9469671	0.1417173	0.2907686	0.9075650	0.1478235	0.2742306	1.1650970	-0.4234819	0.2306929	1.1547414	-0.3512800	0.3798173	0.9257475	-0.3537826	0.3197453	0.9040964	-0.3878338
267	4.4333333	0.2521400	1.4751974	-0.1428500	0.2478600	1.4699974	0.0371100	0.2180200	1.2015474	0.1116400	0.3059900	0.9545174	0.1474600	0.2836700	1.4763174	-0.3207100	0.2810600	1.2080674	-0.3881200	0.3404800	0.9479374	-0.3765200	0.3396700	0.8944174	-0.1152300	0.3235000	0.8952074	0.0120300	0.2446600	0.4862374	0.0164900	-0.0052900	0.1599574	-0.0536800	0.3674700	0.8958574	-0.2408800	0.4049900	0.5044674	-0.1943900	0.4418300	0.1089174	-0.1665400	0.6207700	0.0666674	-0.1698800	0.6140200	0.0675674	-0.1704600	0.4004700	0.0673874	-0.1649300	0.1897800	0.1015974	-0.0332100	0.1884200	0.1117874	-0.0313700	-0.0559000	0.1315574	-0.0594600	0.3843713	0.9395543	0.0833624	0.4451351	0.9807658	-0.2816429	0.1696122	0.9912706	-0.0501586	0.1943068	1.0076919	-0.1944568	0.2168264	0.4517018	0.0645131	0.2335618	0.4555812	-0.0666314	-0.0447826	0.1401354	-0.0209727	-0.0181796	0.1388045	-0.1050057	0.1688221	0.1013753	-0.0438378	0.0987596	0.0825639	0.0104681	-0.1546178	0.1196090	-0.0862980	0.4342900	0.4934655	-0.2573997	0.4280019	0.5025401	-0.1217669	0.4391721	0.0952002	-0.1984428	0.4575417	0.1067168	-0.1091482	0.6105807	0.0702031	-0.1569666	0.3643999	0.0630867	-0.1476306	0.5672405	0.0493465	-0.2141351	0.2548914	1.5055365	0.0339883	0.2813395	1.4939428	-0.3231720	0.1586857	1.5089228	-0.1466712	0.3489886	0.6810440	0.0973955	0.2893924	0.5908207	0.1090867	0.2200362	0.7230589	0.1057104	0.4587524	0.7704891	-0.3034969	0.4467926	0.6590362	-0.3105254	0.3383909	0.7337933	-0.3391607	0.1416802	0.3514814	0.0451288	0.0938069	0.2420756	0.0340196	0.0329795	0.2931254	0.0351264	0.4401280	0.3674616	-0.2434693	0.4784386	0.2451415	-0.2384449	0.3983616	0.2624878	-0.2460354	0.2789018	0.8577886	-0.0124984	0.3159091	0.8827830	-0.2334666	0.2011061	1.1605836	0.1601661	0.2001619	1.1477946	0.0718464	0.3542575	0.9468995	0.1403211	0.2985370	0.9079219	0.1458213	0.2877428	1.1648549	-0.4253629	0.2431716	1.1546059	-0.3535564	0.3935405	0.9255329	-0.3542340	0.3337150	0.9037242	-0.3888588
268	4.4500000	0.2635300	1.4762374	-0.1452200	0.2578100	1.4715774	0.0349000	0.2281400	1.2026174	0.1092600	0.3151900	0.9548874	0.1455700	0.2964000	1.4768074	-0.3229900	0.2945000	1.2083774	-0.3898600	0.3543500	0.9479874	-0.3779200	0.3509200	0.8941374	-0.1167600	0.3346900	0.8951574	0.0106400	0.2711100	0.4940974	0.0198400	0.0083500	0.1681974	-0.0500000	0.3787500	0.8953274	-0.2425200	0.4097200	0.5023774	-0.1956100	0.4410800	0.1074274	-0.1660900	0.6218600	0.0670474	-0.1698100	0.6150300	0.0678374	-0.1703800	0.3992000	0.0650974	-0.1638200	0.1880400	0.0994874	-0.0338400	0.1859400	0.1095474	-0.0322400	-0.0435700	0.1399874	-0.0554300	0.3936100	0.9436102	0.0815616	0.4564641	0.9794750	-0.2829423	0.1799845	0.9909225	-0.0559118	0.2053930	1.0053216	-0.1999532	0.2471239	0.4579197	0.0729533	0.2631990	0.4606478	-0.0547170	-0.0204224	0.1572294	-0.0120574	0.0051296	0.1546048	-0.0942577	0.1749653	0.1058954	-0.0407876	0.1102662	0.0915345	0.0132354	-0.1239801	0.1451158	-0.0732903	0.4387902	0.4902088	-0.2594741	0.4313986	0.4995919	-0.1248595	0.4356411	0.0954611	-0.2015782	0.4529278	0.1070081	-0.1123256	0.6073687	0.0688276	-0.1573345	0.3590679	0.0651780	-0.1520777	0.5639495	0.0491679	-0.2151846	0.2580976	1.5088217	0.0326625	0.2904814	1.4991062	-0.3263236	0.1644064	1.5115440	-0.1517411	0.3639120	0.6904936	0.0948590	0.3107499	0.5991531	0.1100564	0.2391372	0.7248796	0.1050274	0.4691465	0.7640282	-0.3040683	0.4552695	0.6539107	-0.3116183	0.3486885	0.7314952	-0.3405685	0.1702270	0.3591552	0.0536538	0.1185276	0.2521049	0.0417762	0.0622295	0.3060301	0.0438156	0.4422304	0.3655424	-0.2456484	0.4779127	0.2439874	-0.2402919	0.3986572	0.2620713	-0.2492689	0.2899466	0.8582704	-0.0144407	0.3281473	0.8800919	-0.2350438	0.2086412	1.1616107	0.1566529	0.2086854	1.1488338	0.0684998	0.3610959	0.9466323	0.1386313	0.3051555	0.9080840	0.1435376	0.3000039	1.1644637	-0.4275582	0.2544361	1.1543394	-0.3561506	0.4059352	0.9252161	-0.3550885	0.3463523	0.9032290	-0.3903115
269	4.4666667	0.2748000	1.4774574	-0.1472900	0.2677700	1.4731774	0.0330200	0.2385000	1.2037074	0.1073500	0.3238700	0.9559474	0.1434000	0.3088900	1.4775574	-0.3250200	0.3071000	1.2089274	-0.3916900	0.3673900	0.9478974	-0.3794200	0.3616600	0.8939774	-0.1181800	0.3454900	0.8953174	0.0092200	0.2959600	0.5015674	0.0215000	0.0129700	0.1693874	-0.0485200	0.3893400	0.8950574	-0.2439400	0.4143400	0.5006274	-0.1967500	0.4415000	0.1062874	-0.1657800	0.6242800	0.0680374	-0.1700600	0.6174400	0.0687274	-0.1706100	0.3980500	0.0630174	-0.1633000	0.1835400	0.0967674	-0.0337700	0.1798100	0.1063774	-0.0328000	-0.0381500	0.1430474	-0.0540700	0.4030517	0.9469587	0.0800061	0.4675293	0.9781773	-0.2844662	0.1901384	0.9914213	-0.0607600	0.2160711	1.0040564	-0.2047122	0.2733161	0.4639785	0.0793018	0.2895593	0.4654957	-0.0459752	-0.0021537	0.1711585	-0.0058608	0.0231294	0.1671730	-0.0868439	0.1768859	0.1085284	-0.0393570	0.1165403	0.0982386	0.0145769	-0.1000270	0.1663319	-0.0642356	0.4423069	0.4880004	-0.2624199	0.4342220	0.4977862	-0.1287913	0.4326546	0.0954347	-0.2046542	0.4493142	0.1070876	-0.1155890	0.6044480	0.0682834	-0.1589723	0.3547012	0.0664058	-0.1559360	0.5608614	0.0494732	-0.2169606	0.2631713	1.5122268	0.0312065	0.3002861	1.5039152	-0.3291721	0.1714894	1.5144936	-0.1559122	0.3777010	0.6991787	0.0930223	0.3296322	0.6069615	0.1108606	0.2556045	0.7269802	0.1045472	0.4783943	0.7588668	-0.3053282	0.4625702	0.6499766	-0.3134472	0.3577834	0.7298035	-0.3421765	0.1939675	0.3660574	0.0598843	0.1381167	0.2604837	0.0474584	0.0857023	0.3171128	0.0499394	0.4437559	0.3643471	-0.2484517	0.4773430	0.2432564	-0.2426428	0.3986367	0.2617945	-0.2525897	0.3004161	0.8589274	-0.0160481	0.3395309	0.8779938	-0.2365669	0.2162045	1.1627789	0.1535128	0.2171264	1.1499833	0.0654236	0.3680427	0.9465083	0.1371065	0.3118574	0.9083800	0.1414588	0.3121441	1.1642497	-0.4295875	0.2656513	1.1542619	-0.3585667	0.4181393	0.9250984	-0.3558845	0.3587768	0.9029237	-0.3916973
270	4.4833333	0.2855600	1.4788874	-0.1491100	0.2773100	1.4748274	0.0313800	0.2482500	1.2051774	0.1057500	0.3321000	0.9572874	0.1409600	0.3208000	1.4786974	-0.3267800	0.3185700	1.2097674	-0.3937400	0.3804700	0.9485274	-0.3812500	0.3721000	0.8949574	-0.1190500	0.3557000	0.8962974	0.0081400	0.3188100	0.5083474	0.0218200	0.0154700	0.1685474	-0.0492300	0.3999300	0.8959174	-0.2445700	0.4182800	0.4991174	-0.1980700	0.4428900	0.1063974	-0.1659600	0.6265200	0.0686774	-0.1702400	0.6197800	0.0693374	-0.1707800	0.3974600	0.0620774	-0.1636400	0.1804100	0.0933674	-0.0335300	0.1753600	0.1021174	-0.0328100	-0.0368300	0.1433474	-0.0552700	0.4127441	0.9504462	0.0792968	0.4786102	0.9779985	-0.2855582	0.2000343	0.9935881	-0.0642863	0.2264006	1.0048151	-0.2083032	0.2952093	0.4702738	0.0841526	0.3124244	0.4706374	-0.0398555	0.0108183	0.1821607	-0.0017518	0.0366271	0.1768672	-0.0821615	0.1764767	0.1099345	-0.0385903	0.1192437	0.1030865	0.0154210	-0.0823470	0.1831301	-0.0586240	0.4451987	0.4875320	-0.2654047	0.4367312	0.4977500	-0.1325822	0.4308096	0.0957931	-0.2070822	0.4472303	0.1076140	-0.1182011	0.6025401	0.0689219	-0.1607770	0.3518319	0.0674217	-0.1587067	0.5587558	0.0505800	-0.2186316	0.2700797	1.5163484	0.0301973	0.3106756	1.5093125	-0.3311592	0.1798945	1.5185232	-0.1587208	0.3904163	0.7075384	0.0924704	0.3459930	0.6146498	0.1120880	0.2694581	0.7300946	0.1046898	0.4869938	0.7557928	-0.3065982	0.4691564	0.6479853	-0.3153048	0.3660353	0.7297493	-0.3435946	0.2130554	0.3725897	0.0644772	0.1531365	0.2676474	0.0517353	0.1036594	0.3266026	0.0541150	0.4451490	0.3645746	-0.2511501	0.4773134	0.2436485	-0.2448071	0.3987791	0.2623165	-0.2554327	0.3104575	0.8607031	-0.0169828	0.3503515	0.8775984	-0.2376676	0.2239226	1.1650601	0.1510564	0.2256169	1.1522357	0.0629822	0.3751671	0.9475128	0.1360104	0.3187379	0.9097993	0.1398672	0.3242094	1.1652010	-0.4311460	0.2769015	1.1553411	-0.3604595	0.4302965	0.9261594	-0.3563392	0.3711275	0.9037898	-0.3926964
271	4.5000000	0.2958100	1.4805474	-0.1506900	0.2865300	1.4765474	0.0299700	0.2574400	1.2069974	0.1041800	0.3405200	0.9586474	0.1385300	0.3320300	1.4802574	-0.3283300	0.3295000	1.2108274	-0.3957900	0.3943000	0.9504774	-0.3831100	0.3820400	0.8965574	-0.1195700	0.3651300	0.8984774	0.0073700	0.3404900	0.5153474	0.0213600	0.0231700	0.1701774	-0.0496200	0.4102600	0.8970674	-0.2447900	0.4212100	0.4980774	-0.1994200	0.4437000	0.1066674	-0.1663700	0.6269800	0.0686674	-0.1702500	0.6203300	0.0693774	-0.1707900	0.3973700	0.0615574	-0.1638800	0.1818300	0.0922674	-0.0342700	0.1762400	0.1010374	-0.0337500	-0.0311500	0.1451474	-0.0560700	0.4223704	0.9537576	0.0791371	0.4893443	0.9784002	-0.2864228	0.2093923	0.9966035	-0.0667794	0.2360889	1.0067030	-0.2109959	0.3141849	0.4762898	0.0877683	0.3327159	0.4757344	-0.0358689	0.0216757	0.1903081	0.0006778	0.0484446	0.1839480	-0.0797207	0.1768375	0.1106264	-0.0385043	0.1217481	0.1063207	0.0157727	-0.0677577	0.1955445	-0.0556749	0.4471166	0.4880919	-0.2682396	0.4384598	0.4986874	-0.1359260	0.4297267	0.0961266	-0.2092285	0.4461646	0.1081192	-0.1204228	0.6011484	0.0700550	-0.1625536	0.3500821	0.0679391	-0.1609676	0.5572818	0.0518139	-0.2202764	0.2781931	1.5204669	0.0294565	0.3211894	1.5144468	-0.3325778	0.1890814	1.5227618	-0.1606009	0.4023157	0.7153263	0.0928059	0.3606088	0.6218254	0.1135675	0.2814898	0.7335191	0.1053034	0.4947322	0.7539580	-0.3077350	0.4747834	0.6471545	-0.3170633	0.3733291	0.7307397	-0.3449706	0.2294684	0.3783455	0.0677358	0.1661453	0.2734006	0.0547848	0.1185981	0.3342219	0.0568152	0.4460487	0.3656119	-0.2537170	0.4774403	0.2446132	-0.2468898	0.3987907	0.2631433	-0.2580343	0.3199412	0.8630805	-0.0174473	0.3604593	0.8782569	-0.2385042	0.2315828	1.1678969	0.1490423	0.2339377	1.1550414	0.0609454	0.3822699	0.9491348	0.1350622	0.3255955	0.9118329	0.1384869	0.3359866	1.1667823	-0.4325319	0.2879689	1.1570220	-0.3620952	0.4423441	0.9279255	-0.3566794	0.3833554	0.9053193	-0.3935379
272	4.5166667	0.3052200	1.4823674	-0.1522100	0.2953900	1.4784874	0.0286500	0.2668200	1.2090074	0.1025100	0.3494900	0.9602274	0.1363800	0.3419600	1.4819774	-0.3299400	0.3402200	1.2121574	-0.3976400	0.4084000	0.9530574	-0.3844600	0.3918300	0.8997374	-0.1204300	0.3747100	0.9021074	0.0064300	0.3612500	0.5229774	0.0205100	0.0388300	0.1766074	-0.0480200	0.4202700	0.8995574	-0.2455400	0.4235900	0.4977274	-0.2006000	0.4432300	0.1060574	-0.1664700	0.6261100	0.0682674	-0.1701400	0.6195000	0.0690474	-0.1707100	0.3978400	0.0609674	-0.1633300	0.1882600	0.0915774	-0.0353400	0.1834400	0.1008674	-0.0345500	-0.0156400	0.1518674	-0.0545000	0.4322386	0.9582140	0.0786127	0.4997829	0.9803115	-0.2877645	0.2186181	1.0011373	-0.0690634	0.2454357	1.0102581	-0.2135366	0.3322241	0.4834114	0.0900582	0.3520859	0.4821779	-0.0337551	0.0339187	0.1975234	0.0019615	0.0617803	0.1903916	-0.0788139	0.1806478	0.1119168	-0.0391315	0.1271345	0.1094424	0.0155847	-0.0524220	0.2059242	-0.0543247	0.4482555	0.4901700	-0.2710671	0.4395284	0.5012649	-0.1390185	0.4294523	0.0973196	-0.2112901	0.4460347	0.1096045	-0.1224450	0.6003962	0.0723234	-0.1641553	0.3494215	0.0690747	-0.1630264	0.5565682	0.0537835	-0.2218782	0.2871808	1.5253038	0.0284566	0.3317350	1.5200784	-0.3340916	0.1987574	1.5277832	-0.1623328	0.4142521	0.7240707	0.0930702	0.3748401	0.6299680	0.1146126	0.2930238	0.7382877	0.1056986	0.5018437	0.7536829	-0.3090687	0.4796716	0.6478368	-0.3189864	0.3800475	0.7333436	-0.3467176	0.2456788	0.3848445	0.0697560	0.1799849	0.2794999	0.0567199	0.1335178	0.3415693	0.0583854	0.4466039	0.3680701	-0.2563472	0.4777723	0.2468556	-0.2490777	0.3988411	0.2649590	-0.2605937	0.3293726	0.8670470	-0.0181437	0.3702052	0.8807173	-0.2396536	0.2395636	1.1720755	0.1467737	0.2425047	1.1591978	0.0586609	0.3897608	0.9522003	0.1336264	0.3328484	0.9153110	0.1366768	0.3477544	1.1698575	-0.4342873	0.2991137	1.1601534	-0.3640168	0.4545891	0.9312787	-0.3574188	0.3957653	0.9083733	-0.3947333
273	4.5333333	0.3137700	1.4842774	-0.1537300	0.3039600	1.4805274	0.0273000	0.2766600	1.2110374	0.1009400	0.3585600	0.9623374	0.1345300	0.3505000	1.4836674	-0.3315900	0.3505100	1.2141074	-0.3993000	0.4216800	0.9552574	-0.3853300	0.4024100	0.9025874	-0.1217200	0.3854200	0.9061374	0.0052700	0.3798700	0.5304174	0.0193400	0.0607500	0.1869974	-0.0455700	0.4306800	0.9015174	-0.2469900	0.4263700	0.4976374	-0.2013700	0.4427100	0.1050374	-0.1660900	0.6255600	0.0678974	-0.1696700	0.6189500	0.0687574	-0.1703000	0.3988400	0.0609874	-0.1624600	0.1945500	0.0896674	-0.0368300	0.1912300	0.1001574	-0.0357500	0.0079900	0.1629574	-0.0519700	0.4431068	0.9622717	0.0774704	0.5106228	0.9818829	-0.2897754	0.2286902	1.0050280	-0.0713924	0.2553834	1.0132096	-0.2161525	0.3508982	0.4901751	0.0915375	0.3719082	0.4885366	-0.0325710	0.0497514	0.2033989	0.0027538	0.0786296	0.1957936	-0.0784976	0.1883170	0.1125286	-0.0403039	0.1363766	0.1114795	0.0148755	-0.0334368	0.2146288	-0.0534129	0.4496180	0.4917522	-0.2736097	0.4409809	0.5034959	-0.1416380	0.4305752	0.0976859	-0.2130798	0.4474088	0.1103910	-0.1241024	0.6009150	0.0739218	-0.1652686	0.3503980	0.0693417	-0.1646887	0.5571849	0.0547874	-0.2231599	0.2969347	1.5291801	0.0270457	0.3426526	1.5245626	-0.3358317	0.2090314	1.5316624	-0.1642078	0.4271440	0.7321971	0.0929291	0.3899203	0.6375502	0.1151316	0.3055462	0.7425622	0.1057313	0.5092655	0.7527809	-0.3105355	0.4847865	0.6479132	-0.3209245	0.3871807	0.7354876	-0.3487288	0.2634290	0.3908630	0.0710636	0.1964230	0.2849797	0.0580033	0.1505545	0.3477954	0.0593846	0.4476869	0.3700245	-0.2587755	0.4789878	0.2485348	-0.2511309	0.3997419	0.2659745	-0.2628738	0.3398100	0.8706703	-0.0191323	0.3806043	0.8828647	-0.2411332	0.2486216	1.1757210	0.1442351	0.2521089	1.1628185	0.0561564	0.3983784	0.9548345	0.1317659	0.3412436	0.9183250	0.1344801	0.3600805	1.1725438	-0.4363488	0.3109107	1.1628531	-0.3661793	0.4676037	0.9343251	-0.3584695	0.4089094	0.9110661	-0.3961668
274	4.5500000	0.3221400	1.4859974	-0.1550300	0.3123200	1.4823374	0.0260600	0.2864000	1.2129074	0.0997100	0.3673100	0.9648274	0.1328000	0.3588700	1.4852174	-0.3329200	0.3600800	1.2165674	-0.4009100	0.4335900	0.9568674	-0.3862300	0.4127400	0.9058574	-0.1230800	0.3962400	0.9100774	0.0041700	0.3954900	0.5360974	0.0174100	0.0829500	0.1962374	-0.0437100	0.4406000	0.9040374	-0.2486400	0.4297000	0.4974674	-0.2016400	0.4429700	0.1043374	-0.1656500	0.6255400	0.0675574	-0.1691000	0.6189000	0.0684474	-0.1697700	0.4005000	0.0611674	-0.1620000	0.2012500	0.0854474	-0.0375600	0.1995300	0.0971274	-0.0360700	0.0323300	0.1727474	-0.0500800	0.4538763	0.9668256	0.0760372	0.5208071	0.9838035	-0.2919295	0.2386389	1.0090257	-0.0736212	0.2649845	1.0162122	-0.2186039	0.3688180	0.4972618	0.0923007	0.3908965	0.4954156	-0.0321218	0.0678682	0.2084394	0.0033906	0.0977491	0.2005954	-0.0783331	0.1983269	0.1125778	-0.0414740	0.1479596	0.1128220	0.0140599	-0.0119097	0.2222966	-0.0526463	0.4506386	0.4935898	-0.2753441	0.4421370	0.5060775	-0.1434026	0.4320859	0.0981790	-0.2141781	0.4491701	0.1114003	-0.1250676	0.6016723	0.0755316	-0.1655842	0.3519123	0.0698160	-0.1656411	0.5580935	0.0557264	-0.2237026	0.3062215	1.5329582	0.0254479	0.3527248	1.5288541	-0.3375879	0.2186481	1.5352868	-0.1661099	0.4396987	0.7404113	0.0925500	0.4045138	0.6452874	0.1152367	0.3178616	0.7471624	0.1055146	0.5162001	0.7520274	-0.3116344	0.4894553	0.6481576	-0.3223440	0.3939571	0.7378990	-0.3504820	0.2813240	0.3970558	0.0718363	0.2140171	0.2904531	0.0589389	0.1684004	0.3534928	0.0599420	0.4486029	0.3722449	-0.2604722	0.4802300	0.2504962	-0.2525306	0.4006991	0.2670780	-0.2643881	0.3502241	0.8747438	-0.0201560	0.3906464	0.8853669	-0.2425579	0.2576692	1.1795453	0.1417962	0.2616889	1.1666312	0.0538067	0.4070229	0.9577606	0.1298972	0.3497029	0.9215837	0.1323278	0.3717806	1.1755892	-0.4382723	0.3222261	1.1658768	-0.3681603	0.4800984	0.9377756	-0.3594981	0.4214824	0.9141433	-0.3974627
275	4.5666667	0.3307500	1.4875074	-0.1560500	0.3205100	1.4838074	0.0250100	0.2955900	1.2144074	0.0988600	0.3756100	0.9670174	0.1310300	0.3678400	1.4867974	-0.3338100	0.3688000	1.2192874	-0.4024400	0.4444200	0.9587374	-0.3874300	0.4219600	0.9089374	-0.1242000	0.4057700	0.9136974	0.0032200	0.4092000	0.5399874	0.0145500	0.1019300	0.2005474	-0.0423500	0.4495300	0.9066174	-0.2499700	0.4324200	0.4979874	-0.2018800	0.4434200	0.1033174	-0.1655300	0.6255900	0.0668774	-0.1691300	0.6188900	0.0676874	-0.1697900	0.4021400	0.0604074	-0.1620400	0.2130800	0.0829674	-0.0369300	0.2120100	0.0951374	-0.0351900	0.0517500	0.1771374	-0.0488800	0.4636974	0.9712503	0.0747427	0.5296412	0.9854501	-0.2938340	0.2475933	1.0126363	-0.0754514	0.2734460	1.0187584	-0.2205999	0.3846711	0.5036832	0.0924068	0.4076853	0.5018216	-0.0324678	0.0864092	0.2113871	0.0042040	0.1172693	0.2035382	-0.0780661	0.2101662	0.1115382	-0.0421021	0.1610484	0.1128035	0.0137451	0.0097075	0.2271858	-0.0518749	0.4508709	0.4951462	-0.2762144	0.4425144	0.5083778	-0.1441794	0.4331292	0.0982935	-0.2145527	0.4504724	0.1120587	-0.1252531	0.6018411	0.0765400	-0.1651745	0.3531039	0.0699717	-0.1658589	0.5584568	0.0561089	-0.2235368	0.3144835	1.5360900	0.0241546	0.3616424	1.5326241	-0.3389644	0.2271521	1.5383489	-0.1676195	0.4510250	0.7477305	0.0921551	0.4175672	0.6521965	0.1151130	0.3289005	0.7514046	0.1053583	0.5221563	0.7510425	-0.3122426	0.4932040	0.6481432	-0.3231493	0.3996338	0.7400433	-0.3518238	0.2979200	0.4023686	0.0722261	0.2312554	0.2947816	0.0597856	0.1853866	0.3575562	0.0602822	0.4487922	0.3741640	-0.2613786	0.4808489	0.2521593	-0.2532469	0.4009968	0.2677867	-0.2650920	0.3596697	0.8786697	-0.0209415	0.3994777	0.8876275	-0.2436764	0.2659095	1.1829827	0.1397855	0.2704058	1.1700676	0.0519020	0.4148823	0.9603929	0.1283042	0.3573995	0.9245099	0.1305224	0.3820581	1.1784293	-0.4398381	0.3322870	1.1686726	-0.3697418	0.4912446	0.9410685	-0.3603428	0.4326575	0.9170621	-0.3984614
276	4.5833333	0.3393000	1.4889074	-0.1571100	0.3286200	1.4850374	0.0238100	0.3041400	1.2157574	0.0982300	0.3835500	0.9688374	0.1291200	0.3767100	1.4882674	-0.3346200	0.3769800	1.2217974	-0.4038600	0.4546900	0.9613774	-0.3886800	0.4301900	0.9127374	-0.1253000	0.4141000	0.9178374	0.0022200	0.4225800	0.5431574	0.0115400	0.1217400	0.2009274	-0.0404300	0.4576800	0.9099774	-0.2511600	0.4345700	0.4983974	-0.2023200	0.4427700	0.1027574	-0.1657400	0.6253900	0.0666574	-0.1699800	0.6185700	0.0673474	-0.1706200	0.4027700	0.0600974	-0.1623100	0.2331700	0.0854474	-0.0351500	0.2313700	0.0964974	-0.0333700	0.0714200	0.1782274	-0.0474300	0.4727195	0.9764575	0.0734064	0.5373503	0.9876812	-0.2956985	0.2556368	1.0167909	-0.0770984	0.2808914	1.0217528	-0.2223694	0.3990442	0.5101424	0.0917481	0.4226917	0.5084728	-0.0337645	0.1058893	0.2128263	0.0052167	0.1376081	0.2052514	-0.0777184	0.2254646	0.1110525	-0.0419238	0.1770296	0.1127869	0.0141892	0.0314248	0.2292680	-0.0511939	0.4505689	0.4973129	-0.2767963	0.4423566	0.5111988	-0.1445241	0.4335166	0.0991176	-0.2148246	0.4510974	0.1133793	-0.1252721	0.6013036	0.0780218	-0.1648041	0.3537121	0.0708532	-0.1659848	0.5581595	0.0570707	-0.2233944	0.3222770	1.5393249	0.0230699	0.3699749	1.5366791	-0.3400494	0.2351365	1.5417614	-0.1688238	0.4614804	0.7550917	0.0915054	0.4295460	0.6591128	0.1145898	0.3390138	0.7561166	0.1051467	0.5273314	0.7508684	-0.3127157	0.4962508	0.6488630	-0.3237796	0.4043731	0.7428561	-0.3531014	0.3138200	0.4074471	0.0721863	0.2488070	0.2986051	0.0605157	0.2020464	0.3606017	0.0604144	0.4483956	0.3766847	-0.2620628	0.4808496	0.2544458	-0.2538497	0.4006738	0.2691514	-0.2656178	0.3682106	0.8833830	-0.0217094	0.4072110	0.8905524	-0.2447311	0.2735375	1.1868672	0.1379383	0.2784473	1.1739661	0.0501673	0.4221468	0.9635653	0.1267055	0.3645176	0.9279669	0.1287898	0.3911769	1.1819406	-0.4412816	0.3413404	1.1721228	-0.3711616	0.5012582	0.9450753	-0.3612624	0.4426709	0.9207044	-0.3994384
277	4.6000000	0.3472500	1.4902874	-0.1585300	0.3365000	1.4865574	0.0221600	0.3122200	1.2170074	0.0976700	0.3916700	0.9703074	0.1271100	0.3846500	1.4895474	-0.3357800	0.3852900	1.2234874	-0.4051200	0.4645600	0.9639574	-0.3895100	0.4381100	0.9170174	-0.1265300	0.4222500	0.9227274	0.0010400	0.4354100	0.5457074	0.0093300	0.1436200	0.2018374	-0.0389000	0.4653500	0.9136474	-0.2524700	0.4362500	0.4999574	-0.2030400	0.4420600	0.1025274	-0.1659700	0.6251600	0.0673374	-0.1709200	0.6182100	0.0679174	-0.1715500	0.4042500	0.0608374	-0.1625900	0.2581900	0.0911674	-0.0326000	0.2547500	0.1007574	-0.0312700	0.0944800	0.1787174	-0.0459900	0.4815775	0.9822721	0.0718143	0.5445934	0.9903465	-0.2977649	0.2634331	1.0211816	-0.0786711	0.2879917	1.0249061	-0.2240401	0.4128792	0.5164526	0.0904873	0.4368181	0.5151638	-0.0357383	0.1271758	0.2131374	0.0062968	0.1595825	0.2061046	-0.0773294	0.2449938	0.1117903	-0.0410440	0.1967093	0.1133912	0.0152209	0.0541417	0.2288892	-0.0506630	0.4504603	0.4998349	-0.2773939	0.4424429	0.5143295	-0.1446667	0.4339527	0.1005433	-0.2153102	0.4517720	0.1152684	-0.1253942	0.6008518	0.0799756	-0.1646932	0.3544341	0.0723732	-0.1662982	0.5579652	0.0585650	-0.2235703	0.3301703	1.5424575	0.0219417	0.3783740	1.5407016	-0.3410129	0.2432237	1.5452547	-0.1699125	0.4718150	0.7623701	0.0905358	0.4412788	0.6658912	0.1136704	0.3490133	0.7610303	0.1047881	0.5324052	0.7513079	-0.3133095	0.4992763	0.6500875	-0.3245207	0.4088544	0.7460236	-0.3545483	0.3299322	0.4122451	0.0717674	0.2675199	0.3020484	0.0610483	0.2193395	0.3627706	0.0603576	0.4481426	0.3795893	-0.2628345	0.4809396	0.2571652	-0.2546609	0.4004658	0.2709946	-0.2662736	0.3765333	0.8885981	-0.0225627	0.4145497	0.8938710	-0.2458434	0.2812388	1.1909297	0.1360753	0.2864962	1.1780418	0.0484291	0.4295067	0.9670137	0.1249314	0.3717424	0.9316999	0.1269625	0.3998879	1.1858069	-0.4427289	0.3500980	1.1759301	-0.3725570	0.5108306	0.9494623	-0.3623345	0.4522415	0.9247490	-0.4004881
278	4.6166667	0.3548000	1.4913074	-0.1600200	0.3442300	1.4877374	0.0206500	0.3201900	1.2182174	0.0970400	0.4001100	0.9719674	0.1251700	0.3919800	1.4903374	-0.3372400	0.3937500	1.2242074	-0.4062000	0.4741300	0.9655274	-0.3896300	0.4457900	0.9202174	-0.1275400	0.4307900	0.9265974	0.0000100	0.4462800	0.5468474	0.0080600	0.1670100	0.2009274	-0.0374800	0.4722300	0.9161274	-0.2535700	0.4384500	0.5008874	-0.2034200	0.4415600	0.1030874	-0.1660300	0.6249100	0.0687774	-0.1710900	0.6178200	0.0692174	-0.1717700	0.4065400	0.0629374	-0.1627600	0.2855700	0.0892174	-0.0271500	0.2805800	0.0976874	-0.0260000	0.1190600	0.1773974	-0.0450700	0.4902952	0.9870628	0.0703658	0.5515272	0.9919479	-0.2996057	0.2710103	1.0243569	-0.0798566	0.2948205	1.0268213	-0.2252874	0.4261533	0.5212039	0.0891606	0.4503239	0.5203197	-0.0378622	0.1501214	0.2107926	0.0078343	0.1832357	0.2044362	-0.0764943	0.2682279	0.1110897	-0.0386673	0.2195467	0.1123550	0.0175410	0.0779870	0.2250251	-0.0500584	0.4508332	0.5013042	-0.2776611	0.4430575	0.5163624	-0.1444594	0.4346122	0.1012560	-0.2156572	0.4526481	0.1163782	-0.1253950	0.6006742	0.0809714	-0.1645680	0.3553900	0.0732672	-0.1664357	0.5580035	0.0592966	-0.2237080	0.3380156	1.5442171	0.0209286	0.3865074	1.5432412	-0.3417125	0.2511482	1.5474031	-0.1707539	0.4819733	0.7682002	0.0898020	0.4526741	0.6711793	0.1128954	0.3586974	0.7647098	0.1046286	0.5373813	0.7509413	-0.3136783	0.5024097	0.6504009	-0.3249925	0.4132927	0.7480676	-0.3556859	0.3461699	0.4153235	0.0714949	0.2872081	0.3036605	0.0619486	0.2371612	0.3626030	0.0604971	0.4483178	0.3814680	-0.2633334	0.4813413	0.2589146	-0.2552955	0.4006430	0.2719930	-0.2666680	0.3846585	0.8927234	-0.0231909	0.4215928	0.8960731	-0.2466831	0.2890675	1.1937266	0.1345494	0.2945958	1.1808295	0.0470170	0.4370568	0.9693338	0.1233348	0.3791669	0.9342802	0.1253883	0.4083335	1.1884572	-0.4438456	0.3586781	1.1785438	-0.3736061	0.5200859	0.9526706	-0.3631239	0.4615190	0.9276358	-0.4011771
279	4.6333333	0.3628700	1.4916874	-0.1609800	0.3529000	1.4878674	0.0200800	0.3279100	1.2187674	0.0963300	0.4085200	0.9735374	0.1234800	0.3995900	1.4909674	-0.3386400	0.4015900	1.2246274	-0.4071400	0.4834600	0.9662174	-0.3892000	0.4534200	0.9198774	-0.1277400	0.4397400	0.9270674	-0.0003600	0.4540100	0.5456774	0.0071700	0.1903700	0.1946774	-0.0358600	0.4785200	0.9150974	-0.2537700	0.4411000	0.5004174	-0.2033300	0.4420600	0.1032474	-0.1657400	0.6248200	0.0702074	-0.1703200	0.6176000	0.0704874	-0.1710800	0.4091700	0.0645474	-0.1625000	0.3080500	0.0880174	-0.0232300	0.3023300	0.0954174	-0.0221700	0.1447500	0.1706574	-0.0436400	0.4990637	0.9882841	0.0696123	0.5582744	0.9901550	-0.3007845	0.2786651	1.0239453	-0.0799748	0.3016409	1.0252279	-0.2254936	0.4380174	0.5219744	0.0882417	0.4622579	0.5215480	-0.0394176	0.1737959	0.2040280	0.0098972	0.2074839	0.1984500	-0.0749008	0.2928319	0.1074010	-0.0352074	0.2436263	0.1080461	0.0206516	0.1025536	0.2160750	-0.0488862	0.4520098	0.4995774	-0.2771633	0.4445559	0.5151834	-0.1434018	0.4357463	0.0992782	-0.2152506	0.4540507	0.1147518	-0.1246634	0.6009344	0.0794757	-0.1636489	0.3569426	0.0715167	-0.1657680	0.5584543	0.0575427	-0.2230534	0.3459584	1.5427309	0.0205368	0.3947139	1.5423617	-0.3416968	0.2591074	1.5461884	-0.1708080	0.4915992	0.7698432	0.0897524	0.4632066	0.6723726	0.1126634	0.3680619	0.7647007	0.1050722	0.5424360	0.7475017	-0.3133413	0.5058802	0.6475839	-0.3247400	0.4178982	0.7466520	-0.3560296	0.3616022	0.4144435	0.0715985	0.3068003	0.3012924	0.0632552	0.2547860	0.3581507	0.0610449	0.4492051	0.3802015	-0.2630394	0.4822916	0.2575985	-0.2551963	0.4014988	0.2701199	-0.2662343	0.3928185	0.8932291	-0.0229248	0.4285286	0.8947617	-0.2466503	0.2970457	1.1930995	0.1339508	0.3027541	1.1801641	0.0464680	0.4448893	0.9684336	0.1224851	0.3869035	0.9335510	0.1245970	0.4166050	1.1876462	-0.4442169	0.3671604	1.1777021	-0.3738688	0.5292562	0.9525116	-0.3630798	0.4707241	0.9271413	-0.4009549
280	4.6500000	0.3714800	1.4916974	-0.1615100	0.3626000	1.4871074	0.0200800	0.3348100	1.2189274	0.0956600	0.4168200	0.9747974	0.1220900	0.4073000	1.4916574	-0.3397800	0.4082400	1.2254374	-0.4080200	0.4920700	0.9670074	-0.3886700	0.4605700	0.9178774	-0.1271900	0.4482500	0.9256774	-0.0000500	0.4583300	0.5420774	0.0061700	0.2108200	0.1856174	-0.0350100	0.4843400	0.9123674	-0.2531600	0.4437700	0.4985974	-0.2032700	0.4438900	0.1031474	-0.1650800	0.6246000	0.0711674	-0.1694300	0.6172700	0.0712974	-0.1702400	0.4118200	0.0651174	-0.1615600	0.3309800	0.0822174	-0.0183100	0.3248200	0.0889174	-0.0172000	0.1689500	0.1620174	-0.0427900	0.5075034	0.9877143	0.0695717	0.5645029	0.9867495	-0.3012085	0.2860106	1.0221127	-0.0791972	0.3080883	1.0222804	-0.2247925	0.4473764	0.5207164	0.0873951	0.4717814	0.5206940	-0.0408236	0.1966850	0.1947468	0.0120213	0.2310078	0.1899604	-0.0730591	0.3173656	0.1020281	-0.0309890	0.2674082	0.1019198	0.0242500	0.1264152	0.2041152	-0.0477665	0.4535989	0.4966184	-0.2760667	0.4465346	0.5127328	-0.1418447	0.4370219	0.0966712	-0.2142136	0.4556292	0.1124466	-0.1234387	0.6012233	0.0773707	-0.1622463	0.3587552	0.0692132	-0.1644678	0.5589273	0.0552916	-0.2217754	0.3539386	1.5399924	0.0206698	0.4023455	1.5402421	-0.3412037	0.2667323	1.5437567	-0.1702239	0.4999486	0.7691938	0.0904155	0.4719502	0.6714055	0.1128671	0.3762258	0.7630467	0.1059196	0.5470545	0.7429387	-0.3124329	0.5092390	0.6435928	-0.3238786	0.4222770	0.7437439	-0.3555456	0.3749653	0.4115723	0.0717408	0.3248613	0.2969181	0.0646791	0.2708564	0.3513427	0.0615199	0.4504489	0.3777726	-0.2620996	0.4834512	0.2552543	-0.2544841	0.4026804	0.2673831	-0.2650864	0.4005378	0.8920555	-0.0219047	0.4349090	0.8918788	-0.2458383	0.3046368	1.1910553	0.1341588	0.3104315	1.1780850	0.0466325	0.4525725	0.9664083	0.1222470	0.3945645	0.9315471	0.1244391	0.4241588	1.1854333	-0.4440560	0.3749956	1.1754300	-0.3735324	0.5378940	0.9510671	-0.3623946	0.4793668	0.9253161	-0.4000229
281	4.6666667	0.3793900	1.4919274	-0.1621900	0.3715000	1.4868874	0.0196500	0.3412700	1.2188974	0.0951500	0.4251400	0.9755274	0.1210000	0.4143400	1.4923074	-0.3408100	0.4141000	1.2261474	-0.4088600	0.4997400	0.9679674	-0.3882500	0.4670100	0.9161974	-0.1265200	0.4555200	0.9243574	0.0004900	0.4610300	0.5374174	0.0049700	0.2292900	0.1766674	-0.0345900	0.4899100	0.9104874	-0.2524600	0.4458900	0.4968174	-0.2035000	0.4463700	0.1031674	-0.1644000	0.6242800	0.0705974	-0.1692200	0.6168500	0.0705674	-0.1700600	0.4137400	0.0649274	-0.1602400	0.3529200	0.0768674	-0.0137700	0.3463600	0.0831874	-0.0126600	0.1918200	0.1546274	-0.0426400	0.5153027	0.9873743	0.0697051	0.5700978	0.9838102	-0.3015285	0.2927541	1.0207287	-0.0782341	0.3139516	1.0198689	-0.2239460	0.4539307	0.5192300	0.0862358	0.4786518	0.5195944	-0.0424515	0.2178841	0.1854301	0.0135187	0.2529404	0.1814427	-0.0716396	0.3405664	0.0970185	-0.0270595	0.2897331	0.0961055	0.0273664	0.1487459	0.1919879	-0.0472376	0.4551904	0.4942332	-0.2751381	0.4485938	0.5108186	-0.1404532	0.4381445	0.0950505	-0.2132935	0.4571222	0.1110786	-0.1223961	0.6012773	0.0760905	-0.1609891	0.3605563	0.0680323	-0.1632422	0.5591462	0.0540128	-0.2205868	0.3616076	1.5381246	0.0207299	0.4093070	1.5389713	-0.3408606	0.2738296	1.5421637	-0.1696688	0.5067382	0.7681295	0.0912535	0.4786011	0.6701146	0.1130238	0.3828370	0.7615925	0.1066253	0.5511135	0.7390870	-0.3117416	0.5122419	0.6402586	-0.3232044	0.4261278	0.7412638	-0.3550139	0.3857499	0.4086447	0.0714371	0.3406575	0.2926113	0.0656014	0.2847385	0.3444136	0.0613943	0.4516649	0.3759717	-0.2612950	0.4844940	0.2536304	-0.2539595	0.4038152	0.2654605	-0.2639850	0.4075201	0.8911292	-0.0207489	0.4405530	0.8893833	-0.2449350	0.3116639	1.1895437	0.1344997	0.3174181	1.1765562	0.0468725	0.4599580	0.9652248	0.1219522	0.4020099	0.9302303	0.1242742	0.4307413	1.1838020	-0.4440287	0.3819088	1.1737035	-0.3732615	0.5457433	0.9502952	-0.3617612	0.4871646	0.9241133	-0.3991006
282	4.6833333	0.3859400	1.4926174	-0.1631200	0.3783300	1.4876974	0.0186600	0.3487400	1.2187774	0.0948600	0.4332100	0.9754574	0.1202600	0.4205900	1.4929074	-0.3417000	0.4201700	1.2261474	-0.4095900	0.5068900	0.9687774	-0.3879700	0.4734500	0.9153574	-0.1260900	0.4621000	0.9236974	0.0008100	0.4648000	0.5333274	0.0038800	0.2494400	0.1684974	-0.0333200	0.4962000	0.9093774	-0.2519400	0.4478300	0.4951474	-0.2037600	0.4477500	0.1030274	-0.1640400	0.6239400	0.0691974	-0.1695100	0.6164200	0.0689974	-0.1705000	0.4132700	0.0646974	-0.1592400	0.3763600	0.0718274	-0.0094200	0.3696100	0.0777974	-0.0081900	0.2165300	0.1477374	-0.0419200	0.5230389	0.9878228	0.0696666	0.5757926	0.9818296	-0.3020185	0.2995576	1.0201984	-0.0775422	0.3199445	1.0183787	-0.2233806	0.4593591	0.5181402	0.0846744	0.4845393	0.5188586	-0.0444237	0.2388364	0.1768494	0.0144232	0.2747122	0.1736634	-0.0706941	0.3637197	0.0928809	-0.0235534	0.3119419	0.0910890	0.0299644	0.1710051	0.1805597	-0.0472523	0.4571823	0.4927829	-0.2746767	0.4510952	0.5097649	-0.1396093	0.4392894	0.0945940	-0.2128806	0.4586601	0.1107915	-0.1219526	0.6014076	0.0756347	-0.1603136	0.3623812	0.0681478	-0.1625423	0.5593978	0.0537349	-0.2199234	0.3693244	1.5374834	0.0204415	0.4160723	1.5387798	-0.3409605	0.2808877	1.5416662	-0.1695382	0.5130415	0.7674860	0.0919174	0.4844748	0.6692488	0.1128946	0.3889184	0.7608593	0.1069199	0.5552098	0.7362835	-0.3115210	0.5154211	0.6379349	-0.3229788	0.4301496	0.7397017	-0.3547215	0.3955929	0.4062593	0.0706659	0.3557415	0.2890060	0.0660239	0.2979913	0.3380501	0.0606905	0.4531925	0.3751012	-0.2609532	0.4856946	0.2529567	-0.2539299	0.4051859	0.2646508	-0.2633205	0.4144508	0.8909791	-0.0198648	0.4462431	0.8877662	-0.2443060	0.3189227	1.1889537	0.1345734	0.3245011	1.1759632	0.0468868	0.4676899	0.9651572	0.1212724	0.4098476	0.9299499	0.1237941	0.4370585	1.1831598	-0.4443945	0.3885792	1.1729435	-0.3733246	0.5534080	0.9505173	-0.3614954	0.4947253	0.9238851	-0.3985219
283	4.7000000	0.3916100	1.4934674	-0.1639400	0.3836500	1.4891274	0.0176500	0.3578600	1.2184974	0.0948300	0.4406500	0.9754774	0.1197900	0.4265000	1.4931974	-0.3422900	0.4267600	1.2258474	-0.4100700	0.5137600	0.9695074	-0.3878000	0.4808200	0.9136574	-0.1256600	0.4694200	0.9222574	0.0009700	0.4698200	0.5293674	0.0032600	0.2735000	0.1597274	-0.0305100	0.5035300	0.9074674	-0.2512400	0.4499700	0.4936174	-0.2041000	0.4471100	0.1026674	-0.1639600	0.6242300	0.0683874	-0.1692100	0.6166400	0.0679674	-0.1705400	0.4108300	0.0649074	-0.1585800	0.4026900	0.0668974	-0.0057600	0.3961500	0.0725274	-0.0042500	0.2450100	0.1388474	-0.0396900	0.5316026	0.9873376	0.0696610	0.5824802	0.9791739	-0.3024652	0.3073079	1.0187243	-0.0768945	0.3269543	1.0160532	-0.2228719	0.4652412	0.5158449	0.0832334	0.4908798	0.5169182	-0.0462283	0.2615654	0.1673858	0.0154529	0.2982309	0.1650538	-0.0695363	0.3886929	0.0881769	-0.0200807	0.3360614	0.0853128	0.0325349	0.1952271	0.1681713	-0.0469460	0.4601602	0.4905594	-0.2743843	0.4545750	0.5079128	-0.1389295	0.4408390	0.0934927	-0.2126916	0.4606009	0.1097899	-0.1217595	0.6022186	0.0743965	-0.1597600	0.3644875	0.0676689	-0.1621154	0.5602247	0.0527404	-0.2194475	0.3773886	1.5364699	0.0201111	0.4233410	1.5379600	-0.3411972	0.2883743	1.5404614	-0.1696054	0.5200673	0.7656923	0.0926223	0.4909523	0.6672172	0.1128219	0.3957392	0.7590955	0.1071915	0.5601647	0.7327227	-0.3114255	0.5195114	0.6348488	-0.3228922	0.4352099	0.7373444	-0.3544783	0.4062322	0.4027983	0.0699985	0.3720093	0.2845091	0.0665332	0.3124705	0.3305961	0.0601103	0.4555544	0.3734137	-0.2607812	0.4875253	0.2514073	-0.2540892	0.4072642	0.2632244	-0.2628412	0.4222743	0.8898633	-0.0190005	0.4529267	0.8853398	-0.2436965	0.3272256	1.1876267	0.1346358	0.3325170	1.1746328	0.0469858	0.4763854	0.9643993	0.1205400	0.4186592	0.9289583	0.1233227	0.4439159	1.1817935	-0.4448442	0.3957990	1.1714500	-0.3734186	0.5616217	0.9499750	-0.3613081	0.5028084	0.9229038	-0.3979994
284	4.7166667	0.3970500	1.4941574	-0.1644900	0.3886100	1.4904574	0.0170400	0.3668900	1.2182574	0.0948000	0.4477700	0.9757874	0.1194100	0.4323500	1.4932274	-0.3427200	0.4332200	1.2256774	-0.4103000	0.5202000	0.9701774	-0.3874900	0.4884200	0.9111574	-0.1251300	0.4773800	0.9202874	0.0010800	0.4736800	0.5238274	0.0026800	0.2998000	0.1502374	-0.0268700	0.5107100	0.9044274	-0.2503700	0.4523000	0.4921174	-0.2043900	0.4454700	0.1019074	-0.1639300	0.6250400	0.0681074	-0.1680600	0.6174200	0.0674474	-0.1698700	0.4089200	0.0649174	-0.1575800	0.4312200	0.0620374	-0.0032000	0.4250000	0.0674074	-0.0013400	0.2746400	0.1279674	-0.0367900	0.5403548	0.9859645	0.0697617	0.5894008	0.9758765	-0.3027824	0.3153311	1.0164455	-0.0761268	0.3342599	1.0130218	-0.2222454	0.4708726	0.5124948	0.0818519	0.4968829	0.5139573	-0.0479484	0.2858697	0.1570834	0.0167790	0.3232409	0.1557044	-0.0680166	0.4153557	0.0832166	-0.0166951	0.3620359	0.0789421	0.0351135	0.2211941	0.1547245	-0.0460615	0.4632751	0.4876405	-0.2740542	0.4581689	0.5053596	-0.1381919	0.4421128	0.0918749	-0.2124523	0.4622604	0.1082273	-0.1215305	0.6031274	0.0727199	-0.1590222	0.3661607	0.0666220	-0.1617027	0.5610436	0.0512769	-0.2188529	0.3849180	1.5351284	0.0198625	0.4302491	1.5365276	-0.3414699	0.2953994	1.5385972	-0.1697268	0.5271472	0.7628024	0.0933756	0.4973753	0.6641055	0.1127894	0.4026930	0.7563859	0.1075127	0.5652215	0.7284452	-0.3112737	0.5237265	0.6310518	-0.3227573	0.4405382	0.7342560	-0.3541579	0.4171080	0.3984284	0.0694277	0.3890593	0.2792989	0.0671944	0.3277696	0.3220834	0.0597222	0.4579477	0.3710156	-0.2605479	0.4892498	0.2491131	-0.2541803	0.4092747	0.2612841	-0.2623103	0.4303262	0.8878587	-0.0180488	0.4598662	0.8821741	-0.2429892	0.3357118	1.1856643	0.1348037	0.3406639	1.1726806	0.0472581	0.4851811	0.9630144	0.1199309	0.4275840	0.9273261	0.1230165	0.4505867	1.1797884	-0.4452130	0.4028381	1.1693175	-0.3733902	0.5696104	0.9487431	-0.3610635	0.5106634	0.9212611	-0.3973957
285	4.7333333	0.4025900	1.4944574	-0.1648000	0.3940900	1.4909974	0.0169100	0.3737900	1.2182674	0.0944200	0.4548600	0.9761274	0.1188000	0.4379800	1.4932474	-0.3432000	0.4389200	1.2253874	-0.4101800	0.5260100	0.9703774	-0.3867900	0.4949000	0.9085074	-0.1249100	0.4846500	0.9177874	0.0009900	0.4749200	0.5168874	0.0012500	0.3246800	0.1413974	-0.0235600	0.5163500	0.9016774	-0.2499300	0.4545000	0.4907374	-0.2042400	0.4438300	0.1011274	-0.1638000	0.6254900	0.0675774	-0.1669200	0.6179100	0.0667774	-0.1692100	0.4078100	0.0651074	-0.1558700	0.4598900	0.0591374	-0.0016100	0.4538000	0.0641074	0.0006200	0.3019700	0.1157974	-0.0340000	0.5480760	0.9843605	0.0695685	0.5951468	0.9725854	-0.3034270	0.3223372	1.0140809	-0.0755158	0.3405044	1.0099934	-0.2217963	0.4746764	0.5086887	0.0799651	0.5008790	0.5106084	-0.0501892	0.3100370	0.1467827	0.0179814	0.3479705	0.1464724	-0.0665928	0.4421513	0.0790711	-0.0139585	0.3883149	0.0729730	0.0372126	0.2470750	0.1409690	-0.0449854	0.4653540	0.4846820	-0.2739864	0.4607193	0.5027773	-0.1376012	0.4421769	0.0904497	-0.2123277	0.4627217	0.1068459	-0.1213653	0.6031235	0.0713787	-0.1583472	0.3665287	0.0656984	-0.1613948	0.5608764	0.0501040	-0.2183560	0.3909229	1.5340212	0.0194068	0.4356437	1.5351361	-0.3420667	0.3009037	1.5367647	-0.1700756	0.5329495	0.7593232	0.0936783	0.5023356	0.6604515	0.1122826	0.4084419	0.7533681	0.1074953	0.5691891	0.7241540	-0.3114832	0.5268738	0.6272264	-0.3229632	0.4447439	0.7310660	-0.3542023	0.4265791	0.3938562	0.0684220	0.4052083	0.2741488	0.0674988	0.3422545	0.3132478	0.0590686	0.4592622	0.3685941	-0.2605151	0.4898472	0.2468042	-0.2544533	0.4101455	0.2594828	-0.2619462	0.4372983	0.8856215	-0.0173885	0.4656382	0.8789181	-0.2425964	0.3429957	1.1837092	0.1347288	0.3475768	1.1707620	0.0472854	0.4928453	0.9617036	0.1190907	0.4354065	0.9257290	0.1225161	0.4559096	1.1777669	-0.4458126	0.4085053	1.1671944	-0.3735932	0.5761848	0.9474637	-0.3610689	0.5171213	0.9196003	-0.3970532
286	4.7500000	0.4080600	1.4944674	-0.1649800	0.4001100	1.4907474	0.0169000	0.3785900	1.2186374	0.0938600	0.4616800	0.9761474	0.1179200	0.4429700	1.4934974	-0.3436100	0.4439100	1.2250474	-0.4097500	0.5313300	0.9699974	-0.3858200	0.4994900	0.9060274	-0.1252800	0.4899200	0.9150974	0.0005100	0.4750000	0.5105274	-0.0009300	0.3470200	0.1330774	-0.0210300	0.5202400	0.8994574	-0.2502600	0.4564900	0.4897574	-0.2036700	0.4432300	0.1004174	-0.1633900	0.6258900	0.0668774	-0.1662700	0.6183800	0.0660774	-0.1689700	0.4080400	0.0651174	-0.1536800	0.4876500	0.0588374	-0.0005900	0.4814400	0.0632474	0.0019800	0.3249000	0.1045374	-0.0320100	0.5540549	0.9828543	0.0688066	0.5989674	0.9695969	-0.3046968	0.3275975	1.0120090	-0.0752710	0.3449476	1.0073312	-0.2217386	0.4761520	0.5048245	0.0773224	0.5023170	0.5072769	-0.0532663	0.3326413	0.1372173	0.0187841	0.3709545	0.1380732	-0.0656175	0.4677792	0.0764479	-0.0121362	0.4135451	0.0681210	0.0386182	0.2712688	0.1276575	-0.0440733	0.4660360	0.4820092	-0.2743716	0.4618858	0.5004961	-0.1372933	0.4409678	0.0894986	-0.2123878	0.4619220	0.1059575	-0.1212819	0.6020564	0.0707045	-0.1579847	0.3655894	0.0651372	-0.1611791	0.5596038	0.0495468	-0.2181548	0.3952912	1.5333116	0.0185482	0.4391268	1.5340608	-0.3431394	0.3046679	1.5353103	-0.1707097	0.5369078	0.7556342	0.0932403	0.5053019	0.6566360	0.1110450	0.4123253	0.7503914	0.1069479	0.5715477	0.7202950	-0.3123303	0.5284862	0.6237678	-0.3237639	0.4471315	0.7280616	-0.3549001	0.4338765	0.3895407	0.0667346	0.4194025	0.2695644	0.0671727	0.3549257	0.3047221	0.0579341	0.4592216	0.3664667	-0.2608424	0.4891360	0.2448303	-0.2550415	0.4096652	0.2580683	-0.2618753	0.4424165	0.8834897	-0.0172855	0.4694453	0.8758885	-0.2427982	0.3484755	1.1820299	0.1342470	0.3526086	1.1691491	0.0468375	0.4988945	0.9607793	0.1177797	0.4416306	0.9244759	0.1215897	0.4594845	1.1760013	-0.4468261	0.4123476	1.1653775	-0.3742611	0.5809214	0.9464289	-0.3614589	0.5217770	0.9182027	-0.3971677
287	4.7666667	0.4129400	1.4945074	-0.1651200	0.4057400	1.4904574	0.0167400	0.3825400	1.2188674	0.0934600	0.4677600	0.9758574	0.1170000	0.4471300	1.4939474	-0.3438200	0.4485900	1.2246974	-0.4092500	0.5364900	0.9693974	-0.3847500	0.5026200	0.9032374	-0.1259100	0.4933900	0.9119774	-0.0001000	0.4762100	0.5060374	-0.0029500	0.3677700	0.1260274	-0.0196000	0.5230600	0.8969274	-0.2509400	0.4585500	0.4886174	-0.2031700	0.4438200	0.0996874	-0.1629900	0.6272300	0.0663974	-0.1660600	0.6197400	0.0656874	-0.1690900	0.4093000	0.0645774	-0.1519600	0.5137200	0.0602974	0.0001600	0.5073100	0.0640874	0.0030200	0.3449900	0.0951974	-0.0307800	0.5586476	0.9809842	0.0677970	0.6013908	0.9664298	-0.3062618	0.3314994	1.0097441	-0.0751461	0.3480427	1.0045441	-0.2218204	0.4764309	0.5006245	0.0745046	0.5023117	0.5036738	-0.0566098	0.3536172	0.1284493	0.0194450	0.3920965	0.1305264	-0.0648759	0.4920041	0.0750811	-0.0108983	0.4374754	0.0642565	0.0396447	0.2936274	0.1150491	-0.0431603	0.4661267	0.4791724	-0.2749043	0.4624614	0.4980646	-0.1369662	0.4395400	0.0884639	-0.2123588	0.4608779	0.1050208	-0.1209885	0.6009815	0.0702443	-0.1576902	0.3643989	0.0643053	-0.1607779	0.5582937	0.0491035	-0.2180179	0.3988094	1.5324950	0.0175720	0.4414510	1.5328630	-0.3443266	0.3074711	1.5338136	-0.1713063	0.5396956	0.7515231	0.0924435	0.5071299	0.6524168	0.1095453	0.4149857	0.7470134	0.1063061	0.5729330	0.7164999	-0.3134808	0.5292665	0.6202737	-0.3248375	0.4482951	0.7247456	-0.3559318	0.4398140	0.3852018	0.0648688	0.4320738	0.2652843	0.0665975	0.3662763	0.2964931	0.0567672	0.4587107	0.3641532	-0.2612327	0.4880675	0.2427224	-0.2556399	0.4087969	0.2564804	-0.2618274	0.4460527	0.8809853	-0.0174137	0.4717645	0.8725956	-0.2432636	0.3527235	1.1801463	0.1337571	0.3562903	1.1673536	0.0462857	0.5038856	0.9597446	0.1163359	0.4467919	0.9230901	0.1205715	0.4620353	1.1740226	-0.4479264	0.4150450	1.1633844	-0.3750881	0.5845568	0.9451875	-0.3618254	0.5253946	0.9165970	-0.3973751
288	4.7833333	0.4170600	1.4945574	-0.1652300	0.4104200	1.4905174	0.0166300	0.3869600	1.2180274	0.0934500	0.4732200	0.9753374	0.1161100	0.4507000	1.4939574	-0.3440100	0.4531400	1.2242674	-0.4088800	0.5414400	0.9691874	-0.3835400	0.5055500	0.9005774	-0.1264400	0.4964600	0.9091374	-0.0006100	0.4790700	0.5031974	-0.0046600	0.3876500	0.1208374	-0.0191500	0.5258500	0.8944374	-0.2514800	0.4604800	0.4869274	-0.2031100	0.4449600	0.0982974	-0.1630100	0.6289400	0.0660074	-0.1662700	0.6214100	0.0653974	-0.1695600	0.4106700	0.0627574	-0.1514300	0.5371500	0.0615874	0.0008300	0.5305200	0.0648874	0.0038900	0.3642700	0.0880074	-0.0299700	0.5629943	0.9792079	0.0668956	0.6037177	0.9635145	-0.3077156	0.3352072	1.0076577	-0.0749242	0.3510091	1.0019949	-0.2218023	0.4772145	0.4967244	0.0719901	0.5026334	0.5003915	-0.0596684	0.3736578	0.1211553	0.0201216	0.4121177	0.1244407	-0.0641888	0.5151436	0.0749517	-0.0099673	0.4604226	0.0616347	0.0404892	0.3148710	0.1041724	-0.0421347	0.4668165	0.4765543	-0.2752814	0.4635969	0.4958380	-0.1364688	0.4391286	0.0875786	-0.2121646	0.4607681	0.1042509	-0.1204916	0.6011503	0.0701834	-0.1573219	0.3641418	0.0634108	-0.1602001	0.5582017	0.0489426	-0.2177913	0.4026081	1.5319842	0.0167345	0.4438346	1.5319338	-0.3453704	0.3104624	1.5326528	-0.1716963	0.5426340	0.7476910	0.0916452	0.5092796	0.6484736	0.1081768	0.4177770	0.7437350	0.1058925	0.5745427	0.7131411	-0.3145407	0.5304205	0.6171271	-0.3257999	0.4495689	0.7215642	-0.3568568	0.4458401	0.3814031	0.0632231	0.4443287	0.2618159	0.0660581	0.3774533	0.2892826	0.0558718	0.4589503	0.3620074	-0.2614477	0.4878638	0.2408230	-0.2560443	0.4087938	0.2549977	-0.2616248	0.4494335	0.8785522	-0.0174449	0.4739187	0.8694652	-0.2436319	0.3569981	1.1784415	0.1335881	0.3598978	1.1657589	0.0459903	0.5089868	0.9589340	0.1150900	0.4520619	0.9219248	0.1197843	0.4648048	1.1722614	-0.4487887	0.4178380	1.1616128	-0.3757334	0.5883330	0.9441728	-0.3618208	0.5292320	0.9152074	-0.3973180
289	4.8000000	0.4209200	1.4944674	-0.1652600	0.4146700	1.4908174	0.0167600	0.3925600	1.2166674	0.0937200	0.4785500	0.9750874	0.1152000	0.4542300	1.4935074	-0.3442800	0.4575400	1.2241874	-0.4086600	0.5458300	0.9697174	-0.3822800	0.5094100	0.8983574	-0.1267100	0.5004100	0.9064574	-0.0009900	0.4829600	0.5015074	-0.0065200	0.4056600	0.1174174	-0.0191800	0.5295700	0.8929574	-0.2516700	0.4619700	0.4850674	-0.2032900	0.4458100	0.0968574	-0.1633300	0.6291300	0.0653874	-0.1668300	0.6215400	0.0649374	-0.1702900	0.4119200	0.0607974	-0.1517600	0.5564700	0.0620474	0.0010600	0.5497500	0.0648974	0.0042800	0.3814200	0.0837674	-0.0295700	0.5681094	0.9778347	0.0662486	0.6069824	0.9611959	-0.3088270	0.3398081	1.0059849	-0.0744913	0.3549338	0.9999346	-0.2215390	0.4795325	0.4935403	0.0699524	0.5043959	0.4977998	-0.0621787	0.3927791	0.1156797	0.0207620	0.4310794	0.1200753	-0.0635668	0.5368405	0.0755651	-0.0093597	0.4820305	0.0600868	0.0410806	0.3350171	0.0958203	-0.0410370	0.4687865	0.4743812	-0.2754162	0.4659877	0.4939889	-0.1358672	0.4401249	0.0870534	-0.2118972	0.4619917	0.1038025	-0.1199721	0.6028124	0.0704669	-0.1569428	0.3652133	0.0627987	-0.1595769	0.5595873	0.0490797	-0.2174952	0.4074532	1.5320464	0.0161509	0.4471077	1.5314836	-0.3461436	0.3144569	1.5319687	-0.1718188	0.5467491	0.7445053	0.0909616	0.5127645	0.6452036	0.1070582	0.4217740	0.7409205	0.1057716	0.5772612	0.7103720	-0.3153302	0.5327527	0.6145258	-0.3264787	0.4519776	0.7188782	-0.3574278	0.4527315	0.3784858	0.0619067	0.4566187	0.2593977	0.0655775	0.3889118	0.2835510	0.0552894	0.4605512	0.3602647	-0.2614609	0.4890397	0.2393555	-0.2562644	0.4101940	0.2538636	-0.2612639	0.4537297	0.8764787	-0.0172608	0.4770893	0.8668062	-0.2437315	0.3623142	1.1771920	0.1338173	0.3644797	1.1646388	0.0460924	0.5150875	0.9585637	0.1141438	0.4583440	0.9212009	0.1193319	0.4686075	1.1710045	-0.4493071	0.4215808	1.1603352	-0.3760635	0.5930437	0.9436544	-0.3613818	0.5340752	0.9143227	-0.3968844
290	4.8166667	0.4251200	1.4944774	-0.1651500	0.4191500	1.4912074	0.0170400	0.3984400	1.2166474	0.0938300	0.4838000	0.9747774	0.1144400	0.4581900	1.4930974	-0.3444000	0.4619400	1.2246274	-0.4085700	0.5498100	0.9706074	-0.3812700	0.5141100	0.8965174	-0.1267000	0.5048900	0.9041874	-0.0011500	0.4871600	0.5004974	-0.0085400	0.4203300	0.1152074	-0.0193300	0.5344100	0.8916774	-0.2514500	0.4630400	0.4833074	-0.2032700	0.4464600	0.0963474	-0.1638500	0.6274100	0.0642674	-0.1675600	0.6198300	0.0640574	-0.1711200	0.4137400	0.0604374	-0.1524800	0.5716400	0.0616474	0.0008400	0.5648600	0.0642474	0.0041700	0.3949200	0.0813074	-0.0294900	0.5737980	0.9767945	0.0658810	0.6110480	0.9594045	-0.3094862	0.3452285	1.0046517	-0.0738678	0.3597620	0.9982885	-0.2210206	0.4829632	0.4910317	0.0683615	0.5072812	0.4958180	-0.0641392	0.4097880	0.1118100	0.0212503	0.4478647	0.1171447	-0.0631020	0.5557743	0.0761931	-0.0091457	0.5009285	0.0590594	0.0413209	0.3528522	0.0900244	-0.0400096	0.4715751	0.4726038	-0.2753721	0.4692062	0.4923906	-0.1352886	0.4417424	0.0868820	-0.2116782	0.4638063	0.1036049	-0.1195912	0.6049243	0.0707449	-0.1567136	0.3669029	0.0626399	-0.1590315	0.5614505	0.0492803	-0.2172585	0.4130387	1.5325647	0.0158374	0.4509987	1.5314065	-0.3466094	0.3192084	1.5315816	-0.1716834	0.5517642	0.7418522	0.0904255	0.5172342	0.6425308	0.1061851	0.4267149	0.7385712	0.1058639	0.5808232	0.7080621	-0.3158475	0.5359217	0.6123883	-0.3268851	0.4553238	0.7167162	-0.3576068	0.4598672	0.3763362	0.0608634	0.4680898	0.2578016	0.0650937	0.3997746	0.2792316	0.0549082	0.4629531	0.3588910	-0.2613653	0.4909352	0.2382797	-0.2564105	0.4123460	0.2531011	-0.2608355	0.4588692	0.8747077	-0.0168910	0.4812393	0.8645626	-0.2435399	0.3684382	1.1763580	0.1343218	0.3698430	1.1639463	0.0465334	0.5218089	0.9585248	0.1134396	0.4652613	0.9208352	0.1191551	0.4730886	1.1701891	-0.4495173	0.4259540	1.1594894	-0.3761070	0.5983128	0.9435028	-0.3606261	0.5395305	0.9138509	-0.3961583
291	4.8333333	0.4295700	1.4946474	-0.1648700	0.4238000	1.4916074	0.0173500	0.4032100	1.2181074	0.0935400	0.4882800	0.9745774	0.1139300	0.4624600	1.4929974	-0.3442000	0.4662000	1.2251974	-0.4086100	0.5537800	0.9712974	-0.3805400	0.5185600	0.8955674	-0.1264100	0.5088900	0.9030474	-0.0009200	0.4910900	0.4996574	-0.0103600	0.4305400	0.1133774	-0.0197700	0.5393300	0.8908074	-0.2510500	0.4638800	0.4819274	-0.2029100	0.4474400	0.0963774	-0.1645700	0.6257400	0.0628874	-0.1679300	0.6182300	0.0629274	-0.1715700	0.4161400	0.0607974	-0.1532900	0.5823800	0.0611374	0.0006700	0.5756500	0.0635774	0.0040500	0.4040800	0.0791974	-0.0300300	0.5789197	0.9766015	0.0658253	0.6148990	0.9585861	-0.3096201	0.3503974	1.0041684	-0.0731451	0.3644739	0.9975357	-0.2203223	0.4861240	0.4896330	0.0671221	0.5100220	0.4948692	-0.0656685	0.4229751	0.1096448	0.0214812	0.4608711	0.1157206	-0.0628890	0.5703124	0.0769185	-0.0092838	0.5154035	0.0586483	0.0412075	0.3666783	0.0868209	-0.0392522	0.4740237	0.4716867	-0.2751783	0.4720540	0.4914957	-0.1347090	0.4428565	0.0874975	-0.2115300	0.4650872	0.1040953	-0.1193359	0.6062281	0.0713078	-0.1565901	0.3681390	0.0634471	-0.1586129	0.5625984	0.0498842	-0.2170803	0.4182895	1.5339331	0.0157982	0.4545664	1.5322011	-0.3467324	0.3237186	1.5319832	-0.1713172	0.5564098	0.7401607	0.0901054	0.5213560	0.6408891	0.1055611	0.4312938	0.7372217	0.1060925	0.5841916	0.7066778	-0.3160896	0.5388558	0.6111826	-0.3270390	0.4585337	0.7155788	-0.3574586	0.4657615	0.3752914	0.0599975	0.4771690	0.2572395	0.0645630	0.4084314	0.2766040	0.0545674	0.4649874	0.3583465	-0.2611979	0.4924114	0.2380458	-0.2565205	0.4140842	0.2531661	-0.2603911	0.4637208	0.8737816	-0.0163767	0.4853124	0.8632369	-0.2430737	0.3741813	1.1764352	0.1349549	0.3748392	1.1641776	0.0471920	0.5278690	0.9592497	0.1129109	0.4715120	0.9213035	0.1191761	0.4771821	1.1702711	-0.4494815	0.4298911	1.1595354	-0.3759363	0.6030493	0.9441127	-0.3596906	0.5444959	0.9142104	-0.3952862
292	4.8500000	0.4336500	1.4949874	-0.1645100	0.4281000	1.4921074	0.0177200	0.4067600	1.2194074	0.0932000	0.4919400	0.9740674	0.1134000	0.4663400	1.4931874	-0.3438900	0.4698800	1.2258574	-0.4086000	0.5574700	0.9719474	-0.3799200	0.5223700	0.8953274	-0.1260200	0.5122500	0.9030074	-0.0004000	0.4947800	0.4991374	-0.0116400	0.4353100	0.1123874	-0.0208700	0.5435800	0.8903174	-0.2507500	0.4651700	0.4811174	-0.2024500	0.4480200	0.0965174	-0.1652000	0.6254300	0.0618574	-0.1675800	0.6180100	0.0620474	-0.1713200	0.4168600	0.0608474	-0.1538300	0.5884700	0.0609974	0.0006700	0.5817500	0.0633974	0.0040300	0.4081400	0.0781474	-0.0315900	0.5830843	0.9771069	0.0659468	0.6182250	0.9585001	-0.3094134	0.3548971	1.0043526	-0.0725623	0.3686838	0.9974596	-0.2197004	0.4885401	0.4891262	0.0661136	0.5122027	0.4947482	-0.0669189	0.4315672	0.1087562	0.0212559	0.4693909	0.1153750	-0.0631450	0.5798351	0.0774396	-0.0098461	0.5247552	0.0585441	0.0406444	0.3756835	0.0856697	-0.0390657	0.4758528	0.4714001	-0.2749917	0.4741956	0.4911189	-0.1342070	0.4431952	0.0886214	-0.2115381	0.4655360	0.1050380	-0.1192313	0.6065773	0.0719280	-0.1565202	0.3685798	0.0649447	-0.1584441	0.5628883	0.0506401	-0.2169855	0.4228345	1.5358519	0.0159307	0.4576134	1.5337003	-0.3466514	0.3276735	1.5330235	-0.1708831	0.5602380	0.7392463	0.0899083	0.5246596	0.6400777	0.1050899	0.4350096	0.7366943	0.1063139	0.5871025	0.7060049	-0.3162211	0.5412931	0.6106788	-0.3271181	0.4612849	0.7152142	-0.3572347	0.4698518	0.3750531	0.0591781	0.4832286	0.2573249	0.0638598	0.4141990	0.2753587	0.0540819	0.4663729	0.3583824	-0.2610994	0.4932148	0.2383819	-0.2567059	0.4151111	0.2537944	-0.2600847	0.4678507	0.8735524	-0.0158950	0.4889246	0.8626276	-0.2425417	0.3791150	1.1771757	0.1355243	0.3790491	1.1650932	0.0478521	0.5328569	0.9604390	0.1123768	0.4766534	0.9223306	0.1191987	0.4805722	1.1710212	-0.4493994	0.4330597	1.1602455	-0.3757452	0.6069329	0.9452409	-0.3587929	0.5486398	0.9151538	-0.3945096
293	4.8666667	0.4370400	1.4955174	-0.1641100	0.4316400	1.4927574	0.0181800	0.4096800	1.2195874	0.0931200	0.4953300	0.9735574	0.1126300	0.4696000	1.4936074	-0.3435800	0.4730700	1.2266674	-0.4082300	0.5603900	0.9727574	-0.3793800	0.5256600	0.8961574	-0.1256700	0.5154000	0.9039274	0.0000400	0.4984300	0.4992174	-0.0121800	0.4363300	0.1119674	-0.0218600	0.5470300	0.8909874	-0.2504700	0.4671400	0.4810574	-0.2020900	0.4477200	0.0968874	-0.1654100	0.6260400	0.0613374	-0.1669900	0.6187100	0.0615874	-0.1708100	0.4153000	0.0603074	-0.1539600	0.5912500	0.0614174	0.0005500	0.5845100	0.0637474	0.0038900	0.4090300	0.0779174	-0.0330600	0.5864550	0.9786564	0.0660987	0.6211504	0.9594485	-0.3090220	0.3588222	1.0055390	-0.0722613	0.3724682	0.9983832	-0.2193009	0.4904540	0.4897873	0.0652793	0.5140167	0.4957365	-0.0679756	0.4360225	0.1092905	0.0206144	0.4738561	0.1162694	-0.0638622	0.5849343	0.0782136	-0.0107624	0.5295551	0.0591232	0.0397205	0.3802855	0.0865130	-0.0394318	0.4773130	0.4720852	-0.2748981	0.4758480	0.4916245	-0.1338552	0.4429386	0.0904695	-0.2116959	0.4653102	0.1066723	-0.1192561	0.6063211	0.0729619	-0.1564875	0.3683070	0.0672716	-0.1585231	0.5626404	0.0518683	-0.2169821	0.4268316	1.5384809	0.0161639	0.4603085	1.5361237	-0.3464965	0.3312155	1.5349889	-0.1704875	0.5634506	0.7394756	0.0897235	0.5273696	0.6404290	0.1046869	0.4380495	0.7373324	0.1064416	0.5897257	0.7064070	-0.3163430	0.5434398	0.6112244	-0.3272201	0.4637521	0.7159495	-0.3570637	0.4724492	0.3758640	0.0583821	0.4866689	0.2582729	0.0629917	0.4174306	0.2756879	0.0534611	0.4673491	0.3592987	-0.2611207	0.4935784	0.2395472	-0.2569726	0.4156359	0.2552557	-0.2599777	0.4713772	0.8744058	-0.0155782	0.4921722	0.8630964	-0.2420818	0.3833936	1.1787967	0.1359330	0.3826378	1.1669233	0.0483847	0.5370192	0.9623269	0.1117137	0.4809348	0.9241397	0.1190985	0.4834318	1.1727273	-0.4493265	0.4356581	1.1619146	-0.3755932	0.6100786	0.9471672	-0.3580559	0.5520707	0.9169692	-0.3939388
294	4.8833333	0.4401300	1.4960374	-0.1634900	0.4345000	1.4932474	0.0187700	0.4124700	1.2195074	0.0932100	0.4989200	0.9733374	0.1118900	0.4728800	1.4941074	-0.3429100	0.4763200	1.2271474	-0.4073700	0.5627400	0.9731474	-0.3789400	0.5287800	0.8970874	-0.1253100	0.5185200	0.9049574	0.0001800	0.5020500	0.4994974	-0.0119700	0.4359900	0.1120374	-0.0220800	0.5500700	0.8918974	-0.2498900	0.4692000	0.4809474	-0.2017400	0.4475000	0.0978774	-0.1651500	0.6272600	0.0616774	-0.1665000	0.6200100	0.0619174	-0.1703800	0.4132100	0.0605074	-0.1538800	0.5931300	0.0619874	0.0004700	0.5862900	0.0641774	0.0038100	0.4091900	0.0781174	-0.0334600	0.5894275	0.9802379	0.0663012	0.6239908	0.9604876	-0.3084482	0.3625066	1.0067428	-0.0721068	0.3761278	0.9993540	-0.2190012	0.4923873	0.4905390	0.0647906	0.5158783	0.4967577	-0.0687114	0.4377174	0.1102187	0.0199664	0.4755624	0.1174071	-0.0646719	0.5870969	0.0786305	-0.0116889	0.5313577	0.0596608	0.0388494	0.3818589	0.0881083	-0.0399145	0.4788558	0.4728017	-0.2748013	0.4774722	0.4921083	-0.1335214	0.4426013	0.0921041	-0.2118105	0.4649422	0.1080800	-0.1191981	0.6060522	0.0736999	-0.1563385	0.3678186	0.0694091	-0.1586088	0.5624049	0.0528081	-0.2169315	0.4305995	1.5407589	0.0166178	0.4630154	1.5384015	-0.3461724	0.3346854	1.5368321	-0.1700032	0.5665320	0.7398532	0.0896410	0.5300020	0.6409169	0.1044845	0.4409069	0.7381123	0.1066314	0.5924291	0.7069540	-0.3163760	0.5456924	0.6118771	-0.3272646	0.4662964	0.7168054	-0.3568918	0.4743203	0.3767001	0.0578467	0.4885434	0.2591340	0.0622666	0.4191401	0.2764875	0.0530393	0.4683811	0.3601562	-0.2611304	0.4939924	0.2405873	-0.2571583	0.4161409	0.2566205	-0.2599314	0.4746693	0.8753523	-0.0153456	0.4953783	0.8636972	-0.2416289	0.3874017	1.1803201	0.1362833	0.3859972	1.1686716	0.0488743	0.5408242	0.9639851	0.1110079	0.4848379	0.9257748	0.1189653	0.4861575	1.1744055	-0.4491153	0.4381251	1.1635680	-0.3753603	0.6128390	0.9488810	-0.3574000	0.5551437	0.9186678	-0.3934652
295	4.9000000	0.4434700	1.4963974	-0.1625800	0.4372500	1.4933374	0.0194700	0.4159800	1.2197274	0.0935400	0.5025500	0.9733274	0.1114900	0.4767000	1.4947874	-0.3416900	0.4798300	1.2271074	-0.4062700	0.5650500	0.9727474	-0.3783800	0.5316600	0.8967374	-0.1250200	0.5213300	0.9047174	0.0001000	0.5056200	0.4994274	-0.0113500	0.4360600	0.1117274	-0.0214600	0.5529400	0.8915474	-0.2492300	0.4704000	0.4808374	-0.2015200	0.4481300	0.0987774	-0.1645700	0.6292700	0.0627974	-0.1656900	0.6220200	0.0630174	-0.1696100	0.4129800	0.0609674	-0.1535300	0.5949300	0.0619974	0.0007000	0.5880600	0.0640774	0.0040600	0.4091600	0.0778174	-0.0329600	0.5919854	0.9803938	0.0664657	0.6266980	0.9602733	-0.3078376	0.3658745	1.0066617	-0.0720857	0.3795764	0.9991154	-0.2188122	0.4944327	0.4900535	0.0646226	0.5178308	0.4964734	-0.0691877	0.4377527	0.1102348	0.0195591	0.4755679	0.1175168	-0.0653381	0.5874919	0.0777759	-0.0123930	0.5314088	0.0591139	0.0382957	0.3815766	0.0889611	-0.0402349	0.4804442	0.4722640	-0.2747253	0.4790342	0.4913454	-0.1332141	0.4425115	0.0923502	-0.2117783	0.4647751	0.1081230	-0.1189633	0.6061501	0.0733115	-0.1560241	0.3674869	0.0700434	-0.1585568	0.5625408	0.0525189	-0.2167611	0.4340867	1.5413953	0.0172276	0.4657463	1.5391869	-0.3457159	0.3380544	1.5372301	-0.1694448	0.5695007	0.7390536	0.0896417	0.5326123	0.6402152	0.1044690	0.4435974	0.7376521	0.1068762	0.5951122	0.7063312	-0.3163567	0.5479749	0.6113221	-0.3272860	0.4688457	0.7164185	-0.3567924	0.4758358	0.3762881	0.0576092	0.4895374	0.2587172	0.0618143	0.4200029	0.2763739	0.0529464	0.4695248	0.3597123	-0.2611109	0.4946224	0.2402884	-0.2572119	0.4167936	0.2566542	-0.2598865	0.4776484	0.8749910	-0.0152381	0.4984461	0.8630996	-0.2412589	0.3911855	1.1804999	0.1366106	0.3891462	1.1690600	0.0493250	0.5443573	0.9641927	0.1102648	0.4884367	0.9260021	0.1188059	0.4888064	1.1747611	-0.4487800	0.4405369	1.1639142	-0.3750860	0.6152743	0.9490914	-0.3568308	0.5579201	0.9189546	-0.3930717
296	4.9166667	0.4471800	1.4964574	-0.1616000	0.4406100	1.4930574	0.0201900	0.4204000	1.2200374	0.0942300	0.5058200	0.9733074	0.1113400	0.4806500	1.4951874	-0.3404000	0.4833100	1.2268774	-0.4053400	0.5674000	0.9721174	-0.3775800	0.5342600	0.8962474	-0.1249200	0.5239400	0.9038074	-0.0000400	0.5085700	0.4989074	-0.0106500	0.4357300	0.1114674	-0.0206300	0.5555500	0.8914374	-0.2488800	0.4712800	0.4802374	-0.2015400	0.4485200	0.0987774	-0.1641400	0.6309500	0.0636174	-0.1648200	0.6236300	0.0638074	-0.1687800	0.4135200	0.0616074	-0.1530800	0.5958400	0.0611074	0.0011100	0.5891100	0.0632074	0.0044800	0.4076900	0.0770774	-0.0322700	0.5941846	0.9802367	0.0664814	0.6292259	0.9599580	-0.3073507	0.3688812	1.0064762	-0.0722581	0.3827330	0.9988566	-0.2188102	0.4965026	0.4894842	0.0646120	0.5197821	0.4960199	-0.0695526	0.4367006	0.1103987	0.0194000	0.4744420	0.1176688	-0.0658298	0.5867863	0.0768186	-0.0128638	0.5303908	0.0586210	0.0380551	0.3800416	0.0900424	-0.0403430	0.4819528	0.4716449	-0.2747453	0.4804212	0.4905323	-0.1330495	0.4427021	0.0924581	-0.2117016	0.4648481	0.1080668	-0.1187026	0.6066502	0.0730342	-0.1556991	0.3673800	0.0704208	-0.1584668	0.5630731	0.0522414	-0.2165747	0.4373371	1.5416035	0.0178487	0.4684528	1.5396936	-0.3452515	0.3412984	1.5373962	-0.1689114	0.5722901	0.7382344	0.0895829	0.5351275	0.6394802	0.1044883	0.4460831	0.7370976	0.1070560	0.5976426	0.7056586	-0.3164135	0.5501563	0.6106969	-0.3273837	0.4712906	0.7159445	-0.3568361	0.4770808	0.3758045	0.0575538	0.4899251	0.2582308	0.0615692	0.4203026	0.2763986	0.0530975	0.4706935	0.3591791	-0.2611428	0.4954192	0.2398913	-0.2572428	0.4175651	0.2565639	-0.2598970	0.4802843	0.8744565	-0.0153517	0.5012814	0.8624607	-0.2410965	0.3948319	1.1805177	0.1368537	0.3921545	1.1692633	0.0496661	0.5476745	0.9641019	0.1094097	0.4917699	0.9259913	0.1185439	0.4913898	1.1749653	-0.4484117	0.4429094	1.1641191	-0.3748561	0.6174036	0.9489848	-0.3564059	0.5604045	0.9189996	-0.3928033
297	4.9333333	0.4508500	1.4963474	-0.1607200	0.4445500	1.4926074	0.0209100	0.4246500	1.2201574	0.0950400	0.5087700	0.9730474	0.1111900	0.4840000	1.4953774	-0.3394100	0.4864600	1.2268174	-0.4045600	0.5694100	0.9720374	-0.3768400	0.5370300	0.8963874	-0.1249200	0.5268000	0.9036074	-0.0002600	0.5103000	0.4981674	-0.0099000	0.4347100	0.1110074	-0.0198900	0.5582200	0.8918774	-0.2486600	0.4727800	0.4794574	-0.2017300	0.4484100	0.0978674	-0.1640100	0.6309000	0.0633574	-0.1648500	0.6234600	0.0635374	-0.1688200	0.4148400	0.0610974	-0.1526300	0.5950900	0.0604074	0.0013100	0.5885600	0.0626574	0.0046600	0.4056200	0.0761574	-0.0314900	0.5965643	0.9805910	0.0664273	0.6319247	0.9603005	-0.3069596	0.3719936	1.0069078	-0.0724545	0.3859898	0.9992713	-0.2188451	0.4986909	0.4895101	0.0647678	0.5217873	0.4960815	-0.0697467	0.4351918	0.1112824	0.0195296	0.4727908	0.1184447	-0.0660609	0.5855481	0.0764095	-0.0131059	0.5289153	0.0587805	0.0380987	0.3779273	0.0918656	-0.0401331	0.4836466	0.4716604	-0.2747859	0.4819935	0.4903656	-0.1329645	0.4433168	0.0930749	-0.2116539	0.4653765	0.1085391	-0.1185156	0.6075391	0.0733572	-0.1555674	0.3677343	0.0712442	-0.1583536	0.5639798	0.0525358	-0.2165146	0.4408420	1.5421713	0.0185206	0.4714116	1.5407062	-0.3447192	0.3448090	1.5380801	-0.1682915	0.5752231	0.7380242	0.0894880	0.5377890	0.6393633	0.1045488	0.4487704	0.7372122	0.1072298	0.6003379	0.7056050	-0.3165335	0.5525118	0.6106953	-0.3275160	0.4739037	0.7161446	-0.3569134	0.4782868	0.3759486	0.0576949	0.4900902	0.2583697	0.0615393	0.4204389	0.2771574	0.0535076	0.4721045	0.3592721	-0.2611985	0.4965492	0.2400951	-0.2573055	0.4186440	0.2570315	-0.2599278	0.4830860	0.8745263	-0.0155625	0.5042772	0.8625171	-0.2410466	0.3987399	1.1811263	0.1370806	0.3954378	1.1700383	0.0499856	0.5511288	0.9644423	0.1085354	0.4951973	0.9264775	0.1182605	0.4941872	1.1757767	-0.4479548	0.4455337	1.1649336	-0.3745810	0.6195548	0.9493370	-0.3560397	0.5629057	0.9195712	-0.3925635
298	4.9500000	0.4539900	1.4962774	-0.1598800	0.4482200	1.4923874	0.0216600	0.4281900	1.2200474	0.0957800	0.5119400	0.9724874	0.1110200	0.4866200	1.4954474	-0.3385700	0.4893300	1.2270374	-0.4036700	0.5708800	0.9722874	-0.3766300	0.5396900	0.8968374	-0.1250900	0.5296300	0.9035774	-0.0006500	0.5115100	0.4976474	-0.0090600	0.4342400	0.1106174	-0.0193000	0.5606600	0.8928074	-0.2486200	0.4749100	0.4792574	-0.2017800	0.4486200	0.0974374	-0.1638400	0.6297100	0.0627574	-0.1656100	0.6222100	0.0629174	-0.1695700	0.4157500	0.0613174	-0.1521300	0.5943500	0.0604974	0.0012400	0.5878800	0.0628374	0.0045700	0.4050200	0.0756474	-0.0307400	0.5988878	0.9811501	0.0662188	0.6344638	0.9610021	-0.3067516	0.3749723	1.0075978	-0.0727090	0.3890714	1.0000035	-0.2189539	0.5006226	0.4897342	0.0649837	0.5234721	0.4962742	-0.0698698	0.4334843	0.1124309	0.0198318	0.4708762	0.1194201	-0.0661178	0.5839773	0.0763172	-0.0132482	0.5272262	0.0592563	0.0382825	0.3755832	0.0938708	-0.0397216	0.4852745	0.4719763	-0.2749455	0.4835552	0.4905089	-0.1330093	0.4438809	0.0938593	-0.2117721	0.4659233	0.1091829	-0.1185257	0.6081661	0.0738063	-0.1558356	0.3681380	0.0722544	-0.1583207	0.5646140	0.0529956	-0.2167832	0.4443298	1.5428263	0.0191567	0.4742469	1.5419030	-0.3441655	0.3482897	1.5389401	-0.1676336	0.5779902	0.7380326	0.0892872	0.5402618	0.6394698	0.1045654	0.4513639	0.7376384	0.1073193	0.6028968	0.7058439	-0.3168276	0.5547468	0.6109910	-0.3277954	0.4763560	0.7166905	-0.3571250	0.4792372	0.3763412	0.0579248	0.4900058	0.2587738	0.0616351	0.4203844	0.2781815	0.0540411	0.4734262	0.3596481	-0.2613798	0.4975941	0.2405355	-0.2575315	0.4196535	0.2577392	-0.2600848	0.4858045	0.8748684	-0.0159305	0.5071285	0.8629408	-0.2411713	0.4026083	1.1819781	0.1372263	0.3987105	1.1710367	0.0502187	0.5544555	0.9649182	0.1076004	0.4984806	0.9271430	0.1179177	0.4968273	1.1768703	-0.4474903	0.4480686	1.1660323	-0.3743234	0.6214015	0.9498437	-0.3558394	0.5650848	0.9203654	-0.3924445
299	4.9666667	0.4566300	1.4962674	-0.1589700	0.4511900	1.4921974	0.0225300	0.4314700	1.2197674	0.0967200	0.5152900	0.9719474	0.1109000	0.4889400	1.4956074	-0.3377000	0.4921300	1.2276874	-0.4027700	0.5722200	0.9721474	-0.3768900	0.5421300	0.8964074	-0.1252800	0.5320200	0.9028574	-0.0008700	0.5130900	0.4976374	-0.0084700	0.4347900	0.1110574	-0.0190500	0.5631700	0.8923274	-0.2487400	0.4770000	0.4796274	-0.2013400	0.4494100	0.0977374	-0.1634200	0.6290100	0.0627274	-0.1660700	0.6214800	0.0628574	-0.1700400	0.4161000	0.0613874	-0.1515700	0.5954100	0.0615274	0.0010500	0.5888400	0.0637074	0.0043800	0.4053100	0.0759174	-0.0306300	0.6010313	0.9807350	0.0660141	0.6367767	0.9608817	-0.3066037	0.3777192	1.0073480	-0.0728879	0.3919044	0.9998547	-0.2190157	0.5023655	0.4890678	0.0653602	0.5249161	0.4955521	-0.0698296	0.4320917	0.1127929	0.0202755	0.4692216	0.1196012	-0.0660191	0.5826787	0.0757338	-0.0133041	0.5259231	0.0591209	0.0385800	0.3735576	0.0949180	-0.0391822	0.4867736	0.4714657	-0.2750363	0.4850389	0.4898793	-0.1329474	0.4443146	0.0937507	-0.2118342	0.4663988	0.1089644	-0.1184845	0.6084778	0.0734338	-0.1562118	0.3684978	0.0723580	-0.1581754	0.5649177	0.0526362	-0.2171285	0.4475776	1.5424965	0.0198718	0.4768805	1.5421734	-0.3434907	0.3515713	1.5388550	-0.1668558	0.5805325	0.7371512	0.0891388	0.5425341	0.6386873	0.1046809	0.4537879	0.7371693	0.1074782	0.6052492	0.7052223	-0.3171329	0.5567918	0.6104337	-0.3280568	0.4785639	0.7163702	-0.3573473	0.4801246	0.3758995	0.0583103	0.4900081	0.2583982	0.0619016	0.4204441	0.2783603	0.0547109	0.4745903	0.3591861	-0.2614838	0.4984772	0.2400922	-0.2577046	0.4205161	0.2575956	-0.2601653	0.4883074	0.8742891	-0.0162907	0.5097380	0.8625363	-0.2413284	0.4063090	1.1819498	0.1374810	0.4018266	1.1711295	0.0505304	0.5575986	0.9644602	0.1067831	0.5015739	0.9268831	0.1176977	0.4992032	1.1771370	-0.4469211	0.4504270	1.1662949	-0.3739789	0.6228991	0.9494124	-0.3557119	0.5668846	0.9202783	-0.3923463
300	4.9833333	0.4590700	1.4961774	-0.1579900	0.4539200	1.4917974	0.0235700	0.4347300	1.2192274	0.0980000	0.5183300	0.9713474	0.1108700	0.4911200	1.4958274	-0.3368100	0.4949000	1.2284674	-0.4020200	0.5739600	0.9715674	-0.3772400	0.5450700	0.8956374	-0.1251200	0.5346700	0.9018774	-0.0005000	0.5147800	0.4977474	-0.0083100	0.4354700	0.1116074	-0.0191300	0.5663900	0.8917774	-0.2487600	0.4785700	0.4801874	-0.2007500	0.4498200	0.0985574	-0.1631000	0.6284200	0.0627074	-0.1660700	0.6209500	0.0628774	-0.1700800	0.4152600	0.0616074	-0.1513100	0.5980500	0.0627874	0.0009900	0.5912500	0.0646874	0.0043600	0.4052500	0.0758174	-0.0311700	0.6037255	0.9798951	0.0662343	0.6396215	0.9604814	-0.3061901	0.3809133	1.0066944	-0.0726284	0.3951778	0.9993561	-0.2186993	0.5046117	0.4881173	0.0661023	0.5268519	0.4945498	-0.0694206	0.4317633	0.1129293	0.0209756	0.4686111	0.1195827	-0.0656473	0.5826054	0.0752671	-0.0131085	0.5258799	0.0589404	0.0391346	0.3725552	0.0955432	-0.0384378	0.4887061	0.4707279	-0.2747049	0.4869813	0.4890616	-0.1324602	0.4450631	0.0934037	-0.2115499	0.4672276	0.1085202	-0.1181263	0.6090656	0.0728004	-0.1563363	0.3691813	0.0722159	-0.1576926	0.5654605	0.0520365	-0.2171916	0.4510861	1.5418035	0.0209687	0.4798611	1.5420870	-0.3424776	0.3551334	1.5383930	-0.1657080	0.5835582	0.7359576	0.0893676	0.5453005	0.6375959	0.1051768	0.4567081	0.7363370	0.1080440	0.6080386	0.7042874	-0.3171100	0.5592629	0.6095940	-0.3279489	0.4812135	0.7157591	-0.3572086	0.4816626	0.3752185	0.0590366	0.4908345	0.2578420	0.0625032	0.4213186	0.2782472	0.0556557	0.4761359	0.3584963	-0.2611745	0.4997082	0.2393819	-0.2575027	0.4217282	0.2572430	-0.2598428	0.4912941	0.8733285	-0.0162477	0.5128199	0.8618391	-0.2411790	0.4103963	1.1815923	0.1381279	0.4053558	1.1708807	0.0512273	0.5611160	0.9636392	0.1063952	0.5050562	0.9262514	0.1178952	0.5019167	1.1771538	-0.4459595	0.4532193	1.1662775	-0.3732443	0.6247065	0.9486219	-0.3553863	0.5689484	0.9198795	-0.3919850
301	5.0000000	0.4613500	1.4960674	-0.1569400	0.4566600	1.4913674	0.0247000	0.4377700	1.2184474	0.0992800	0.5209000	0.9706174	0.1110200	0.4929900	1.4960074	-0.3359300	0.4974400	1.2287674	-0.4012900	0.5758200	0.9712274	-0.3776100	0.5486100	0.8957374	-0.1247600	0.5379500	0.9018974	0.0000800	0.5156400	0.4975474	-0.0084400	0.4352300	0.1121874	-0.0196400	0.5701200	0.8923674	-0.2486200	0.4798300	0.4806774	-0.2005100	0.4500800	0.0996674	-0.1632000	0.6268000	0.0619274	-0.1660600	0.6195300	0.0622874	-0.1701000	0.4150700	0.0627174	-0.1514600	0.5999300	0.0635574	0.0010900	0.5928900	0.0652574	0.0045100	0.4042800	0.0763574	-0.0323600	0.6070378	0.9798734	0.0667419	0.6430686	0.9610200	-0.3056486	0.3846516	1.0068096	-0.0720786	0.3989883	0.9996687	-0.2181519	0.5070747	0.4880311	0.0668897	0.5291070	0.4944441	-0.0689282	0.4320502	0.1139124	0.0215839	0.4686956	0.1204503	-0.0653093	0.5833661	0.0757811	-0.0129127	0.5266117	0.0596557	0.0396456	0.3721423	0.0969386	-0.0378489	0.4909988	0.4709274	-0.2742183	0.4893310	0.4891737	-0.1318256	0.4459940	0.0940169	-0.2112347	0.4682952	0.1090115	-0.1177577	0.6097700	0.0728640	-0.1564679	0.3700634	0.0731287	-0.1571767	0.5660910	0.0522377	-0.2172382	0.4548383	1.5419120	0.0222765	0.4830882	1.5428020	-0.3412969	0.3589280	1.5386801	-0.1643389	0.5869895	0.7355303	0.0898060	0.5483815	0.6372999	0.1058137	0.4600194	0.7363258	0.1087599	0.6113057	0.7042123	-0.3169688	0.5621526	0.6096514	-0.3277027	0.4843353	0.7160847	-0.3569012	0.4835111	0.3754438	0.0597765	0.4920860	0.2582288	0.0631212	0.4225982	0.2789416	0.0565000	0.4779811	0.3587679	-0.2607530	0.5011933	0.2396152	-0.2572454	0.4231746	0.2578679	-0.2594098	0.4948779	0.8731933	-0.0159583	0.5164880	0.8620398	-0.2408776	0.4148195	1.1820325	0.1389235	0.4092785	1.1714320	0.0521129	0.5649139	0.9635811	0.1062394	0.5088397	0.9263863	0.1182987	0.5049222	1.1780485	-0.4447989	0.4564005	1.1671129	-0.3722920	0.6268071	0.9486173	-0.3550810	0.5712545	0.9203127	-0.3915644
302	5.0166667	0.4634000	1.4960474	-0.1558500	0.4590600	1.4913374	0.0258400	0.4403300	1.2177474	0.1003300	0.5232800	0.9699174	0.1114100	0.4947300	1.4960374	-0.3349600	0.4994100	1.2284074	-0.4004500	0.5771100	0.9711774	-0.3780900	0.5513000	0.8972674	-0.1247000	0.5408800	0.9029874	0.0002600	0.5155600	0.4971274	-0.0088900	0.4350900	0.1128974	-0.0202900	0.5726700	0.8940174	-0.2486900	0.4812500	0.4807474	-0.2004100	0.4508600	0.1008674	-0.1635200	0.6253500	0.0613974	-0.1659700	0.6182400	0.0619974	-0.1700000	0.4160800	0.0650174	-0.1518900	0.5994800	0.0635174	0.0013200	0.5923600	0.0652274	0.0047300	0.4044100	0.0771074	-0.0332100	0.6094743	0.9812640	0.0670163	0.6456735	0.9630347	-0.3053903	0.3875298	1.0082115	-0.0718058	0.4019500	1.0012893	-0.2178991	0.5081806	0.4892563	0.0671353	0.5301890	0.4956641	-0.0689335	0.4315230	0.1160317	0.0216672	0.4681185	0.1224747	-0.0654078	0.5832975	0.0774698	-0.0130436	0.5264642	0.0615087	0.0397342	0.3710693	0.0994135	-0.0378483	0.4924168	0.4725279	-0.2741048	0.4908086	0.4906566	-0.1315449	0.4460575	0.0960189	-0.2113654	0.4685105	0.1108651	-0.1178235	0.6094110	0.0740332	-0.1570057	0.3701364	0.0755480	-0.1570992	0.5657007	0.0536872	-0.2176984	0.4575496	1.5433045	0.0233036	0.4852754	1.5447669	-0.3403789	0.3616908	1.5402237	-0.1632432	0.5892790	0.7363660	0.0899679	0.5502073	0.6382848	0.1060557	0.4621702	0.7376892	0.1090254	0.6137303	0.7055620	-0.3171506	0.5641868	0.6111328	-0.3278023	0.4866013	0.7178623	-0.3569645	0.4841112	0.3769949	0.0599835	0.4922238	0.2599388	0.0632876	0.4227814	0.2808007	0.0567038	0.4789400	0.3604616	-0.2607352	0.5017955	0.2412753	-0.2574177	0.4237367	0.2598951	-0.2593914	0.4976055	0.8744559	-0.0159740	0.5193185	0.8636761	-0.2409090	0.4182747	1.1837017	0.1393927	0.4122899	1.1732099	0.0527096	0.5676996	0.9647377	0.1058452	0.5116075	0.9277669	0.1184531	0.5069207	1.1802352	-0.4438871	0.4586673	1.1692507	-0.3715744	0.6278622	0.9498478	-0.3552557	0.5724827	0.9220267	-0.3915520
303	5.0333333	0.4654200	1.4962474	-0.1546100	0.4611900	1.4916474	0.0271200	0.4422400	1.2173674	0.1012500	0.5255300	0.9695974	0.1120100	0.4966500	1.4960874	-0.3338100	0.5006500	1.2283574	-0.3995500	0.5776100	0.9709274	-0.3784400	0.5524400	0.8983874	-0.1248600	0.5428800	0.9038174	0.0001900	0.5155000	0.4971874	-0.0097500	0.4363500	0.1132874	-0.0206300	0.5729300	0.8955974	-0.2490300	0.4826900	0.4810674	-0.2002900	0.4518800	0.1010874	-0.1637000	0.6261700	0.0621774	-0.1656600	0.6190000	0.0627774	-0.1696600	0.4172800	0.0653674	-0.1524500	0.5972900	0.0628874	0.0016600	0.5902700	0.0647374	0.0049900	0.4055700	0.0781074	-0.0332400	0.6103713	0.9822211	0.0670852	0.6467279	0.9646652	-0.3053313	0.3888842	1.0090943	-0.0717579	0.4033818	1.0024148	-0.2178689	0.5075930	0.4900017	0.0670104	0.5296529	0.4964133	-0.0692923	0.4300541	0.1174371	0.0214854	0.4666715	0.1238061	-0.0657139	0.5819280	0.0785247	-0.0132845	0.5250940	0.0627137	0.0396266	0.3693388	0.1011093	-0.0381342	0.4925494	0.4736718	-0.2742057	0.4909391	0.4917104	-0.1314067	0.4452380	0.0974609	-0.2117211	0.4677935	0.1121904	-0.1180639	0.6080569	0.0747825	-0.1576089	0.3693652	0.0773612	-0.1572586	0.5643820	0.0547252	-0.2182859	0.4588213	1.5442010	0.0241448	0.4861406	1.5461788	-0.3396037	0.3630431	1.5413076	-0.1623532	0.5899066	0.7367244	0.0899152	0.5503499	0.6387943	0.1060143	0.4626720	0.7386010	0.1089769	0.6147512	0.7065327	-0.3174636	0.5648727	0.6122010	-0.3280814	0.4874452	0.7191893	-0.3573288	0.4831860	0.3780417	0.0598430	0.4910390	0.2611112	0.0631886	0.4216787	0.2820127	0.0565349	0.4787169	0.3616982	-0.2609293	0.5013360	0.2424874	-0.2577871	0.4232414	0.2613648	-0.2596190	0.4987855	0.8752882	-0.0162200	0.5205948	0.8649118	-0.2411661	0.4202763	1.1848200	0.1397271	0.4138606	1.1744090	0.0531483	0.5690652	0.9653524	0.1053542	0.5129220	0.9286307	0.1185097	0.5074785	1.1818922	-0.4431265	0.4595594	1.1708886	-0.3710185	0.6274276	0.9505332	-0.3557203	0.5722085	0.9232246	-0.3918001
304	5.0500000	0.4677200	1.4964774	-0.1531600	0.4637900	1.4919274	0.0286300	0.4435700	1.2173274	0.1021800	0.5274100	0.9697274	0.1126900	0.4986800	1.4962774	-0.3325000	0.5017400	1.2291074	-0.3987800	0.5778100	0.9702674	-0.3783500	0.5526600	0.8989874	-0.1247400	0.5444300	0.9039174	0.0004300	0.5162800	0.4976974	-0.0104600	0.4383000	0.1130874	-0.0205700	0.5719200	0.8965674	-0.2491700	0.4839100	0.4813774	-0.2003200	0.4524000	0.0998774	-0.1638000	0.6287800	0.0632574	-0.1655400	0.6214300	0.0636774	-0.1694900	0.4168500	0.0630974	-0.1532000	0.5949600	0.0619074	0.0019800	0.5881000	0.0639574	0.0051900	0.4072200	0.0781174	-0.0324600	0.6104521	0.9826279	0.0673910	0.6468336	0.9657303	-0.3050023	0.3893322	1.0094224	-0.0714603	0.4038533	1.0029860	-0.2175718	0.5064023	0.4902311	0.0670779	0.5284583	0.4966524	-0.0694528	0.4286957	0.1180278	0.0216019	0.4653050	0.1243433	-0.0657139	0.5801816	0.0788891	-0.0131677	0.5234977	0.0632161	0.0398123	0.3680019	0.1018807	-0.0381020	0.4921109	0.4742622	-0.2739647	0.4904033	0.4922463	-0.1309204	0.4444372	0.0981038	-0.2118142	0.4669973	0.1127730	-0.1180368	0.6068520	0.0751546	-0.1577711	0.3685697	0.0781459	-0.1572406	0.5632451	0.0552724	-0.2184841	0.4595454	1.5445478	0.0252294	0.4865309	1.5469896	-0.3385840	0.3637939	1.5419818	-0.1612762	0.5897360	0.7366532	0.0900757	0.5497857	0.6388410	0.1061775	0.4624295	0.7389819	0.1091767	0.6149651	0.7070242	-0.3173654	0.5648615	0.6127524	-0.3279821	0.4875290	0.7199514	-0.3574050	0.4818370	0.3784976	0.0599203	0.4896274	0.2616288	0.0633417	0.4203912	0.2825108	0.0566171	0.4780932	0.3623449	-0.2607757	0.5006441	0.2431098	-0.2577967	0.4225315	0.2620682	-0.2595702	0.4990682	0.8756209	-0.0161849	0.5208934	0.8656391	-0.2411212	0.4215364	1.1853594	0.1404133	0.4146912	1.1749967	0.0538794	0.5697609	0.9654184	0.1052272	0.5135474	0.9289495	0.1189193	0.5074091	1.1829800	-0.4420520	0.4598588	1.1719751	-0.3701893	0.6262853	0.9506540	-0.3559276	0.5712247	0.9238738	-0.3917937
305	5.0666667	0.4702200	1.4968074	-0.1516300	0.4669000	1.4918874	0.0302000	0.4450000	1.2175874	0.1032000	0.5290600	0.9697574	0.1133900	0.5006200	1.4968974	-0.3311200	0.5034200	1.2301074	-0.3982800	0.5783500	0.9698474	-0.3779400	0.5533400	0.8985174	-0.1240500	0.5460600	0.9032574	0.0012500	0.5175200	0.4979074	-0.0102600	0.4396800	0.1125174	-0.0202600	0.5716600	0.8964974	-0.2487200	0.4847400	0.4810474	-0.2005500	0.4523300	0.0984774	-0.1640900	0.6308700	0.0636674	-0.1656400	0.6234300	0.0639674	-0.1695400	0.4154100	0.0605174	-0.1540500	0.5939900	0.0606974	0.0019700	0.5872600	0.0628974	0.0051200	0.4087900	0.0776074	-0.0318600	0.6111190	0.9819507	0.0682083	0.6473226	0.9656869	-0.3041922	0.3902220	1.0087078	-0.0705561	0.4046844	1.0025119	-0.2166753	0.5061015	0.4893987	0.0677440	0.5280408	0.4958689	-0.0689986	0.4286908	0.1174028	0.0222176	0.4652154	0.1237065	-0.0652290	0.5794340	0.0781221	-0.0126151	0.5230340	0.0625890	0.0404159	0.3681724	0.1013950	-0.0375355	0.4923350	0.4737737	-0.2731872	0.4904973	0.4917121	-0.1299050	0.4446856	0.0974661	-0.2115055	0.4671953	0.1121017	-0.1176120	0.6069269	0.0746585	-0.1573677	0.3687500	0.0774111	-0.1569092	0.5633638	0.0548114	-0.2181675	0.4610922	1.5438793	0.0267966	0.4877297	1.5467440	-0.3370812	0.3652887	1.5417521	-0.1597224	0.5902281	0.7356013	0.0907494	0.5499955	0.6378677	0.1068904	0.4629215	0.7382568	0.1099979	0.6156655	0.7064730	-0.3166613	0.5654083	0.6122431	-0.3273050	0.4881238	0.7196321	-0.3569072	0.4815149	0.3778321	0.0605683	0.4893842	0.2609856	0.0640033	0.4202782	0.2818399	0.0572828	0.4782504	0.3618844	-0.2600983	0.5008405	0.2426200	-0.2572970	0.4227227	0.2615247	-0.2590691	0.4998579	0.8749044	-0.0155348	0.5215772	0.8653032	-0.2404791	0.4233361	1.1849197	0.1416951	0.4160502	1.1745723	0.0551514	0.5710241	0.9645156	0.1056828	0.5147350	0.9282860	0.1198832	0.5080541	1.1830665	-0.4405144	0.4608705	1.1720527	-0.3689275	0.6258310	0.9498050	-0.3556127	0.5709258	0.9235437	-0.3912795
306	5.0833333	0.4723500	1.4970674	-0.1503000	0.4694100	1.4917574	0.0315200	0.4470100	1.2175874	0.1044000	0.5309500	0.9695074	0.1140400	0.5023900	1.4976274	-0.3298500	0.5056900	1.2306774	-0.3978400	0.5793800	0.9699274	-0.3777700	0.5547600	0.8974074	-0.1231800	0.5477200	0.9020774	0.0022500	0.5188000	0.4978374	-0.0092900	0.4397500	0.1122974	-0.0200200	0.5728900	0.8954674	-0.2480000	0.4851600	0.4809774	-0.2008100	0.4522500	0.0978774	-0.1645100	0.6314600	0.0639374	-0.1653600	0.6240500	0.0642074	-0.1692700	0.4147800	0.0594574	-0.1546100	0.5942100	0.0603174	0.0014200	0.5875000	0.0625674	0.0046200	0.4096200	0.0773074	-0.0319800	0.6125775	0.9806345	0.0691757	0.6485037	0.9649806	-0.3032953	0.3918290	1.0074116	-0.0694136	0.4061898	1.0014515	-0.2155607	0.5068485	0.4880150	0.0686175	0.5286405	0.4945780	-0.0682837	0.4297586	0.1162221	0.0227979	0.4661668	0.1225580	-0.0647597	0.5796805	0.0768314	-0.0121797	0.5235897	0.0614241	0.0408869	0.3694357	0.1003725	-0.0369786	0.4933353	0.4726470	-0.2723501	0.4913776	0.4905394	-0.1288612	0.4458004	0.0962048	-0.2112091	0.4682456	0.1108080	-0.1172168	0.6080586	0.0738112	-0.1568538	0.3697373	0.0758965	-0.1566765	0.5645089	0.0538711	-0.2177670	0.4635150	1.5426957	0.0284231	0.4898005	1.5458997	-0.3354976	0.3676408	1.5410088	-0.1580733	0.5915673	0.7340073	0.0915990	0.5511356	0.6363378	0.1077866	0.4643127	0.7368798	0.1110138	0.6170590	0.7053099	-0.3158042	0.5666739	0.6111089	-0.3265051	0.4894529	0.7186717	-0.3562418	0.4822764	0.3765790	0.0613522	0.4902318	0.2597459	0.0647015	0.4212434	0.2806043	0.0580398	0.4792210	0.3607966	-0.2593711	0.5018679	0.2415255	-0.2567440	0.4237563	0.2603272	-0.2585494	0.5014145	0.8735644	-0.0146543	0.5229687	0.8643288	-0.2396445	0.4258474	1.1839748	0.1431587	0.4181266	1.1736174	0.0565743	0.5730255	0.9631429	0.1063142	0.5166816	0.9271208	0.1209949	0.5096030	1.1826407	-0.4389509	0.4627791	1.1715866	-0.3676434	0.6263155	0.9484968	-0.3551808	0.5715569	0.9227190	-0.3906424
307	5.1000000	0.4738500	1.4974974	-0.1493000	0.4707500	1.4918174	0.0324400	0.4493200	1.2172974	0.1057100	0.5332500	0.9689774	0.1145800	0.5040100	1.4982974	-0.3287600	0.5080200	1.2307074	-0.3970900	0.5806000	0.9701674	-0.3780400	0.5567200	0.8962774	-0.1226600	0.5495700	0.9008274	0.0028400	0.5204600	0.4980574	-0.0083300	0.4388600	0.1123674	-0.0199100	0.5749400	0.8946374	-0.2475500	0.4857600	0.4809274	-0.2006400	0.4521300	0.0979074	-0.1648100	0.6310600	0.0644774	-0.1648500	0.6236400	0.0647274	-0.1688300	0.4151500	0.0595974	-0.1547300	0.5945800	0.0607974	0.0008000	0.5878200	0.0629874	0.0041200	0.4087200	0.0776174	-0.0325200	0.6145608	0.9793048	0.0697981	0.6502158	0.9642456	-0.3027953	0.3939704	1.0061412	-0.0685831	0.4082286	1.0004143	-0.2147764	0.5083260	0.4867841	0.0692081	0.5300104	0.4934584	-0.0677864	0.4310639	0.1152956	0.0228597	0.4673669	0.1216776	-0.0647709	0.5803067	0.0757485	-0.0123047	0.5244442	0.0604827	0.0407776	0.3708341	0.0996690	-0.0369256	0.4948012	0.4715450	-0.2719703	0.4927438	0.4893935	-0.1283127	0.4471988	0.0951387	-0.2113348	0.4695807	0.1097009	-0.1172614	0.6095738	0.0732654	-0.1567206	0.3709615	0.0745285	-0.1569113	0.5660280	0.0531557	-0.2177400	0.4663157	1.5416551	0.0296485	0.4923291	1.5451056	-0.3343054	0.3704257	1.5403129	-0.1568013	0.5934633	0.7325148	0.0921307	0.5528897	0.6349223	0.1083692	0.4662941	0.7355176	0.1116736	0.6189189	0.7041613	-0.3153399	0.5683959	0.6099894	-0.3261139	0.4912965	0.7177020	-0.3559388	0.4836734	0.3754562	0.0617851	0.4915629	0.2586401	0.0649551	0.4226715	0.2795932	0.0583883	0.4806288	0.3597629	-0.2590965	0.5032745	0.2405195	-0.2566149	0.4251649	0.2592514	-0.2584632	0.5035146	0.8722137	-0.0140966	0.5249081	0.8633337	-0.2391641	0.4287669	1.1831059	0.1442830	0.4206416	1.1727185	0.0576705	0.5754988	0.9619080	0.1066392	0.5191373	0.9260472	0.1217792	0.5117039	1.1823100	-0.4378101	0.4652472	1.1711795	-0.3667667	0.6274402	0.9473165	-0.3551285	0.5728012	0.9219816	-0.3903533
308	5.1166667	0.4751500	1.4977274	-0.1484400	0.4718000	1.4919874	0.0332100	0.4517100	1.2169874	0.1069300	0.5355500	0.9687174	0.1150100	0.5055200	1.4986074	-0.3277700	0.5096400	1.2306674	-0.3961900	0.5817600	0.9703874	-0.3783300	0.5591500	0.8964474	-0.1223700	0.5520900	0.9005674	0.0031500	0.5222200	0.4983674	-0.0079800	0.4377900	0.1125974	-0.0199200	0.5772900	0.8952574	-0.2473000	0.4865400	0.4809574	-0.2000300	0.4517100	0.0980474	-0.1649100	0.6303200	0.0647574	-0.1649100	0.6228400	0.0649874	-0.1689200	0.4153100	0.0599774	-0.1546700	0.5943100	0.0612474	0.0005800	0.5875100	0.0634374	0.0039600	0.4072000	0.0774674	-0.0326500	0.6170221	0.9792864	0.0702091	0.6523709	0.9647841	-0.3025235	0.3965808	1.0061439	-0.0679780	0.4107214	1.0006344	-0.2142230	0.5102627	0.4869491	0.0695746	0.5318819	0.4937109	-0.0674602	0.4321683	0.1157692	0.0226542	0.4683872	0.1221699	-0.0650176	0.5809245	0.0759585	-0.0126834	0.5251760	0.0608776	0.0403852	0.3718882	0.1004042	-0.0371231	0.4965092	0.4717667	-0.2718663	0.4943772	0.4895499	-0.1281087	0.4484620	0.0955067	-0.2117277	0.4707940	0.1100001	-0.1176162	0.6109730	0.0739950	-0.1569400	0.3720175	0.0746555	-0.1574197	0.5674266	0.0537421	-0.2180106	0.4692285	1.5419795	0.0306196	0.4950153	1.5456019	-0.3333863	0.3733508	1.5408558	-0.1557888	0.5957860	0.7323826	0.0924276	0.5550715	0.6348842	0.1087103	0.4687291	0.7355136	0.1120646	0.6211015	0.7042964	-0.3151526	0.5704025	0.6101716	-0.3259843	0.4935185	0.7180569	-0.3558311	0.4853790	0.3757004	0.0619852	0.4930027	0.2588806	0.0649444	0.4241865	0.2800086	0.0584843	0.4821938	0.3600600	-0.2591038	0.5047252	0.2408525	-0.2567641	0.4266121	0.2595819	-0.2586320	0.5060995	0.8721772	-0.0137689	0.5273102	0.8636291	-0.2389232	0.4319407	1.1834987	0.1451262	0.4234616	1.1730787	0.0585555	0.5782760	0.9619983	0.1067620	0.5219452	0.9262566	0.1223419	0.5140594	1.1832631	-0.4368891	0.4679936	1.1720401	-0.3660770	0.6289162	0.9474306	-0.3553241	0.5743480	0.9225141	-0.3902687
309	5.1333333	0.4766600	1.4977774	-0.1473700	0.4736100	1.4920074	0.0342800	0.4542200	1.2166874	0.1080700	0.5375700	0.9686074	0.1154900	0.5067600	1.4987174	-0.3267800	0.5102800	1.2302074	-0.3957800	0.5827800	0.9705174	-0.3781500	0.5618900	0.8977274	-0.1217500	0.5551900	0.9015274	0.0038200	0.5229400	0.4978274	-0.0081900	0.4370100	0.1127374	-0.0201400	0.5797300	0.8967974	-0.2467700	0.4874900	0.4808774	-0.1992700	0.4511900	0.0979774	-0.1648700	0.6296800	0.0646374	-0.1653200	0.6221600	0.0648774	-0.1693200	0.4149700	0.0601174	-0.1546600	0.5932700	0.0616874	0.0005100	0.5865100	0.0639074	0.0038700	0.4056900	0.0772274	-0.0326900	0.6198419	0.9804070	0.0709586	0.6547525	0.9664066	-0.3019208	0.3995012	1.0071733	-0.0670252	0.4134732	1.0018555	-0.2133256	0.5121592	0.4881093	0.0701681	0.5337139	0.4949427	-0.0668861	0.4328266	0.1171678	0.0227232	0.4689736	0.1235586	-0.0649735	0.5812103	0.0770452	-0.0127757	0.5255097	0.0621634	0.0402627	0.3723932	0.1020535	-0.0370333	0.4982000	0.4730296	-0.2714725	0.4960413	0.4907126	-0.1276263	0.4493122	0.0969045	-0.2118876	0.4716408	0.1112965	-0.1177465	0.6118967	0.0754673	-0.1570254	0.3726629	0.0759382	-0.1576562	0.5683412	0.0551566	-0.2181159	0.4720963	1.5433457	0.0318773	0.4975880	1.5471190	-0.3321903	0.3761958	1.5423413	-0.1544674	0.5983100	0.7332248	0.0930121	0.5573573	0.6358351	0.1093088	0.4713834	0.7366264	0.1127365	0.6234415	0.7054445	-0.3147040	0.5724886	0.6113857	-0.3255783	0.4958750	0.7195266	-0.3553914	0.4869360	0.3769297	0.0624286	0.4941873	0.2600731	0.0651859	0.4254145	0.2814046	0.0588236	0.4836328	0.3613844	-0.2588488	0.5059424	0.2421856	-0.2566900	0.4278042	0.2609781	-0.2585318	0.5090405	0.8732614	-0.0131113	0.5299879	0.8650117	-0.2383561	0.4352135	1.1848709	0.1461773	0.4264034	1.1744288	0.0597380	0.5811104	0.9630906	0.1071394	0.5248347	0.9274536	0.1231440	0.5163129	1.1851683	-0.4357054	0.4706632	1.1738628	-0.3650602	0.6304100	0.9485276	-0.3552580	0.5758595	0.9240086	-0.3898928
310	5.1500000	0.4783700	1.4976574	-0.1460700	0.4761500	1.4916974	0.0357300	0.4565500	1.2158374	0.1093000	0.5391800	0.9683974	0.1161400	0.5077400	1.4987774	-0.3257700	0.5107200	1.2290874	-0.3959400	0.5836900	0.9705274	-0.3775500	0.5640400	0.8988574	-0.1208200	0.5577000	0.9027774	0.0048100	0.5222100	0.4964474	-0.0085200	0.4364400	0.1126274	-0.0205200	0.5815200	0.8978674	-0.2459600	0.4884800	0.4810074	-0.1987500	0.4505400	0.0978874	-0.1648100	0.6294200	0.0644474	-0.1653100	0.6219400	0.0647274	-0.1693100	0.4141700	0.0603174	-0.1547200	0.5925200	0.0615574	0.0003700	0.5857900	0.0638574	0.0037000	0.4049000	0.0766074	-0.0328400	0.6221339	0.9814008	0.0720293	0.6564849	0.9678459	-0.3010201	0.4018295	1.0080042	-0.0657322	0.4155871	1.0028523	-0.2120983	0.5130150	0.4888882	0.0708938	0.5344966	0.4958005	-0.0662229	0.4325167	0.1180905	0.0230010	0.4686144	0.1244728	-0.0647409	0.5806065	0.0777655	-0.0126514	0.5249364	0.0629994	0.0403759	0.3719139	0.1031369	-0.0367701	0.4991300	0.4740481	-0.2708260	0.4969840	0.4915952	-0.1268425	0.4491525	0.0979808	-0.2118239	0.4715251	0.1122449	-0.1176239	0.6117164	0.0764076	-0.1569325	0.3723198	0.0769896	-0.1576302	0.5681499	0.0561069	-0.2180529	0.4742435	1.5444332	0.0333926	0.4992673	1.5483479	-0.3307549	0.3782227	1.5435091	-0.1528499	0.6001553	0.7336966	0.0938874	0.5588237	0.6364140	0.1101421	0.4733054	0.7375516	0.1136909	0.6251293	0.7063694	-0.3140062	0.5738740	0.6123769	-0.3249309	0.4975151	0.7208377	-0.3546938	0.4874482	0.3777878	0.0630295	0.4943798	0.2608776	0.0656359	0.4256060	0.2823615	0.0593194	0.4842286	0.3624390	-0.2583550	0.5062548	0.2432094	-0.2564083	0.4280664	0.2621164	-0.2581993	0.5114251	0.8742101	-0.0121360	0.5320366	0.8662257	-0.2374851	0.4378369	1.1859553	0.1474406	0.4286826	1.1754972	0.0611706	0.5832038	0.9639006	0.1077096	0.5269674	0.9283827	0.1241312	0.5177130	1.1867266	-0.4343784	0.4724907	1.1753554	-0.3638354	0.6311654	0.9493765	-0.3549569	0.5766171	0.9252151	-0.3892839
311	5.1666667	0.4800600	1.4974674	-0.1447900	0.4785200	1.4913174	0.0371600	0.4579300	1.2149874	0.1105700	0.5404700	0.9678474	0.1169000	0.5088200	1.4987074	-0.3247800	0.5116000	1.2283274	-0.3960300	0.5846700	0.9703974	-0.3769400	0.5648400	0.8990674	-0.1202500	0.5586000	0.9031174	0.0054600	0.5211700	0.4951174	-0.0085600	0.4361700	0.1122474	-0.0204200	0.5822400	0.8977974	-0.2454700	0.4895600	0.4814174	-0.1985600	0.4499700	0.0978974	-0.1646900	0.6292900	0.0642474	-0.1649900	0.6219000	0.0645774	-0.1690000	0.4133500	0.0601774	-0.1545100	0.5924200	0.0610074	0.0001000	0.5857300	0.0633574	0.0034600	0.4047500	0.0766274	-0.0328100	0.6231197	0.9814690	0.0727582	0.6568900	0.9683336	-0.3005010	0.4028096	1.0079443	-0.0647754	0.4163477	1.0029490	-0.2112253	0.5123868	0.4885910	0.0711935	0.5337844	0.4956038	-0.0660696	0.4311320	0.1178959	0.0229755	0.4671979	0.1242986	-0.0648602	0.5790026	0.0775513	-0.0128561	0.5233776	0.0627948	0.0402180	0.3703972	0.1029995	-0.0368560	0.4988642	0.4741074	-0.2705805	0.4967397	0.4915190	-0.1263747	0.4478087	0.0980336	-0.2120361	0.4702423	0.1121713	-0.1177197	0.6102700	0.0763102	-0.1571023	0.3708218	0.0770319	-0.1578419	0.5667005	0.0560289	-0.2182864	0.4752153	1.5444849	0.0345901	0.4996529	1.5485434	-0.3296943	0.3789888	1.5436791	-0.1515473	0.6006928	0.7331406	0.0944390	0.5589147	0.6359442	0.1106273	0.4738072	0.7375142	0.1143317	0.6255573	0.7063947	-0.3136905	0.5740227	0.6124455	-0.3246898	0.4978248	0.7212058	-0.3544398	0.4865615	0.3775897	0.0632460	0.4933256	0.2606417	0.0657726	0.4245121	0.2821892	0.0594540	0.4836248	0.3625143	-0.2582283	0.5053810	0.2432279	-0.2564633	0.4271153	0.2622684	-0.2582166	0.5124501	0.8742550	-0.0115063	0.5327145	0.8665213	-0.2369858	0.4392153	1.1860516	0.1483646	0.4297064	1.1755631	0.0622233	0.5840174	0.9637345	0.1079148	0.5277757	0.9283656	0.1247349	0.5179245	1.1872621	-0.4335238	0.4731022	1.1758267	-0.3630730	0.6308136	0.9493469	-0.3549610	0.5763043	0.9254811	-0.3890275
312	5.1833333	0.4813700	1.4973474	-0.1437900	0.4797400	1.4911974	0.0381900	0.4578600	1.2154074	0.1117300	0.5417300	0.9673174	0.1176700	0.5102300	1.4985974	-0.3238100	0.5126400	1.2291674	-0.3955100	0.5860200	0.9704974	-0.3765600	0.5651100	0.8976974	-0.1201300	0.5585700	0.9019874	0.0056100	0.5208300	0.4941274	-0.0082400	0.4359900	0.1119974	-0.0196500	0.5828000	0.8962374	-0.2453600	0.4909900	0.4810474	-0.1984400	0.4497900	0.0981674	-0.1645000	0.6285900	0.0637274	-0.1652200	0.6213400	0.0642074	-0.1692200	0.4124600	0.0604774	-0.1539600	0.5933600	0.0603374	-0.0002600	0.5866600	0.0626574	0.0031800	0.4055000	0.0765674	-0.0317900	0.6235902	0.9799376	0.0730608	0.6568432	0.9672430	-0.3004834	0.4032533	1.0063836	-0.0642370	0.4165990	1.0015590	-0.2108035	0.5114873	0.4867297	0.0711724	0.5327327	0.4938502	-0.0663126	0.4299499	0.1162503	0.0228160	0.4659299	0.1226982	-0.0651731	0.5776895	0.0760392	-0.0133140	0.5221576	0.0612162	0.0399011	0.3690812	0.1013529	-0.0370630	0.4984281	0.4726717	-0.2707858	0.4963421	0.4899678	-0.1262938	0.4463455	0.0966524	-0.2124878	0.4688573	0.1106732	-0.1180161	0.6086471	0.0748297	-0.1575540	0.3692440	0.0756452	-0.1582407	0.5650606	0.0545696	-0.2188069	0.4758441	1.5429567	0.0354265	0.4997432	1.5471473	-0.3290645	0.3794141	1.5422853	-0.1506459	0.6008756	0.7310774	0.0945947	0.5586944	0.6339420	0.1107638	0.4738712	0.7358848	0.1146576	0.6256027	0.7049598	-0.3138464	0.5738658	0.6110363	-0.3249249	0.4977082	0.7199954	-0.3546885	0.4855294	0.3758698	0.0631958	0.4922881	0.2589440	0.0656989	0.4234199	0.2804857	0.0594061	0.4828630	0.3611011	-0.2584868	0.5043602	0.2417613	-0.2568414	0.4260151	0.2609657	-0.2585754	0.5129049	0.8727209	-0.0112955	0.5328622	0.8652519	-0.2369534	0.4400338	1.1846893	0.1489596	0.4302080	1.1741357	0.0628596	0.5843794	0.9621540	0.1078316	0.5281124	0.9269291	0.1249850	0.5179691	1.1863335	-0.4331297	0.4734672	1.1748014	-0.3628098	0.6304277	0.9479966	-0.3551930	0.5760137	0.9243417	-0.3890831
313	5.2000000	0.4822800	1.4974274	-0.1430200	0.4800000	1.4912874	0.0388700	0.4570100	1.2171374	0.1127300	0.5432700	0.9670674	0.1183500	0.5117200	1.4986774	-0.3228700	0.5134900	1.2311374	-0.3945500	0.5877400	0.9708774	-0.3761700	0.5657000	0.8963674	-0.1200300	0.5588200	0.9008074	0.0057200	0.5209900	0.4930574	-0.0079000	0.4359200	0.1109674	-0.0187800	0.5836500	0.8949374	-0.2452400	0.4920600	0.4805074	-0.1983700	0.4498100	0.0986974	-0.1644600	0.6272200	0.0623174	-0.1663300	0.6201800	0.0629574	-0.1702500	0.4125300	0.0605174	-0.1535800	0.5948300	0.0598074	-0.0007100	0.5880700	0.0619974	0.0027800	0.4054800	0.0766574	-0.0306600	0.6243958	0.9784178	0.0733378	0.6571876	0.9661991	-0.3005248	0.4040043	1.0049513	-0.0637062	0.4171822	1.0003118	-0.2104046	0.5112127	0.4850099	0.0712370	0.5322398	0.4922322	-0.0665024	0.4297035	0.1148093	0.0229304	0.4655331	0.1213173	-0.0652392	0.5774831	0.0747633	-0.0136333	0.5220634	0.0598361	0.0397954	0.3686321	0.0999021	-0.0369287	0.4985474	0.4713690	-0.2709914	0.4965416	0.4885538	-0.1262322	0.4455057	0.0955066	-0.2128304	0.4681296	0.1094059	-0.1182336	0.6076378	0.0734802	-0.1580319	0.3683436	0.0745519	-0.1584862	0.5639937	0.0532957	-0.2193030	0.4768230	1.5415361	0.0362564	0.5002786	1.5458691	-0.3284553	0.3802225	1.5410022	-0.1497802	0.6015423	0.7291785	0.0947410	0.5590238	0.6320931	0.1109367	0.4743744	0.7343120	0.1150525	0.6260164	0.7036764	-0.3140628	0.5741423	0.6097704	-0.3251907	0.4979635	0.7188519	-0.3549208	0.4852178	0.3743156	0.0632765	0.4920712	0.2574585	0.0657924	0.4231455	0.2789317	0.0595796	0.4826744	0.3598437	-0.2587080	0.5039180	0.2404755	-0.2571614	0.4255113	0.2598554	-0.2588487	0.5136437	0.8712260	-0.0110837	0.5333272	0.8640429	-0.2369413	0.4409524	1.1835420	0.1496254	0.4308851	1.1728982	0.0634982	0.5850608	0.9608778	0.1079242	0.5288043	0.9257433	0.1253198	0.5186267	1.1856440	-0.4327129	0.4743342	1.1739674	-0.3625717	0.6308104	0.9469948	-0.3551780	0.5765237	0.9234591	-0.3889843
314	5.2166667	0.4832800	1.4975274	-0.1423300	0.4806000	1.4914674	0.0394700	0.4567600	1.2185574	0.1135300	0.5449600	0.9673474	0.1189800	0.5130700	1.4987874	-0.3220200	0.5142500	1.2324874	-0.3936000	0.5892800	0.9711974	-0.3755900	0.5666900	0.8955974	-0.1196500	0.5598000	0.9001774	0.0060900	0.5209500	0.4921174	-0.0077700	0.4350000	0.1099874	-0.0187300	0.5846900	0.8937174	-0.2448400	0.4926200	0.4798074	-0.1982300	0.4500400	0.0986774	-0.1646600	0.6255200	0.0606174	-0.1677600	0.6186800	0.0614074	-0.1715700	0.4127300	0.0608274	-0.1537600	0.5958900	0.0591974	-0.0010900	0.5890100	0.0612774	0.0023900	0.4052200	0.0751774	-0.0298700	0.6256357	0.9774714	0.0738820	0.6579737	0.9657016	-0.3003370	0.4051412	1.0041442	-0.0628837	0.4181556	0.9996764	-0.2097293	0.5114124	0.4838964	0.0715984	0.5321694	0.4912123	-0.0664230	0.4300934	0.1139240	0.0234392	0.4657323	0.1204937	-0.0649270	0.5780842	0.0740431	-0.0136490	0.5227732	0.0589742	0.0400384	0.3687365	0.0989888	-0.0363505	0.4991340	0.4706784	-0.2709434	0.4972804	0.4877235	-0.1259448	0.4451471	0.0950160	-0.2129462	0.4679419	0.1087641	-0.1182670	0.6070681	0.0725647	-0.1584370	0.3679986	0.0742002	-0.1584576	0.5633308	0.0525567	-0.2196651	0.4781406	1.5408030	0.0373197	0.5012229	1.5452828	-0.3275834	0.3813993	1.5403930	-0.1486696	0.6026792	0.7278707	0.0951571	0.5598341	0.6308420	0.1113955	0.4753221	0.7333237	0.1157808	0.6268122	0.7030040	-0.3140906	0.5748216	0.6091222	-0.3252331	0.4985759	0.7183004	-0.3548385	0.4854290	0.3733666	0.0636716	0.4924335	0.2565807	0.0662150	0.4234415	0.2779419	0.0601165	0.4829489	0.3592111	-0.2586838	0.5039296	0.2398243	-0.2572750	0.4254773	0.2593938	-0.2588420	0.5147632	0.8703021	-0.0105669	0.5341752	0.8633887	-0.2366459	0.4420604	1.1831056	0.1506116	0.4317863	1.1723586	0.0644347	0.5861292	0.9603993	0.1084082	0.5299336	0.9252819	0.1259909	0.5198066	1.1856332	-0.4320412	0.4756250	1.1737897	-0.3620905	0.6318538	0.9467675	-0.3547119	0.5776890	0.9232697	-0.3885135
315	5.2333333	0.4846600	1.4975674	-0.1415100	0.4820300	1.4914474	0.0401900	0.4577000	1.2187374	0.1140500	0.5465100	0.9676974	0.1196100	0.5143700	1.4988874	-0.3211300	0.5150100	1.2326074	-0.3927700	0.5899700	0.9713874	-0.3749500	0.5676300	0.8957274	-0.1191600	0.5609500	0.9002674	0.0065400	0.5206100	0.4919474	-0.0076300	0.4341600	0.1088774	-0.0190300	0.5854000	0.8938774	-0.2443600	0.4925900	0.4800474	-0.1980300	0.4500900	0.0986774	-0.1649200	0.6246900	0.0597574	-0.1685300	0.6179300	0.0605974	-0.1722700	0.4130000	0.0608774	-0.1540600	0.5958400	0.0594474	-0.0013000	0.5888500	0.0614574	0.0021400	0.4045300	0.0742374	-0.0300300	0.6268478	0.9774461	0.0745111	0.6587379	0.9660754	-0.3000667	0.4062402	1.0042778	-0.0619586	0.4190932	0.9999592	-0.2089515	0.5114721	0.4836990	0.0720036	0.5319642	0.4911038	-0.0662967	0.4303531	0.1138308	0.0239745	0.4658143	0.1204634	-0.0645678	0.5786312	0.0741541	-0.0136080	0.5234062	0.0589050	0.0403199	0.3686906	0.0988220	-0.0357406	0.4996412	0.4708834	-0.2708417	0.4979931	0.4877756	-0.1256017	0.4448188	0.0954015	-0.2130547	0.4678252	0.1089892	-0.1183062	0.6065024	0.0723974	-0.1588846	0.3677448	0.0747671	-0.1583962	0.5626612	0.0526151	-0.2200494	0.4794376	1.5410456	0.0384350	0.5021768	1.5456692	-0.3265808	0.3825791	1.5407673	-0.1474515	0.6037386	0.7274482	0.0956742	0.5605415	0.6304906	0.1119309	0.4761729	0.7332600	0.1165982	0.6275365	0.7032352	-0.3140731	0.5754154	0.6093773	-0.3252245	0.4990774	0.7186498	-0.3546495	0.4854932	0.3733057	0.0640971	0.4926495	0.2565620	0.0666652	0.4235930	0.2777956	0.0606711	0.4831648	0.3594745	-0.2586299	0.5039089	0.2400710	-0.2573977	0.4254151	0.2598132	-0.2587815	0.5158208	0.8702971	-0.0099287	0.5349632	0.8636227	-0.2362291	0.4431005	1.1835831	0.1516876	0.4326113	1.1727329	0.0654936	0.5872116	0.9608851	0.1090127	0.5311125	0.9257416	0.1267801	0.5209491	1.1864837	-0.4313007	0.4768272	1.1744912	-0.3615200	0.6328994	0.9474654	-0.3540719	0.5788267	0.9239643	-0.3879180
316	5.2500000	0.4861100	1.4976574	-0.1404400	0.4834700	1.4914474	0.0411200	0.4593400	1.2180674	0.1144600	0.5475600	0.9677374	0.1202300	0.5157900	1.4990574	-0.3199400	0.5155500	1.2321974	-0.3919200	0.5898700	0.9717374	-0.3743500	0.5686200	0.8967674	-0.1186300	0.5620100	0.9010774	0.0069500	0.5203900	0.4926574	-0.0074100	0.4336100	0.1090074	-0.0196100	0.5863200	0.8950974	-0.2437200	0.4924300	0.4811674	-0.1976300	0.4504100	0.0989274	-0.1650600	0.6251900	0.0603474	-0.1681700	0.6183800	0.0611274	-0.1719100	0.4134600	0.0610674	-0.1541700	0.5953100	0.0605474	-0.0011400	0.5883200	0.0626174	0.0022500	0.4042900	0.0743974	-0.0309300	0.6280437	0.9783559	0.0751665	0.6596222	0.9673311	-0.2997180	0.4074009	1.0053016	-0.0610782	0.4201437	1.0011085	-0.2081956	0.5114408	0.4844131	0.0723627	0.5317526	0.4919100	-0.0661693	0.4304792	0.1145642	0.0243292	0.4658326	0.1212643	-0.0643266	0.5790116	0.0751679	-0.0135706	0.5238345	0.0597047	0.0405062	0.3685754	0.0994167	-0.0353580	0.5001497	0.4719708	-0.2707253	0.4987064	0.4887350	-0.1252205	0.4447602	0.0965944	-0.2131367	0.4679755	0.1100485	-0.1182999	0.6062345	0.0730880	-0.1592120	0.3677807	0.0760989	-0.1583173	0.5623043	0.0534993	-0.2203468	0.4807917	1.5421653	0.0395352	0.5033314	1.5469341	-0.3254978	0.3839110	1.5420443	-0.1462297	0.6047033	0.7279293	0.0962328	0.5611415	0.6310469	0.1124621	0.4769407	0.7341147	0.1173558	0.6283471	0.7043392	-0.3140115	0.5760604	0.6105044	-0.3251867	0.4996353	0.7198721	-0.3544477	0.4854403	0.3741263	0.0644367	0.4927122	0.2573990	0.0670088	0.4236125	0.2785114	0.0610557	0.4834525	0.3606098	-0.2585738	0.5040460	0.2411889	-0.2575189	0.4254953	0.2610415	-0.2587033	0.5168886	0.8712185	-0.0092765	0.5358428	0.8647494	-0.2357652	0.4442518	1.1848527	0.1527021	0.4335393	1.1739111	0.0665740	0.5883312	0.9621489	0.1095903	0.5323440	0.9269918	0.1275535	0.5220335	1.1880931	-0.4305295	0.4779649	1.1759945	-0.3608844	0.6338412	0.9489314	-0.3534001	0.5798293	0.9254375	-0.3873119
317	5.2666667	0.4872100	1.4977674	-0.1392500	0.4843100	1.4913674	0.0421600	0.4610500	1.2172774	0.1150500	0.5479800	0.9675174	0.1207200	0.5170900	1.4993174	-0.3185700	0.5157200	1.2320374	-0.3910600	0.5896500	0.9722174	-0.3736100	0.5698900	0.8985774	-0.1178800	0.5631500	0.9026074	0.0074900	0.5206900	0.4934774	-0.0073500	0.4339000	0.1095374	-0.0202200	0.5877100	0.8969974	-0.2427300	0.4925000	0.4826374	-0.1971500	0.4510600	0.0993574	-0.1650700	0.6262900	0.0614274	-0.1671800	0.6193600	0.0621074	-0.1709700	0.4142200	0.0616574	-0.1542200	0.5947900	0.0616774	-0.0006300	0.5879500	0.0638174	0.0027300	0.4045900	0.0749974	-0.0319900	0.6293881	0.9800627	0.0760437	0.6608669	0.9693394	-0.2990518	0.4088180	1.0070101	-0.0601181	0.4215305	1.0029224	-0.2073191	0.5115577	0.4858517	0.0728055	0.5318225	0.4934478	-0.0658912	0.4307460	0.1159458	0.0246141	0.4660914	0.1227201	-0.0640831	0.5794373	0.0768691	-0.0133586	0.5242643	0.0611817	0.0407496	0.3687126	0.1006164	-0.0351157	0.5008706	0.4737717	-0.2703590	0.4995819	0.4904355	-0.1245914	0.4452218	0.0983766	-0.2129785	0.4686087	0.1117323	-0.1180397	0.6065507	0.0744439	-0.1591347	0.3683200	0.0779630	-0.1580422	0.5625560	0.0549995	-0.2202900	0.4823013	1.5439148	0.0407740	0.5048476	1.5488161	-0.3242065	0.3855230	1.5439661	-0.1449146	0.6057534	0.7291764	0.0969951	0.5618294	0.6323520	0.1131348	0.4778218	0.7357175	0.1181738	0.6294907	0.7061395	-0.3136605	0.5770003	0.6123304	-0.3248752	0.5005378	0.7218191	-0.3540299	0.4855217	0.3756417	0.0648177	0.4928740	0.2589094	0.0673761	0.4237543	0.2799008	0.0613778	0.4840387	0.3624432	-0.2582837	0.5045847	0.2430001	-0.2573957	0.4259601	0.2628754	-0.2583987	0.5181855	0.8729171	-0.0084630	0.5370782	0.8666252	-0.2350802	0.4456765	1.1866889	0.1537557	0.4347570	1.1756840	0.0677884	0.5895383	0.9639048	0.1102524	0.5336558	0.9287912	0.1284018	0.5231961	1.1902665	-0.4295295	0.4791922	1.1781080	-0.3599882	0.6347729	0.9509338	-0.3525496	0.5808045	0.9274895	-0.3865333
318	5.2833333	0.4880900	1.4977774	-0.1381200	0.4851900	1.4910974	0.0432500	0.4627600	1.2167274	0.1158900	0.5481100	0.9668474	0.1210000	0.5179700	1.4996174	-0.3174100	0.5156100	1.2320674	-0.3902800	0.5897800	0.9722674	-0.3725100	0.5711400	0.8995674	-0.1168500	0.5645700	0.9035474	0.0082400	0.5217500	0.4937274	-0.0076700	0.4345000	0.1105774	-0.0207400	0.5887700	0.8979274	-0.2414500	0.4928700	0.4828874	-0.1968300	0.4517300	0.0991874	-0.1649800	0.6271400	0.0620474	-0.1665500	0.6200700	0.0626374	-0.1703800	0.4152400	0.0616074	-0.1543800	0.5943100	0.0621074	-0.0000300	0.5875900	0.0643774	0.0032900	0.4046700	0.0756474	-0.0325700	0.6305906	0.9809790	0.0771830	0.6621051	0.9705206	-0.2980092	0.4101789	1.0078178	-0.0589803	0.4229104	1.0038226	-0.2062190	0.5116856	0.4864222	0.0734122	0.5319855	0.4941416	-0.0653982	0.4309326	0.1164999	0.0249220	0.4663276	0.1233608	-0.0637802	0.5796572	0.0776942	-0.0129437	0.5244648	0.0618260	0.0411218	0.3688529	0.1010358	-0.0349066	0.5015241	0.4746835	-0.2696855	0.5003549	0.4912507	-0.1236799	0.4458594	0.0991986	-0.2125639	0.4693856	0.1124736	-0.1175147	0.6070895	0.0749584	-0.1586780	0.3690248	0.0788080	-0.1575426	0.5630484	0.0556121	-0.2198919	0.4836783	1.5447119	0.0422276	0.5063420	1.5497403	-0.3226840	0.3870687	1.5449447	-0.1434397	0.6067040	0.7296108	0.0980036	0.5624479	0.6328185	0.1140094	0.4786323	0.7364598	0.1191380	0.6306525	0.7070544	-0.3129415	0.5779323	0.6132693	-0.3242161	0.5014754	0.7229136	-0.3533141	0.4855917	0.3762769	0.0653198	0.4929747	0.2595360	0.0678308	0.4238514	0.2804461	0.0617623	0.4846313	0.3633871	-0.2577108	0.5052077	0.2439345	-0.2569837	0.4264994	0.2637486	-0.2578362	0.5194456	0.8737974	-0.0074265	0.5383589	0.8676602	-0.2341021	0.4470815	1.1875773	0.1549401	0.4359449	1.1765441	0.0691710	0.5905011	0.9645930	0.1110208	0.5346808	0.9295974	0.1293379	0.5241643	1.1914645	-0.4282873	0.4802288	1.1792847	-0.3588202	0.6354627	0.9519607	-0.3514472	0.5815367	0.9285933	-0.3855130
319	5.3000000	0.4892000	1.4975474	-0.1370000	0.4871500	1.4906474	0.0446200	0.4646100	1.2160974	0.1168600	0.5481400	0.9663174	0.1211600	0.5183600	1.4995574	-0.3167000	0.5153100	1.2316274	-0.3897100	0.5904400	0.9714674	-0.3709700	0.5717900	0.8988174	-0.1157900	0.5660100	0.9028974	0.0090100	0.5230700	0.4934874	-0.0081200	0.4359900	0.1107874	-0.0206800	0.5885800	0.8971474	-0.2401900	0.4928000	0.4816574	-0.1968800	0.4520900	0.0986174	-0.1648500	0.6280300	0.0626674	-0.1664500	0.6208300	0.0631974	-0.1703100	0.4155300	0.0612074	-0.1547800	0.5944500	0.0613374	0.0005000	0.5879100	0.0636474	0.0038000	0.4049200	0.0753174	-0.0322900	0.6311976	0.9801511	0.0783006	0.6626886	0.9699502	-0.2969031	0.4109170	1.0068892	-0.0578177	0.4236426	1.0029894	-0.2050618	0.5115612	0.4852505	0.0740071	0.5318582	0.4931082	-0.0649326	0.4308376	0.1154329	0.0251714	0.4662508	0.1223921	-0.0635716	0.5794965	0.0768839	-0.0125116	0.5242995	0.0608789	0.0415092	0.3687510	0.0998792	-0.0347944	0.5016198	0.4738572	-0.2689759	0.5005528	0.4903024	-0.1227908	0.4461078	0.0983026	-0.2121747	0.4697382	0.1114885	-0.1170421	0.6073006	0.0739994	-0.1582247	0.3693322	0.0778133	-0.1571061	0.5632165	0.0546795	-0.2194999	0.4845805	1.5437645	0.0436660	0.5072212	1.5488923	-0.3212331	0.3880406	1.5441856	-0.1419941	0.6072265	0.7283830	0.0990203	0.5627131	0.6315884	0.1148874	0.4790091	0.7354393	0.1201109	0.6311988	0.7062610	-0.3121101	0.5782781	0.6124905	-0.3234655	0.5018473	0.7222826	-0.3525135	0.4854109	0.3751739	0.0657918	0.4928170	0.2584478	0.0682290	0.4236998	0.2793204	0.0621428	0.4847180	0.3626028	-0.2571110	0.5053588	0.2431725	-0.2565389	0.4265998	0.2628814	-0.2572800	0.5201325	0.8729432	-0.0063796	0.5390325	0.8669573	-0.2330634	0.4480218	1.1867551	0.1561310	0.4366148	1.1757210	0.0705109	0.5908171	0.9634625	0.1116692	0.5349999	0.9286484	0.1301505	0.5245138	1.1908586	-0.4270838	0.4806435	1.1786761	-0.3576593	0.6355833	0.9512681	-0.3502716	0.5817111	0.9279516	-0.3844300
320	5.3166667	0.4905000	1.4971574	-0.1358700	0.4897700	1.4900174	0.0462200	0.4660300	1.2153174	0.1177900	0.5482800	0.9659274	0.1214200	0.5185600	1.4993174	-0.3162600	0.5152600	1.2306974	-0.3893000	0.5917100	0.9703974	-0.3692500	0.5718200	0.8968074	-0.1150200	0.5667800	0.9010774	0.0095900	0.5234700	0.4929474	-0.0082000	0.4371200	0.1109074	-0.0204800	0.5877500	0.8955274	-0.2393900	0.4924000	0.4796874	-0.1968600	0.4526400	0.0984974	-0.1648300	0.6290200	0.0637674	-0.1662600	0.6217300	0.0642774	-0.1701600	0.4157900	0.0611374	-0.1553000	0.5947700	0.0608074	0.0006800	0.5883100	0.0631974	0.0039800	0.4051400	0.0750574	-0.0319900	0.6312800	0.9780427	0.0790862	0.6625921	0.9681306	-0.2961510	0.4110235	1.0047833	-0.0568641	0.4236838	1.0009956	-0.2041232	0.5112317	0.4829051	0.0743697	0.5314343	0.4909231	-0.0647294	0.4305708	0.1134303	0.0251498	0.4659281	0.1205118	-0.0636766	0.5791072	0.0751913	-0.0123518	0.5239398	0.0590907	0.0416436	0.3684862	0.0978267	-0.0349601	0.5012382	0.4718414	-0.2685886	0.5002676	0.4881764	-0.1222273	0.4461118	0.0963719	-0.2120775	0.4698184	0.1094825	-0.1168638	0.6073474	0.0723651	-0.1580053	0.3693918	0.0756355	-0.1569959	0.5632199	0.0529512	-0.2193634	0.4851655	1.5416720	0.0448299	0.5075595	1.5469025	-0.3201629	0.3885316	1.5422998	-0.1407951	0.6073606	0.7260010	0.0997673	0.5626748	0.6291912	0.1155203	0.4790006	0.7331529	0.1208696	0.6311390	0.7043119	-0.3115497	0.5780693	0.6105350	-0.3230078	0.5016209	0.7203992	-0.3520006	0.4850395	0.3729412	0.0660131	0.4924832	0.2562952	0.0683385	0.4233958	0.2771575	0.0623213	0.4843951	0.3606667	-0.2568132	0.5051563	0.2413169	-0.2563729	0.4263719	0.2608930	-0.2570351	0.5202359	0.8708265	-0.0055856	0.5390308	0.8650117	-0.2322929	0.4485400	1.1848281	0.1571269	0.4368119	1.1738021	0.0715562	0.5906383	0.9611690	0.1119832	0.5347786	0.9265743	0.1306287	0.5244002	1.1890350	-0.4262229	0.4805784	1.1768359	-0.3568139	0.6353946	0.9495084	-0.3492473	0.5816027	0.9261680	-0.3835120
321	5.3333333	0.4915000	1.4968774	-0.1349700	0.4913600	1.4895974	0.0473300	0.4663300	1.2147374	0.1185400	0.5487300	0.9653974	0.1219300	0.5190700	1.4991774	-0.3156800	0.5160200	1.2300274	-0.3887700	0.5932400	0.9699274	-0.3677700	0.5717100	0.8949774	-0.1146900	0.5666300	0.8992274	0.0099900	0.5224400	0.4922274	-0.0077100	0.4370100	0.1107874	-0.0204300	0.5877300	0.8936574	-0.2391100	0.4922700	0.4785874	-0.1964000	0.4532800	0.0990074	-0.1650300	0.6289500	0.0641574	-0.1660800	0.6216700	0.0646974	-0.1700100	0.4164200	0.0618774	-0.1556100	0.5950600	0.0614474	0.0005200	0.5885500	0.0637674	0.0038600	0.4049500	0.0751774	-0.0322600	0.6313067	0.9761056	0.0794688	0.6623876	0.9664908	-0.2959394	0.4109517	1.0029760	-0.0562929	0.4235280	0.9993031	-0.2036201	0.5109613	0.4808948	0.0744007	0.5310510	0.4890800	-0.0648750	0.4303596	0.1120060	0.0247601	0.4656356	0.1192212	-0.0641615	0.5788302	0.0741361	-0.0125827	0.5236785	0.0579394	0.0413918	0.3682567	0.0963579	-0.0354829	0.5008808	0.4701131	-0.2686681	0.5000098	0.4863627	-0.1221003	0.4462925	0.0949162	-0.2123562	0.4700703	0.1079680	-0.1170567	0.6076110	0.0713680	-0.1581189	0.3696324	0.0738696	-0.1572828	0.5634462	0.0517845	-0.2195691	0.4858144	1.5398975	0.0456024	0.5078416	1.5452654	-0.3196097	0.3889847	1.5407518	-0.1399951	0.6074185	0.7239091	0.1001482	0.5626140	0.6270974	0.1158070	0.4789302	0.7310865	0.1212826	0.6309881	0.7026381	-0.3114894	0.5778123	0.6088509	-0.3230444	0.5012762	0.7187064	-0.3519712	0.4847266	0.3711060	0.0658846	0.4921961	0.2546158	0.0680711	0.4231696	0.2754631	0.0621661	0.4841388	0.3590640	-0.2569487	0.5050660	0.2398461	-0.2566179	0.4262556	0.2592892	-0.2571999	0.5201859	0.8688964	-0.0051727	0.5388447	0.8632575	-0.2319876	0.4489933	1.1832397	0.1577897	0.4369630	1.1722075	0.0721884	0.5904576	0.9592220	0.1119501	0.5345506	0.9248508	0.1307403	0.5244233	1.1874993	-0.4257727	0.4806030	1.1752441	-0.3563930	0.6354875	0.9481679	-0.3484452	0.5818201	0.9247286	-0.3828486
322	5.3500000	0.4920500	1.4968374	-0.1344600	0.4912600	1.4893574	0.0475400	0.4659000	1.2147674	0.1190200	0.5492800	0.9650774	0.1225500	0.5201400	1.4994274	-0.3147600	0.5173500	1.2303674	-0.3879300	0.5941900	0.9703074	-0.3666300	0.5718200	0.8940774	-0.1144800	0.5662400	0.8982174	0.0103600	0.5209000	0.4919674	-0.0070300	0.4356200	0.1100274	-0.0205400	0.5883800	0.8929274	-0.2390000	0.4924700	0.4788774	-0.1956800	0.4528600	0.0990474	-0.1654500	0.6277100	0.0630774	-0.1664900	0.6205000	0.0636374	-0.1704500	0.4161300	0.0620774	-0.1557000	0.5953400	0.0626074	0.0003000	0.5885800	0.0648174	0.0036400	0.4039200	0.0746174	-0.0328300	0.6316051	0.9751054	0.0798110	0.6625039	0.9657446	-0.2959158	0.4110503	1.0021933	-0.0558667	0.4235642	0.9986138	-0.2033199	0.5108363	0.4799441	0.0744158	0.5308443	0.4882797	-0.0650612	0.4301848	0.1116883	0.0243294	0.4653956	0.1190295	-0.0646882	0.5787893	0.0742328	-0.0128962	0.5235873	0.0578989	0.0410611	0.3679745	0.0959551	-0.0360321	0.5007771	0.4693930	-0.2688816	0.5000237	0.4855639	-0.1220605	0.4465712	0.0945291	-0.2127614	0.4704452	0.1075158	-0.1173692	0.6079750	0.0712655	-0.1583844	0.3699674	0.0732439	-0.1576918	0.5637645	0.0515420	-0.2199219	0.4866310	1.5391768	0.0462790	0.5083574	1.5447391	-0.3192113	0.3896117	1.5402601	-0.1393382	0.6076121	0.7228130	0.1004807	0.5626842	0.6260253	0.1160628	0.4789983	0.7300221	0.1216595	0.6310803	0.7019119	-0.3116581	0.5777959	0.6081363	-0.3232797	0.5011260	0.7179638	-0.3521231	0.4845330	0.3703499	0.0657284	0.4919910	0.2540359	0.0677597	0.4230207	0.2748568	0.0619800	0.4840919	0.3584734	-0.2572161	0.5051479	0.2393814	-0.2570184	0.4262925	0.2587451	-0.2574757	0.5203051	0.8679216	-0.0048411	0.5388558	0.8624314	-0.2318525	0.4495637	1.1826839	0.1583646	0.4373023	1.1716189	0.0727092	0.5905300	0.9583427	0.1119403	0.5346016	0.9241653	0.1308409	0.5249109	1.1870155	-0.4253748	0.4810200	1.1746702	-0.3560809	0.6360696	0.9479223	-0.3475632	0.5825656	0.9243529	-0.3821569
323	5.3666667	0.4923800	1.4968674	-0.1341000	0.4904900	1.4893174	0.0474900	0.4656300	1.2151574	0.1193400	0.5497700	0.9650974	0.1231900	0.5213700	1.4995274	-0.3138100	0.5181600	1.2311274	-0.3870000	0.5942000	0.9708874	-0.3655700	0.5718300	0.8938774	-0.1141000	0.5661600	0.8980074	0.0108000	0.5199600	0.4924574	-0.0066500	0.4339700	0.1091474	-0.0207300	0.5885400	0.8924874	-0.2386400	0.4924100	0.4797174	-0.1951100	0.4508900	0.0983074	-0.1659500	0.6267600	0.0617774	-0.1673900	0.6195400	0.0622774	-0.1713100	0.4141400	0.0611974	-0.1559300	0.5953400	0.0626674	0.0002800	0.5884200	0.0647274	0.0035700	0.4021700	0.0732174	-0.0331800	0.6318241	0.9748358	0.0803693	0.6626270	0.9656140	-0.2957304	0.4110147	1.0021689	-0.0553689	0.4235020	0.9986336	-0.2029691	0.5104916	0.4797600	0.0746559	0.5304522	0.4882102	-0.0650786	0.4296036	0.1119559	0.0241513	0.4647850	0.1193982	-0.0649905	0.5785708	0.0749070	-0.0129944	0.5232470	0.0583930	0.0409681	0.3671811	0.0960781	-0.0363423	0.5005175	0.4694071	-0.2689425	0.4998995	0.4854685	-0.1218427	0.4463064	0.0947653	-0.2131260	0.4703003	0.1076460	-0.1176388	0.6078276	0.0714890	-0.1586780	0.3697191	0.0733367	-0.1580533	0.5635389	0.0517135	-0.2202978	0.4871689	1.5392574	0.0471032	0.5087753	1.5450451	-0.3186560	0.3900248	1.5405702	-0.1386019	0.6076453	0.7224697	0.1010249	0.5625621	0.6257172	0.1165448	0.4788541	0.7297400	0.1222697	0.6310578	0.7018715	-0.3117441	0.5776436	0.6081328	-0.3234070	0.5008359	0.7179467	-0.3521383	0.4840756	0.3703074	0.0658128	0.4914813	0.2541222	0.0677031	0.4225176	0.2749187	0.0620351	0.4837830	0.3585661	-0.2573654	0.5048580	0.2395367	-0.2573574	0.4259445	0.2589083	-0.2576437	0.5202688	0.8676967	-0.0043383	0.5387620	0.8622845	-0.2315784	0.4499227	1.1828619	0.1590751	0.4374858	1.1717430	0.0733780	0.5905194	0.9582372	0.1121872	0.5346043	0.9242103	0.1311789	0.5254185	1.1873017	-0.4247786	0.4813948	1.1748611	-0.3556161	0.6366077	0.9484228	-0.3463950	0.5832813	0.9247262	-0.3812322
324	5.3833333	0.4926300	1.4967774	-0.1335400	0.4900300	1.4892674	0.0479300	0.4657400	1.2153874	0.1197400	0.5501300	0.9654274	0.1238400	0.5222600	1.4993574	-0.3130300	0.5178100	1.2315874	-0.3862600	0.5936300	0.9711974	-0.3644300	0.5714200	0.8939874	-0.1136200	0.5661900	0.8982274	0.0112400	0.5196900	0.4928674	-0.0065300	0.4334200	0.1089574	-0.0209400	0.5876600	0.8925874	-0.2382100	0.4917500	0.4800274	-0.1948000	0.4497400	0.0970074	-0.1663100	0.6266000	0.0615374	-0.1682900	0.6192700	0.0619474	-0.1721500	0.4136400	0.0599974	-0.1563400	0.5940400	0.0619874	0.0002300	0.5870900	0.0639974	0.0034500	0.4007800	0.0721674	-0.0330200	0.6315974	0.9749003	0.0809974	0.6623744	0.9657337	-0.2954176	0.4105650	1.0024663	-0.0548581	0.4230530	0.9989429	-0.2025843	0.5096878	0.4799043	0.0749990	0.5296062	0.4884540	-0.0650268	0.4284954	0.1123415	0.0241239	0.4636677	0.1198719	-0.0651586	0.5777981	0.0756422	-0.0129619	0.5223615	0.0589619	0.0410222	0.3658653	0.0963191	-0.0365032	0.4998373	0.4697308	-0.2689315	0.4993504	0.4856466	-0.1215394	0.4455085	0.0951253	-0.2135040	0.4696199	0.1078667	-0.1179084	0.6071330	0.0717611	-0.1590374	0.3689235	0.0735557	-0.1583948	0.5627585	0.0519797	-0.2207400	0.4872008	1.5396577	0.0479768	0.5088855	1.5456437	-0.3179646	0.3900361	1.5412063	-0.1378384	0.6072568	0.7224533	0.1016757	0.5620029	0.6257424	0.1171339	0.4782491	0.7298072	0.1229855	0.6306398	0.7021522	-0.3117375	0.5770864	0.6084525	-0.3234517	0.5001380	0.7182537	-0.3520655	0.4831404	0.3705271	0.0660195	0.4904837	0.2544074	0.0677937	0.4215014	0.2751972	0.0622197	0.4830268	0.3589157	-0.2574709	0.5040908	0.2398952	-0.2576803	0.4251130	0.2592870	-0.2577883	0.5197883	0.8678150	-0.0037572	0.5382655	0.8624303	-0.2311902	0.4498566	1.1833232	0.1598450	0.4372527	1.1721419	0.0741255	0.5901776	0.9584646	0.1125531	0.5343047	0.9245500	0.1316377	0.5255036	1.1878947	-0.4241037	0.4813151	1.1753765	-0.3550778	0.6366675	0.9491976	-0.3450723	0.5835112	0.9253807	-0.3801958
325	5.4000000	0.4928500	1.4967974	-0.1326900	0.4900900	1.4892574	0.0488600	0.4658500	1.2152574	0.1203300	0.5502300	0.9656074	0.1244700	0.5226500	1.4993574	-0.3122600	0.5171900	1.2318574	-0.3856100	0.5930600	0.9714974	-0.3634000	0.5710100	0.8945974	-0.1131800	0.5660500	0.8988374	0.0117200	0.5195100	0.4925374	-0.0063500	0.4338800	0.1097474	-0.0211100	0.5870300	0.8930874	-0.2378300	0.4910000	0.4797274	-0.1945000	0.4506200	0.0965174	-0.1664100	0.6265000	0.0617374	-0.1691800	0.6191000	0.0621474	-0.1729400	0.4159300	0.0606674	-0.1565300	0.5924000	0.0609774	0.0001200	0.5855600	0.0630574	0.0033000	0.4001900	0.0728274	-0.0325900	0.6313216	0.9754725	0.0815478	0.6621167	0.9663567	-0.2951078	0.4101144	1.0032513	-0.0544223	0.4226193	0.9997391	-0.2022469	0.5088785	0.4805176	0.0752986	0.5287883	0.4891594	-0.0650151	0.4274687	0.1130925	0.0241014	0.4626620	0.1207032	-0.0653122	0.5769021	0.0765158	-0.0129432	0.5214116	0.0597501	0.0410704	0.3647292	0.0970416	-0.0366327	0.4992219	0.4705283	-0.2689542	0.4988697	0.4862767	-0.1212877	0.4450172	0.0958438	-0.2139203	0.4692572	0.1084333	-0.1182261	0.6066491	0.0723669	-0.1595042	0.3685014	0.0741404	-0.1587163	0.5621963	0.0526179	-0.2212668	0.4872316	1.5404684	0.0487828	0.5090825	1.5466251	-0.3172611	0.3901189	1.5422561	-0.1371439	0.6068598	0.7229184	0.1023040	0.5614325	0.6262482	0.1176861	0.4776178	0.7303647	0.1236262	0.6302713	0.7029361	-0.3117417	0.5765867	0.6092690	-0.3235131	0.4994748	0.7190658	-0.3520078	0.4822145	0.3711931	0.0661929	0.4895141	0.2551109	0.0678806	0.4205267	0.2758864	0.0623730	0.4823961	0.3597360	-0.2576182	0.5035209	0.2407182	-0.2580497	0.4244831	0.2600613	-0.2579635	0.5193074	0.8684305	-0.0032403	0.5377944	0.8630711	-0.2308200	0.4498014	1.1841780	0.1605142	0.4370364	1.1729402	0.0748073	0.5898792	0.9591312	0.1128668	0.5340710	0.9253134	0.1320420	0.5255035	1.1889262	-0.4234851	0.4811407	1.1763491	-0.3545834	0.6365970	0.9503693	-0.3437770	0.5835976	0.9264467	-0.3792162
326	5.4166667	0.4929900	1.4969474	-0.1317800	0.4905200	1.4892674	0.0498500	0.4658100	1.2152974	0.1209600	0.5501100	0.9654774	0.1250000	0.5225600	1.4996474	-0.3114900	0.5175300	1.2320674	-0.3847100	0.5928500	0.9719174	-0.3626200	0.5710200	0.8953174	-0.1126800	0.5657800	0.8995174	0.0123000	0.5191600	0.4918774	-0.0060600	0.4348500	0.1105674	-0.0209800	0.5873200	0.8938474	-0.2373700	0.4908300	0.4794874	-0.1940500	0.4523900	0.0966874	-0.1662100	0.6259700	0.0615074	-0.1700300	0.6186200	0.0620174	-0.1736700	0.4191000	0.0621774	-0.1562100	0.5912300	0.0605174	0.0000200	0.5844900	0.0626874	0.0031900	0.4013300	0.0737774	-0.0319000	0.6314329	0.9761636	0.0821535	0.6622551	0.9671269	-0.2947191	0.4100664	1.0041013	-0.0539149	0.4225911	1.0006106	-0.2018321	0.5084269	0.4811725	0.0756779	0.5283641	0.4898972	-0.0649046	0.4270817	0.1138484	0.0242024	0.4623117	0.1215296	-0.0653152	0.5763704	0.0771651	-0.0128472	0.5209176	0.0603698	0.0411961	0.3643637	0.0978919	-0.0365794	0.4990736	0.4713717	-0.2688818	0.4989036	0.4869614	-0.1209508	0.4453006	0.0965763	-0.2141876	0.4697322	0.1090249	-0.1184161	0.6067833	0.0729215	-0.1599169	0.3689917	0.0747957	-0.1588097	0.5622480	0.0532489	-0.2217005	0.4876639	1.5412896	0.0496450	0.5096579	1.5476106	-0.3164543	0.3906291	1.5432935	-0.1363820	0.6068321	0.7234358	0.1030267	0.5612225	0.6268058	0.1183185	0.4773690	0.7310035	0.1242972	0.6303503	0.7037722	-0.3116772	0.5765364	0.6101373	-0.3234924	0.4992152	0.7199665	-0.3518661	0.4817140	0.3719092	0.0664389	0.4890405	0.2558601	0.0680608	0.4200743	0.2765960	0.0626091	0.4822930	0.3606289	-0.2576630	0.5035679	0.2416273	-0.2583204	0.4244777	0.2608460	-0.2579937	0.5192561	0.8691332	-0.0026740	0.5377573	0.8638169	-0.2303852	0.4501136	1.1850271	0.1611614	0.4372119	1.1737478	0.0755061	0.5899035	0.9598093	0.1132220	0.5341710	0.9260987	0.1324722	0.5258457	1.1899876	-0.4228057	0.4813082	1.1773694	-0.3540255	0.6368044	0.9515116	-0.3424566	0.5839591	0.9275170	-0.3782216
327	5.4333333	0.4931300	1.4971174	-0.1310200	0.4910500	1.4892574	0.0505800	0.4659900	1.2155474	0.1214100	0.5501900	0.9653374	0.1255400	0.5223300	1.5000074	-0.3107700	0.5183400	1.2323074	-0.3835900	0.5931300	0.9721674	-0.3619100	0.5710600	0.8956874	-0.1120800	0.5654900	0.8997174	0.0129300	0.5189000	0.4917174	-0.0057300	0.4356100	0.1107874	-0.0205600	0.5876900	0.8944774	-0.2367900	0.4912300	0.4800674	-0.1937500	0.4531700	0.0971674	-0.1658700	0.6252200	0.0610774	-0.1703400	0.6179400	0.0616674	-0.1739200	0.4203600	0.0630374	-0.1557300	0.5908400	0.0603774	0.0000400	0.5841000	0.0625674	0.0032400	0.4031700	0.0745074	-0.0313900	0.6315687	0.9765171	0.0828699	0.6624070	0.9675743	-0.2942173	0.4100335	1.0045608	-0.0532956	0.4225743	1.0010951	-0.2013065	0.5080166	0.4814316	0.0761996	0.5280091	0.4902254	-0.0646477	0.4270290	0.1141814	0.0244721	0.4623033	0.1219266	-0.0651342	0.5759734	0.0772636	-0.0126351	0.5206358	0.0604435	0.0414422	0.3644298	0.0983848	-0.0363161	0.4989990	0.4718149	-0.2686730	0.4990682	0.4872720	-0.1204799	0.4457575	0.0969217	-0.2142585	0.4704473	0.1092467	-0.1184323	0.6069555	0.0729773	-0.1601949	0.3697678	0.0751535	-0.1586637	0.5623199	0.0534320	-0.2219696	0.4880932	1.5417208	0.0506114	0.5101585	1.5482168	-0.3155254	0.3911243	1.5439129	-0.1355119	0.6068298	0.7235847	0.1038871	0.5610404	0.6269856	0.1190890	0.4771368	0.7312737	0.1250704	0.6304559	0.7041921	-0.3115230	0.5765223	0.6105951	-0.3233609	0.4989560	0.7204859	-0.3516047	0.4813280	0.3722344	0.0668174	0.4887626	0.2562182	0.0683869	0.4198264	0.2768888	0.0629865	0.4822663	0.3611407	-0.2575559	0.5037122	0.2421598	-0.2584426	0.4245864	0.2612350	-0.2578310	0.5192427	0.8694691	-0.0020140	0.5377504	0.8642053	-0.2298548	0.4504488	1.1854612	0.1618593	0.4374252	1.1741582	0.0762571	0.5899023	0.9600727	0.1136731	0.5342380	0.9264901	0.1329850	0.5262453	1.1906306	-0.4220276	0.4815376	1.1779896	-0.3533665	0.6370190	0.9521921	-0.3410996	0.5843302	0.9281562	-0.3771848
328	5.4500000	0.4934600	1.4972874	-0.1304300	0.4915100	1.4892474	0.0509300	0.4664200	1.2159774	0.1216200	0.5505800	0.9655374	0.1262500	0.5224600	1.5003474	-0.3099700	0.5183700	1.2325474	-0.3826500	0.5938300	0.9720374	-0.3610500	0.5708700	0.8957674	-0.1114600	0.5653400	0.8994674	0.0135300	0.5191100	0.4924874	-0.0053700	0.4348600	0.1107074	-0.0201600	0.5874500	0.8948474	-0.2361500	0.4919300	0.4818474	-0.1939400	0.4521700	0.0978374	-0.1656300	0.6246800	0.0610974	-0.1697800	0.6173700	0.0616474	-0.1734000	0.4186100	0.0627474	-0.1555400	0.5907400	0.0607074	0.0000600	0.5839100	0.0628074	0.0033100	0.4035100	0.0743474	-0.0312300	0.6314984	0.9765908	0.0836108	0.6623271	0.9677266	-0.2936950	0.4097745	1.0047145	-0.0526619	0.4223233	1.0012660	-0.2007668	0.5075252	0.4814218	0.0767779	0.5275633	0.4902694	-0.0643428	0.4268787	0.1141795	0.0247849	0.4621820	0.1219815	-0.0649165	0.5754643	0.0770314	-0.0124514	0.5202643	0.0601548	0.0416780	0.3643852	0.0985284	-0.0359954	0.4987554	0.4719760	-0.2684286	0.4990825	0.4873338	-0.1199716	0.4458330	0.0969785	-0.2142407	0.4708011	0.1091955	-0.1183694	0.6067461	0.0726628	-0.1603329	0.3701607	0.0752820	-0.1584673	0.5619849	0.0532579	-0.2221068	0.4882670	1.5418895	0.0515800	0.5103979	1.5485688	-0.3145948	0.3913540	1.5442681	-0.1346482	0.6066901	0.7234941	0.1047700	0.5607445	0.6269140	0.1199025	0.4767249	0.7312648	0.1258939	0.6303209	0.7043105	-0.3113663	0.5762902	0.6107556	-0.3232116	0.4984685	0.7206892	-0.3513109	0.4808599	0.3722600	0.0672451	0.4884053	0.2562532	0.0687538	0.4194798	0.2768795	0.0634189	0.4820058	0.3613501	-0.2573898	0.5035502	0.2423662	-0.2584940	0.4244025	0.2613467	-0.2575925	0.5190026	0.8695181	-0.0013338	0.5375008	0.8642966	-0.2293075	0.4505992	1.1856071	0.1625581	0.4374497	1.1742919	0.0769818	0.5897271	0.9600462	0.1141459	0.5341088	0.9266059	0.1335097	0.5264773	1.1909390	-0.4212496	0.4816007	1.1782809	-0.3526995	0.6370913	0.9525244	-0.3397720	0.5845573	0.9284543	-0.3761750
329	5.4666667	0.4939200	1.4974274	-0.1299900	0.4919000	1.4892974	0.0509800	0.4667800	1.2162374	0.1217500	0.5508800	0.9657774	0.1270100	0.5228800	1.5006374	-0.3091500	0.5177100	1.2326174	-0.3820200	0.5946500	0.9718274	-0.3601600	0.5707600	0.8956274	-0.1108400	0.5654600	0.8990774	0.0140700	0.5197500	0.4936474	-0.0051000	0.4324500	0.1106774	-0.0200200	0.5870500	0.8950774	-0.2354800	0.4928500	0.4838174	-0.1944600	0.4499200	0.0986874	-0.1656200	0.6243200	0.0617774	-0.1687000	0.6169800	0.0622074	-0.1724200	0.4146100	0.0621674	-0.1558200	0.5910600	0.0612774	0.0002000	0.5840500	0.0633174	0.0034600	0.4014000	0.0734474	-0.0314100	0.6315275	0.9764392	0.0843557	0.6623437	0.9676340	-0.2931763	0.4096022	1.0046589	-0.0520449	0.4221589	1.0012204	-0.2002437	0.5073407	0.4812504	0.0773770	0.5273871	0.4901375	-0.0640359	0.4265945	0.1139603	0.0250745	0.4618991	0.1218055	-0.0647533	0.5750401	0.0766656	-0.0123508	0.5199182	0.0596984	0.0418683	0.3640562	0.0983868	-0.0357240	0.4986679	0.4719976	-0.2682102	0.4992314	0.4872710	-0.1194904	0.4455523	0.0968709	-0.2141951	0.4707720	0.1089812	-0.1182691	0.6063308	0.0721565	-0.1603017	0.3700687	0.0752531	-0.1583381	0.5614124	0.0528621	-0.2221188	0.4884910	1.5418869	0.0525069	0.5107429	1.5487509	-0.3137218	0.3916398	1.5444720	-0.1338367	0.6067833	0.7232663	0.1056269	0.5607145	0.6266939	0.1207201	0.4764788	0.7310650	0.1267614	0.6302735	0.7042808	-0.3112385	0.5761717	0.6107679	-0.3230875	0.4981030	0.7206787	-0.3510175	0.4805966	0.3720716	0.0676945	0.4881444	0.2560359	0.0691193	0.4191796	0.2766960	0.0638729	0.4817790	0.3613660	-0.2572218	0.5032678	0.2423343	-0.2585099	0.4240932	0.2613252	-0.2573610	0.5188359	0.8693617	-0.0006517	0.5373234	0.8641695	-0.2287639	0.4508134	1.1855765	0.1632201	0.4375376	1.1742528	0.0776527	0.5896613	0.9598378	0.1146077	0.5340716	0.9265417	0.1340108	0.5267585	1.1910143	-0.4205186	0.4817071	1.1783235	-0.3520701	0.6373051	0.9526247	-0.3384828	0.5849189	0.9285115	-0.3752106
330	5.4833333	0.4942500	1.4974174	-0.1296400	0.4921300	1.4893074	0.0510600	0.4670500	1.2160074	0.1220600	0.5509200	0.9656774	0.1275600	0.5232200	1.5006574	-0.3085100	0.5175000	1.2323274	-0.3814900	0.5952800	0.9717474	-0.3595600	0.5707000	0.8957274	-0.1103000	0.5655300	0.8988774	0.0145600	0.5200900	0.4942174	-0.0050600	0.4305500	0.1103474	-0.0200400	0.5868700	0.8953374	-0.2349000	0.4934300	0.4847474	-0.1948300	0.4483700	0.0990374	-0.1657700	0.6238000	0.0622674	-0.1678800	0.6164500	0.0626274	-0.1716500	0.4119100	0.0613874	-0.1564200	0.5917500	0.0617774	0.0005200	0.5846600	0.0637074	0.0038100	0.3991800	0.0728374	-0.0318100	0.6315786	0.9764984	0.0850232	0.6624486	0.9677541	-0.2927122	0.4094758	1.0048412	-0.0515490	0.4220658	1.0014135	-0.1998307	0.5073489	0.4813387	0.0778509	0.5273954	0.4902642	-0.0638647	0.4261427	0.1139593	0.0252324	0.4614513	0.1218463	-0.0647387	0.5747281	0.0766587	-0.0123435	0.5195841	0.0595653	0.0419828	0.3634183	0.0983681	-0.0356374	0.4987069	0.4723407	-0.2681285	0.4994544	0.4875197	-0.1191510	0.4449899	0.0970061	-0.2142229	0.4704087	0.1089998	-0.1182187	0.6057718	0.0719394	-0.1601977	0.3695538	0.0754099	-0.1583576	0.5606941	0.0527101	-0.2221087	0.4887625	1.5420966	0.0532767	0.5111903	1.5491281	-0.3130047	0.3919928	1.5449244	-0.1331809	0.6070095	0.7233141	0.1063823	0.5608406	0.6267422	0.1214313	0.4763118	0.7311175	0.1275349	0.6303267	0.7045935	-0.3112059	0.5761714	0.6111136	-0.3230727	0.4978681	0.7209370	-0.3508210	0.4804442	0.3721093	0.0680340	0.4879051	0.2560231	0.0693798	0.4188522	0.2767545	0.0642037	0.4815978	0.3616460	-0.2571641	0.5029214	0.2425269	-0.2585883	0.4236911	0.2615924	-0.2572610	0.5186972	0.8694584	-0.0000645	0.5372147	0.8642961	-0.2283018	0.4510482	1.1857826	0.1637487	0.4376608	1.1744525	0.0781923	0.5896486	0.9598555	0.1149718	0.5340776	0.9267059	0.1344135	0.5270509	1.1912982	-0.4199076	0.4818240	1.1785555	-0.3515571	0.6375842	0.9529286	-0.3373335	0.5853383	0.9287705	-0.3743904
331	5.5000000	0.4943900	1.4972574	-0.1291900	0.4921400	1.4892874	0.0514200	0.4676500	1.2151774	0.1227000	0.5510700	0.9652874	0.1279000	0.5234500	1.5003374	-0.3079800	0.5181700	1.2320274	-0.3808900	0.5954800	0.9717774	-0.3592400	0.5706800	0.8950374	-0.1098600	0.5653800	0.8983474	0.0150800	0.5197100	0.4938474	-0.0051300	0.4304100	0.1091974	-0.0201400	0.5869600	0.8946074	-0.2345500	0.4931900	0.4843474	-0.1947800	0.4485700	0.0984074	-0.1658600	0.6230600	0.0617174	-0.1678900	0.6157700	0.0621374	-0.1716300	0.4119900	0.0604974	-0.1569400	0.5925800	0.0614674	0.0009700	0.5854700	0.0633574	0.0042800	0.3993300	0.0719474	-0.0319400	0.6316407	0.9757217	0.0856210	0.6626405	0.9670968	-0.2923614	0.4093562	1.0042351	-0.0511588	0.4220079	1.0008430	-0.1995429	0.5073796	0.4806162	0.0782054	0.5274239	0.4895914	-0.0638511	0.4258367	0.1131456	0.0253130	0.4611572	0.1210872	-0.0648220	0.5746985	0.0760040	-0.0123272	0.5194907	0.0587494	0.0421177	0.3628926	0.0974597	-0.0356820	0.4988279	0.4719554	-0.2681980	0.4997199	0.4870348	-0.1189181	0.4444361	0.0963265	-0.2143345	0.4700328	0.1082012	-0.1182071	0.6052432	0.0710325	-0.1601136	0.3689995	0.0746805	-0.1584458	0.5600237	0.0518233	-0.2221532	0.4890468	1.5415120	0.0538856	0.5117027	1.5486484	-0.3124367	0.3923825	1.5445629	-0.1326721	0.6072805	0.7225407	0.1070817	0.5610016	0.6259731	0.1220671	0.4761541	0.7303627	0.1282273	0.6304925	0.7041883	-0.3112924	0.5762780	0.6107366	-0.3231983	0.4977216	0.7204393	-0.3507955	0.4803514	0.3713494	0.0682690	0.4877793	0.2552233	0.0695673	0.4186029	0.2759877	0.0644364	0.4814948	0.3611684	-0.2572373	0.5026555	0.2419331	-0.2587662	0.4233253	0.2610869	-0.2573013	0.5185701	0.8687550	0.0004310	0.5371644	0.8636586	-0.2279578	0.4513443	1.1852281	0.1641982	0.4378420	1.1738846	0.0786424	0.5897253	0.9591025	0.1152612	0.5341666	0.9260904	0.1347639	0.5273809	1.1908133	-0.4194285	0.4819924	1.1780104	-0.3511718	0.6379074	0.9524639	-0.3363585	0.5857933	0.9282662	-0.3737348
332	5.5166667	0.4944200	1.4972274	-0.1285600	0.4920600	1.4893674	0.0520900	0.4684600	1.2143374	0.1235500	0.5514800	0.9650174	0.1282300	0.5236100	1.5002174	-0.3073900	0.5190900	1.2320674	-0.3802800	0.5953100	0.9717374	-0.3589000	0.5706800	0.8942774	-0.1095300	0.5652400	0.8977974	0.0156200	0.5190800	0.4933874	-0.0050700	0.4305200	0.1080374	-0.0203400	0.5871900	0.8935774	-0.2344000	0.4922600	0.4832174	-0.1942500	0.4495700	0.0973474	-0.1657500	0.6233700	0.0607274	-0.1685600	0.6161400	0.0612374	-0.1722400	0.4130500	0.0592674	-0.1569600	0.5931100	0.0602474	0.0014000	0.5860400	0.0621874	0.0047000	0.3998600	0.0711174	-0.0319100	0.6317175	0.9748489	0.0861466	0.6629091	0.9663693	-0.2921422	0.4092077	1.0035771	-0.0508857	0.4219475	1.0002295	-0.1993978	0.5073005	0.4798396	0.0784550	0.5273850	0.4888689	-0.0639917	0.4256695	0.1122093	0.0253561	0.4610409	0.1202190	-0.0649616	0.5748876	0.0752641	-0.0122434	0.5195936	0.0578465	0.0423127	0.3625326	0.0964071	-0.0358109	0.4989119	0.4714793	-0.2683539	0.4999297	0.4864841	-0.1187303	0.4440847	0.0955309	-0.2144923	0.4698673	0.1073039	-0.1182155	0.6049685	0.0701472	-0.1601061	0.3686625	0.0737667	-0.1585273	0.5596032	0.0509207	-0.2222792	0.4892899	1.5409001	0.0543655	0.5121814	1.5481059	-0.3119885	0.3927133	1.5441531	-0.1322842	0.6075145	0.7216936	0.1077563	0.5610872	0.6251369	0.1226528	0.4759159	0.7295385	0.1288419	0.6307089	0.7037039	-0.3114807	0.5764051	0.6102705	-0.3234292	0.4975831	0.7198579	-0.3509272	0.4802118	0.3705350	0.0684147	0.4876917	0.2543739	0.0697062	0.4183681	0.2751091	0.0645917	0.4814173	0.3606060	-0.2573983	0.5025091	0.2412530	-0.2590283	0.4230386	0.2604629	-0.2574112	0.5184306	0.8679805	0.0008302	0.5371388	0.8629662	-0.2277466	0.4517134	1.1846134	0.1645928	0.4380974	1.1732496	0.0790283	0.5899200	0.9583085	0.1154979	0.5343850	0.9254123	0.1350916	0.5277278	1.1903060	-0.4190287	0.4822120	1.1774418	-0.3508656	0.6381951	0.9519525	-0.3355593	0.5861983	0.9277319	-0.3732176
333	5.5333333	0.4944000	1.4974474	-0.1278200	0.4921300	1.4894874	0.0530000	0.4687800	1.2141774	0.1242500	0.5518000	0.9648674	0.1285900	0.5235400	1.5005074	-0.3068400	0.5196000	1.2323674	-0.3797600	0.5950800	0.9716574	-0.3583900	0.5709400	0.8937874	-0.1092300	0.5654200	0.8975974	0.0161400	0.5186100	0.4932674	-0.0049100	0.4304800	0.1074774	-0.0203100	0.5875800	0.8928074	-0.2343100	0.4908400	0.4823874	-0.1934800	0.4502500	0.0968574	-0.1655400	0.6255400	0.0606174	-0.1691000	0.6182900	0.0611374	-0.1727500	0.4134500	0.0583774	-0.1565700	0.5929600	0.0589274	0.0016500	0.5859900	0.0608774	0.0049400	0.3997100	0.0706374	-0.0316600	0.6320612	0.9742681	0.0866775	0.6634840	0.9658997	-0.2920029	0.4092672	1.0031902	-0.0506357	0.4221125	0.9998735	-0.1993102	0.5073276	0.4793542	0.0787465	0.5274761	0.4884358	-0.0641398	0.4257224	0.1115205	0.0254742	0.4611694	0.1196027	-0.0650501	0.5753072	0.0747210	-0.0120434	0.5199293	0.0571624	0.0426203	0.3624244	0.0956274	-0.0358806	0.4991137	0.4712123	-0.2684822	0.5002565	0.4861770	-0.1184541	0.4442218	0.0949697	-0.2145791	0.4702116	0.1066689	-0.1181206	0.6053331	0.0696816	-0.1600639	0.3688219	0.0730058	-0.1584758	0.5597908	0.0503892	-0.2223856	0.4896807	1.5406164	0.0548585	0.5128050	1.5478918	-0.3115341	0.3931683	1.5440457	-0.1318760	0.6079488	0.7211234	0.1084927	0.5613287	0.6245835	0.1232997	0.4758483	0.7289967	0.1294984	0.6311968	0.7034289	-0.3116866	0.5767430	0.6100055	-0.3236738	0.4976404	0.7194951	-0.3511366	0.4802019	0.3700014	0.0686065	0.4877766	0.2538015	0.0699039	0.4182948	0.2744973	0.0648112	0.4815436	0.3602741	-0.2575412	0.5026971	0.2408179	-0.2592767	0.4230507	0.2600412	-0.2574693	0.5185246	0.8674834	0.0012285	0.5373705	0.8625312	-0.2275884	0.4522842	1.1842858	0.1649843	0.4385661	1.1728986	0.0794237	0.5903418	0.9578271	0.1157500	0.5348528	0.9250253	0.1354445	0.5282071	1.1901186	-0.4186165	0.4826004	1.1771986	-0.3505431	0.6385851	0.9517132	-0.3348486	0.5866888	0.9274936	-0.3727403
334	5.5500000	0.4943500	1.4976674	-0.1270800	0.4924100	1.4895874	0.0540300	0.4683200	1.2145474	0.1246600	0.5517900	0.9647874	0.1289200	0.5232700	1.5008574	-0.3064400	0.5197200	1.2326274	-0.3793400	0.5950800	0.9717174	-0.3578600	0.5713100	0.8936574	-0.1089200	0.5658700	0.8974974	0.0166100	0.5182100	0.4928274	-0.0048200	0.4307200	0.1076074	-0.0200700	0.5879200	0.8926574	-0.2341800	0.4896200	0.4816174	-0.1928500	0.4506100	0.0968374	-0.1653500	0.6281300	0.0614774	-0.1690400	0.6208300	0.0619374	-0.1726800	0.4138800	0.0583374	-0.1560200	0.5921900	0.0580674	0.0016000	0.5852100	0.0601074	0.0048600	0.3996300	0.0707374	-0.0314000	0.6325173	0.9740783	0.0872356	0.6641828	0.9657879	-0.2918916	0.4093947	1.0031478	-0.0503611	0.4223496	0.9998495	-0.1992196	0.5073455	0.4792216	0.0791034	0.5275633	0.4883634	-0.0642436	0.4257973	0.1112323	0.0256397	0.4613246	0.1193943	-0.0650992	0.5756493	0.0745030	-0.0118040	0.5202112	0.0568372	0.0429596	0.3623912	0.0953033	-0.0358838	0.4992777	0.4712398	-0.2685451	0.5005309	0.4861900	-0.1180665	0.4447134	0.0947756	-0.2145364	0.4709096	0.1064247	-0.1178749	0.6062183	0.0697802	-0.1598953	0.3693194	0.0725268	-0.1582555	0.5604743	0.0503646	-0.2223836	0.4900977	1.5406992	0.0554104	0.5133961	1.5480535	-0.3110418	0.3936116	1.5442819	-0.1314031	0.6084412	0.7209067	0.1092925	0.5615991	0.6243823	0.1240138	0.4758434	0.7288076	0.1302088	0.6317959	0.7034472	-0.3118528	0.5771363	0.6100279	-0.3238809	0.4977572	0.7194437	-0.3513691	0.4801792	0.3698305	0.0688491	0.4878499	0.2536044	0.0701389	0.4182349	0.2742682	0.0650910	0.4817223	0.3602745	-0.2576149	0.5030671	0.2407525	-0.2594447	0.4232304	0.2599309	-0.2574288	0.5187193	0.8673488	0.0016592	0.5377100	0.8624388	-0.2274317	0.4527908	1.1843193	0.1653729	0.4389976	1.1729166	0.0798330	0.5907117	0.9577447	0.1160290	0.5352900	0.9250222	0.1358098	0.5286272	1.1903114	-0.4181769	0.4829527	1.1773435	-0.3501857	0.6389236	0.9518132	-0.3341802	0.5871209	0.9276136	-0.3722650
335	5.5666667	0.4943300	1.4976374	-0.1264500	0.4926300	1.4895174	0.0548500	0.4676500	1.2149774	0.1248600	0.5517500	0.9646174	0.1292700	0.5230900	1.5008274	-0.3060600	0.5197200	1.2326874	-0.3791800	0.5953300	0.9717874	-0.3574800	0.5716700	0.8934274	-0.1086000	0.5663800	0.8972074	0.0169200	0.5177900	0.4921074	-0.0047500	0.4312100	0.1079174	-0.0198800	0.5881400	0.8925174	-0.2338700	0.4890600	0.4809574	-0.1926100	0.4508000	0.0968874	-0.1653100	0.6293500	0.0623974	-0.1685500	0.6220000	0.0627974	-0.1721800	0.4149200	0.0591574	-0.1555300	0.5912700	0.0577974	0.0013100	0.5843700	0.0598174	0.0045800	0.3997800	0.0711174	-0.0313600	0.6329580	0.9738187	0.0878193	0.6648532	0.9655979	-0.2917999	0.4094773	1.0029834	-0.0500412	0.4225341	0.9997027	-0.1991013	0.5072725	0.4789595	0.0794976	0.5275556	0.4881801	-0.0642998	0.4257760	0.1109543	0.0257756	0.4613714	0.1192081	-0.0651665	0.5757387	0.0742201	-0.0116488	0.5202758	0.0564766	0.0432098	0.3623141	0.0950704	-0.0358714	0.4993382	0.4711267	-0.2685667	0.5006921	0.4860795	-0.1176092	0.4453549	0.0945402	-0.2143900	0.4717543	0.1061556	-0.1175171	0.6073223	0.0699568	-0.1596023	0.3699626	0.0719749	-0.1579134	0.5613706	0.0503719	-0.2222657	0.4904268	1.5406733	0.0560270	0.5138468	1.5480950	-0.3105353	0.3939415	1.5443617	-0.1308808	0.6088769	0.7205533	0.1101174	0.5618004	0.6240451	0.1247552	0.4758161	0.7284918	0.1309402	0.6323834	0.7033107	-0.3119893	0.5774831	0.6098971	-0.3240622	0.4978342	0.7192598	-0.3516166	0.4800537	0.3695690	0.0690948	0.4877997	0.2533501	0.0703426	0.4180984	0.2739916	0.0653748	0.4818510	0.3601782	-0.2576332	0.5034658	0.2406341	-0.2595413	0.4234437	0.2597183	-0.2573104	0.5189113	0.8671039	0.0021185	0.5380394	0.8622309	-0.2272734	0.4530955	1.1842597	0.1657539	0.4392446	1.1728531	0.0802341	0.5909067	0.9576075	0.1163185	0.5355568	0.9249504	0.1361621	0.5289167	1.1904189	-0.4177734	0.4831730	1.1774048	-0.3498563	0.6391646	0.9518084	-0.3335625	0.5874561	0.9276332	-0.3718273
336	5.5833333	0.4943700	1.4974474	-0.1260100	0.4928200	1.4893774	0.0552800	0.4673200	1.2149574	0.1249500	0.5518000	0.9644774	0.1296900	0.5229900	1.5006074	-0.3056500	0.5199400	1.2326174	-0.3792000	0.5957400	0.9716874	-0.3572700	0.5718600	0.8933774	-0.1084100	0.5668400	0.8969274	0.0169000	0.5176100	0.4915774	-0.0045900	0.4313700	0.1082374	-0.0197700	0.5880400	0.8926674	-0.2335000	0.4894600	0.4805474	-0.1925500	0.4508700	0.0972574	-0.1654600	0.6287900	0.0627074	-0.1681500	0.6214300	0.0631174	-0.1717800	0.4156600	0.0602174	-0.1554600	0.5908900	0.0580074	0.0010500	0.5840200	0.0601174	0.0043100	0.3994600	0.0714974	-0.0313400	0.6332347	0.9737579	0.0882748	0.6653067	0.9656038	-0.2918251	0.4093726	1.0029838	-0.0498220	0.4225090	0.9997218	-0.1990790	0.5070523	0.4788612	0.0797684	0.5273975	0.4881666	-0.0644501	0.4254995	0.1109736	0.0257539	0.4611473	0.1193189	-0.0653753	0.5754896	0.0741615	-0.0117167	0.5200102	0.0563615	0.0432410	0.3619895	0.0951994	-0.0359717	0.4992380	0.4711864	-0.2686833	0.5006785	0.4861361	-0.1172702	0.4458170	0.0945756	-0.2143503	0.4724024	0.1061548	-0.1172877	0.6081909	0.0703360	-0.1594162	0.3704318	0.0717476	-0.1576990	0.5620531	0.0505913	-0.2222357	0.4905552	1.5408109	0.0565718	0.5140014	1.5482870	-0.3101719	0.3940224	1.5445628	-0.1304622	0.6091435	0.7203679	0.1107846	0.5618432	0.6238729	0.1253473	0.4756515	0.7283433	0.1315203	0.6327898	0.7033328	-0.3122287	0.5776601	0.6099316	-0.3243401	0.4977531	0.7192534	-0.3519671	0.4797473	0.3695082	0.0691988	0.4875158	0.2533249	0.0703804	0.4177733	0.2739579	0.0655204	0.4818090	0.3602860	-0.2577398	0.5036772	0.2407546	-0.2597236	0.4234995	0.2597337	-0.2572867	0.5189573	0.8670319	0.0024429	0.5381909	0.8621935	-0.2272431	0.4531373	1.1843463	0.1659961	0.4392387	1.1729476	0.0804876	0.5908764	0.9576422	0.1164884	0.5355853	0.9250437	0.1363769	0.5290408	1.1906931	-0.4175510	0.4832152	1.1776272	-0.3497090	0.6392383	0.9519589	-0.3331321	0.5876282	0.9278064	-0.3715824
337	5.6000000	0.4944500	1.4973174	-0.1257300	0.4932400	1.4892574	0.0554600	0.4674600	1.2146574	0.1250100	0.5518600	0.9643374	0.1301500	0.5227400	1.5005074	-0.3053300	0.5204200	1.2324574	-0.3790500	0.5962000	0.9714474	-0.3571800	0.5717400	0.8939974	-0.1084600	0.5670700	0.8973274	0.0166800	0.5177800	0.4913974	-0.0043900	0.4308600	0.1082674	-0.0194800	0.5875500	0.8934774	-0.2334200	0.4906000	0.4810274	-0.1925700	0.4507000	0.0980574	-0.1657300	0.6273200	0.0624174	-0.1683300	0.6199300	0.0628674	-0.1719700	0.4146900	0.0607674	-0.1559700	0.5911900	0.0587374	0.0009900	0.5843700	0.0608474	0.0042300	0.3987000	0.0713674	-0.0308700	0.6332611	0.9743833	0.0884784	0.6653739	0.9662644	-0.2920678	0.4089574	1.0036285	-0.0498143	0.4221214	1.0003737	-0.1992552	0.5066670	0.4794046	0.0798271	0.5270270	0.4887717	-0.0648009	0.4249039	0.1116409	0.0256040	0.4605635	0.1200551	-0.0657226	0.5749742	0.0747471	-0.0120098	0.5194638	0.0568879	0.0430825	0.3612778	0.0959537	-0.0361623	0.4989497	0.4719129	-0.2690000	0.5004591	0.4868337	-0.1171761	0.4457709	0.0952972	-0.2146139	0.4725128	0.1068195	-0.1173903	0.6084179	0.0711523	-0.1595549	0.3703894	0.0723284	-0.1578383	0.5621296	0.0513191	-0.2225068	0.4904257	1.5415770	0.0569535	0.5137499	1.5491257	-0.3100684	0.3937499	1.5453877	-0.1302443	0.6092023	0.7208584	0.1111542	0.5617044	0.6243671	0.1256747	0.4752888	0.7288803	0.1318681	0.6328844	0.7040273	-0.3126883	0.5775779	0.6106417	-0.3248216	0.4973971	0.7199244	-0.3524984	0.4792370	0.3700926	0.0691210	0.4869806	0.2539415	0.0702460	0.4172102	0.2745788	0.0655216	0.4814965	0.3610499	-0.2580553	0.5035043	0.2415262	-0.2601370	0.4232120	0.2604475	-0.2575171	0.5187368	0.8676377	0.0025163	0.5379940	0.8628148	-0.2274436	0.4529428	1.1849982	0.1660086	0.4390000	1.1736165	0.0805107	0.5906075	0.9582290	0.1164531	0.5353469	0.9257090	0.1363833	0.5289798	1.1915536	-0.4175536	0.4830655	1.1784355	-0.3497940	0.6390787	0.9526792	-0.3329699	0.5875713	0.9285559	-0.3716121
338	5.6166667	0.4946500	1.4973674	-0.1253900	0.4936800	1.4892674	0.0557100	0.4678700	1.2144974	0.1251900	0.5520000	0.9642174	0.1305500	0.5226800	1.5006274	-0.3049400	0.5205300	1.2322974	-0.3787000	0.5966200	0.9711574	-0.3570400	0.5714000	0.8950674	-0.1085900	0.5670300	0.8983574	0.0166500	0.5181700	0.4914074	-0.0041800	0.4302400	0.1080474	-0.0190000	0.5869300	0.8945874	-0.2336800	0.4920700	0.4818874	-0.1926800	0.4497600	0.0988474	-0.1660100	0.6260800	0.0620774	-0.1689400	0.6186300	0.0625174	-0.1725800	0.4122600	0.0605574	-0.1566200	0.5918500	0.0593774	0.0011600	0.5849900	0.0614374	0.0043800	0.3983700	0.0714074	-0.0302300	0.6331384	0.9754770	0.0885864	0.6651449	0.9673410	-0.2923837	0.4083266	1.0046812	-0.0498752	0.4214632	1.0014129	-0.1994916	0.5062833	0.4803374	0.0798724	0.5265851	0.4897374	-0.0651682	0.4242272	0.1126021	0.0255748	0.4598517	0.1210613	-0.0659722	0.5744652	0.0756696	-0.0122665	0.5189161	0.0577461	0.0429995	0.3604026	0.0969339	-0.0362139	0.4986232	0.4730597	-0.2693785	0.5001922	0.4879248	-0.1171783	0.4452061	0.0963776	-0.2150704	0.4720760	0.1078176	-0.1177001	0.6080095	0.0720487	-0.1599084	0.3697978	0.0733939	-0.1582172	0.5615865	0.0522156	-0.2229869	0.4901613	1.5427172	0.0573200	0.5132674	1.5503894	-0.3100510	0.3932666	1.5466201	-0.1300762	0.6092015	0.7218078	0.1113917	0.5615427	0.6252992	0.1259192	0.4748559	0.7298798	0.1321784	0.6327813	0.7051736	-0.3132264	0.5773618	0.6117968	-0.3253674	0.4968640	0.7210389	-0.3530615	0.4787118	0.3710419	0.0690875	0.4864210	0.2548972	0.0701844	0.4166041	0.2755413	0.0656089	0.4810248	0.3621908	-0.2584485	0.5030113	0.2426345	-0.2606576	0.4226407	0.2615769	-0.2578898	0.5183405	0.8687099	0.0025057	0.5375324	0.8638707	-0.2277151	0.4527045	1.1859746	0.1659746	0.4387124	1.1746096	0.0804884	0.5902612	0.9591025	0.1163776	0.5350004	0.9266964	0.1363563	0.5288392	1.1927359	-0.4175649	0.4828413	1.1795734	-0.3498919	0.6388009	0.9537092	-0.3328736	0.5873993	0.9296237	-0.3717103
339	5.6333333	0.4950900	1.4974774	-0.1248400	0.4937200	1.4892374	0.0560700	0.4683200	1.2143374	0.1256200	0.5523400	0.9641974	0.1308600	0.5234400	1.5008874	-0.3041400	0.5197800	1.2320774	-0.3783900	0.5970300	0.9710474	-0.3567700	0.5710800	0.8964974	-0.1085700	0.5668900	0.8997874	0.0169900	0.5185800	0.4917374	-0.0040300	0.4305400	0.1077874	-0.0186000	0.5865100	0.8959674	-0.2339900	0.4930600	0.4831174	-0.1929500	0.4485000	0.0989474	-0.1661600	0.6251000	0.0619474	-0.1694000	0.6176100	0.0623774	-0.1730500	0.4103900	0.0601674	-0.1570100	0.5918200	0.0597274	0.0014600	0.5848900	0.0617174	0.0046600	0.3996500	0.0716174	-0.0299100	0.6330468	0.9769459	0.0888243	0.6648872	0.9687486	-0.2925412	0.4077298	1.0060321	-0.0498157	0.4208157	1.0027316	-0.1995965	0.5060898	0.4815555	0.0800925	0.5262975	0.4909763	-0.0653429	0.4238836	0.1136936	0.0258084	0.4594577	0.1221911	-0.0659507	0.5742087	0.0767792	-0.0122565	0.5186548	0.0587944	0.0431717	0.3598839	0.0979857	-0.0360042	0.4984648	0.4745041	-0.2696102	0.5000897	0.4893013	-0.1170692	0.4444284	0.0976324	-0.2154533	0.4714045	0.1089779	-0.1179500	0.6072920	0.0729511	-0.1602037	0.3689599	0.0747072	-0.1585421	0.5607348	0.0531732	-0.2234027	0.4899628	1.5440920	0.0578226	0.5129310	1.5519094	-0.3098514	0.3928952	1.5481296	-0.1297883	0.6093148	0.7231147	0.1117389	0.5615329	0.6265649	0.1262944	0.4745400	0.7312280	0.1326377	0.6327225	0.7066536	-0.3136037	0.5772395	0.6132751	-0.3257504	0.4964031	0.7224902	-0.3534387	0.4784167	0.3722388	0.0692718	0.4861404	0.2560658	0.0703733	0.4162613	0.2766927	0.0659139	0.4806272	0.3635799	-0.2586988	0.5024658	0.2439414	-0.2610439	0.4220438	0.2629538	-0.2581684	0.5179908	0.8701542	0.0026366	0.5370808	0.8652721	-0.2278267	0.4526412	1.1871770	0.1661104	0.4386017	1.1758190	0.0806396	0.5900802	0.9601843	0.1164571	0.5348050	0.9279153	0.1364878	0.5287778	1.1941442	-0.4173564	0.4827105	1.1809415	-0.3497675	0.6386065	0.9549681	-0.3326042	0.5873125	0.9309219	-0.3716380
340	5.6500000	0.4956400	1.4975474	-0.1242100	0.4933300	1.4890974	0.0564500	0.4687300	1.2138874	0.1262900	0.5527500	0.9642774	0.1311100	0.5247900	1.5011574	-0.3031000	0.5187500	1.2318774	-0.3780900	0.5973400	0.9712274	-0.3564600	0.5710300	0.8977374	-0.1083700	0.5668300	0.9010974	0.0174800	0.5189300	0.4925674	-0.0040000	0.4313500	0.1078174	-0.0186800	0.5865400	0.8970874	-0.2340700	0.4936500	0.4838074	-0.1930800	0.4479200	0.0987274	-0.1661000	0.6242100	0.0617274	-0.1694000	0.6167800	0.0621874	-0.1730700	0.4103800	0.0601674	-0.1571900	0.5911100	0.0597074	0.0018800	0.5841500	0.0616774	0.0050600	0.4012200	0.0719674	-0.0303200	0.6331379	0.9782415	0.0892241	0.6648828	0.9699636	-0.2924807	0.4074272	1.0071312	-0.0496336	0.4204881	1.0037891	-0.1995560	0.5061858	0.4825311	0.0804450	0.5263560	0.4919803	-0.0653259	0.4240486	0.1144206	0.0261577	0.4596206	0.1229620	-0.0657595	0.5742582	0.0775133	-0.0120163	0.5187392	0.0595011	0.0435067	0.3599963	0.0986842	-0.0357125	0.4986757	0.4756861	-0.2696580	0.5003521	0.4904276	-0.1168057	0.4438656	0.0985320	-0.2156518	0.4709374	0.1097917	-0.1180194	0.6066844	0.0734383	-0.1603056	0.3683350	0.0757098	-0.1586751	0.5600004	0.0537407	-0.2236196	0.4900080	1.5451429	0.0584409	0.5130763	1.5530954	-0.3093942	0.3929335	1.5493457	-0.1293838	0.6096469	0.7242164	0.1122429	0.5617633	0.6276111	0.1268025	0.4744668	0.7323577	0.1331908	0.6329804	0.7078977	-0.3137651	0.5774563	0.6145072	-0.3259242	0.4962836	0.7237135	-0.3536115	0.4784670	0.3731642	0.0695958	0.4862575	0.2569353	0.0707249	0.4163186	0.2775192	0.0662962	0.4805642	0.3646831	-0.2587612	0.5022043	0.2449352	-0.2612277	0.4217383	0.2640167	-0.2582761	0.5179154	0.8714074	0.0029222	0.5369451	0.8664703	-0.2277480	0.4528928	1.1880885	0.1664298	0.4388269	1.1767175	0.0809792	0.5902502	0.9609845	0.1166992	0.5349597	0.9288482	0.1367731	0.5289373	1.1952820	-0.4169330	0.4828200	1.1820299	-0.3494252	0.6386615	0.9559685	-0.3321476	0.5874772	0.9319580	-0.3713815
341	5.6666667	0.4960000	1.4975374	-0.1237100	0.4931100	1.4889274	0.0568500	0.4691800	1.2133574	0.1269500	0.5530700	0.9643674	0.1313900	0.5256500	1.5012674	-0.3024200	0.5185600	1.2318574	-0.3775200	0.5974000	0.9716774	-0.3562300	0.5713700	0.8982774	-0.1080500	0.5671400	0.9016674	0.0179500	0.5190900	0.4932174	-0.0040300	0.4316800	0.1076174	-0.0190700	0.5869300	0.8976074	-0.2338900	0.4939200	0.4839674	-0.1930800	0.4481000	0.0986874	-0.1659300	0.6240600	0.0617474	-0.1690300	0.6167200	0.0622374	-0.1727000	0.4112200	0.0604574	-0.1572200	0.5905600	0.0595674	0.0022400	0.5836400	0.0615474	0.0054100	0.4016200	0.0717874	-0.0310700	0.6335066	0.9788376	0.0897308	0.6652649	0.9704979	-0.2922489	0.4075434	1.0074829	-0.0493652	0.4206201	1.0041063	-0.1994030	0.5065620	0.4828050	0.0808249	0.5267853	0.4922918	-0.0652111	0.4245962	0.1143692	0.0264470	0.4602295	0.1229589	-0.0655663	0.5745603	0.0774503	-0.0116878	0.5190833	0.0594360	0.0438551	0.3605986	0.0986300	-0.0355319	0.4993230	0.4761033	-0.2695478	0.5010316	0.4908175	-0.1164211	0.4437451	0.0986859	-0.2156512	0.4709026	0.1098837	-0.1178991	0.6064698	0.0732314	-0.1601937	0.3681616	0.0759791	-0.1586103	0.5596741	0.0536121	-0.2236139	0.4903643	1.5454089	0.0590903	0.5137368	1.5534579	-0.3087571	0.3934393	1.5497734	-0.1289134	0.6102421	0.7246066	0.1128539	0.5622501	0.6279477	0.1273713	0.4746866	0.7327706	0.1337435	0.6336705	0.7084115	-0.3137364	0.5781120	0.6149918	-0.3259127	0.4966288	0.7241959	-0.3536275	0.4788256	0.3733642	0.0699269	0.4867013	0.2570524	0.0710896	0.4167040	0.2775987	0.0666067	0.4809427	0.3650281	-0.2586558	0.5023869	0.2451791	-0.2612133	0.4218769	0.2643154	-0.2582150	0.5182260	0.8719476	0.0032980	0.5372612	0.8669674	-0.2275394	0.4534814	1.1882670	0.1668530	0.4394384	1.1768610	0.0814295	0.5907984	0.9610755	0.1170577	0.5355052	0.9290476	0.1371527	0.5293639	1.1957130	-0.4163690	0.4832271	1.1823972	-0.3489345	0.6389914	0.9562676	-0.3315920	0.5879111	0.9322989	-0.3710097
342	5.6833333	0.4962300	1.4974574	-0.1233400	0.4937800	1.4888274	0.0574300	0.4696800	1.2131274	0.1273700	0.5532700	0.9643074	0.1317200	0.5255500	1.5012174	-0.3023400	0.5192600	1.2318774	-0.3767800	0.5973500	0.9721874	-0.3560300	0.5719700	0.8983774	-0.1076500	0.5679200	0.9016574	0.0183800	0.5189000	0.4931074	-0.0041400	0.4313800	0.1069674	-0.0194400	0.5873600	0.8977774	-0.2335400	0.4938000	0.4838074	-0.1931000	0.4480200	0.0988074	-0.1658100	0.6248300	0.0624674	-0.1684500	0.6175100	0.0629474	-0.1721300	0.4113200	0.0606974	-0.1571300	0.5907300	0.0591674	0.0023200	0.5838300	0.0611074	0.0055000	0.4013600	0.0708574	-0.0315100	0.6340911	0.9789684	0.0903044	0.6658772	0.9706100	-0.2919165	0.4079446	1.0073651	-0.0489867	0.4210411	1.0039723	-0.1991263	0.5070304	0.4826357	0.0811919	0.5273456	0.4921675	-0.0650701	0.4252591	0.1138250	0.0266306	0.4609787	0.1224662	-0.0654539	0.5749912	0.0769347	-0.0113758	0.5195372	0.0589071	0.0441527	0.3613439	0.0980706	-0.0355008	0.5001837	0.4760387	-0.2693153	0.5018952	0.4907508	-0.1159657	0.4438959	0.0984461	-0.2154915	0.4711215	0.1096047	-0.1176435	0.6065731	0.0727735	-0.1599057	0.3682446	0.0758200	-0.1584112	0.5596787	0.0532056	-0.2234229	0.4909353	1.5452028	0.0597484	0.5145938	1.5532979	-0.3080557	0.3941704	1.5497007	-0.1283732	0.6110019	0.7245241	0.1135234	0.5628668	0.6278209	0.1279643	0.4750975	0.7327347	0.1343010	0.6345919	0.7084722	-0.3135608	0.5789996	0.6150078	-0.3257533	0.4972627	0.7242173	-0.3535096	0.4792898	0.3731067	0.0702228	0.4872625	0.2566911	0.0714075	0.4171904	0.2772113	0.0668314	0.4815561	0.3649116	-0.2584190	0.5028234	0.2449851	-0.2610394	0.4222684	0.2641764	-0.2580169	0.5188103	0.8720345	0.0037442	0.5378602	0.8670386	-0.2272404	0.4542612	1.1880271	0.1673208	0.4402955	1.1765742	0.0819294	0.5915256	0.9607612	0.1175063	0.5362443	0.9288252	0.1375973	0.5298967	1.1957224	-0.4157313	0.4837816	1.1823407	-0.3483331	0.6394249	0.9561456	-0.3310251	0.5884234	0.9322330	-0.3705797
343	5.7000000	0.4965700	1.4973074	-0.1229900	0.4950500	1.4887274	0.0581000	0.4703200	1.2131574	0.1276400	0.5532400	0.9642374	0.1319700	0.5251200	1.5010574	-0.3024700	0.5197100	1.2317674	-0.3763300	0.5975700	0.9725074	-0.3556900	0.5722700	0.8984274	-0.1073500	0.5684300	0.9015274	0.0186600	0.5187800	0.4929374	-0.0042200	0.4311100	0.1065774	-0.0195700	0.5874500	0.8980274	-0.2332500	0.4934100	0.4836874	-0.1930300	0.4477200	0.0985274	-0.1657300	0.6253000	0.0632674	-0.1680400	0.6179400	0.0636974	-0.1717400	0.4110400	0.0604074	-0.1570500	0.5908300	0.0585474	0.0020000	0.5839000	0.0603974	0.0052300	0.4010200	0.0705674	-0.0316300	0.6343813	0.9790159	0.0907597	0.6661370	0.9706811	-0.2917018	0.4080705	1.0071981	-0.0486409	0.4211623	1.0038083	-0.1988816	0.5071063	0.4824101	0.0814211	0.5275072	0.4920129	-0.0650518	0.4255072	0.1132321	0.0266042	0.4613116	0.1219426	-0.0655564	0.5750447	0.0763910	-0.0112689	0.5195986	0.0583434	0.0442526	0.3616646	0.0974837	-0.0356936	0.5006550	0.4759015	-0.2691692	0.5023467	0.4906222	-0.1156379	0.4437922	0.0982021	-0.2153815	0.4710617	0.1093329	-0.1174522	0.6064826	0.0725045	-0.1596525	0.3680507	0.0755810	-0.1582754	0.5595093	0.0529463	-0.2232576	0.4912872	1.5449319	0.0602817	0.5150411	1.5530181	-0.3075156	0.3945851	1.5495471	-0.1278978	0.6114385	0.7243529	0.1140754	0.5631347	0.6276129	0.1284303	0.4752057	0.7326298	0.1347426	0.6351489	0.7084810	-0.3134427	0.5795188	0.6149615	-0.3256549	0.4975875	0.7241875	-0.3534526	0.4793634	0.3727920	0.0703646	0.4874347	0.2562668	0.0715457	0.4172714	0.2767712	0.0668851	0.4818331	0.3647423	-0.2582624	0.5029667	0.2447638	-0.2609206	0.4223554	0.2639925	-0.2578899	0.5191233	0.8720643	0.0041023	0.5381535	0.8670790	-0.2270296	0.4547713	1.1877908	0.1676924	0.4408829	1.1762912	0.0823157	0.5919136	0.9604351	0.1178623	0.5366307	0.9286023	0.1379383	0.5300577	1.1956839	-0.4152500	0.4839951	1.1822522	-0.3478249	0.6395236	0.9560214	-0.3306232	0.5885725	0.9321584	-0.3702703
344	5.7166667	0.4967600	1.4970974	-0.1226100	0.4958100	1.4884574	0.0586500	0.4711700	1.2130074	0.1280200	0.5529800	0.9640374	0.1320800	0.5248300	1.5008974	-0.3023400	0.5193900	1.2317574	-0.3762900	0.5979900	0.9725074	-0.3552000	0.5718600	0.8981474	-0.1073500	0.5678600	0.9011274	0.0186700	0.5191000	0.4934274	-0.0040900	0.4312500	0.1068074	-0.0193800	0.5871700	0.8978474	-0.2332500	0.4934700	0.4837374	-0.1926800	0.4478400	0.0980574	-0.1656600	0.6246000	0.0630574	-0.1682200	0.6172300	0.0634974	-0.1719200	0.4111000	0.0597274	-0.1571500	0.5901900	0.0578674	0.0014700	0.5831800	0.0597274	0.0047600	0.4010700	0.0706774	-0.0314100	0.6339756	0.9787050	0.0909072	0.6656690	0.9704237	-0.2918180	0.4075114	1.0067427	-0.0485561	0.4205848	1.0033703	-0.1989074	0.5065892	0.4818943	0.0814215	0.5270498	0.4915914	-0.0652645	0.4251063	0.1124392	0.0263152	0.4609748	0.1212328	-0.0659406	0.5744046	0.0756045	-0.0114882	0.5189807	0.0575569	0.0440570	0.3613397	0.0967643	-0.0361285	0.5004459	0.4754730	-0.2693278	0.5021030	0.4901983	-0.1156157	0.4431708	0.0976676	-0.2155322	0.4704606	0.1087734	-0.1175104	0.6058506	0.0720903	-0.1596829	0.3673444	0.0749908	-0.1583788	0.5588325	0.0525173	-0.2233621	0.4911048	1.5443267	0.0605413	0.5147676	1.5523800	-0.3073169	0.3943709	1.5490696	-0.1276747	0.6112150	0.7238780	0.1143372	0.5627747	0.6271013	0.1286312	0.4746761	0.7321882	0.1349258	0.6349929	0.7081956	-0.3136154	0.5793416	0.6146226	-0.3258542	0.4972222	0.7238528	-0.3536990	0.4788347	0.3722003	0.0702672	0.4869835	0.2555772	0.0714166	0.4167408	0.2760933	0.0667161	0.4814928	0.3642885	-0.2584008	0.5025441	0.2442708	-0.2610761	0.4218625	0.2635077	-0.2580501	0.5187377	0.8717639	0.0041784	0.5377294	0.8668073	-0.2271154	0.4547342	1.1872994	0.1678592	0.4408550	1.1757564	0.0824499	0.5916884	0.9598092	0.1179362	0.5363558	0.9281087	0.1380068	0.5295877	1.1953456	-0.4151293	0.4835810	1.1818761	-0.3476315	0.6390628	0.9556964	-0.3304974	0.5881512	0.9318422	-0.3702289
345	5.7333333	0.4965000	1.4967874	-0.1222900	0.4955800	1.4880774	0.0589900	0.4720300	1.2125374	0.1285100	0.5526300	0.9638574	0.1320700	0.5245300	1.5006474	-0.3020500	0.5190900	1.2323074	-0.3762100	0.5980800	0.9724374	-0.3548500	0.5711000	0.8973674	-0.1075800	0.5666200	0.9003274	0.0184800	0.5195300	0.4938674	-0.0038700	0.4314800	0.1070474	-0.0190800	0.5869000	0.8970874	-0.2334500	0.4941800	0.4838174	-0.1923300	0.4482500	0.0976374	-0.1656400	0.6233600	0.0619674	-0.1689300	0.6160600	0.0624674	-0.1726000	0.4110100	0.0591174	-0.1573900	0.5892700	0.0572674	0.0010000	0.5822900	0.0591774	0.0043300	0.4011100	0.0710874	-0.0312400	0.6332293	0.9778761	0.0908380	0.6648827	0.9696688	-0.2921900	0.4066156	1.0058456	-0.0487040	0.4196799	1.0024999	-0.1991822	0.5059788	0.4809739	0.0813249	0.5264811	0.4907656	-0.0655653	0.4245020	0.1113768	0.0259280	0.4604070	0.1202487	-0.0664269	0.5735035	0.0744396	-0.0118977	0.5181238	0.0564474	0.0436961	0.3608101	0.0958678	-0.0366113	0.5000301	0.4746219	-0.2697228	0.5016521	0.4893560	-0.1158001	0.4424190	0.0966983	-0.2158959	0.4697232	0.1077826	-0.1177580	0.6050204	0.0712594	-0.1599700	0.3665376	0.0739718	-0.1586639	0.5579762	0.0516821	-0.2237160	0.4906899	1.5432380	0.0606364	0.5141905	1.5512977	-0.3073388	0.3938874	1.5481295	-0.1276369	0.6107055	0.7230029	0.1143982	0.5622080	0.6261861	0.1286713	0.4738957	0.7312658	0.1349338	0.6345497	0.7074723	-0.3140453	0.5789084	0.6138506	-0.3263092	0.4965538	0.7230426	-0.3542050	0.4781912	0.3712227	0.0700641	0.4863713	0.2545267	0.0711582	0.4160785	0.2750954	0.0664735	0.4809746	0.3634088	-0.2587692	0.5019667	0.2433549	-0.2614563	0.4212100	0.2625863	-0.2584387	0.5179872	0.8709643	0.0040392	0.5369541	0.8660486	-0.2274408	0.4545155	1.1863958	0.1679203	0.4405780	1.1748117	0.0824332	0.5912632	0.9587251	0.1178170	0.5358448	0.9271701	0.1379015	0.5289088	1.1946071	-0.4152352	0.4829543	1.1810899	-0.3476666	0.6384261	0.9550572	-0.3305107	0.5875579	0.9311726	-0.3703366
346	5.7500000	0.4960500	1.4965774	-0.1220600	0.4949500	1.4878174	0.0592300	0.4726300	1.2119974	0.1289100	0.5524400	0.9635674	0.1320700	0.5242600	1.5004674	-0.3018100	0.5195600	1.2329974	-0.3757300	0.5977100	0.9726074	-0.3548600	0.5706900	0.8967174	-0.1077200	0.5657000	0.8996874	0.0182800	0.5199100	0.4938774	-0.0037900	0.4312800	0.1070374	-0.0190200	0.5869700	0.8964474	-0.2334600	0.4947300	0.4834874	-0.1922700	0.4482600	0.0972974	-0.1656600	0.6227200	0.0609174	-0.1696100	0.6154800	0.0614674	-0.1732500	0.4103000	0.0587274	-0.1575600	0.5889000	0.0570874	0.0007500	0.5819600	0.0590874	0.0040800	0.4012600	0.0712974	-0.0312700	0.6328301	0.9771777	0.0908750	0.6645008	0.9690336	-0.2924686	0.4060709	1.0051167	-0.0487997	0.4191500	1.0017917	-0.1994096	0.5059347	0.4802740	0.0814009	0.5264809	0.4901441	-0.0656679	0.4243389	0.1106328	0.0257209	0.4602641	0.1195710	-0.0667164	0.5730576	0.0735185	-0.0121887	0.5177225	0.0556204	0.0434544	0.3606992	0.0953371	-0.0368646	0.5000457	0.4739529	-0.2700195	0.5016410	0.4887035	-0.1158753	0.4420651	0.0959060	-0.2161721	0.4693924	0.1069739	-0.1179137	0.6045789	0.0705340	-0.1602144	0.3661458	0.0731677	-0.1588532	0.5574976	0.0509881	-0.2240221	0.4905978	1.5423172	0.0608817	0.5139603	1.5504571	-0.3072392	0.3937354	1.5473765	-0.1274863	0.6105674	0.7223706	0.1145611	0.5620887	0.6255051	0.1288371	0.4735281	0.7305046	0.1350421	0.6344976	0.7069120	-0.3144160	0.5788809	0.6132467	-0.3266915	0.4962593	0.7223701	-0.3546274	0.4780924	0.3704739	0.0700241	0.4862529	0.2537288	0.0710471	0.4159322	0.2743820	0.0664149	0.4808757	0.3627018	-0.2590416	0.5017963	0.2426053	-0.2617495	0.4209688	0.2618442	-0.2587348	0.5175586	0.8703021	0.0039875	0.5365347	0.8654209	-0.2276866	0.4546950	1.1856638	0.1681036	0.4406950	1.1740441	0.0825403	0.5912342	0.9577891	0.1178136	0.5357415	0.9263729	0.1379274	0.5286432	1.1941034	-0.4151910	0.4827589	1.1805201	-0.3475753	0.6381649	0.9546575	-0.3304031	0.5873369	0.9307475	-0.3703092
347	5.7666667	0.4959900	1.4965174	-0.1218100	0.4947400	1.4876974	0.0595100	0.4726000	1.2117674	0.1291100	0.5524500	0.9631574	0.1321800	0.5243600	1.5004674	-0.3015600	0.5206500	1.2333574	-0.3750500	0.5973200	0.9727974	-0.3550000	0.5709000	0.8967274	-0.1075200	0.5656900	0.8996374	0.0182700	0.5202000	0.4936674	-0.0037800	0.4309100	0.1066074	-0.0192200	0.5873900	0.8964674	-0.2330300	0.4944600	0.4826674	-0.1923900	0.4479000	0.0971874	-0.1657100	0.6232000	0.0605774	-0.1697500	0.6159500	0.0611274	-0.1733700	0.4095500	0.0586774	-0.1575900	0.5896500	0.0573474	0.0007300	0.5827300	0.0593474	0.0040500	0.4011400	0.0711774	-0.0314200	0.6330346	0.9771590	0.0912498	0.6647777	0.9690433	-0.2923802	0.4061443	1.0050542	-0.0485901	0.4192611	1.0017323	-0.1993185	0.5065775	0.4802490	0.0817957	0.5271777	0.4901872	-0.0654371	0.4247904	0.1105878	0.0258433	0.4607373	0.1195875	-0.0666665	0.5733586	0.0733315	-0.0121640	0.5180374	0.0555186	0.0435265	0.3611513	0.0954712	-0.0367772	0.5006102	0.4739346	-0.2699656	0.5021803	0.4887001	-0.1156066	0.4422345	0.0957698	-0.2161260	0.4695915	0.1068204	-0.1177515	0.6047316	0.0703988	-0.1601509	0.3662663	0.0730381	-0.1587342	0.5575916	0.0509102	-0.2240262	0.4910228	1.5420896	0.0614894	0.5142931	1.5503647	-0.3067787	0.3941220	1.5473322	-0.1269863	0.6110387	0.7224417	0.1150500	0.5626076	0.6255167	0.1293235	0.4737853	0.7304150	0.1354600	0.6350579	0.7069955	-0.3144527	0.5794417	0.6132889	-0.3267306	0.4965646	0.7223485	-0.3546949	0.4786706	0.3703978	0.0703014	0.4867880	0.2536173	0.0712520	0.4164356	0.2743552	0.0666752	0.4813120	0.3626404	-0.2589769	0.5021551	0.2424974	-0.2617179	0.4212550	0.2617617	-0.2586968	0.5177286	0.8703092	0.0042595	0.5367468	0.8654416	-0.2275904	0.4553735	1.1855707	0.1685287	0.4413574	1.1739254	0.0829316	0.5916889	0.9574963	0.1181248	0.5361605	0.9262053	0.1382734	0.5289626	1.1942880	-0.4147740	0.4831751	1.1806400	-0.3471314	0.6384031	0.9548745	-0.3300428	0.5876026	0.9309891	-0.3699962
348	5.7833333	0.4964200	1.4966174	-0.1214300	0.4951400	1.4876274	0.0598100	0.4716900	1.2116974	0.1291800	0.5526400	0.9627974	0.1324100	0.5247900	1.5007274	-0.3011000	0.5219300	1.2334674	-0.3746100	0.5973900	0.9726074	-0.3548100	0.5716400	0.8969474	-0.1069700	0.5666600	0.8998474	0.0186200	0.5196100	0.4928074	-0.0038600	0.4306300	0.1062574	-0.0196300	0.5878700	0.8967074	-0.2323100	0.4936900	0.4817074	-0.1923700	0.4479900	0.0972374	-0.1658500	0.6246500	0.0612374	-0.1692000	0.6173100	0.0617274	-0.1728400	0.4100600	0.0588874	-0.1574900	0.5912600	0.0580674	0.0007700	0.5842800	0.0599874	0.0040800	0.4004800	0.0706574	-0.0315400	0.6337572	0.9773702	0.0919515	0.6655820	0.9692713	-0.2919306	0.4067600	1.0051913	-0.0480066	0.4199183	1.0018660	-0.1988376	0.5075675	0.4803846	0.0824123	0.5282010	0.4904028	-0.0649878	0.4256495	0.1107052	0.0262086	0.4616087	0.1197819	-0.0663782	0.5742779	0.0734823	-0.0118867	0.5189339	0.0556837	0.0438620	0.3619372	0.0956614	-0.0364637	0.5015262	0.4740678	-0.2695663	0.5030581	0.4888475	-0.1149794	0.4428965	0.0958473	-0.2157584	0.4702826	0.1068846	-0.1172522	0.6054830	0.0705228	-0.1597239	0.3668631	0.0730869	-0.1583112	0.5582790	0.0510750	-0.2236929	0.4918753	1.5420882	0.0623947	0.5150688	1.5505024	-0.3059738	0.3949522	1.5475004	-0.1261278	0.6119908	0.7226460	0.1158490	0.5635584	0.6256710	0.1300863	0.4745221	0.7305192	0.1361826	0.6361179	0.7072454	-0.3141194	0.5804452	0.6134911	-0.3264113	0.4973458	0.7225146	-0.3544160	0.4796139	0.3704983	0.0708055	0.4877183	0.2536975	0.0716926	0.4173149	0.2744769	0.0671648	0.4821302	0.3627506	-0.2585869	0.5029489	0.2425788	-0.2613698	0.4219583	0.2618641	-0.2583355	0.5184295	0.8705226	0.0048752	0.5374954	0.8656619	-0.2271293	0.4562812	1.1856570	0.1691396	0.4423053	1.1740007	0.0835438	0.5923912	0.9574310	0.1187123	0.5368618	0.9262366	0.1388823	0.5297472	1.1946604	-0.4140552	0.4840586	1.1809674	-0.3464112	0.6390138	0.9551924	-0.3294607	0.5882387	0.9313888	-0.3694438
349	5.8000000	0.4967900	1.4967274	-0.1210800	0.4955800	1.4876174	0.0599400	0.4704900	1.2115774	0.1291900	0.5528900	0.9627774	0.1326700	0.5250200	1.5010374	-0.3005500	0.5230400	1.2339574	-0.3745200	0.5978600	0.9721374	-0.3543000	0.5723900	0.8968974	-0.1063600	0.5679300	0.8998074	0.0191600	0.5181500	0.4911474	-0.0039800	0.4306500	0.1062574	-0.0201500	0.5880800	0.8966774	-0.2317100	0.4931900	0.4810874	-0.1919400	0.4488800	0.0972274	-0.1659800	0.6261200	0.0622074	-0.1683900	0.6186800	0.0626274	-0.1720500	0.4119600	0.0590374	-0.1573700	0.5928800	0.0588674	0.0007800	0.5858100	0.0606674	0.0040900	0.3997900	0.0700174	-0.0316500	0.6344960	0.9773133	0.0926905	0.6663736	0.9692598	-0.2914380	0.4074029	1.0050590	-0.0473006	0.4205902	1.0017414	-0.1982305	0.5082267	0.4801842	0.0829369	0.5288525	0.4903141	-0.0646541	0.4263689	0.1105252	0.0265135	0.4623220	0.1197084	-0.0661674	0.5752481	0.0735782	-0.0116506	0.5198563	0.0556858	0.0441739	0.3625243	0.0954260	-0.0362368	0.5022933	0.4738710	-0.2691140	0.5037601	0.4886653	-0.1142701	0.4437105	0.0956917	-0.2153522	0.4711112	0.1067236	-0.1166901	0.6064555	0.0705554	-0.1591936	0.3676083	0.0728269	-0.1578624	0.5592140	0.0510941	-0.2232823	0.4926657	1.5418425	0.0632408	0.5157437	1.5503494	-0.3051622	0.3957145	1.5473783	-0.1252277	0.6128742	0.7224373	0.1166650	0.5643458	0.6254399	0.1308282	0.4751846	0.7303220	0.1369402	0.6371601	0.7071868	-0.3136903	0.5813822	0.6133758	-0.3260194	0.4980927	0.7223960	-0.3541001	0.4802703	0.3703069	0.0712267	0.4884335	0.2535130	0.0720636	0.4179639	0.2742636	0.0675796	0.4828774	0.3625724	-0.2581590	0.5037756	0.2424104	-0.2609879	0.4226735	0.2616802	-0.2579386	0.5191529	0.8704502	0.0055613	0.5382498	0.8656139	-0.2265939	0.4568712	1.1854775	0.1696823	0.4429603	1.1738300	0.0840842	0.5928586	0.9571827	0.1192812	0.5373462	0.9260395	0.1394464	0.5305485	1.1947600	-0.4133727	0.4849301	1.1810408	-0.3457727	0.6395554	0.9551890	-0.3288946	0.5888221	0.9314991	-0.3689152
350	5.8166667	0.4966700	1.4968174	-0.1209400	0.4955100	1.4876174	0.0598900	0.4701000	1.2115174	0.1292800	0.5530100	0.9628774	0.1328300	0.5248000	1.5012274	-0.3002400	0.5235800	1.2345974	-0.3746300	0.5983400	0.9719474	-0.3539100	0.5727100	0.8966674	-0.1060000	0.5685600	0.8996674	0.0195400	0.5171900	0.4900674	-0.0038900	0.4310800	0.1059574	-0.0204300	0.5880800	0.8963974	-0.2314200	0.4932600	0.4810574	-0.1912300	0.4498500	0.0968974	-0.1660100	0.6266500	0.0623774	-0.1679300	0.6192000	0.0627874	-0.1716100	0.4137700	0.0587874	-0.1574000	0.5938400	0.0591774	0.0008700	0.5867300	0.0608974	0.0041900	0.3999100	0.0688174	-0.0315700	0.6348338	0.9770767	0.0931745	0.6667221	0.9690840	-0.2912313	0.4076204	1.0047511	-0.0468028	0.4208194	1.0014488	-0.1978431	0.5082119	0.4797533	0.0831440	0.5287873	0.4900117	-0.0646801	0.4266359	0.1101345	0.0265503	0.4625621	0.1194411	-0.0662573	0.5758587	0.0736483	-0.0116711	0.5204125	0.0555692	0.0442465	0.3626361	0.0948743	-0.0363002	0.5025699	0.4734812	-0.2689003	0.5039422	0.4882847	-0.1137827	0.4442763	0.0953650	-0.2152226	0.4716667	0.1063945	-0.1163982	0.6071660	0.0705037	-0.1588991	0.3681176	0.0723389	-0.1577049	0.5599322	0.0509831	-0.2231125	0.4929566	1.5414820	0.0637128	0.5158609	1.5499988	-0.3047084	0.3959441	1.5470665	-0.1246514	0.6132832	0.7219500	0.1172030	0.5645888	0.6249481	0.1312850	0.4753652	0.7299286	0.1374780	0.6377480	0.7069215	-0.3134759	0.5818551	0.6130605	-0.3258566	0.4983994	0.7221025	-0.3540503	0.4803026	0.3699214	0.0713480	0.4886006	0.2531548	0.0721484	0.4180586	0.2738122	0.0677162	0.4832006	0.3622230	-0.2579823	0.5042538	0.2420902	-0.2608704	0.4230424	0.2613064	-0.2578006	0.5194548	0.8701900	0.0060176	0.5385579	0.8653872	-0.2263069	0.4568808	1.1851329	0.1699321	0.4430098	1.1735173	0.0843128	0.5928214	0.9568351	0.1195456	0.5373266	0.9257115	0.1396890	0.5309863	1.1947025	-0.4130233	0.4854026	1.1809608	-0.3455042	0.6396896	0.9550239	-0.3285874	0.5890159	0.9314438	-0.3686572
351	5.8333333	0.4963700	1.4968774	-0.1209000	0.4951200	1.4876574	0.0599100	0.4706000	1.2117074	0.1295200	0.5529300	0.9627674	0.1328600	0.5245700	1.5012574	-0.3001500	0.5236200	1.2347874	-0.3748000	0.5987500	0.9721074	-0.3537500	0.5728300	0.8964874	-0.1058400	0.5685700	0.8995474	0.0196700	0.5172500	0.4899774	-0.0036600	0.4313300	0.1056074	-0.0204700	0.5883200	0.8960874	-0.2312300	0.4934600	0.4809074	-0.1907700	0.4503100	0.0964174	-0.1660500	0.6268500	0.0622174	-0.1677200	0.6194600	0.0626374	-0.1713900	0.4146900	0.0582774	-0.1576100	0.5939300	0.0591174	0.0010100	0.5867900	0.0608674	0.0043200	0.3999400	0.0682774	-0.0316000	0.6349691	0.9769148	0.0934565	0.6668738	0.9689535	-0.2912420	0.4076360	1.0044847	-0.0465152	0.4208490	1.0011880	-0.1976719	0.5079245	0.4793573	0.0831652	0.5284413	0.4897430	-0.0648984	0.4266582	0.1097822	0.0264180	0.4625547	0.1192117	-0.0665243	0.5762357	0.0737699	-0.0118421	0.5207284	0.0554945	0.0441586	0.3625011	0.0943468	-0.0365385	0.5026417	0.4731387	-0.2688727	0.5038962	0.4879559	-0.1134859	0.4447363	0.0950716	-0.2153299	0.4720885	0.1061071	-0.1163462	0.6077316	0.0704925	-0.1587889	0.3685313	0.0718778	-0.1578106	0.5605386	0.0508782	-0.2231345	0.4929396	1.5412467	0.0639102	0.5156834	1.5497131	-0.3045399	0.3958608	1.5468011	-0.1243623	0.6134670	0.7215009	0.1175189	0.5645889	0.6244941	0.1315358	0.4753268	0.7295870	0.1378411	0.6381268	0.7066797	-0.3134197	0.5821238	0.6127767	-0.3258644	0.4985272	0.7218478	-0.3542023	0.4800674	0.3695770	0.0712959	0.4885081	0.2528439	0.0720560	0.4178958	0.2733926	0.0676878	0.4833481	0.3619241	-0.2580087	0.5045792	0.2418238	-0.2609671	0.4232799	0.2609612	-0.2578781	0.5195546	0.8699838	0.0062823	0.5386677	0.8651964	-0.2262210	0.4566948	1.1848434	0.1699757	0.4428186	1.1732758	0.0843378	0.5925907	0.9565574	0.1195662	0.5371067	0.9254541	0.1396864	0.5312558	1.1947032	-0.4129242	0.4856778	1.1809307	-0.3454969	0.6396722	0.9549274	-0.3284565	0.5890683	0.9314328	-0.3685803
352	5.8500000	0.4964600	1.4967274	-0.1207000	0.4951100	1.4875974	0.0601900	0.4713200	1.2115874	0.1298300	0.5526400	0.9627374	0.1328100	0.5247900	1.5010774	-0.3000300	0.5236700	1.2345474	-0.3749000	0.5991700	0.9723074	-0.3536500	0.5730900	0.8958874	-0.1057200	0.5685500	0.8988874	0.0197100	0.5175500	0.4899474	-0.0035800	0.4314400	0.1060974	-0.0205100	0.5888100	0.8955974	-0.2310100	0.4931500	0.4804074	-0.1908500	0.4505000	0.0962774	-0.1661700	0.6273200	0.0627174	-0.1673500	0.6199400	0.0631074	-0.1710400	0.4151300	0.0583874	-0.1578900	0.5933700	0.0589174	0.0009400	0.5862700	0.0606874	0.0042700	0.4001800	0.0687974	-0.0317800	0.6351976	0.9763438	0.0936978	0.6671871	0.9684085	-0.2912815	0.4077962	1.0038102	-0.0463026	0.4210485	1.0005195	-0.1975723	0.5078059	0.4785691	0.0832113	0.5282795	0.4890825	-0.0650658	0.4267328	0.1091400	0.0262526	0.4626068	0.1186889	-0.0668044	0.5765684	0.0735049	-0.0120235	0.5210081	0.0550769	0.0440312	0.3624497	0.0936096	-0.0367984	0.5028467	0.4724009	-0.2688924	0.5039651	0.4872334	-0.1132585	0.4453456	0.0944326	-0.2154749	0.4726313	0.1054762	-0.1163441	0.6084223	0.0701774	-0.1586650	0.3690860	0.0710689	-0.1579766	0.5612858	0.0504321	-0.2231474	0.4929731	1.5406552	0.0640388	0.5156239	1.5490453	-0.3044283	0.3958685	1.5461208	-0.1241673	0.6137656	0.7206736	0.1177912	0.5647211	0.6236571	0.1317644	0.4754221	0.7288272	0.1381635	0.6386398	0.7060178	-0.3133572	0.5825301	0.6120815	-0.3258850	0.4988327	0.7211775	-0.3543916	0.4799715	0.3688503	0.0712530	0.4885109	0.2521712	0.0719457	0.4178429	0.2726470	0.0676545	0.4836371	0.3612440	-0.2580785	0.5050420	0.2411934	-0.2610890	0.4236799	0.2602426	-0.2580053	0.5197804	0.8693563	0.0064996	0.5389452	0.8645808	-0.2261757	0.4566694	1.1841709	0.1700002	0.4427542	1.1726547	0.0843552	0.5924851	0.9558872	0.1195286	0.5370091	0.9248106	0.1396337	0.5316447	1.1942941	-0.4128986	0.4860533	1.1804795	-0.3455608	0.6398336	0.9544517	-0.3283404	0.5893083	0.9310133	-0.3685183
353	5.8666667	0.4969000	1.4965774	-0.1203900	0.4956100	1.4872974	0.0606400	0.4719200	1.2111874	0.1300900	0.5524700	0.9623774	0.1327800	0.5252100	1.5010474	-0.2998600	0.5239600	1.2342874	-0.3747900	0.5994400	0.9725774	-0.3536200	0.5732000	0.8946274	-0.1057000	0.5685100	0.8975374	0.0197000	0.5179400	0.4900074	-0.0035200	0.4321600	0.1071674	-0.0204800	0.5890600	0.8944874	-0.2309200	0.4929500	0.4797774	-0.1909600	0.4509400	0.0963574	-0.1661100	0.6267500	0.0628674	-0.1672900	0.6193700	0.0632674	-0.1709800	0.4156400	0.0585174	-0.1580400	0.5925200	0.0588074	0.0005900	0.5854500	0.0606374	0.0039400	0.4011500	0.0701574	-0.0319600	0.6352490	0.9750857	0.0938453	0.6673773	0.9672132	-0.2914043	0.4078193	1.0025522	-0.0462221	0.4211295	0.9992857	-0.1976039	0.5076759	0.4772095	0.0832777	0.5281235	0.4878608	-0.0651899	0.4266756	0.1081549	0.0260050	0.4625284	0.1178240	-0.0671443	0.5765584	0.0727482	-0.0123005	0.5209796	0.0542239	0.0437895	0.3623359	0.0926772	-0.0371042	0.5029067	0.4710966	-0.2690240	0.5038896	0.4859342	-0.1131741	0.4457711	0.0933048	-0.2156737	0.4729757	0.1043492	-0.1164224	0.6088554	0.0694250	-0.1586113	0.3694627	0.0697723	-0.1581895	0.5617883	0.0495298	-0.2232033	0.4929066	1.5394798	0.0641023	0.5154849	1.5478211	-0.3043988	0.3957906	1.5448513	-0.1240790	0.6139148	0.7192713	0.1179915	0.5647556	0.6222453	0.1319496	0.4754008	0.7274169	0.1383951	0.6389764	0.7047329	-0.3133795	0.5827753	0.6107872	-0.3259968	0.4990125	0.7199015	-0.3546707	0.4798334	0.3675915	0.0711886	0.4884145	0.2510122	0.0717717	0.4177299	0.2714705	0.0675872	0.4837806	0.3600209	-0.2582325	0.5053371	0.2400465	-0.2612664	0.4239316	0.2590054	-0.2582089	0.5198412	0.8680657	0.0066072	0.5390906	0.8633248	-0.2262341	0.4565736	1.1829052	0.1700079	0.4425898	1.1714361	0.0843455	0.5922939	0.9546189	0.1194304	0.5368285	0.9235679	0.1395363	0.5318929	1.1932837	-0.4129753	0.4862796	1.1794175	-0.3457196	0.6399257	0.9534180	-0.3282962	0.5894836	0.9300070	-0.3685272
354	5.8833333	0.4971100	1.4966374	-0.1202000	0.4957700	1.4871774	0.0609100	0.4726800	1.2107674	0.1302000	0.5526100	0.9620774	0.1328700	0.5255000	1.5012074	-0.2997400	0.5240500	1.2344674	-0.3744700	0.5995800	0.9730874	-0.3537500	0.5729000	0.8939674	-0.1058000	0.5682600	0.8967874	0.0196700	0.5189600	0.4908374	-0.0032100	0.4330300	0.1076074	-0.0203200	0.5887400	0.8938774	-0.2310900	0.4934500	0.4800274	-0.1907600	0.4512700	0.0963174	-0.1656400	0.6242200	0.0613274	-0.1681100	0.6169200	0.0618474	-0.1717600	0.4153800	0.0580174	-0.1578900	0.5921200	0.0588374	0.0001400	0.5850100	0.0607074	0.0035500	0.4025400	0.0708374	-0.0318900	0.6349465	0.9744097	0.0938801	0.6671654	0.9665927	-0.2916353	0.4074429	1.0019762	-0.0462975	0.4207920	0.9987325	-0.1977919	0.5074180	0.4765749	0.0833283	0.5278433	0.4873477	-0.0653257	0.4263888	0.1079930	0.0257207	0.4622100	0.1177636	-0.0675154	0.5761390	0.0726372	-0.0126860	0.5205782	0.0540634	0.0434465	0.3620399	0.0926794	-0.0373906	0.5025862	0.4705050	-0.2692405	0.5034606	0.4853275	-0.1132382	0.4456037	0.0928595	-0.2159596	0.4727365	0.1038830	-0.1166522	0.6085371	0.0691784	-0.1587904	0.3692897	0.0692450	-0.1584739	0.5615448	0.0492018	-0.2234079	0.4925377	1.5389893	0.0641164	0.5150317	1.5473353	-0.3044931	0.3953822	1.5443005	-0.1241249	0.6137280	0.7186017	0.1180839	0.5645369	0.6215653	0.1320596	0.4750728	0.7266560	0.1385310	0.6388272	0.7040740	-0.3135496	0.5825756	0.6101583	-0.3262190	0.4987666	0.7192920	-0.3550033	0.4795417	0.3670695	0.0710909	0.4881117	0.2506023	0.0715454	0.4174538	0.2710875	0.0675001	0.4834908	0.3595013	-0.2584479	0.5051153	0.2395902	-0.2615118	0.4237013	0.2584834	-0.2584659	0.5194929	0.8673913	0.0065868	0.5387966	0.8626806	-0.2264175	0.4562709	1.1822543	0.1699813	0.4421931	1.1708271	0.0842894	0.5919062	0.9539713	0.1192762	0.5364643	0.9229434	0.1394075	0.5317897	1.1929104	-0.4131336	0.4861625	1.1789871	-0.3459431	0.6397293	0.9530555	-0.3283662	0.5893626	0.9296527	-0.3686460
