Coordinates
version=1
nRows=795
nColumns=34
inDegrees=yes

Units are S.I. units (second, meters, Newtons, ...)
If the header above contains a line with 'inDegrees', this indicates whether rotational values are in degrees (yes) or radians (no).

endheader
time	pelvis_tilt	pelvis_list	pelvis_rotation	pelvis_tx	pelvis_ty	pelvis_tz	hip_flexion_r	hip_adduction_r	hip_rotation_r	knee_angle_r	ankle_angle_r	subtalar_angle_r	mtp_angle_r	hip_flexion_l	hip_adduction_l	hip_rotation_l	knee_angle_l	ankle_angle_l	subtalar_angle_l	mtp_angle_l	lumbar_extension	lumbar_bending	lumbar_rotation	arm_flex_r	arm_add_r	arm_rot_r	elbow_flex_r	pro_sup_r	arm_flex_l	arm_add_l	arm_rot_l	elbow_flex_l	pro_sup_l
      0.00000000	      1.51930364	     -2.42001759	     -0.24165988	     -0.48076028	      0.95885704	     -0.15921394	     -3.17528606	      2.09920927	     -1.33870867	      5.10471216	      3.46071687	     -8.96597095	      0.00000000	     -4.96076479	     -4.52539142	     -4.48770177	      3.48336319	     13.28116007	      0.48218480	      0.00000000	     -3.22433176	      3.53091452	     -5.50017562	      2.56679910	     -5.08969794	      8.63069343	     24.67656233	     85.64331599	     -4.79268999	     -5.03947005	      6.53104944	     23.80888675	     74.49529684
      0.01666670	     -0.73534037	     -1.07192537	     -0.79921204	     -0.47837222	      0.95324227	     -0.15829817	     -0.99073392	      0.96339652	     -0.61494861	      4.40750474	      7.20774566	     -5.40543110	      0.00000000	     -1.68307760	     -2.68006620	     -5.31670432	      4.19033843	     12.77752800	      1.35735540	      0.00000000	      0.89454531	      2.34369437	     -5.34856558	      1.48523570	     -4.86196738	      7.67354588	     24.33895079	     85.53625746	     -5.64195562	     -4.97286797	      5.14550544	     22.76015947	     74.35564657
      0.03333330	     -1.29037706	     -0.42680131	     -1.13123134	     -0.48063835	      0.94920135	     -0.15891049	     -0.28073617	      0.09261604	     -0.93555131	      3.56905486	      7.47052537	     -4.73140587	      0.00000000	     -0.93465757	     -1.90892738	     -6.13477803	      4.50171489	     13.12868364	      2.46595574	      0.00000000	      1.81052517	      1.63492760	     -5.00163975	      1.40375427	     -4.96982062	      7.78483047	     24.68564940	     85.59197357	     -5.73488019	     -5.40662674	      5.59335000	     22.68476562	     74.53375536
      0.05000000	     -0.79970441	     -0.00548523	     -1.19348589	     -0.47659356	      0.95561151	     -0.15714425	     -1.14979736	     -0.37815244	     -1.19283950	      3.22650150	      7.87992129	     -3.55588922	      0.00000000	     -1.88294562	     -1.36727499	     -6.03470313	      4.25405691	     12.82595481	      2.16687746	      0.00000000	      1.74741303	      1.05328966	     -4.60675666	      1.06983272	     -5.03080065	      9.05568714	     24.76369102	     85.71719324	     -5.38603622	     -6.19648398	      9.91510249	     21.90849946	     75.48778245
      0.06666670	     -0.73792276	      0.11115156	     -1.38592710	     -0.48050710	      0.95223861	     -0.15829531	     -1.06981945	     -0.51563831	     -0.91966202	      2.89098608	      8.04223992	     -3.59172592	      0.00000000	     -2.10555062	     -1.14070972	     -5.81861428	      4.01976005	     13.17398903	      2.16429944	      0.00000000	      1.62178628	      1.04202223	     -4.37291339	      1.19853379	     -5.06909083	      9.15821773	     24.83197556	     85.72209972	     -5.27386763	     -6.14878195	     10.09927459	     21.94806542	     75.48543617
      0.08333330	     -0.01912151	      0.05227943	     -1.35768413	     -0.47972033	      0.95568154	     -0.15807333	     -1.94683438	     -0.42470108	     -0.57106003	      2.26176786	      7.53187230	     -3.88035069	      0.00000000	     -3.05506754	     -1.15782298	     -5.45961276	      3.56708726	     12.97462183	      1.97350349	      0.00000000	      0.65766112	      1.08028610	     -3.98021330	      1.37487657	     -5.22694198	      9.80520352	     24.90414362	     85.74353295	     -4.45920309	     -6.16462825	     11.07911533	     21.60001788	     75.43621039
      0.10000000	      0.14428205	      0.23593745	     -1.34167897	     -0.47797868	      0.96036328	     -0.15622646	     -2.40587256	     -0.52569831	     -0.57417401	      2.02982689	      7.69887874	     -3.37862320	      0.00000000	     -3.37025529	     -0.99798075	     -5.35941747	      3.25543107	     12.07882675	      1.40007650	      0.00000000	      0.60865551	      0.83830531	     -3.85404424	      1.27053973	     -5.24201799	     10.56117598	     24.55173875	     85.61347668	     -3.90274046	     -6.24479413	     12.55092921	     20.77809095	     75.11279746
      0.11666670	      0.16220190	      0.45460678	     -1.31204596	     -0.47760988	      0.96008693	     -0.15583117	     -2.62369614	     -0.68211065	     -0.51921562	      1.88342908	      7.70900050	     -3.30578497	      0.00000000	     -3.39136931	     -0.84721600	     -5.50944704	      3.26646205	     11.61704205	      1.43516627	      0.00000000	      0.64445698	      0.50835859	     -3.94569752	      1.07344264	     -5.08991713	     10.62604957	     24.48921842	     85.59223491	     -3.82126182	     -6.33821027	     12.62639143	     20.73444914	     75.05236136
      0.13333330	      0.19502513	      0.54910191	     -1.24667459	     -0.47815407	      0.95905689	     -0.15582702	     -2.76467743	     -0.73869418	     -0.44772158	      1.89617955	      7.68632493	     -3.24937310	      0.00000000	     -3.43750525	     -0.79242431	     -5.59824646	      3.25271316	     11.36950402	      1.43475584	      0.00000000	      0.69350799	      0.44753438	     -4.07735767	      0.93597712	     -5.07079619	     10.64596527	     24.42824534	     85.58565335	     -3.65158983	     -6.39239145	     12.63655582	     20.75281287	     75.02967176
      0.15000000	      0.15734649	      0.56158181	     -1.25203298	     -0.47753193	      0.96048565	     -0.15592008	     -2.78989299	     -0.71770417	     -0.44785455	      1.90526366	      7.68343446	     -3.24789392	      0.00000000	     -3.44826292	     -0.78263536	     -5.59287480	      3.26193111	     11.35390603	      1.43994605	      0.00000000	      0.68974990	      0.43983561	     -4.07446843	      0.94099374	     -5.06731919	     10.64699520	     24.42879959	     85.58535169	     -3.64827084	     -6.39682953	     12.63691946	     20.75022475	     75.02830731
      0.16666670	      0.83943003	      0.63327683	     -1.23212460	     -0.48179847	      0.95426451	     -0.15662374	     -3.56754483	     -0.82982411	     -0.32280818	      1.32970800	      7.41222018	     -3.41970497	      0.00000000	     -4.23763666	     -0.62806564	     -5.20720345	      2.81053696	     10.59903309	      1.24471804	      0.00000000	     -0.28985577	      0.24818101	     -3.94696616	      1.29801923	     -5.01964797	     10.92404881	     24.21626303	     85.49254130	     -2.94994261	     -6.55196086	     12.88738646	     20.21965163	     74.61997431
      0.18333330	      0.86278831	      0.62339113	     -1.31867241	     -0.48203815	      0.95578408	     -0.15649069	     -3.46024929	     -0.85022350	     -0.29295149	      1.15527640	      7.42105673	     -3.41879978	      0.00000000	     -4.16710059	     -0.59885615	     -5.12145636	      2.75344220	     10.61448917	      1.27524189	      0.00000000	     -0.37265919	      0.23455543	     -3.96627444	      1.33917792	     -5.02253220	     10.93220846	     24.22263459	     85.48927541	     -2.87566864	     -6.56296595	     12.89328330	     20.22251048	     74.60554478
      0.20000000	      0.87769613	      0.59207375	     -1.19489510	     -0.47958947	      0.96096586	     -0.15748948	     -3.51520485	     -0.85364099	     -0.08599940	      0.85528088	      7.16553360	     -3.39161582	      0.00000000	     -4.18042159	     -0.59555402	     -4.71195328	      2.70181165	     10.71969296	      1.40896852	      0.00000000	     -0.48517497	      0.23835039	     -3.99346372	      1.45081334	     -5.05536444	     10.99026088	     24.22070029	     85.47548664	     -2.63497700	     -6.59939705	     12.92979497	     20.17625309	     74.52413461
      0.21666670	      0.89330253	      0.59264811	     -1.17908611	     -0.48030593	      0.96532190	     -0.15714461	     -3.47019724	     -0.84208235	     -0.08627037	      0.83216730	      7.15928908	     -3.39397759	      0.00000000	     -4.20208793	     -0.57631324	     -4.70383431	      2.71381917	     10.72203163	      1.41096119	      0.00000000	     -0.48766420	      0.24252389	     -3.99533528	      1.44693500	     -5.05573711	     10.99205896	     24.21869804	     85.47522699	     -2.63157725	     -6.60347552	     12.93025753	     20.17337254	     74.52213205
      0.23333330	      1.15884580	      0.53835703	     -0.88718759	     -0.47971893	      0.96345661	     -0.15715217	     -3.93191686	     -0.78214086	     -0.34480858	      0.34894674	      6.17244712	     -3.71295473	      0.00000000	     -4.43293196	     -0.64798141	     -4.19076246	      2.84247399	     10.81923959	      1.55163565	      0.00000000	     -0.97644472	      0.31160599	     -4.09480134	      1.48672898	     -5.07690822	     11.16322576	     24.08543196	     85.44719836	     -2.17786951	     -6.63617846	     13.03486422	     19.92644970	     74.32377479
      0.25000000	      1.15193199	      0.53150551	     -0.87685941	     -0.47896548	      0.96201853	     -0.15713689	     -3.89523024	     -0.78190501	     -0.33972288	      0.33058204	      6.16611721	     -3.71222562	      0.00000000	     -4.48538527	     -0.66116865	     -4.18550946	      2.86135488	     10.81779451	      1.55401654	      0.00000000	     -0.98154587	      0.30835553	     -4.10041329	      1.48504943	     -5.07841520	     11.16419573	     24.08340641	     85.44685788	     -2.16972956	     -6.64046057	     13.03513658	     19.92525439	     74.32207635
      0.26666670	      1.32780653	      0.34339202	     -0.81521129	     -0.47948079	      0.96031375	     -0.15752923	     -4.23407804	     -0.57281444	     -0.27666800	      0.00000000	      5.67154997	     -3.87676546	      0.00000000	     -4.78191738	     -0.86862256	     -3.86033608	      2.75673949	     10.97900952	      1.64249813	      0.00000000	     -1.17617345	      0.55698178	     -4.13635410	      1.48977240	     -5.14659378	     11.25426708	     23.97607099	     85.42345268	     -1.97370218	     -6.64286680	     13.09538830	     19.75703020	     74.19315683
      0.28333330	      1.27984264	      0.33661406	     -0.80809382	     -0.47766772	      0.95798665	     -0.15791217	     -4.24463749	     -0.58181577	     -0.27394538	      0.01711519	      5.66459187	     -3.87894947	      0.00000000	     -4.83953396	     -0.87993968	     -3.85824667	      2.78951937	     10.97837999	      1.64268776	      0.00000000	     -1.17899903	      0.55178100	     -4.14190196	      1.49068783	     -5.15078567	     11.25462016	     23.97464604	     85.42304031	     -1.96371924	     -6.64460748	     13.09558325	     19.75717328	     74.19148387
      0.30000000	      1.35085528	      0.34837253	     -0.72244861	     -0.47426488	      0.96310497	     -0.15673786	     -4.52793547	     -0.53833302	     -0.24167742	      0.33424074	      5.59404241	     -3.89955482	      0.00000000	     -5.04672692	     -0.92217611	     -3.84335354	      2.98808300	     10.94091302	      1.64588100	      0.00000000	     -0.98625490	      0.50320207	     -4.19897321	      1.34057899	     -5.18538939	     11.26539165	     23.92076286	     85.41962186	     -1.98704426	     -6.66447211	     13.09901791	     19.72999552	     74.17401782
      0.31666670	      1.39204659	      0.39116953	     -0.70742119	     -0.47352286	      0.96207633	     -0.15653981	     -4.78768820	     -0.53997248	     -0.29567086	      0.54743931	      5.65196385	     -3.99796176	      0.00000000	     -5.23080083	     -0.91232349	     -3.86703358	      3.14982440	     10.91061480	      1.62549369	      0.00000000	     -0.90839819	      0.49854466	     -4.22819533	      1.12609388	     -5.16843699	     11.28907462	     23.84475018	     85.41627729	     -2.08683408	     -6.70842349	     13.10258608	     19.66484458	     74.15163858
      0.33333330	      1.46122160	      0.44940243	     -0.64256500	     -0.47441961	      0.96307954	     -0.15655658	     -5.03341241	     -0.54084400	     -0.38441495	      0.68663427	      5.88809920	     -4.19434672	      0.00000000	     -5.42129065	     -0.88743673	     -3.89962312	      3.19694951	     10.81329362	      1.61108618	      0.00000000	     -0.88816314	      0.37186496	     -4.25591144	      0.94773517	     -5.12084105	     11.32426523	     23.76259077	     85.40711780	     -2.12706602	     -6.74246061	     13.11139430	     19.58804252	     74.10682411
      0.35000000	      1.41379691	      0.47275515	     -0.63593965	     -0.47421085	      0.96253447	     -0.15603555	     -5.08881033	     -0.52257509	     -0.38643248	      0.71030186	      5.89594503	     -4.19977510	      0.00000000	     -5.41187044	     -0.87919585	     -3.90303952	      3.18062986	     10.80993335	      1.60998236	      0.00000000	     -0.89530626	      0.37477465	     -4.25102188	      0.95140359	     -5.11781921	     11.32545641	     23.76201054	     85.40664854	     -2.12702821	     -6.74528946	     13.11142365	     19.58489968	     74.10486675
      0.36666670	      1.53513871	      0.54273983	     -0.51799144	     -0.47375882	      0.96141652	     -0.15621319	     -5.33286859	     -0.55648255	     -0.46283219	      0.71314092	      6.30984897	     -4.47686223	      0.00000000	     -5.73125630	     -0.81078841	     -3.86764457	      2.79435377	     10.50144318	      1.68101277	      0.00000000	     -0.93695844	      0.24705084	     -4.23750265	      0.84840579	     -5.01268296	     11.38344494	     23.63799139	     85.37111827	     -2.10836576	     -6.82191004	     13.12872705	     19.44829878	     73.98664891
      0.38333330	      1.53115841	      0.50526495	     -0.49403592	     -0.47883958	      0.95714657	     -0.15806725	     -5.17810796	     -0.56489544	     -0.48750385	      0.58884008	      6.33971471	     -4.52249798	      0.00000000	     -5.66644822	     -0.79206610	     -3.83869804	      2.62835947	     10.60907262	      1.66040698	      0.00000000	     -1.11000284	      0.30620509	     -4.20676354	      0.95212393	     -5.03698645	     11.38366031	     23.64364935	     85.36383876	     -2.05627947	     -6.82964385	     13.12958045	     19.43674446	     73.96746684
      0.40000000	      1.50942559	      0.51269119	     -0.48065348	     -0.47157514	      0.96078012	     -0.15665824	     -5.19292042	     -0.55738799	     -0.48052162	      0.61799224	      6.33376832	     -4.52202589	      0.00000000	     -5.66841121	     -0.79674849	     -3.83124589	      2.64005873	     10.60530944	      1.66244268	      0.00000000	     -1.11846760	      0.30739572	     -4.20773402	      0.96309169	     -5.03782004	     11.38354576	     23.64507014	     85.36321096	     -2.04397494	     -6.82643423	     13.12971621	     19.43924954	     73.96601077
      0.41666670	      1.56571409	      0.49220879	     -0.39926843	     -0.47091312	      0.96101219	     -0.15697208	     -5.31769990	     -0.53937297	     -0.46204401	      0.79497092	      6.33290697	     -4.54133979	      0.00000000	     -5.78410380	     -0.83015711	     -3.79674050	      2.68035976	     10.59432517	      1.67567887	      0.00000000	     -1.02893061	      0.29947281	     -4.20851378	      0.86560368	     -5.02148744	     11.39490314	     23.60719696	     85.35745156	     -2.11217261	     -6.81260332	     13.13490139	     19.41357955	     73.94988480
      0.43333330	      1.53391310	      0.49561813	     -0.40070466	     -0.47185514	      0.96094128	     -0.15709773	     -5.33202843	     -0.53894115	     -0.46269700	      0.80028568	      6.33368103	     -4.54201846	      0.00000000	     -5.79920384	     -0.83247820	     -3.79674060	      2.68614014	     10.59389629	      1.67566607	      0.00000000	     -1.02872420	      0.29943174	     -4.20891229	      0.86377954	     -5.02125086	     11.39506949	     23.60649052	     85.35737275	     -2.11300222	     -6.81251773	     13.13496589	     19.41322799	     73.94968282
      0.45000000	      1.51400818	      0.49539404	     -0.40102538	     -0.47236565	      0.96173085	     -0.15708381	     -5.34006031	     -0.54030190	     -0.46315030	      0.80213798	      6.33498563	     -4.54281437	      0.00000000	     -5.80712960	     -0.83281549	     -3.79665558	      2.68861415	     10.59333946	      1.67570638	      0.00000000	     -1.02840915	      0.29954506	     -4.20927033	      0.86186362	     -5.02089258	     11.39526593	     23.60577983	     85.35728404	     -2.11385264	     -6.81233452	     13.13504503	     19.41293578	     73.94946803
      0.46666670	      1.51413214	      0.49462099	     -0.40071519	     -0.47245850	      0.96122854	     -0.15711448	     -5.34089513	     -0.54166904	     -0.46323575	      0.80049962	      6.33631369	     -4.54331541	      0.00000000	     -5.80931026	     -0.83254401	     -3.79663514	      2.68858933	     10.59240655	      1.67594390	      0.00000000	     -1.02856355	      0.29966818	     -4.20951706	      0.86012489	     -5.02028158	     11.39549156	     23.60509475	     85.35720067	     -2.11455591	     -6.81210746	     13.13512543	     19.41267883	     73.94927043
      0.48333330	      1.56025870	      0.55005052	     -0.30845426	     -0.47110065	      0.96163285	     -0.15723123	     -5.65324679	     -0.58727525	     -0.41513178	      0.40723689	      6.65226378	     -4.61783535	      0.00000000	     -6.00753265	     -0.76865753	     -3.75702314	      2.43077092	     10.29119686	      1.74946288	      0.00000000	     -0.90702934	      0.20095553	     -4.22484240	      0.59634748	     -4.92782278	     11.43826307	     23.48108354	     85.32241808	     -2.25187602	     -6.75317616	     13.15791855	     19.37691761	     73.88163551
      0.50000000	      1.55862232	      0.55188513	     -0.30772240	     -0.47028061	      0.96015091	     -0.15704769	     -5.66399385	     -0.58795462	     -0.41374161	      0.41201161	      6.65094385	     -4.61605472	      0.00000000	     -6.00734783	     -0.76632241	     -3.75538257	      2.42712158	     10.28886566	      1.75035555	      0.00000000	     -0.90979145	      0.20307910	     -4.22386039	      0.59775791	     -4.92710937	     11.43860489	     23.48062150	     85.32168659	     -2.25173179	     -6.75456658	     13.15795479	     19.37657973	     73.88037636
      0.51666670	      1.54896507	      0.55290650	     -0.30870588	     -0.47047030	      0.96187130	     -0.15712297	     -5.66894482	     -0.58863178	     -0.41349443	      0.41281811	      6.65143493	     -4.61592716	      0.00000000	     -6.00698046	     -0.76655826	     -3.75509440	      2.42484472	     10.28871043	      1.75035288	      0.00000000	     -0.90889681	      0.20335799	     -4.22333025	      0.59702033	     -4.92644305	     11.43881786	     23.48038061	     85.32148738	     -2.25312984	     -6.75490737	     13.15802115	     19.37623526	     73.88002709
      0.53333330	      1.56467273	      0.55278957	     -0.30489583	     -0.47122026	      0.96118047	     -0.15718472	     -5.66923791	     -0.59233314	     -0.41066957	      0.40400966	      6.65400966	     -4.61368150	      0.00000000	     -6.00828959	     -0.76215148	     -3.75323192	      2.41268227	     10.28656808	      1.75190531	      0.00000000	     -0.90584425	      0.20547336	     -4.22076715	      0.59111947	     -4.92214520	     11.44013658	     23.47837329	     85.32049905	     -2.26164167	     -6.75501993	     13.15861793	     19.37418221	     73.87836823
      0.55000000	      1.54358909	      0.55106379	     -0.30022040	     -0.47108045	      0.95945654	     -0.15753718	     -5.69407241	     -0.60472019	     -0.40811333	      0.41187321	      6.65450364	     -4.61176622	      0.00000000	     -6.02807399	     -0.76429379	     -3.75458736	      2.41594623	     10.28046705	      1.75229299	      0.00000000	     -0.90196751	      0.20651665	     -4.21960592	      0.58689302	     -4.91681834	     11.44145092	     23.47727770	     85.31948275	     -2.26652309	     -6.75420882	     13.15927001	     19.37359309	     73.87678134
      0.56666670	      1.61755071	      0.51263288	     -0.29602886	     -0.47584061	      0.95712567	     -0.15928557	     -5.62982073	     -0.62906171	     -0.41344234	      0.35966205	      6.65879984	     -4.61469662	      0.00000000	     -6.04180297	     -0.74982958	     -3.75660020	      2.39923666	     10.28528824	      1.75179456	      0.00000000	     -0.89362978	      0.20874456	     -4.21632988	      0.58419608	     -4.91351835	     11.44254659	     23.47708536	     85.31852397	     -2.27526123	     -6.75368234	     13.16004240	     19.37223893	     73.87537329
      0.58333330	      1.78322210	      0.44073237	     -0.38460989	     -0.47565962	      0.95776221	     -0.15925176	     -5.75582897	     -0.63236281	     -0.47182735	      0.00000000	      6.14521128	     -4.68435283	      0.00000000	     -6.35405010	     -0.71547658	     -3.58153477	      1.94864388	     10.40516629	      1.74463095	      0.00000000	     -1.27347012	      0.45263330	     -4.15983176	      0.90951133	     -5.03445314	     11.49934958	     23.50231356	     85.19648595	     -2.17769942	     -6.61700253	     13.21609486	     19.47953768	     73.70903250
      0.60000000	      1.77323742	      0.45347233	     -0.37767153	     -0.47115736	      0.96229552	     -0.15754423	     -5.75343928	     -0.62639916	     -0.47036610	      0.02472837	      6.14230450	     -4.68434657	      0.00000000	     -6.34884803	     -0.71648728	     -3.58067280	      1.95252649	     10.40031402	      1.74440113	      0.00000000	     -1.27875205	      0.45110424	     -4.16189396	      0.91829806	     -5.03400272	     11.49966152	     23.50505322	     85.19554803	     -2.16692353	     -6.61510039	     13.21634847	     19.48353412	     73.70781645
      0.61666670	      1.76423874	      0.47166894	     -0.38614794	     -0.47198331	      0.96355508	     -0.15716393	     -5.76891598	     -0.61745657	     -0.47303911	      0.02919671	      6.14035197	     -4.68433261	      0.00000000	     -6.34200089	     -0.72326436	     -3.58221458	      1.95056941	     10.39431608	      1.74403423	      0.00000000	     -1.27572063	      0.44451624	     -4.16271811	      0.91677914	     -5.02965205	     11.50105216	     23.50589547	     85.19466926	     -2.16661950	     -6.61554447	     13.21679638	     19.48472508	     73.70652090
      0.63333330	      1.78648979	      0.48129451	     -0.42650919	     -0.47186425	      0.96403242	     -0.15671575	     -5.82359366	     -0.56528922	     -0.49952167	      0.05674518	      6.08180899	     -4.66196937	      0.00000000	     -6.35107013	     -0.77332106	     -3.60090102	      2.01366710	     10.24391744	      1.76080651	      0.00000000	     -1.26058426	      0.28811550	     -4.15472471	      0.89104598	     -4.91185657	     11.52928573	     23.52300244	     85.18307053	     -2.17310529	     -6.65052746	     13.22124652	     19.49529631	     73.68798710
      0.65000000	      1.77215352	      0.50333891	     -0.43203328	     -0.47225731	      0.96422845	     -0.15683416	     -5.85076327	     -0.55743565	     -0.50296389	      0.06858696	      6.07848474	     -4.66092617	      0.00000000	     -6.33370783	     -0.77561569	     -3.60443332	      2.00470772	     10.23687102	      1.76063568	      0.00000000	     -1.26308329	      0.28967751	     -4.15266707	      0.89019450	     -4.90704617	     11.53074773	     23.52358119	     85.18229141	     -2.17399757	     -6.65375533	     13.22135725	     19.49565526	     73.68683857
      0.66666670	      1.78457256	      0.55085206	     -0.37451439	     -0.47202672	      0.96211946	     -0.15681027	     -5.88673343	     -0.57702442	     -0.58964630	      0.09377432	      6.01800768	     -4.63867823	      0.00000000	     -6.31119333	     -0.75679875	     -3.70558788	      2.04087037	     10.01447305	      1.76374917	      0.00000000	     -1.31824140	      0.23173804	     -4.11570464	      0.84547165	     -4.74742904	     11.57418436	     23.53986013	     85.16180437	     -2.18650156	     -6.72894418	     13.22728921	     19.51483587	     73.65732887
      0.68333330	      1.76696613	      0.55573219	     -0.39370573	     -0.47133216	      0.96190329	     -0.15698877	     -5.91287889	     -0.56964638	     -0.59561674	      0.10777479	      6.01712343	     -4.63940674	      0.00000000	     -6.30530741	     -0.75825038	     -3.70483262	      2.04119793	     10.00762731	      1.76534676	      0.00000000	     -1.31888806	      0.22474693	     -4.11943918	      0.84523489	     -4.74921811	     11.57451628	     23.53990629	     85.16060460	     -2.18146337	     -6.72805744	     13.22805631	     19.51827117	     73.65609859
      0.70000000	      1.78531548	      0.51481404	     -0.46448649	     -0.47708226	      0.95847404	     -0.15873874	     -5.76720598	     -0.60010903	     -0.69710097	      0.00000000	      6.01864908	     -4.67600309	      0.00000000	     -6.26656024	     -0.73499515	     -3.71510562	      1.93559745	     10.02835421	      1.75820388	      0.00000000	     -1.40672647	      0.24186725	     -4.10064400	      0.97383196	     -4.79052448	     11.57347067	     23.57495567	     85.14606334	     -2.10339210	     -6.70237410	     13.23756407	     19.56428883	     73.64211771
      0.71666670	      1.79206356	      0.47704780	     -0.42752578	     -0.47724678	      0.95951962	     -0.15878833	     -5.57668799	     -0.61129165	     -0.76349639	      0.00000000	      5.92569152	     -4.68362929	      0.00000000	     -6.19590394	     -0.72231634	     -3.67949369	      1.76259073	     10.06652482	      1.76799136	      0.00000000	     -1.55158380	      0.31095742	     -4.04119615	      1.18814211	     -4.82400631	     11.57449989	     23.63104704	     85.12852798	     -2.00257100	     -6.66261760	     13.24919569	     19.61790689	     73.62511453
      0.73333330	      1.78296810	      0.47752284	     -0.44075232	     -0.47129781	      0.96206380	     -0.15702385	     -5.60379205	     -0.60707728	     -0.76567659	      0.04300166	      5.91314922	     -4.68191066	      0.00000000	     -6.17590260	     -0.71885880	     -3.67119935	      1.76986455	     10.06196378	      1.77057107	      0.00000000	     -1.55824838	      0.31407865	     -4.04168761	      1.19804288	     -4.82687514	     11.57455121	     23.63358961	     85.12728066	     -1.99325545	     -6.65957871	     13.24993463	     19.62240986	     73.62393811
      0.75000000	      1.82614212	      0.48202161	     -0.50790071	     -0.47244582	      0.96191942	     -0.15689871	     -5.69213831	     -0.58158892	     -0.79162642	      0.11324628	      5.84369995	     -4.67189483	      0.00000000	     -6.22442914	     -0.73696424	     -3.63989144	      1.86084145	     10.04487528	      1.77787369	      0.00000000	     -1.50306631	      0.30677047	     -4.01845776	      1.18052395	     -4.81684945	     11.58419251	     23.63515093	     85.11881916	     -2.03648619	     -6.65919967	     13.25694179	     19.62676770	     73.61469204
      0.76666670	      1.85397886	      0.49605578	     -0.45136217	     -0.47286976	      0.96150789	     -0.15734311	     -5.78111875	     -0.58874939	     -0.80018486	      0.18959351	      5.78000677	     -4.65536019	      0.00000000	     -6.28932931	     -0.75279347	     -3.66088484	      1.95521716	     10.01786662	      1.75724531	      0.00000000	     -1.46672672	      0.29930851	     -3.99246789	      1.14713077	     -4.79489645	     11.59867990	     23.63235714	     85.10802076	     -2.08096113	     -6.66454786	     13.26534523	     19.63601551	     73.60291154
      0.78333330	      1.81739543	      0.50725282	     -0.46003745	     -0.47287917	      0.96163431	     -0.15725971	     -5.80514974	     -0.58964348	     -0.80566880	      0.20030302	      5.77767953	     -4.65654767	      0.00000000	     -6.30698064	     -0.76192091	     -3.66410456	      1.97158240	     10.01332167	      1.75443907	      0.00000000	     -1.46776554	      0.29798805	     -3.99461234	      1.14237938	     -4.79369476	     11.59998354	     23.63130886	     85.10683472	     -2.07954352	     -6.66485066	     13.26620169	     19.63879638	     73.60174091
      0.80000000	      1.78900864	      0.51195614	     -0.46279980	     -0.47100446	      0.96348397	     -0.15766577	     -5.81656741	     -0.59403916	     -0.80929406	      0.20770007	      5.77527246	     -4.65715142	      0.00000000	     -6.33060259	     -0.76862170	     -3.67050060	      1.99674929	     10.00395403	      1.75095294	      0.00000000	     -1.46793004	      0.29617863	     -3.99798391	      1.13468947	     -4.79037366	     11.60159442	     23.62966054	     85.10569421	     -2.07743439	     -6.66608205	     13.26697466	     19.64186163	     73.60061804
      0.81666670	      1.89893252	      0.53201857	     -0.42675591	     -0.47083093	      0.96174826	     -0.15739686	     -6.08317270	     -0.59894993	     -0.96731987	      0.06075696	      5.76394082	     -4.65141016	      0.00000000	     -6.43668782	     -0.76891587	     -3.91870796	      2.16049211	      9.69261154	      1.61149774	      0.00000000	     -1.44468349	      0.22615607	     -4.02287436	      0.89524543	     -4.73238701	     11.65729892	     23.58504751	     85.04183334	     -2.16286380	     -6.70569080	     13.32122721	     19.74211076	     73.54518485
      0.83333330	      1.89041745	      0.53042768	     -0.42869595	     -0.47104384	      0.96173410	     -0.15739842	     -6.09114282	     -0.59744012	     -0.96765437	      0.06401872	      5.76383920	     -4.65129646	      0.00000000	     -6.43747857	     -0.76554654	     -3.91851661	      2.16073702	      9.69248788	      1.61140953	      0.00000000	     -1.44411767	      0.22640776	     -4.02288627	      0.89532394	     -4.73248524	     11.65736171	     23.58517566	     85.04163646	     -2.16281807	     -6.70576338	     13.32137591	     19.74247298	     73.54503214
      0.85000000	      1.88328916	      0.52524864	     -0.42893457	     -0.47129514	      0.96164633	     -0.15717980	     -6.09708264	     -0.59776773	     -0.96812287	      0.06595951	      5.76366939	     -4.65119707	      0.00000000	     -6.43963577	     -0.76051139	     -3.91860132	      2.16128247	      9.69218559	      1.61124153	      0.00000000	     -1.44343173	      0.22702460	     -4.02317613	      0.89474346	     -4.73267259	     11.65744132	     23.58507811	     85.04143996	     -2.16287716	     -6.70563421	     13.32156155	     19.74284686	     73.54489034
      0.86666670	      1.89453480	      0.52307565	     -0.45174090	     -0.47178199	      0.96227312	     -0.15739169	     -6.11726622	     -0.58405143	     -0.97413265	      0.06779693	      5.76344948	     -4.65182254	      0.00000000	     -6.41872254	     -0.73889756	     -3.91756720	      2.14559110	      9.69316458	      1.60959630	      0.00000000	     -1.43708090	      0.22963494	     -4.02332113	      0.89301289	     -4.73241977	     11.65808598	     23.58576424	     85.04000866	     -2.16430561	     -6.70629085	     13.32278056	     19.74522318	     73.54385430
      0.88333330	      1.92089053	      0.52934903	     -0.45672920	     -0.47225123	      0.96184365	     -0.15692256	     -6.10407132	     -0.58016448	     -0.97897392	      0.05183817	      5.76237741	     -4.65154283	      0.00000000	     -6.41580487	     -0.73109498	     -3.91986270	      2.12919973	      9.69305330	      1.60624464	      0.00000000	     -1.43522472	      0.23403832	     -4.02384478	      0.88960319	     -4.73157472	     11.65899075	     23.58581624	     85.03844845	     -2.16572300	     -6.70574699	     13.32435029	     19.74796425	     73.54277819
      0.90000000	      1.89175391	      0.54893719	     -0.48113368	     -0.47231268	      0.96213460	     -0.15710240	     -6.05106276	     -0.60928937	     -1.03656268	      0.00000000	      5.73285733	     -4.64162556	      0.00000000	     -6.47030587	     -0.68332276	     -3.95163945	      1.86487377	      9.67310567	      1.56388119	      0.00000000	     -1.49655418	      0.25922132	     -4.02939782	      0.85993021	     -4.69276933	     11.67555529	     23.59533248	     85.01320477	     -2.15691046	     -6.71464329	     13.34850517	     19.79802897	     73.52565255
      0.91666670	      1.92854465	      0.54980858	     -0.47534479	     -0.47261730	      0.96232648	     -0.15708349	     -6.03106888	     -0.60349211	     -1.03609155	      0.00000000	      5.73168714	     -4.63982478	      0.00000000	     -6.46389646	     -0.68107269	     -3.95097194	      1.85036692	      9.66815004	      1.56403900	      0.00000000	     -1.49543818	      0.25538066	     -4.02835181	      0.85848221	     -4.69316870	     11.67606599	     23.59607940	     85.01159858	     -2.15992851	     -6.71406607	     13.35032229	     19.80055374	     73.52467144
      0.93333330	      1.93109486	      0.53938705	     -0.40634617	     -0.47282252	      0.96038837	     -0.15689977	     -5.98622684	     -0.57489027	     -1.01769625	      0.00000000	      5.72396352	     -4.61831398	      0.00000000	     -6.47351616	     -0.70577290	     -3.95070041	      1.69670275	      9.60055057	      1.56631310	      0.00000000	     -1.56748874	      0.20856622	     -4.03977143	      0.84644495	     -4.68501026	     11.68346617	     23.60516759	     84.99332949	     -2.14398330	     -6.71279281	     13.37021635	     19.84342712	     73.51398085
      0.95000000	      1.92427101	      0.55245058	     -0.40648311	     -0.47046774	      0.96258647	     -0.15671282	     -5.98588841	     -0.57476190	     -1.01477977	      0.01015359	      5.72162482	     -4.61541685	      0.00000000	     -6.48145172	     -0.71509718	     -3.94793779	      1.69923929	      9.58951770	      1.56847019	      0.00000000	     -1.56921625	      0.20944236	     -4.04175292	      0.84514557	     -4.68332521	     11.68417542	     23.60637015	     84.99176973	     -2.14044850	     -6.71452650	     13.37159207	     19.84778758	     73.51306647
      0.96666670	      1.90952027	      0.56011246	     -0.39808181	     -0.47001618	      0.96188078	     -0.15671330	     -5.99865754	     -0.57476993	     -1.00940935	      0.01809601	      5.71849882	     -4.61026065	      0.00000000	     -6.50319047	     -0.72380378	     -3.94934606	      1.70383373	      9.57661674	      1.56979084	      0.00000000	     -1.56561894	      0.20853896	     -4.04337396	      0.83680994	     -4.68054835	     11.68534818	     23.60604535	     84.99013841	     -2.14301827	     -6.71671339	     13.37329726	     19.85101568	     73.51211639
      0.98333330	      2.26326213	      0.55978372	     -0.42977999	     -0.47001336	      0.96169004	     -0.15657194	     -6.46328843	     -0.55727276	     -1.04768358	      0.00000000	      5.90967698	     -4.04153355	      0.00000000	     -7.14155930	     -0.72585982	     -3.94787696	      1.29668714	      8.82482022	      1.29705235	      0.00000000	     -1.91721208	      0.15844188	     -3.97551826	      0.59047985	     -4.68232606	     11.81026112	     24.01020170	     84.36493011	     -2.43110926	     -7.01813079	     13.98357991	     20.85958393	     73.16521914
      1.00000000	      2.22800586	      0.56512627	     -0.42452541	     -0.46953117	      0.96285767	     -0.15667801	     -6.47571486	     -0.56083008	     -1.04591593	      0.00751691	      5.90967782	     -4.04120500	      0.00000000	     -7.16136258	     -0.72891725	     -3.94852381	      1.30947231	      8.82260313	      1.29752715	      0.00000000	     -1.91459034	      0.15892444	     -3.97702366	      0.58879289	     -4.68297245	     11.81036610	     24.00991312	     84.36377275	     -2.43087191	     -7.01803673	     13.98440031	     20.85989970	     73.16446239
      1.01666670	      2.21363966	      0.56542744	     -0.42253952	     -0.46992306	      0.96282535	     -0.15664309	     -6.48059453	     -0.56028471	     -1.04545394	      0.00972930	      5.91002159	     -4.04108426	      0.00000000	     -7.17114396	     -0.72738889	     -3.94905930	      1.31453133	      8.82201885	      1.29753283	      0.00000000	     -1.91332411	      0.15906474	     -3.97747328	      0.58752974	     -4.68320736	     11.81040511	     24.00959249	     84.36356315	     -2.43144811	     -7.01792700	     13.98459067	     20.85983455	     73.16433309
      1.03333330	      2.26952554	      0.58922497	     -0.37620042	     -0.47106855	      0.96225467	     -0.15657211	     -6.55507451	     -0.58229287	     -0.98645512	      0.05455800	      5.95861463	     -4.03094794	      0.00000000	     -7.21555022	     -0.70410401	     -3.97751497	      1.39816093	      8.77991329	      1.30283568	      0.00000000	     -1.81330569	      0.15781727	     -4.02043515	      0.49449346	     -4.69348372	     11.81438049	     23.98767929	     84.34592724	     -2.45536777	     -7.02210175	     13.99872690	     20.86143009	     73.15361396
      1.05000000	      2.27264653	      0.58847250	     -0.37521017	     -0.47167922	      0.96209200	     -0.15653137	     -6.55112896	     -0.58026531	     -0.98407897	      0.05017772	      5.96364959	     -4.03107589	      0.00000000	     -7.21529364	     -0.70051364	     -3.97907818	      1.39764268	      8.77909467	      1.30299495	      0.00000000	     -1.81294051	      0.15597970	     -4.02149240	      0.49174756	     -4.69307447	     11.81465849	     23.98716055	     84.34478555	     -2.45709657	     -7.02281096	     13.99968206	     20.86122631	     73.15294166
      1.06666670	      2.28157113	      0.59044252	     -0.37584957	     -0.47118989	      0.96298943	     -0.15663153	     -6.54682820	     -0.58059423	     -0.98273643	      0.04835390	      5.96495956	     -4.03094231	      0.00000000	     -7.20747478	     -0.70201460	     -3.97934750	      1.39463728	      8.77885929	      1.30294552	      0.00000000	     -1.81357295	      0.15549735	     -4.02174912	      0.49178385	     -4.69271579	     11.81472697	     23.98727487	     84.34453625	     -2.45672312	     -7.02327750	     13.99983627	     20.86138019	     73.15279385
      1.08333330	      2.29226964	      0.58870717	     -0.37546953	     -0.47093519	      0.96220974	     -0.15664219	     -6.54686271	     -0.58203306	     -0.98086385	      0.04858400	      5.96612086	     -4.03033738	      0.00000000	     -7.19950535	     -0.70101790	     -3.97978898	      1.39154382	      8.77825709	      1.30314981	      0.00000000	     -1.81459405	      0.15507653	     -4.02205023	      0.49152476	     -4.69235138	     11.81480762	     23.98722718	     84.34428585	     -2.45650650	     -7.02361510	     14.00002324	     20.86145337	     73.15265199
      1.10000000	      2.24583389	      0.65885392	     -0.38149664	     -0.47082834	      0.96258256	     -0.15646661	     -6.47412185	     -0.66196336	     -0.63936893	      0.12719554	      6.43618280	     -3.97981025	      0.00000000	     -7.10348963	     -0.63210853	     -4.12434157	      1.42931327	      8.63580225	      1.36862098	      0.00000000	     -1.84425948	      0.03710776	     -4.07650851	      0.49683092	     -4.61426880	     11.82995157	     24.02842476	     84.21747546	     -2.47365857	     -7.12149588	     14.10732271	     20.90649234	     73.08610456
      1.11666670	      2.24823822	      0.65897573	     -0.38174795	     -0.47070499	      0.96220275	     -0.15651847	     -6.47311638	     -0.66152135	     -0.63945273	      0.12749772	      6.43600268	     -3.97972195	      0.00000000	     -7.10362283	     -0.63250668	     -4.12477043	      1.42911767	      8.63589380	      1.36861777	      0.00000000	     -1.84451181	      0.03703136	     -4.07688850	      0.49656754	     -4.61433173	     11.82997032	     24.02829965	     84.21720733	     -2.47327665	     -7.12140035	     14.10756240	     20.90676240	     73.08596774
      1.13333330	      2.23483408	      0.65737103	     -0.38160676	     -0.47113440	      0.96272410	     -0.15645869	     -6.47860338	     -0.66214230	     -0.63978380	      0.13030246	      6.43593061	     -3.97979539	      0.00000000	     -7.10824738	     -0.63250260	     -4.12553560	      1.43044273	      8.63611141	      1.36838421	      0.00000000	     -1.84392307	      0.03698137	     -4.07725171	      0.49593444	     -4.61453642	     11.82997953	     24.02813307	     84.21697053	     -2.47337649	     -7.12115718	     14.10781600	     20.90696555	     73.08585631
      1.15000000	      2.25161699	      0.64979933	     -0.38528421	     -0.47075319	      0.96019177	     -0.15698033	     -6.47487900	     -0.66079804	     -0.64114198	      0.13383868	      6.43536259	     -3.98022413	      0.00000000	     -7.10632271	     -0.63244097	     -4.12981481	      1.42750313	      8.63768210	      1.36765524	      0.00000000	     -1.84466146	      0.03562173	     -4.08007897	      0.49480340	     -4.61514821	     11.82997779	     24.02782087	     84.21536750	     -2.47081896	     -7.12012356	     14.10939894	     20.90891410	     73.08511513
      1.16666670	      2.24935281	      0.64536648	     -0.38441671	     -0.47089112	      0.96086717	     -0.15687443	     -6.47210593	     -0.66295169	     -0.64160787	      0.13312201	      6.43565108	     -3.98064922	      0.00000000	     -7.10898174	     -0.63208885	     -4.13060101	      1.42803002	      8.63844845	      1.36731254	      0.00000000	     -1.84411245	      0.03573763	     -4.08074841	      0.49443166	     -4.61561831	     11.82992673	     24.02778506	     84.21507721	     -2.47054894	     -7.11963475	     14.10973117	     20.90932169	     73.08499577
      1.18333330	      2.25706246	      0.60227735	     -0.44562080	     -0.47118023	      0.96225612	     -0.15670468	     -6.43340656	     -0.62876841	     -0.68100320	      0.16626610	      6.43483447	     -4.00600367	      0.00000000	     -7.12954301	     -0.66882101	     -4.16593144	      1.40663472	      8.68468202	      1.35624481	      0.00000000	     -1.84210837	      0.05652512	     -4.11333680	      0.50392432	     -4.64197725	     11.82576480	     24.03577476	     84.19638558	     -2.44200015	     -7.09149481	     14.13058675	     20.93597976	     73.07750700
      1.20000000	      2.25132135	      0.59959666	     -0.44576629	     -0.47114623	      0.96412965	     -0.15668661	     -6.43484059	     -0.63292364	     -0.68139337	      0.16763173	      6.43477663	     -4.00649616	      0.00000000	     -7.12610739	     -0.67144760	     -4.16634340	      1.40474511	      8.68575212	      1.35605589	      0.00000000	     -1.84189902	      0.05796171	     -4.11253100	      0.50502491	     -4.64199761	     11.82574669	     24.03642170	     84.19599248	     -2.44282339	     -7.09155404	     14.13099866	     20.93604668	     73.07733424
      1.21666670	      2.26120369	      0.59701585	     -0.44678098	     -0.47099299	      0.96365708	     -0.15670013	     -6.43322852	     -0.63481952	     -0.68184166	      0.16712724	      6.43427604	     -4.00660890	      0.00000000	     -7.12015612	     -0.67215771	     -4.16633464	      1.40199266	      8.68616533	      1.35632672	      0.00000000	     -1.84232380	      0.05887671	     -4.11204025	      0.50583502	     -4.64189048	     11.82574492	     24.03685216	     84.19572546	     -2.44328289	     -7.09152887	     14.13129698	     20.93605929	     73.07722261
      1.23333330	      2.26929483	      0.59380182	     -0.44796962	     -0.47086144	      0.96316335	     -0.15669939	     -6.43095786	     -0.63736296	     -0.68247642	      0.16592760	      6.43365992	     -4.00674184	      0.00000000	     -7.11598897	     -0.67325431	     -4.16608344	      1.39992619	      8.68660199	      1.35675288	      0.00000000	     -1.84302028	      0.05983466	     -4.11161494	      0.50678457	     -4.64176578	     11.82573398	     24.03736169	     84.19544992	     -2.44368694	     -7.09143991	     14.13162393	     20.93608533	     73.07711576
      1.25000000	      2.27602431	      0.58718227	     -0.45542574	     -0.47137542	      0.96251309	     -0.15675117	     -6.42736055	     -0.64611919	     -0.68678247	      0.15994197	      6.43024109	     -4.00767073	      0.00000000	     -7.10772313	     -0.68249156	     -4.16538857	      1.39382134	      8.69010803	      1.35848861	      0.00000000	     -1.84634753	      0.06623638	     -4.10911219	      0.51233121	     -4.64130368	     11.82559688	     24.04077931	     84.19372197	     -2.44713212	     -7.09058430	     14.13380325	     20.93611516	     73.07649201
      1.26666670	      2.23957196	      0.56089417	     -0.53903174	     -0.47105641	      0.96266231	     -0.15690123	     -6.38635412	     -0.63177045	     -0.72575278	      0.09986838	      6.38397114	     -4.01090974	      0.00000000	     -7.09382565	     -0.70256457	     -4.14610757	      1.38729624	      8.72982283	      1.38508820	      0.00000000	     -1.88738916	      0.14239763	     -4.08801169	      0.58162179	     -4.64288939	     11.82234879	     24.08290934	     84.17351808	     -2.47678870	     -7.07537343	     14.15972038	     20.94064582	     73.06962715
      1.28333330	      2.24953047	      0.55916987	     -0.53159696	     -0.47185076	      0.96150080	     -0.15676916	     -6.38621147	     -0.63233455	     -0.72365000	      0.09860928	      6.37954232	     -4.00883996	      0.00000000	     -7.09011161	     -0.70680121	     -4.14841864	      1.38461097	      8.73447295	      1.38528384	      0.00000000	     -1.88570137	      0.14628088	     -4.08765330	      0.58371631	     -4.64521547	     11.82194029	     24.08545636	     84.17155930	     -2.48034702	     -7.07331837	     14.16230927	     20.94127635	     73.06897511
      1.30000000	      2.25261890	      0.56174183	     -0.53238769	     -0.47154984	      0.96186176	     -0.15654825	     -6.39671594	     -0.63492545	     -0.72243176	      0.10260738	      6.37669048	     -4.00761285	      0.00000000	     -7.07478168	     -0.71270517	     -4.14928862	      1.37941902	      8.73710534	      1.38534975	      0.00000000	     -1.88596029	      0.14870144	     -4.08732475	      0.58724265	     -4.64702294	     11.82153458	     24.08775597	     84.17022038	     -2.48155919	     -7.07187096	     14.16405746	     20.94189015	     73.06854922
      1.31666670	      2.24045638	      0.56748448	     -0.53244956	     -0.47084719	      0.96289064	     -0.15646987	     -6.41183637	     -0.63683030	     -0.72070666	      0.10980798	      6.37353386	     -4.00594190	      0.00000000	     -7.06696646	     -0.71739600	     -4.15076378	      1.38054352	      8.73846085	      1.38523416	      0.00000000	     -1.88629803	      0.15044997	     -4.08654791	      0.59155542	     -4.64819249	     11.82117133	     24.09038710	     84.16884051	     -2.48278882	     -7.07124492	     14.16577489	     20.94225916	     73.06809984
      1.33333330	      2.23265987	      0.57388371	     -0.53282657	     -0.47084963	      0.96232070	     -0.15643617	     -6.43165498	     -0.64051887	     -0.71886858	      0.11700905	      6.37023486	     -4.00350648	      0.00000000	     -7.06068455	     -0.72017170	     -4.15421248	      1.38526373	      8.73948536	      1.38479701	      0.00000000	     -1.88362669	      0.15203140	     -4.08524652	      0.59512375	     -4.64978490	     11.82075764	     24.09336359	     84.16691087	     -2.48738203	     -7.07075148	     14.16826890	     20.94174873	     73.06747590
      1.35000000	      2.22175068	      0.57819992	     -0.53046428	     -0.47026210	      0.96270429	     -0.15671985	     -6.43683036	     -0.63893057	     -0.71671581	      0.11973354	      6.36757258	     -4.00133329	      0.00000000	     -7.07045189	     -0.71461205	     -4.15751164	      1.40058852	      8.73932985	      1.38489151	      0.00000000	     -1.88082605	      0.15268370	     -4.08445787	      0.59766695	     -4.65082225	     11.82042051	     24.09634130	     84.16487396	     -2.49226217	     -7.07114898	     14.17080237	     20.94111363	     73.06680867
      1.36666670	      2.21350209	      0.57594186	     -0.52964372	     -0.47035976	      0.96348766	     -0.15665189	     -6.43882726	     -0.63982070	     -0.71664719	      0.12071152	      6.36741170	     -4.00124899	      0.00000000	     -7.07424886	     -0.71249402	     -4.15800989	      1.40373957	      8.73949443	      1.38483696	      0.00000000	     -1.88003279	      0.15297530	     -4.08449352	      0.59752251	     -4.65106117	     11.82037831	     24.09667145	     84.16457497	     -2.49329107	     -7.07113295	     14.17120064	     20.94098245	     73.06671714
      1.38333330	      2.26729143	      0.58055628	     -0.54650661	     -0.46989945	      0.96192706	     -0.15681134	     -6.48293109	     -0.65240713	     -0.71337848	      0.17751912	      6.35245977	     -3.99432462	      0.00000000	     -7.12463667	     -0.69525906	     -4.18278158	      1.51778026	      8.75935623	      1.38973943	      0.00000000	     -1.82033763	      0.17761915	     -4.09876922	      0.56970949	     -4.66966387	     11.81758236	     24.11616313	     84.14057789	     -2.56849722	     -7.06353718	     14.20389487	     20.93308731	     73.05967799
      1.40000000	      2.24077974	      0.57480128	     -0.54169761	     -0.47022137	      0.96098098	     -0.15670650	     -6.48583576	     -0.65454491	     -0.71497081	      0.18223396	      6.35142271	     -3.99507220	      0.00000000	     -7.14983272	     -0.69483782	     -4.18449214	      1.52993554	      8.76139535	      1.38982361	      0.00000000	     -1.82063355	      0.17793992	     -4.10021469	      0.56966069	     -4.67040709	     11.81741471	     24.11734405	     84.13931187	     -2.56928487	     -7.06317214	     14.20548501	     20.93349047	     73.05929678
      1.41666670	      2.22499839	      0.57178358	     -0.54093945	     -0.47059434	      0.96220141	     -0.15669188	     -6.48787647	     -0.65477957	     -0.71586551	      0.18403239	      6.35153241	     -3.99577908	      0.00000000	     -7.15803710	     -0.69348719	     -4.18487951	      1.53335694	      8.76252242	      1.38957329	      0.00000000	     -1.81985362	      0.17802581	     -4.10059845	      0.56926992	     -4.67061132	     11.81738116	     24.11761090	     84.13901160	     -2.56979399	     -7.06327179	     14.20585329	     20.93355863	     73.05920725
      1.43333330	      2.24315187	      0.56354528	     -0.54180100	     -0.47114886	      0.96270471	     -0.15665512	     -6.46643745	     -0.64870044	     -0.72145066	      0.18206741	      6.35142322	     -3.99976465	      0.00000000	     -7.16594673	     -0.68766843	     -4.18461098	      1.53523746	      8.76930180	      1.38968181	      0.00000000	     -1.81725655	      0.17992815	     -4.10395072	      0.56704018	     -4.67249729	     11.81707126	     24.11892968	     84.13702052	     -2.57128303	     -7.06378035	     14.20823977	     20.93423639	     73.05863174
      1.45000000	      2.28655215	      0.52087495	     -0.59936848	     -0.47072130	      0.96206189	     -0.15659937	     -6.41953700	     -0.61083740	     -0.82407037	      0.36818662	      6.32017949	     -4.07137425	      0.00000000	     -7.23640699	     -0.72948074	     -4.16297448	      1.55807971	      8.87965282	      1.39774081	      0.00000000	     -1.80716748	      0.23490327	     -4.15431254	      0.56807948	     -4.70164985	     11.81069298	     24.15206527	     84.10086413	     -2.56807649	     -7.07649170	     14.24963469	     20.95408416	     73.04819392
      1.46666670	      2.27481703	      0.52256576	     -0.58424454	     -0.47039629	      0.96101571	     -0.15640982	     -6.42007247	     -0.61362098	     -0.82587984	      0.37705936	      6.31980849	     -4.07440035	      0.00000000	     -7.24386365	     -0.73319867	     -4.16427252	      1.56060311	      8.88569628	      1.39724255	      0.00000000	     -1.81329608	      0.23913312	     -4.15083853	      0.57390667	     -4.70180564	     11.81048619	     24.15564582	     84.09853910	     -2.57153499	     -7.07610661	     14.25253101	     20.95422358	     73.04748867
      1.48333330	      2.26440739	      0.52290811	     -0.58329635	     -0.47069480	      0.96149509	     -0.15638256	     -6.42300089	     -0.61361602	     -0.82649648	      0.37931278	      6.31992479	     -4.07504486	      0.00000000	     -7.24813649	     -0.73366055	     -4.16430472	      1.56229704	      8.88652784	      1.39714636	      0.00000000	     -1.81331368	      0.23952411	     -4.15062647	      0.57414293	     -4.70186848	     11.81047193	     24.15598240	     84.09825715	     -2.57207973	     -7.07616573	     14.25287573	     20.95424956	     73.04740359
      1.50000000	      2.26628713	      0.52486273	     -0.58317861	     -0.47073948	      0.96111182	     -0.15647565	     -6.42073153	     -0.61265582	     -0.82730169	      0.37981732	      6.31981892	     -4.07575418	      0.00000000	     -7.25002385	     -0.73520840	     -4.16398553	      1.56290022	      8.88747406	      1.39725994	      0.00000000	     -1.81360928	      0.23975928	     -4.15051814	      0.57443548	     -4.70179044	     11.81047000	     24.15635405	     84.09792998	     -2.57241452	     -7.07643388	     14.25324274	     20.95431284	     73.04730126
      1.51666670	      2.27130244	      0.46790697	     -0.64228935	     -0.47110985	      0.96092827	     -0.15628604	     -6.30175015	     -0.55354344	     -0.96744247	      0.56448328	      6.30314843	     -4.19708742	      0.00000000	     -7.30557377	     -0.79250546	     -4.06949500	      1.49446433	      9.08573659	      1.41521053	      0.00000000	     -1.85757884	      0.27740744	     -4.15697811	      0.63462061	     -4.70304537	     11.80778015	     24.21237223	     84.05349362	     -2.56550354	     -7.11603444	     14.30036335	     20.98101454	     73.03356832
      1.53333330	      2.28260843	      0.46992314	     -0.64126276	     -0.47067702	      0.96090199	     -0.15642997	     -6.29439486	     -0.55314884	     -0.96708681	      0.56217573	      6.30307675	     -4.19731601	      0.00000000	     -7.30285144	     -0.79360446	     -4.06925792	      1.49325823	      9.08650151	      1.41527490	      0.00000000	     -1.85817801	      0.27781035	     -4.15696896	      0.63488582	     -4.70291776	     11.80779984	     24.21263040	     84.05323639	     -2.56539036	     -7.11615548	     14.30064326	     20.98120311	     73.03348549
      1.55000000	      2.26614229	      0.46764039	     -0.63350248	     -0.47051423	      0.96132351	     -0.15649509	     -6.28429579	     -0.55675484	     -0.96767636	      0.56234461	      6.30251741	     -4.19967950	      0.00000000	     -7.32562677	     -0.79379084	     -4.06747858	      1.50065815	      9.09271457	      1.41534161	      0.00000000	     -1.85838517	      0.28022691	     -4.15711196	      0.63656426	     -4.70356038	     11.80769119	     24.21426440	     84.05162687	     -2.56544903	     -7.11608003	     14.30249139	     20.98243609	     73.03299872
      1.56666670	      2.25149900	      0.46992046	     -0.63434603	     -0.47079772	      0.96270238	     -0.15652967	     -6.28803283	     -0.55629082	     -0.96824123	      0.56462492	      6.30267194	     -4.20042633	      0.00000000	     -7.33038400	     -0.79468621	     -4.06711430	      1.50200198	      9.09413782	      1.41513496	      0.00000000	     -1.85735853	      0.28055609	     -4.15725221	      0.63664829	     -4.70373950	     11.80765960	     24.21462020	     84.05131721	     -2.56569232	     -7.11609882	     14.30285440	     20.98267749	     73.03290873
      1.58333330	      2.25184464	      0.47255816	     -0.63419255	     -0.47069498	      0.96347728	     -0.15651475	     -6.28364139	     -0.55508341	     -0.96849832	      0.56322432	      6.30277169	     -4.20084776	      0.00000000	     -7.33250380	     -0.79461212	     -4.06678563	      1.50275133	      9.09501615	      1.41502149	      0.00000000	     -1.85645283	      0.28084466	     -4.15743957	      0.63693043	     -4.70388442	     11.80761769	     24.21497986	     84.05105011	     -2.56563413	     -7.11611401	     14.30315646	     20.98295051	     73.03283248
      1.60000000	      2.27795360	      0.48616206	     -0.63677692	     -0.47193519	      0.96438546	     -0.15615309	     -6.26977610	     -0.54776508	     -0.97045887	      0.55338837	      6.30414627	     -4.20231255	      0.00000000	     -7.32267033	     -0.79061090	     -4.06496354	      1.49352956	      9.09935920	      1.41520741	      0.00000000	     -1.84871906	      0.28194802	     -4.15769747	      0.63758345	     -4.70449022	     11.80744632	     24.21686715	     84.04930700	     -2.56748584	     -7.11625336	     14.30526752	     20.98388722	     73.03234398
      1.61666670	      2.29276400	      0.49027273	     -0.63772889	     -0.47168572	      0.96330669	     -0.15623209	     -6.26615177	     -0.54688259	     -0.97029942	      0.55138556	      6.30398637	     -4.20211570	      0.00000000	     -7.31675273	     -0.79167829	     -4.06469815	      1.49088294	      9.09925064	      1.41549911	      0.00000000	     -1.84855402	      0.28172644	     -4.15766269	      0.63842784	     -4.70419239	     11.80743836	     24.21732937	     84.04899960	     -2.56703120	     -7.11659819	     14.30557881	     20.98413373	     73.03224935
      1.63333330	      2.29758311	      0.49821970	     -0.63053048	     -0.46907576	      0.96135964	     -0.15680961	     -6.26245951	     -0.55740336	     -0.96523373	      0.54882992	      6.30176870	     -4.19893517	      0.00000000	     -7.32262848	     -0.79516369	     -4.06579552	      1.49676189	      9.09476314	      1.41664915	      0.00000000	     -1.84821709	      0.27856569	     -4.15858555	      0.64503274	     -4.70166545	     11.80727124	     24.22092853	     84.04713609	     -2.56171008	     -7.11872781	     14.30732618	     20.98653273	     73.03167002
      1.65000000	      2.26368998	      0.65346470	     -0.57098683	     -0.46923090	      0.96163490	     -0.15667888	     -6.39345923	     -0.72584253	     -0.84415278	      0.25792097	      6.27489579	     -4.04971819	      0.00000000	     -7.34963655	     -0.63039384	     -4.11950977	      1.36920417	      8.82410260	      1.50629234	      0.00000000	     -1.60227724	      0.05589841	     -4.27997815	      0.54860281	     -4.64369103	     11.79809037	     24.29594067	     83.92944695	     -2.70878503	     -7.17813834	     14.44201618	     21.01058301	     72.99609635
      1.66666670	      2.26593901	      0.65454467	     -0.56994637	     -0.46904254	      0.96215649	     -0.15674312	     -6.39106508	     -0.72761644	     -0.84368776	      0.25721183	      6.27472191	     -4.04930425	      0.00000000	     -7.34992254	     -0.63218173	     -4.11983717	      1.36897736	      8.82347427	      1.50631588	      0.00000000	     -1.60103487	      0.05648130	     -4.28017182	      0.54853411	     -4.64348772	     11.79806480	     24.29618581	     83.92911416	     -2.70896408	     -7.17834184	     14.44233663	     21.01076734	     72.99598207
      1.68333330	      2.27544813	      0.65601477	     -0.55759581	     -0.47011653	      0.96208247	     -0.15663375	     -6.39048335	     -0.73335621	     -0.83928766	      0.25631994	      6.27324074	     -4.04484887	      0.00000000	     -7.35955303	     -0.62867090	     -4.12450582	      1.36646349	      8.81694525	      1.50679025	      0.00000000	     -1.58702743	      0.06146478	     -4.28278557	      0.54401630	     -4.64302944	     11.79786567	     24.29661284	     83.92709350	     -2.71277673	     -7.17811542	     14.44449203	     21.01141624	     72.99532271
      1.70000000	      2.29885364	      0.69267993	     -0.54437228	     -0.46963579	      0.96218173	     -0.15678732	     -6.53940078	     -0.77979468	     -0.74887710	      0.08453759	      6.24818674	     -3.85338910	      0.00000000	     -7.54824678	     -0.56187361	     -4.27442259	      1.01615025	      8.34739959	      1.60861250	      0.00000000	     -1.31235429	      0.04908225	     -4.44912884	      0.41844150	     -4.62838756	     11.76780283	     24.33895106	     83.79184852	     -2.92364371	     -7.17749369	     14.58489049	     21.01829789	     72.95084230
      1.71666670	      2.29809421	      0.69000204	     -0.54866500	     -0.47161877	      0.96320647	     -0.15636529	     -6.55114801	     -0.77954865	     -0.75207519	      0.08904404	      6.24870223	     -3.85345718	      0.00000000	     -7.53257816	     -0.55602888	     -4.27496149	      1.00681392	      8.34678158	      1.60900571	      0.00000000	     -1.31027123	      0.05348011	     -4.44937896	      0.41768981	     -4.62819942	     11.76761753	     24.33914388	     83.79002189	     -2.92440693	     -7.17964390	     14.58624024	     21.01867092	     72.95010955
      1.73333330	      2.30203499	      0.68535704	     -0.55428733	     -0.47103912	      0.96285973	     -0.15635578	     -6.55811747	     -0.77695779	     -0.75488093	      0.09541482	      6.24847450	     -3.85418006	      0.00000000	     -7.51719534	     -0.55098769	     -4.27533591	      1.00332658	      8.34425729	      1.60982505	      0.00000000	     -1.31599879	      0.05638019	     -4.44990332	      0.42056056	     -4.62719656	     11.76742074	     24.33988945	     83.78848466	     -2.92056203	     -7.18258516	     14.58707462	     21.01968379	     72.94947018
      1.75000000	      2.31425485	      0.67616912	     -0.56551246	     -0.47336935	      0.96267848	     -0.15691234	     -6.55595390	     -0.77162882	     -0.76187229	      0.09428118	      6.25002415	     -3.85732455	      0.00000000	     -7.49556867	     -0.54273309	     -4.27700327	      0.99793907	      8.34130755	      1.61077018	      0.00000000	     -1.32367474	      0.06050007	     -4.45146669	      0.41919444	     -4.62581252	     11.76741360	     24.33925654	     83.78629838	     -2.91725230	     -7.18752547	     14.58829693	     21.02051652	     72.94855534
      1.76666670	      2.27017259	      0.64948474	     -0.63837562	     -0.47350040	      0.96346096	     -0.15650822	     -6.42502557	     -0.74961360	     -0.81938820	      0.04003062	      6.27363861	     -3.89135009	      0.00000000	     -7.35539988	     -0.55726547	     -4.25883851	      1.03572398	      8.33100096	      1.62758900	      0.00000000	     -1.53386906	      0.12149954	     -4.45973107	      0.49638352	     -4.62185082	     11.76315321	     24.34914926	     83.76253759	     -2.79917116	     -7.22581150	     14.60020008	     21.05010056	     72.93894318
      1.78333330	      2.30493851	      0.58535237	     -0.54642588	     -0.47336705	      0.96331003	     -0.15694190	     -6.30429486	     -0.68198352	     -0.85595524	      0.19997126	      6.25304401	     -3.93486398	      0.00000000	     -7.15372147	     -0.63930273	     -4.19527799	      1.29433235	      8.43969414	      1.64170616	      0.00000000	     -1.83180350	      0.21607793	     -4.42784329	      0.68721070	     -4.64259887	     11.74693078	     24.36680225	     83.66989929	     -2.54944750	     -7.24300618	     14.67224909	     21.14161897	     72.90391128
      1.80000000	      2.35418808	      0.58113438	     -0.57585803	     -0.47312667	      0.96055734	     -0.15664140	     -6.34643671	     -0.69148289	     -0.86135210	      0.20993235	      6.25479006	     -3.93746169	      0.00000000	     -7.07385789	     -0.64567585	     -4.19309020	      1.25606388	      8.44555596	      1.64135931	      0.00000000	     -1.83628694	      0.21639710	     -4.42662307	      0.68666369	     -4.64373953	     11.74674082	     24.36591777	     83.66857564	     -2.55171186	     -7.24122065	     14.67376500	     21.14121920	     72.90343747
      1.81666670	      2.33247114	      0.60301091	     -0.64308610	     -0.47169305	      0.96197187	     -0.15711101	     -6.31872979	     -0.72373407	     -0.87999790	      0.06920505	      6.26224734	     -3.94532091	      0.00000000	     -7.06315556	     -0.62097311	     -4.17166165	      1.22638302	      8.52653169	      1.62723397	      0.00000000	     -1.89863585	      0.20821327	     -4.40238068	      0.68487849	     -4.64564240	     11.74536997	     24.35743815	     83.64658056	     -2.57905532	     -7.21082029	     14.69778940	     21.13988522	     72.89496733
      1.83333330	      2.36266786	      0.62461928	     -0.56524580	     -0.47107660	      0.96205441	     -0.15725031	     -6.37571304	     -0.76238650	     -0.83348284	      0.05213937	      6.23373481	     -3.91045460	      0.00000000	     -7.10931967	     -0.60987552	     -4.15934268	      1.24548441	      8.56328815	      1.62226158	      0.00000000	     -1.84490244	      0.19969461	     -4.37798876	      0.67625364	     -4.64622666	     11.74433446	     24.35724591	     83.62846171	     -2.61241490	     -7.19104608	     14.71593907	     21.14125972	     72.88745883
      1.85000000	      2.34765750	      0.62670341	     -0.56809836	     -0.47296419	      0.96066028	     -0.15687696	     -6.37760721	     -0.77441101	     -0.83222795	      0.04363625	      6.23320679	     -3.90881760	      0.00000000	     -7.14516210	     -0.62043892	     -4.15524992	      1.26240463	      8.57076590	      1.62135222	      0.00000000	     -1.83590548	      0.19601415	     -4.38119426	      0.66729590	     -4.64693965	     11.74437097	     24.35542980	     83.62590444	     -2.61473253	     -7.18910578	     14.71843595	     21.14207831	     72.88640377
      1.86666670	      2.38499240	      0.62404953	     -0.55711426	     -0.47088464	      0.95944157	     -0.15713527	     -6.49430777	     -0.77939538	     -0.79649108	      0.10846323	      6.22626043	     -3.89472560	      0.00000000	     -7.24806103	     -0.63231869	     -4.12340851	      1.38088917	      8.62324266	      1.61239033	      0.00000000	     -1.72267436	      0.15977744	     -4.37755096	      0.64289810	     -4.64817231	     11.74414008	     24.36666594	     83.60986374	     -2.64710074	     -7.17383206	     14.73510821	     21.14731516	     72.87965874
      1.88333330	      2.44854529	      0.60841994	     -0.60594250	     -0.47077766	      0.96128907	     -0.15708751	     -6.60324041	     -0.75817483	     -0.77568889	      0.11070050	      6.26375250	     -3.90393918	      0.00000000	     -7.35660338	     -0.64281866	     -4.05885725	      1.48829994	      8.78754351	      1.58818295	      0.00000000	     -1.58693494	      0.13105861	     -4.37040540	      0.61792782	     -4.65117177	     11.74625771	     24.41704634	     83.58109553	     -2.70555164	     -7.15060252	     14.76444842	     21.15889637	     72.86675014
      1.90000000	      2.45915880	      0.60682419	     -0.49521881	     -0.46918050	      0.96087825	     -0.15709038	     -6.66064809	     -0.73802117	     -0.72994424	      0.10607676	      6.28463418	     -3.89740649	      0.00000000	     -7.38480776	     -0.64205930	     -4.03784737	      1.48937038	      8.87242602	      1.57423890	      0.00000000	     -1.53815165	      0.11449481	     -4.35970241	      0.61252914	     -4.65599744	     11.74884171	     24.47203506	     83.56451089	     -2.75277499	     -7.15108340	     14.78045776	     21.15926336	     72.85840049
      1.91666670	      2.48648228	      0.60198946	     -0.49076937	     -0.47254126	      0.96042534	     -0.15699651	     -6.63525021	     -0.73081268	     -0.73016833	      0.07985107	      6.29311047	     -3.90040394	      0.00000000	     -7.39822123	     -0.63347550	     -4.03283200	      1.48987424	      8.88518816	      1.57336964	      0.00000000	     -1.51947569	      0.10669500	     -4.36124068	      0.61446532	     -4.65923781	     11.74905877	     24.48498356	     83.56249617	     -2.75704994	     -7.15113036	     14.78246874	     21.16072266	     72.85732195
      1.93333330	      2.32243496	      0.60347290	     -0.27098258	     -0.47239753	      0.95754879	     -0.15726726	     -6.47627074	     -0.69548947	     -0.69251142	      0.00000000	      6.51735999	     -4.27125401	      0.00000000	     -7.06132013	     -0.67787093	     -3.72114492	      1.78800215	      9.42982031	      1.49204742	      0.00000000	     -1.29369966	      0.05358532	     -4.90473526	     -0.04775569	     -5.23420972	     12.11761568	     28.02245711	     83.06075454	     -3.09095035	     -7.36976076	     15.12872952	     21.76530652	     72.48749182
      1.95000000	      2.40587743	      0.60282229	     -0.31393937	     -0.46979227	      0.96207770	     -0.15813373	     -6.56139109	     -0.69578404	     -0.69991455	      0.08433295	      6.49277815	     -4.26732310	      0.00000000	     -7.11673558	     -0.69286574	     -3.69927921	      1.84217161	      9.38802132	      1.50239283	      0.00000000	     -1.08175346	     -0.10691149	     -4.83087820	      0.06988287	     -5.24756182	     12.11709429	     28.20378709	     83.04414016	     -3.16027255	     -7.33668398	     15.14109021	     21.77920186	     72.47348768
      1.96666670	      2.01405098	      0.75325279	     -0.34560391	     -0.47038139	      0.96315267	     -0.15753308	     -6.18961258	     -0.87897340	     -0.80908523	      0.00000000	      6.44174260	     -4.23426360	      0.00000000	     -6.60253187	     -0.50799756	     -3.66064395	      1.88884245	      9.09729724	      1.08077270	      0.00000000	     -0.57629820	     -0.36509240	     -4.81977812	     -1.61084820	     -6.37832698	     12.65059857	     34.41282169	     82.50555739	     -3.80083494	     -7.44640878	     15.03911671	     22.78718818	     71.79352311
      1.98333330	      1.87313766	      0.72480229	     -0.39460393	     -0.47086938	      0.95721526	     -0.15556713	     -6.01470665	     -0.80024613	     -0.79396325	      0.00000000	      6.47715192	     -4.29820564	      0.00000000	     -6.46249136	     -0.56984013	     -3.72437064	      1.74530213	      8.83707025	      1.13614228	      0.00000000	     -0.27530331	     -0.49064898	     -5.20603109	     -2.14044465	     -6.93174689	     12.75967908	     38.73103274	     82.10448896	     -4.23355239	     -7.55546774	     14.90569646	     23.08545142	     71.27052736
      2.00000000	      1.75739932	      0.80796095	     -0.57459277	     -0.47379616	      0.95555892	     -0.15395005	     -5.80683722	     -0.84420113	     -0.68726824	      0.00000000	      6.26863736	     -4.35510976	      0.00000000	     -6.18046883	     -0.50833086	     -3.71667365	      1.87798463	      8.94090655	      0.95741042	      0.00000000	     -0.15478761	     -0.90128907	     -4.81630487	     -3.30306822	     -8.05633315	     13.11671915	     45.21949854	     81.63933237	     -4.27921793	     -7.69712342	     14.46084908	     23.99230781	     70.42911515
      2.01666670	      1.55623551	      0.87860173	     -0.85122866	     -0.47967368	      0.96094580	     -0.15242421	     -5.35299002	     -0.85649037	     -0.55001837	      0.00000000	      6.30431564	     -4.25637301	      0.00000000	     -5.78295008	     -0.44411161	     -3.98387120	      1.81497170	      8.33475417	      0.54909917	      0.00000000	      0.04988638	     -1.20021648	     -4.79872785	     -4.24511099	     -9.25172170	     13.10391026	     52.65731713	     81.16052825	     -4.48010175	     -7.74363361	     14.09887619	     24.60970668	     69.47237450
      2.03333330	      1.48384819	      0.93420339	     -1.07684284	     -0.48294035	      0.96333005	     -0.15231580	     -5.05179594	     -0.86738584	     -0.44267102	      0.00000000	      6.17993601	     -4.11108961	      0.00000000	     -5.49258970	     -0.40819646	     -4.12008906	      1.69233638	      7.72372303	      0.41785741	      0.00000000	      0.00054117	     -1.44585898	     -4.97124664	     -5.09451568	    -10.58084959	     12.93005439	     61.32903076	     80.76906751	     -4.46202577	     -7.89249748	     13.91602451	     25.15837182	     68.36344235
      2.05000000	      1.49702484	      0.93222866	     -1.32106276	     -0.48107510	      0.94778969	     -0.15218433	     -4.80866202	     -0.86365944	     -0.21172486	      0.00000000	      6.09164357	     -4.51613170	      0.00000000	     -5.33258669	     -0.40010105	     -4.34664372	      1.59316695	      7.99175355	      0.38224087	      0.00000000	     -0.09710601	     -1.52477348	     -5.12153456	     -6.33380188	    -12.24353817	     12.20053211	     72.24479710	     80.65452207	     -4.64647484	     -7.85583485	     13.86828971	     26.07442693	     67.01901888
      2.06666670	      0.91033248	      0.86968904	     -1.43701482	     -0.47988444	      0.95007577	     -0.15164063	     -4.01776458	     -0.74601893	     -0.07077618	      0.00000000	      6.22047981	     -4.70000798	      0.00000000	     -4.64126095	     -0.54603863	     -4.49600009	      1.48281549	      7.80453075	      0.56711045	      0.00000000	      1.02579925	     -1.60251056	     -7.09265296	     -6.59072595	    -13.64328371	     12.97899573	     82.18652060	     80.90278619	     -5.86576509	     -7.97102260	     13.92853099	     26.08099300	     66.73378703
      2.08333330	      1.24431911	      0.90412142	     -1.77771534	     -0.48045432	      0.95694680	     -0.15246295	     -4.28371996	     -0.85958300	      0.31746061	      0.00000000	      6.20433720	     -4.67159258	      0.00000000	     -5.12936390	     -0.42655322	     -4.68066097	      1.09953916	      7.72636666	      0.30316725	      0.00000000	      0.31517133	     -1.66913288	     -5.77432824	     -8.89477452	    -16.36556161	     11.27884269	     95.61606876	     81.25075507	     -5.48961103	     -8.09341039	     13.88042689	     28.17200961	     65.74026169
      2.10000000	      1.18865183	      0.88681920	     -1.94699091	     -0.48098770	      0.95092506	     -0.15306972	     -4.12233103	     -0.90129561	      0.46678819	      0.00000000	      6.15379057	     -4.86849819	      0.00000000	     -5.15525853	     -0.42090648	     -4.78463398	      1.03083771	      7.93348654	      0.54366186	      0.00000000	      0.48578937	     -1.65962856	     -5.34397732	     -8.94515920	    -18.41756014	      9.47422804	    105.77479545	     81.90146179	     -5.36286776	     -8.17670582	     14.73651392	     28.10235910	     64.68422472
      2.11666670	      0.67899803	      0.71174302	     -2.41250456	     -0.48019523	      0.95297862	     -0.15295679	     -3.47484372	     -0.74663199	      0.73504997	      0.00000000	      6.05638051	     -4.65106261	      0.00000000	     -4.83174636	     -0.56790593	     -5.05460807	      0.86533996	      7.98979054	      0.67803907	      0.00000000	      1.56172968	     -1.53023042	     -5.93987145	     -5.65848133	    -20.85465239	      8.94784820	    113.12839114	     82.14988896	     -5.87795542	     -8.11562243	     14.85840165	     27.55838907	     64.46388825
      2.13333330	      0.73944429	      0.67643434	     -2.68091815	     -0.47646076	      0.94584637	     -0.15347923	     -3.56288277	     -0.76706425	      0.94336183	      0.00000000	      5.76628526	     -4.96020146	      0.00000000	     -5.11004999	     -0.50390776	     -5.27376865	      0.79669568	      8.16338529	      0.50283928	      0.00000000	      1.73341717	     -1.65146234	     -5.15553931	     -2.54266086	    -24.54152032	      8.21581642	    121.57935959	     82.71441813	     -5.76186624	     -8.32696227	     14.52920755	     27.77527863	     63.79697797
      2.15000000	      0.24595850	      0.69868438	     -2.88203389	     -0.47685662	      0.94252352	     -0.15266519	     -2.94372144	     -0.78932885	      1.14357481	      0.17766767	      5.82740623	     -5.19921102	      0.00000000	     -4.66928539	     -0.43855652	     -5.39739432	      0.95201261	      8.42393263	      0.33599483	      0.00000000	      2.49781093	     -2.04465837	     -5.00615493	      2.21669157	    -27.23291051	      6.09454824	    127.68892026	     83.00694713	     -6.10756927	     -8.59926275	     14.31831250	     27.38699460	     63.45543622
      2.16666670	     -0.27451979	      0.75957247	     -3.11597264	     -0.48562117	      0.94441110	     -0.15237566	     -2.05205894	     -0.83204328	      1.40056546	      0.45178155	      5.97306003	     -5.63798150	      0.00000000	     -3.91408962	     -0.31951355	     -5.45835435	      0.98338031	      8.64289404	     -0.07361253	      0.00000000	      2.88054104	     -2.54805959	     -4.64587064	      7.60128185	    -30.65858909	      3.54324335	    132.12687347	     83.37862278	     -5.99886354	     -9.00882484	     13.95073677	     27.15918903	     63.08766195
      2.18333330	     -0.50508908	      0.82633748	     -3.25626674	     -0.48168900	      0.94435444	     -0.15250585	     -1.66539023	     -0.91385959	      1.75536207	      0.42924444	      5.70292663	     -5.96315482	      0.00000000	     -3.54939335	     -0.22090430	     -5.30975442	      0.90790154	      8.47582405	     -0.32244719	      0.00000000	      3.26381903	     -3.04290260	     -4.55340992	     14.54334942	    -33.81798804	      1.37625131	    134.48177219	     83.96830367	     -5.95505842	     -9.20116714	     13.56683772	     26.61152015	     62.69160337
      2.20000000	     -0.95457014	      0.91942034	     -3.09046297	     -0.48430740	      0.94181319	     -0.15099861	     -1.09805499	     -0.94668138	      1.88826117	      0.36707166	      5.31286665	     -6.56177804	      0.00000000	     -2.90619762	     -0.15983042	     -5.13333548	      0.79133937	      8.16010586	     -0.98239947	      0.00000000	      4.25328216	     -3.30115499	     -7.04954689	     25.94143889	    -35.84270977	      4.45112709	    132.76617638	     87.23303855	     -7.26258863	     -9.32789640	     12.06302263	     25.96003835	     61.36604910
      2.21666670	     -1.14829234	      0.97271015	     -2.85917204	     -0.48088254	      0.94588602	     -0.15090983	     -0.87516893	     -0.96827957	      1.70798680	      0.30406460	      5.25657804	     -6.45362497	      0.00000000	     -2.64110742	     -0.17399500	     -5.10881628	      0.51294617	      7.64183168	     -0.76106596	      0.00000000	      4.56597003	     -3.54501511	     -9.67976616	     36.16513046	    -36.49015174	      6.98666413	    131.57212201	     90.45158667	     -9.22865635	     -9.26029351	      8.64298608	     26.89748174	     59.92156729
      2.23333330	     -1.38764124	      1.02484109	     -2.49400503	     -0.47966490	      0.94102449	     -0.15051389	     -0.73381770	     -0.96186164	      1.79852250	      0.21732713	      4.84692356	     -6.81761100	      0.00000000	     -2.27344689	     -0.21712733	     -4.83618578	      0.57687601	      7.03844508	     -1.17771797	      0.00000000	      5.02771489	     -3.90456291	    -10.88956478	     44.69571146	    -37.86327586	      7.95966009	    130.48455664	     91.89429980	     -9.69049759	     -9.05508527	      7.10634882	     25.58665195	     59.57168264
      2.25000000	     -1.64177969	      1.01541680	     -2.31875669	     -0.47630002	      0.93756861	     -0.15301274	     -0.64373989	     -0.99279749	      1.78237446	      0.00000000	      4.59836775	     -6.99986319	      0.00000000	     -2.11126620	     -0.26967481	     -4.99872439	      0.35543797	      7.11727269	     -0.67427046	      0.00000000	      5.58682958	     -3.86878783	    -13.06609407	     54.72549805	    -37.42388160	     11.07254054	    127.78476233	     93.59106252	    -11.15595150	     -8.57973639	      5.70304382	     24.90719282	     59.24757877
      2.26666670	     -2.09436292	      0.88338072	     -1.93119044	     -0.47064384	      0.93713214	     -0.15410972	     -0.47800671	     -0.86063474	      1.36038487	      0.00000000	      4.26008915	     -7.16665320	      0.00000000	     -1.72610825	     -0.45621542	     -4.73913034	      0.22902563	      7.13286133	     -0.53524774	      0.00000000	      6.20445155	     -4.29630770	    -13.08598466	     60.48252273	    -39.24123880	      9.07616337	    127.16491995	     93.61757624	    -11.30677127	     -8.46846364	      5.52740385	     24.62699350	     59.18281916
      2.28333330	     -1.93974532	      0.82118210	     -1.66911899	     -0.47107645	      0.93617786	     -0.15525102	     -0.91292580	     -0.87800039	      1.29042496	      0.00000000	      4.24167805	     -7.76717348	      0.00000000	     -2.08004071	     -0.46878408	     -4.69318315	      0.00000000	      7.26762380	     -0.50895361	      0.00000000	      6.40809860	     -3.89438250	    -14.66333010	     71.42554457	    -38.93387716	     15.12260687	    123.52075571	     94.66117454	    -11.65596753	     -8.02346150	      4.44669893	     22.52160620	     58.72730479
      2.30000000	     -2.26191967	      0.80211463	     -1.75386577	     -0.47758347	      0.94043971	     -0.15619547	     -0.46639726	     -0.90031130	      1.37195332	      0.00000000	      4.20801427	     -7.50369795	      0.00000000	     -1.71427461	     -0.46095920	     -4.69814714	      0.00000000	      7.15609933	     -0.48649378	      0.00000000	      7.17747964	     -3.52358298	    -16.26107034	     79.68694102	    -35.30205939	     17.45530769	    118.70465182	     95.51197622	    -12.68418024	     -7.68920482	      4.45715032	     22.12916235	     58.16533859
      2.31666670	     -2.44967189	      0.78088823	     -1.83977622	     -0.47471954	      0.94609446	     -0.15640231	     -0.24328711	     -0.92146950	      1.31563526	      0.00000000	      4.27332524	     -7.00776496	      0.00000000	     -1.53187237	     -0.43555765	     -4.76543946	      0.00000000	      6.72031551	     -0.33719614	      0.00000000	      7.64135170	     -3.43647760	    -16.08302983	     86.45323340	    -34.67701395	     18.76139392	    115.31581615	     95.84575216	    -12.34145114	     -7.46183694	      4.52977221	     20.94178986	     57.78697985
      2.33333330	     -2.64623125	      0.73791515	     -2.14788805	     -0.47406546	      0.94752030	     -0.15662070	      0.07301474	     -0.91719971	      1.44568304	      0.00000000	      4.30093605	     -6.44521677	      0.00000000	     -1.52427762	     -0.40183328	     -5.05508058	      0.00000000	      6.82678619	      0.04856809	      0.00000000	      8.10545405	     -3.16690425	    -15.83442794	     93.10602421	    -33.17135029	     19.95432810	    111.24028166	     95.94887956	    -11.93918428	     -6.97461636	      4.79574472	     19.28647590	     57.40963237
      2.35000000	     -2.78063889	      0.64129840	     -2.29564552	     -0.47256791	      0.94837525	     -0.15654314	      0.20198461	     -0.81718314	      1.37355906	      0.00000000	      4.03869964	     -6.15744151	      0.00000000	     -1.44009797	     -0.48187121	     -5.10639347	      0.00000000	      6.59652209	      0.15065736	      0.00000000	      8.43629464	     -2.91583710	    -15.72168071	     99.64042913	    -31.56327112	     20.69003655	    106.98437787	     95.84620107	    -11.36934218	     -6.61609283	      5.27526986	     17.42810201	     57.03068112
      2.36666670	     -3.04273627	      0.64814232	     -2.52071683	     -0.47319622	      0.94984037	     -0.15848256	      0.51796763	     -0.86619156	      1.28216733	      0.00000000	      3.89587846	     -5.65434846	      0.00000000	     -1.24658794	     -0.39820931	     -5.32305004	      0.00000000	      6.64358952	      0.32585648	      0.00000000	      8.84859735	     -2.76599030	    -15.03900456	    106.27591294	    -30.26625203	     21.39131533	    101.87897713	     95.62628878	    -10.64531930	     -6.20951147	      5.62730046	     15.63611222	     56.66594736
      2.38333330	     -3.23310902	      0.58621908	     -2.60983392	     -0.47525872	      0.94996377	     -0.15804663	      0.77228654	     -0.82979385	      1.03700766	      0.00000000	      3.68480181	     -5.30843063	      0.00000000	     -1.11583847	     -0.40094791	     -5.45192909	      0.00000000	      6.59604021	      0.35399315	      0.00000000	      9.01760093	     -2.49240770	    -14.20674793	    113.06705923	    -28.94414984	     22.31269040	     96.45241332	     95.22599462	     -9.40252650	     -5.80202804	      5.98207905	     13.45790573	     56.27851752
      2.40000000	     -3.42760493	      0.57963359	     -2.82075682	     -0.47819875	      0.94924276	     -0.15712905	      1.12130383	     -0.80963105	      1.09831145	      0.00000000	      4.05709185	     -4.86757826	      0.00000000	     -0.89151833	     -0.37972415	     -5.68279551	      0.00000000	      6.57074473	      0.31672188	      0.00000000	      8.99796682	     -2.40716332	    -13.03927222	    119.62880739	    -27.82655579	     22.99551893	     90.23060792	     94.80507202	     -8.00122657	     -5.47280022	      5.94137080	     11.31211176	     55.95357285
      2.41666670	     -3.46526254	      0.57050256	     -2.90636305	     -0.47428110	      0.95808745	     -0.15761283	      1.07459155	     -0.80637054	      0.89246560	      0.00000000	      4.12469222	     -4.18649985	      0.00000000	     -0.90042461	     -0.38672834	     -5.84406141	      0.00000000	      6.30798766	      0.48442328	      0.00000000	      8.89230920	     -2.35942755	    -11.64008147	    125.63969825	    -26.87343830	     23.87811578	     83.96182176	     94.32366761	     -6.48016985	     -4.81929185	      5.17932762	      8.67711140	     55.54431174
      2.43333330	     -3.43555044	      0.62442137	     -3.03268347	     -0.47229623	      0.96477900	     -0.15677698	      0.93165781	     -0.83587274	      0.55568685	      0.00000000	      4.28777863	     -3.23143240	      0.00000000	     -0.99548066	     -0.35606658	     -5.96641716	      0.00000000	      6.04466860	      0.46360828	      0.00000000	      9.04853316	     -2.37517194	     -8.84128532	    131.89748982	    -27.30629441	     27.05492317	     78.13380742	     94.81998379	      0.94483125	     -5.69424335	   -160.10594003	      2.64621287	     62.51581977
      2.45000000	     -3.52892748	      0.65370875	     -3.17010372	     -0.48131511	      0.95967741	     -0.15494034	      1.18775170	     -0.84894231	      0.53069249	      0.00000000	      4.59302572	     -2.70450723	      0.00000000	     -0.79136681	     -0.35726851	     -6.33802519	      0.00000000	      5.89591392	      0.82941568	      0.00000000	      8.83338432	     -2.39965084	     -8.11014375	    136.01026802	    -25.29456507	     27.15710178	     71.72562574	     93.88578114	      1.93325413	     -4.90504549	   -158.89748216	      4.68389720	     64.85503103
      2.46666670	     -3.75125965	      0.70171339	     -3.21641734	     -0.48234283	      0.96309849	     -0.15516477	      1.61530818	     -0.84444607	      0.50498272	      0.00000000	      4.17697567	     -2.63176996	      0.00000000	     -0.40110834	     -0.34530352	     -6.53991728	      0.00000000	      5.44282039	      1.10393838	      0.00000000	      8.67964986	     -2.89831180	     -6.56425900	    140.55682657	    -26.20102219	     30.38295389	     67.04413219	     82.13062828	      1.59656868	     -2.56423343	   -128.57347055	      5.64903996	    113.34859567
      2.48333330	     -3.47671691	      0.65722272	     -3.15838216	     -0.48099169	      0.96129948	     -0.15366142	      1.44262796	     -0.77753119	     -0.17929456	      0.00000000	      4.09003405	     -1.93447090	      0.00000000	     -0.64341267	     -0.38726463	     -6.75754628	      0.00000000	      4.97505291	      1.08609413	      0.00000000	      7.95137788	     -3.07429423	     -6.27933585	    144.00413224	    -24.95676062	     31.22228389	     61.01804525	     83.56888867	      2.14062998	     -1.83410330	   -130.08079508	      7.73524542	    115.96692997
      2.50000000	     -3.32472147	      0.61056940	     -3.16414285	     -0.47845785	      0.96399196	     -0.15287373	      1.27624945	     -0.65038387	     -0.37615275	      0.00000000	      3.72443006	     -1.58912753	      0.00000000	     -0.78109669	     -0.47432946	     -6.92065779	      0.00000000	      4.58511069	      1.05513477	      0.00000000	      7.61446190	     -3.40122442	     -5.67381284	    146.96567275	    -24.50433849	     32.30403444	     55.11292421	     85.02677517	      2.26737229	     -1.56576126	   -129.72015327	      8.08045956	    119.74817918
      2.51666670	     -3.10074725	      0.62321083	     -3.12548145	     -0.47311784	      0.95748765	     -0.15368498	      0.89012746	     -0.65626643	     -0.51806089	      0.00000000	      3.74397207	     -1.21397775	      0.00000000	     -1.05907698	     -0.45306227	     -6.96660910	      0.00000000	      4.60092474	      1.10251201	      0.00000000	      7.30729797	     -3.58947882	     -5.08467513	    150.24072808	    -23.54380044	     34.63571165	     48.07500483	     86.58372803	      2.00256068	     -1.34209711	   -127.01768382	      8.04748336	    119.74817918
      2.53333330	     -2.95913433	      0.65762168	     -3.06897638	     -0.47798714	      0.96172137	     -0.15241261	      0.67331931	     -0.64399975	     -0.54945221	      0.00000000	      3.91314771	     -1.09416254	      0.00000000	     -1.15851817	     -0.45272722	     -6.94799456	      0.00000000	      4.43325437	      1.50964503	      0.00000000	      6.97784406	     -3.83656492	     -4.88279825	    152.80258794	    -22.43845144	     36.73154327	     40.75725944	     87.51914937	      1.77038661	     -1.27812898	   -123.17634771	      8.15256022	    119.74817918
      2.55000000	     -2.67983153	      0.59809854	     -3.08399194	     -0.47430206	      0.95895127	     -0.15213339	      0.22875540	     -0.60307326	     -0.73701073	      0.00000000	      3.78408364	     -0.92241696	      0.00000000	     -1.48844517	     -0.52212829	     -6.95456183	      0.00000000	      4.93717368	      1.25437327	      0.00000000	      6.55380631	     -3.93428477	     -2.96052007	    158.38329410	    -22.43370552	     47.49002688	     31.73477408	     88.89468069	      1.63728170	     -1.36266433	   -108.46502777	      6.77589808	    119.74817918
      2.56666670	     -2.99376101	      0.63824958	     -2.87524612	     -0.47382997	      0.96078566	     -0.15327622	      0.53652469	     -0.64235007	     -1.03435642	      0.00000000	      4.05225626	     -0.91374021	      0.00000000	     -1.17770191	     -0.52615661	     -7.12466758	      0.00000000	      4.57745844	      1.74080558	      0.00000000	      6.66181903	     -4.07693515	     -2.23407668	    163.77724604	    -20.83755124	     65.86290781	     20.50311400	     80.18752887	      0.41861275	     -1.53353805	    -84.80050669	      6.44839311	    119.74817918
      2.58333330	     -2.94301347	      0.72048228	     -2.82840185	     -0.47651682	      0.96131048	     -0.15278466	      0.48817560	     -0.68903160	     -0.90824629	      0.00000000	      4.70637940	     -0.70613264	      0.00000000	     -1.15718313	     -0.50368849	     -7.54985514	      0.00000000	      4.57869362	      2.06757253	      0.00000000	      6.80606907	     -4.05754783	     -2.78172170	    164.40281966	    -14.18226560	    104.25983163	      0.00000000	     52.89287922	     -0.49803428	     -2.43124380	    -65.58350753	      5.10121098	    119.74817918
      2.60000000	     -2.96576441	      0.82909762	     -2.92104883	     -0.47645634	      0.95634395	     -0.15154071	      0.55447545	     -0.79383568	     -0.90346030	      0.00000000	      5.00127995	     -0.69412619	      0.00000000	     -1.16947563	     -0.42379643	     -7.39906722	      0.00000000	      4.85109960	      2.11501502	      0.00000000	      7.04188500	     -4.81262375	     -3.10437898	    163.23151251	    -15.46738277	    104.49992527	      0.00000000	     51.61661551	     -0.95528702	     -2.18180372	    -65.48079731	      6.83163255	    119.74817918
      2.61666670	     -2.73774941	      0.75082934	     -2.62630763	     -0.47677156	      0.96035903	     -0.15181081	      0.19207259	     -0.72014254	     -1.02602324	      0.00000000	      5.37071963	     -0.94011581	      0.00000000	     -1.37391457	     -0.56305281	     -6.91641849	      0.00000000	      5.09821390	      2.08721066	      0.00000000	      6.44027169	     -5.27320051	     -4.13855479	    162.87874449	    -16.42384017	    110.49519561	      0.00000000	     42.00826798	     -2.71858612	     -1.52684823	    -58.01230714	     11.09271756	    119.74817918
      2.63333330	     -2.87590391	      0.65660306	     -2.90195844	     -0.47186890	      0.95622367	     -0.15198679	      0.32932380	     -0.62137271	     -0.69681113	      0.00000000	      5.63399924	     -0.68220123	      0.00000000	     -1.41603780	     -0.69945769	     -7.15172599	      0.00000000	      5.80201109	      1.98010339	      0.00000000	      6.79130219	     -5.48482530	     -4.06519493	    162.21586068	    -17.10271300	    110.65984912	      0.00000000	     41.93026336	     -2.80765885	     -1.70950114	    -57.81364604	     10.84788267	    119.74817918
      2.65000000	     -2.91243228	      0.65121616	     -3.03436403	     -0.47416105	      0.95914318	     -0.15082686	      0.38859768	     -0.57242840	     -0.83692581	      0.00000000	      5.97900539	     -0.30249903	      0.00000000	     -1.42715146	     -0.72974611	     -7.57051893	      0.00000000	      6.32660360	      3.27098019	      0.00000000	      7.14360072	     -5.79240165	     -4.25799204	    161.12456517	    -17.77244152	    118.81022020	      0.00000000	     38.24634094	     -3.58070383	     -2.60890247	    -44.89114462	     10.70611595	    119.69411220
      2.66666670	     -3.04102281	      0.60091929	     -3.01813928	     -0.47895956	      0.95669919	     -0.14938742	      0.57442875	     -0.48766960	     -0.87711070	      0.00000000	      6.03753150	     -0.46648146	      0.00000000	     -1.22100537	     -0.82718447	     -7.47925731	      0.00000000	      6.47808413	      2.98886440	      0.00000000	      7.33132151	     -6.08234941	     -4.16806973	    160.87053044	    -18.52223586	    118.82649415	      0.00000000	     38.07378410	     -3.55310801	     -2.73263814	    -44.66112847	     10.98094977	    119.55816541
      2.68333330	     -3.04086926	      0.59911394	     -3.01197493	     -0.47701224	      0.95550886	     -0.15033394	      0.63469019	     -0.48330322	     -0.87089168	      0.00000000	      6.03917374	     -0.46470495	      0.00000000	     -1.26194161	     -0.83654237	     -7.47663790	      0.00000000	      6.48182248	      2.98797176	      0.00000000	      7.31133496	     -6.09437038	     -4.16771988	    160.85840927	    -18.52179518	    118.82839111	      0.00000000	     38.07319484	     -3.54080728	     -2.73857872	    -44.65745584	     10.98885794	    119.55712846
      2.70000000	     -3.14395820	      0.54818745	     -3.04442219	     -0.48200149	      0.95693862	     -0.15042144	      0.93399937	     -0.40135595	     -0.29695105	      0.00000000	      5.68338692	     -1.24052157	      0.00000000	     -1.03057226	     -0.89585094	     -7.13608058	      0.00000000	      6.82118568	      2.59485235	      0.00000000	      7.24071552	     -6.32202352	     -4.66028969	    160.30589408	    -19.11388344	    121.70939327	      0.00000000	     36.87074516	     -5.09880448	     -2.62372086	    -38.21355543	     14.95680506	    117.92024092
      2.71666670	     -3.10573165	      0.52140014	     -3.02547791	     -0.47896761	      0.95452609	     -0.15074855	      0.98976056	     -0.39748498	     -0.30884789	      0.00000000	      5.67156052	     -1.23832980	      0.00000000	     -0.97000866	     -0.90422263	     -7.14515032	      0.00000000	      6.81676576	      2.59463842	      0.00000000	      7.13046063	     -6.26680183	     -4.64448442	    160.23716640	    -19.16229310	    121.71634052	      0.00000000	     36.86591710	     -5.06203423	     -2.64898735	    -38.19225389	     14.96197486	    117.90909514
      2.73333330	     -2.77317730	      0.31080476	     -2.99114565	     -0.48102772	      0.95330257	     -0.15059842	      0.68484893	     -0.16785664	     -0.47167631	      0.00000000	      5.26274469	     -1.32915844	      0.00000000	     -1.28933368	     -1.09864373	     -7.02190224	      0.00000000	      6.88293168	      2.35766542	      0.00000000	      6.62851288	     -6.09210425	     -3.70489818	    160.81413061	    -20.04079092	    132.83359778	      0.00000000	     21.76107087	     -4.30386102	     -5.09448041	     -4.79060531	     13.07293873	     76.65635839
      2.75000000	     -2.74744696	      0.29852001	     -2.90560169	     -0.47773334	      0.94911140	     -0.15295543	      0.59924209	     -0.21940209	     -0.46740862	      0.00000000	      5.21635294	     -1.32357204	      0.00000000	     -1.25372805	     -1.05713329	     -7.05698807	      0.00000000	      6.89569730	      2.33643266	      0.00000000	      6.63419835	     -5.97246542	     -3.68536397	    160.78710049	    -20.07505951	    132.83339071	      0.00000000	     21.76412050	     -4.33131525	     -5.06336141	     -4.78322485	     13.09629210	     76.65529052
      2.76666670	     -2.45314884	      0.22043198	     -2.82815946	     -0.48229054	      0.95443160	     -0.15279616	      0.22774193	     -0.18164769	     -0.31965202	      0.00000000	      4.42682589	     -2.06122522	      0.00000000	     -1.62182821	     -1.10589634	     -6.90265426	      0.00000000	      6.64568408	      1.67653821	      0.00000000	      6.32517139	     -5.65973034	     -4.06417343	    159.96124317	    -19.60422704	    132.81844934	      0.00000000	     21.88755255	     -5.15933074	     -5.09806342	     -3.86478908	     15.47577818	     76.52943563
      2.78333330	     -2.33590735	      0.17789135	     -2.75075773	     -0.47891431	      0.94771184	     -0.15440116	      0.01252029	     -0.24190596	     -0.25752260	      0.00000000	      4.20876441	     -1.99497115	      0.00000000	     -1.77818148	     -1.12059977	     -6.89875039	      0.00000000	      6.44308551	      1.64092091	      0.00000000	      6.37498308	     -5.30537065	     -3.90735894	    159.68867507	    -19.31966558	    132.81488387	      0.15744606	     21.88145601	     -5.09438951	     -4.88189339	     -3.73630608	     15.72948587	     76.50785530
      2.80000000	     -2.18649831	      0.15287136	     -2.76255925	     -0.48180055	      0.95050657	     -0.15641073	     -0.15365565	     -0.31298100	      0.01465625	      0.00000000	      4.13137615	     -2.18721029	      0.00000000	     -1.92439359	     -1.05757782	     -6.89310545	      0.00000000	      6.22627407	      1.06072515	      0.00000000	      6.17828364	     -4.71641228	     -4.48333577	    159.08280395	    -18.58525605	    132.62751738	      1.28023951	     21.72576594	     -5.46694578	     -4.88384749	     -3.04414034	     16.39663648	     76.43496963
      2.81666670	     -2.33381108	      0.12508149	     -2.74774944	     -0.48443911	      0.94806799	     -0.15634464	      0.12712810	     -0.37434384	     -0.03789846	      0.00000000	      3.96384404	     -2.36640350	      0.00000000	     -1.59924124	     -1.01321000	     -6.53273789	      0.00000000	      5.84424067	      0.32592022	      0.00000000	      5.64183726	     -5.64183199	     -1.25438203	    163.45378596	    -33.91716975	     85.27608630	     35.27167109	     67.55559532	     -2.97929252	     -6.32496860	     13.67431758	     15.89732579	     62.53315881
      2.83333330	     -2.37667036	      0.15850694	     -2.80772112	     -0.47739669	      0.95095548	     -0.15731160	      0.13296695	     -0.47650176	      0.36966160	      0.00000000	      3.96036522	     -2.74298973	      0.00000000	     -1.61758865	     -0.92484264	     -6.64126092	      0.00000000	      5.71649019	      0.52658270	      0.00000000	      5.66550294	     -5.76472816	     -1.11347184	    161.82798837	    -38.84280032	     79.59724927	     46.40461766	     67.04663176	     -3.39401375	     -6.20659639	     12.28789130	     16.97829711	     61.98882464
      2.85000000	     -2.33509599	      0.16445179	     -2.91465346	     -0.47840467	      0.94827743	     -0.15564714	     -0.00782396	     -0.52966782	      0.52802398	      0.00000000	      4.06634144	     -2.72276055	      0.00000000	     -1.73969151	     -0.89073271	     -6.47702198	      0.00000000	      5.95153032	      0.18011259	      0.00000000	      5.67041505	     -5.79164095	     -1.12934249	    159.35682631	    -43.04655899	     75.10890778	     56.43229935	     67.40642898	     -3.78843881	     -6.31829957	     12.30530665	     17.91356996	     62.08132691
      2.86666670	     -2.38820314	      0.10888332	     -3.10472645	     -0.47774091	      0.94505110	     -0.15790886	      0.09112630	     -0.50893696	      0.93865772	      0.00000000	      4.14342949	     -3.24858003	      0.00000000	     -1.76191995	     -0.92899617	     -6.45625810	      0.00000000	      6.31466353	      0.14771151	      0.00000000	      6.21802355	     -5.43441672	     -2.96643946	    150.91570600	    -44.56875649	     63.65141111	     64.55879586	     70.86543868	     -5.36265714	     -6.42523394	     12.06093036	     18.61295591	     62.65937115
      2.88333330	     -2.43428388	      0.06880666	     -3.23122325	     -0.47819811	      0.94643902	     -0.15731185	      0.15123163	     -0.47933203	      1.07639689	      0.00000000	      4.35826469	     -3.05388973	      0.00000000	     -1.85527546	     -0.92469076	     -6.27338810	      0.00000000	      6.67026403	      0.06886540	      0.00000000	      6.29734529	     -5.33085118	     -2.83134085	    148.27249895	    -48.53918669	     62.02485330	     73.71077592	     71.32936182	     -5.84329468	     -6.65778532	     11.94058557	     20.24579100	     62.60944523
      2.90000000	     -2.45300245	     -0.02907596	     -3.47986895	     -0.47705651	      0.94304528	     -0.15777368	      0.26804257	     -0.40498172	      1.33664464	      0.00000000	      4.32252455	     -3.24680667	      0.00000000	     -1.94674230	     -0.97129405	     -6.22770997	      0.00000000	      7.10609369	     -0.05285314	      0.00000000	      6.33757708	     -5.07957684	     -2.62138104	    145.00141018	    -52.42547860	     59.86845437	     82.69003039	     71.30476159	     -6.10921028	     -6.84755075	     12.18568636	     21.38705137	     62.76837597
      2.91666670	     -2.55031466	     -0.13137098	     -3.61490622	     -0.47640059	      0.94258255	     -0.15779191	      0.41470042	     -0.28777112	      1.53809949	      0.00000000	      4.04102891	     -3.43950652	      0.00000000	     -1.98865439	     -1.03593558	     -6.04439828	      0.00000000	      7.43906506	     -0.21021989	      0.00000000	      6.42036592	     -4.94115954	     -2.22851481	    140.55528152	    -56.78714423	     57.32038966	     91.74657134	     70.92612808	     -6.13450455	     -7.01902376	     12.64561499	     21.93063614	     63.04482398
      2.93333330	     -2.60349127	     -0.13130188	     -3.70222117	     -0.47823145	      0.94246270	     -0.15762025	      0.52352888	     -0.28612294	      1.92529540	      0.00000000	      4.03664875	     -3.87705703	      0.00000000	     -2.03326929	     -0.99411132	     -5.86313552	      0.00000000	      7.71970176	     -0.28702732	      0.00000000	      6.76820145	     -4.91896850	     -3.16339574	    129.96149967	    -58.85195341	     49.14626722	     99.49805375	     68.26325605	     -6.24717111	     -7.38136181	     14.69756599	     21.20314402	     64.64152200
      2.95000000	     -2.48580600	     -0.09730239	     -3.68888732	     -0.47547281	      0.94851332	     -0.15645326	      0.34881937	     -0.29750943	      1.98912677	      0.00000000	      3.98136210	     -3.80078544	      0.00000000	     -2.05660539	     -0.97229459	     -5.57245149	      0.00000000	      7.81818743	     -0.28503093	      0.00000000	      6.58751278	     -5.17068199	     -3.34173283	    119.67733017	    -62.36681706	     41.85849889	    108.07475149	     67.52838798	     -6.48010494	     -7.53469871	     13.79382020	     21.24847151	     64.81962324
      2.96666670	     -2.78143095	      0.07629039	     -3.80192062	     -0.47378552	      0.95249921	     -0.15538175	      0.62255586	     -0.40066723	      1.93174979	      0.00000000	      3.95091306	     -3.30828259	      0.00000000	     -1.65935453	     -0.85373531	     -5.86191487	      0.00000000	      7.33137005	     -0.35900128	      0.00000000	      7.16177045	     -5.54444969	     -3.39649567	    104.54261091	    -64.59575087	     30.75751558	    116.47737923	     66.78978766	     -6.66571482	     -7.75675893	     14.00015536	     21.01651855	     65.70959003
      2.98333330	     -3.03507278	      0.25300656	     -3.57322449	     -0.47659497	      0.94514484	     -0.15484150	      0.89856181	     -0.53898140	      1.46302813	      0.00000000	      4.40352947	     -2.37487100	      0.00000000	     -1.25748760	     -0.72231975	     -5.37108930	      0.00000000	      7.01277978	     -0.77467856	      0.00000000	      7.36980810	     -6.02137375	     -3.22983475	     89.20871275	    -67.07951243	     20.33241922	    123.62773373	     66.90889450	     -7.31168546	     -8.19846770	     12.65521164	     22.96659234	     65.64588990
      3.00000000	     -2.86943848	      0.32125210	     -3.55728914	     -0.47364176	      0.94612380	     -0.15527107	      0.61730570	     -0.59168401	      1.58694391	      0.00000000	      3.84044165	     -3.05724154	      0.00000000	     -1.40890577	     -0.69620859	     -5.72871960	      0.00000000	      7.40036677	      0.09135394	      0.00000000	      7.62293499	     -5.93091843	     -5.69037757	     75.60113217	    -62.16976137	     13.89339264	    127.42817823	     67.36360763	     -8.62555362	     -7.92637529	     11.13721900	     22.15423502	     65.77814559
      3.01666670	     -2.69765587	      0.40998768	     -3.38767628	     -0.47514558	      0.95168280	     -0.15516650	      0.38202871	     -0.64632675	      1.13945027	      0.00000000	      3.63794607	     -3.22110265	      0.00000000	     -1.62651335	     -0.61856297	     -5.32570751	      0.00000000	      7.32063921	     -0.28406342	      0.00000000	      6.73388239	     -6.52028989	     -4.56895615	     55.44478151	    -63.90187442	     -0.13351826	    134.38059562	     70.35864841	     -8.52508688	     -7.40967064	      5.19145723	     23.91621304	     65.84957330
      3.03333330	     -2.67244712	      0.50302202	     -3.51731945	     -0.47711840	      0.95211781	     -0.15510055	      0.40552814	     -0.71932970	      1.27274272	      0.00000000	      3.85487764	     -3.58332343	      0.00000000	     -1.59361868	     -0.52889095	     -5.84369310	      0.00000000	      6.76085981	     -0.16856091	      0.00000000	      6.76736489	     -6.47012390	     -3.98683037	     41.89498871	    -60.38896126	     -4.92179765	    137.58893390	     72.66739738	     -7.49533893	     -6.84898282	      2.95167767	     22.18407428	     68.00853634
      3.05000000	     -2.87201448	      0.64593224	     -3.35777147	     -0.48351687	      0.96095322	     -0.15580764	      0.79736044	     -0.80307912	      0.81753446	      0.00000000	      3.80037344	     -3.24010834	      0.00000000	     -1.20413874	     -0.39371703	     -5.48819370	      0.00000000	      6.15374465	     -0.44597011	      0.00000000	      6.29624985	     -6.50756198	     -2.44192841	     25.79584814	    -57.35691064	    -12.38181863	    141.97855681	     75.63759252	     -6.07091466	     -6.14945712	     -0.89973727	     22.10206381	     69.73851825
      3.06666670	     -2.26115993	      0.69270905	     -3.25124315	     -0.48491825	      0.96000063	     -0.15507317	      0.31987003	     -0.89045682	      0.78525046	      0.00000000	      3.35398840	     -3.20218567	      0.00000000	     -1.65734470	     -0.32001407	     -5.41021390	      0.00000000	      5.95225966	     -0.15828000	      0.00000000	      4.85376501	     -6.04690928	     -3.15312425	     20.37028461	    -52.52724515	     -8.98366777	    142.88164384	     75.92308596	     -5.33159777	     -5.99670853	     -0.97225034	     21.86446548	     69.86591888
      3.08333330	     -2.29085609	      0.75938748	     -3.23504711	     -0.48413009	      0.95780880	     -0.15528412	      0.43613539	     -0.94931246	      0.85777641	      0.00000000	      3.40167666	     -3.07620133	      0.00000000	     -1.58007247	     -0.23359546	     -5.54043643	      0.00000000	      5.96516833	      0.47287520	      0.00000000	      4.63627132	     -5.63084781	     -2.17132197	     13.86940431	    -48.53648467	     -7.36129190	    141.70692191	     77.75309570	     -3.89719408	     -5.41606521	     -2.65792086	     20.24498106	     70.23895491
      3.10000000	     -1.64337442	      0.72490469	     -3.25959530	     -0.48158553	      0.95876666	     -0.15513119	     -0.29025980	     -0.99136919	      0.88569871	      0.00000000	      3.58439981	     -3.04641460	      0.00000000	     -2.36880464	     -0.19968188	     -5.58155484	      0.00000000	      5.82838909	      0.40446193	      0.00000000	      3.54307320	     -5.08533693	     -1.94031708	      8.97181805	    -45.28062446	     -4.71575817	    139.38436590	     78.39938686	     -3.63219926	     -5.14513886	     -3.01752951	     20.73757302	     70.33624107
      3.11666670	     -1.31332602	      0.73190467	     -3.44333193	     -0.48118759	      0.96248155	     -0.15285819	     -0.70784246	     -1.00209066	      0.83889293	      0.00000000	      3.81409123	     -2.45728794	      0.00000000	     -2.95026012	     -0.17953512	     -5.85178161	      0.00000000	      6.12190879	      1.07154547	      0.00000000	      3.11257084	     -4.74047895	     -1.93036586	      5.70295744	    -41.83280810	     -1.71388021	    135.31222636	     85.49418846	     -3.68106735	     -4.65130048	     -6.58943726	     21.23638338	     71.35278481
      3.13333330	     -0.83217833	      0.69188287	     -3.58274667	     -0.48047042	      0.96150295	     -0.15190373	     -1.33116406	     -0.94570481	      1.02260167	      0.00000000	      3.91673069	     -2.52364743	      0.00000000	     -3.67639526	     -0.21357191	     -5.92287305	      0.00000000	      6.06959248	      0.92934759	      0.00000000	      2.56901173	     -4.43131523	     -1.88523818	      2.26077566	    -38.69639195	      0.16096299	    131.34426911	     85.70652584	     -3.76252684	     -4.75566092	     -6.39636206	     21.68052487	     71.53558274
      3.15000000	     -0.54112410	      0.60813544	     -3.95772752	     -0.48578624	      0.96461758	     -0.15261314	     -1.55990218	     -0.82205122	      1.16427733	      0.00000000	      3.80661255	     -2.54631918	      0.00000000	     -4.08178795	     -0.29269933	     -6.26248391	      0.00000000	      6.32175922	      1.14883454	      0.00000000	      2.47407305	     -3.91351376	     -2.62598957	      2.19440354	    -35.47861382	      4.79095733	    124.85156372	     87.19942421	     -3.97311364	     -4.88696914	     -5.19294545	     21.15074723	     72.42367011
      3.16666670	     -0.13657557	      0.68385398	     -4.04530047	     -0.48393878	      0.96259258	     -0.15288030	     -2.00635596	     -0.92947919	      1.13588583	      0.00000000	      3.68844655	     -2.52590654	      0.00000000	     -4.53768179	     -0.17175064	     -6.33784808	      0.00000000	      6.27535585	      1.05909049	      0.00000000	      1.95653340	     -3.68175178	     -2.47817722	     -0.58113198	    -32.97444750	      6.09810045	    120.73016805	     87.34607146	     -3.84665307	     -5.04737950	     -5.06261911	     21.46026698	     72.49351881
      3.18333330	     -0.01588061	      0.67581880	     -4.26314199	     -0.48179868	      0.96259986	     -0.15353671	     -2.20411758	     -0.96581094	      1.24964080	      0.00000000	      3.78562074	     -2.36419631	      0.00000000	     -4.79321614	     -0.17456864	     -6.64385254	      0.00000000	      6.38756018	      1.05535647	      0.00000000	      2.07576320	     -3.39206249	     -3.38988625	     -3.22432973	    -30.78610984	      7.35773054	    118.20054259	     87.58718861	     -4.37440510	     -5.29086144	     -4.78798870	     21.37029192	     72.61167002
      3.20000000	      0.22361788	      0.63813809	     -4.50146868	     -0.48375347	      0.96052039	     -0.15195493	     -2.43748398	     -0.95844191	      1.31148192	      0.00000000	      3.98242593	     -2.40485385	      0.00000000	     -5.01125171	     -0.19018581	     -6.73557151	      0.00000000	      6.50140345	      1.03829526	      0.00000000	      1.84600580	     -3.12646960	     -3.97015998	     -6.01166689	    -29.15990621	      8.32094421	    115.53444582	     87.72719036	     -4.64202220	     -5.42102058	     -4.64139157	     21.54196730	     72.66703041
      3.21666670	      0.02625920	      0.69728427	     -4.73402867	     -0.48982075	      0.96789428	     -0.15230019	     -2.02715525	     -0.99222720	      1.48412236	      0.00000000	      3.90424055	     -2.38953228	      0.00000000	     -4.61371541	     -0.16088157	     -7.08393775	      0.00000000	      6.52517412	      1.02149614	      0.00000000	      2.22659084	     -3.14892013	     -4.50121530	     -7.64265528	    -27.40017900	      8.79493548	    110.24745333	     88.87281979	     -4.89664334	     -5.74250126	     -2.40667032	     21.08757449	     73.34298402
      3.23333330	      0.22393276	      0.70550771	     -5.07257067	     -0.49107400	      0.97040701	     -0.15125048	     -2.01360464	     -1.00372814	      1.49396018	      0.00000000	      3.70390065	     -2.25604051	      0.00000000	     -4.66142023	     -0.16111285	     -7.37027128	      0.00000000	      6.05694827	      0.80025739	      0.00000000	      1.91106509	     -2.98546880	     -4.54187865	     -8.75277462	    -25.55953943	      9.58421986	    105.45671813	     90.25087142	     -4.62112840	     -6.05417126	      0.08825969	     20.76466092	     74.03707896
      3.25000000	      0.46395300	      0.70466230	     -5.30532006	     -0.48959550	      0.96504348	     -0.15100263	     -2.05299507	     -1.02369639	      1.47733797	      0.00000000	      3.51928900	     -2.26777407	      0.00000000	     -4.72795185	     -0.14264098	     -7.59805970	      0.00000000	      5.82818610	      0.58374983	      0.00000000	      1.32015967	     -2.80051336	     -4.04439103	     -9.77856954	    -23.81179119	      9.60090060	    100.84136343	     90.42082499	     -4.43488071	     -6.27663719	      0.42184120	     21.05551413	     74.11977406
      3.26666670	      0.62839634	      0.81534215	     -5.38704759	     -0.48753973	      0.96063507	     -0.15092406	     -2.16726785	     -1.18791665	      1.51936242	      0.00000000	      3.52137543	     -2.19172789	      0.00000000	     -4.79576192	     -0.02916717	     -7.67272422	      0.00000000	      5.60499075	      0.29501216	      0.00000000	      0.97538110	     -2.70377365	     -3.39939896	    -10.57579400	    -22.32936648	      9.74930930	     96.07538794	     90.57221062	     -4.34984221	     -6.40760661	      0.73730096	     21.61256863	     74.22701877
      3.28333330	      0.47567483	      0.92100201	     -5.27287841	     -0.49170052	      0.96072861	     -0.15068749	     -1.92554629	     -1.28450155	      1.34014145	      0.00000000	      3.69472718	     -2.28060925	      0.00000000	     -4.27080121	     -0.01723505	     -7.49879614	      0.51718075	      5.65031639	      0.05383084	      0.00000000	      0.97137187	     -2.56716035	     -3.47143556	     -9.85823348	    -20.67597689	     10.51099656	     90.07710617	     91.03675653	     -4.64705890	     -6.76057777	      1.57034730	     21.96999572	     74.54964794
      3.30000000	      0.60323519	      0.92921399	     -5.04722867	     -0.48747865	      0.95777870	     -0.15096802	     -2.11798516	     -1.29218529	      1.33355990	      0.00000000	      3.76226648	     -2.45068129	      0.00000000	     -4.21471837	     -0.07403702	     -7.35736017	      0.90077882	      5.78647885	     -0.07307731	      0.00000000	      0.67444785	     -2.33423362	     -3.27118265	     -9.62247449	    -19.14019032	     10.75183308	     84.19514267	     91.32822838	     -4.98899543	     -7.04837568	      2.08249841	     22.79197315	     74.83643266
      3.31666670	      0.85267909	      0.92248076	     -4.84175525	     -0.47807717	      0.96084878	     -0.15339057	     -2.62416257	     -1.34386380	      1.23099979	      0.00000000	      3.87738338	     -2.42420201	      0.00000000	     -4.63280608	     -0.04052157	     -7.34583930	      1.00819737	      6.14932216	      0.09871836	      0.00000000	      0.23040027	     -2.11333758	     -2.74670734	    -10.01490427	    -17.58817578	     10.25681805	     78.37071265	     91.30804222	     -5.10809389	     -7.05754576	      2.33523456	     23.28354343	     74.98689124
      3.33333330	      0.95471277	      0.90021670	     -4.41430767	     -0.47582755	      0.95658159	     -0.15357412	     -3.07448789	     -1.35545772	      1.09182676	      0.00000000	      4.24238023	     -2.64837487	      0.00000000	     -4.81674598	     -0.05464840	     -7.10361395	      1.25613328	      6.61265103	      0.27882306	      0.00000000	      0.20241405	     -1.82972451	     -2.81310701	     -9.85879456	    -16.10114221	      9.83858496	     72.08741322	     91.26916888	     -5.66443988	     -7.12358921	      2.77751174	     23.95974264	     75.29137453
      3.35000000	      1.10965638	      0.91252051	     -4.11317145	     -0.47497246	      0.95999048	     -0.15336962	     -3.56041151	     -1.36575110	      0.93076663	      0.00000000	      4.44761474	     -2.87698251	      0.00000000	     -5.19292242	     -0.01145631	     -6.98309657	      1.29284244	      6.91286480	      0.47249913	      0.00000000	      0.12628914	     -1.64272716	     -2.78246514	     -9.46830873	    -14.62600566	      9.51821822	     65.48183149	     91.15520689	     -5.94440153	     -7.23301544	      3.29134755	     24.53273707	     75.65665107
      3.36666670	      1.26129733	      0.90463018	     -3.79787801	     -0.47298530	      0.96010398	     -0.15383820	     -4.01312343	     -1.35988945	      0.82843399	      0.00000000	      4.56820073	     -3.12795938	      0.00000000	     -5.56922078	      0.01153997	     -6.81916074	      1.26170228	      7.44653160	      0.67437508	      0.00000000	      0.09098819	     -1.45644002	     -2.78255113	     -9.05677368	    -13.27474799	      9.22618019	     59.05043186	     90.98517873	     -6.03242803	     -7.38371819	      3.89030519	     25.00418310	     76.06253046
      3.38333330	      1.21894824	      0.89720744	     -3.44401957	     -0.47293883	      0.95184204	     -0.15361410	     -4.18846518	     -1.30308798	      0.61252177	      0.00000000	      4.63044154	     -3.71595785	      0.00000000	     -5.61655331	     -0.03366775	     -6.66760869	      1.34579023	      7.90819883	      0.72005980	      0.00000000	      0.28325595	     -1.29114899	     -3.13743674	     -8.04400887	    -12.04440629	      9.59439856	     52.61138976	     90.77113987	     -6.29414288	     -7.74734098	      4.70711787	     25.51969570	     76.75809721
      3.40000000	      1.24338918	      0.80557016	     -3.34962517	     -0.47405448	      0.95270525	     -0.15368849	     -4.34211643	     -1.19352837	      0.71383354	      0.00000000	      4.98727605	     -3.87235112	      0.00000000	     -5.88030078	     -0.11146906	     -6.57984172	      1.14514124	      8.15462695	      0.81215849	      0.00000000	      0.34731676	     -0.94936160	     -2.93672841	     -7.34800850	    -10.94307620	      9.11899482	     46.74512295	     90.48518047	     -6.22777463	     -7.78366805	      5.22498578	     25.75630832	     77.17478009
      3.41666670	      1.33710311	      0.77923316	     -3.11480636	     -0.47483377	      0.95642338	     -0.15488076	     -4.58527984	     -1.15519894	      0.77369206	      0.00000000	      4.98988746	     -4.22892159	      0.00000000	     -6.06558331	     -0.13699977	     -6.42367416	      1.16958197	      8.16905411	      0.64752267	      0.00000000	      0.32311759	     -0.68592894	     -2.94394190	     -6.32212057	     -9.76662090	      8.71853447	     40.90917716	     90.19519736	     -6.10951055	     -7.91414319	      5.84820825	     25.66546542	     77.58093542
      3.43333330	      1.30859850	      0.77772719	     -2.82672341	     -0.47443279	      0.95858948	     -0.15602338	     -4.59873959	     -1.13913451	      0.70934365	      0.00000000	      5.06128462	     -4.35652371	      0.00000000	     -6.07248337	     -0.12574996	     -6.13599129	      1.10281178	      8.23111874	      0.65978112	      0.00000000	      0.34108343	     -0.46338329	     -2.95153705	     -5.28614975	     -8.72421611	      8.43361428	     35.34661728	     89.87532635	     -5.86809114	     -7.92940900	      6.57401436	     25.30399060	     77.96783267
      3.45000000	      1.29832743	      0.83437019	     -2.61034443	     -0.47965287	      0.96147917	     -0.15581823	     -4.51244801	     -1.18079312	      0.65353671	      0.00000000	      5.11301123	     -4.22757569	      0.00000000	     -5.88718273	     -0.05809964	     -5.92254127	      1.01690279	      7.99767160	      0.47670721	      0.00000000	      0.13942821	     -0.38335804	     -2.75020588	     -4.20988269	     -7.77872023	      8.20347727	     30.49449910	     89.56332214	     -5.27244762	     -8.02907371	      7.24353187	     24.84277859	     78.25813501
      3.46666670	      1.29298634	      0.90259930	     -2.36229267	     -0.47972213	      0.95900696	     -0.15692241	     -4.43719522	     -1.27717802	      0.48896340	      0.00000000	      5.13729340	     -4.17551788	      0.00000000	     -5.74232422	      0.03993799	     -5.68759775	      0.96144001	      8.14117755	      0.69598462	      0.00000000	     -0.08776722	     -0.32086643	     -2.64181025	     -3.31926038	     -6.99228528	      7.94749883	     26.56237969	     89.25351437	     -4.78441284	     -8.02399468	      7.87492903	     24.57603750	     78.46788417
      3.48333330	      1.30876696	      0.92484949	     -2.33539388	     -0.48629054	      0.96157014	     -0.15588791	     -4.17335484	     -1.30702311	      0.25500130	      0.00000000	      5.13520681	     -4.25356379	      0.00000000	     -5.57409763	      0.08591634	     -5.60704440	      0.77569983	      8.02237023	      0.74867179	      0.00000000	     -0.45358977	     -0.22124593	     -2.37929405	     -2.50811884	     -6.35898899	      7.73114951	     23.62794378	     88.99106975	     -4.21017110	     -7.99667132	      8.39374675	     24.39887948	     78.59171774
      3.50000000	      1.26121655	      0.95265197	     -2.34367925	     -0.48719260	      0.96064436	     -0.15614930	     -3.96097294	     -1.33784321	      0.29284612	      0.00000000	      5.11377337	     -4.22634465	      0.00000000	     -5.34867992	      0.12705511	     -5.58352785	      0.67879668	      7.95907378	      0.78776234	      0.00000000	     -0.81554863	     -0.05919153	     -2.47544676	     -2.56729008	     -6.22783968	      7.74071238	     23.47190891	     88.98245208	     -4.05772389	     -7.94191961	      8.42090540	     24.42728333	     78.59630395
      3.51666670	      1.52065581	      0.93826748	     -2.28170982	     -0.48635012	      0.96105660	     -0.15576201	     -4.14361880	     -1.29730974	      0.19625247	      0.00000000	      4.93294002	     -4.24772209	      0.00000000	     -5.39938760	      0.07163816	     -5.54594301	      0.82187386	      7.61540398	      0.75835462	      0.00000000	     -1.36617090	     -0.01221708	     -2.53118152	     -1.07131060	     -5.38551750	      7.03995051	     19.48923769	     88.48567147	     -3.53369530	     -7.96525263	      9.40071608	     24.13804004	     78.69677652
      3.53333330	      1.50239789	      0.96650083	     -2.32593188	     -0.48414366	      0.96284726	     -0.15594684	     -4.07419539	     -1.32358113	      0.16241939	      0.00000000	      4.83143163	     -4.21145526	      0.00000000	     -5.27617947	      0.08671677	     -5.51923191	      0.80559203	      7.56853208	      0.79151384	      0.00000000	     -1.60599896	      0.06292564	     -2.52468465	     -1.18473002	     -5.24736889	      7.04735368	     19.35758968	     88.47365631	     -3.54835834	     -7.83925106	      9.44893356	     24.15048234	     78.69607079
      3.55000000	      1.62279709	      0.91361951	     -2.37861492	     -0.48243042	      0.96127564	     -0.15622572	     -4.19693210	     -1.29422805	     -0.00464116	      0.00000000	      4.43108321	     -4.04930533	      0.00000000	     -5.40216893	      0.02347547	     -5.48665664	      0.74113067	      7.51903981	      0.87806518	      0.00000000	     -1.74812833	      0.13756159	     -2.36810357	     -1.20512075	     -5.07777560	      6.92348671	     18.72066483	     88.38128846	     -3.50131896	     -7.63844095	      9.62569932	     24.26649820	     78.67829171
      3.56666670	      1.59344289	      0.93944026	     -2.41070536	     -0.48225631	      0.96386273	     -0.15599607	     -4.14325299	     -1.34022397	     -0.02069912	      0.00000000	      4.44056765	     -4.04506337	      0.00000000	     -5.42554671	      0.05134137	     -5.49083178	      0.69317255	      7.54768250	      0.87666091	      0.00000000	     -1.85182477	      0.21238169	     -2.38209628	     -1.28947907	     -4.99211656	      6.91610886	     18.62477880	     88.37095376	     -3.54117572	     -7.59244844	      9.65348227	     24.25852763	     78.67602839
      3.58333330	      1.60156673	      0.91487453	     -2.48437795	     -0.48285917	      0.96709097	     -0.15542970	     -4.13937862	     -1.30817215	     -0.03496177	      0.00000000	      4.41683170	     -4.00903761	      0.00000000	     -5.51801951	      0.01783815	     -5.45788208	      0.64673465	      7.56343844	      0.90510539	      0.00000000	     -1.85276959	      0.18481214	     -2.36270861	     -1.25527637	     -4.85129869	      6.89840513	     18.54654970	     88.35418181	     -3.57289327	     -7.43072669	      9.71004522	     24.27705509	     78.67415638
      3.60000000	      1.63864944	      0.93322870	     -2.41094511	     -0.48262951	      0.96690109	     -0.15581037	     -4.18944424	     -1.32384348	     -0.04754165	      0.00000000	      4.34184746	     -3.95295576	      0.00000000	     -5.61685389	      0.03530614	     -5.49976639	      0.61174464	      7.53725532	      0.90975343	      0.00000000	     -1.83560607	      0.22966345	     -2.33983096	     -1.24169560	     -4.72507364	      6.87649041	     18.46743455	     88.33585310	     -3.63191724	     -7.32510691	      9.76108000	     24.27967933	     78.67079000
      3.61666670	      2.09015819	      0.88598075	     -2.47089418	     -0.48320694	      0.96817170	     -0.15501437	     -4.70507852	     -1.27499308	     -0.45184930	      0.00000000	      4.16021669	     -3.43058516	      0.00000000	     -6.31740380	     -0.01016495	     -5.66532183	      0.30999974	      7.15876638	      1.22584752	      0.00000000	     -2.37053809	      0.23817252	     -2.67706098	     -0.46515879	     -4.34823613	      6.15196889	     17.38107453	     87.89308373	     -3.59394896	     -7.36285119	     10.48789454	     24.34024890	     78.51340762
      3.63333330	      2.08447786	      0.88567759	     -2.47862109	     -0.48186104	      0.96317823	     -0.15540549	     -4.72379399	     -1.26752305	     -0.45768223	      0.00000000	      4.15651996	     -3.43124451	      0.00000000	     -6.33460108	     -0.01553773	     -5.66735559	      0.32597875	      7.15696436	      1.22469232	      0.00000000	     -2.36259198	      0.23263827	     -2.67707775	     -0.45778274	     -4.33895480	      6.15141293	     17.38733640	     87.89192960	     -3.59255510	     -7.35370682	     10.49164931	     24.34295787	     78.51270655
      3.65000000	      2.15275804	      0.84961820	     -2.42161407	     -0.47904867	      0.96214211	     -0.15605526	     -4.86796095	     -1.22042481	     -0.49554652	      0.00000000	      4.13718597	     -3.43974728	      0.00000000	     -6.44125129	     -0.06665038	     -5.70728144	      0.38781534	      7.18322740	      1.19296881	      0.00000000	     -2.14727916	      0.17780594	     -2.67793152	     -0.39738855	     -4.20517247	      6.15241428	     17.48809651	     87.88185730	     -3.64968721	     -7.21105084	     10.54109065	     24.36162404	     78.50795965
      3.66666670	      2.18205389	      0.80519194	     -2.38978965	     -0.48092926	      0.95892234	     -0.15598171	     -4.95598732	     -1.17852837	     -0.56040082	      0.00000000	      4.20034803	     -3.49067045	      0.00000000	     -6.53337182	     -0.10536208	     -5.76178337	      0.34993799	      7.32104781	      1.12144070	      0.00000000	     -1.98058720	      0.18621720	     -2.77681964	     -0.33638993	     -4.07617441	      6.14861973	     17.66375754	     87.86471381	     -3.67246619	     -7.11008252	     10.60133192	     24.38084947	     78.49829292
      3.68333330	      2.18185806	      0.81770879	     -2.24313255	     -0.47964895	      0.96003273	     -0.15598625	     -5.04948343	     -1.18841285	     -0.69024305	      0.00000000	      4.51733239	     -3.32394672	      0.00000000	     -6.56515312	     -0.10671954	     -5.60290381	      0.46321008	      7.50602176	      0.96593020	      0.00000000	     -1.98812065	      0.17307408	     -3.17833503	     -1.05841780	     -4.23024746	      5.79721112	     20.14519059	     87.30997262	     -3.93156540	     -7.34558245	     11.65173119	     24.75977238	     77.91599688
      3.70000000	      2.16543501	      0.82010142	     -2.15718811	     -0.47826692	      0.95991075	     -0.15574749	     -5.14998603	     -1.19185314	     -0.65726354	      0.00000000	      4.53905323	     -3.31540065	      0.00000000	     -6.62550949	     -0.12363533	     -5.63250093	      0.52505693	      7.49711907	      0.95108987	      0.00000000	     -1.86405848	      0.16182061	     -3.16078555	     -0.99415872	     -4.16302670	      5.80062273	     20.20340792	     87.30408125	     -3.92391929	     -7.34457538	     11.66368552	     24.75791113	     77.90712163
      3.71666670	      2.18268743	      0.80747140	     -2.19939559	     -0.48013823	      0.96242672	     -0.15612898	     -5.20645657	     -1.18606710	     -0.64351661	      0.00000000	      4.59775606	     -3.32158865	      0.00000000	     -6.66647795	     -0.13280679	     -5.65279066	      0.54573658	      7.49572261	      0.93606300	      0.00000000	     -1.70217676	      0.11144823	     -3.19400058	     -0.88187455	     -4.06770136	      5.80943551	     20.32509019	     87.29644638	     -3.85239184	     -7.32328631	     11.68373923	     24.77062830	     77.89567457
      3.73333330	      2.18412328	      0.82264515	     -2.15968072	     -0.47999885	      0.96919280	     -0.15607582	     -5.20493178	     -1.19562119	     -0.60557803	      0.00000000	      4.61232449	     -3.29752762	      0.00000000	     -6.64505841	     -0.11205940	     -5.61171556	      0.49972872	      7.46820907	      0.96793293	      0.00000000	     -1.65015884	      0.08117685	     -3.15361101	     -0.76317588	     -3.98207583	      5.82164878	     20.44042738	     87.29178975	     -3.89195305	     -7.30863743	     11.70275095	     24.74228722	     77.88711847
      3.75000000	      2.14832338	      0.82536782	     -2.24729993	     -0.48076925	      0.96828613	     -0.15538929	     -5.12287837	     -1.20408044	     -0.55572055	      0.00000000	      4.61459637	     -3.23889140	      0.00000000	     -6.66435032	     -0.10156916	     -5.47108116	      0.37684276	      7.41352099	      1.07336884	      0.00000000	     -1.58616919	     -0.01074990	     -3.12679600	     -0.50561422	     -3.81444911	      5.85120908	     20.69213479	     87.28374891	     -3.88502686	     -7.28908674	     11.73549794	     24.70475772	     77.87024500
      3.76666670	      2.21708664	      0.86933591	     -2.16952558	     -0.48127297	      0.96784887	     -0.15558940	     -5.20586444	     -1.25462281	     -0.65430334	      0.00000000	      4.67821093	     -2.82651504	      0.00000000	     -6.74460685	     -0.03836583	     -5.35611038	      0.21839365	      7.23761699	      1.31763284	      0.00000000	     -1.76601071	     -0.06582439	     -3.39866409	     -0.93283403	     -4.02843164	      6.33311192	     22.82317878	     87.03813339	     -3.76621428	     -7.32554729	     12.28875559	     24.12657450	     77.34220923
      3.78333330	      2.22002803	      0.86831327	     -2.20729515	     -0.47993119	      0.96627221	     -0.15527874	     -5.17230410	     -1.25008178	     -0.68722972	      0.00000000	      4.64590354	     -2.82108150	      0.00000000	     -6.77197991	     -0.03243711	     -5.32085792	      0.15893251	      7.24155528	      1.34581069	      0.00000000	     -1.73802057	     -0.08781444	     -3.30220573	     -0.80163533	     -3.92588600	      6.35306906	     22.89219966	     87.03115940	     -3.76703335	     -7.32700770	     12.30152960	     24.12197945	     77.32699653
      3.80000000	      2.23627145	      0.86420615	     -2.20165135	     -0.47876461	      0.96587695	     -0.15525023	     -5.15072767	     -1.24467916	     -0.68556475	      0.00000000	      4.64444100	     -2.81932890	      0.00000000	     -6.78269141	     -0.02721841	     -5.31603833	      0.15954516	      7.24395515	      1.34864169	      0.00000000	     -1.73881040	     -0.09128242	     -3.29676534	     -0.79519561	     -3.92014845	      6.35454679	     22.89636917	     87.03061450	     -3.76898200	     -7.32652427	     12.30262401	     24.12040929	     77.32582458
      3.81666670	      2.24634404	      0.84306351	     -2.22949619	     -0.47956425	      0.96811584	     -0.15458191	     -5.14911315	     -1.19963152	     -0.66831839	      0.00000000	      4.63797739	     -2.79273054	      0.00000000	     -6.83889932	     -0.06750919	     -5.17441843	      0.06807528	      7.32565818	      1.42290293	      0.00000000	     -1.70439429	     -0.15539489	     -3.17577964	     -0.65634585	     -3.79947178	      6.38449457	     22.98051351	     87.02322797	     -3.83534928	     -7.32183133	     12.31888798	     24.07552708	     77.30731052
      3.83333330	      2.25740160	      0.84615628	     -2.22955701	     -0.48073136	      0.96744600	     -0.15457952	     -5.15508942	     -1.19593464	     -0.66782235	      0.00000000	      4.63778350	     -2.79151025	      0.00000000	     -6.83393876	     -0.06865249	     -5.16841513	      0.05784204	      7.33311691	      1.42624101	      0.00000000	     -1.70257472	     -0.15506382	     -3.17314081	     -0.65551056	     -3.79539445	      6.38644844	     22.98246109	     87.02261724	     -3.83752907	     -7.32283102	     12.31965704	     24.07224796	     77.30588688
      3.85000000	      2.35667518	      0.81198633	     -2.12119982	     -0.47983100	      0.95866921	     -0.15482883	     -5.29643164	     -1.12697607	     -0.58973032	      0.00000000	      4.77787443	     -2.80758955	      0.00000000	     -6.99038759	     -0.13611332	     -4.88358225	      0.07868807	      7.74094470	      1.51866946	      0.00000000	     -1.72558407	     -0.22338207	     -3.17395151	     -0.65068741	     -3.67374272	      6.45968616	     23.03469957	     86.99836429	     -3.76191314	     -7.39350424	     12.33876102	     23.98182417	     77.25157872
      3.86666670	      2.36175679	      0.81884047	     -2.12135651	     -0.48290610	      0.96580387	     -0.15428898	     -5.29996397	     -1.12936134	     -0.59582256	      0.00000000	      4.78368076	     -2.81211465	      0.00000000	     -6.96030193	     -0.14064210	     -4.88243876	      0.06118456	      7.75027332	      1.51945623	      0.00000000	     -1.72632581	     -0.21912808	     -3.17273764	     -0.65390880	     -3.67904543	      6.46088422	     23.03389713	     86.99742119	     -3.76795157	     -7.39004261	     12.34055097	     23.97696839	     77.25000085
      3.88333330	      2.43693751	      0.81051553	     -1.90349462	     -0.48005563	      0.95931989	     -0.15511750	     -5.40301206	     -1.10345948	     -0.61754977	      0.00000000	      4.97019709	     -2.91741097	      0.00000000	     -6.93195336	     -0.17953743	     -4.82274563	      0.27665479	      7.96976599	      1.53489417	      0.00000000	     -1.93615623	     -0.21799316	     -3.20670591	     -0.70702185	     -3.76274710	      6.50153637	     23.01083989	     86.97330546	     -3.74572342	     -7.37918699	     12.37114640	     23.87857143	     77.20767999
      3.90000000	      2.51405918	      0.81486495	     -1.86769644	     -0.48030602	      0.95861696	     -0.15503152	     -5.52934291	     -1.09851098	     -0.62292882	      0.05669903	      5.08458206	     -2.97338280	      0.00000000	     -6.97339101	     -0.20005288	     -4.76669490	      0.45377442	      8.07453930	      1.55120349	      0.00000000	     -1.88844093	     -0.23026606	     -3.24890697	     -0.72128657	     -3.73128878	      6.53805781	     23.02946525	     86.95965861	     -3.66559002	     -7.37371676	     12.38783283	     23.84972002	     77.18236204
      3.91666670	      2.49817353	      0.82611906	     -1.74377377	     -0.48032618	      0.95854843	     -0.15514716	     -5.55899791	     -1.10142532	     -0.59982723	      0.08149823	      5.18724144	     -3.00616437	      0.00000000	     -6.94188881	     -0.21668243	     -4.77217736	      0.48778727	      8.15740879	      1.53263445	      0.00000000	     -1.97021928	     -0.24286143	     -3.24481992	     -0.75793130	     -3.75102719	      6.55435901	     23.02212050	     86.95174213	     -3.69910371	     -7.38526522	     12.39899812	     23.80400452	     77.16880057
      3.93333330	      2.45993499	      0.82584773	     -1.74622497	     -0.47867275	      0.96011329	     -0.15512127	     -5.57337613	     -1.10746218	     -0.59809341	      0.09472977	      5.19693524	     -3.01011648	      0.00000000	     -6.96454420	     -0.22535246	     -4.76769883	      0.51264380	      8.16203848	      1.53317038	      0.00000000	     -1.97162705	     -0.24453754	     -3.25087542	     -0.76207611	     -3.75197881	      6.55597253	     23.02162180	     86.95101376	     -3.69185489	     -7.38638638	     12.39965775	     23.80330315	     77.16758513
      3.95000000	      2.55369956	      0.81551892	     -1.57825552	     -0.47907357	      0.95815805	     -0.15553753	     -5.74977462	     -1.08315650	     -0.49998289	      0.18338138	      5.93004615	     -3.24997487	      0.00000000	     -6.92028494	     -0.28717689	     -4.65994926	      1.02114856	      8.64844790	      1.44663122	      0.00000000	     -1.97950712	     -0.27385044	     -3.36671830	     -0.96409014	     -3.79745458	      6.65742609	     23.02645428	     86.90933234	     -3.65627017	     -7.41727058	     12.46374529	     23.64958947	     77.10011130
      3.96666670	      2.55691905	      0.82490381	     -1.57990957	     -0.47938920	      0.96132007	     -0.15575599	     -5.76812252	     -1.10665446	     -0.48973237	      0.23254419	      5.93973389	     -3.24406790	      0.00000000	     -6.95821097	     -0.27142952	     -4.64254907	      1.12119123	      8.65928143	      1.45293626	      0.00000000	     -1.90234881	     -0.24638258	     -3.37470495	     -0.92936815	     -3.79326509	      6.67624813	     23.05314605	     86.90118219	     -3.60628159	     -7.41609827	     12.47560039	     23.64057972	     77.08783020
      3.98333330	      2.52810606	      0.82468217	     -1.57053577	     -0.47806148	      0.96250154	     -0.15580241	     -5.75983612	     -1.10224731	     -0.48829882	      0.23319375	      5.94118122	     -3.24371834	      0.00000000	     -6.98951351	     -0.26403239	     -4.64286781	      1.14871331	      8.65928746	      1.45231558	      0.00000000	     -1.90270520	     -0.24574624	     -3.37560396	     -0.92995236	     -3.79407311	      6.67802307	     23.05364031	     86.90038375	     -3.60502553	     -7.41571034	     12.47706245	     23.63808374	     77.08668489
      4.00000000	      2.57081364	      0.83416163	     -1.53844769	     -0.47796992	      0.96191973	     -0.15541980	     -5.82556530	     -1.11647893	     -0.49964965	      0.26715598	      5.94044437	     -3.24109480	      0.00000000	     -7.01382866	     -0.25706350	     -4.64881541	      1.34625825	      8.64663151	      1.44640463	      0.00000000	     -1.82557854	     -0.23232545	     -3.37440973	     -1.01205404	     -3.79842047	      6.70831731	     23.04169499	     86.88952352	     -3.67560397	     -7.39628359	     12.50439835	     23.57767550	     77.07094248
      4.01666670	      2.56274139	      0.82675458	     -1.54038666	     -0.47885726	      0.96154166	     -0.15584135	     -5.82284229	     -1.11825433	     -0.50294000	      0.26147397	      5.93988197	     -3.24134693	      0.00000000	     -7.02120910	     -0.25138330	     -4.64979029	      1.35471543	      8.64740641	      1.44544194	      0.00000000	     -1.82489579	     -0.23442261	     -3.37507755	     -1.01811162	     -3.79704533	      6.71068364	     23.04072822	     86.88878873	     -3.68030213	     -7.39532744	     12.50634547	     23.57325265	     77.06986022
      4.03333330	      2.56492641	      0.82923675	     -1.53545583	     -0.47786230	      0.96328926	     -0.15538768	     -5.79835050	     -1.11538955	     -0.50602746	      0.24501693	      5.93595315	     -3.24029105	      0.00000000	     -7.02990352	     -0.24509075	     -4.64859319	      1.36493575	      8.64635903	      1.44540310	      0.00000000	     -1.82811318	     -0.23355450	     -3.37470077	     -1.02455603	     -3.79483502	      6.71342406	     23.03946517	     86.88802248	     -3.68681499	     -7.39266320	     12.50872555	     23.56803920	     77.06874983
      4.05000000	      2.51737984	      0.83511512	     -1.57540813	     -0.47856336	      0.96271329	     -0.15548045	     -5.75099585	     -1.12184486	     -0.56565862	      0.11354285	      5.84810457	     -3.21854793	      0.00000000	     -6.96957107	     -0.22608461	     -4.63290934	      1.35537181	      8.62970440	      1.44994884	      0.00000000	     -1.87867267	     -0.23304847	     -3.36694619	     -1.13001442	     -3.74606083	      6.75243884	     23.01719268	     86.87871571	     -3.79168948	     -7.36520192	     12.53958819	     23.49318625	     77.05495481
      4.06666670	      2.54400898	      0.83774245	     -1.56298564	     -0.47850714	      0.96257189	     -0.15535963	     -5.73445500	     -1.11347066	     -0.56615608	      0.10054568	      5.83869754	     -3.21426088	      0.00000000	     -6.95713225	     -0.22209560	     -4.63240975	      1.34485280	      8.62900653	      1.45005514	      0.00000000	     -1.87386988	     -0.23477095	     -3.36423302	     -1.13076931	     -3.74468459	      6.75509229	     23.01814000	     86.87783816	     -3.79649499	     -7.36335576	     12.54184433	     23.48885509	     77.05377206
      4.08333330	      2.56275204	      0.83380707	     -1.56445481	     -0.47859872	      0.96388371	     -0.15543149	     -5.72890225	     -1.11355332	     -0.56981886	      0.09132230	      5.82641092	     -3.21020268	      0.00000000	     -6.92750955	     -0.22536468	     -4.62943091	      1.32273089	      8.62807728	      1.45140024	      0.00000000	     -1.87442650	     -0.23743305	     -3.36158523	     -1.13493507	     -3.74183583	      6.75806551	     23.01821253	     86.87696925	     -3.80545313	     -7.36054153	     12.54454158	     23.48318147	     77.05264466
      4.10000000	      2.39627858	      0.80270028	     -1.56296730	     -0.47888382	      0.96318348	     -0.15549989	     -5.53787613	     -1.06718233	     -0.78376063	      0.00000000	      5.19070826	     -3.03581757	      0.00000000	     -6.82367332	     -0.25664420	     -4.51905918	      1.09034962	      8.45699612	      1.50121050	      0.00000000	     -1.70610273	     -0.19089307	     -3.36941443	     -1.24364200	     -3.69822662	      6.89939255	     23.05400370	     86.82470981	     -3.89613083	     -7.29327973	     12.65953801	     23.31024685	     76.98953664
      4.11666670	      2.40587991	      0.80522886	     -1.56411974	     -0.47893589	      0.96220654	     -0.15535556	     -5.54691718	     -1.06855686	     -0.78471313	      0.00197822	      5.19017416	     -3.03576854	      0.00000000	     -6.80332022	     -0.26086345	     -4.52066106	      1.08192844	      8.45572511	      1.49977677	      0.00000000	     -1.70877295	     -0.19284283	     -3.37019145	     -1.24678821	     -3.70047250	      6.90045006	     23.05307495	     86.82406336	     -3.89811737	     -7.29235891	     12.66088417	     23.30815822	     76.98888427
      4.13333330	      2.32560966	      0.86870554	     -1.46863486	     -0.48027954	      0.96008170	     -0.15578366	     -5.39849981	     -1.12830471	     -0.92887344	      0.19267343	      5.18424778	     -3.11239410	      0.00000000	     -6.53556271	     -0.23215227	     -4.65059913	      1.30132120	      8.27481217	      1.31273170	      0.00000000	     -1.77899577	     -0.29232157	     -3.45001464	     -1.34340042	     -3.72813927	      7.02499443	     23.10598717	     86.75640489	     -3.86584065	     -7.31587703	     12.77887844	     23.19209567	     76.92221398
      4.15000000	      2.28851092	      0.88493552	     -1.45390364	     -0.48044932	      0.96164687	     -0.15555250	     -5.33983344	     -1.14753719	     -0.90043489	      0.28349466	      5.20389432	     -3.10783943	      0.00000000	     -6.47464658	     -0.23274652	     -4.64098563	      1.31123271	      8.27086422	      1.28871778	      0.00000000	     -1.85566866	     -0.30288675	     -3.51358015	     -1.45161752	     -3.74841279	      7.04583086	     23.08287568	     86.74250412	     -3.85897862	     -7.31501878	     12.80345617	     23.17722103	     76.91044313
      4.16666670	      2.20453347	      0.90983674	     -1.45701274	     -0.48176670	      0.96013357	     -0.15530228	     -4.96800459	     -1.18587747	     -0.86360227	      0.77172619	      5.67534116	     -3.24311262	      0.00000000	     -6.12296065	     -0.22309102	     -4.54889836	      1.68302637	      8.42338881	      1.11901539	      0.00000000	     -1.98954314	     -0.33490843	     -3.55277079	     -1.40553449	     -3.78792140	      7.14931822	     23.21276903	     86.65885025	     -3.75367489	     -7.36001447	     12.93727258	     23.16932413	     76.84596311
      4.18333330	      2.18203689	      0.90965076	     -1.49507097	     -0.48385233	      0.96327789	     -0.15539390	     -4.82344494	     -1.19524377	     -0.84872204	      0.86934561	      5.70308487	     -3.24345330	      0.00000000	     -6.01598864	     -0.22298336	     -4.53260124	      1.76937335	      8.42228368	      1.10461531	      0.00000000	     -2.12486183	     -0.29688071	     -3.60941038	     -1.51475301	     -3.82076407	      7.16623294	     23.18456015	     86.64201178	     -3.74820758	     -7.37287249	     12.96364972	     23.16366382	     76.83473069
      4.20000000	      2.00501005	      0.88012368	     -1.51686548	     -0.48611294	      0.96323030	     -0.15501148	     -4.06205088	     -1.17299668	     -0.93520830	      1.80657003	      6.09095983	     -3.54644315	      0.00000000	     -5.27589840	     -0.29127694	     -4.56224660	      2.53442552	      8.69776283	      0.75000673	      0.00000000	     -2.31886883	     -0.23129878	     -3.55599364	     -1.42123340	     -3.92034896	      7.35029684	     23.38506498	     86.43837261	     -3.64494667	     -7.43417039	     13.27612508	     23.23207647	     76.71061240
      4.21666670	      2.01692450	      0.91405335	     -1.47421294	     -0.48963333	      0.96560727	     -0.15523496	     -3.66565593	     -1.19508702	     -1.17042312	      2.41079757	      5.94257523	     -3.67824947	      0.00000000	     -4.76541971	     -0.30730797	     -4.86243326	      3.14143275	      8.34750897	      0.62606886	      0.00000000	     -2.84567751	     -0.26887078	     -3.55992936	     -1.21022286	     -3.95812843	      7.38579554	     23.45235682	     86.37073390	     -3.39904800	     -7.49430415	     13.35622801	     23.29282585	     76.67410679
      4.23333330	      2.06604655	      0.98405711	     -1.43796600	     -0.48997208	      0.96407561	     -0.15520554	     -3.19713490	     -1.27901614	     -1.34125077	      3.24634652	      6.16712863	     -3.94769484	      0.00000000	     -4.14255785	     -0.31163818	     -5.25065517	      4.14479879	      8.18936783	      0.31372811	      0.00000000	     -3.50177974	     -0.35464011	     -3.54493140	     -1.01240120	     -3.97758517	      7.41921306	     23.51274485	     86.28698868	     -3.17712443	     -7.57625710	     13.45990269	     23.38758210	     76.63773404
      4.25000000	      2.01397049	      1.03205831	     -1.39551352	     -0.49718189	      0.96364698	     -0.15634416	     -2.29500605	     -1.35081331	     -1.40577429	      4.55761787	      6.72487845	     -4.45475121	      0.00000000	     -3.17572645	     -0.34384052	     -5.53540822	      5.34711675	      8.24952849	     -0.24247506	      0.00000000	     -4.25642381	     -0.39817238	     -3.45731936	     -0.75047413	     -4.06857836	      7.46386487	     23.58499478	     86.09371499	     -2.85673001	     -7.70115572	     13.71108852	     23.62829140	     76.57367774
      4.26666670	      2.18441432	      0.95862069	     -1.36548272	     -0.49708494	      0.95795530	     -0.15731674	     -1.55641121	     -1.37287550	     -1.68574242	      5.81019620	      6.72072878	     -4.76271097	      0.00000000	     -2.51122405	     -0.49729256	     -5.85925370	      6.49553119	      8.20413830	     -0.42447124	      0.00000000	     -5.22983051	     -0.23339172	     -3.44730067	     -0.27867626	     -4.24116116	      7.43657997	     23.68628650	     86.00925262	     -2.48388664	     -7.69641054	     13.79942247	     23.77197870	     76.54987440
      4.28333330	      2.21653051	      0.93599128	     -1.21415172	     -0.50034639	      0.95398719	     -0.15781665	     -0.40455514	     -1.42458243	     -1.61419501	      7.83112451	      7.74308719	     -5.52562709	      0.00000000	     -1.46787589	     -0.66099476	     -5.92944959	      8.43808694	      9.22930320	     -0.77538215	      0.00000000	     -6.16266894	     -0.16512710	     -3.45468380	      0.04196907	     -4.34892128	      7.41089352	     23.78440307	     85.79602397	     -2.09533322	     -7.84945704	     14.02304893	     24.07137298	     76.49949586
      4.30000000	      1.91585818	      0.89919390	     -1.15233694	     -0.50748902	      0.95363310	     -0.15895188	      1.47761738	     -1.50550523	     -1.53022754	     10.25307691	      8.55547185	     -6.24185425	      0.00000000	      0.33629491	     -0.87964736	     -6.43343686	     10.92656758	     10.32936189	     -0.69138864	      0.00000000	     -6.91605982	      0.00123174	     -3.40278106	      0.58863350	     -4.58545052	      7.32403932	     24.17043176	     85.35088830	     -1.69609239	     -8.01305432	     14.42867693	     24.64912606	     76.40009255
      4.31666670	      2.20360782	      0.79965311	     -1.01853065	     -0.51196334	      0.94724117	     -0.15877271	      2.82965327	     -1.52944205	     -1.80549706	     12.86064608	      9.33911887	     -7.03698762	      0.00000000	      1.72808257	     -1.21630659	     -6.66655671	     13.57510105	     11.44027962	     -1.09102499	      0.00000000	     -8.62942048	      0.18609186	     -3.46962114	      1.25960718	     -4.74815818	      7.23757961	     24.44337723	     85.15662385	     -1.06095871	     -8.17350586	     14.53277782	     24.96303651	     76.35969263
      4.33333330	      1.69391555	      0.80848736	     -0.86824212	     -0.51260241	      0.93982319	     -0.15843991	      5.17392858	     -1.73105478	     -2.14204402	     15.97671815	     10.28215907	     -7.52180517	      0.00000000	      4.22343153	     -1.61734625	     -7.53724229	     17.04654649	     12.80463080	     -0.81350005	      0.00000000	     -9.27018916	      0.28788648	     -3.57567587	      1.44493024	     -4.91307313	      7.02757779	     25.08221860	     84.68759101	     -0.89562270	     -8.51194688	     14.80556947	     25.83613883	     76.30065376
      4.35000000	      1.37436218	      0.69693799	     -0.65870801	     -0.51537896	      0.93164537	     -0.15973411	      7.36516990	     -1.89359871	     -2.68542968	     19.13434719	     11.47867037	     -7.76698745	      0.00000000	      6.65088251	     -2.20568502	     -8.26759443	     20.87091362	     14.37263479	     -0.76389377	      0.00000000	    -10.27389854	      0.56562266	     -3.62858677	      1.72151389	     -5.14825880	      6.74828382	     25.70560950	     84.24203830	     -0.61406591	     -8.74036868	     14.94679368	     26.55564844	     76.25461263
      4.36666670	      0.93049943	      0.58021354	     -0.40397365	     -0.51984520	      0.92415651	     -0.16098375	      9.71142950	     -2.12363792	     -3.40747001	     22.66778380	     13.05211969	     -7.78495695	      0.00000000	      9.50633609	     -2.88204838	     -8.93280612	     25.29263183	     15.87114281	     -0.95535404	      0.00000000	    -11.14967762	      0.86133424	     -3.71377241	      1.94235177	     -5.38413711	      6.41537164	     26.28332209	     83.82105649	     -0.35093323	     -8.93762980	     15.00044156	     27.25365855	     76.24297829
      4.38333330	      0.36386326	      0.33004197	     -0.16499110	     -0.52161017	      0.92088722	     -0.16210416	     12.08911349	     -2.31880764	     -4.25764523	     25.94018002	     14.38680481	     -7.63198529	      0.00000000	     12.24291336	     -3.64722178	     -9.49813183	     29.28673157	     17.50397157	     -0.64566773	      0.00000000	    -11.94158951	      1.34604309	     -3.69328376	      2.18004472	     -5.70288048	      6.02407565	     26.92548523	     83.44943824	     -0.15658705	     -9.03077909	     14.96916374	     27.83130371	     76.27062356
      4.40000000	     -0.26895736	      0.20643957	     -0.01656360	     -0.52406837	      0.91381572	     -0.16234167	     14.41842760	     -2.59522353	     -4.84749061	     29.03916277	     16.51555927	     -7.03195120	      0.00000000	     15.10228039	     -4.28587174	     -9.82706574	     33.28109372	     19.34612775	     -0.55772548	      0.00000000	    -12.65270790	      1.59292183	     -3.47068501	      2.41771607	     -5.99085010	      5.59935750	     27.61523451	     83.11010052	      0.02370594	     -9.15975414	     14.85935160	     28.45818059	     76.35344349
      4.41666670	     -0.97962364	      0.07074515	     -0.08176381	     -0.52773909	      0.90172085	     -0.16259188	     17.08104132	     -2.95367339	     -5.54992715	     32.83868630	     17.94842063	     -6.66098683	      0.00000000	     17.87630364	     -4.97537724	    -10.17908417	     37.14884633	     21.20754557	     -0.16434433	      0.00000000	    -13.41995487	      1.85073794	     -3.17784712	      2.72950062	     -6.28798071	      5.18365444	     28.23814634	     82.81793206	      0.27821365	     -9.25554403	     14.67529725	     29.06322142	     76.49544454
      4.43333330	     -1.65702758	      0.01938748	     -0.19667186	     -0.52784409	      0.89157338	     -0.16323377	     19.39161489	     -3.36086820	     -6.13032981	     36.05364776	     19.93125248	     -5.83014397	      0.00000000	     20.31565558	     -5.56039276	    -10.41723186	     40.54210564	     23.33273686	      0.54100383	      0.00000000	    -14.02248688	      1.97785920	     -2.80166310	      2.91470086	     -6.53195975	      4.77609017	     28.56755563	     82.56996357	      0.39238339	     -9.33671680	     14.46475841	     29.59462734	     76.68744769
      4.45000000	     -2.29112636	     -0.02893339	     -0.45286833	     -0.53169042	      0.88497067	     -0.16243133	     21.91116142	     -3.73264448	     -6.59889967	     39.67232708	     21.45424011	     -5.09716596	      0.00000000	     22.57659095	     -6.17922626	    -10.67397183	     43.69904519	     24.80265740	      0.92591874	      0.00000000	    -14.73952325	      2.04062996	     -2.34351164	      3.21414246	     -6.74775445	      4.39802159	     28.80854108	     82.35700588	      0.50445914	     -9.43570561	     14.14078909	     30.08943062	     76.92984824
      4.46666670	     -2.73868364	     -0.07508132	     -0.64382552	     -0.53127083	      0.87942269	     -0.16287679	     24.06927983	     -4.08313283	     -6.96646515	     43.14290483	     23.01053152	     -4.39229731	      0.00000000	     24.49018809	     -6.73313975	    -10.80502830	     46.65586910	     26.15036348	      1.31621282	      0.00000000	    -15.56790747	      2.09988914	     -1.86726021	      3.49366494	     -6.90452087	      4.00892220	     28.85862390	     82.16663902	      0.60606138	     -9.49782702	     13.77762928	     30.47350531	     77.23639805
      4.48333330	     -3.08837586	     -0.12863089	     -0.76155379	     -0.53340262	      0.87269081	     -0.16317127	     25.97534867	     -4.36126049	     -7.13790921	     46.26026035	     24.31766197	     -3.99774110	      0.00000000	     26.25499986	     -7.14406797	    -10.69653708	     49.34920554	     27.65641413	      1.79868382	      0.00000000	    -16.52311529	      2.11847800	     -1.46804874	      3.86530983	     -7.04292556	      3.63651898	     28.92329970	     82.01067373	      0.74335896	     -9.57545756	     13.39881586	     30.81689218	     77.59934443
      4.50000000	     -3.61464195	     -0.06200510	     -0.96785464	     -0.54078450	      0.86077816	     -0.16378579	     28.53737726	     -4.78928088	     -7.18953142	     49.76208001	     25.57098921	     -3.69549535	      0.00000000	     28.38634780	     -7.45270592	    -10.74375700	     51.97212275	     29.31912531	      2.35515469	      0.00000000	    -17.53406575	      1.98907302	     -0.99238138	      4.40857006	     -7.19667494	      3.28555733	     29.09590696	     81.88873449	      0.97489841	     -9.68848316	     12.96296949	     31.27007506	     78.02454001
      4.51666670	     -4.22275248	      0.06356337	     -0.85848868	     -0.54036601	      0.84849839	     -0.16448712	     30.78894507	     -5.27786323	     -7.04564228	     52.83757091	     27.43988043	     -3.03978865	      0.00000000	     30.55339143	     -7.65066354	    -10.71730415	     54.64351240	     31.00613157	      2.94214799	      0.00000000	    -18.24286614	      1.81543814	     -0.71422796	      4.80896841	     -7.26364949	      2.85517742	     29.09710139	     81.76966121	      1.25794431	     -9.83179566	     12.62973279	     31.64963669	     78.50229938
      4.53333330	     -4.71110690	      0.10796217	     -0.83383779	     -0.54767427	      0.84769897	     -0.16561276	     33.03987569	     -5.59851220	     -6.82709238	     55.69590323	     28.57727738	     -2.78320217	      0.00000000	     32.57573924	     -7.88296743	    -10.70857759	     56.98968505	     31.67510014	      2.99225996	      0.00000000	    -19.41281844	      1.71346019	     -0.38002082	      5.33994906	     -7.37411313	      2.35054258	     29.16591520	     81.66489553	      1.66817213	     -9.94834270	     12.31612374	     32.13715048	     79.07024130
      4.55000000	     -5.05104907	      0.08126250	     -0.56372125	     -0.55448317	      0.84058605	     -0.16592490	     35.19304246	     -5.89781924	     -6.74853121	     58.46304604	     29.74226629	     -2.47831214	      0.00000000	     34.54436865	     -8.06336309	    -10.41965194	     59.32056116	     32.20613718	      2.97816505	      0.00000000	    -20.91850236	      1.72614849	     -0.20161063	      5.89117484	     -7.45761339	      1.78000637	     29.29204527	     81.57663059	      2.23024934	    -10.13606059	     12.12891018	     32.78346266	     79.74199243
      4.56666670	     -4.93198706	      0.04344290	     -0.33986728	     -0.55721539	      0.84061982	     -0.16557678	     36.46208208	     -6.07894671	     -6.70431942	     60.56837558	     29.87938309	     -2.71782232	      0.00000000	     35.51880073	     -8.19562837	    -10.20640388	     60.83646622	     32.14718331	      3.07042306	      0.00000000	    -23.04116963	      1.68911614	     -0.12433248	      6.72520555	     -7.55995883	      1.63614493	     29.37638180	     81.55951049	      3.05482218	    -10.24042353	     12.04945214	     32.92980842	     79.84770996
      4.58333330	     -4.75974001	      0.17759481	     -0.01253182	     -0.56231414	      0.83184821	     -0.16552102	     37.80794834	     -6.44680876	     -6.55396773	     62.95522783	     30.72248660	     -3.26398899	      0.00000000	     36.72277875	     -8.17831220	    -10.00547956	     62.59068490	     32.61226624	      3.08073217	      0.00000000	    -25.32637682	      1.46132384	      0.01053771	      7.42642130	     -7.56018768	      1.16676792	     29.56968676	     81.50647524	      3.88790443	    -10.48999445	     12.01415192	     33.60490059	     80.24661446
      4.60000000	     -4.68453535	      0.30133053	      0.33476251	     -0.56308152	      0.82205034	     -0.16627187	     39.40119202	     -6.99245888	     -6.56237280	     65.69602177	     31.83196038	     -2.89391276	      0.00000000	     38.16718279	     -8.29327374	     -9.95742785	     64.94405739	     33.28617170	      3.61483873	      0.00000000	    -27.43255546	      1.35422697	      0.07561992	      8.05716034	     -7.47509550	     -0.19771519	     30.10578422	     81.36686046	      4.46059974	    -10.85303486	     12.17854547	     34.97971451	     81.34955380
      4.61666670	     -4.53645299	      0.19206832	      0.88032193	     -0.56610589	      0.81162509	     -0.16506613	     40.48941306	     -7.29816656	     -6.74187224	     68.09404264	     33.28539934	     -2.54816722	      0.00000000	     39.65475501	     -8.63318124	     -9.55043884	     67.54936042	     33.90115257	      3.69992273	      0.00000000	    -29.52549281	      1.48538105	      0.17272730	      8.69877021	     -7.32950471	     -1.56476012	     30.53309922	     81.30729972	      5.33832476	    -11.09878225	     12.28262092	     35.68732358	     82.62839895
      4.63333330	     -4.27695363	      0.20057617	      1.29533351	     -0.56880131	      0.80480864	     -0.16613193	     41.33368930	     -7.72804519	     -6.92805341	     70.21741736	     34.56599517	     -2.03352001	      0.00000000	     40.76529364	     -8.86446347	     -9.36977444	     69.88159690	     34.47319603	      4.04279304	      0.00000000	    -31.61598833	      1.49554553	      0.21595930	      9.40597177	     -7.23474598	     -2.59148979	     30.74082876	     81.32911446	      6.32985747	    -11.29219100	     12.41670719	     36.10325812	     83.74473910
      4.65000000	     -3.98867269	      0.29250205	      1.22942238	     -0.57036355	      0.79950480	     -0.16689943	     42.43770449	     -8.08120720	     -6.79794559	     72.50930004	     35.23066726	     -2.16470670	      0.00000000	     41.78025525	     -9.09062645	     -9.36727469	     71.99996120	     35.04022971	      3.82296841	      0.00000000	    -33.70602612	      1.29838402	      0.42353884	     10.37222475	     -7.25928507	     -2.89551177	     30.87383139	     81.35219147	      7.21635875	    -11.37028165	     12.41068622	     36.31037414	     84.09060729
      4.66666670	     -3.79044528	      0.51539991	      1.44350169	     -0.58155188	      0.79275882	     -0.16755079	     43.76460538	     -8.70429396	     -6.77398118	     74.62240685	     35.52510819	     -2.17794032	      0.00000000	     43.08729130	     -8.94839956	     -9.39854536	     73.80220394	     35.23020325	      3.69497741	      0.00000000	    -36.14458658	      1.09220829	      0.81534072	     10.92386270	     -6.85116049	     -6.30251092	     32.15253240	     81.94225179	      8.49471570	    -11.76541072	     12.91412406	     37.70244300	     89.00815024
      4.68333330	     -3.46148214	      0.53640151	      1.41760691	     -0.58515964	      0.78885893	     -0.16784175	     44.91663006	     -9.00478755	     -6.62962299	     76.52310049	     35.59447756	     -2.23798609	      0.00000000	     44.08755302	     -9.12244853	     -9.36779727	     75.52089816	     35.28303664	      3.62823227	      0.00000000	    -38.22398935	      1.04844079	      0.88730339	     12.10751620	     -6.98093218	     -6.31231107	     32.34970303	     81.97554601	      9.52725045	    -11.81166510	     12.80253354	     37.82952855	     89.07790313
      4.70000000	     -3.07488224	      0.88168371	      1.46686784	     -0.59118781	      0.78060797	     -0.16721656	     46.28941215	     -9.67203207	     -6.39144100	     78.58327359	     35.52670031	     -2.38686778	      0.00000000	     44.98738961	     -8.92340045	     -9.38329416	     77.01886315	     35.59909907	      3.42618830	      0.00000000	    -40.72539836	      0.63991442	      0.94417833	     13.09532431	     -7.04522889	     -6.39591979	     32.68222587	     82.13694954	     10.66589385	    -12.09479968	     12.78070623	     38.61184496	     89.53081929
      4.71666670	     -2.54388714	      0.97256904	      1.61948154	     -0.58914718	      0.77189873	     -0.16674060	     47.01024594	    -10.07891988	     -6.32245539	     80.36291365	     36.09660374	     -2.25105197	      0.00000000	     45.69529251	     -9.00219462	     -9.17646323	     78.86015221	     36.02578736	      3.56429354	      0.00000000	    -42.99830262	      0.56307974	      0.88886737	     14.06313310	     -6.99584248	     -6.63373930	     33.03955980	     82.27940159	     11.57877332	    -12.37317673	     12.85466127	     39.20824961	     90.00688959
      4.73333330	     -2.07707270	      1.13902921	      1.59823999	     -0.58983939	      0.76437664	     -0.16602786	     47.53702632	    -10.35476490	     -6.08294898	     82.00454005	     36.60007086	     -2.33680274	      0.00000000	     46.10430107	     -9.16936166	     -9.13827163	     80.48436189	     36.75800578	      4.08452096	      0.00000000	    -45.18721525	      0.37977457	      0.92350393	     14.93609512	     -6.93329124	     -7.16487878	     33.36663720	     82.55498033	     12.44603031	    -12.71640623	     13.05984967	     39.83888622	     90.87669962
      4.75000000	     -1.69842654	      1.23889533	      1.67650785	     -0.58950375	      0.75824473	     -0.16560208	     48.05283756	    -10.63325221	     -5.96421718	     83.54774714	     37.39044973	     -2.28296711	      0.00000000	     46.42481343	     -9.29858547	     -8.94964423	     81.98794652	     37.74272153	      4.56019118	      0.00000000	    -47.06363709	      0.32361619	      1.02644448	     15.60849355	     -6.85864568	     -7.59528320	     33.40202652	     82.82179238	     13.39270267	    -12.90330600	     13.19262681	     40.01620452	     91.60687262
      4.76666670	     -1.54692597	      1.27772033	      1.79073975	     -0.59010349	      0.75566432	     -0.16496702	     48.38308621	    -10.71251185	     -5.85536457	     84.53216416	     37.85796055	     -2.50748266	      0.00000000	     46.99961948	     -9.39867538	     -8.75553612	     83.31167759	     37.88850342	      4.40275183	      0.00000000	    -48.58061519	      0.22571708	      1.06062322	     16.25434313	     -6.78293838	     -7.63707065	     33.48776161	     82.86343211	     14.25726176	    -13.07361323	     13.12428176	     40.09421921	     91.70000396
      4.78333330	     -0.82210279	      1.15055797	      1.72036231	     -0.59423105	      0.75133190	     -0.16589692	     48.03391958	    -10.62320824	     -5.89486907	     85.37480288	     38.62813817	     -2.56192085	      0.00000000	     47.03194817	     -9.48138874	     -8.33835813	     84.42538301	     38.70339223	      4.65827755	      0.00000000	    -50.83640687	      0.25148442	      1.35209175	     16.96083411	     -6.86430250	     -8.06180423	     33.73726622	     83.14211498	     15.28791298	    -13.16051800	     13.42966995	     40.29300642	     92.40413533
      4.80000000	     -0.50555679	      1.18976571	      1.66699255	     -0.59560897	      0.74811231	     -0.16564312	     48.31926720	    -10.64091222	     -5.70787008	     86.20713970	     38.95418385	     -2.94139435	      0.00000000	     47.14891964	     -9.51033059	     -8.20248203	     85.06945427	     39.28580362	      5.01247507	      0.00000000	    -52.53656998	      0.09979816	      1.57928027	     17.41645982	     -6.81588570	     -8.88929662	     34.39617619	     83.79561863	     16.37852482	    -13.33257073	     14.02346749	     40.37303878	     93.84675502
      4.81666670	     -0.32417391	      1.09050008	      1.84937652	     -0.59599094	      0.74678529	     -0.16473238	     48.46820050	    -10.56461698	     -5.75432843	     86.70839258	     39.66297992	     -3.22340163	      0.00000000	     47.53987049	     -9.49093515	     -7.76504334	     85.67453029	     39.34175122	      4.82560432	      0.00000000	    -53.78149301	      0.23620699	      1.58404663	     17.93055499	     -6.75620489	     -9.02455078	     34.48935561	     83.95541495	     17.14915830	    -13.39749467	     13.99037990	     40.32335467	     94.11146876
      4.83333330	      0.03197440	      0.98082683	      1.91176457	     -0.59683633	      0.74438438	     -0.16476317	     48.28628704	    -10.44943773	     -5.79522608	     87.06809650	     39.83401655	     -3.55795411	      0.00000000	     47.53250255	     -9.59105000	     -7.46522332	     86.12790970	     39.52306957	      5.07944222	      0.00000000	    -55.10238707	      0.28384597	      2.15741049	     17.86362478	     -6.57538346	    -11.46792793	     35.56944011	     87.45386106	     18.61494084	    -13.22699237	     14.76058815	     39.31604193	     99.21098145
      4.85000000	      0.42412346	      0.98005514	      2.01130378	     -0.59789708	      0.74345971	     -0.16431948	     47.96902390	    -10.34042995	     -5.72549856	     87.26746507	     40.43559109	     -3.76038795	      0.00000000	     47.38634767	     -9.59068644	     -7.31657459	     86.36573013	     39.67498815	      5.30720332	      0.00000000	    -56.17553778	      0.26090065	      1.99851348	     18.36545634	     -6.47798434	    -11.35184900	     35.52682078	     87.64055797	     19.08928168	    -13.35762316	     14.48506656	     39.35919027	     99.29553001
      4.86666670	      0.86519119	      0.94616538	      2.16593501	     -0.59818712	      0.74357929	     -0.16386361	     47.44522792	    -10.23484996	     -5.76768507	     87.37361397	     40.76587493	     -3.88764912	      0.00000000	     47.14131766	     -9.55825146	     -7.09754005	     86.56890196	     39.82720396	      5.60058972	      0.00000000	    -57.13483428	      0.31914003	      1.82464551	     18.74846028	     -6.35978217	    -11.24872472	     35.52893646	     87.85873874	     19.51668971	    -13.44574258	     14.21075228	     39.21046189	     99.39953301
      4.88333330	      0.97756431	      0.94334246	      2.28539835	     -0.59796182	      0.74298179	     -0.16349254	     47.44447535	    -10.11593266	     -5.68311756	     87.61738088	     40.79998310	     -3.92138695	      0.00000000	     47.19484837	     -9.56378392	     -6.99271672	     86.78710580	     39.82221092	      5.61447975	      0.00000000	    -57.42830180	      0.25218034	      1.74722563	     18.74684476	     -6.31220280	    -11.23061951	     35.50386428	     87.88144792	     19.64268714	    -13.45793544	     14.17123830	     39.18077700	     99.40777067
      4.90000000	      1.73798771	      0.90247117	      2.51527318	     -0.59975759	      0.74780796	     -0.16412227	     46.09749338	     -9.93226492	     -5.81261398	     86.83507010	     41.05897164	     -4.00368387	      0.00000000	     46.24875110	     -9.53031132	     -6.99128994	     86.33509091	     39.57255248	      5.70149482	      0.00000000	    -58.28505380	      0.35600480	      1.53202983	     19.03085477	     -6.15427005	    -11.05372398	     35.63591002	     88.20473758	     19.93681602	    -13.48779148	     13.76088466	     38.52832939	     99.53597052
      4.91666670	      1.74096367	      0.87216119	      2.61152133	     -0.60306816	      0.74784105	     -0.16504172	     45.95586132	     -9.83153265	     -5.76171665	     86.35937250	     41.05187564	     -3.94604726	      0.00000000	     46.36961694	     -9.45587324	     -7.04582700	     86.08106606	     39.50328526	      5.71425625	      0.00000000	    -58.16430559	      0.28906036	      1.49384652	     18.93890563	     -6.14266311	    -11.03603691	     35.64436829	     88.23207554	     19.90140188	    -13.51878227	     13.72703231	     38.47301435	     99.54555379
      4.93333330	      1.84892114	      0.65649721	      2.77490000	     -0.60292025	      0.75231975	     -0.16520670	     45.48812109	     -9.61077490	     -5.93875845	     85.55105509	     40.77401311	     -3.74520428	      0.00000000	     46.17200928	     -9.51704914	     -6.94045512	     85.57297451	     38.65808015	      5.43289845	      0.00000000	    -58.02005552	      0.52028460	      1.42271997	     18.77786469	     -6.07564942	    -10.81877504	     35.93338084	     88.50988338	     19.75346070	    -13.46581917	     13.33938486	     37.88393500	     99.62649320
      4.95000000	      2.27667154	      0.60069375	      2.85663121	     -0.59957222	      0.75828175	     -0.16576106	     44.39159142	     -9.50856194	     -5.98585563	     84.60459201	     40.23116889	     -3.92948441	      0.00000000	     45.10828734	     -9.52658229	     -7.09571020	     84.69140625	     38.12184283	      5.23451518	      0.00000000	    -57.82481618	      0.57728741	      1.35783705	     18.34323302	     -6.08836330	    -10.58974818	     35.93333447	     88.84433133	     19.41877752	    -13.27634652	     12.88619289	     37.17729940	     99.71149727
      4.96666670	      2.56658000	      0.57006098	      2.98703876	     -0.60241693	      0.76518440	     -0.16641854	     43.34124567	     -9.38491902	     -6.12986501	     83.39512129	     39.53944295	     -4.42205139	      0.00000000	     44.15138432	     -9.35262668	     -7.18519128	     83.53804444	     37.58120550	      4.91326422	      0.00000000	    -57.41724082	      0.63025871	      1.24791966	     17.80113460	     -6.07288901	    -10.31739402	     35.92021760	     89.32041772	     19.06077582	    -13.12784194	     12.33526833	     36.52437420	     99.84813604
      4.98333330	      2.77960870	      0.51596693	      2.99342791	     -0.60232130	      0.77344042	     -0.16744925	     42.22126617	     -9.23887382	     -6.27864377	     81.77024866	     38.55056440	     -4.64696973	      0.00000000	     42.87141486	     -9.23862450	     -7.40357554	     81.95802399	     36.78975737	      4.73503747	      0.00000000	    -56.85920265	      0.71029213	      1.15896182	     17.33964522	     -6.04474769	    -10.10544882	     35.76028843	     89.71322488	     18.59205292	    -13.01769792	     11.96227945	     35.95620873	     99.96825614
      5.00000000	      2.86877907	      0.43802907	      2.96063650	     -0.60429187	      0.78041823	     -0.16803999	     41.02658713	     -8.97211399	     -6.43721465	     79.82965699	     37.71818128	     -4.71357597	      0.00000000	     41.86423905	     -9.16158123	     -7.64201525	     80.28629998	     35.69880575	      4.16215364	      0.00000000	    -56.08110657	      0.79181656	      1.11709198	     16.84178966	     -6.12436148	     -9.85588054	     35.62722553	     90.10853307	     18.10987271	    -12.93236737	     11.65671680	     35.60254339	    100.09522655
      5.01666670	      2.60047850	      0.36837295	      2.85691390	     -0.60519324	      0.78645091	     -0.16840392	     40.47505394	     -8.79392047	     -6.62620325	     78.14321248	     36.93661694	     -4.53831963	      0.00000000	     41.34491290	     -9.09233995	     -7.88407033	     78.61269217	     34.75109486	      4.15131046	      0.00000000	    -54.95394873	      0.83521355	      1.09549801	     16.25610625	     -6.19375943	     -9.70814491	     35.46617142	     90.29921221	     17.55399674	    -12.90980579	     11.53956500	     35.42106313	    100.15942462
      5.03333330	      2.30710758	      0.30798442	      2.79224203	     -0.60527395	      0.79409021	     -0.16890764	     39.68498350	     -8.53924552	     -6.70111948	     76.03425906	     35.93200028	     -4.89105296	      0.00000000	     40.54609512	     -8.90835199	     -8.05550824	     76.54475496	     33.71328595	      3.68471785	      0.00000000	    -53.61032432	      0.88311222	      0.99571296	     15.76375955	     -6.31209436	     -9.26974383	     35.27082006	     90.73307324	     16.93993214	    -12.77962439	     11.19880389	     34.92799705	    100.27772952
      5.05000000	      1.83025754	      0.24893427	      2.67826928	     -0.60002391	      0.80206082	     -0.16932214	     38.86546882	     -8.36448538	     -6.85528221	     73.83389891	     34.82057044	     -4.47918490	      0.00000000	     39.80898194	     -8.76464970	     -8.25927334	     74.39590677	     32.99319105	      4.01031754	      0.00000000	    -51.95572583	      0.90548098	      0.95346240	     15.15050882	     -6.41887971	     -9.10550156	     35.10156983	     90.91300263	     16.16660412	    -12.70018250	     11.07821462	     34.59247770	    100.32210102
      5.06666670	      1.34078587	      0.18564635	      2.67193354	     -0.59915631	      0.81137174	     -0.16966560	     37.82457367	     -8.10621499	     -7.09867629	     70.98442653	     33.63952796	     -4.78521973	      0.00000000	     38.91737965	     -8.59365909	     -8.52616507	     72.02916204	     31.99664218	      3.83875157	      0.00000000	    -50.22501960	      0.98625484	      0.83202025	     14.68618983	     -6.47141979	     -8.57109481	     34.66406596	     91.36806940	     15.55036951	    -12.45682319	     10.60315571	     33.90846221	    100.38789624
      5.08333330	      0.72091118	      0.11041359	      2.67535414	     -0.59624024	      0.81779733	     -0.17012724	     36.90492797	     -8.01558499	     -7.50308975	     68.37498888	     32.34565867	     -4.28956721	      0.00000000	     38.17762036	     -8.39444192	     -8.71752667	     69.57013746	     31.19982280	      4.21997679	      0.00000000	    -48.09447770	      1.10612517	      0.77294453	     13.91230171	     -6.54773966	     -8.40817254	     34.38357177	     91.51906553	     14.70236723	    -12.34691105	     10.51210342	     33.65508353	    100.41530837
      5.10000000	      0.06795068	     -0.11684299	      2.65480833	     -0.59487603	      0.82646946	     -0.17038640	     35.98445718	     -7.67185602	     -7.94595607	     65.42903655	     31.05684371	     -4.09345304	      0.00000000	     37.62113408	     -8.26652250	     -8.75025651	     67.28059288	     30.37135748	      4.18984984	      0.00000000	    -45.89995689	      1.35300958	      0.71719198	     13.18908853	     -6.55936466	     -8.11971294	     33.97211557	     91.71895001	     13.82830705	    -12.18449824	     10.36212323	     33.26652573	    100.43718771
      5.11666670	     -0.49424974	     -0.47927616	      2.70710826	     -0.58997076	      0.83385254	     -0.17087989	     34.64759018	     -7.11605164	     -8.35684922	     62.24271709	     30.07161348	     -4.38204432	      0.00000000	     36.86401506	     -8.20926690	     -8.51660445	     65.01180744	     29.57139685	      3.83637035	      0.00000000	    -43.30649149	      1.81825467	      0.52155493	     12.52795389	     -6.58951884	     -7.31194482	     32.92458555	     92.20408538	     12.80958291	    -11.86414468	      9.94532522	     32.30640440	    100.45679212
      5.13333330	     -1.01568335	     -0.51347596	      2.42994397	     -0.58418230	      0.84309119	     -0.17073333	     33.55942401	     -6.82125518	     -8.48439408	     59.57404024	     29.02057652	     -4.01446625	      0.00000000	     35.87274851	     -8.11134405	     -8.82455495	     62.68067977	     28.65418559	      4.01118181	      0.00000000	    -40.84746083	      1.75426253	      0.49209055	     11.49183918	     -6.56928422	     -7.01895533	     32.38007233	     92.36710164	     11.59774288	    -11.66578677	      9.89114427	     31.95247636	    100.46346615
      5.15000000	     -1.51290164	     -0.53405599	      2.25895490	     -0.58269924	      0.85591627	     -0.17080783	     32.33852847	     -6.38248996	     -8.49978167	     56.30995456	     27.39884316	     -4.57824995	      0.00000000	     34.43792526	     -7.74050420	     -9.04864466	     59.42140435	     27.41363727	      3.50834235	      0.00000000	    -38.38989365	      1.75113551	      0.23718281	     10.83100290	     -6.48407629	     -6.24705215	     31.36238462	     92.74767376	     10.50789857	    -11.41974600	      9.60924585	     31.11885592	    100.43343093
      5.16666670	     -1.61746503	     -0.66439126	      2.19908450	     -0.57656494	      0.86787227	     -0.17139984	     30.16769195	     -5.90623493	     -8.77753917	     52.44768038	     25.90866806	     -4.38301047	      0.00000000	     32.57327348	     -7.54083375	     -9.17237238	     56.16983675	     25.86755684	      3.16257085	      0.00000000	    -36.20436252	      1.89724340	      0.05889391	     10.08204923	     -6.46641786	     -5.49473343	     30.47875212	     93.09795408	      9.39570080	    -11.15401616	      9.41248879	     30.45688221	    100.38524403
      5.18333330	     -1.83474934	     -0.69658791	      1.97459539	     -0.57345740	      0.87528253	     -0.17245704	     28.28058486	     -5.45466269	     -8.80995284	     48.61300364	     24.39012707	     -4.28108341	      0.00000000	     30.97533778	     -7.24934730	     -9.41719299	     53.04245116	     24.43840686	      2.92045377	      0.00000000	    -33.94399317	      1.88850551	     -0.14284620	      9.32609482	     -6.45001529	     -4.71601678	     29.82796866	     93.42358945	      8.23268984	    -10.91444901	      9.27636128	     29.86525785	    100.31500374
      5.20000000	     -1.89295945	     -0.68614294	      1.66563690	     -0.56847081	      0.88515360	     -0.17136050	     26.38025672	     -5.00043650	     -8.72353583	     45.02199306	     22.67755487	     -4.33491242	      0.00000000	     28.84647394	     -6.87284888	     -9.62829951	     49.39183923	     23.33209999	      2.97196424	      0.00000000	    -31.79288197	      1.79151696	     -0.37134877	      8.58502599	     -6.37600161	     -3.93335066	     29.19226848	     93.71462992	      7.11060104	    -10.71994031	      9.16580647	     29.28920704	    100.21759017
      5.21666670	     -2.30266529	     -0.65045327	      1.39113173	     -0.56596592	      0.89099663	     -0.17099242	     25.44918226	     -4.71049676	     -8.74138768	     42.29440853	     21.56681846	     -4.05412294	      0.00000000	     27.51552764	     -6.56025014	     -9.86962218	     46.42020351	     22.47788010	      3.22324621	      0.00000000	    -29.35206297	      1.65825965	     -0.54237516	      7.65891904	     -6.29262581	     -3.62177388	     28.99077576	     93.81261312	      5.94271622	    -10.58893406	      9.21243733	     29.01512689	    100.18659882
      5.23333330	     -2.48938840	     -0.50169075	      1.08330711	     -0.55873323	      0.89590073	     -0.17025866	     24.24106503	     -4.42203172	     -8.45501176	     39.59072505	     19.97267535	     -4.67184076	      0.00000000	     25.88797754	     -6.15992503	    -10.14295391	     43.47903557	     21.10560713	      2.75972934	      0.00000000	    -27.08107940	      1.40460374	     -0.84435290	      6.96357022	     -6.17137147	     -2.74080933	     28.28353331	     94.05174485	      4.83568337	    -10.46444881	      9.20287876	     28.28776008	    100.04395914
      5.25000000	     -3.13800075	     -0.43657679	      1.00919054	     -0.55741724	      0.90743988	     -0.17073833	     23.26554845	     -4.14184083	     -8.49943491	     36.39226431	     18.86596897	     -4.27526463	      0.00000000	     24.82253585	     -5.73624586	    -10.28148339	     40.26121654	     20.17306656	      3.10062150	      0.00000000	    -24.49686680	      1.31346977	     -1.04345251	      5.95978105	     -6.08100987	     -2.46482582	     28.09483457	     94.11394953	      3.85298186	    -10.37616468	      9.28346356	     28.10799685	    100.00841626
      5.26666670	     -3.47015357	     -0.33229222	      0.99973707	     -0.55611088	      0.91765699	     -0.17120546	     21.72478917	     -3.81923566	     -8.27703815	     32.67759540	     16.86112000	     -4.73737298	      0.00000000	     23.17984646	     -5.08516516	    -10.15501347	     36.39894329	     18.26818818	      2.72111600	      0.00000000	    -22.59739578	      1.18635141	     -1.48281014	      5.42019215	     -6.06065168	     -1.56256146	     27.73796153	     94.28848263	      3.10563619	    -10.27196622	      9.43779695	     27.66748152	     99.85534012
      5.28333330	     -3.62915651	     -0.43207595	      1.15677060	     -0.55204242	      0.92899150	     -0.17061691	     19.49952256	     -3.27286149	     -8.32375707	     28.12319539	     14.77530711	     -4.42755862	      0.00000000	     21.13294962	     -4.66494690	     -9.91519878	     32.43710723	     16.40519431	      3.07983749	      0.00000000	    -20.79805311	      1.26692560	     -1.73454643	      4.76858915	     -6.09893217	     -0.75575547	     27.59596791	     94.42308144	      2.35725107	    -10.12501914	      9.60703586	     27.36554212	     99.67542058
      5.30000000	     -3.89627964	     -0.45529554	      1.33475279	     -0.54965462	      0.93237054	     -0.17131303	     17.66452513	     -2.88019738	     -8.36718854	     24.09245227	     12.44932079	     -4.26643045	      0.00000000	     19.33510246	     -4.17151740	     -9.73608236	     28.56894059	     14.72134052	      3.41502018	      0.00000000	    -19.12306699	      1.26151190	     -1.98868174	      4.14039291	     -6.11965626	     -0.08508416	     27.57557219	     94.51271650	      1.72153716	    -10.05079068	      9.80477756	     27.21357782	     99.50088716
      5.31666670	     -4.04332724	     -0.28227514	      1.48599743	     -0.54488966	      0.94292862	     -0.17093398	     15.44977727	     -2.57795701	     -8.13906023	     19.70980025	     10.70448040	     -3.69628311	      0.00000000	     17.59376294	     -3.44813107	     -9.48402535	     24.69511720	     12.65694597	      3.25997474	      0.00000000	    -17.54757824	      0.98223112	     -2.23702913	      3.40757710	     -6.03036953	      0.46584084	     27.46957581	     94.56884138	      1.03995832	    -10.02896822	      9.96566965	     27.16870575	     99.30699405
      5.33333330	     -4.59204948	     -0.14145016	      1.50954908	     -0.54311685	      0.94644450	     -0.17041729	     14.07232119	     -2.33635080	     -8.02291973	     16.20302923	      9.26709097	     -2.98619869	      0.00000000	     16.42142929	     -2.89280797	     -9.37168010	     21.20070383	     11.15836135	      3.83521917	      0.00000000	    -15.51313403	      0.73593994	     -2.34144992	      2.56824993	     -5.92525785	      0.69123048	     27.41573079	     94.59353897	      0.32329894	     -9.99324374	     10.04245675	     27.19868001	     99.24503599
      5.35000000	     -4.08988669	      0.11036174	      1.38207136	     -0.53734857	      0.95873614	     -0.17026334	     11.46284415	     -2.17105428	     -7.60726528	     12.44321479	      7.28352071	     -2.83443334	      0.00000000	     13.57114369	     -2.10681666	     -8.94885467	     16.74997628	      9.43214125	      4.05227395	      0.00000000	    -14.90073271	      0.39530231	     -2.49396782	      2.19696531	     -5.86975109	      1.27086228	     27.25764148	     94.65543821	     -0.13890233	     -9.93797502	     10.11542095	     27.27320292	     99.03461881
      5.36666670	     -4.47931536	      0.29400980	      1.26571041	     -0.53482322	      0.96239072	     -0.17085744	     10.10751861	     -2.02724636	     -7.44147055	      9.24201614	      5.85487118	     -2.12816049	      0.00000000	     12.20492898	     -1.50343390	     -8.78931718	     13.31382279	      8.16834993	      4.50360399	      0.00000000	    -13.23095355	      0.12834776	     -2.49817429	      1.46337280	     -5.77733522	      1.52421093	     27.21333891	     94.68461475	     -0.75198560	     -9.94396745	     10.14260132	     27.38865775	     98.95414901
      5.38333330	     -4.03161713	      0.48743145	      1.19049411	     -0.53252186	      0.96303615	     -0.17027989	      7.87660955	     -1.90930482	     -7.08903795	      6.21853361	      4.61380174	     -1.74966073	      0.00000000	      9.98264520	     -0.94088274	     -8.35638205	      9.99671469	      6.86379702	      4.54198217	      0.00000000	    -12.86188200	     -0.11049924	     -2.58173283	      1.15711279	     -5.78181482	      2.03755610	     27.14172949	     94.73766553	     -1.08058699	     -9.97632782	     10.18773195	     27.69588192	     98.77333930
      5.40000000	     -4.33234308	      0.66225651	      1.16980023	     -0.52766219	      0.96756090	     -0.17066508	      6.62910523	     -1.87363399	     -6.91521612	      3.54162254	      3.53220130	     -1.08151512	      0.00000000	      8.84985108	     -0.47543500	     -8.11864993	      7.33181534	      5.77391196	      4.97423214	      0.00000000	    -11.45251180	     -0.36022302	     -2.58838201	      0.57572087	     -5.70194422	      2.25960335	     27.09785071	     94.76012283	     -1.53458717	     -9.93606074	     10.21039927	     27.87509546	     98.69715465
      5.41666670	     -4.31685965	      0.74932510	      1.06941066	     -0.52499544	      0.97182152	     -0.17049095	      5.20557430	     -1.74473503	     -6.60475984	      1.06886104	      2.73339486	     -0.38570637	      0.00000000	      7.54910493	     -0.14485573	     -7.76116339	      4.99629888	      4.89069149	      5.31463533	      0.00000000	    -10.59227468	     -0.46324866	     -2.57093967	      0.14202682	     -5.67983518	      2.48925515	     27.05405172	     94.78650312	     -1.98571712	     -9.86964410	     10.21838489	     28.06396056	     98.61086996
      5.43333330	     -4.39724426	      0.71732219	      0.87199883	     -0.52088665	      0.97638520	     -0.16978422	      4.55296951	     -1.57768565	     -6.25784711	      0.00000000	      2.61619778	      0.01493305	      0.00000000	      6.56889281	     -0.01746393	     -7.30129225	      3.18941753	      4.76698548	      5.65375682	      0.00000000	     -9.55027811	     -0.40045147	     -2.51526008	     -0.23140715	     -5.65872023	      2.57418964	     27.00106918	     94.79914962	     -2.39433302	     -9.72959671	     10.23467959	     28.12544148	     98.58292929
      5.45000000	     -4.33190713	      0.78165409	      0.55724050	     -0.52041112	      0.96900182	     -0.16996863	      4.32235412	     -1.60979751	     -6.32373692	      0.00000000	      2.70309579	      0.55823042	      0.00000000	      5.49574349	      0.16889039	     -7.43456730	      1.61889877	      3.87766819	      5.87121653	      0.00000000	     -9.11292597	     -0.54002127	     -2.23218185	     -0.40592406	     -5.70412828	      2.81518450	     26.96662740	     94.83880443	     -2.58456615	     -9.67025267	     10.14963870	     28.37849311	     98.48365197
      5.46666670	     -4.31848426	      0.67016551	      0.35403820	     -0.51766555	      0.96685355	     -0.16957053	      4.12981600	     -1.44578799	     -6.29007045	      0.00000000	      2.81741054	      0.66002597	      0.00000000	      4.65612636	      0.13416873	     -7.17222033	      0.70227072	      4.24736074	      5.90574698	      0.00000000	     -8.54405566	     -0.43956114	     -2.11290016	     -0.62943810	     -5.70807331	      2.90816488	     26.91455961	     94.85350111	     -2.84609903	     -9.57728400	     10.13161338	     28.42108984	     98.44876306
      5.48333330	     -4.26976685	      0.63641525	      0.15767798	     -0.51890621	      0.96823812	     -0.16985364	      3.96654907	     -1.36793195	     -6.25363755	      0.00000000	      3.00522839	      0.70323387	      0.00000000	      4.07428575	      0.21378738	     -7.16300206	      0.00000000	      4.30242393	      5.82241386	      0.00000000	     -8.11795836	     -0.42474268	     -1.98685239	     -0.64464603	     -5.72831893	      2.98504078	     26.91011610	     94.86654702	     -2.91393795	     -9.48952248	     10.10373300	     28.48806262	     98.41613724
      5.50000000	     -4.10131166	      0.54514733	     -0.01315508	     -0.51846264	      0.96090797	     -0.16899847	      3.70172060	     -1.20883630	     -6.00877823	      0.00000000	      3.33093621	      0.67263627	      0.00000000	      3.68710754	      0.12779897	     -7.01392851	      0.00000000	      4.65008394	      5.57011033	      0.00000000	     -8.05026286	     -0.36379401	     -1.81955334	     -0.71897238	     -5.78796419	      3.13685674	     26.82064410	     94.89324236	     -2.94299759	     -9.42406355	     10.03582244	     28.53608606	     98.35229377
      5.51666670	     -4.05646610	      0.50997875	     -0.13430412	     -0.51691101	      0.96123619	     -0.16893774	      3.63911281	     -1.13891280	     -5.98456312	      0.00000000	      3.35323960	      0.64140163	      0.00000000	      3.48803782	      0.10642564	     -6.93027513	      0.00000000	      4.70325768	      5.55417498	      0.00000000	     -7.89552777	     -0.34793665	     -1.83368175	     -0.70519474	     -5.76940582	      3.15633619	     26.82885154	     94.89638608	     -2.89075301	     -9.39887537	     10.02777155	     28.56067198	     98.34440782
      5.53333330	     -3.37150531	      0.32650279	     -0.22560126	     -0.51538589	      0.96042373	     -0.16887349	      2.83118079	     -0.90365372	     -5.14590315	      0.00000000	      3.34210836	     -0.33667883	      0.00000000	      2.54558329	     -0.08697638	     -6.25747388	      0.00000000	      5.10953872	      4.59179670	      0.00000000	     -8.49677385	     -0.12433722	     -1.68540954	     -0.51592961	     -5.83090313	      3.60097446	     26.58508672	     94.97546504	     -2.72322955	     -9.22937797	      9.81677604	     28.32235531	     98.12600679
      5.55000000	     -3.38708354	      0.30788972	     -0.21787149	     -0.51716719	      0.96287603	     -0.17003673	      2.86139352	     -0.88731291	     -5.13559639	      0.00000000	      3.34436797	     -0.33862291	      0.00000000	      2.48447252	     -0.06496397	     -6.25302952	      0.02070855	      5.11161967	      4.58897205	      0.00000000	     -8.48413636	     -0.11788724	     -1.68779175	     -0.52043926	     -5.82646792	      3.60313303	     26.58351308	     94.97575292	     -2.72386377	     -9.22696252	      9.81675974	     28.32222596	     98.12531074
      5.56666670	     -2.51688541	      0.08811287	     -0.20049479	     -0.51513252	      0.96018255	     -0.16987482	      1.84282186	     -0.65123693	     -3.99957568	      0.00000000	      2.95877367	     -1.93583480	      0.00000000	      1.57575828	     -0.29959836	     -5.52181265	      0.37757359	      5.22856962	      3.30672014	      0.00000000	     -9.40626631	      0.30890179	     -1.89445460	     -0.05900530	     -5.84038181	      3.99047222	     26.18549214	     95.02970820	     -2.46338236	     -9.00909346	      9.73932613	     27.99133664	     97.87496585
      5.58333330	     -2.11617376	     -0.01625677	     -0.05811634	     -0.51520760	      0.96531125	     -0.17019595	      1.40460376	     -0.54744054	     -3.56662050	      0.00000000	      2.42861034	     -3.02364570	      0.00000000	      1.54910426	     -0.45417319	     -5.23223364	      1.31945001	      5.35129122	      2.63743213	      0.00000000	    -10.08372356	      0.51234841	     -2.13290533	      0.29579832	     -5.79867225	      4.21428663	     25.92787453	     95.04938865	     -2.22941136	     -8.90959525	      9.71854562	     27.76439202	     97.65218621
      5.60000000	     -1.75834872	     -0.17095452	     -0.02416190	     -0.51101328	      0.95806068	     -0.16968038	      1.36497970	     -0.41311052	     -3.38508256	      0.82810957	      2.66386358	     -3.39529524	      0.00000000	      1.77045223	     -0.74388517	     -5.34907618	      2.74051592	      5.81369332	      2.15697484	      0.00000000	    -10.74054041	      0.79158173	     -2.19892107	      0.51799897	     -5.80918595	      4.22994197	     25.88483670	     95.04674085	     -2.10020427	     -8.85000625	      9.72542276	     27.71780567	     97.60783221
      5.61666670	     -1.31335177	     -0.27491260	     -0.08318479	     -0.50971017	      0.95519713	     -0.16891461	      1.85233265	     -0.37421003	     -3.34198561	      2.91906816	      3.27354571	     -4.12750798	      0.00000000	      2.01816865	     -1.01268403	     -5.44021216	      4.42039544	      6.47440902	      1.51934028	      0.00000000	    -11.66073646	      0.98548694	     -2.25295179	      0.90965391	     -5.80997040	      4.22157948	     25.85317385	     95.03941006	     -1.83785614	     -8.80229583	      9.71338150	     27.65011531	     97.55346097
      5.63333330	     -1.34541090	     -0.35306216	     -0.24719986	     -0.52169767	      0.95567653	     -0.16997760	      3.37245354	     -0.40022507	     -2.82210111	      5.18103253	      3.96265630	     -5.57663544	      0.00000000	      3.48248616	     -1.23873596	     -5.35766748	      6.80000475	      7.22289313	      0.02740454	      0.00000000	    -12.40328486	      1.16028458	     -2.07697917	      1.50182494	     -5.85169942	      4.25557949	     25.65838970	     95.02420151	     -1.30534602	     -8.70865548	      9.68414921	     27.49346030	     97.33189861
      5.65000000	     -0.91832764	     -0.44788978	     -0.30625503	     -0.52499347	      0.95065147	     -0.17014266	      4.67855890	     -0.44677326	     -2.75562163	      7.87826581	      4.70538282	     -6.42955012	      0.00000000	      4.63768087	     -1.55003177	     -5.54798802	      9.58205310	      8.12963104	     -0.99925389	      0.00000000	    -14.01425348	      1.41505473	     -2.10215115	      2.34833979	     -5.87795210	      4.24006327	     25.75178686	     95.00976662	     -0.60138092	     -8.71808819	      9.70030471	     27.51050205	     97.24674237
      5.66666670	     -1.14725555	     -0.45824806	     -0.37099435	     -0.52437428	      0.93919871	     -0.17003241	      6.80225986	     -0.59652826	     -2.78089545	     11.19498649	      6.00086447	     -7.30446238	      0.00000000	      6.82422397	     -1.87447059	     -5.92047821	     13.11710619	      9.25978926	     -2.08965622	      0.00000000	    -14.74466190	      1.50787135	     -1.97984053	      2.81987690	     -5.97274802	      4.20643652	     25.88217091	     94.98263969	     -0.08941409	     -8.73603568	      9.79747875	     27.68100420	     97.08205716
      5.68333330	     -1.27969937	     -0.51262699	     -0.49195075	     -0.53019612	      0.93323049	     -0.16930223	      9.27977262	     -0.76432748	     -2.88156122	     15.29785397	      7.79383307	     -7.92802104	      0.00000000	      9.40817946	     -2.39163038	     -6.48743275	     17.58739089	     10.92094578	     -3.05666150	      0.00000000	    -15.93697704	      1.65568314	     -1.70783737	      3.38806630	     -6.10275968	      4.13738252	     26.08572647	     94.95666378	      0.54527003	     -8.77112658	      9.86232871	     27.93596498	     96.93645330
      5.70000000	     -1.68497587	     -0.53479573	     -0.53190384	     -0.53291535	      0.92295859	     -0.16981402	     12.41988479	     -1.07080920	     -3.13100908	     20.24297910	     10.09973054	     -8.36514346	      0.00000000	     12.59800566	     -2.94325275	     -6.99111392	     22.70395496	     13.12563437	     -3.50271591	      0.00000000	    -16.80082561	      1.77112959	     -1.50532135	      3.85128186	     -6.26173701	      3.98230965	     26.43559749	     94.92309461	      1.08135595	     -8.83270178	      9.91736096	     28.27756893	     96.79296336
      5.71666670	     -2.28245900	     -0.52448135	     -0.62360540	     -0.53251963	      0.90924638	     -0.17046223	     16.03508522	     -1.56395295	     -3.52221834	     25.86872445	     12.65512005	     -8.39563406	      0.00000000	     16.06715035	     -3.59797228	     -7.84132929	     28.24128481	     15.78759876	     -3.53122246	      0.00000000	    -17.45888995	      1.85190791	     -1.16202002	      4.16238911	     -6.47235559	      3.73414485	     26.76276533	     94.88379929	      1.44047806	     -8.85473041	      9.89457183	     28.71149973	     96.64795394
      5.73333330	     -3.08633407	     -0.49226853	     -0.72996851	     -0.53713046	      0.89608702	     -0.17059523	     20.02095720	     -2.13630834	     -3.92814147	     31.87658669	     15.67414798	     -8.03784117	      0.00000000	     19.94612392	     -4.35500684	     -8.70560144	     34.20632507	     18.63608393	     -3.50459434	      0.00000000	    -17.85873971	      1.89537378	     -0.83073794	      4.49347325	     -6.69624057	      3.43710714	     27.15274459	     94.85087510	      1.77465346	     -8.90309553	      9.82174897	     29.17862434	     96.51998634
      5.75000000	     -4.06505562	     -0.46419130	     -0.94218013	     -0.53840836	      0.88057698	     -0.17053592	     24.24949987	     -2.79884757	     -4.35154874	     38.16028747	     18.89152265	     -7.24372838	      0.00000000	     24.05915166	     -5.22458308	     -9.43023509	     40.35650812	     21.65527814	     -3.05545900	      0.00000000	    -17.97071307	      1.91471444	     -0.57854227	      4.79701253	     -6.85913786	      3.08783515	     27.57584694	     94.82932474	      1.84861634	     -8.94590467	      9.65147594	     29.55717479	     96.39346223
      5.76666670	     -5.02000641	     -0.45390679	     -1.12536918	     -0.53987197	      0.87025451	     -0.17103559	     28.03598242	     -3.40991450	     -4.66802938	     43.67163974	     22.21411472	     -6.03471961	      0.00000000	     27.84394218	     -6.09359013	     -9.91995364	     46.15882293	     24.44922638	     -2.50853535	      0.00000000	    -18.04167409	      1.92055896	     -0.28706320	      5.05934226	     -7.02432510	      2.72665123	     27.83751674	     94.82465336	      1.85637434	     -8.97581167	      9.40072305	     29.80068200	     96.27913542
      5.78333330	     -5.79157090	     -0.44799784	     -1.23704327	     -0.54306231	      0.86308493	     -0.17024224	     31.05693958	     -3.94049403	     -5.00669953	     48.20161487	     24.85399398	     -4.76134027	      0.00000000	     31.03926168	     -6.81737144	    -10.12285437	     50.76696314	     26.45961939	     -1.98844495	      0.00000000	    -18.41925079	      1.89625827	     -0.04688657	      5.40625818	     -7.12716293	      2.33222702	     28.01868936	     94.82054407	      1.94321185	     -9.06352445	      9.08882631	     30.06021877	     96.19074193
      5.80000000	     -6.40351228	     -0.54851178	     -1.20622316	     -0.54862860	      0.85638555	     -0.17114368	     33.62540870	     -4.38539728	     -5.50416545	     51.56823071	     26.43186780	     -3.85201113	      0.00000000	     33.65481117	     -7.38540025	    -10.17616787	     54.38485497	     27.99439900	     -1.38587874	      0.00000000	    -19.13811172	      1.99022949	      0.13525595	      5.83466058	     -7.22158075	      1.89963395	     28.20142432	     94.81979053	      2.19034942	     -9.15580723	      8.78657269	     30.30765791	     96.14780303
      5.81666670	     -6.73564607	     -0.59262806	     -1.06036243	     -0.54740573	      0.84271244	     -0.17194947	     35.73655714	     -4.97856869	     -5.92434581	     55.05685087	     28.17309314	     -2.96326438	      0.00000000	     35.68812433	     -7.79008117	    -10.04459637	     57.60418667	     29.83267681	     -0.58174824	      0.00000000	    -20.12462308	      2.01416089	      0.20061841	      6.22521243	     -7.30696900	      1.45787590	     28.17066344	     94.81257426	      2.53014092	     -9.23928703	      8.55494491	     30.49355726	     96.14727371
      5.83333330	     -6.91158099	     -0.58414683	     -0.95560067	     -0.54768516	      0.83572467	     -0.17122999	     37.64257833	     -5.55507555	     -6.27876385	     58.55380885	     29.49264566	     -2.44852998	      0.00000000	     37.33663257	     -8.14866383	    -10.01825547	     60.26349623	     31.12921411	      0.20715714	      0.00000000	    -21.34070531	      1.94662190	      0.32442320	      6.66363761	     -7.32175452	      0.97561693	     28.19391466	     94.80469012	      2.90105786	     -9.34580586	      8.32558045	     30.58523972	     96.16823596
      5.85000000	     -6.82980907	     -0.62237124	     -0.70042758	     -0.54750410	      0.82816500	     -0.17126276	     39.01336269	     -6.07660448	     -6.60113519	     61.65886872	     30.95004105	     -1.69743028	      0.00000000	     38.62107404	     -8.48666649	     -9.86362598	     62.77568918	     32.15399026	      0.76639333	      0.00000000	    -22.88683220	      1.90343937	      0.35202160	      7.04641149	     -7.29420389	      0.37869263	     28.07013897	     94.78139737	      3.32936278	     -9.44582688	      8.14251120	     30.57446294	     96.21532766
      5.86666670	     -6.66184251	     -0.64747508	     -0.44209916	     -0.55008782	      0.81949340	     -0.17135233	     40.02482762	     -6.55828554	     -6.88326371	     64.35262746	     32.37380129	     -0.96800876	      0.00000000	     39.91960985	     -8.88075428	     -9.74512533	     65.43229441	     32.86952166	      1.25484322	      0.00000000	    -24.73142130	      1.84828015	      0.33090862	      7.58297566	     -7.19991860	     -0.30263227	     27.99925770	     94.75151177	      3.93825327	     -9.57853324	      8.00739623	     30.55134563	     96.29001855
      5.88333330	     -6.28305548	     -0.60033578	     -0.36184975	     -0.55527674	      0.81590883	     -0.17096680	     40.79389785	     -6.85704263	     -6.87659514	     66.51614449	     33.37002032	     -0.80916932	      0.00000000	     40.73326073	     -9.14317074	     -9.75843552	     67.39401425	     33.49569434	      1.42421770	      0.00000000	    -26.94323737	      1.66725870	      0.40885863	      8.30786534	     -7.14953602	     -0.69421469	     27.97456624	     94.72826401	      4.73528290	     -9.72646398	      7.91075051	     30.57005774	     96.33092062
      5.90000000	     -5.97106309	     -0.58389279	     -0.38280062	     -0.56044335	      0.80890216	     -0.17111706	     41.92204392	     -7.20285062	     -6.94069072	     68.94154495	     33.51709814	     -0.77097141	      0.00000000	     41.65166431	     -9.45565801	     -9.69451066	     69.36903686	     33.54309626	      1.47959801	      0.00000000	    -29.29692379	      1.53497744	      0.48610807	      9.32720513	     -7.21173983	     -0.86100955	     28.09338719	     94.71280596	      5.68829318	     -9.87773813	      7.83101951	     30.64105714	     96.33874147
      5.91666670	     -5.08296154	     -0.17806298	     -0.58519590	     -0.56566877	      0.79993974	     -0.17086536	     42.80856262	     -7.88898781	     -6.67898506	     71.66677260	     34.62335793	      0.10557262	      0.00000000	     41.84206733	     -9.48608891	     -9.97372444	     71.32469910	     34.47408614	      2.05037140	      0.00000000	    -32.61619878	      0.84917427	      0.74166355	     10.43648252	     -7.07715200	     -1.93533856	     28.33318794	     94.63599135	      6.88093002	    -10.13643500	      7.73282043	     30.92377968	     96.48130218
      5.93333330	     -4.61833339	     -0.05136103	     -0.45369562	     -0.57072983	      0.79036192	     -0.16908558	     44.35882249	     -8.23215555	     -6.46316419	     74.49598429	     35.45192539	     -0.23627121	      0.00000000	     42.84357196	     -9.55841689	     -9.67151198	     73.49831022	     35.61671377	      2.10062800	      0.00000000	    -35.27947633	      0.62011818	      0.70476069	     11.50739884	     -7.05636455	     -2.38732920	     28.60840793	     94.61325112	      8.01044581	    -10.41193937	      7.65951694	     31.08410224	     96.54282128
      5.95000000	     -4.15518239	      0.02846454	     -0.29120352	     -0.57360073	      0.78162777	     -0.16899300	     45.73498788	     -8.53545421	     -6.32625484	     77.17348399	     35.84464798	     -0.48556323	      0.00000000	     44.07550394	     -9.67833550	     -9.26166764	     75.98003010	     36.18553730	      2.14137796	      0.00000000	    -37.90338120	      0.45628487	      0.72268547	     12.61312733	     -7.12419293	     -2.56827131	     28.77381240	     94.59975291	      9.23692294	    -10.71352459	      7.55541539	     31.24278354	     96.55219685
      5.96666670	     -3.53576185	      0.24798185	      0.06132200	     -0.57464524	      0.77407515	     -0.16913356	     46.39658224	     -9.05234923	     -6.23133476	     79.47392208	     37.15033755	     -0.54261167	      0.00000000	     44.79961231	     -9.63309248	     -9.02912121	     78.13948461	     37.72651765	      3.09461934	      0.00000000	    -40.70828472	      0.23703293	      0.98799002	     13.08185034	     -6.68509480	     -6.00924543	     29.47339829	     94.57566089	     10.50303050	    -11.11094098	      8.07668679	     32.03061558	     97.25652196
      5.98333330	     -3.17580943	      0.31943591	      0.19423712	     -0.57802343	      0.76718580	     -0.16897618	     47.27798079	     -9.25455472	     -6.04836610	     81.44301971	     37.57861643	     -0.82519613	      0.00000000	     45.92919647	     -9.72189177	     -8.67693218	     80.45751562	     38.02026153	      2.92180570	      0.00000000	    -42.93413132	      0.12842333	      1.03378362	     14.05252787	     -6.75586331	     -6.05712166	     29.58522715	     94.59485668	     11.62327231	    -11.38540950	      7.96777063	     32.10090070	     97.26050980
      6.00000000	     -2.52573098	      0.17585752	      0.38874887	     -0.58164494	      0.76031350	     -0.16775975	     47.50691199	     -9.23822930	     -6.15033585	     82.87146656	     38.50063780	     -1.13994544	      0.00000000	     46.54629179	     -9.85935271	     -8.02838645	     82.44224428	     38.88672121	      2.99605209	      0.00000000	    -45.45474380	      0.23950695	      1.34636455	     14.90881028	     -6.89198698	     -6.39539198	     29.44307653	     94.72832361	     12.97220736	    -11.54486220	      8.05495312	     32.01511343	     97.40571833
      6.01666670	     -1.88478982	      0.10105295	      0.48515027	     -0.57898807	      0.75437982	     -0.16576277	     47.66847268	     -9.06282428	     -5.96167589	     84.23846600	     39.39966651	     -1.47784939	      0.00000000	     46.75791423	    -10.07745144	     -7.54516821	     84.06867354	     39.88398259	      3.60275156	      0.00000000	    -47.58123775	      0.26083740	      1.57745528	     15.62307128	     -6.87329225	     -6.77457886	     29.35832728	     94.84252649	     14.19644267	    -11.81098395	      8.17808650	     31.93601840	     97.54595520
      6.03333330	     -1.31348247	      0.14503123	      0.74442766	     -0.57794296	      0.75011281	     -0.16631250	     47.83874004	     -9.10342141	     -5.76972026	     85.73012187	     40.01977764	     -2.15717007	      0.00000000	     46.80484695	     -9.93063159	     -7.06166095	     85.22273939	     40.67202587	      3.83745237	      0.00000000	    -49.40949516	      0.26151078	      1.61211606	     16.15945919	     -6.83377489	     -6.99327721	     29.28781445	     94.90204172	     15.22865767	    -12.03668442	      8.20242723	     31.91014149	     97.60953475
      6.05000000	     -0.45074661	      0.13415559	      0.90145727	     -0.58117856	      0.74622147	     -0.16571380	     47.42454063	     -8.93722036	     -5.58468562	     86.59070018	     40.50203626	     -2.49665311	      0.00000000	     46.32801573	     -9.96825492	     -6.78761592	     85.91102358	     41.54566339	      4.50335727	      0.00000000	    -51.47709779	      0.28832486	      1.71576150	     16.81312429	     -6.79496335	     -7.44976335	     29.19256311	     95.01066979	     16.38983717	    -12.32332640	      8.34152502	     31.73834342	     97.73580661
      6.06666670	      0.01742117	      0.11828314	      1.19325367	     -0.58370457	      0.74500413	     -0.16478586	     47.18454610	     -8.75776107	     -5.43573006	     87.04745828	     41.48345829	     -2.82523071	      0.00000000	     46.45669055	     -9.90365147	     -6.38817470	     86.62778723	     41.68621329	      4.43612417	      0.00000000	    -52.95731379	      0.36360242	      1.71770397	     17.16956976	     -6.65145793	     -7.68363688	     29.22736044	     95.07360072	     17.23127458	    -12.56776441	      8.37197335	     31.66958959	     97.79305473
      6.08333330	      0.67463812	      0.00500041	      1.34618207	     -0.58711985	      0.74335995	     -0.16506326	     46.70034017	     -8.52628076	     -5.41077160	     87.19936537	     42.14941924	     -2.93151550	      0.00000000	     46.34140871	     -9.88161209	     -5.99727722	     87.12801756	     41.84818761	      4.43016824	      0.00000000	    -54.48679379	      0.48510559	      1.73958129	     17.65323684	     -6.62735057	     -8.02181752	     29.38538362	     95.16625210	     18.10141955	    -12.75269007	      8.43371389	     31.46695019	     97.86733075
      6.10000000	      1.05154705	     -0.02315299	      1.37262908	     -0.58686489	      0.74119418	     -0.16514100	     46.67004673	     -8.39744213	     -5.26665663	     87.52131234	     42.50435176	     -3.03044556	      0.00000000	     46.32554614	     -9.85305212	     -5.77601279	     87.52256911	     42.04762094	      4.43827145	      0.00000000	    -55.52477208	      0.49742757	      1.76753473	     17.91780496	     -6.61023187	     -8.34977230	     29.60582902	     95.27767217	     18.76779930	    -12.85394929	      8.46617970	     31.29601893	     97.92936353
      6.11666670	      1.10561462	     -0.01357329	      1.43208376	     -0.58814307	      0.74065402	     -0.16594452	     46.69335420	     -8.28734342	     -5.05285285	     87.48341240	     42.67832139	     -3.08594757	      0.00000000	     46.54456613	     -9.71715869	     -5.63172163	     87.73532050	     42.12225410	      4.44649678	      0.00000000	    -55.99218959	      0.49622971	      1.72704980	     18.17321693	     -6.63094177	     -8.42070636	     29.73073171	     95.30266723	     19.17854563	    -12.94714589	      8.43190327	     31.33054930	     97.93577340
      6.13333330	      1.63380017	     -0.02377462	      1.54809294	     -0.58777728	      0.74373279	     -0.16547015	     45.77247020	     -8.16168529	     -4.99754389	     87.04756227	     42.84063130	     -3.31917323	      0.00000000	     45.99551941	     -9.59317854	     -5.55630367	     87.55345416	     41.88645532	      4.39898005	      0.00000000	    -56.73670316	      0.58933441	      1.66590911	     18.15344232	     -6.59056594	     -8.78685870	     30.19519641	     95.42515472	     19.54625433	    -12.95183457	      8.38739848	     31.29029231	     97.97947342
      6.15000000	      1.57398865	     -0.06807500	      1.52876573	     -0.59250504	      0.74607077	     -0.16613654	     45.73553776	     -8.00186764	     -4.86446406	     86.67034358	     42.81019841	     -3.28107700	      0.00000000	     46.03591972	     -9.47557158	     -5.49594583	     87.23567931	     41.86742913	      4.42854027	      0.00000000	    -56.64361092	      0.61469337	      1.57196573	     18.20086223	     -6.60231509	     -8.80992949	     30.25856076	     95.43245690	     19.73006223	    -12.94571791	      8.37581501	     31.36345874	     97.98080172
      6.16666670	      1.82615004	     -0.16689431	      1.50299439	     -0.59129401	      0.75118858	     -0.16651042	     45.09940578	     -7.82365479	     -4.92611458	     85.92380932	     41.81417171	     -3.89209744	      0.00000000	     45.29928444	     -9.40675257	     -5.50358584	     86.41472410	     41.13528144	      3.97565200	      0.00000000	    -57.05786504	      0.69159916	      1.68990985	     18.11333952	     -6.59915248	     -9.23103158	     31.14118288	     95.59455084	     19.94324896	    -12.88875725	      8.22359747	     31.74516183	     98.02691604
      6.18333330	      1.96343880	     -0.26684001	      1.63067070	     -0.59153271	      0.75822949	     -0.16666241	     44.21500631	     -7.70662396	     -5.20366043	     84.70919118	     40.98139876	     -4.17674160	      0.00000000	     44.52107551	     -9.25864373	     -5.47172917	     85.38103673	     40.66887694	      4.00601396	      0.00000000	    -57.03477914	      0.87271540	      1.68179043	     17.92977344	     -6.59659046	     -9.50862094	     31.53626729	     95.72506824	     20.00040741	    -12.82410714	      8.10875829	     31.90305602	     98.06941792
      6.20000000	      2.36860080	     -0.40090363	      1.72864050	     -0.59485271	      0.76813884	     -0.16714009	     42.77308461	     -7.44671341	     -5.51219600	     82.87314633	     40.07896060	     -4.72876008	      0.00000000	     43.40421493	     -9.10848955	     -5.48233727	     83.78766579	     39.85533837	      3.56858222	      0.00000000	    -57.15872697	      1.03141313	      1.69905206	     17.70406860	     -6.54195013	     -9.78973940	     32.08025846	     95.92560752	     20.02487619	    -12.68494360	      7.97309976	     32.08779437	     98.14508727
      6.21666670	      2.59615343	     -0.47005808	      1.77327402	     -0.59475899	      0.77499715	     -0.16758962	     41.62200093	     -7.31745147	     -5.79185718	     80.98047394	     39.15421665	     -4.94178933	      0.00000000	     42.21721385	     -9.04110946	     -5.66034310	     82.04737555	     39.03900918	      3.47331280	      0.00000000	    -56.99679849	      1.16926000	      1.76009497	     17.39184020	     -6.54238188	     -9.98516462	     32.44247943	     96.17231891	     19.98465667	    -12.57046695	      7.86175439	     32.39058702	     98.25459484
      6.23333330	      2.61351270	     -0.61659323	      1.78458397	     -0.59914090	      0.78164641	     -0.16938384	     40.74601221	     -7.17598325	     -6.11821669	     79.04238383	     38.08634471	     -5.14929178	      0.00000000	     41.50605719	     -8.94178325	     -5.72621479	     80.33588819	     38.00920214	      3.07094387	      0.00000000	    -56.54643086	      1.37748287	      1.76873643	     17.18821549	     -6.58647279	    -10.03017249	     32.77812749	     96.40105231	     19.90890239	    -12.40999548	      7.82842717	     32.67778114	     98.37481089
      6.25000000	      2.37200295	     -0.62547799	      1.70764513	     -0.60371724	      0.78840958	     -0.16924406	     40.53028893	     -7.08826122	     -6.20091029	     77.44438642	     36.92805984	     -5.27803076	      0.00000000	     41.08547708	     -8.78798512	     -5.99893773	     78.44626038	     36.82169716	      2.79919490	      0.00000000	    -55.82813811	      1.41897299	      1.71837312	     16.98491329	     -6.63584399	     -9.96152398	     33.22799906	     96.65124756	     19.75476322	    -12.32942709	      7.80912088	     33.02065173	     98.51795246
      6.26666670	      1.99111290	     -0.64020904	      1.69192784	     -0.60026493	      0.79313871	     -0.16876873	     40.16065541	     -7.07695235	     -6.41409095	     75.75655944	     35.82299056	     -5.04857866	      0.00000000	     40.71449863	     -8.78472633	     -6.23354097	     76.79806335	     35.80682035	      2.93968961	      0.00000000	    -54.69197178	      1.53822732	      1.59281526	     16.63884949	     -6.65284124	     -9.90455178	     33.40864226	     96.77334963	     19.45985425	    -12.23246712	      7.84889772	     33.16723636	     98.59833752
      6.28333330	      1.42967106	     -0.62340357	      1.62071754	     -0.59864135	      0.79811785	     -0.16920937	     39.72894985	     -6.93140928	     -6.45234787	     73.88031245	     34.75178378	     -5.46434985	      0.00000000	     40.38499801	     -8.76531330	     -6.64074010	     74.92710899	     34.72095338	      2.58423690	      0.00000000	    -53.22209276	      1.61285580	      1.44705342	     16.13682903	     -6.64241332	     -9.68762281	     33.73127827	     97.06262368	     18.92525628	    -12.13368411	      7.90278224	     33.34257153	     98.78052986
      6.30000000	      0.80004537	     -0.61372563	      1.50981341	     -0.59658313	      0.80792433	     -0.17011009	     38.99163623	     -6.77236746	     -6.57205558	     71.38885584	     33.94256877	     -5.06232377	      0.00000000	     39.76415559	     -8.66708463	     -7.06521833	     72.81765517	     33.86832991	      2.83691536	      0.00000000	    -51.55496407	      1.67088062	      1.34841626	     15.58652045	     -6.68321319	     -9.62321214	     33.69678476	     97.16919175	     18.23752725	    -11.94718307	      7.95265847	     33.30677000	     98.85157967
      6.31666670	      0.29412922	     -0.59397238	      1.42910354	     -0.58960702	      0.81588286	     -0.17048510	     37.77127098	     -6.62548140	     -6.67157346	     68.89832743	     32.95431403	     -4.89619114	      0.00000000	     38.66544211	     -8.58197711	     -7.46413681	     70.46454419	     32.92610654	      2.90842841	      0.00000000	    -49.74174083	      1.73722124	      1.17278201	     14.87175535	     -6.65573711	     -9.50606334	     33.50047484	     97.31493026	     17.29383304	    -11.72094607	      7.97910311	     33.00651966	     98.93541639
      6.33333330	      0.03285762	     -0.54483453	      1.35049718	     -0.58790096	      0.82481865	     -0.16967983	     36.23387509	     -6.39319844	     -6.74293651	     66.16718152	     31.87454629	     -5.05232723	      0.00000000	     37.40905205	     -8.52080876	     -8.02507138	     68.17307876	     31.36333514	      2.47185598	      0.00000000	    -47.93547403	      1.72163446	      0.91234259	     14.12882089	     -6.55099792	     -9.22768157	     33.18409926	     97.59088950	     16.39473855	    -11.50928894	      7.88714633	     32.55432448	     99.06522493
      6.35000000	     -0.58512185	     -0.59132083	      1.30785273	     -0.58946338	      0.83202621	     -0.16874565	     35.48480597	     -6.15089472	     -7.00993758	     63.51375696	     30.89199825	     -4.67840896	      0.00000000	     36.58438132	     -8.44527851	     -8.41658741	     65.57476202	     30.50203469	      2.73988483	      0.00000000	    -45.76364163	      1.78919918	      0.78939891	     13.20470874	     -6.49321548	     -9.10263135	     32.95171546	     97.69523566	     15.40320415	    -11.35195260	      7.91406823	     32.37965555	     99.12518218
      6.36666670	     -1.07267425	     -0.64558385	      1.13776284	     -0.58315389	      0.83779853	     -0.16967258	     34.66189178	     -5.90497339	     -7.13394204	     61.22828160	     29.91614499	     -4.45406268	      0.00000000	     35.80366213	     -8.44395061	     -8.78347569	     63.47312087	     29.47351586	      2.76439690	      0.00000000	    -43.50093280	      1.86475871	      0.66431350	     12.27324481	     -6.39486880	     -8.91748426	     32.57230932	     97.82213600	     14.13793195	    -11.12588333	      7.93635127	     32.02567765	     99.19172080
      6.38333330	     -1.76297455	     -0.64263545	      1.00788626	     -0.57932047	      0.84751443	     -0.16860402	     33.77540653	     -5.61693765	     -7.28702330	     58.36331446	     28.90262843	     -4.17267469	      0.00000000	     34.86513189	     -8.33033675	     -9.18383313	     60.83663885	     28.45161842	      2.87918600	      0.00000000	    -41.01569349	      1.85130295	      0.49493982	     11.25677115	     -6.29235702	     -8.71068046	     32.05719926	     97.93752760	     12.86025157	    -10.94583487	      7.96042525	     31.64571925	     99.25063382
      6.40000000	     -2.37192224	     -0.69676077	      0.65125656	     -0.57756504	      0.85585975	     -0.16780453	     32.97203980	     -5.29415953	     -7.40716748	     55.65461395	     27.16492654	     -3.99601114	      0.00000000	     33.79952556	     -8.25528951	     -9.53069198	     58.01585146	     27.43750397	      2.92010921	      0.00000000	    -38.46721777	      1.82523694	      0.39894476	     10.36539089	     -6.19341218	     -8.42453465	     31.37181464	     98.06333290	     11.53704704	    -10.73394278	      7.97240130	     31.14049207	     99.30625202
      6.41666670	     -2.92014366	     -0.70468989	      0.50694882	     -0.57178486	      0.86505980	     -0.16842424	     31.61192680	     -4.93078556	     -7.45913757	     52.29718270	     25.27626799	     -4.83722359	      0.00000000	     32.64864489	     -7.99772024	     -9.81480214	     54.98063197	     26.22438226	      2.70771782	      0.00000000	    -35.82089292	      1.85898752	      0.15247087	      9.80340124	     -6.09166927	     -7.61763213	     29.98400003	     98.35609624	     10.26245391	    -10.45783189	      7.84895161	     30.07681569	     99.39436289
      6.43333330	     -3.55637352	     -0.72104342	      0.32607620	     -0.57263843	      0.87413622	     -0.16864331	     30.49190216	     -4.63258413	     -7.69338818	     48.71679967	     23.96635529	     -4.25180335	      0.00000000	     31.77193261	     -7.79770122	    -10.29002479	     52.06381013	     24.99922054	      3.01976219	      0.00000000	    -33.27913064	      1.87475838	      0.15087146	      9.00267371	     -6.08517288	     -7.32314443	     29.73638227	     98.44236187	      9.07034152	    -10.25674308	      7.91379886	     29.75280861	     99.42912546
      6.45000000	     -3.93258941	     -0.72766971	      0.27338200	     -0.56580823	      0.87880857	     -0.16899939	     29.24028226	     -4.36903232	     -7.81027772	     45.57772994	     22.16790051	     -4.78506864	      0.00000000	     30.55032572	     -7.46204107	    -10.42149431	     49.22018443	     23.64897956	      2.75480309	      0.00000000	    -30.83030669	      1.98672733	     -0.12230763	      8.43600369	     -6.07070954	     -6.32094473	     28.76601658	     98.68453306	      7.92016855	     -9.98920010	      7.91401043	     28.87077027	     99.47575843
      6.46666670	     -4.51500581	     -0.67322307	      0.09022345	     -0.56062365	      0.88824595	     -0.16858653	     28.10141294	     -4.17681670	     -8.15380499	     42.22434832	     20.75836441	     -4.21509847	      0.00000000	     29.46410212	     -7.13713754	    -10.81319535	     46.24564993	     22.60750036	      3.23349733	      0.00000000	    -28.16677392	      1.92261055	     -0.15080787	      7.45426315	     -6.06008818	     -6.01397826	     28.50278482	     98.74558339	      6.62921276	     -9.78180171	      8.00717301	     28.58916224	     99.49246757
      6.48333330	     -4.82531418	     -0.63056886	      0.04061914	     -0.55764030	      0.89611103	     -0.16802868	     26.39107669	     -3.80812878	     -8.24840085	     38.49975557	     19.32417093	     -4.29641574	      0.00000000	     27.99449912	     -6.70173944	    -10.87204048	     42.95781119	     21.12532696	      2.97639838	      0.00000000	    -25.78881571	      1.95317998	     -0.50269374	      6.86867140	     -6.04362479	     -4.96049200	     27.77555919	     98.90925350	      5.47095863	     -9.61833618	      8.10611919	     27.80254761	     99.47839345
      6.50000000	     -5.24555443	     -0.64193718	      0.07303967	     -0.55351563	      0.90826734	     -0.16931948	     24.54337974	     -3.47174283	     -8.55928543	     34.19574789	     17.34832003	     -3.97195056	      0.00000000	     26.16205094	     -6.17461653	    -10.93592383	     38.96088314	     19.74897717	      3.51790223	      0.00000000	    -23.40342904	      2.10995207	     -0.74703585	      6.08031123	     -6.10217925	     -4.09152246	     27.28756999	     98.98252911	      4.37497658	     -9.40432529	      8.26094815	     27.38003999	     99.43523040
      6.51666670	     -5.58533320	     -0.57821824	      0.21002001	     -0.55317664	      0.91896099	     -0.16729285	     22.51879917	     -3.06112296	     -8.52964443	     29.82235130	     15.30504606	     -3.69834045	      0.00000000	     24.20145373	     -5.48783533	    -10.70113210	     34.75818117	     17.80357406	      3.54336104	      0.00000000	    -21.31395540	      2.05110669	     -0.93816175	      5.23393904	     -6.10606297	     -3.37287734	     27.09739451	     98.99265010	      3.34334543	     -9.34007034	      8.43876490	     27.18652090	     99.38504906
      6.53333330	     -5.62623527	     -0.61582429	      0.50297813	     -0.54768893	      0.92945958	     -0.16763133	     20.02333334	     -2.56099086	     -8.49497434	     25.12434541	     13.22666199	     -3.29324308	      0.00000000	     21.82609965	     -4.86405704	    -10.29980856	     30.36111357	     16.01886993	      3.92522992	      0.00000000	    -19.59394471	      2.13973168	     -1.16947018	      4.43594736	     -6.10393943	     -2.74860391	     26.82395016	     98.95374630	      2.39793054	     -9.23949676	      8.62452108	     27.01632014	     99.31778472
      6.55000000	     -5.64700114	     -0.56862157	      0.69918990	     -0.54472432	      0.93741008	     -0.16770840	     17.48658546	     -2.12328894	     -8.49500180	     20.42287299	     10.86580047	     -3.11206787	      0.00000000	     19.49372124	     -4.18536516	     -9.95169979	     25.79103941	     14.08923482	      4.06776394	      0.00000000	    -18.06677135	      2.06440387	     -1.29664611	      3.70848695	     -6.07896324	     -2.16936468	     26.54590189	     98.88868764	      1.54591399	     -9.16839833	      8.77603359	     26.93649747	     99.23361596
      6.56666670	     -5.56754022	     -0.53679433	      0.75316015	     -0.53943295	      0.94704288	     -0.16650268	     14.98062615	     -1.68512134	     -8.34319842	     15.99272402	      8.53143093	     -2.73874912	      0.00000000	     16.99784385	     -3.58939617	     -9.56194877	     21.18398104	     12.43472229	      4.52705263	      0.00000000	    -16.73393508	      1.99868492	     -1.38159184	      3.04763631	     -6.04295405	     -1.66044310	     26.22697852	     98.81706663	      0.70169923	     -9.05725373	      8.87167730	     26.86719885	     99.14121342
      6.58333330	     -5.48307384	     -0.38066412	      0.92820193	     -0.53578891	      0.95284154	     -0.16709625	     12.68169562	     -1.44908916	     -8.05152464	     11.85285846	      6.55059720	     -2.35164112	      0.00000000	     14.95959745	     -2.90996368	     -9.12703639	     17.16224109	     10.64545184	      4.56041492	      0.00000000	    -15.61623157	      1.80851806	     -1.55681065	      2.38109862	     -5.92072026	     -1.18867689	     25.98746876	     98.73346150	      0.01887088	     -9.09119085	      8.92712489	     26.90736378	     99.04281008
      6.60000000	     -5.51734947	     -0.21077888	      0.97552105	     -0.53892155	      0.96036831	     -0.16666560	     10.96013332	     -1.26014949	     -7.70405913	      8.23834844	      4.92574069	     -1.84700089	      0.00000000	     13.31707540	     -2.27203528	     -8.60447188	     13.63004910	      9.12083963	      4.74802122	      0.00000000	    -14.56580798	      1.51568028	     -1.67686191	      1.93902167	     -5.82668654	     -0.72651737	     25.89314905	     98.64735063	     -0.56639952	     -9.08030257	      8.94119753	     27.00532902	     98.93609975
      6.61666670	     -5.85621246	     -0.06524805	      1.00251492	     -0.53601818	      0.96377527	     -0.16660940	      9.77773832	     -1.13541179	     -7.59975892	      5.17046597	      3.28627518	     -1.16801570	      0.00000000	     12.21313761	     -1.76119700	     -8.28773091	     10.53813590	      7.74538048	      5.19153468	      0.00000000	    -13.08622030	      1.28730020	     -1.68475630	      1.35821581	     -5.73800229	     -0.53905196	     25.85239434	     98.62113287	     -1.20596079	     -9.06488594	      8.95947150	     27.02652793	     98.89832841
      6.63333330	     -5.44900342	      0.08268308	      0.92993620	     -0.53024729	      0.96614898	     -0.16546795	      7.84931545	     -0.99856459	     -7.27797314	      2.45620053	      1.94845442	     -0.72324479	      0.00000000	     10.21472518	     -1.29453434	     -7.58176727	      7.40360111	      6.56414865	      5.24520662	      0.00000000	    -12.76195295	      1.09118151	     -1.80278116	      1.16062312	     -5.69244754	     -0.15066120	     25.77179749	     98.56508885	     -1.66979344	     -9.05074058	      8.94897540	     27.07142450	     98.79569385
      6.65000000	     -5.55598445	      0.22741141	      0.85178434	     -0.52422421	      0.96985372	     -0.16442325	      6.50620097	     -0.88460425	     -6.96434239	      0.15415489	      1.08581380	     -0.06009369	      0.00000000	      8.92772523	     -0.97407557	     -7.29893971	      5.08041061	      5.73817647	      5.48145977	      0.00000000	    -11.63270118	      0.80769026	     -1.87208603	      0.66014879	     -5.57072759	      0.03949445	     25.71958597	     98.53839896	     -2.29165722	     -9.01392373	      8.93536972	     27.01430807	     98.73512687
      6.66666670	     -5.61972544	      0.38200786	      0.40375020	     -0.51742122	      0.96470981	     -0.16250730	      6.07822067	     -0.89425205	     -6.68453036	      0.00000000	      1.81360386	      0.40114908	      0.00000000	      7.60869558	     -0.76128226	     -7.36518254	      3.10300674	      5.10552851	      5.42609046	      0.00000000	    -10.78448938	      0.53494638	     -1.66707535	      0.20669918	     -5.49161293	      0.23718424	     25.62549852	     98.50889956	     -2.89619446	     -8.98297891	      8.91109450	     27.03045323	     98.66180279
      6.68333330	     -5.80992798	      0.50529915	     -0.03699247	     -0.51964529	      0.96452105	     -0.16155949	      5.99123636	     -0.90019373	     -6.42958991	      0.00000000	      2.57585295	      0.90570245	      0.00000000	      6.71765680	     -0.56954695	     -7.46909538	      1.49629651	      4.56683369	      5.24256975	      0.00000000	     -9.88579128	      0.35627036	     -1.42130581	     -0.16387394	     -5.50589675	      0.39229507	     25.60361644	     98.47680164	     -3.30752066	     -8.89115178	      8.90734218	     27.10701268	     98.59900976
      6.70000000	     -5.91588154	      0.54649658	     -0.32228840	     -0.51777984	      0.96461614	     -0.16066662	      5.89369068	     -0.83898332	     -6.22916168	      0.00000000	      3.12895138	      1.30561339	      0.00000000	      5.90939296	     -0.46453877	     -7.46506157	      0.14289503	      4.02923242	      5.12762952	      0.00000000	     -9.14548225	      0.27718944	     -1.25412372	     -0.55296617	     -5.52818120	      0.51409487	     25.53916080	     98.43737211	     -3.62373586	     -8.79605549	      8.92878229	     27.17680223	     98.54630439
      6.71666670	     -5.99536332	      0.54336314	     -0.44474424	     -0.51816513	      0.96105943	     -0.15951946	      5.86616558	     -0.73163537	     -6.00569557	      0.00000000	      3.81501804	      1.49781114	      0.00000000	      5.72215883	     -0.48011436	     -7.45078689	      0.00000000	      4.24975366	      4.86245450	      0.00000000	     -8.62202519	      0.19121962	     -1.15302758	     -0.80729229	     -5.53395070	      0.60711956	     25.50009302	     98.40107475	     -3.78898238	     -8.76699622	      8.95804715	     27.23207477	     98.50780249
      6.73333330	     -6.01491629	      0.49715068	     -0.47063608	     -0.51632668	      0.96095034	     -0.15886385	      5.77852685	     -0.59933827	     -5.72643313	      0.00000000	      4.35992496	      1.56951408	      0.00000000	      5.58333027	     -0.55159490	     -7.29532940	      0.00000000	      4.49072650	      4.77769293	      0.00000000	     -8.13943403	      0.22633412	     -1.13222779	     -1.07620145	     -5.54584101	      0.67016365	     25.42039944	     98.36669582	     -3.92766989	     -8.72187720	      8.99398375	     27.26566105	     98.47915833
      6.75000000	     -5.97388749	      0.48260028	     -0.56224901	     -0.51793350	      0.95813393	     -0.15799552	      5.72672931	     -0.52029416	     -5.69798257	      0.00000000	      4.43016006	      1.54854812	      0.00000000	      5.48141854	     -0.59808685	     -7.26867437	      0.00000000	      4.50582897	      4.76193033	      0.00000000	     -7.97938311	      0.19090287	     -1.15607613	     -1.11196054	     -5.55099369	      0.67687679	     25.41351130	     98.36208680	     -3.91582204	     -8.70456002	      8.99959062	     27.28413476	     98.47563069
      6.76666670	     -5.85747680	      0.37623760	     -0.63973774	     -0.51370699	      0.95384962	     -0.15816694	      5.42408876	     -0.33537888	     -5.09959036	      0.00000000	      5.16200189	      1.33725189	      0.00000000	      5.16081238	     -0.74060119	     -7.08580412	      0.00000000	      4.95175341	      4.50570445	      0.00000000	     -7.55703707	      0.30376717	     -1.05655802	     -1.36275762	     -5.58120126	      0.73926415	     25.21874634	     98.32299104	     -4.15097492	     -8.60996360	      9.05093906	     27.21970203	     98.44452078
      6.78333330	     -5.75369313	      0.34247656	     -0.71900699	     -0.51685290	      0.95597029	     -0.15917780	      5.28624826	     -0.29961290	     -5.02588417	      0.00000000	      5.18082916	      1.26324559	      0.00000000	      4.97072521	     -0.77437973	     -7.07190903	      0.00000000	      4.97414946	      4.44370932	      0.00000000	     -7.34445531	      0.33089865	     -1.03856867	     -1.34264750	     -5.61402661	      0.74432645	     25.19710083	     98.31477059	     -4.15309565	     -8.52180926	      9.06635087	     27.20297282	     98.43808652
      6.80000000	     -5.10903548	      0.27425579	     -0.91691043	     -0.52724994	      0.96197239	     -0.15777615	      4.77108012	     -0.16737755	     -3.88207698	      0.00000000	      4.61288885	     -0.36730429	      0.00000000	      4.44045912	     -0.82018814	     -6.59697930	      0.00000000	      4.66849698	      3.31677154	      0.00000000	     -8.35218238	      0.40259584	     -0.76407297	     -0.73900049	     -5.64202111	      0.97703026	     24.57462828	     98.19742505	     -3.42569325	     -8.29476616	      9.10677748	     26.32412107	     98.29198365
      6.81666670	     -4.54084469	      0.22497827	     -0.93278183	     -0.52415998	      0.96108893	     -0.15747413	      4.31546454	     -0.07985975	     -3.18088516	      0.00000000	      3.90095401	     -1.45616030	      0.00000000	      3.95694540	     -0.87165365	     -6.15988303	      0.00000000	      4.32222490	      2.88501609	      0.00000000	     -9.15185494	      0.47502782	     -0.88323594	     -0.29483646	     -5.60109403	      1.15580049	     24.33586989	     98.08688949	     -3.06245817	     -8.17866935	      9.23446229	     25.76662381	     98.17007879
      6.83333330	     -4.17609667	      0.09642040	     -0.84513259	     -0.52418284	      0.95942292	     -0.15687093	      4.13106470	      0.09246320	     -2.87116719	      0.00000000	      3.20232742	     -2.11093973	      0.00000000	      4.16501589	     -1.09454796	     -5.89884392	      1.00535031	      4.75387592	      2.51206219	      0.00000000	     -9.92879136	      0.68893671	     -0.96710924	      0.07640476	     -5.61731723	      1.23544186	     24.27725205	     98.03046271	     -2.76059860	     -8.08305205	      9.30657919	     25.51994705	     98.09711184
      6.85000000	     -3.48673009	     -0.05655330	     -0.67572586	     -0.52414040	      0.95789747	     -0.15777310	      3.58553827	      0.26170813	     -1.95559030	      0.00000000	      2.14804409	     -3.97318705	      0.00000000	      4.24253461	     -1.36517238	     -5.46798866	      2.53000934	      5.05622188	      1.74849304	      0.00000000	    -11.19294719	      0.87673084	     -1.32830764	      0.61633067	     -5.58420285	      1.39730418	     24.13709458	     97.90137640	     -2.24050770	     -7.99697671	      9.48444320	     25.05104052	     97.90338596
      6.86666670	     -3.08840290	     -0.16021760	     -0.80236125	     -0.52501536	      0.94976445	     -0.15805197	      4.60296977	      0.30304151	     -1.73165374	      2.50796202	      2.90028631	     -4.79755400	      0.00000000	      5.02831242	     -1.64388244	     -5.55263863	      4.84189791	      6.09971483	      0.96080752	      0.00000000	    -12.31279441	      1.07031458	     -1.29985560	      1.09953879	     -5.66030167	      1.42985622	     24.16394477	     97.86006942	     -1.80501288	     -7.91588460	      9.53690337	     25.03114999	     97.82963014
      6.88333330	     -3.21431428	     -0.21260478	     -0.95713956	     -0.52499103	      0.94661808	     -0.15771381	      6.45599764	      0.25727747	     -1.46433035	      5.59934972	      3.35328059	     -6.19525690	      0.00000000	      6.66007677	     -1.94405018	     -5.75316481	      7.69655354	      6.77854251	     -0.38202515	      0.00000000	    -12.77861088	      1.20593146	     -1.19101447	      1.44900581	     -5.71167242	      1.48487466	     24.12757669	     97.75382451	     -1.45076816	     -7.79297556	      9.67298042	     24.87227866	     97.62506688
      6.90000000	     -3.12450670	     -0.21807343	     -1.01040920	     -0.52836432	      0.94333246	     -0.15764989	      8.14803773	      0.12922084	     -1.45543193	      8.95608031	      4.40881956	     -7.07435031	      0.00000000	      8.22615802	     -2.24060258	     -6.18746396	     10.96898261	      7.65392736	     -1.60444617	      0.00000000	    -13.65488499	      1.31748347	     -1.14166767	      1.87134953	     -5.78246622	      1.45488721	     24.24064537	     97.64440979	     -0.97715046	     -7.80963960	      9.79167057	     24.87146821	     97.43314699
      6.91666670	     -3.10975934	     -0.22976027	     -0.97297862	     -0.52863251	      0.93527878	     -0.15785494	     10.03129430	     -0.04477144	     -1.57707931	     12.68077610	      6.00125875	     -7.98837847	      0.00000000	     10.14556932	     -2.61706995	     -6.67237528	     14.89355083	      8.93954964	     -2.56091792	      0.00000000	    -14.54028032	      1.46937878	     -1.09534236	      2.22944443	     -5.86551197	      1.35989445	     24.37714039	     97.52949007	     -0.48445805	     -7.88988491	      9.90662633	     25.00090660	     97.25168958
      6.93333330	     -3.33870684	     -0.26120655	     -0.95917519	     -0.53450356	      0.92495769	     -0.15903930	     12.55034353	     -0.27256141	     -1.82994251	     16.99890182	      7.72668563	     -8.77601085	      0.00000000	     12.79008292	     -3.12535704	     -7.36129498	     19.56581757	     10.51470276	     -3.41573538	      0.00000000	    -15.23693089	      1.61460048	     -0.88035867	      2.56544594	     -6.02407896	      1.20634164	     24.58817832	     97.39252545	      0.01534149	     -7.97394683	     10.01707542	     25.37589206	     97.05728085
      6.95000000	     -3.64804556	     -0.29064726	     -0.99997822	     -0.53360532	      0.91823579	     -0.15985056	     15.39481227	     -0.58499355	     -2.11772844	     21.89162242	      9.89122385	     -9.18437691	      0.00000000	     15.58641700	     -3.70733387	     -7.99676419	     24.66880829	     12.47967289	     -3.95249805	      0.00000000	    -15.83913708	      1.74528758	     -0.67254469	      2.90174017	     -6.19995065	      0.99906710	     24.88232285	     97.26169337	      0.41396658	     -8.03117188	     10.09033742	     25.78215703	     96.88011185
      6.96666670	     -4.19757251	     -0.39589653	     -1.09522616	     -0.53672052	      0.90658304	     -0.16067679	     18.88075041	     -0.92362502	     -2.56308266	     27.35335253	     12.17954025	     -9.39269599	      0.00000000	     18.95622007	     -4.46012061	     -8.64875175	     30.31578508	     14.92909958	     -4.26547638	      0.00000000	    -16.33241999	      1.98561600	     -0.31355879	      3.17603841	     -6.48588105	      0.75803906	     25.31857203	     97.14029461	      0.71843555	     -8.06343801	     10.06952152	     26.35726874	     96.71003235
      6.98333330	     -4.93708858	     -0.35911626	     -1.36469918	     -0.53667537	      0.88885787	     -0.16263018	     22.95796606	     -1.52058919	     -2.91491454	     33.66626428	     15.03943140	     -9.08804424	      0.00000000	     22.61348476	     -5.13917174	     -9.28128337	     36.23552651	     17.83332438	     -4.33036004	      0.00000000	    -16.49527916	      2.06481919	      0.01787906	      3.43352059	     -6.73850387	      0.46573168	     25.76385520	     97.02570037	      0.77830655	     -8.09584778	      9.94511741	     26.90680919	     96.53804435
      7.00000000	     -5.60411372	     -0.15875102	     -1.62526865	     -0.53512044	      0.87806980	     -0.16286497	     26.77517899	     -2.29181632	     -3.20913973	     39.72877742	     18.16408904	     -8.25499531	      0.00000000	     25.98752758	     -5.69237579	     -9.96437784	     41.75253252	     20.68874028	     -4.11538503	      0.00000000	    -16.52333343	      1.94943988	      0.26130567	      3.62565250	     -6.92600167	      0.13050298	     26.06292077	     96.93077176	      0.75499359	     -8.12935234	      9.71249030	     27.23120538	     96.37312001
      7.01666670	     -6.22557157	     -0.05586783	     -1.82406001	     -0.53661175	      0.86447154	     -0.16236615	     30.37148750	     -2.98318324	     -3.62185975	     45.60964181	     20.99791284	     -7.18036004	      0.00000000	     29.21479022	     -6.32321585	    -10.20149546	     47.00719950	     23.44513468	     -3.70934560	      0.00000000	    -16.46329260	      1.88524736	      0.50453000	      3.79839293	     -7.05691077	     -0.18130751	     26.21644562	     96.85373259	      0.73155165	     -8.19967553	      9.40448168	     27.48523917	     96.21909217
      7.03333330	     -6.80675741	      0.16936610	     -1.89338512	     -0.54335073	      0.85651394	     -0.16234892	     33.37916319	     -3.62367468	     -3.72662644	     50.27640201	     23.65387813	     -6.23727396	      0.00000000	     32.19080475	     -6.66417342	    -10.19181814	     51.40641791	     25.75774835	     -3.29599563	      0.00000000	    -16.63943581	      1.63364356	      0.54580262	      4.06101673	     -7.06729766	     -0.50610917	     26.44216845	     96.77861136	      0.81641063	     -8.41389973	      9.06163745	     27.83747337	     96.09999442
      7.05000000	     -7.22410528	      0.23135383	     -1.94817102	     -0.54777013	      0.84713468	     -0.16241442	     35.90150868	     -4.07972333	     -3.95476744	     54.03438963	     26.15807048	     -4.98775557	      0.00000000	     34.87924070	     -7.06464497	     -9.92773313	     55.32222630	     27.78612613	     -2.77133732	      0.00000000	    -17.21313468	      1.51990387	      0.62026939	      4.52809579	     -7.09916826	     -0.79145167	     26.73902475	     96.72509467	      1.02933889	     -8.60022159	      8.71948891	     28.22230754	     96.02509520
      7.06666670	     -7.43048980	      0.33089916	     -1.94384144	     -0.55309352	      0.84250300	     -0.16292450	     38.02558740	     -4.49304398	     -4.06200034	     57.11774398	     27.62612954	     -4.55496882	      0.00000000	     37.08991740	     -7.32900072	     -9.76973295	     58.47407782	     29.09493133	     -2.46056517	      0.00000000	    -18.41274775	      1.32760091	      0.71666962	      5.16858059	     -7.10272891	     -1.07972393	     27.08325583	     96.68716217	      1.50361544	     -8.80299848	      8.41326048	     28.66086755	     96.00291330
      7.08333330	     -7.54979929	      0.32343809	     -1.76623499	     -0.55104050	      0.82795921	     -0.16450738	     39.81141357	     -5.07938539	     -4.45880491	     60.49937654	     29.23444596	     -3.74690380	      0.00000000	     39.02090699	     -7.61289544	     -9.48009443	     61.61448110	     30.68709402	     -1.88303190	      0.00000000	    -19.66562494	      1.32374269	      0.64405609	      5.66889119	     -7.11573141	     -1.42272828	     27.25929494	     96.64905464	      1.89467541	     -8.93320282	      8.18581978	     28.96475354	     96.02285763
      7.10000000	     -7.39581472	      0.37583340	     -1.59706137	     -0.55082013	      0.82327041	     -0.16261209	     41.03799736	     -5.52552480	     -4.62043361	     63.31067454	     31.03708871	     -3.09279821	      0.00000000	     40.05274874	     -7.87100886	     -9.40074360	     63.92666514	     32.55062816	     -0.76866978	      0.00000000	    -21.34749833	      1.18207841	      0.60866885	      6.20327822	     -7.01419253	     -1.79622006	     27.31270793	     96.61560904	      2.43272096	     -9.10630395	      7.96938989	     29.11143642	     96.05514434
      7.11666670	     -6.98648508	      0.32021789	     -1.37489096	     -0.55465765	      0.81953382	     -0.16252285	     41.72312991	     -5.81109970	     -4.85666247	     65.60878684	     32.47643717	     -2.96179861	      0.00000000	     40.64462884	     -8.13557006	     -9.17083659	     65.85915431	     33.50127158	     -0.24259612	      0.00000000	    -23.47979931	      1.11084190	      0.62338993	      6.84880276	     -6.96353113	     -2.07679922	     27.28305471	     96.58986378	      3.15310145	     -9.21607273	      7.84702932	     29.18965031	     96.08443537
      7.13333330	     -6.28531163	      0.38956660	     -1.30411936	     -0.55652804	      0.80982566	     -0.16378006	     42.42762224	     -6.33060186	     -5.03061257	     68.34053492	     33.64158748	     -1.98711114	      0.00000000	     40.86978225	     -8.53810555	     -9.35061296	     67.94995784	     34.35523316	      0.80994441	      0.00000000	    -26.18814936	      0.94904382	      0.61301395	      7.83088531	     -6.85074206	     -2.67098092	     27.34032203	     96.53871256	      4.06589710	     -9.35021388	      7.71799733	     29.27547380	     96.16509632
      7.15000000	     -5.48301683	      0.37451643	     -1.00247063	     -0.56611265	      0.80838930	     -0.16332968	     42.86727900	     -6.66840074	     -5.30199841	     70.07322872	     34.22442185	     -1.60827094	      0.00000000	     41.17638356	     -8.73409831	     -9.29335834	     69.60140529	     34.47436008	      1.08670371	      0.00000000	    -29.42481838	      0.90735600	      0.66446618	      8.94187607	     -6.76154739	     -3.32190622	     27.58576284	     96.48819895	      5.38557582	     -9.54899765	      7.63920127	     29.66096074	     96.28310590
      7.16666670	     -4.76219367	      0.35974330	     -0.76546140	     -0.56985857	      0.79717949	     -0.16526437	     43.72368870	     -7.18218185	     -5.49050392	     72.54391046	     35.00423103	     -1.38102956	      0.00000000	     42.08078869	     -8.88397079	     -9.03802848	     71.86194264	     35.06287989	      1.26255649	      0.00000000	    -32.50879923	      0.92051085	      0.74030754	     10.16166185	     -6.79178590	     -3.90876627	     27.93389934	     96.46408078	      6.63108212	     -9.71942446	      7.63512228	     30.08722390	     96.42085678
      7.18333330	     -4.16133863	      0.47810295	     -0.62248509	     -0.57419039	      0.78635934	     -0.16552631	     45.09080568	     -7.64758720	     -5.28496231	     75.54214494	     35.92289896	     -1.33760885	      0.00000000	     43.26656419	     -8.98520227	     -8.89123458	     74.55178573	     36.14625726	      1.48115564	      0.00000000	    -35.55566745	      0.72807217	      0.83918156	     11.28570549	     -6.81604058	     -4.51214951	     28.38449266	     96.45988990	      7.90810649	     -9.94056893	      7.66972020	     30.62049291	     96.58206371
      7.20000000	     -3.55017009	      0.55937298	     -0.37081309	     -0.57103288	      0.77670284	     -0.16645207	     45.94134800	     -8.19230630	     -5.19592995	     78.31340385	     36.75909235	     -1.68007520	      0.00000000	     44.10416088	     -8.96751736	     -8.52902472	     77.09238765	     37.12209842	      1.29606220	      0.00000000	    -38.16857104	      0.70195657	      0.91806818	     12.34666798	     -6.91036644	     -4.77082672	     28.51713529	     96.45814698	      9.06228741	    -10.05178238	      7.63751424	     30.80572432	     96.63175633
      7.21666670	     -2.94829752	      0.71743487	     -0.16077861	     -0.57625552	      0.76767425	     -0.16708488	     46.91179781	     -8.81091172	     -5.13110246	     80.98650020	     37.42010339	     -1.92919023	      0.00000000	     44.97885020	     -8.77751169	     -8.13482769	     79.49455930	     38.46703449	      1.49236921	      0.00000000	    -40.92524360	      0.59425570	      0.99446015	     13.45277859	     -7.03913743	     -5.09457600	     28.71585495	     96.45155282	     10.33208042	    -10.23196662	      7.62691825	     31.07082771	     96.69331914
      7.23333330	     -2.22124277	      0.82999728	     -0.06264153	     -0.58161556	      0.75973096	     -0.16620569	     47.70005001	     -9.11019467	     -4.93202013	     83.32857249	     38.38429013	     -1.70285714	      0.00000000	     45.76816555	     -8.79048072	     -7.92641208	     81.78736192	     39.57934720	      2.14608276	      0.00000000	    -43.83972586	      0.48444395	      1.11641286	     14.55374537	     -7.02845767	     -5.77509291	     29.09837340	     96.44863196	     11.61650492	    -10.54019044	      7.79265910	     31.49273432	     96.86828658
      7.25000000	     -1.70729627	      0.83711219	      0.00745827	     -0.57990001	      0.75234188	     -0.16562706	     48.34728827	     -9.23515781	     -4.78625111	     85.29232722	     39.16917397	     -2.03903688	      0.00000000	     46.49651582	     -8.85477498	     -7.43446371	     83.90811285	     40.36676396	      2.04616845	      0.00000000	    -46.08052608	      0.50593770	      1.25696289	     15.40715935	     -7.05279619	     -6.04929205	     29.17848410	     96.45539356	     12.71946467	    -10.74272798	      7.82936821	     31.67003843	     96.93700214
      7.26666670	     -0.94358671	      0.67425706	      0.12508118	     -0.58057399	      0.74877702	     -0.16454065	     48.12690767	     -9.06241160	     -4.86537485	     86.39600811	     39.92535031	     -2.18996855	      0.00000000	     46.58904859	     -9.11349815	     -6.97547283	     85.44047769	     40.94082197	      2.51788160	      0.00000000	    -48.78063486	      0.67191158	      1.62177495	     16.22162836	     -7.10530139	     -6.73436960	     29.24936941	     96.47671669	     14.00776402	    -10.95649571	      8.12577239	     31.74242013	     97.13889621
      7.28333330	     -0.35302658	      0.55591471	      0.30768288	     -0.58364417	      0.74464459	     -0.16518117	     47.95044856	     -8.92177734	     -4.85821583	     87.26181441	     40.65869254	     -2.48794782	      0.00000000	     46.72159830	     -9.13080516	     -6.49636394	     86.58469501	     41.39978383	      2.69424400	      0.00000000	    -51.13043302	      0.81054684	      1.87900985	     16.91418843	     -7.10903775	     -7.37430818	     29.47341558	     96.52844587	     15.25038089	    -11.15437797	      8.44679853	     31.71664219	     97.35321532
      7.30000000	     -0.02783799	      0.51841334	      0.52009214	     -0.58663418	      0.73826659	     -0.16587705	     48.20190511	     -8.86492309	     -4.66727937	     88.06538905	     41.86790966	     -2.54149175	      0.00000000	     47.41288416	     -9.06446930	     -6.13390623	     87.76439332	     41.60759267	      2.50915368	      0.00000000	    -52.93803749	      0.87336244	      1.95467972	     17.49141882	     -7.07633721	     -7.66013196	     29.65586425	     96.56753712	     16.31119305	    -11.35745805	      8.53229654	     31.77272864	     97.44669786
      7.31666670	      0.28917915	      0.47745691	      0.79443934	     -0.58986347	      0.73253713	     -0.16596432	     48.41870875	     -8.95310726	     -4.63846981	     88.84360931	     42.82799645	     -2.18223367	      0.00000000	     48.04942413	     -8.99086184	     -5.81626038	     88.80709871	     41.66230658	      2.38271065	      0.00000000	    -54.70493129	      0.99540430	      2.39152119	     17.61656862	     -7.06664083	     -9.56982568	     30.54744241	     97.04218351	     17.88287157	    -11.45855442	      9.76052468	     31.24204446	     98.23052126
      7.33333330	      0.30600129	      0.42760325	      0.97074472	     -0.59076843	      0.72995251	     -0.16528776	     48.89189662	     -8.98660407	     -4.59337727	     89.49989990	     43.15861952	     -2.35721144	      0.00000000	     48.76872560	     -8.98871609	     -5.60655860	     89.61534655	     41.64716395	      2.27874724	      0.00000000	    -55.97787593	      1.04239606	      2.33500088	     18.23398951	     -7.09608215	     -9.58810551	     30.64846143	     97.07221465	     18.70601230	    -11.62969542	      9.68770691	     31.35210607	     98.23610924
      7.35000000	      0.30965503	      0.29949788	      1.05379131	     -0.59033137	      0.72652348	     -0.16533616	     49.20124353	     -8.99739899	     -4.67428804	     90.13411603	     43.47251631	     -2.50464681	      0.00000000	     49.32795267	     -9.05577579	     -5.34413210	     90.36953597	     41.64733570	      2.15245583	      0.00000000	    -56.93592758	      1.17974910	      2.27352219	     18.70507090	     -7.13794864	     -9.61109589	     30.77759411	     97.10681654	     19.39286634	    -11.73801371	      9.62590001	     31.47550687	     98.24574956
      7.36666670	      0.27642061	      0.04427341	      1.22483469	     -0.59208689	      0.72571327	     -0.16595176	     49.33174246	     -8.92036171	     -4.97733295	     90.38522359	     43.73878518	     -2.73094811	      0.00000000	     49.83367430	     -9.11444535	     -4.96861553	     90.89648500	     41.62069628	      2.17238975	      0.00000000	    -57.61260483	      1.52621310	      2.28527470	     18.96632187	     -7.17957710	     -9.65576277	     31.12858171	     97.22361188	     19.83910414	    -11.76428984	      9.54115259	     31.59955188	     98.28788650
      7.38333330	      0.16447843	     -0.00427917	      1.20678397	     -0.59384169	      0.72833205	     -0.16685974	     49.53839758	     -8.82716482	     -4.96153864	     90.19033794	     43.70489687	     -2.68499564	      0.00000000	     50.03101913	     -9.05412910	     -4.96947623	     90.82879495	     41.68804777	      2.24102655	      0.00000000	    -58.03969278	      1.52193331	      2.20062433	     19.27131508	     -7.20692868	     -9.66753377	     31.28261568	     97.24658917	     20.19570258	    -11.76835956	      9.50001038	     31.65897740	     98.29211557
      7.40000000	      0.03935139	     -0.03960558	      1.19047314	     -0.59408927	      0.72848623	     -0.16665857	     49.54531003	     -8.74587938	     -4.95357364	     89.95085452	     43.68237328	     -2.66606637	      0.00000000	     50.03926148	     -9.06089096	     -4.99019071	     90.61703395	     41.69324205	      2.28409389	      0.00000000	    -58.10620239	      1.55181579	      2.04757645	     19.27232725	     -7.23170157	     -9.67813055	     31.33023535	     97.25447085	     20.35848633	    -11.74684674	      9.48492990	     31.69588367	     98.29350407
      7.41666670	      0.32929019	     -0.07382380	      1.12658825	     -0.59507590	      0.73358643	     -0.16633044	     48.88345896	     -8.50423639	     -4.93528799	     89.08699737	     43.08470060	     -3.02980733	      0.00000000	     49.31939465	     -9.18147295	     -5.19770119	     89.82981238	     41.55829461	      2.77398760	      0.00000000	    -58.73084844	      1.51667880	      2.15408625	     19.00274854	     -7.23232344	    -10.06108398	     33.01928577	     97.73017955	     20.70290734	    -11.63693862	      8.79928240	     31.77574967	     98.39675679
      7.43333330	      0.41057664	     -0.05051586	      1.05959812	     -0.59540882	      0.73751817	     -0.16626133	     48.48359112	     -8.35829257	     -4.87879986	     88.28491510	     42.56374962	     -3.19988818	      0.00000000	     48.77413488	     -9.17361320	     -5.36395766	     88.94611656	     41.12971738	      2.77155830	      0.00000000	    -58.64908527	      1.48146464	      1.91004277	     18.95906257	     -7.04685819	    -10.24096264	     33.43504181	     97.91881250	     20.61645107	    -11.69897589	      8.61244359	     31.82440296	     98.47103176
      7.45000000	      0.75577332	     -0.04385816	      1.12366577	     -0.59495108	      0.74743895	     -0.16567355	     47.28782867	     -8.17657143	     -4.94192446	     86.87755828	     41.69641552	     -3.53213230	      0.00000000	     47.62496287	     -9.13889899	     -5.58219374	     87.51672204	     40.35865881	      2.83327587	      0.00000000	    -58.69999764	      1.49444035	      1.81808841	     18.73602699	     -6.91205340	    -10.39655950	     33.84852453	     98.11367189	     20.55266146	    -11.71679758	      8.39601151	     31.98823998	     98.54286040
      7.46666670	      1.10651499	     -0.10039298	      1.07125697	     -0.59806320	      0.75635557	     -0.16633575	     46.03151019	     -7.87359080	     -5.07525246	     84.87546047	     40.81350886	     -3.79224340	      0.00000000	     46.38474846	     -9.09801655	     -5.79011701	     85.80993154	     39.49366280	      2.70022506	      0.00000000	    -58.70487275	      1.50427674	      1.82888011	     18.51856457	     -6.87133079	    -10.47634346	     34.26427264	     98.33445885	     20.37884265	    -11.69012220	      8.16140485	     32.21204083	     98.62675828
      7.48333330	      1.48522777	     -0.22877892	      1.09259041	     -0.59878780	      0.76457451	     -0.16582928	     44.51354291	     -7.49180655	     -5.27234695	     82.69710448	     39.96418089	     -3.96432747	      0.00000000	     44.94721420	     -9.14838022	     -5.89324186	     83.98011666	     38.45772795	      2.50309592	      0.00000000	    -58.52326935	      1.63024494	      1.86053825	     18.31183838	     -6.84157260	    -10.45346670	     34.67071389	     98.56405348	     20.20880203	    -11.66335854	      7.95502565	     32.33827263	     98.72234187
      7.50000000	      1.70783205	     -0.27450959	      1.14187157	     -0.60145920	      0.77423566	     -0.16639823	     43.20073191	     -7.18744880	     -5.37161480	     80.48264524	     38.99240918	     -4.37442707	      0.00000000	     43.70892766	     -9.05646441	     -6.06894694	     81.93093013	     37.54354888	      2.39759512	      0.00000000	    -58.19230370	      1.71985708	      1.84093804	     17.98819880	     -6.84216147	    -10.35067582	     35.03340780	     98.82026165	     20.05622532	    -11.64942444	      7.77091199	     32.47028450	     98.84308773
      7.51666670	      1.85892511	     -0.25089670	      1.17343154	     -0.60113512	      0.78085542	     -0.16704291	     42.01492453	     -7.05889264	     -5.45568364	     78.59878020	     37.91794364	     -4.73448848	      0.00000000	     42.43818436	     -8.97924440	     -6.43753572	     79.90705438	     36.69750939	      2.39657507	      0.00000000	    -57.57718715	      1.74947401	      1.78676961	     17.61863343	     -6.85975661	    -10.19127441	     35.16276927	     99.07817222	     19.72122307	    -11.60019385	      7.63914921	     32.46784619	     98.97483388
      7.53333330	      1.85159479	     -0.20004052	      1.24374721	     -0.60165387	      0.79298651	     -0.16852262	     40.61229817	     -6.93152161	     -5.52781955	     76.27888771	     36.68637380	     -5.16812486	      0.00000000	     41.06959200	     -8.76642947	     -6.90902353	     77.38702448	     35.46718692	      2.26048545	      0.00000000	    -56.78351297	      1.81743056	      1.65875226	     17.23968640	     -6.90303361	     -9.99977557	     35.27068521	     99.32668943	     19.38185951	    -11.50782382	      7.53476725	     32.51129703	     99.11219292
      7.55000000	      1.72053632	     -0.24455304	      1.14292212	     -0.60462144	      0.80140277	     -0.16864430	     39.63285048	     -6.71605510	     -5.60612821	     73.93674083	     35.16980928	     -5.59594157	      0.00000000	     40.10996812	     -8.61989469	     -7.24181480	     75.12484160	     34.11678159	      1.83568402	      0.00000000	    -55.76159454	      1.88673409	      1.67309385	     16.87370821	     -7.02285143	     -9.71988219	     35.35783060	     99.58663274	     18.93483683	    -11.40862679	      7.43048630	     32.66806621	     99.26030423
      7.56666670	      1.14361289	     -0.24718385	      1.13755143	     -0.60254025	      0.80790205	     -0.16856388	     39.14221868	     -6.53948930	     -5.67693681	     71.80187224	     33.83569198	     -5.83917397	      0.00000000	     39.60666836	     -8.41170527	     -7.46600633	     73.00888518	     32.83439320	      1.49382419	      0.00000000	    -54.24247927	      2.00391143	      1.58435385	     16.41237460	     -7.13088888	     -9.41492076	     35.39970997	     99.85936595	     18.31830805	    -11.36306956	      7.31894907	     32.64394799	     99.42563153
      7.58333330	      0.58079265	     -0.31917000	      1.12415469	     -0.59696512	      0.81515032	     -0.16845531	     38.13080717	     -6.29024673	     -5.85764923	     68.99737632	     32.76743202	     -5.68468824	      0.00000000	     38.81160484	     -8.30716714	     -7.63887190	     70.65288617	     31.87740107	      1.72005446	      0.00000000	    -52.38604787	      2.11405091	      1.60315549	     15.72742533	     -7.19628725	     -9.28366116	     35.13915829	     99.97686590	     17.50428423	    -11.23740859	      7.27910959	     32.54620450	     99.49617300
      7.60000000	      0.13405385	     -0.53673288	      1.19664879	     -0.59236749	      0.82313226	     -0.16847298	     36.65593210	     -5.84891632	     -6.14057287	     66.03514851	     31.65979286	     -6.12037335	      0.00000000	     37.82477925	     -8.30255099	     -7.62013607	     68.43593546	     31.04433268	      1.49422310	      0.00000000	    -50.33284450	      2.37595973	      1.57563512	     15.03975289	     -7.20184063	     -8.89403520	     34.46067551	    100.23862251	     16.54670245	    -11.04042673	      7.08408716	     32.23763242	     99.63345217
      7.61666670	     -0.53053273	     -0.54879008	      1.28750055	     -0.58835475	      0.83145570	     -0.16759765	     35.72732353	     -5.66026901	     -6.35042126	     63.37223503	     30.85552191	     -5.77652027	      0.00000000	     37.03474770	     -8.19605064	     -7.93350827	     66.05949670	     30.35505588	      1.93418918	      0.00000000	    -47.97862184	      2.41031816	      1.41310644	     14.03655329	     -7.12007905	     -8.73921606	     34.10453043	    100.33231187	     15.47944768	    -10.99875288	      7.05056008	     31.95031783	     99.68728037
      7.63333330	     -1.36613868	     -0.62395077	      1.12658203	     -0.57933136	      0.83185986	     -0.16838326	     35.21440957	     -5.44817612	     -6.39719472	     61.54282977	     30.20509184	     -5.84586221	      0.00000000	     36.51538937	     -8.22942547	     -8.22170596	     64.25198167	     30.28434749	      2.25413388	      0.00000000	    -44.75838938	      2.47108833	      1.01767379	     13.05227439	     -6.90405636	     -8.20477158	     32.80442729	    100.59836588	     13.93124058	    -10.91246745	      6.80295284	     31.03288217	     99.79392865
      7.65000000	     -2.13541569	     -0.62097425	      0.92194949	     -0.57710915	      0.83911896	     -0.16788190	     34.51696336	     -5.23987610	     -6.45976437	     59.31967878	     29.62114937	     -5.36295537	      0.00000000	     35.92643825	     -8.26089818	     -8.84236239	     62.12191714	     29.61323141	      2.36860174	      0.00000000	    -41.84694562	      2.40341830	      0.88978243	     11.74813684	     -6.83948202	     -7.99057644	     32.32415572	    100.68394195	     12.36440279	    -10.83449192	      6.78081694	     30.56296918	     99.82513310
      7.66666670	     -3.25889281	     -0.59675799	      0.77392446	     -0.57482214	      0.85009390	     -0.16916297	     34.09626112	     -5.14148619	     -6.67444202	     56.53213976	     28.33089175	     -5.25324398	      0.00000000	     35.54638966	     -7.98781325	     -9.06433289	     59.58063973	     28.50405169	      2.27323301	      0.00000000	    -38.09832509	      2.33241852	      0.57972589	     10.63373833	     -6.70395762	     -7.36128944	     30.85011997	    100.86562577	     10.76293470	    -10.60946947	      6.57923324	     29.53789602	     99.83551599
      7.68333330	     -4.04673526	     -0.60272924	      0.56820024	     -0.57261028	      0.86082446	     -0.16746276	     33.10140300	     -4.86885819	     -6.96283144	     53.12653072	     26.85795579	     -4.67417506	      0.00000000	     34.42302973	     -7.78021429	     -9.60254188	     56.10724423	     27.40741775	      2.74876762	      0.00000000	    -35.13238192	      2.24593271	      0.50627823	      9.43328664	     -6.65416889	     -7.14085374	     30.42269896	    100.90911013	      9.37827808	    -10.50080715	      6.60448741	     29.20971472	     99.84210451
      7.70000000	     -4.69412766	     -0.57138257	      0.38882030	     -0.56785091	      0.87200210	     -0.16783752	     31.60634068	     -4.49982939	     -6.98145690	     48.99256021	     24.77151705	     -4.89096644	      0.00000000	     33.02308675	     -7.45351003	    -10.00865813	     52.31986283	     25.23614865	      2.39353620	      0.00000000	    -32.18726550	      2.13705970	      0.23544750	      8.64919089	     -6.52780046	     -6.41201007	     29.26443694	    101.00587564	      8.07474614	    -10.36602005	      6.55069672	     28.37948369	     99.80918868
      7.71666670	     -5.38485862	     -0.52878587	      0.14323123	     -0.56274057	      0.88008273	     -0.16802442	     30.34680984	     -4.24629947	     -7.16455506	     45.25154307	     23.04818628	     -4.10684631	      0.00000000	     31.63860384	     -7.16710068	    -10.53921825	     48.57957397	     23.66566687	      2.84047664	      0.00000000	    -29.23567481	      2.01866555	      0.12067690	      7.49980515	     -6.46424206	     -6.14070184	     28.86129910	    101.02829117	      6.63967133	    -10.21627654	      6.62142589	     28.01767951	     99.80048916
      7.73333330	     -5.55885272	     -0.34265039	     -0.09030066	     -0.55647542	      0.89336351	     -0.16753932	     28.19605075	     -4.01773158	     -7.21932201	     40.97722306	     20.73673842	     -4.37804838	      0.00000000	     29.34673445	     -6.53104501	    -10.91113819	     44.25726923	     21.48757724	      2.35056833	      0.00000000	    -26.84689145	      1.73969080	     -0.15028747	      6.81900562	     -6.33197953	     -5.31058197	     27.86176046	    101.06582886	      5.42279498	    -10.07247110	      6.64657875	     27.17778355	     99.70711541
      7.75000000	     -5.62485071	     -0.44382177	     -0.17829243	     -0.55193778	      0.90853164	     -0.16747868	     25.59611311	     -3.52245355	     -7.48031259	     36.06439196	     18.27945387	     -4.16117428	      0.00000000	     26.77739664	     -6.10191148	    -10.95848192	     39.64479152	     19.66292668	      2.67404052	      0.00000000	    -24.74583445	      1.86361400	     -0.30819828	      6.08515641	     -6.33981333	     -4.49131410	     27.09623157	    101.05082766	      4.35073724	     -9.84843475	      6.77044575	     26.52848074	     99.59092894
      7.76666670	     -5.74400347	     -0.48559254	     -0.13084457	     -0.55087595	      0.91892367	     -0.16774631	     23.23052038	     -3.06390879	     -7.62151870	     31.10481308	     15.78944747	     -4.06123882	      0.00000000	     24.38844564	     -5.48381590	    -10.88589934	     34.94110100	     17.65360516	      2.82548802	      0.00000000	    -22.86250281	      1.92765917	     -0.54291032	      5.27222404	     -6.35393343	     -3.75319411	     26.65090421	    100.97036611	      3.36787347	     -9.70957083	      6.97437659	     26.17163960	     99.46658297
      7.78333330	     -5.67945125	     -0.56581018	     -0.03106842	     -0.54828108	      0.93511858	     -0.16776650	     20.56785678	     -2.51270145	     -7.67528977	     26.00076183	     13.11649105	     -3.65887745	      0.00000000	     21.78923121	     -4.86786671	    -10.56363114	     30.15459199	     15.43895241	      3.01029810	      0.00000000	    -21.36343358	      2.02459374	     -0.69646809	      4.54139969	     -6.39344548	     -3.08410016	     26.37700880	    100.85019920	      2.57100169	     -9.57086616	      7.20469715	     26.02243771	     99.33886067
      7.80000000	     -5.68641776	     -0.55442072	      0.09276561	     -0.54546160	      0.93931239	     -0.16852967	     18.15110975	     -2.12157198	     -7.71752676	     21.48193351	     11.00363163	     -3.22248057	      0.00000000	     19.74366386	     -4.20997975	    -10.17670215	     26.08608768	     13.60970686	      2.98886796	      0.00000000	    -19.95768011	      1.98836872	     -0.81725035	      3.87533415	     -6.45285752	     -2.43154906	     26.20723355	    100.69677405	      1.84558404	     -9.48761513	      7.49335290	     26.04696996	     99.21400516
      7.81666670	     -6.25029408	     -0.45245505	      0.01500267	     -0.54108431	      0.95062548	     -0.16667506	     16.55911809	     -1.81305658	     -7.80042739	     17.28451006	      8.65552488	     -2.37367815	      0.00000000	     18.20681194	     -3.60698246	    -10.05977460	     21.95892328	     11.74763680	      3.64715462	      0.00000000	    -17.85880624	      1.76464183	     -0.83434360	      3.05761704	     -6.36978693	     -2.19782824	     26.09169156	    100.64978184	      0.92469955	     -9.36884731	      7.61363710	     26.02756180	     99.17450046
      7.83333330	     -5.66243682	     -0.26177526	      0.04169012	     -0.53704476	      0.95495389	     -0.16573648	     13.64574839	     -1.53390719	     -7.37233729	     13.14236991	      6.57651435	     -2.22299953	      0.00000000	     15.34025843	     -2.83948716	     -9.59727726	     17.57890529	      9.86498399	      3.50921343	      0.00000000	    -17.48262377	      1.49821153	     -1.08827966	      2.75264031	     -6.29085784	     -1.62314206	     25.75774269	    100.51445793	      0.45293480	     -9.40898245	      7.83500466	     26.21277267	     99.05557514
      7.85000000	     -5.72287079	     -0.03354267	     -0.07116927	     -0.53371157	      0.96368401	     -0.16640718	     11.62511203	     -1.39849565	     -7.14761734	      9.44755513	      5.04515719	     -1.48425836	      0.00000000	     13.45005122	     -2.16811545	     -9.33430016	     13.84532918	      8.42347959	      3.87404130	      0.00000000	    -16.27528639	      1.13839555	     -1.17398690	      2.12570554	     -6.18777916	     -1.09784277	     25.56421110	    100.36223182	     -0.24618011	     -9.41084962	      8.03470030	     26.54919342	     98.93159837
      7.86666670	     -6.10172585	      0.14759650	     -0.20778837	     -0.53115651	      0.96555535	     -0.16657843	     10.30931841	     -1.28746990	     -6.96673565	      6.26960054	      3.67143794	     -0.67157959	      0.00000000	     12.20626915	     -1.67343348	     -9.32838511	     10.76944974	      6.76575074	      4.19844157	      0.00000000	    -14.71069099	      0.86397984	     -1.23333031	      1.41658485	     -6.03667817	     -0.88272900	     25.40300313	    100.29562313	     -0.90353474	     -9.37919639	      8.16483702	     26.72967368	     98.89215553
      7.88333330	     -5.84041796	      0.33727040	     -0.26214273	     -0.52506301	      0.96415780	     -0.16710821	      8.30216696	     -1.23719884	     -6.61825454	      3.32748923	      3.10605835	      0.20472464	      0.00000000	     10.26355138	     -1.11640361	     -8.96047087	      7.83591518	      5.65269664	      4.02102189	      0.00000000	    -14.04338929	      0.64692514	     -1.40523338	      0.90169530	     -5.96375517	     -0.52148681	     25.05338697	    100.12037348	     -1.55875073	     -9.38988276	      8.50683690	     27.10206193	     98.81801265
      7.90000000	     -6.14458138	      0.42098631	     -0.40517724	     -0.52081766	      0.96231251	     -0.16586928	      7.14027292	     -1.11143924	     -6.11492016	      0.78112962	      2.48777345	      0.92498409	      0.00000000	      9.18972196	     -0.82078500	     -8.56579907	      5.58018383	      5.26328951	      4.35166673	      0.00000000	    -12.60845258	      0.51154052	     -1.45197992	      0.21221447	     -5.90449165	     -0.37167583	     24.89616908	    100.04534040	     -2.26971463	     -9.32748459	      8.67759368	     27.19407760	     98.79015281
      7.91666670	     -6.38743782	      0.55659285	     -0.62699877	     -0.51992027	      0.95874447	     -0.16510085	      6.87714244	     -1.14375849	     -5.74350753	      0.00000000	      2.77415658	      1.31252837	      0.00000000	      8.30605855	     -0.51928536	     -8.39005450	      3.73143709	      4.95175289	      4.35085448	      0.00000000	    -11.53468357	      0.29189731	     -1.38895205	     -0.27117390	     -5.91240094	     -0.23388567	     24.82261297	     99.96561761	     -2.72687004	     -9.29955002	      8.85448723	     27.38856505	     98.76458464
      7.93333330	     -6.75899738	      0.64729009	     -0.93759305	     -0.51966070	      0.95750826	     -0.16377669	      7.13184791	     -1.16212249	     -5.55350197	      0.00000000	      3.21443199	      1.69906707	      0.00000000	      7.75964746	     -0.30748577	     -8.24957249	      2.07868000	      4.61408694	      4.29680447	      0.00000000	    -10.39395877	      0.16042161	     -1.17135144	     -0.79758640	     -5.94062890	     -0.08114925	     24.78455602	     99.87304495	     -3.15025650	     -9.30018043	      9.04099732	     27.69243940	     98.73712790
      7.95000000	     -7.14952724	      0.68887252	     -1.05382114	     -0.51597290	      0.95386811	     -0.16343122	      7.28569133	     -1.13598704	     -5.46765150	      0.00000000	      3.61173843	      1.91248339	      0.00000000	      7.24112372	     -0.15437094	     -8.13552919	      0.65526589	      4.28449119	      4.14804379	      0.00000000	     -9.25684062	      0.03542480	     -1.05116886	     -1.28209271	     -5.96246867	      0.06954654	     24.82062827	     99.76721464	     -3.60862250	     -9.32816826	      9.26390759	     27.93984394	     98.71413811
      7.96666670	     -7.54327941	      0.62078711	     -1.08289374	     -0.51382566	      0.95282315	     -0.16343314	      7.46392389	     -1.02185657	     -5.40179798	      0.00000000	      4.07546064	      1.94759029	      0.00000000	      7.09717928	     -0.16410017	     -7.95296895	      0.00000000	      4.47824438	      3.98421623	      0.00000000	     -8.20699946	      0.08753548	     -0.95977284	     -1.78575322	     -6.02847535	      0.22569912	     24.80975913	     99.64026860	     -4.02936869	     -9.31510975	      9.51657600	     28.20306706	     98.68674560
      7.98333330	     -7.76111036	      0.50740446	     -1.06872598	     -0.51760139	      0.95080312	     -0.16278493	      7.57167309	     -0.83682758	     -5.48540154	      0.00000000	      4.23932124	      1.72430539	      0.00000000	      7.28049366	     -0.26012078	     -7.88286824	      0.00000000	      4.84527464	      3.77840226	      0.00000000	     -7.59060592	      0.11628296	     -0.98276106	     -2.06381209	     -6.06361092	      0.31720055	     24.77860803	     99.55913595	     -4.21338480	     -9.35447610	      9.67202551	     28.31935355	     98.67306020
      8.00000000	     -8.10697090	      0.43355230	     -0.92116911	     -0.51104036	      0.95223800	     -0.16261097	      7.74524710	     -0.70428953	     -5.32129526	      0.00000000	      4.05626515	      1.32416110	      0.00000000	      7.60063323	     -0.32832806	     -7.75782298	      0.00000000	      4.47525210	      3.65040317	      0.00000000	     -6.59409499	      0.20498559	     -1.18577090	     -2.40168375	     -6.05053868	      0.47640825	     24.72694308	     99.36882126	     -4.47637813	     -9.42761270	     10.00603240	     28.45555110	     98.64176323
      8.01666670	     -8.05779290	      0.37400293	     -0.86048873	     -0.51261622	      0.95577321	     -0.16275772	      7.55648921	     -0.59330459	     -5.27872545	      0.00000000	      3.99923709	      1.31102869	      0.00000000	      7.52579847	     -0.40046786	     -7.79350226	      0.00000000	      4.41445686	      3.61458853	      0.00000000	     -6.40471030	      0.13768048	     -1.18880746	     -2.47306919	     -6.04750023	      0.48572029	     24.70209167	     99.35898106	     -4.53599339	     -9.41161399	     10.02622550	     28.44256188	     98.63971508
      8.03333330	     -7.92611812	      0.27315943	     -0.97662836	     -0.50868894	      0.95275173	     -0.16242438	      7.28574534	     -0.41824863	     -5.17516599	      0.00000000	      3.89301270	      1.26826191	      0.00000000	      7.20408886	     -0.56389985	     -7.70755444	      0.00000000	      4.26642927	      3.63006911	      0.00000000	     -6.10535228	      0.20310517	     -1.22366024	     -2.71132232	     -6.00710739	      0.50630638	     24.60109831	     99.34709719	     -4.69471460	     -9.37031087	     10.05932024	     28.38853692	     98.63780404
      8.05000000	     -7.48834861	      0.05449407	     -0.98992633	     -0.50992514	      0.95363576	     -0.16200016	      6.70480571	     -0.12497580	     -4.22493691	      0.00000000	      3.21418757	     -0.38068928	      0.00000000	      6.65625013	     -0.80953062	     -7.32036521	      0.00000000	      3.81812551	      2.71714553	      0.00000000	     -6.48869064	      0.49707766	     -1.10257455	     -2.42496507	     -6.00980744	      0.67324505	     23.84449440	     99.09049626	     -4.50735605	     -9.16520358	     10.34382708	     27.66209338	     98.54203404
      8.06666670	     -7.20905530	     -0.15035780	     -1.09756491	     -0.50946460	      0.95258683	     -0.16156796	      6.33698484	      0.14097892	     -3.77235733	      0.00000000	      3.13258551	     -0.83855606	      0.00000000	      6.24892962	     -1.06853806	     -7.22720578	      0.00000000	      3.65086636	      2.45730844	      0.00000000	     -6.64824892	      0.76120945	     -1.11463871	     -2.32523846	     -6.09530530	      0.72962572	     23.67300295	     98.97307693	     -4.54687637	     -8.99853525	     10.45315347	     27.40697193	     98.48874522
      8.08333330	     -6.52446007	     -0.24637416	     -1.23987347	     -0.50904001	      0.95386455	     -0.16080065	      5.63948631	      0.29555614	     -3.19105960	      0.00000000	      2.56006823	     -1.85024992	      0.00000000	      5.41861748	     -1.21101126	     -6.93277123	      0.00000000	      3.40158859	      1.93563293	      0.00000000	     -7.44893999	      0.87775893	     -1.14158699	     -1.97493040	     -6.00553473	      0.83072673	     23.39168699	     98.79416664	     -4.28645018	     -8.88045093	     10.53935615	     26.91315233	     98.38459094
      8.10000000	     -5.86961052	     -0.29377998	     -1.36490669	     -0.50934283	      0.95579001	     -0.16027764	      5.04494401	      0.37769326	     -2.53816929	      0.00000000	      2.15523311	     -2.72871874	      0.00000000	      4.68231106	     -1.29268269	     -6.77254141	      0.03645721	      3.18361312	      1.35962844	      0.00000000	     -8.27872587	      0.93821752	     -1.18348582	     -1.63875750	     -5.96435751	      0.91592441	     23.09371695	     98.60909765	     -4.08897902	     -8.73562650	     10.62813515	     26.44359733	     98.26666041
      8.11666670	     -5.41517119	     -0.46072844	     -1.24700227	     -0.50855059	      0.94613451	     -0.16157647	      4.64437250	      0.54886594	     -2.19194538	      0.00000000	      1.86185768	     -3.34103312	      0.00000000	      4.93863444	     -1.59055643	     -6.64656921	      1.51542534	      3.99825296	      0.81479196	      0.00000000	     -8.94862213	      1.16607277	     -1.39930319	     -1.39490970	     -6.00072985	      0.95218135	     23.04394783	     98.50251023	     -3.94945353	     -8.64489378	     10.70196673	     26.19622393	     98.19906385
      8.13333330	     -4.95886558	     -0.57704518	     -1.29035258	     -0.51030940	      0.94403749	     -0.16197304	      4.95475087	      0.61015816	     -1.81033526	      1.31954110	      2.08459748	     -4.35495689	      0.00000000	      5.42359832	     -1.89060385	     -6.72768482	      3.45860410	      4.83537616	      0.09652932	      0.00000000	     -9.89764268	      1.45152998	     -1.48936147	     -0.94525388	     -6.03958109	      0.99543389	     23.05452171	     98.38669329	     -3.72630807	     -8.52500747	     10.74606236	     25.87148375	     98.10518373
      8.15000000	     -4.99530598	     -0.62082268	     -1.41103377	     -0.51290888	      0.93793440	     -0.16068563	      6.63988698	      0.56923318	     -1.45018539	      4.23957816	      2.98158987	     -5.78015161	      0.00000000	      6.96609444	     -2.23030547	     -7.06476390	      6.44050637	      5.59660427	     -1.15938735	      0.00000000	    -10.30338919	      1.55112360	     -1.40466751	     -0.52638679	     -6.10633673	      1.11267314	     23.04755014	     98.14691092	     -3.26990749	     -8.47396020	     10.78984093	     25.55860565	     97.88754947
      8.16666670	     -4.97906432	     -0.63789843	     -1.46423583	     -0.51570107	      0.93779426	     -0.16099713	      8.32291533	      0.47311724	     -1.54069584	      7.28084305	      4.25784050	     -6.56875593	      0.00000000	      8.80679500	     -2.60220604	     -7.46280543	      9.92333341	      6.63555043	     -2.16624062	      0.00000000	    -11.05705108	      1.69750577	     -1.39146442	      0.01301592	     -6.19650384	      1.15605204	     23.27021592	     97.94317290	     -2.83430153	     -8.40491724	     10.85155671	     25.35302466	     97.70947196
      8.18333330	     -5.18085451	     -0.66605086	     -1.45876788	     -0.51791073	      0.93399708	     -0.15977111	     10.50096365	      0.35529484	     -1.75501074	     10.91198207	      5.77907302	     -7.16381124	      0.00000000	     11.05615382	     -3.08935070	     -7.99353485	     13.97578450	      7.93843860	     -3.04887252	      0.00000000	    -11.70069006	      1.85609424	     -1.24970447	      0.41082872	     -6.25101729	      1.17536441	     23.40954148	     97.72429278	     -2.30099031	     -8.51107650	     10.85435358	     25.42181956	     97.51674244
      8.20000000	     -5.44865249	     -0.71642808	     -1.42677664	     -0.51977190	      0.92447391	     -0.16000307	     12.90522349	      0.20782970	     -2.06338150	     14.89469030	      7.71122710	     -7.51663021	      0.00000000	     13.82768126	     -3.71814688	     -8.62585332	     18.81734633	      9.44577674	     -3.80407899	      0.00000000	    -12.43529106	      2.01868395	     -1.06665693	      0.85841459	     -6.33804552	      1.12762177	     23.64386092	     97.48929372	     -1.82958971	     -8.57046032	     10.85457407	     25.56943741	     97.32809326
      8.21666670	     -5.84474048	     -0.71880142	     -1.43614556	     -0.51936736	      0.91396325	     -0.16307555	     15.80420668	     -0.17420998	     -2.54945750	     19.67773934	     10.01735247	     -7.49208966	      0.00000000	     16.92047791	     -4.36123760	     -9.43993959	     23.95881030	     11.44990623	     -4.25210312	      0.00000000	    -12.99778712	      2.15003782	     -0.77943623	      1.25139392	     -6.52098097	      1.02207482	     23.82605458	     97.26573381	     -1.36168190	     -8.55589872	     10.80336865	     25.76948411	     97.14286161
      8.23333330	     -6.45692402	     -0.71414464	     -1.54430496	     -0.52373147	      0.90561963	     -0.16322860	     19.30819193	     -0.66745824	     -3.13879110	     25.02000136	     12.57437052	     -7.12129689	      0.00000000	     20.31074098	     -5.05545589	    -10.15654688	     29.42815366	     13.67103491	     -4.47309654	      0.00000000	    -13.46599959	      2.28503657	     -0.42722291	      1.76522977	     -6.76755544	      0.84769144	     24.15140091	     97.06075198	     -0.91997848	     -8.49011538	     10.66197004	     26.01266171	     96.96171080
      8.25000000	     -7.20151026	     -0.66299307	     -1.81824087	     -0.52586825	      0.88775594	     -0.16424328	     23.41962212	     -1.32124718	     -3.70501709	     31.30167659	     15.69734308	     -6.40389633	      0.00000000	     24.09304294	     -5.83406121	    -10.80594338	     35.33250066	     16.59884832	     -4.56117343	      0.00000000	    -13.77274101	      2.36943415	     -0.01126359	      2.21884376	     -7.05211646	      0.65892792	     24.52741027	     96.88724809	     -0.61323106	     -8.43790424	     10.43844090	     26.38523793	     96.78989594
      8.26666670	     -8.05901539	     -0.50944873	     -2.15438243	     -0.52998619	      0.87941883	     -0.16481077	     27.58242419	     -2.10312351	     -4.14074174	     37.40541752	     18.86365737	     -5.28235574	      0.00000000	     27.68534573	     -6.46726408	    -11.24566030	     40.76530349	     19.60365751	     -4.00890034	      0.00000000	    -14.01103692	      2.33120775	      0.38511166	      2.71619658	     -7.28712314	      0.43354930	     24.91338786	     96.74289184	     -0.43791168	     -8.38860090	     10.10466729	     26.71053412	     96.62902338
      8.28333330	     -8.73161449	     -0.36830862	     -2.37505336	     -0.53339621	      0.86523377	     -0.16411420	     31.34658654	     -2.88872638	     -4.55825579	     43.11995316	     21.91491180	     -4.13976743	      0.00000000	     31.12377717	     -7.11131890	    -11.49534489	     45.98571378	     22.81966265	     -3.22343975	      0.00000000	    -14.44619617	      2.28603678	      0.57078069	      3.28258720	     -7.45387714	      0.20335099	     25.31652485	     96.63382489	     -0.26791487	     -8.42817266	      9.73447626	     27.06100249	     96.50002873
      8.30000000	     -9.24157307	     -0.16875174	     -2.63286426	     -0.53704150	      0.85714430	     -0.16375670	     34.55889820	     -3.56094075	     -4.75087767	     48.01274433	     24.49819694	     -2.94300738	      0.00000000	     34.02357358	     -7.67809612	    -11.67719768	     50.48844874	     25.48783052	     -2.20236572	      0.00000000	    -15.15945341	      2.09590839	      0.73780996	      3.95366856	     -7.55811841	     -0.02258390	     25.67327594	     96.55533615	     -0.03582746	     -8.50071749	      9.33516006	     27.45106460	     96.40192097
      8.31666670	     -9.53218784	     -0.03511016	     -2.60942287	     -0.54068736	      0.84780828	     -0.16292863	     37.06362823	     -4.16194552	     -5.02462055	     51.89391198	     26.65267237	     -2.03392790	      0.00000000	     36.47590349	     -8.19483285	    -11.70889896	     54.39020705	     27.58996807	     -1.32984813	      0.00000000	    -16.18223769	      1.94813220	      0.76653513	      4.63818448	     -7.57440504	     -0.26732863	     25.92087273	     96.48961352	      0.35358662	     -8.69376246	      8.99701550	     27.84876196	     96.35301610
      8.33333330	     -9.91092545	     -0.01788769	     -2.56977644	     -0.54485546	      0.83112411	     -0.16319271	     39.84523770	     -4.71448274	     -5.32070464	     56.25045570	     28.56250598	     -1.27645096	      0.00000000	     38.98748251	     -8.78683314	    -11.36829052	     58.39874971	     29.94369863	     -0.32725636	      0.00000000	    -17.24234191	      1.92051113	      0.75924664	      5.31043536	     -7.66052893	     -0.51438163	     26.20115643	     96.43819935	      0.77279917	     -8.86597417	      8.72176651	     28.26783514	     96.34218516
      8.35000000	    -10.14489141	      0.03340336	     -2.36373782	     -0.54617870	      0.82236676	     -0.16340719	     42.28365284	     -5.30478444	     -5.52119904	     60.45162195	     30.24362834	     -0.86803076	      0.00000000	     41.25268282	     -9.22195409	    -11.05562960	     62.07122696	     31.82040588	      0.61287767	      0.00000000	    -18.55028787	      1.84108265	      0.71316794	      5.93426959	     -7.68542095	     -0.83015147	     26.46772409	     96.38861447	      1.24056497	     -9.05827665	      8.45570800	     28.54264798	     96.34965112
      8.36666670	     -9.86872873	      0.05262199	     -2.16816439	     -0.54589447	      0.82253219	     -0.16347830	     43.42376143	     -5.70362510	     -5.63371606	     63.44824471	     31.01666166	     -1.15287637	      0.00000000	     42.20280974	     -9.47356113	    -10.78485783	     64.58373530	     32.49653339	      0.77291802	      0.00000000	    -20.56584901	      1.73651184	      0.76528180	      6.68751365	     -7.68484063	     -1.00202788	     26.51180479	     96.36635378	      2.00745370	     -9.20519828	      8.32173300	     28.57851802	     96.35206100
      8.38333330	     -9.03519512	      0.20234410	     -2.06110434	     -0.54834356	      0.82140746	     -0.16401168	     43.59827518	     -6.12723288	     -5.71898303	     65.54392418	     31.76345191	     -0.86472558	      0.00000000	     41.97173034	     -9.67455698	    -10.99431853	     66.09900839	     32.95713900	      1.64468376	      0.00000000	    -23.45407645	      1.40685785	      0.77643957	      7.74183404	     -7.56914355	     -1.54728232	     26.53931966	     96.29992020	      3.07073462	     -9.37783473	      8.15511370	     28.63626040	     96.39791019
      8.40000000	     -8.07836609	      0.26432703	     -2.01849727	     -0.55601137	      0.81348295	     -0.16394076	     43.80440539	     -6.39012215	     -5.68359097	     67.56263803	     32.75327648	     -0.80395173	      0.00000000	     41.91975176	     -9.80656957	    -10.90945310	     67.67730136	     33.69181485	      1.89643803	      0.00000000	    -26.73452992	      1.16769292	      1.06513061	      8.96009488	     -7.57529582	     -2.04315323	     26.64563485	     96.25524013	      4.35897302	     -9.51481262	      8.07671121	     28.91276596	     96.46100005
      8.41666670	     -7.29053133	      0.43480031	     -2.04018645	     -0.56395086	      0.80475314	     -0.16402787	     44.64780175	     -6.72042925	     -5.44681577	     69.86874446	     33.87869296	     -0.65349560	      0.00000000	     42.40922534	     -9.86444991	    -10.82741941	     69.53986888	     34.52774800	      2.18696021	      0.00000000	    -30.12067052	      0.74658529	      1.32981408	     10.35041570	     -7.59900621	     -2.51011436	     27.06436356	     96.23139776	      5.85299698	     -9.76900453	      8.07155360	     29.34563465	     96.54721186
      8.43333330	     -6.77978646	      0.55896505	     -1.85965876	     -0.56753512	      0.79192645	     -0.16473323	     46.18794892	     -7.21317762	     -5.28307042	     72.95258358	     34.71974091	     -1.07701256	      0.00000000	     43.73578352	     -9.82276259	    -10.39032992	     72.09679203	     35.81143337	      2.07706351	      0.00000000	    -33.06671813	      0.52279454	      1.43670153	     11.71920221	     -7.71823165	     -2.72197004	     27.40211216	     96.21972361	      7.33148890	    -10.01536080	      8.03245357	     29.66142677	     96.57456956
      8.45000000	     -5.99982320	      0.81222480	     -1.70418156	     -0.56782228	      0.78320237	     -0.16482625	     47.29243041	     -7.78139269	     -4.94578186	     75.99808915	     35.82730274	     -0.89595101	      0.00000000	     44.48127357	     -9.85028320	    -10.33267177	     74.62395990	     37.07684392	      2.69285157	      0.00000000	    -36.21303088	      0.21796428	      1.57494632	     12.92698135	     -7.78834929	     -3.24738741	     27.80782173	     96.19511033	      8.70535056	    -10.34136436	      8.15458023	     30.10651607	     96.66457836
      8.46666670	     -5.24304269	      0.95170382	     -1.39929604	     -0.57078188	      0.77493935	     -0.16551188	     48.10284739	     -8.31755572	     -4.79062127	     78.73702970	     36.86916597	     -0.86204189	      0.00000000	     45.27065786	     -9.83012956	    -10.09274667	     77.09597598	     38.01665056	      2.84780150	      0.00000000	    -39.33450148	      0.08513837	      1.61646477	     14.00735423	     -7.86593817	     -3.89852159	     28.38567294	     96.17675315	     10.12295998	    -10.65598169	      8.30786724	     30.55396698	     96.76579830
      8.48333330	     -4.73871841	      1.05818157	     -1.20461955	     -0.57348264	      0.76558519	     -0.16504569	     49.06936882	     -8.69655162	     -4.56733876	     81.12837992	     37.86931606	     -1.06844172	      0.00000000	     46.32557172	     -9.81714600	     -9.72063937	     79.47478056	     39.04433074	      2.86588639	      0.00000000	    -41.92190324	     -0.04816800	      1.72373886	     15.07461996	     -7.94163811	     -4.14484840	     28.63278412	     96.17773520	     11.48158574	    -10.92765122	      8.27890148	     30.78692857	     96.78982485
      8.50000000	     -4.16938972	      1.15706742	     -0.92048166	     -0.57371731	      0.75602294	     -0.16411464	     49.68224028	     -8.99036336	     -4.34976801	     83.27574938	     39.29687337	     -0.98152123	      0.00000000	     47.11463441	     -9.87055923	     -9.36318556	     81.76386720	     40.14980250	      3.31424249	      0.00000000	    -44.42151739	     -0.09143227	      1.84299378	     15.92103210	     -7.98458612	     -4.46851307	     28.85291771	     96.17531515	     12.76438013	    -11.23689027	      8.29594018	     30.99032762	     96.82850055
      8.51666670	     -3.46688470	      1.10592557	     -0.84562966	     -0.57439365	      0.75144985	     -0.16339103	     49.71201625	     -9.03211934	     -4.36056612	     84.79546687	     40.18375455	     -0.67072494	      0.00000000	     47.44575724	    -10.17354761	     -9.12721416	     83.73069214	     40.71195032	      3.79354704	      0.00000000	    -47.13550963	     -0.07658523	      2.16695296	     16.65765483	     -8.04989405	     -5.17510752	     29.11113237	     96.18101645	     14.08857236	    -11.48849235	      8.49573628	     31.05189193	     96.93442970
      8.53333330	     -2.94763618	      1.13201649	     -0.66171463	     -0.57587361	      0.74383046	     -0.16309070	     49.92337663	     -9.02467069	     -4.15453518	     86.22947123	     41.48959388	     -0.71087063	      0.00000000	     47.88550800	    -10.25355602	     -8.75737321	     85.37750419	     41.48391394	      4.07583826	      0.00000000	    -49.26152028	     -0.08065923	      2.32777000	     17.21619928	     -8.07863794	     -5.72380093	     29.20680799	     96.21850098	     15.23194387	    -11.75411831	      8.65537714	     30.99057823	     97.02228416
      8.55000000	     -2.72277556	      1.13468209	     -0.48328313	     -0.57804093	      0.73788024	     -0.16399468	     50.30030844	     -8.99938133	     -3.96964699	     87.33574403	     42.72855156	     -0.89861663	      0.00000000	     48.83210254	    -10.30802794	     -8.44214666	     87.03144762	     41.56074307	      3.96092619	      0.00000000	    -50.93654318	     -0.05735951	      2.38159771	     17.72665622	     -8.07923162	     -5.92831011	     29.24530181	     96.24064377	     16.16086853	    -11.98770126	      8.64604089	     30.98420900	     97.04496305
      8.56666670	     -2.16854475	      0.99435300	     -0.20255852	     -0.57478665	      0.73587508	     -0.16310355	     50.06539536	     -9.10066669	     -4.12493623	     88.19663607	     43.38505734	     -0.65909343	      0.00000000	     48.83888653	    -10.29623767	     -7.95462229	     88.02794225	     42.21753866	      4.47081844	      0.00000000	    -52.73139879	      0.15936394	      2.36117629	     18.10670162	     -8.04178513	     -6.47765577	     29.40189389	     96.28984544	     17.09725414	    -12.12684469	      8.76053508	     30.46783464	     97.10807039
      8.58333330	     -2.02797969	      0.99788478	     -0.10052072	     -0.57617831	      0.73118271	     -0.16366139	     50.38391611	     -9.20209977	     -4.04082064	     89.06151357	     43.57331988	     -0.85626654	      0.00000000	     49.14829819	    -10.24668277	     -7.71770864	     88.74695805	     42.43345133	      4.43822345	      0.00000000	    -53.82229894	      0.14575327	      2.31477968	     18.45597131	     -8.07471906	     -6.56283995	     29.48816470	     96.29822013	     17.67427908	    -12.29892651	      8.70607903	     30.43731065	     97.10425283
      8.60000000	     -1.54117139	      0.95825263	      0.03297294	     -0.57933630	      0.72800462	     -0.16340051	     50.30710397	     -9.28935014	     -4.08289517	     89.69728165	     43.80558162	     -1.19001915	      0.00000000	     49.00933222	    -10.12542009	     -7.41459716	     89.43727178	     43.15288974	      4.66758853	      0.00000000	    -55.04505794	      0.24048703	      2.19783235	     18.72326548	     -8.04038753	     -6.87064844	     29.84877824	     96.33582130	     18.22487287	    -12.38000015	      8.65136392	     30.05224287	     97.09980357
      8.61666670	     -1.31135973	      0.96669414	      0.09876358	     -0.58183305	      0.73016050	     -0.16422197	     50.27691610	     -9.27837310	     -4.08239774	     89.82740131	     43.65189910	     -1.52938668	      0.00000000	     48.86438706	    -10.03800398	     -7.34021780	     89.54513514	     43.02721099	      4.85382041	      0.00000000	    -56.04390528	      0.22818889	      2.15352910	     18.98509264	     -8.04498105	     -7.19296860	     30.30449035	     96.39643062	     18.85521475	    -12.41458837	      8.55403059	     29.80684661	     97.07853500
      8.63333330	     -1.24498922	      0.95812958	      0.15028579	     -0.58306394	      0.72977549	     -0.16360187	     50.34624077	     -9.18984665	     -4.01606548	     89.79265159	     43.61760318	     -1.56785340	      0.00000000	     49.02227001	    -10.00042513	     -7.27185891	     89.70655703	     42.99400368	      4.80969047	      0.00000000	    -56.47572600	      0.19632559	      2.11813452	     19.18620140	     -8.06080365	     -7.26512460	     30.45333937	     96.41161933	     19.14927372	    -12.45448963	      8.50586421	     29.80655974	     97.06846127
      8.65000000	     -0.90161744	      0.94941828	      0.27427879	     -0.58275089	      0.73247549	     -0.16341769	     49.76741219	     -9.18002342	     -4.10059753	     89.39453679	     43.14103425	     -2.09814025	      0.00000000	     48.65021444	     -9.90557031	     -7.22633275	     89.43646361	     42.44996539	      4.56151116	      0.00000000	    -57.06129759	      0.29359181	      2.05214012	     19.12855377	     -8.03221340	     -7.62734282	     31.22931067	     96.49839833	     19.44612602	    -12.36996461	      8.29448941	     29.74753472	     97.01843441
      8.66666670	     -0.61386658	      0.82138059	      0.25748150	     -0.58280325	      0.73489624	     -0.16359132	     49.19340771	     -8.95731946	     -4.16933340	     88.88696930	     43.04765040	     -2.21698873	      0.00000000	     48.34564916	    -10.03250103	     -7.19327327	     89.10869052	     42.13408274	      4.57032985	      0.00000000	    -57.32087355	      0.37708775	      2.19108836	     18.97460947	     -8.06660133	     -8.01343670	     31.93082961	     96.61760132	     19.54858737	    -12.26230501	      8.04054464	     29.88023149	     96.96434990
      8.68333330	     -0.35238895	      0.82957008	      0.22260087	     -0.58329511	      0.74173131	     -0.16374833	     48.45269115	     -8.87051103	     -4.21648425	     88.08865177	     42.57606950	     -2.29593393	      0.00000000	     47.55360494	    -10.00893730	     -7.36215198	     88.15596687	     41.76658375	      4.74042867	      0.00000000	    -57.31915564	      0.35511690	      2.17768939	     18.87640701	     -8.04185915	     -8.24136694	     32.37223280	     96.72415719	     19.48440383	    -12.12463646	      7.85547011	     29.96661136	     96.93176239
      8.70000000	     -0.06554486	      0.80741773	      0.16612036	     -0.58479445	      0.74807525	     -0.16342559	     47.49590472	     -8.69259397	     -4.30663880	     86.84423096	     42.10844739	     -2.47557875	      0.00000000	     46.55264383	    -10.04810895	     -7.58647380	     86.91647088	     41.23647544	      4.60332000	      0.00000000	    -57.18173468	      0.32344181	      2.29877693	     18.71188022	     -8.01343717	     -8.44264144	     32.86931484	     96.87771892	     19.36727875	    -11.95393335	      7.62909108	     30.32142593	     96.90694624
      8.71666670	      0.49181824	      0.74421016	      0.12473347	     -0.58260580	      0.76036643	     -0.16260161	     45.67670379	     -8.45463680	     -4.58404652	     84.78887321	     41.42620606	     -2.40683348	      0.00000000	     44.68133012	    -10.03229471	     -7.82907426	     85.01462861	     40.47277306	      4.69056678	      0.00000000	    -57.17562077	      0.37125060	      2.27375642	     18.48127080	     -7.88505067	     -8.60578581	     33.28496310	     97.03890240	     19.15491076	    -11.81617284	      7.43561718	     30.58943513	     96.90731136
      8.73333330	      0.63341796	      0.83021868	      0.17651710	     -0.58864282	      0.76874151	     -0.16334432	     44.58429374	     -8.40065031	     -4.77755484	     82.79332755	     40.46339490	     -2.67356637	      0.00000000	     43.65426053	     -9.78940948	     -8.19549210	     83.07167535	     39.40371883	      4.35636582	      0.00000000	    -56.87273726	      0.32694893	      2.22496640	     18.23086109	     -7.82809234	     -8.68598647	     33.72587324	     97.21561072	     19.04596950	    -11.76257628	      7.30615069	     31.03446938	     96.94428151
      8.75000000	      0.82581098	      0.80617833	      0.25829458	     -0.58987199	      0.77852489	     -0.16384171	     43.16556238	     -8.31942801	     -5.09431416	     80.48703104	     39.33237799	     -2.80764267	      0.00000000	     42.34729203	     -9.60632294	     -8.48826936	     80.81862145	     38.12986346	      4.15451239	      0.00000000	    -56.46514952	      0.39512787	      2.17672986	     18.00988909	     -7.73595280	     -8.71170805	     34.03207844	     97.38958813	     18.89240799	    -11.63825126	      7.25598100	     31.43121320	     97.01350099
      8.76666670	      0.66611066	      0.81130572	      0.42124247	     -0.59260401	      0.78756091	     -0.16444280	     42.04326791	     -8.27512132	     -5.46636563	     77.97718038	     38.15214683	     -3.04190658	      0.00000000	     41.56407142	     -9.37227866	     -8.82331662	     78.56952694	     36.47830276	      3.54905506	      0.00000000	    -55.79358311	      0.51567838	      2.14761969	     17.70244175	     -7.71405908	     -8.73087295	     34.43608528	     97.57408447	     18.65200884	    -11.58258383	      7.23391814	     31.78517625	     97.11242930
      8.78333330	      0.52178900	      0.72827792	      0.45199504	     -0.59355203	      0.79643596	     -0.16493948	     40.93835879	     -8.10893766	     -5.72945174	     75.51435206	     37.04087960	     -3.01056912	      0.00000000	     40.69196834	     -9.26986200	     -9.16728772	     76.28368603	     34.78889516	      3.01577674	      0.00000000	    -54.92678488	      0.62775070	      2.20399732	     17.40240822	     -7.75128558	     -8.69187967	     34.75355695	     97.77206294	     18.30703053	    -11.45699756	      7.21825716	     32.07892711	     97.22936743
      8.80000000	     -0.11579324	      0.73872850	      0.33931949	     -0.59252723	      0.80475774	     -0.16550006	     40.41842289	     -8.08732836	     -5.97016098	     72.95814050	     35.60640416	     -2.52236291	      0.00000000	     40.15424906	     -9.04200330	     -9.50513483	     73.75029201	     33.90569045	      3.21203749	      0.00000000	    -53.49571352	      0.63957444	      2.17756943	     17.02718513	     -7.81894821	     -8.65498621	     34.86636506	     97.86618496	     17.81180552	    -11.29222237	      7.23060719	     32.17765888	     97.28931751
      8.81666670	     -0.54626264	      0.71331420	      0.28001018	     -0.58804541	      0.81105410	     -0.16543961	     39.46535463	     -7.93945332	     -6.14953107	     70.34106693	     34.44524883	     -2.27296415	      0.00000000	     39.34455819	     -8.87884930	     -9.80866159	     71.40772447	     32.82782893	      3.21060211	      0.00000000	    -51.85518998	      0.71404986	      2.17265058	     16.41052142	     -7.80019210	     -8.57239007	     34.81536459	     97.98435431	     17.06580179	    -11.10212671	      7.22378596	     32.17976471	     97.35991939
      8.83333330	     -1.03120666	      0.63607181	      0.26055357	     -0.58363888	      0.81606157	     -0.16464106	     38.56779360	     -7.76005718	     -6.43133414	     68.10335080	     33.56874871	     -2.15083060	      0.00000000	     38.37829272	     -8.80081244	    -10.01227951	     69.17009165	     32.10442789	      3.36585821	      0.00000000	    -49.78019185	      0.75990899	      2.17784008	     15.58498724	     -7.76927711	     -8.45007103	     34.62026213	     98.09582561	     16.09415049	    -10.90538538	      7.20769938	     32.07946294	     97.42072802
      8.85000000	     -1.60316595	      0.51782869	      0.17733808	     -0.58041612	      0.82668888	     -0.16446906	     37.32660731	     -7.42813116	     -6.74457171	     65.29239843	     32.48163837	     -2.02538845	      0.00000000	     37.51341761	     -8.80191468	    -10.33823489	     66.84084465	     30.92133175	      3.45106154	      0.00000000	    -47.48029687	      0.83808618	      2.20134343	     14.70251594	     -7.68904886	     -8.27883904	     34.33809484	     98.22025307	     14.96056005	    -10.72073391	      7.16402503	     31.80094181	     97.48069479
      8.86666670	     -2.24724020	      0.36073619	      0.13715317	     -0.57696382	      0.83391805	     -0.16310109	     36.28979763	     -7.07234471	     -7.15375925	     62.42651413	     31.49431685	     -1.81870456	      0.00000000	     36.67912881	     -8.71563452	    -10.41579093	     64.47944324	     30.12779063	      3.61455060	      0.00000000	    -44.91144273	      0.89305147	      2.20137294	     13.66495242	     -7.56592139	     -8.06294459	     33.94847256	     98.34400364	     13.71364693	    -10.60976170	      7.10755637	     31.41455653	     97.53340630
      8.88333330	     -2.86700048	      0.20556694	     -0.06872082	     -0.56914214	      0.83831132	     -0.16463786	     35.31235425	     -6.77836914	     -7.45998841	     59.96434671	     30.39391499	     -1.56125313	      0.00000000	     35.69843158	     -8.67810925	    -10.57231675	     62.13114473	     29.52182750	      3.82268471	      0.00000000	    -41.96197011	      1.00517272	      2.09797578	     12.42218300	     -7.41050359	     -7.81123121	     33.41797213	     98.47076929	     12.13654558	    -10.41631327	      7.05559472	     30.82367256	     97.57728519
      8.90000000	     -3.72604903	      0.04262068	     -0.14943475	     -0.56673000	      0.84957032	     -0.16380238	     34.13733536	     -6.30267239	     -7.83022567	     56.63602445	     29.30400671	     -1.41279827	      0.00000000	     35.00428523	     -8.58719622	    -10.81775389	     59.44760670	     28.45444276	      3.77815451	      0.00000000	    -38.86528841	      1.13290565	      2.02305462	     11.18276301	     -7.21492504	     -7.49215688	     32.74380779	     98.60288081	     10.60520024	    -10.28315820	      6.97526119	     30.17983084	     97.60894870
      8.91666670	     -4.75807568	     -0.12377701	     -0.36181730	     -0.56296013	      0.85294226	     -0.16479394	     33.76829223	     -5.95278910	     -8.09157276	     54.00650411	     27.85301596	     -1.91833485	      0.00000000	     34.53624005	     -8.40157755	    -10.78518957	     56.83038852	     27.96140698	      4.00514743	      0.00000000	    -35.06519756	      1.26440112	      1.74978993	     10.18083405	     -7.06695862	     -6.60624651	     31.13695499	     98.90827961	      8.95421759	     -9.99363873	      6.67508552	     28.82858261	     97.63146940
      8.93333330	     -5.45636317	     -0.18551506	     -0.64509592	     -0.56126178	      0.86934172	     -0.16552269	     32.27989047	     -5.50373737	     -8.38075328	     49.80310847	     26.05649693	     -1.33670207	      0.00000000	     33.41346425	     -8.05056763	    -11.16398425	     53.15744814	     25.79986366	      3.39660782	      0.00000000	    -32.13698763	      1.22582347	      1.67645395	      9.14981245	     -7.00544191	     -5.93434933	     30.45118896	     99.08640627	      7.56704062	     -9.78690572	      6.57209090	     28.33744708	     97.63998098
      8.95000000	     -6.15186691	     -0.16959443	     -0.77565106	     -0.55691259	      0.87542581	     -0.16630339	     30.93780123	     -5.25101816	     -8.72278217	     45.88855811	     24.36776286	     -0.68815414	      0.00000000	     32.24530294	     -7.67466200	    -11.72362226	     49.49901121	     24.28011420	      3.57238585	      0.00000000	    -29.05586174	      1.19564033	      1.52039864	      7.87660272	     -6.88202096	     -5.67193380	     30.05582374	     99.13664968	      6.04580000	     -9.67390484	      6.63211722	     27.95599341	     97.65213853
      8.96666670	     -6.75691519	     -0.05287084	     -0.79528059	     -0.55365831	      0.88500987	     -0.16494334	     29.67529138	     -4.89562723	     -8.65277784	     42.11809857	     22.37260407	     -1.20116581	      0.00000000	     30.75860755	     -7.04082856	    -11.92591950	     45.55073264	     22.25698842	      2.82695709	      0.00000000	    -26.15462936	      1.04800508	      1.10992575	      6.97575572	     -6.69183456	     -4.88966418	     29.08641461	     99.23909970	      4.72439290	     -9.63297530	      6.68130916	     27.24772800	     97.63961904
      8.98333330	     -7.36678498	     -0.10460422	     -0.81309429	     -0.54853334	      0.89520521	     -0.16604266	     28.02303601	     -4.43498672	     -8.91134848	     37.77977538	     20.17579027	     -1.19761871	      0.00000000	     29.08271775	     -6.48722426	    -12.05325587	     41.21429838	     20.65522410	      3.05910800	      0.00000000	    -23.29128278	      1.13808265	      0.87632864	      6.01324717	     -6.68211842	     -4.04936210	     28.27096641	     99.28009364	      3.49764721	     -9.50462349	      6.82318241	     26.75445182	     97.60812402
      9.00000000	     -7.91923699	     -0.05696128	     -0.83062241	     -0.54262994	      0.90544249	     -0.16619335	     26.23747131	     -4.04268314	     -9.06407006	     33.23517611	     17.69238257	     -1.34358331	      0.00000000	     27.01335493	     -5.75148170	    -12.09632536	     36.39586148	     18.75347932	      3.20543718	      0.00000000	    -20.59229217	      1.07871223	      0.71685055	      4.94341521	     -6.65011134	     -3.35113435	     27.65133986	     99.24862178	      2.28305594	     -9.39603849	      6.99616101	     26.36309411	     97.55892402
      9.01666670	     -8.30779778	     -0.12263636	     -0.64522763	     -0.54310970	      0.91822858	     -0.16709356	     24.36764682	     -3.48867328	     -8.88636749	     28.84227064	     15.18922715	     -1.56781268	      0.00000000	     25.03983822	     -4.97965827	    -11.62910258	     31.96775570	     16.90799349	      3.19885484	      0.00000000	    -18.31549973	      1.15613939	      0.45005517	      3.96610347	     -6.67197621	     -2.72385863	     27.28871494	     99.17154490	      1.27443055	     -9.32642092	      7.23324623	     26.10075360	     97.51036159
      9.03333330	     -8.51785743	     -0.05879880	     -0.41241152	     -0.54274962	      0.92922030	     -0.16782086	     22.17086456	     -3.03803873	     -8.56919881	     24.00861083	     12.54291964	     -1.96442544	      0.00000000	     22.87918750	     -4.04375927	    -11.23905575	     26.92984961	     14.38984752	      2.98813941	      0.00000000	    -16.58964985	      1.06262650	      0.18099523	      3.20219269	     -6.66016419	     -2.10555661	     26.98358589	     99.05624516	      0.53831417	     -9.33268903	      7.52062897	     26.05946811	     97.46208977
      9.05000000	     -8.71409757	     -0.00509681	     -0.23779939	     -0.54362407	      0.93964940	     -0.16768140	     19.89374327	     -2.54262845	     -8.14734413	     18.88671091	      9.81396635	     -1.97283837	      0.00000000	     20.94364604	     -3.20256873	    -10.67209565	     22.18533426	     11.83832351	      2.79510585	      0.00000000	    -15.15701889	      0.96342276	     -0.07179050	      2.60392461	     -6.66760339	     -1.48598500	     26.79364271	     98.91869642	     -0.05572775	     -9.35219745	      7.80201271	     26.27874435	     97.41439560
      9.06666670	     -8.69910301	      0.02943077	     -0.04537368	     -0.53606564	      0.94893073	     -0.16701889	     17.14070565	     -2.06225814	     -7.70723302	     13.80145761	      7.19984814	     -1.62478227	      0.00000000	     18.65799956	     -2.50132778	    -10.02184934	     17.55354200	      9.51823062	      3.20195174	      0.00000000	    -13.89781161	      0.88175774	     -0.39155575	      1.98624748	     -6.62822065	     -1.02198104	     26.58559968	     98.79154173	     -0.69265634	     -9.37486684	      8.00864208	     26.50467260	     97.37096722
      9.08333330	     -8.51302724	      0.13333663	      0.00924023	     -0.53091845	      0.95536084	     -0.16723430	     14.37528525	     -1.72602278	     -7.40161650	      9.17739948	      5.10753745	     -1.32258762	      0.00000000	     16.27833521	     -1.90175727	     -9.70967647	     13.47271926	      7.55406791	      3.32648618	      0.00000000	    -12.83276118	      0.68636606	     -0.61097554	      1.27163046	     -6.51331701	     -0.58183711	     26.36675800	     98.65728483	     -1.44897530	     -9.41827162	      8.19133203	     26.90733259	     97.32381973
      9.10000000	     -8.37388576	      0.19184860	     -0.06556532	     -0.52676057	      0.95888518	     -0.16808255	     12.13886891	     -1.42852272	     -6.88338486	      5.46983432	      3.68950509	     -0.68696685	      0.00000000	     14.08188237	     -1.39769767	     -9.20952782	      9.74135713	      6.10576422	      3.74673018	      0.00000000	    -11.90458536	      0.59974477	     -0.83116555	      0.70886128	     -6.47090013	     -0.21719059	     26.19362126	     98.52191242	     -2.17572331	     -9.38207388	      8.32946710	     27.31779822	     97.27584250
      9.11666670	     -8.30956801	      0.22510388	     -0.08852134	     -0.52612205	      0.95698459	     -0.16838053	     10.30223769	     -1.19834951	     -6.52601886	      2.30061354	      2.54485722	     -0.19464734	      0.00000000	     12.41570489	     -1.01385875	     -8.87862127	      6.76297508	      4.95834695	      3.95578703	      0.00000000	    -11.04712316	      0.53079171	     -1.05766788	      0.17690701	     -6.43670477	      0.12290132	     25.98414287	     98.38766860	     -2.78109068	     -9.37395771	      8.46262072	     27.72010291	     97.24039695
      9.13333330	     -8.56844023	      0.25107868	     -0.18223569	     -0.52594450	      0.95761692	     -0.16874625	      9.29287471	     -1.05601125	     -6.06022549	      0.02360845	      1.71027938	      0.36825997	      0.00000000	     11.53070761	     -0.74649918	     -8.52758962	      4.57917327	      4.31260338	      4.22750120	      0.00000000	     -9.94703917	      0.49332976	     -1.17514352	     -0.31513015	     -6.42219634	      0.27346074	     25.89992891	     98.33689756	     -3.22450366	     -9.29009151	      8.54638525	     27.91652691	     97.23589211
      9.15000000	     -8.71164314	      0.33973634	     -0.51293896	     -0.52246441	      0.95996670	     -0.16822339	      9.33696202	     -1.08435588	     -5.71846220	      0.00000000	      2.19650724	      0.65318333	      0.00000000	     10.65852713	     -0.47970340	     -8.21895289	      2.67961297	      4.02831630	      4.38014403	      0.00000000	     -9.19396226	      0.36102410	     -1.09105698	     -0.59398230	     -6.43989961	      0.43489474	     25.81844004	     98.28693366	     -3.48724259	     -9.20447619	      8.63799323	     28.19042968	     97.23519527
      9.16666670	     -8.93798765	      0.36943594	     -0.82909327	     -0.52122722	      0.95748268	     -0.16834788	      9.49785897	     -1.05027964	     -5.49732450	      0.00000000	      2.68147541	      1.02077827	      0.00000000	      9.98314622	     -0.31115278	     -7.95323024	      1.05941221	      3.97203727	      4.48128831	      0.00000000	     -8.47259830	      0.29894075	     -0.92196142	     -0.89208821	     -6.49298758	      0.62720779	     25.72617700	     98.23026304	     -3.72893328	     -9.11021072	      8.76077276	     28.46410193	     97.24208009
      9.18333330	     -9.03515454	      0.33894702	     -0.99817476	     -0.52212733	      0.95500533	     -0.16704912	      9.57644734	     -0.95754560	     -5.27938806	      0.00000000	      2.99386392	      1.15506958	      0.00000000	      9.43613703	     -0.25714521	     -7.64292667	      0.00000000	      4.13970797	      4.52321220	      0.00000000	     -7.95549988	      0.27881882	     -0.88266855	     -1.13014299	     -6.52369970	      0.71498104	     25.65674709	     98.20439231	     -3.91136807	     -9.00230214	      8.84519079	     28.53569189	     97.25106954
      9.20000000	     -8.99732824	      0.28981803	     -0.99203378	     -0.51995900	      0.95255624	     -0.16788910	      9.46929410	     -0.85934325	     -5.21493923	      0.00000000	      3.08437599	      1.15702847	      0.00000000	      9.13756883	     -0.28486987	     -7.65528208	      0.00000000	      4.21985312	      4.43802685	      0.00000000	     -7.60476010	      0.29771366	     -0.96511577	     -1.30719939	     -6.49894453	      0.75194797	     25.60427224	     98.19638149	     -3.87984191	     -8.91278111	      8.88129015	     28.59323118	     97.25496946
      9.21666670	     -8.95629769	      0.23410267	     -1.06865845	     -0.52018989	      0.95449544	     -0.16741446	      9.38249576	     -0.71639431	     -5.13064037	      0.00000000	      3.23965171	      1.12030234	      0.00000000	      8.85855145	     -0.33288564	     -7.64786027	      0.00000000	      4.34144855	      4.29557743	      0.00000000	     -7.27707395	      0.30392406	     -0.98664668	     -1.45291752	     -6.50885571	      0.78623062	     25.54211961	     98.18739258	     -3.91772699	     -8.81162653	      8.92856719	     28.60749498	     97.26078375
      9.23333330	     -8.89923177	      0.19162561	     -1.21350829	     -0.52033206	      0.95281060	     -0.16720694	      9.28828963	     -0.59235964	     -4.56352700	      0.00000000	      3.43875306	      0.56806041	      0.00000000	      8.59174718	     -0.37240254	     -7.17433084	      0.00000000	      4.25084326	      3.19346843	      0.00000000	     -7.14111239	      0.34189296	     -0.67422354	     -1.47759959	     -6.57823651	      1.18221608	     25.04033182	     98.06961261	     -3.66422066	     -8.68955074	      9.32186544	     28.15940499	     97.31194670
      9.25000000	     -8.85171563	      0.13174489	     -1.19611404	     -0.51993548	      0.95243028	     -0.16799353	      9.21263547	     -0.48446145	     -4.51054614	      0.00000000	      3.44046578	      0.52548215	      0.00000000	      8.40226785	     -0.40097211	     -7.15161777	      0.00000000	      4.27718256	      3.15497788	      0.00000000	     -7.00878458	      0.36767062	     -0.67236377	     -1.42112353	     -6.60456371	      1.18921262	     25.04503587	     98.06202216	     -3.65075318	     -8.59990996	      9.35351687	     28.14162903	     97.31514443
      9.26666670	     -8.24479297	     -0.04200319	     -1.32934217	     -0.52044974	      0.94805644	     -0.16826855	      8.54423304	     -0.28232722	     -3.82951150	      0.00000000	      3.33714031	     -0.40722559	      0.00000000	      7.71144012	     -0.54811409	     -6.89122785	      0.00000000	      4.21530991	      2.35994087	      0.00000000	     -7.85172007	      0.72230277	     -0.55983195	     -0.94055488	     -6.72794731	      1.33405186	     24.72804473	     97.99437661	     -3.16674770	     -8.41660928	      9.55557825	     27.49888520	     97.32951421
      9.28333330	     -7.62838541	     -0.09088404	     -1.43026791	     -0.51900249	      0.94788489	     -0.16792148	      7.83727622	     -0.21229535	     -3.14262290	      0.00000000	      2.81994855	     -1.32350562	      0.00000000	      7.08065205	     -0.57805054	     -6.56004892	      0.01134320	      4.11928015	      1.62538379	      0.00000000	     -8.57700556	      0.70561027	     -0.46679345	     -0.66413439	     -6.77799539	      1.46676616	     24.38516220	     97.92967581	     -2.81108038	     -8.23127525	      9.74677437	     26.93089892	     97.32997457
      9.30000000	     -7.08490971	     -0.22201475	     -1.32440919	     -0.51756968	      0.94241052	     -0.16735322	      7.23865237	     -0.09033524	     -2.61258565	      0.00000000	      2.28052261	     -2.64997749	      0.00000000	      7.06199490	     -0.77733530	     -6.20942419	      1.15764230	      4.65539052	      0.95500433	      0.00000000	     -9.24805169	      0.96304577	     -0.53843579	     -0.35393436	     -6.83297578	      1.57967900	     24.20260957	     97.85530712	     -2.44854266	     -8.17661931	      9.93531611	     26.54462339	     97.31575265
      9.31666670	     -6.64085594	     -0.36828094	     -1.34793257	     -0.51876379	      0.94342206	     -0.16794902	      7.24229722	      0.05775698	     -1.66365664	      0.88805205	      1.70863362	     -4.74974709	      0.00000000	      7.36886256	     -1.07982246	     -6.04844638	      2.81824041	      4.86739018	     -0.19735495	      0.00000000	    -10.05153558	      1.17071784	     -0.51755456	      0.14392437	     -6.88557893	      1.71106920	     24.03382806	     97.73049531	     -1.97047933	     -8.10275994	     10.17931541	     25.99812955	     97.24904478
      9.33333330	     -6.58582609	     -0.41110085	     -1.60577148	     -0.51835091	      0.94158507	     -0.16780089	      8.98417669	      0.02665505	     -1.32093549	      4.45240487	      2.76470675	     -5.89864274	      0.00000000	      8.53789407	     -1.36044681	     -6.17538844	      5.24329756	      5.66553524	     -1.31308847	      0.00000000	    -10.57261885	      1.32260928	     -0.27334847	      0.57709300	     -6.98274586	      1.73644070	     24.02291428	     97.63016454	     -1.65316113	     -8.04542654	     10.28509205	     25.77764263	     97.15467711
      9.35000000	     -6.59419616	     -0.43845051	     -1.87914387	     -0.51958408	      0.93553241	     -0.16760423	     11.27731656	     -0.05329270	     -1.09642290	      8.89420785	      3.98322543	     -7.21144222	      0.00000000	     10.26143666	     -1.72605354	     -6.45823581	      8.64957747	      6.70054084	     -2.61373983	      0.00000000	    -11.20193980	      1.47371031	     -0.06685654	      1.05018595	     -7.09795066	      1.69832097	     24.10786206	     97.52960516	     -1.30186924	     -8.03145904	     10.28213418	     25.70033713	     97.03418914
      9.36666670	     -6.64877886	     -0.36585751	     -2.08274692	     -0.51812757	      0.93126429	     -0.16749514	     13.61248092	     -0.28946801	     -1.02852932	     13.31475385	      5.51113868	     -8.10793234	      0.00000000	     12.29090247	     -2.02404583	     -6.75456882	     12.49171939	      8.07245491	     -3.68404881	      0.00000000	    -11.77287933	      1.48473786	      0.17146876	      1.52593505	     -7.20936739	      1.61144940	     24.24261302	     97.43138451	     -0.92782417	     -8.05796241	     10.21014776	     25.71790015	     96.90096302
      9.38333330	     -7.00102658	     -0.27551384	     -2.21650690	     -0.52037401	      0.91796746	     -0.16613830	     16.59676405	     -0.58401887	     -1.15697016	     18.28391776	      7.54115576	     -8.60726689	      0.00000000	     14.97656864	     -2.44448182	     -7.34947907	     17.07104280	     10.03170668	     -4.42680528	      0.00000000	    -12.10337865	      1.46779377	      0.37039113	      1.90918971	     -7.30099392	      1.48058714	     24.46542757	     97.33539749	     -0.74311008	     -8.21295305	     10.07058139	     25.90460518	     96.76030057
      9.40000000	     -7.57491298	     -0.16017589	     -2.26658643	     -0.52598834	      0.91045670	     -0.16821195	     20.20712344	     -1.03463191	     -1.52927953	     23.80403943	      9.85606652	     -8.84684906	      0.00000000	     18.42853118	     -2.93910133	     -8.08724180	     22.59975790	     12.25582846	     -5.06074472	      0.00000000	    -12.35981486	      1.44403023	      0.62567383	      2.32876741	     -7.45228589	      1.28857277	     24.72469639	     97.24679505	     -0.41163541	     -8.30432825	      9.89747151	     26.07675210	     96.62846441
      9.41666670	     -8.31937824	     -0.02506007	     -2.25409952	     -0.52465136	      0.89572107	     -0.16832153	     24.05101030	     -1.65661031	     -2.09754355	     29.72060214	     12.52397894	     -8.44183748	      0.00000000	     22.22779105	     -3.56413160	     -8.96261155	     28.74616183	     14.76837336	     -5.42598379	      0.00000000	    -12.39140779	      1.39120054	      0.79916279	      2.65340418	     -7.57413216	      1.02210380	     24.97172776	     97.15801625	     -0.24706251	     -8.42720727	      9.67714329	     26.33455384	     96.50178053
      9.43333330	     -9.30822570	      0.11196518	     -2.29310427	     -0.52996174	      0.87952605	     -0.16863192	     28.48471332	     -2.35948877	     -2.65462690	     36.07823844	     15.85879512	     -7.69959796	      0.00000000	     26.64640207	     -4.36216927	     -9.81020250	     35.47161074	     17.92181599	     -5.43834361	      0.00000000	    -12.19334444	      1.33545216	      0.99301365	      2.97782048	     -7.73432575	      0.76991927	     25.34325342	     97.09510673	     -0.11588503	     -8.56140148	      9.39651409	     26.67225998	     96.38868101
      9.45000000	    -10.22279028	      0.14011872	     -2.29542039	     -0.53032941	      0.86627939	     -0.16825548	     32.53994612	     -2.99580839	     -3.19274584	     42.07175461	     19.47266622	     -6.40644071	      0.00000000	     30.77750398	     -5.29528248	    -10.35571805	     42.04193151	     21.20605534	     -4.90244697	      0.00000000	    -11.98102027	      1.40398731	      1.07716044	      3.27865574	     -7.86846688	      0.48735887	     25.63238839	     97.04276335	     -0.14619740	     -8.69020860	      9.04754689	     27.03662555	     96.28893362
      9.46666670	    -11.01769442	      0.09589118	     -2.32636356	     -0.53706342	      0.85318847	     -0.16790394	     36.37886682	     -3.56438400	     -3.76667067	     47.66997338	     22.64093387	     -5.05831066	      0.00000000	     34.96627100	     -6.34315343	    -10.63803512	     48.51193311	     23.77344722	     -4.51056734	      0.00000000	    -12.07793101	      1.50986344	      1.16283643	      3.69029936	     -7.96867208	      0.19607659	     25.95632621	     97.00169088	     -0.10453861	     -8.86846217	      8.63874876	     27.56742495	     96.21384276
      9.48333330	    -11.70947294	      0.06528756	     -2.38473046	     -0.53633103	      0.83507975	     -0.16788038	     39.84623655	     -4.15651628	     -4.16171839	     53.01212313	     25.76996580	     -3.68514995	      0.00000000	     38.71257632	     -7.27732205	    -10.64479353	     54.62247828	     26.99970394	     -3.59059226	      0.00000000	    -12.19832789	      1.57572997	      1.21328672	      4.14076646	     -8.07692905	     -0.05372326	     26.22269555	     96.97954367	     -0.12015966	     -9.02858839	      8.17979876	     28.04102080	     96.16209565
      9.50000000	    -12.11540972	      0.01797149	     -2.32174935	     -0.53948234	      0.83069785	     -0.16834169	     42.35917342	     -4.67908796	     -4.58288960	     57.08245921	     27.83342555	     -2.92850044	      0.00000000	     41.57481685	     -7.91908083	    -10.40995827	     59.31951549	     29.46543849	     -2.60703248	      0.00000000	    -12.87429607	      1.61332347	      1.25881829	      4.60315718	     -8.12621289	     -0.35226573	     26.41296641	     96.95484521	      0.02578129	     -9.13306001	      7.70792468	     28.38926183	     96.14032331
      9.51666670	    -12.28339352	      0.00450724	     -2.19547879	     -0.54394006	      0.81727826	     -0.16898772	     44.99492844	     -5.34878754	     -4.89200162	     61.51517052	     29.53963260	     -2.36568392	      0.00000000	     44.04059185	     -8.38761710	    -10.07323464	     63.32648989	     31.80198458	     -1.47242647	      0.00000000	    -14.03685941	      1.58135341	      1.29099593	      5.18908345	     -8.18961945	     -0.65864788	     26.63044312	     96.93782035	      0.38715860	     -9.26851963	      7.26482066	     28.71967115	     96.15580651
      9.53333330	    -12.26549667	      0.13691249	     -1.86926457	     -0.54232920	      0.80792241	     -0.16886558	     46.97171384	     -6.10620701	     -5.07612738	     65.43521811	     31.01192014	     -1.95670110	      0.00000000	     45.65343025	     -8.60307982	     -9.93499037	     66.45304186	     33.50249641	     -0.28108548	      0.00000000	    -15.42383411	      1.41093173	      1.13697517	      5.77865244	     -8.13473759	     -1.01361156	     26.73108400	     96.91011593	      0.84135373	     -9.40473227	      6.93040496	     28.85623727	     96.19562442
      9.55000000	    -11.72945945	      0.12828417	     -1.55736378	     -0.54245745	      0.80558876	     -0.16919411	     47.67006371	     -6.60353423	     -5.32102112	     68.08547127	     32.34391298	     -1.72626246	      0.00000000	     46.27477963	     -8.85347827	     -9.75262363	     68.65366268	     34.66846301	      0.80627114	      0.00000000	    -17.45587528	      1.31140336	      1.12305496	      6.60916818	     -8.10390498	     -1.43544942	     26.69162283	     96.88330428	      1.57485491	     -9.40852376	      6.68692900	     28.79693918	     96.25094151
      9.56666670	    -10.73276557	      0.23509125	     -1.41658440	     -0.54541214	      0.79915443	     -0.16962014	     47.83254191	     -7.11804591	     -5.41551630	     70.39037829	     33.50586720	     -1.18798714	      0.00000000	     46.22992657	     -9.06562349	     -9.81862038	     70.57976408	     35.45965090	      1.57302270	      0.00000000	    -20.17815261	      1.04824088	      1.21376650	      7.66413375	     -8.02529781	     -1.91376486	     26.52502881	     96.85889844	      2.57735429	     -9.42451858	      6.52428640	     28.72679512	     96.32210269
      9.58333330	     -9.63291305	      0.32923020	     -1.19070072	     -0.55350493	      0.79606921	     -0.16900045	     47.91217859	     -7.48613746	     -5.39029503	     72.32092167	     34.21255902	     -1.01713375	      0.00000000	     46.05734611	     -9.14225554	     -9.79591685	     72.09254222	     35.96466848	      2.05471905	      0.00000000	    -23.60180992	      0.78647056	      1.32459106	      8.96911157	     -7.98111628	     -2.46757682	     26.76480729	     96.82765101	      3.97101915	     -9.53958385	      6.45654900	     28.96514794	     96.41853868
      9.60000000	     -8.62480357	      0.44090502	     -1.00388324	     -0.55553044	      0.78376090	     -0.16898670	     48.50020955	     -7.97862605	     -5.30508121	     74.86697873	     35.32106679	     -0.66251439	      0.00000000	     46.30754659	     -9.30128703	     -9.64892921	     74.18442304	     37.11908768	      2.65236137	      0.00000000	    -26.94749537	      0.52672926	      1.39887256	     10.25904476	     -7.97607399	     -3.06526510	     27.05114018	     96.80558834	      5.31143123	     -9.70384135	      6.47771103	     29.29597004	     96.52697682
      9.61666670	     -7.59804976	      0.62802646	     -0.84475936	     -0.56350640	      0.77729673	     -0.16858823	     49.20396187	     -8.33415661	     -5.05271573	     77.51294126	     36.52946091	     -0.59188850	      0.00000000	     46.87914088	     -9.33137205	     -9.50847341	     76.44117071	     37.84219509	      2.61828392	      0.00000000	    -30.70476390	      0.20240816	      1.52635292	     11.73797668	     -8.02362702	     -3.71385869	     27.60584786	     96.79256201	      6.87773946	     -9.91338381	      6.54620349	     29.87564858	     96.64329058
      9.63333330	     -6.42437662	      0.78480591	     -0.71772191	     -0.56626054	      0.77208254	     -0.16887220	     49.44202041	     -8.72845710	     -4.84575058	     79.78034926	     37.50124017	     -0.45180609	      0.00000000	     47.19699762	     -9.35352717	     -9.34515708	     78.61172732	     38.36471630	      2.54660957	      0.00000000	    -34.56462838	     -0.00775229	      1.71138719	     13.22119364	     -8.08795834	     -4.40089286	     27.98773123	     96.79080424	      8.44939073	    -10.05776017	      6.64152741	     30.34853058	     96.75470502
      9.65000000	     -5.60292471	      0.99790237	     -0.73151286	     -0.56807691	      0.75998387	     -0.16794663	     50.17988095	     -9.18959648	     -4.61151328	     82.18469159	     38.46107460	     -0.36905883	      0.00000000	     47.98342096	     -9.46102460	     -9.21716290	     81.02584701	     39.27411709	      2.68623404	      0.00000000	    -37.99981334	     -0.28502206	      1.93607533	     14.52551774	     -8.16635246	     -5.06442515	     28.28511276	     96.80406866	      9.99577522	    -10.24221768	      6.78156446	     30.83108427	     96.86961090
      9.66666670	     -4.75128195	      1.11028088	     -0.67706114	     -0.56996020	      0.75232381	     -0.16656263	     50.70289657	     -9.52428160	     -4.47960893	     84.39197678	     39.07177518	     -0.39246572	      0.00000000	     48.54118559	     -9.63664953	     -9.01613678	     83.29723424	     39.96494400	      2.86312596	      0.00000000	    -41.28367549	     -0.41576365	      2.06641193	     15.75376900	     -8.16661284	     -5.87382666	     28.66110023	     96.82295205	     11.61901771	    -10.51168718	      7.06727359	     31.16073311	     97.03098775
      9.68333330	     -4.03673944	      1.05244920	     -0.48017245	     -0.56785724	      0.74346079	     -0.16608805	     50.81019565	     -9.66025114	     -4.43393665	     86.15075828	     40.61761466	      0.03000954	      0.00000000	     48.97014585	     -9.84727562	     -8.52548220	     85.33313321	     41.21973570	      3.56234765	      0.00000000	    -44.02826773	     -0.23442804	      2.24519197	     16.71675566	     -8.21179174	     -6.53069833	     28.89497238	     96.83699935	     12.97426956	    -10.74407505	      7.23482303	     31.20901830	     97.13719475
      9.70000000	     -3.47227744	      0.95324571	     -0.41214397	     -0.57069799	      0.73526111	     -0.16618054	     51.00639748	     -9.73868322	     -4.47274160	     87.74691289	     41.79591487	      0.18250658	      0.00000000	     49.36170154	    -10.04952428	     -7.96056217	     87.15702136	     42.44259253	      4.25241350	      0.00000000	    -46.46373395	     -0.12230651	      2.50305807	     17.54156779	     -8.28263511	     -7.21911546	     29.14944360	     96.85700445	     14.25981673	    -10.95707808	      7.37276263	     31.18144129	     97.23826808
      9.71666670	     -2.78761477	      0.86172736	     -0.35038339	     -0.56905085	      0.72995609	     -0.16588505	     50.96339949	     -9.80014836	     -4.43593328	     89.09740421	     43.18306042	      0.46198242	      0.00000000	     49.49930812	    -10.21689626	     -7.50181148	     88.81925760	     43.36731269	      4.61733619	      0.00000000	    -48.72496085	     -0.01158363	      2.71180837	     18.23975931	     -8.26788294	     -7.92963075	     29.33069268	     96.90065338	     15.38533190	    -11.12285722	      7.49997152	     30.88726750	     97.33582265
      9.73333330	     -2.66914337	      0.84761355	     -0.36255961	     -0.57319712	      0.72465298	     -0.16641907	     51.47630139	     -9.87108419	     -4.40147281	     90.28407116	     43.90599842	      0.12535588	      0.00000000	     50.17711489	    -10.18488999	     -7.16984552	     90.19831513	     43.83459022	      4.37305163	      0.00000000	    -50.35557853	      0.00018773	      2.80770591	     18.92358383	     -8.36034309	     -8.12406847	     29.50912154	     96.91418695	     16.26051586	    -11.32453178	      7.45294807	     30.87622701	     97.35070477
      9.75000000	     -2.18627861	      0.71406173	     -0.35566124	     -0.57717176	      0.72369750	     -0.16641686	     51.34106200	     -9.83576605	     -4.48173373	     90.88565069	     44.67311292	      0.12506548	      0.00000000	     50.33740597	    -10.15375907	     -6.82950061	     91.11067540	     43.71682997	      3.93789360	      0.00000000	    -52.11137425	      0.11036182	      2.96990988	     19.51988119	     -8.45048235	     -8.53874389	     29.87985913	     96.95331063	     17.24923058	    -11.38026874	      7.47143190	     30.66666482	     97.40449328
      9.76666670	     -2.07127551	      0.69426898	     -0.41932542	     -0.57840016	      0.71934251	     -0.16609414	     51.77394041	     -9.95142631	     -4.46393174	     91.56756708	     44.72130827	      0.11337658	      0.00000000	     50.85576845	    -10.14081270	     -6.62646246	     91.93452219	     43.73561785	      3.84136188	      0.00000000	    -53.22344468	      0.11108158	      2.97587118	     20.03144302	     -8.51441782	     -8.61506368	     30.02403375	     96.96168801	     17.90485152	    -11.49654787	      7.43227976	     30.68663311	     97.40872229
      9.78333330	     -1.79901002	      0.60146895	     -0.41406445	     -0.58092653	      0.71944889	     -0.16615147	     51.72550236	     -9.94017401	     -4.59631049	     91.65372686	     44.99009363	      0.11970155	      0.00000000	     51.05222326	    -10.05494426	     -6.42275835	     92.26229152	     43.25896677	      3.23331024	      0.00000000	    -54.40310227	      0.24198895	      3.05094282	     20.32545755	     -8.58541236	     -8.97241719	     30.52860756	     97.02774386	     18.73716178	    -11.47449470	      7.47175169	     30.38492234	     97.46548614
      9.80000000	     -1.79986524	      0.58159531	     -0.54845314	     -0.58213565	      0.71715671	     -0.16597396	     52.04596682	     -9.92029288	     -4.57490521	     91.83664622	     44.92917900	      0.19989434	      0.00000000	     51.42467830	    -10.05522298	     -6.34893099	     92.51279901	     43.28189852	      3.13603133	      0.00000000	    -54.96249258	      0.22394310	      3.03088211	     20.54262535	     -8.62434269	     -9.04298467	     30.67698563	     97.04457714	     19.14332480	    -11.52948233	      7.44528209	     30.39775480	     97.47087915
      9.81666670	     -1.74915654	      0.54765359	     -0.69559885	     -0.58432441	      0.71982021	     -0.16568784	     52.11365800	     -9.75003263	     -4.52072386	     91.72819002	     44.54763443	     -0.10351672	      0.00000000	     51.51956211	    -10.03239944	     -6.31197575	     92.44173978	     42.78351633	      2.53330071	      0.00000000	    -55.39312941	      0.19948699	      3.20930804	     20.27338549	     -8.70184333	     -9.50660894	     31.59355524	     97.17545043	     19.56826833	    -11.39191456	      7.33781078	     30.23945996	     97.50577165
      9.83333330	     -1.79623752	      0.55812342	     -0.79579559	     -0.58485028	      0.72216393	     -0.16556926	     52.15484365	     -9.64405681	     -4.49014249	     91.43276654	     44.08279151	     -0.03216444	      0.00000000	     51.38322319	    -10.00163698	     -6.39315208	     91.97152018	     42.54766417	      2.68763045	      0.00000000	    -55.45147820	      0.18998651	      3.17039621	     20.18728332	     -8.67430959	     -9.62833320	     31.78612943	     97.21138481	     19.66785847	    -11.40006406	      7.28867717	     30.31168244	     97.51154484
      9.85000000	     -1.63759656	      0.59866744	     -0.91607538	     -0.58905302	      0.72709662	     -0.16507591	     51.88127848	     -9.37195805	     -4.39505598	     90.66514895	     43.38378489	     -0.64096038	      0.00000000	     50.92436616	     -9.93799254	     -6.59165120	     91.04434644	     41.94978325	      2.44369794	      0.00000000	    -55.62736691	      0.12764456	      3.15548087	     19.98214412	     -8.65493702	     -9.97099207	     32.62007540	     97.32422230	     19.77034246	    -11.43256252	      7.09011218	     30.74049298	     97.52506619
      9.86666670	     -1.40515621	      0.57673633	     -0.95977430	     -0.58710632	      0.73490253	     -0.16551437	     50.96046502	     -9.08458716	     -4.42007693	     89.19036696	     42.77579520	     -0.53451999	      0.00000000	     50.03765028	     -9.87538300	     -6.78554002	     89.88628224	     41.04915012	      2.23620014	      0.00000000	    -55.66633245	      0.20072194	      3.07863852	     19.86550102	     -8.60506351	    -10.18670890	     33.17161792	     97.42230497	     19.70580385	    -11.43631908	      6.91158859	     30.95925968	     97.53405524
      9.88333330	     -0.91113910	      0.65256012	     -1.01115029	     -0.58617597	      0.74496519	     -0.16472712	     49.45571006	     -8.90250322	     -4.47562837	     87.35511540	     41.95181408	     -0.73421808	      0.00000000	     48.28076157	     -9.72059652	     -7.09303904	     88.03935926	     40.37206281	      2.21316816	      0.00000000	    -55.81706122	      0.19097623	      2.98171449	     19.55614999	     -8.49374172	    -10.38054496	     33.83653459	     97.59616638	     19.55883484	    -11.38153604	      6.62972521	     31.24504370	     97.54872639
      9.90000000	     -0.44464994	      0.55180792	     -1.09848164	     -0.58954782	      0.75391435	     -0.16339174	     47.96509397	     -8.44369718	     -4.56750687	     85.40647496	     41.11459463	     -1.03427786	      0.00000000	     46.81171534	     -9.77501270	     -7.27581618	     86.18268610	     39.58890583	      2.20576853	      0.00000000	    -55.85178934	      0.29119723	      3.01939246	     19.35925490	     -8.41900239	    -10.45536091	     34.30783305	     97.78869317	     19.47906875	    -11.37182264	      6.37783680	     31.59635255	     97.58203776
      9.91666670	     -0.23077043	      0.57026418	     -1.03080332	     -0.59476957	      0.76526727	     -0.16388571	     46.66541202	     -8.14025816	     -4.73552888	     83.05359622	     39.98478627	     -1.42365711	      0.00000000	     45.60963450	     -9.51245843	     -7.52562112	     83.93952348	     38.52751993	      2.01600946	      0.00000000	    -55.71268692	      0.40328733	      2.92390784	     19.11658571	     -8.32082628	    -10.43823819	     34.76012493	     98.00346174	     19.46049906	    -11.40434935	      6.21780166	     32.03466722	     97.66011791
      9.93333330	      0.06083688	      0.51462290	     -0.90706768	     -0.59463849	      0.77822459	     -0.16339693	     45.02411139	     -7.80394748	     -4.92969318	     80.38012383	     38.84127794	     -1.75898954	      0.00000000	     44.03084659	     -9.28822070	     -7.66780427	     81.29594773	     37.40910351	      1.87055167	      0.00000000	    -55.60490645	      0.60381467	      2.82431376	     18.90832213	     -8.21592511	    -10.36360578	     35.18363509	     98.21872612	     19.41230684	    -11.41589043	      6.15020841	     32.38048264	     97.76733249
      9.95000000	      0.26546231	      0.49196490	     -0.82592993	     -0.59565582	      0.78713562	     -0.16331755	     43.39446831	     -7.48117422	     -5.02113639	     77.84194191	     37.63806661	     -2.34926320	      0.00000000	     42.67139605	     -9.15202487	     -7.94165157	     78.83254826	     35.98263063	      1.46259097	      0.00000000	    -55.24096610	      0.73037321	      2.77516008	     18.62846996	     -8.16796217	    -10.24336361	     35.40151215	     98.43481957	     19.31004114	    -11.40906248	      6.13046830	     32.64409640	     97.88928181
      9.96666670	      0.15620978	      0.56909863	     -0.81421024	     -0.59848810	      0.79321398	     -0.16475145	     42.45676083	     -7.35982440	     -5.01455850	     75.62959641	     36.26285406	     -2.82569286	      0.00000000	     41.71895325	     -8.87485959	     -8.30222631	     76.57531719	     34.72130379	      1.03190424	      0.00000000	    -54.39631576	      0.82910282	      2.65868261	     18.32763708	     -8.17425596	    -10.08956787	     35.67495005	     98.66767504	     19.05529435	    -11.41215537	      6.14130107	     32.78973512	     98.03425686
      9.98333330	     -0.33811587	      0.59404759	     -0.80261212	     -0.59644361	      0.80008031	     -0.16444794	     41.73431918	     -7.21245085	     -5.10894404	     73.17235266	     35.29876663	     -2.57634741	      0.00000000	     41.18959922	     -8.68719424	     -8.60505683	     74.30833986	     33.81693821	      1.19335198	      0.00000000	    -52.89373531	      0.95196818	      2.55466579	     17.73348748	     -8.16300523	    -10.02409573	     35.65552539	     98.75235538	     18.53193790	    -11.36307566	      6.17173094	     32.75917567	     98.09013526
     10.00000000	     -0.74825339	      0.59785602	     -0.70556930	     -0.59211932	      0.80839778	     -0.16509373	     40.69880751	     -7.08340351	     -5.22720248	     70.64105775	     33.81373908	     -3.12264099	      0.00000000	     40.10947299	     -8.36282823	     -8.80364549	     71.76979471	     32.68873583	      0.86848345	      0.00000000	    -51.38179090	      1.13275862	      2.43894490	     17.07576129	     -8.13014564	     -9.76845508	     35.46681339	     98.98671269	     17.82728325	    -11.25034652	      6.15599945	     32.52498241	     98.22168798
     10.01666670	     -1.24609236	      0.53541151	     -0.61162459	     -0.58959629	      0.81640420	     -0.16439687	     39.60670459	     -6.82701844	     -5.40547878	     67.92097106	     32.78095709	     -3.08050727	      0.00000000	     39.24755393	     -8.25348092	     -9.03160574	     69.52745693	     31.58735160	      0.89682449	      0.00000000	    -49.38962031	      1.34952734	      2.41598558	     16.18539321	     -8.13268690	     -9.59442276	     35.11466654	     99.12036070	     16.97218773	    -11.13203901	      6.17130099	     32.33619784	     98.29821477
     10.03333330	     -1.66381593	      0.50492188	     -0.79300851	     -0.58300695	      0.82314527	     -0.16391998	     38.43094303	     -6.47052072	     -5.34935874	     65.61024179	     31.63339310	     -3.64067740	      0.00000000	     38.09693879	     -8.21318668	     -9.36400810	     67.27423915	     30.44882649	      0.66803256	      0.00000000	    -47.08246478	      1.37570207	      2.30172213	     15.31316309	     -8.05788760	     -9.12185006	     34.41037597	     99.39200571	     15.83037822	    -10.95761382	      6.08579258	     31.77273782	     98.42143280
     10.05000000	     -2.52224735	      0.48259104	     -0.93971204	     -0.57772562	      0.82616010	     -0.16274796	     37.83080286	     -6.18436470	     -5.42127404	     63.55392281	     31.00223062	     -3.65928286	      0.00000000	     37.64571193	     -8.28372516	     -9.71904530	     65.41247512	     29.86222819	      0.92451952	      0.00000000	    -44.01565999	      1.40811817	      2.14238220	     14.16949521	     -7.93938955	     -8.57329190	     33.56366350	     99.65752071	     14.41912595	    -10.88051329	      5.99628808	     31.19607244	     98.53191305
     10.06666670	     -3.48494237	      0.52935064	     -1.14000366	     -0.57685138	      0.83383823	     -0.16233130	     37.36963470	     -5.86009124	     -5.43835086	     61.11761779	     30.32348901	     -3.58180677	      0.00000000	     37.33276691	     -8.22543324	    -10.11565787	     63.30482976	     29.09077683	      1.04648199	      0.00000000	    -40.85025871	      1.35145804	      1.92022288	     12.94947281	     -7.73101893	     -8.10281257	     32.95957406	     99.84647865	     12.82837303	    -10.80842157	      5.90849324	     30.67493066	     98.59650214
     10.08333330	     -4.55649403	      0.43728113	     -1.20530437	     -0.57070932	      0.83810135	     -0.16303430	     36.89820124	     -5.59351702	     -5.60727634	     58.67053419	     29.54791318	     -3.50196576	      0.00000000	     36.99023093	     -8.18689576	    -10.42271338	     61.02183256	     28.73893366	      1.52616778	      0.00000000	    -37.22146871	      1.50800711	      1.71608963	     11.56121544	     -7.57576374	     -7.56483600	     31.96682614	    100.00868320	     11.06190864	    -10.65802025	      5.85301242	     30.01344272	     98.63175534
     10.10000000	     -5.48635190	      0.45094754	     -1.22758313	     -0.56446790	      0.84849030	     -0.16315641	     35.84884331	     -5.40388534	     -5.83658751	     55.46096415	     28.28183730	     -3.60122766	      0.00000000	     36.21833938	     -7.93760743	    -10.86563394	     58.06748783	     27.78319622	      1.77134045	      0.00000000	    -33.68197474	      1.56723344	      1.47634279	     10.27725604	     -7.40899886	     -6.88039943	     30.45911078	    100.14096405	      9.44219677	    -10.49435803	      5.83983805	     29.17087381	     98.63611520
     10.11666670	     -6.32503436	      0.46574719	     -1.33905907	     -0.56722240	      0.86315168	     -0.16370836	     34.63648916	     -5.12946965	     -6.11917804	     51.46032384	     26.78979822	     -2.92506916	      0.00000000	     35.05515049	     -7.56756706	    -11.31847383	     54.29872298	     26.15269505	      2.30982906	      0.00000000	    -30.64565730	      1.55899023	      1.35684095	      8.96903364	     -7.28232317	     -6.65386334	     30.07646239	    100.16576249	      8.01473491	    -10.33638190	      5.92957141	     28.88217040	     98.64316259
     10.13333330	     -7.29910880	      0.50870510	     -1.37919819	     -0.56500089	      0.86689606	     -0.16422088	     33.71254614	     -4.88271486	     -6.13525011	     47.75472312	     25.10282097	     -3.10921039	      0.00000000	     34.36097312	     -7.10265626	    -11.55995587	     50.83518547	     24.22080474	      1.49233985	      0.00000000	    -27.32826822	      1.56487184	      0.94551732	      7.98121899	     -7.11385479	     -5.84241433	     29.12257987	    100.21038286	      6.65497671	    -10.25121007	      6.06686166	     28.28289744	     98.62067419
     10.15000000	     -8.42233275	      0.56901037	     -1.61716036	     -0.56124769	      0.87660377	     -0.16403025	     33.26458244	     -4.61251055	     -6.25553832	     44.13006316	     22.77383629	     -3.25091876	      0.00000000	     33.56589710	     -6.72542780	    -12.04654296	     47.09217781	     22.36906350	      1.47304993	      0.00000000	    -24.08960392	      1.50271192	      0.77758466	      6.93326223	     -7.07291514	     -4.96327418	     28.56634332	    100.21311045	      5.27303902	    -10.10067856	      6.19468167	     27.84976525	     98.55760924
     10.16666670	     -8.99706818	      0.57671585	     -1.66447707	     -0.55762854	      0.89537233	     -0.16443593	     31.62326490	     -4.23966648	     -6.36431180	     39.65773691	     19.86901589	     -3.27208934	      0.00000000	     31.69801566	     -6.03429298	    -12.09453374	     42.25529311	     19.98019972	      1.36946908	      0.00000000	    -21.56748958	      1.54874412	      0.51181483	      6.01928635	     -7.01337060	     -4.23233855	     28.14193605	    100.17240134	      4.09987531	     -9.91852758	      6.38859086	     27.41867151	     98.49324564
     10.18333330	     -9.44480807	      0.51402631	     -1.64428640	     -0.55470421	      0.90243901	     -0.16500351	     29.81130097	     -3.85498963	     -6.51951042	     35.23695467	     17.39284208	     -3.04398949	      0.00000000	     29.87863398	     -5.44468171	    -11.98993309	     37.81220606	     17.72057642	      1.26072470	      0.00000000	    -19.25841890	      1.70395881	      0.32999698	      5.05804798	     -7.04518749	     -3.52839787	     27.73539720	    100.09028374	      2.96152124	     -9.74339515	      6.62796811	     27.19499704	     98.41512013
     10.20000000	     -9.78352646	      0.48977792	     -1.50657276	     -0.55262996	      0.91403102	     -0.16584915	     27.80359283	     -3.50178322	     -6.52053421	     30.63859658	     14.77998304	     -2.93589073	      0.00000000	     27.73854003	     -4.68726911	    -11.78803999	     33.13551106	     15.58401065	      1.34853656	      0.00000000	    -17.18348473	      1.75297298	      0.12000180	      4.17064541	     -7.09353402	     -2.80213496	     27.49073479	     99.97305738	      1.98944137	     -9.61180442	      6.89442692	     27.05752786	     98.32471853
     10.21666670	     -9.87442217	      0.50732628	     -1.37043955	     -0.54968663	      0.92647343	     -0.16581406	     25.08986857	     -3.09656567	     -6.46650507	     25.33907512	     12.47558072	     -2.64469456	      0.00000000	     25.28572890	     -3.85794462	    -11.44991873	     28.26208968	     13.31916074	      1.38411640	      0.00000000	    -15.58671427	      1.71240001	     -0.04681246	      3.44859865	     -7.11452814	     -2.10230088	     27.20357464	     99.82508152	      1.17549783	     -9.53056985	      7.16048428	     26.99943186	     98.22279358
     10.23333330	     -9.79033420	      0.52737267	     -1.35649320	     -0.54260887	      0.93305995	     -0.16496346	     22.28282986	     -2.66927505	     -6.21852686	     20.18692300	     10.12545106	     -2.31281591	      0.00000000	     22.75432039	     -3.18182920	    -11.21195815	     23.53203325	     11.17958058	      1.53506237	      0.00000000	    -14.19199331	      1.62547527	     -0.17694135	      2.69483025	     -7.08189685	     -1.52977544	     26.92177450	     99.67462371	      0.26510106	     -9.44949836	      7.33853942	     26.98014978	     98.11070946
     10.25000000	     -9.61114021	      0.63084426	     -1.29560518	     -0.53702818	      0.94096632	     -0.16434976	     19.33636314	     -2.36711893	     -6.01082880	     15.24426077	      8.06834919	     -1.90094189	      0.00000000	     20.04489021	     -2.45876722	    -11.01299318	     18.72849331	      8.99546909	      1.68186695	      0.00000000	    -12.86896428	      1.38979184	     -0.35713859	      1.93643871	     -6.98667656	     -1.01446814	     26.71019154	     99.51190300	     -0.68455418	     -9.42593422	      7.43413731	     26.98457444	     97.97578386
     10.26666670	     -9.36095409	      0.79290047	     -1.30917031	     -0.53465277	      0.95282637	     -0.16482071	     16.40438066	     -2.15210394	     -5.71285751	     10.57717809	      6.28114853	     -1.07399860	      0.00000000	     17.42666584	     -1.71685473	    -10.80478727	     14.24664832	      6.82309093	      1.99581433	      0.00000000	    -11.76059499	      1.09762178	     -0.55117698	      1.14260558	     -6.81121670	     -0.58897309	     26.44225036	     99.33134723	     -1.60407049	     -9.44536037	      7.46149933	     27.19854437	     97.83182616
     10.28333330	     -9.16658464	      0.83280739	     -1.45720651	     -0.53346569	      0.95403494	     -0.16606506	     14.13558928	     -1.90163746	     -5.51348003	      6.94061924	      4.78199569	     -0.40897305	      0.00000000	     15.19438034	     -1.20415740	    -10.53889375	     10.47083536	      5.41994002	      2.50471180	      0.00000000	    -10.83449902	      1.00898344	     -0.62771260	      0.52011359	     -6.77905574	     -0.21534611	     26.31167436	     99.15329663	     -2.45061053	     -9.38802084	      7.47777287	     27.43946799	     97.70381076
     10.30000000	     -8.99265728	      0.88268775	     -1.55117641	     -0.52896793	      0.95894936	     -0.16553949	     12.10982048	     -1.70956151	     -5.19221754	      3.66158530	      3.60640656	      0.34819050	      0.00000000	     13.14999435	     -0.72017277	    -10.12098753	      6.96398878	      4.31271029	      3.05741800	      0.00000000	    -10.00741885	      0.85807467	     -0.74832968	     -0.10524398	     -6.69041306	      0.08780231	     26.16057218	     98.97052737	     -3.16396700	     -9.38957426	      7.48059810	     27.69051703	     97.59365606
     10.31666670	     -9.13598926	      0.90288510	     -1.51673084	     -0.52729031	      0.96036856	     -0.16624174	     10.70467172	     -1.55441507	     -4.98906138	      0.77632735	      2.44323260	      1.00122859	      0.00000000	     11.85293560	     -0.33545469	     -9.76161773	      4.21266173	      3.38560320	      3.60979537	      0.00000000	     -8.88662292	      0.74517438	     -0.81443699	     -0.71113666	     -6.64403040	      0.23961280	     26.01464383	     98.88486744	     -3.72381246	     -9.35151042	      7.53847078	     27.76888363	     97.55647134
     10.33333330	     -9.11071091	      0.98426051	     -1.73904960	     -0.52530675	      0.95938444	     -0.16547235	     10.21878647	     -1.55229510	     -4.81338966	      0.00000000	      2.34835910	      1.39032142	      0.00000000	     10.57735269	      0.00361031	     -9.45029085	      1.87799855	      2.83571987	      3.96946380	      0.00000000	     -8.29410509	      0.60971878	     -0.71296922	     -1.05017410	     -6.61903351	      0.39298042	     25.86269054	     98.80866379	     -4.10280424	     -9.30307514	      7.60329508	     27.83930384	     97.52458283
     10.35000000	     -9.16790390	      1.00742234	     -2.05361077	     -0.52986188	      0.95885194	     -0.16663915	     10.39519524	     -1.52786662	     -4.71450200	      0.00000000	      2.49998398	      1.67283191	      0.00000000	      9.81506401	      0.24457739	     -9.22772906	      0.10807569	      2.58599958	      4.11353266	      0.00000000	     -7.80590887	      0.49954292	     -0.52256810	     -1.15151542	     -6.68313848	      0.53902014	     25.83351062	     98.74313282	     -4.25094509	     -9.24630406	      7.65264304	     27.96815022	     97.49515828
     10.36666670	     -9.14367805	      0.98568774	     -2.05220226	     -0.52964740	      0.95512878	     -0.16632904	     10.42669626	     -1.47093624	     -4.71456446	      0.00000000	      2.52217851	      1.67328935	      0.00000000	      9.78288179	      0.29614211	     -9.21440741	      0.00000000	      2.61969123	      4.11086254	      0.00000000	     -7.75996980	      0.47143027	     -0.52804207	     -1.13598452	     -6.68889402	      0.54123482	     25.84103458	     98.74127129	     -4.22656003	     -9.23890642	      7.65441171	     27.98284347	     97.49448586
     10.38333330	     -9.32009523	      0.98468588	     -2.11021448	     -0.53014516	      0.95404978	     -0.16563875	     10.61814711	     -1.41164561	     -4.70197703	      0.00000000	      2.95137255	      1.66224523	      0.00000000	      9.95223853	      0.33714982	     -9.03433505	      0.00000000	      3.43726501	      3.94948904	      0.00000000	     -7.14010695	      0.39447386	     -0.46280130	     -1.22477136	     -6.68433840	      0.64265248	     25.80595524	     98.71056222	     -4.16022556	     -9.23900329	      7.69834011	     28.11559878	     97.48347109
     10.40000000	     -9.44284587	      0.92164109	     -2.09664752	     -0.53138924	      0.95175264	     -0.16506653	     10.78970402	     -1.27942769	     -4.42208013	      0.00000000	      3.33435925	      1.69080344	      0.00000000	     10.10918730	      0.28193963	     -8.87396778	      0.00000000	      3.68074416	      3.90946494	      0.00000000	     -6.77646513	      0.34583756	     -0.48516003	     -1.28546350	     -6.69034599	      0.72056115	     25.75633073	     98.68491996	     -4.07329859	     -9.25926542	      7.74667591	     28.17852930	     97.47820065
     10.41666670	     -9.47271782	      0.86072096	     -2.08976930	     -0.52996597	      0.95278688	     -0.16502867	     10.73797557	     -1.17482321	     -4.39230590	      0.00000000	      3.33590852	      1.68118997	      0.00000000	     10.06138964	      0.20517813	     -8.86991758	      0.00000000	      3.70008974	      3.88740968	      0.00000000	     -6.66490695	      0.25484798	     -0.51721489	     -1.30708177	     -6.71699016	      0.72715685	     25.73913375	     98.68011878	     -4.05553708	     -9.21593053	      7.76465523	     28.18717294	     97.47848297
     10.43333330	     -9.45491712	      0.77844346	     -2.11139223	     -0.53131524	      0.95224926	     -0.16581709	     10.67268446	     -1.06834262	     -4.28359677	      0.00000000	      3.43411311	      1.64594633	      0.00000000	     10.01151627	      0.13276941	     -8.84233506	      0.00000000	      3.78041715	      3.83365111	      0.00000000	     -6.45317243	      0.27528988	     -0.52627649	     -1.18693448	     -6.74467325	      0.73897392	     25.75287053	     98.67351767	     -3.90937291	     -9.16373668	      7.78239403	     28.22559459	     97.47778729
     10.45000000	     -9.51085688	      0.78397635	     -2.11072316	     -0.52576344	      0.95561266	     -0.16474199	     10.62595677	     -1.05871608	     -4.26731374	      0.00000000	      3.43774208	      1.64516905	      0.00000000	     10.00962946	      0.12518689	     -8.83906288	      0.00000000	      3.78076575	      3.82804744	      0.00000000	     -6.44883834	      0.27643883	     -0.52858725	     -1.17711341	     -6.74516873	      0.73981945	     25.75239130	     98.67306038	     -3.89639654	     -9.15515941	      7.78445658	     28.22742663	     97.47780263
     10.46666670	     -8.91329962	      0.60879144	     -2.28923224	     -0.52522946	      0.95420353	     -0.16479199	      9.78183041	     -0.84155539	     -3.14754758	      0.00000000	      3.41257488	      0.53308597	      0.00000000	      9.21407117	     -0.09091802	     -8.46346002	      0.00000000	      3.72035583	      2.81686781	      0.00000000	     -6.78008805	      0.37763835	     -0.31466718	     -0.82881532	     -6.67243608	      1.03123728	     24.64978185	     98.57320386	     -3.31631838	     -8.87396208	      8.10638572	     27.08985449	     97.45566109
     10.48333330	     -8.85936818	      0.52672898	     -2.31040152	     -0.52295127	      0.95702705	     -0.16465349	      9.56764729	     -0.73043251	     -3.04058311	      0.00000000	      3.35199963	      0.54038850	      0.00000000	      9.01390889	     -0.21322921	     -8.39300434	      0.00000000	      3.67874464	      2.82843073	      0.00000000	     -6.60086300	      0.33557302	     -0.33539654	     -0.88998103	     -6.66737408	      1.04036065	     24.61623954	     98.56711014	     -3.39347655	     -8.77359933	      8.14192100	     27.03413566	     97.45624061
     10.50000000	     -8.22418861	      0.39672820	     -2.33054943	     -0.52297899	      0.95734824	     -0.16586901	      8.80875301	     -0.62437147	     -2.49719101	      0.00000000	      3.01133259	     -0.31833915	      0.00000000	      8.21648440	     -0.31096359	     -8.05826756	      0.00000000	      3.63441377	      2.35047294	      0.00000000	     -7.44638906	      0.56854263	     -0.33575294	     -0.54699881	     -6.67561453	      1.15358047	     24.24767598	     98.46307913	     -2.94677554	     -8.55031994	      8.37746788	     26.09321873	     97.40892027
     10.51666670	     -8.14801593	      0.34071084	     -2.39963082	     -0.52274134	      0.95393089	     -0.16549105	      8.73720284	     -0.57469057	     -2.33091430	      0.00000000	      2.98830434	     -0.32085401	      0.00000000	      8.04033459	     -0.38065227	     -7.95270900	      0.00000000	      3.65453724	      2.34658867	      0.00000000	     -7.45269239	      0.59892973	     -0.36859512	     -0.64292034	     -6.67856390	      1.16071259	     24.19937815	     98.45580883	     -3.00023094	     -8.41705434	      8.41832309	     26.04336544	     97.40778190
     10.53333330	     -7.21809141	      0.14883550	     -2.34188462	     -0.52316380	      0.94910547	     -0.16631549	      7.68187616	     -0.43533805	     -1.64815653	      0.00000000	      2.41640386	     -1.63179506	      0.00000000	      6.95179936	     -0.52226538	     -7.53835772	      0.00000000	      3.69722844	      1.59779605	      0.00000000	     -8.71881363	      0.87462671	     -0.27002131	     -0.29590114	     -6.81929790	      1.20193107	     24.11959851	     98.35356648	     -2.49988489	     -8.21404776	      8.62289626	     25.46685945	     97.34349150
     10.55000000	     -6.58602019	      0.03827337	     -2.32307054	     -0.51948262	      0.94617007	     -0.16544551	      6.92048725	     -0.34532769	     -1.12750711	      0.00000000	      1.85905758	     -3.00820626	      0.00000000	      6.35749324	     -0.64508126	     -7.28812873	      0.36692247	      3.71440914	      0.78205406	      0.00000000	     -9.49321307	      1.03074303	     -0.25331798	     -0.28766679	     -6.86829980	      1.20576299	     24.19380073	     98.19796012	     -2.28760103	     -8.12775774	      8.92409614	     25.16045374	     97.24671772
     10.56666670	     -6.25698976	     -0.05360097	     -2.26467475	     -0.52238935	      0.94169246	     -0.16549812	      7.29076137	     -0.27178332	     -0.90839719	      1.42459841	      2.12233521	     -3.89340487	      0.00000000	      6.91838011	     -0.88044745	     -7.33312166	      2.19524864	      4.37532195	     -0.05430132	      0.00000000	    -10.15795085	      1.19959568	     -0.29470488	     -0.08657074	     -6.96706256	      1.17126163	     24.27733275	     98.11687663	     -2.04080258	     -8.08964863	      9.07175072	     25.14833944	     97.19716221
     10.58333330	     -5.96759662	     -0.07954092	     -2.32053870	     -0.52300231	      0.94879791	     -0.16588685	      8.39076503	     -0.29502362	     -0.69327312	      3.95580483	      2.88327545	     -4.93699129	      0.00000000	      7.79365619	     -1.13235241	     -7.36056014	      4.61687507	      4.99758640	     -1.00952863	      0.00000000	    -10.91214822	      1.25056852	     -0.26182299	      0.29918931	     -7.02114399	      1.12347400	     24.37041133	     98.04193039	     -1.70711297	     -8.02074429	      9.19919693	     25.09739647	     97.14608997
     10.60000000	     -6.20207087	     -0.13788401	     -2.25772660	     -0.52645816	      0.94290080	     -0.16471559	     10.34177995	     -0.25303271	     -0.31967448	      6.74962442	      3.33513743	     -6.48146520	      0.00000000	      9.74558267	     -1.48786127	     -7.29626094	      7.84706196	      5.44888853	     -2.64051477	      0.00000000	    -11.16365222	      1.42871814	     -0.19577699	      0.62023441	     -7.01768297	      1.03759337	     24.42425959	     97.86939516	     -1.23627950	     -8.07175523	      9.50612611	     25.15013528	     97.03146576
     10.61666670	     -6.13485432	     -0.13405864	     -2.25711820	     -0.52892000	      0.93416615	     -0.16585807	     12.15491534	     -0.33551104	     -0.25426152	     10.08584233	      4.29119397	     -7.64267048	      0.00000000	     11.74717925	     -1.83174086	     -7.56234222	     11.71451356	      6.45572464	     -3.94941919	      0.00000000	    -12.00973427	      1.47359689	     -0.15127684	      1.19722744	     -7.03287374	      0.95621328	     24.48052309	     97.72356051	     -0.67310678	     -8.10962101	      9.75055284	     25.32101807	     96.93128401
     10.63333330	     -6.23908128	     -0.18189102	     -2.35592853	     -0.52705358	      0.92931337	     -0.16501507	     14.46739897	     -0.39989109	     -0.33734572	     14.14660080	      5.64735298	     -8.56771730	      0.00000000	     13.96982275	     -2.34697842	     -8.01285415	     16.07051795	      8.15305133	     -4.75904896	      0.00000000	    -12.71127717	      1.58076026	      0.05943762	      1.59641197	     -7.09259739	      0.80543596	     24.50856026	     97.58051643	     -0.36198115	     -8.10283966	      9.87915986	     25.52863842	     96.81193083
     10.65000000	     -6.38080827	     -0.14630531	     -2.37405379	     -0.52727854	      0.92211671	     -0.16500752	     16.98682623	     -0.61084378	     -0.41976075	     18.69553281	      7.50055846	     -9.27372260	      0.00000000	     16.47398450	     -2.88833063	     -8.62656381	     20.96027956	      9.77248666	     -5.61499067	      0.00000000	    -13.47673093	      1.57194969	      0.25437650	      1.97919353	     -7.12064158	      0.57092133	     24.63340716	     97.43053878	     -0.02891967	     -8.17164978	      9.90247229	     25.77052085	     96.67413769
     10.66666670	     -6.70566413	     -0.15815760	     -2.43465808	     -0.52769582	      0.90552899	     -0.16451800	     20.20078593	     -0.84323587	     -0.78341217	     24.55812913	     10.17342899	     -9.55320228	      0.00000000	     19.74240862	     -3.71273702	     -9.36825106	     26.99044025	     12.15378889	     -6.22448301	      0.00000000	    -13.96873501	      1.55963130	      0.54268172	      2.30859295	     -7.22526168	      0.28796567	     24.90680477	     97.28534067	      0.08760505	     -8.19438086	      9.77163783	     26.07885161	     96.50400375
     10.68333330	     -7.29799392	     -0.07082430	     -2.55178002	     -0.52743548	      0.89042391	     -0.16507524	     24.08265611	     -1.35547627	     -1.34768263	     31.10287051	     13.39545880	     -9.25242136	      0.00000000	     23.40787690	     -4.56613968	    -10.23950298	     33.29412046	     15.20088765	     -6.27199334	      0.00000000	    -14.10561060	      1.49559010	      0.77404936	      2.52845038	     -7.33143238	     -0.02160315	     25.13184483	     97.15596333	      0.19036677	     -8.23746063	      9.54592338	     26.45962831	     96.33858795
     10.70000000	     -7.90168028	     -0.00380917	     -2.68519510	     -0.52770629	      0.87846525	     -0.16448291	     27.69309048	     -1.90613960	     -1.96627275	     37.26486605	     17.03918365	     -8.24526830	      0.00000000	     26.94609048	     -5.49535037	    -10.92695805	     39.42252869	     18.45992202	     -5.83974958	      0.00000000	    -14.06133643	      1.41498858	      0.92263934	      2.74936495	     -7.35968988	     -0.36369057	     25.30554343	     97.03358559	      0.10220575	     -8.31279973	      9.23737937	     26.73227618	     96.17986584
     10.71666670	     -8.46163901	      0.10862710	     -2.78382059	     -0.53163430	      0.86583658	     -0.16487530	     31.33354774	     -2.57007282	     -2.48248476	     43.49635696	     20.81912262	     -6.90245623	      0.00000000	     30.34439414	     -6.34093286	    -11.42557954	     45.21506406	     21.90504249	     -5.04806438	      0.00000000	    -14.16105943	      1.28360557	      0.94820549	      3.12149774	     -7.36329690	     -0.67906521	     25.52737595	     96.93230672	      0.03621719	     -8.44877654	      8.87039957	     26.99879095	     96.04097178
     10.73333330	     -8.89971560	      0.24886645	     -2.85242276	     -0.53094792	      0.85238701	     -0.16549590	     34.44894881	     -3.34012376	     -2.98144783	     49.00566791	     24.31933667	     -5.38397481	      0.00000000	     33.22112543	     -7.03474124	    -11.61506225	     50.54475294	     25.28961414	     -3.91404944	      0.00000000	    -14.37301128	      1.12779357	      0.90348549	      3.57107229	     -7.33860360	     -0.99532987	     25.59879207	     96.83785789	     -0.02794784	     -8.57397069	      8.48631099	     27.25337994	     95.92856662
     10.75000000	     -9.27894553	      0.30387414	     -2.84411511	     -0.53106954	      0.83878122	     -0.16616451	     37.19952315	     -4.05686282	     -3.49291020	     53.84427257	     27.39664407	     -3.83922368	      0.00000000	     35.99621139	     -7.70155535	    -11.53875050	     55.61138217	     28.41128601	     -2.78828275	      0.00000000	    -14.67285702	      1.07821985	      0.84495110	      3.94295383	     -7.36472498	     -1.32127952	     25.63496739	     96.74620508	     -0.07756488	     -8.65035362	      8.11819640	     27.40661117	     95.84519161
     10.76666670	     -9.57260834	      0.34988439	     -2.73539307	     -0.53628150	      0.83051897	     -0.16517437	     39.58111800	     -4.63332555	     -3.87624626	     57.82992352	     29.62474256	     -2.92472568	      0.00000000	     38.54475752	     -8.20100239	    -11.34942181	     59.84981473	     30.66745607	     -1.92235491	      0.00000000	    -15.34244478	      0.94530448	      0.84628427	      4.42372967	     -7.35446109	     -1.63803426	     25.69840861	     96.65676755	      0.14304534	     -8.76684005	      7.73296800	     27.55538154	     95.78870936
     10.78333330	     -9.68474818	      0.47678735	     -2.58288447	     -0.54098344	      0.82136737	     -0.16554732	     41.82662776	     -5.24456198	     -4.06466349	     61.90236617	     31.25808702	     -2.42541113	      0.00000000	     40.65656025	     -8.49708892	    -11.17793192	     63.33043947	     32.19512656	     -1.30709763	      0.00000000	    -16.48940600	      0.70692489	      0.74469804	      5.08626674	     -7.32126827	     -1.95950328	     25.80423997	     96.56969364	      0.61550147	     -8.93578598	      7.42403559	     27.67041894	     95.77615948
     10.80000000	     -9.65867456	      0.51762342	     -2.35250242	     -0.54194672	      0.81278480	     -0.16541254	     43.58487116	     -5.76840423	     -4.31287446	     65.22271487	     32.83024159	     -1.94852875	      0.00000000	     42.27383097	     -8.76097940	    -10.85040495	     66.23284221	     33.54501126	     -0.60349635	      0.00000000	    -17.96751514	      0.59837570	      0.69528959	      5.71602057	     -7.28121626	     -2.30418002	     25.79030329	     96.48442065	      1.20300044	     -9.07876720	      7.22574014	     27.73586983	     95.79862396
     10.81666670	     -9.37433695	      0.62485207	     -2.14955006	     -0.54209701	      0.80664831	     -0.16651196	     44.84492735	     -6.30685322	     -4.41352332	     68.05863351	     34.08405512	     -1.60414372	      0.00000000	     43.26346226	     -8.82601287	    -10.54875924	     68.49048881	     34.69501568	      0.23528077	      0.00000000	    -19.79364851	      0.39400401	      0.62340322	      6.50209842	     -7.24386933	     -2.69795324	     25.77558523	     96.39789915	      2.00266515	     -9.17034842	      7.10992819	     27.71403627	     95.84325082
     10.83333330	     -8.74093147	      0.78569125	     -2.02825348	     -0.54310603	      0.80088792	     -0.16649912	     45.47155232	     -6.79001229	     -4.36621421	     70.40425963	     35.34135229	     -1.04743409	      0.00000000	     43.60036364	     -8.92268545	    -10.52190968	     70.35906294	     35.11751912	      0.53245282	      0.00000000	    -22.18867737	      0.10461586	      0.62653113	      7.48277168	     -7.15533890	     -3.15404423	     25.70595015	     96.31022060	      3.05072613	     -9.29082467	      7.07978345	     27.60198800	     95.90771602
     10.85000000	     -8.13209962	      0.86458713	     -1.83304466	     -0.54795554	      0.79229156	     -0.16675279	     46.08322818	     -7.22697501	     -4.38324885	     72.62403323	     36.20607557	     -0.82545382	      0.00000000	     43.91856667	     -8.89565136	    -10.19428395	     72.07076503	     36.20934290	      1.11664468	      0.00000000	    -24.73549655	     -0.04664626	      0.66956146	      8.47505621	     -7.14125745	     -3.65925452	     25.83874149	     96.22056331	      4.22423591	     -9.43148036	      7.11895155	     27.64688817	     95.98306685
     10.86666670	     -7.71847887	      0.89195634	     -1.68104157	     -0.55566038	      0.78386131	     -0.16750160	     47.26941750	     -7.54144714	     -4.30191630	     74.98712171	     37.07577781	     -0.87628674	      0.00000000	     44.89974598	     -8.85046358	     -9.73864861	     74.11357447	     37.28951591	      1.01925035	      0.00000000	    -27.36304777	     -0.16425634	      0.73971845	      9.69126331	     -7.24346436	     -3.91520910	     26.16659851	     96.18198455	      5.51669416	     -9.59194919	      7.09211034	     27.86477373	     96.00895043
     10.88333330	     -7.32793948	      0.90124093	     -1.58535427	     -0.55999118	      0.77417207	     -0.16756039	     48.79500363	     -7.73609443	     -4.07712603	     77.74217634	     37.68009477	     -0.98594860	      0.00000000	     46.24045867	     -8.98796884	     -9.36906341	     76.63312255	     37.73945746	      0.81581415	      0.00000000	    -30.16160077	     -0.22404178	      0.80441358	     11.10224750	     -7.39005995	     -4.04865582	     26.48046080	     96.16136524	      6.97427485	     -9.80363397	      7.01917815	     28.12606337	     96.00966589
     10.90000000	     -6.39854084	      1.04414978	     -1.45817659	     -0.56325238	      0.76575709	     -0.16776560	     49.52386033	     -8.21367962	     -3.88136426	     80.37202263	     39.08874978	     -0.27507552	      0.00000000	     46.78481424	     -8.93473488	     -9.01213164	     78.98049346	     38.95581922	      0.95816695	      0.00000000	    -33.57378938	     -0.38270005	      0.97179048	     12.29378038	     -7.52166771	     -4.75064768	     27.24442193	     96.08127234	      8.44912765	    -10.03838180	      7.10855068	     28.80661958	     96.10525342
     10.91666670	     -5.70888379	      1.19311352	     -1.39055206	     -0.56600035	      0.76027265	     -0.16824880	     50.28553362	     -8.51885474	     -3.56334569	     82.52223100	     39.64471788	     -0.47606873	      0.00000000	     47.33404072	     -8.82334810	     -8.72622925	     80.82898713	     39.90066459	      1.09760239	      0.00000000	    -36.70860789	     -0.56816596	      1.09674897	     13.51319660	     -7.60916579	     -5.48400741	     27.99360205	     96.04266100	      9.98138370	    -10.29103959	      7.14393607	     29.33741652	     96.20567487
     10.93333330	     -4.87098405	      1.28100668	     -1.41135140	     -0.56372643	      0.75395427	     -0.16877944	     50.47720225	     -8.82288393	     -3.35225428	     84.21431419	     40.33699930	     -0.37536945	      0.00000000	     47.59552627	     -8.84866672	     -8.52433449	     82.74771120	     40.87682807	      1.46973163	      0.00000000	    -39.66972296	     -0.63145696	      1.29553840	     14.59082025	     -7.70524992	     -6.10358004	     28.24052948	     96.04430574	     11.39332112	    -10.46773047	      7.11584286	     29.53341758	     96.27731290
     10.95000000	     -4.16571573	      1.35102269	     -1.36545179	     -0.56634894	      0.74578969	     -0.16848320	     50.63070452	     -9.09943065	     -3.27573116	     85.79724753	     41.13490356	     -0.39506969	      0.00000000	     47.98643984	     -8.86550693	     -8.32478761	     84.67003011	     41.70628467	      1.79425917	      0.00000000	    -42.44273080	     -0.69593291	      1.41639922	     15.57988473	     -7.76344885	     -6.72181115	     28.62101774	     96.07636707	     12.81442084	    -10.71033829	      7.07722473	     29.62486190	     96.35347718
     10.96666670	     -3.56450055	      1.33406643	     -1.31007740	     -0.56790600	      0.73971850	     -0.16847099	     50.75664619	     -9.30297304	     -3.26276257	     87.11202701	     41.88636271	     -0.29704727	      0.00000000	     48.31064035	     -8.93803771	     -8.10563507	     86.26026382	     42.37210381	      1.95798737	      0.00000000	    -44.98046551	     -0.64865590	      1.58831994	     16.45569300	     -7.85634081	     -7.25911120	     28.90417809	     96.12929704	     14.25098121	    -10.93955903	      7.00986550	     29.64076436	     96.41975402
     10.98333330	     -2.99167301	      1.16288058	     -1.29848859	     -0.56818833	      0.73502426	     -0.16819691	     50.47915242	     -9.33770422	     -3.40676266	     87.99757683	     42.85578161	      0.05056981	      0.00000000	     48.72538476	     -9.21130327	     -7.74225667	     87.88638251	     42.81268885	      1.98756796	      0.00000000	    -47.29138060	     -0.55899323	      1.83067586	     17.29279418	     -7.94779443	     -7.73511792	     29.20720917	     96.20665766	     15.55155036	    -11.11962544	      6.88892134	     29.55377838	     96.47354166
     11.00000000	     -2.35311001	      1.06344261	     -1.23190435	     -0.56596100	      0.73192518	     -0.16715773	     50.15210804	     -9.48508990	     -3.52927090	     88.88522423	     43.50384343	      0.21795455	      0.00000000	     48.59527458	     -9.44565809	     -7.49654860	     89.00542276	     43.46056640	      2.60742752	      0.00000000	    -49.44370841	     -0.46553983	      1.92203674	     17.95633276	     -7.90191754	     -8.18114727	     29.43858567	     96.31020570	     16.76656254	    -11.32228310	      6.71939153	     29.29606430	     96.52052671
     11.01666670	     -2.19248201	      1.01248594	     -1.23382557	     -0.56919414	      0.72683060	     -0.16789655	     50.61797739	     -9.65153178	     -3.59559659	     89.89781213	     43.72424304	      0.08141227	      0.00000000	     49.15451274	     -9.55381626	     -7.36161534	     90.07278909	     43.58209001	      2.56652357	      0.00000000	    -50.84204141	     -0.47573542	      1.92752788	     18.53221438	     -7.92760318	     -8.23155884	     29.55283900	     96.32423509	     17.61882071	    -11.57880428	      6.61228009	     29.36843335	     96.51389756
     11.03333330	     -1.66522059	      0.79834979	     -1.09393214	     -0.57253189	      0.72290374	     -0.16847050	     50.53610891	     -9.84450002	     -3.93479253	     90.65021190	     44.11195207	     -0.16530510	      0.00000000	     49.28101748	     -9.64529087	     -7.05078790	     90.95987046	     44.20024573	      2.87769611	      0.00000000	    -52.61525543	     -0.21532026	      1.98066257	     19.10850049	     -8.00653428	     -8.47120510	     29.86264078	     96.41005997	     18.66473443	    -11.69730849	      6.38895478	     29.18190908	     96.52259063
     11.05000000	     -1.60967690	      0.72515884	     -1.12960747	     -0.57365655	      0.72003050	     -0.16783721	     50.98159513	     -9.85336219	     -3.96371677	     91.44978772	     44.18191514	     -0.26407545	      0.00000000	     49.74140965	     -9.82071698	     -6.91421491	     91.80119256	     44.19747386	      2.85166257	      0.00000000	    -53.64757237	     -0.22507677	      1.97674790	     19.56525840	     -8.05464805	     -8.51784622	     30.01686301	     96.42636678	     19.39111341	    -11.94800303	      6.27363495	     29.25531501	     96.51456782
     11.06666670	     -1.56047214	      0.46887033	     -1.16477735	     -0.57586112	      0.71872523	     -0.16832386	     51.30521368	     -9.64993029	     -4.18813390	     91.86875333	     43.90028354	     -0.90424409	      0.00000000	     50.13458595	    -10.15912567	     -6.69384578	     92.43123571	     43.79832446	      2.74573403	      0.00000000	    -54.60491415	     -0.05954127	      2.14051411	     19.76504933	     -8.13545198	     -8.75856332	     30.81422517	     96.55562071	     20.16089719	    -11.99878548	      5.94877820	     29.21189202	     96.51865805
     11.08333330	     -1.55390547	      0.41539280	     -1.22622379	     -0.57689655	      0.71835602	     -0.16865382	     51.72466355	     -9.59079812	     -4.16598954	     92.23524017	     43.77233411	     -0.88917026	      0.00000000	     50.36707207	    -10.20605981	     -6.63216169	     92.69427509	     43.77065179	      2.72294096	      0.00000000	    -55.18269399	     -0.05081187	      2.08760780	     20.05963340	     -8.20536535	     -8.81671456	     30.99763373	     96.58002368	     20.65721026	    -12.09883679	      5.85136232	     29.29518662	     96.51475664
     11.10000000	     -1.63285788	      0.40612148	     -1.27718826	     -0.58090355	      0.72125236	     -0.16855451	     51.93190005	     -9.34733099	     -4.10758350	     91.92090979	     43.19131025	     -1.58672468	      0.00000000	     50.49094687	    -10.15899301	     -6.67634246	     92.45583271	     43.21681620	      2.43668863	      0.00000000	    -55.73911265	     -0.10480177	      2.09762871	     19.91387188	     -8.22259907	     -9.20210426	     32.25773278	     96.80082665	     21.14083369	    -12.08741026	      5.30790065	     29.50788343	     96.52324629
     11.11666670	     -1.42009384	      0.24515800	     -1.16749473	     -0.58068215	      0.72409610	     -0.16898758	     51.38466727	     -9.09025404	     -4.20083753	     91.13639269	     43.33442811	     -1.38300553	      0.00000000	     50.19850583	    -10.15750824	     -6.52636234	     92.03355803	     42.78095422	      2.37152459	      0.00000000	    -56.24597973	      0.07395886	      2.11417405	     19.87281785	     -8.20142850	     -9.60755688	     32.76551067	     97.01783457	     21.47141245	    -12.03043550	      4.87367051	     29.76712430	     96.56368160
     11.13333330	     -1.26573627	      0.14065827	     -1.13593752	     -0.58251592	      0.72690844	     -0.16918128	     50.88956310	     -8.82100027	     -4.18329269	     90.30180456	     43.21628005	     -1.51899460	      0.00000000	     49.94647992	    -10.10362757	     -6.47227447	     91.56264207	     42.20839180	      2.18714265	      0.00000000	    -56.46327618	      0.16937718	      2.06858724	     19.80559580	     -8.18838343	     -9.88776230	     33.30153813	     97.21889998	     21.58174884	    -12.05018568	      4.51117573	     30.01224620	     96.61250175
     11.15000000	     -1.14042245	      0.04579369	     -1.03445318	     -0.58422806	      0.73171606	     -0.16944536	     50.18403824	     -8.56025705	     -4.23703762	     89.23388309	     43.01137379	     -1.63403633	      0.00000000	     49.51313300	    -10.00599164	     -6.40202176	     90.63668007	     41.95736523	      2.42574007	      0.00000000	    -56.51685690	      0.28950001	      2.01505858	     19.66346411	     -8.15589796	    -10.12743298	     33.86632338	     97.40428702	     21.58330785	    -12.08530282	      4.14958440	     30.31724592	     96.66176440
     11.16666670	     -1.09643140	     -0.01292776	     -1.07926714	     -0.58723446	      0.73797339	     -0.17098992	     49.62601994	     -8.32772250	     -4.19657303	     88.02103040	     42.48366847	     -1.62226915	      0.00000000	     49.07737492	     -9.89662396	     -6.53274169	     89.51988898	     41.47509792	      2.37371378	      0.00000000	    -56.12667352	      0.33452594	      1.91887659	     19.48438994	     -8.13792253	    -10.21947584	     34.18859516	     97.49866748	     21.45977598	    -11.98388871	      4.00318804	     30.54653669	     96.69378835
     11.18333330	     -0.59708101	      0.06455160	     -1.16415715	     -0.58629995	      0.74795536	     -0.17038468	     48.23471552	     -8.12354958	     -4.05508156	     86.37404756	     41.49375639	     -2.19726807	      0.00000000	     47.61287174	     -9.69334005	     -6.90762014	     87.76708610	     40.60152408	      1.94624487	      0.00000000	    -56.34567558	      0.21686236	      1.76340004	     19.35538793	     -8.04932566	    -10.39638011	     34.91655828	     97.72165819	     21.40733718	    -11.97780745	      3.63721092	     30.98004100	     96.77413728
     11.20000000	     -0.39340752	      0.16802800	     -1.20425051	     -0.58803555	      0.75865654	     -0.17003873	     47.01392490	     -7.93350730	     -4.05245777	     84.36924032	     40.41918874	     -2.52760219	      0.00000000	     46.40727726	     -9.43197619	     -7.21408490	     85.71407709	     39.84544304	      1.86783161	      0.00000000	    -56.25583928	      0.10092304	      1.62316517	     19.17028806	     -7.98576212	    -10.54429051	     35.35483268	     97.97533621	     21.25192722	    -11.93575598	      3.33539781	     31.24255319	     96.89114804
     11.21666670	     -0.14035893	      0.17767703	     -1.09107867	     -0.58545599	      0.76726934	     -0.17070484	     45.65216018	     -7.83188648	     -4.21162653	     82.27733546	     39.47463276	     -2.71466784	      0.00000000	     45.08234540	     -9.20215331	     -7.37568567	     83.69185481	     39.29371972	      2.00650912	      0.00000000	    -56.01147113	      0.14889445	      1.54875604	     18.89021267	     -7.95098308	    -10.61272246	     35.38681303	     98.22266022	     20.99684749	    -11.77574559	      3.14784737	     31.35429374	     97.02330422
     11.23333330	      0.06741490	      0.18578532	     -1.01828569	     -0.58567860	      0.77679432	     -0.17103250	     44.03798861	     -7.62108673	     -4.34930520	     79.98429048	     38.64061318	     -2.92099363	      0.00000000	     43.56623865	     -9.06181503	     -7.68252558	     81.50418809	     38.34983659	      1.93075914	      0.00000000	    -55.65525848	      0.15525185	      1.47529650	     18.51845994	     -7.89214866	    -10.63437724	     35.37859414	     98.47343873	     20.55737530	    -11.63049971	      2.98730613	     31.38236231	     97.16931586
     11.25000000	     -0.01756522	      0.26276362	     -1.07251431	     -0.58710346	      0.78471194	     -0.17170218	     43.03337881	     -7.56955024	     -4.45835489	     77.95008457	     37.32043349	     -3.31479824	      0.00000000	     42.32828548	     -8.89031200	     -8.13074711	     79.18381019	     37.51040727	      1.90073620	      0.00000000	    -54.86096241	      0.09407386	      1.38015896	     18.10786084	     -7.87013486	    -10.56902581	     35.38543145	     98.72014012	     20.05873927	    -11.52722211	      2.87703193	     31.39977321	     97.32604791
     11.26666670	     -0.52734452	      0.26632210	     -1.12713568	     -0.58967671	      0.79027036	     -0.17185843	     42.54919025	     -7.37598742	     -4.53618995	     75.80918719	     36.48863568	     -3.05610687	      0.00000000	     41.72921984	     -8.82346218	     -8.55567744	     76.95716720	     36.60010836	      1.98601725	      0.00000000	    -53.55852989	      0.09069842	      1.32375062	     17.64463372	     -7.90332791	    -10.50786833	     35.40887576	     98.83114311	     19.45782461	    -11.46313799	      2.87869093	     31.32783889	     97.40738065
     11.28333330	     -0.92713528	      0.28904568	     -1.23972582	     -0.58071039	      0.79731873	     -0.17156269	     41.51133350	     -7.26552903	     -4.62884856	     73.61443197	     35.49490630	     -2.96793082	      0.00000000	     40.70772225	     -8.80844983	     -9.05633912	     74.80203578	     35.44795778	      1.92290841	      0.00000000	    -51.93338522	      0.05522980	      1.29981734	     16.88395408	     -7.88043870	    -10.39681896	     35.24098681	     98.95752966	     18.56383983	    -11.33158313	      2.87524916	     31.14689012	     97.49398316
     11.30000000	     -1.33188513	      0.41782992	     -1.45106524	     -0.57718219	      0.80383967	     -0.17166317	     40.61249734	     -7.18424298	     -4.57897687	     71.53605613	     34.46565010	     -3.30749812	      0.00000000	     39.51563469	     -8.59036202	     -9.50811537	     72.39571451	     34.92837899	      1.75534290	      0.00000000	    -50.08679537	     -0.16703681	      1.24512581	     16.04436889	     -7.86042315	    -10.08021816	     34.88948285	     99.21276795	     17.52859432	    -11.17205514	      2.76380692	     30.87632631	     97.64448740
     11.31666670	     -1.98560742	      0.40130940	     -1.43843256	     -0.57567595	      0.81084280	     -0.17005684	     39.77844768	     -6.95173733	     -4.77886870	     69.01198072	     33.86531046	     -2.84773962	      0.00000000	     38.68940936	     -8.48451133	     -9.81580920	     70.07936054	     34.24347025	      2.10903277	      0.00000000	    -47.87623279	     -0.16981087	      1.25926899	     15.07604799	     -7.80724854	     -9.93920378	     34.50542808	     99.30782445	     16.39225813	    -11.07766569	      2.75999641	     30.60947097	     97.70618673
     11.33333330	     -2.62828872	      0.39071669	     -1.33521735	     -0.57043501	      0.82082855	     -0.17135300	     38.68516831	     -6.80768341	     -5.13792718	     66.35074030	     33.17322248	     -2.60669769	      0.00000000	     37.88052567	     -8.29483329	    -10.10486596	     67.71585540	     33.37430183	      2.39330705	      0.00000000	    -45.40678764	     -0.10157430	      1.16038043	     14.03318875	     -7.73878236	     -9.77070010	     34.05000863	     99.40246195	     15.15730917	    -10.91777488	      2.76461897	     30.26497630	     97.76614053
     11.35000000	     -3.33248773	      0.21944049	     -1.26825737	     -0.56939486	      0.82980738	     -0.17085050	     37.60555695	     -6.50092712	     -5.56597907	     63.39509737	     32.04774673	     -2.81404454	      0.00000000	     37.00856923	     -8.19605398	    -10.21540868	     65.07690821	     32.03169170	      1.96380827	      0.00000000	    -42.71048719	      0.08559236	      1.06333920	     13.25845847	     -7.68017834	     -9.23879650	     33.13963227	     99.62996153	     13.95289828	    -10.72404302	      2.67269954	     29.71796059	     97.88283902
     11.36666670	     -3.90495785	      0.18158663	     -1.31046557	     -0.56303962	      0.84098055	     -0.17120541	     36.30078713	     -6.30778529	     -5.92631892	     60.27570020	     30.77297787	     -2.38037857	      0.00000000	     35.78568344	     -7.98772025	    -10.54930201	     62.14558213	     30.77940619	      2.26939701	      0.00000000	    -40.06312712	      0.18279170	      1.00279044	     12.10339001	     -7.56723975	     -9.04401649	     32.65352862	     99.70235238	     12.65032905	    -10.55890218	      2.72822646	     29.40695349	     97.93374792
     11.38333330	     -4.61373759	      0.10345698	     -1.38206149	     -0.56233335	      0.84908928	     -0.17135741	     35.20253856	     -5.89685937	     -6.11003568	     56.80394310	     29.41583946	     -2.53765068	      0.00000000	     34.89326525	     -7.68283738	    -10.70286882	     59.10641908	     29.35788931	      1.76776904	      0.00000000	    -37.36282707	      0.30020240	      0.89883321	     11.18373488	     -7.41977474	     -8.53721017	     31.69823837	     99.84797295	     11.41867255	    -10.44827909	      2.82454576	     29.07617998	     98.03734030
     11.40000000	     -5.27131949	      0.05682922	     -1.57256869	     -0.55685576	      0.85644071	     -0.17223645	     33.94066196	     -5.71674407	     -6.50317550	     53.26884775	     27.81638524	     -1.95926011	      0.00000000	     33.93462439	     -7.47569786	    -11.07578606	     56.10462876	     28.17539589	      1.87584636	      0.00000000	    -34.49690142	      0.44553530	      0.90297261	      9.98246903	     -7.36941132	     -8.30671605	     31.03457068	     99.90159774	     10.05458664	    -10.26997651	      2.93777860	     28.79587567	     98.08483003
     11.41666670	     -6.25441444	     -0.07776536	     -1.73372791	     -0.55425854	      0.86017408	     -0.17208400	     33.46590274	     -5.40073093	     -6.79901122	     50.25152436	     25.82923830	     -2.45255015	      0.00000000	     33.61785489	     -7.26510575	    -11.06093392	     53.42535398	     27.03670327	      1.50195455	      0.00000000	    -31.11253201	      0.66383243	      0.75258232	      9.07816107	     -7.33058837	     -7.52963287	     29.57514636	    100.02279065	      8.53586742	    -10.09444879	      3.11495663	     28.33694018	     98.17471756
     11.43333330	     -7.19179384	     -0.16631551	     -1.79845956	     -0.55294999	      0.87061702	     -0.17041960	     32.72880775	     -4.93894587	     -7.01581947	     46.88368719	     24.31486720	     -2.46480997	      0.00000000	     33.07498464	     -7.01673650	    -11.12322620	     50.37920414	     25.68076860	      1.29159752	      0.00000000	    -27.87652542	      0.76915761	      0.56344256	      8.01553285	     -7.24199412	     -6.71360662	     28.97214460	    100.08322029	      7.13275349	    -10.06073512	      3.25478755	     28.12148452	     98.23064303
     11.45000000	     -7.83294929	     -0.23734844	     -1.83909543	     -0.54879877	      0.88555205	     -0.17044692	     31.23343801	     -4.43247085	     -7.19188491	     42.74659721	     22.34447760	     -2.49795111	      0.00000000	     31.68383105	     -6.69841237	    -11.31251297	     46.44614740	     24.09427835	      1.65008153	      0.00000000	    -25.09714022	      0.85802735	      0.35510205	      7.08323715	     -7.11912454	     -5.99607534	     28.54749486	    100.08977557	      5.92505578	    -10.03307883	      3.40916714	     27.87997760	     98.26408152
     11.46666670	     -8.61579788	     -0.16379332	     -1.97607273	     -0.54578837	      0.89508261	     -0.17088587	     30.10509195	     -4.09515081	     -7.43084669	     38.75007716	     20.44202717	     -1.96139031	      0.00000000	     30.35987829	     -6.18550332	    -11.62865643	     42.15671928	     22.43987136	      2.15584803	      0.00000000	    -22.37724609	      0.78555262	      0.26923436	      6.06178911	     -6.99952599	     -5.70878992	     28.40014867	    100.08703617	      4.79955282	     -9.96730090	      3.52190012	     27.81246844	     98.27975736
     11.48333330	     -8.86761694	      0.03513252	     -1.99868881	     -0.54167156	      0.90863255	     -0.17138807	     28.04461389	     -3.75218920	     -7.11727438	     34.20325395	     17.82321921	     -2.38399300	      0.00000000	     28.05133253	     -5.23858284	    -11.58345056	     36.97572111	     19.93918056	      1.68045650	      0.00000000	    -20.31993393	      0.57047324	      0.06776843	      5.32455385	     -6.86675925	     -4.97730453	     27.92094368	    100.05780655	      3.85926728	     -9.99058931	      3.80351568	     27.68979625	     98.30703569
     11.50000000	     -9.06047548	      0.21374105	     -1.88642889	     -0.53637768	      0.91745298	     -0.17161248	     25.94828550	     -3.60290113	     -7.11301652	     30.03964422	     15.56974185	     -2.27607026	      0.00000000	     25.68855830	     -4.36683183	    -11.53554990	     32.22526321	     17.62604620	      1.59231556	      0.00000000	    -18.36937192	      0.38382191	     -0.06325626	      4.46071428	     -6.81698435	     -4.28831473	     27.51711248	     99.98681689	      3.00245262	     -9.99417542	      4.16260912	     27.68318972	     98.32909839
     11.51666670	     -9.07523956	      0.38182462	     -1.94810360	     -0.53028170	      0.92660645	     -0.17248688	     23.46429230	     -3.39460781	     -6.88643990	     25.44064471	     13.31729387	     -1.89987221	      0.00000000	     23.09410357	     -3.48395735	    -11.34334849	     27.32857317	     15.38667559	      1.58220387	      0.00000000	    -16.58450678	      0.20767337	     -0.12297234	      3.69240068	     -6.81910063	     -3.66359724	     27.11501389	     99.88414687	      2.14796809	     -9.91614564	      4.50376582	     27.66496889	     98.32481363
     11.53333330	     -9.16107370	      0.44270609	     -1.90129996	     -0.52762708	      0.93310755	     -0.17208681	     21.01962293	     -3.07830675	     -6.75680560	     20.71049663	     10.86607708	     -1.64693149	      0.00000000	     20.86111789	     -2.71369973	    -11.00844218	     22.80707086	     13.22438260	      1.57122858	      0.00000000	    -14.95882329	      0.15927468	     -0.16641183	      3.03386090	     -6.86345898	     -3.15214034	     26.91170214	     99.76522213	      1.41611180	     -9.84660833	      4.77785463	     27.72072065	     98.30145847
     11.55000000	     -9.05002750	      0.49507762	     -1.79300784	     -0.52254966	      0.94307880	     -0.17172740	     18.20277838	     -2.72694417	     -6.47101913	     15.81565898	      8.74791603	     -1.33496260	      0.00000000	     18.16731129	     -1.98754517	    -10.60095560	     18.15253123	     10.96168762	      1.62302352	      0.00000000	    -13.60115065	      0.10187291	     -0.26805498	      2.28721722	     -6.83239892	     -2.72910035	     26.71851546	     99.62336439	      0.59920186	     -9.82710045	      5.02281958	     27.82086787	     98.26665038
     11.56666670	     -8.89493230	      0.54799333	     -1.68477168	     -0.51881779	      0.95267516	     -0.17199668	     15.41154881	     -2.40316764	     -6.09818621	     11.17333545	      6.94618775	     -0.74530919	      0.00000000	     15.50223264	     -1.32151685	    -10.10695780	     13.69536829	      8.73299386	      1.80837555	      0.00000000	    -12.34990967	      0.04966493	     -0.49451938	      1.53941912	     -6.80694294	     -2.42489522	     26.65237207	     99.48159703	     -0.22428304	     -9.84469888	      5.22459890	     28.04350723	     98.23062895
     11.58333330	     -8.65127827	      0.51436524	     -1.66659882	     -0.51314861	      0.95489960	     -0.17181765	     12.77923681	     -2.01856572	     -5.81641201	      7.07900627	      5.34111668	     -0.15814180	      0.00000000	     13.09737098	     -0.89661815	     -9.65141675	      9.97248688	      7.03311314	      2.01748789	      0.00000000	    -11.25027699	      0.11366157	     -0.58647318	      0.86318562	     -6.76256614	     -2.12052843	     26.65064021	     99.33082856	     -1.06658324	     -9.85468024	      5.40701372	     28.39688190	     98.19322959
     11.60000000	     -8.46266932	      0.55226827	     -1.63622419	     -0.50838645	      0.96163578	     -0.17211296	     10.41506916	     -1.79544363	     -5.41759905	      3.46722177	      3.93989853	      0.56645455	      0.00000000	     11.07709547	     -0.45431713	     -9.12160638	      6.66128055	      5.47520629	      2.39435347	      0.00000000	    -10.28051345	      0.09496040	     -0.70043817	      0.21712887	     -6.75854423	     -1.89687609	     26.62980191	     99.16645634	     -1.79323345	     -9.81906582	      5.52287554	     28.80381145	     98.15351054
     11.61666670	     -8.72444599	      0.60133997	     -1.62923153	     -0.51023593	      0.95895224	     -0.17276243	      9.20465370	     -1.65980674	     -5.13234427	      0.79186969	      2.87701000	      1.11610615	      0.00000000	     10.12826265	     -0.09854748	     -8.68767563	      4.22321026	      4.70181730	      2.86500887	      0.00000000	     -8.99993201	      0.05962011	     -0.72069877	     -0.39439919	     -6.76290260	     -1.79048759	     26.63539649	     99.10761122	     -2.27459295	     -9.79083353	      5.59627626	     29.07631500	     98.15189542
     11.63333330	     -8.76008716	      0.66748166	     -1.70407341	     -0.50750350	      0.96133979	     -0.17268875	      8.76572000	     -1.65262763	     -5.02921598	      0.00000000	      2.47042212	      1.39118354	      0.00000000	      9.00551457	      0.23099998	     -8.44751326	      1.97839865	      3.78682451	      3.16856093	      0.00000000	     -8.24505904	      0.00374890	     -0.71559768	     -0.74465855	     -6.79662798	     -1.70196243	     26.69241858	     99.04792639	     -2.49417436	     -9.72615818	      5.68781484	     29.41404459	     98.16049862
     11.65000000	     -8.82611311	      0.68808258	     -1.86722433	     -0.50687563	      0.96240247	     -0.17258577	      8.75220841	     -1.61956602	     -4.95806075	      0.00000000	      2.56579881	      1.68120741	      0.00000000	      8.16930574	      0.47253919	     -8.26894980	      0.17930405	      3.28849789	      3.30024503	      0.00000000	     -7.56827747	      0.03041155	     -0.59911380	     -1.00315248	     -6.82715471	     -1.62193069	     26.73872371	     98.99894559	     -2.61708904	     -9.66763109	      5.76966366	     29.73452340	     98.17389083
     11.66666670	     -8.82667532	      0.64992549	     -1.94022888	     -0.50809992	      0.96132908	     -0.17255587	      8.72841165	     -1.50581196	     -4.97288696	      0.00000000	      2.65227306	      1.70118101	      0.00000000	      8.05638954	      0.48738780	     -8.29418895	      0.00000000	      3.33014023	      3.27115655	      0.00000000	     -7.28651110	      0.02543440	     -0.66706938	     -0.94971399	     -6.81637625	     -1.60875941	     26.77526799	     98.99196100	     -2.41332849	     -9.62568978	      5.78155743	     29.87098192	     98.17642948
     11.68333330	     -9.07119354	      0.56065278	     -1.97690136	     -0.51030648	      0.95592374	     -0.17138393	      8.98858168	     -1.34125351	     -4.85449858	      0.00000000	      3.31941126	      1.82398198	      0.00000000	      8.25022178	      0.39862764	     -8.12939076	      0.00000000	      4.00035979	      3.24126978	      0.00000000	     -6.74637022	      0.18176058	     -0.57702194	     -1.03197802	     -6.89835107	     -1.55237475	     26.74493893	     98.96137479	     -2.32151806	     -9.54811807	      5.87063243	     30.16804111	     98.19944673
     11.70000000	     -9.04020057	      0.55276318	     -2.07821950	     -0.51146450	      0.95740163	     -0.17143806	      9.00811478	     -1.26894388	     -4.86666659	      0.00000000	      3.33849007	      1.82852111	      0.00000000	      8.25141742	      0.39681419	     -8.12116585	      0.00000000	      4.02291981	      3.24409215	      0.00000000	     -6.63128561	      0.14885575	     -0.63478874	     -1.05043718	     -6.91259533	     -1.55023915	     26.73472317	     98.95819077	     -2.23874602	     -9.51247846	      5.88168282	     30.21750897	     98.20197725
     11.71666670	     -9.00448775	      0.49683164	     -2.13630026	     -0.50831900	      0.95338843	     -0.17027776	      8.96628496	     -1.13477587	     -4.82392439	      0.00000000	      3.41509192	      1.82123650	      0.00000000	      8.15278888	      0.32713754	     -8.11477651	      0.00000000	      4.14577616	      3.20949841	      0.00000000	     -6.36021053	      0.14908081	     -0.67366687	     -1.04849641	     -6.92153198	     -1.54269582	     26.70524850	     98.95362848	     -2.11562337	     -9.44966682	      5.89845821	     30.28858116	     98.20613264
     11.73333330	     -8.99203924	      0.43533354	     -2.19600414	     -0.51014938	      0.95347585	     -0.16952811	      8.91547963	     -0.99454211	     -4.72993098	      0.00000000	      3.53476469	      1.78037133	      0.00000000	      8.08874803	      0.23778195	     -8.10109824	      0.00000000	      4.34373607	      3.12785791	      0.00000000	     -6.08570186	      0.23998717	     -0.64637571	     -0.97681521	     -6.91662190	     -1.52862485	     26.64421553	     98.94819008	     -1.96692822	     -9.39247150	      5.91358099	     30.33942317	     98.21141005
     11.75000000	     -9.00171805	      0.27749065	     -2.32164086	     -0.50843147	      0.95659796	     -0.16929510	      8.87444264	     -0.75855680	     -4.30136558	      0.00000000	      3.74377185	      1.56871364	      0.00000000	      7.97721515	      0.01922351	     -8.00091511	      0.00000000	      4.72852769	      2.83785293	      0.00000000	     -5.93548297	      0.51378345	     -0.38728855	     -0.87460015	     -6.93066429	     -1.48059796	     26.14945872	     98.92865578	     -1.81644239	     -9.22091986	      5.98160943	     30.17302705	     98.23593890
     11.76666670	     -8.95748130	      0.28320401	     -2.32530102	     -0.50693401	      0.95656086	     -0.16864184	      8.79432872	     -0.73239327	     -4.25090189	      0.00000000	      3.71723573	      1.53665679	      0.00000000	      7.84471932	     -0.01084267	     -7.98479823	      0.00000000	      4.68216264	      2.81478633	      0.00000000	     -5.77368285	      0.45603309	     -0.39427178	     -0.76334937	     -6.90657121	     -1.47385805	     26.12165556	     98.92560622	     -1.66964199	     -9.17970250	      5.98807784	     30.17694936	     98.23871685
     11.78333330	     -9.00762513	      0.31282834	     -2.31960997	     -0.50217574	      0.95422337	     -0.16763855	      8.75194828	     -0.72757555	     -4.24227621	      0.00000000	      3.71084588	      1.53422276	      0.00000000	      7.80867313	     -0.03578875	     -7.98280613	      0.00000000	      4.67613365	      2.81096662	      0.00000000	     -5.77362028	      0.45875998	     -0.39324629	     -0.75073303	     -6.90083707	     -1.47287936	     26.11838058	     98.92541909	     -1.65639539	     -9.17337438	      5.98880959	     30.17537138	     98.23894468
     11.80000000	     -8.81482065	      0.23808857	     -2.36517634	     -0.50130575	      0.95410488	     -0.16669778	      8.41926379	     -0.60597777	     -4.09515412	      0.00000000	      3.66325188	      1.49108811	      0.00000000	      7.44910592	     -0.18751885	     -7.98195021	      0.00000000	      4.63730718	      2.73199828	      0.00000000	     -5.42217639	      0.43993738	     -0.38093579	     -0.76592481	     -6.72904885	     -1.44639906	     26.03224717	     98.92523632	     -1.66353561	     -9.07367666	      6.00508890	     30.09747498	     98.24227773
     11.81666670	     -8.09387054	      0.15165867	     -2.53520742	     -0.50195871	      0.95094976	     -0.16661829	      7.57776615	     -0.49973093	     -3.04909846	      0.00000000	      3.43441964	      0.16908536	      0.00000000	      6.53459302	     -0.31307071	     -7.81503057	      0.00000000	      4.59986422	      1.82593939	      0.00000000	     -6.22346877	      0.58672283	     -0.19859035	     -0.06502067	     -6.55537096	     -1.44196252	     24.61501292	     98.87215407	     -1.01345667	     -8.82470246	      5.97741788	     28.63630316	     98.25173008
     11.83333330	     -8.04649841	      0.13753434	     -2.56542374	     -0.49904587	      0.95060245	     -0.16629167	      7.44243514	     -0.47379606	     -3.05039410	      0.00000000	      3.45613800	      0.10901077	      0.00000000	      6.35610605	     -0.37327329	     -7.81757278	      0.00000000	      4.65277944	      1.79161254	      0.00000000	     -5.97759836	      0.64693384	     -0.16116720	     -0.13502616	     -6.50998553	     -1.43185558	     24.58704540	     98.86947229	     -1.16380324	     -8.80922057	      5.98857303	     28.55732810	     98.25316214
     11.85000000	     -7.98977993	      0.09502503	     -2.56589879	     -0.49711145	      0.94960033	     -0.16613187	      7.25155988	     -0.43250665	     -2.95500520	      0.00000000	      3.58201740	      0.01043937	      0.00000000	      6.13894856	     -0.45565673	     -7.78939176	      0.00000000	      4.85059980	      1.72028304	      0.00000000	     -5.68975348	      0.74240074	     -0.12621942	     -0.29414074	     -6.48750363	     -1.42527174	     24.52264573	     98.86423306	     -1.43795764	     -8.79778866	      5.99810684	     28.40644380	     98.25223129
     11.86666670	     -7.92771817	      0.06954820	     -2.51607847	     -0.49315452	      0.94762092	     -0.16606006	      6.97278625	     -0.42455735	     -2.74147911	      0.00000000	      3.80102457	     -0.08440858	      0.00000000	      5.80886346	     -0.50395640	     -7.65435830	      0.00000000	      5.12638119	      1.69082422	      0.00000000	     -5.29412254	      0.84285739	     -0.12394453	     -0.48758514	     -6.46427010	     -1.42075035	     24.46336078	     98.85808038	     -1.72631146	     -8.76490764	      6.00623970	     28.26102208	     98.24875846
     11.88333330	     -7.93855239	      0.03111759	     -2.39860373	     -0.49035426	      0.95144431	     -0.16655247	      6.78337215	     -0.41875162	     -2.37300671	      0.00000000	      4.37254365	     -0.38321287	      0.00000000	      5.60968519	     -0.55192122	     -7.46308099	      0.00000000	      5.69860541	      1.66593885	      0.00000000	     -4.93386744	      0.96034272	     -0.20390801	     -0.69245465	     -6.43509487	     -1.43454566	     24.37596655	     98.83369900	     -2.08676545	     -8.67923820	      5.99351003	     27.96129350	     98.22604854
     11.90000000	     -7.85056868	      0.05961508	     -2.29149823	     -0.49006416	      0.94962060	     -0.16595578	      6.55238595	     -0.49122376	     -2.23822088	      0.00000000	      4.48250660	     -0.43858776	      0.00000000	      5.40132090	     -0.52090379	     -7.41984153	      0.00000000	      5.77203102	      1.66799749	      0.00000000	     -4.58538702	      1.01048346	     -0.20233072	     -0.88175216	     -6.37654308	     -1.42764648	     24.32322123	     98.82730347	     -2.27239285	     -8.71157044	      5.97940622	     27.87693180	     98.21687993
     11.91666670	     -7.80142747	      0.08998217	     -2.16867864	     -0.48781320	      0.95087290	     -0.16581999	      6.30454148	     -0.54380453	     -2.04857286	      0.00000000	      4.69161421	     -0.50558931	      0.00000000	      5.21787000	     -0.50032791	     -7.33382034	      0.00000000	      5.88181150	      1.68962525	      0.00000000	     -4.22168062	      1.00121674	     -0.23864473	     -1.14744057	     -6.29356379	     -1.42302398	     24.24407897	     98.81818564	     -2.51636137	     -8.71406560	      5.97432260	     27.76862508	     98.20706634
     11.93333330	     -7.91132704	      0.13138926	     -2.04722863	     -0.48510294	      0.95265741	     -0.16618381	      6.20986287	     -0.61046560	     -1.79190636	      0.00000000	      5.16419979	     -0.75532303	      0.00000000	      5.21700844	     -0.46591293	     -7.22400933	      0.00000000	      6.25165973	      1.77466774	      0.00000000	     -3.70452032	      1.02388019	     -0.37722177	     -1.33629645	     -6.20274555	     -1.47143443	     24.15222371	     98.76942654	     -2.80368038	     -8.71668916	      5.93912497	     27.50707149	     98.16375535
     11.95000000	     -7.86014734	      0.14673417	     -1.98955634	     -0.48603291	      0.95121752	     -0.16602258	      5.96696420	     -0.64493554	     -1.73111760	      0.00000000	      5.20724876	     -0.79705297	      0.00000000	      5.08704799	     -0.43151431	     -7.25743194	      0.00000000	      6.29717892	      1.76265301	      0.00000000	     -3.38742156	      1.03911588	     -0.43696133	     -1.52308523	     -6.14086770	     -1.47386436	     24.09010133	     98.75877516	     -2.90789458	     -8.71706253	      5.93334024	     27.44799654	     98.15316883
     11.96666670	     -7.81276156	      0.19736485	     -1.90133706	     -0.48101256	      0.95394300	     -0.16495455	      5.66049600	     -0.67382086	     -1.64307976	      0.00000000	      5.31677575	     -0.84861983	      0.00000000	      4.87030042	     -0.40725238	     -7.23165652	      0.00000000	      6.31662515	      1.79263279	      0.00000000	     -3.03586527	      1.02961737	     -0.45601791	     -1.74552463	     -6.05679741	     -1.47727111	     24.01806021	     98.74726010	     -3.14936566	     -8.70577857	      5.93527054	     27.33386197	     98.14312398
     11.98333330	     -7.79137590	      0.25216184	     -1.78996384	     -0.48266777	      0.95444925	     -0.16467028	      5.46856625	     -0.71538929	     -1.58613818	      0.00000000	      5.54680026	     -0.95773908	      0.00000000	      4.74458876	     -0.36091342	     -7.26927329	      0.00000000	      6.31697498	      1.80382278	      0.00000000	     -2.75196646	      0.99375446	     -0.50948354	     -1.88178931	     -5.94172344	     -1.48518994	     23.97340324	     98.73048759	     -3.29347479	     -8.70729717	      5.93234766	     27.21733909	     98.12839802
     12.00000000	     -7.73388419	      0.24586466	     -1.68626079	     -0.47570618	      0.95171854	     -0.16338342	      5.22535686	     -0.68561701	     -1.42677253	      0.00000000	      5.70762092	     -0.98399839	      0.00000000	      4.49739120	     -0.44092043	     -7.18687002	      0.00000000	      6.26095087	      1.89917197	      0.00000000	     -2.44861122	      1.00295996	     -0.57717137	     -2.14696026	     -5.80528804	     -1.48797039	     23.89880318	     98.71570167	     -3.53455477	     -8.71328043	      5.93371118	     27.08736747	     98.11517767
     12.01666670	     -7.69142667	      0.20342059	     -1.58651333	     -0.47509136	      0.95372981	     -0.16334365	      5.01881043	     -0.62049881	     -1.36106594	      0.00000000	      5.86424668	     -1.05262773	      0.00000000	      4.31883390	     -0.52969895	     -7.13874272	      0.00000000	      6.22710823	      1.99483012	      0.00000000	     -2.16134495	      1.08463053	     -0.67831048	     -2.32593031	     -5.67738895	     -1.49584805	     23.85893683	     98.69840463	     -3.67335405	     -8.66662383	      5.94081906	     26.98896535	     98.10071879
     12.03333330	     -7.63165195	      0.17328067	     -1.47359540	     -0.47404962	      0.95567926	     -0.16362395	      4.81679396	     -0.57775624	     -1.29617967	      0.00000000	      5.99760499	     -1.11658164	      0.00000000	      4.11105754	     -0.58839699	     -7.11620973	      0.00000000	      6.18097106	      2.07220858	      0.00000000	     -1.92498716	      1.14968659	     -0.81488436	     -2.53234030	     -5.57502890	     -1.51085575	     23.80261627	     98.67856647	     -3.81579319	     -8.58989853	      5.95549275	     26.88213338	     98.08589515
     12.05000000	     -7.54779843	      0.11225945	     -1.30155002	     -0.47304683	      0.95194668	     -0.16342749	      4.56876439	     -0.50608167	     -1.34545321	      0.00000000	      6.19725361	     -1.34427225	      0.00000000	      3.96687539	     -0.68067081	     -7.12995740	      0.00000000	      6.15448202	      2.35186625	      0.00000000	     -1.73159261	      1.30204868	     -1.24475671	     -2.49245889	     -5.48258367	     -1.66677348	     23.82385671	     98.55229826	     -3.94850931	     -8.50087577	      5.95956168	     26.46747855	     97.98336430
     12.06666670	     -7.47180810	      0.11268240	     -1.22779091	     -0.46968237	      0.95413793	     -0.16437193	      4.33699097	     -0.53713470	     -1.31432106	      0.00000000	      6.15394349	     -1.33714297	      0.00000000	      3.74951725	     -0.68871244	     -7.12931938	      0.00000000	      6.14642476	      2.36461360	      0.00000000	     -1.49982061	      1.35162166	     -1.24103356	     -2.66043355	     -5.39124924	     -1.66316573	     23.77422777	     98.54180079	     -4.09746310	     -8.40119966	      5.97709105	     26.42401232	     97.97277630
     12.08333330	     -7.40667339	      0.11393071	     -1.27230200	     -0.46921378	      0.95620154	     -0.16356373	      4.16489014	     -0.51554040	     -1.32897697	      0.00000000	      6.18780685	     -1.36652333	      0.00000000	      3.52309936	     -0.71306406	     -7.11343200	      0.00000000	      6.10833556	      2.39568784	      0.00000000	     -1.28560641	      1.35585404	     -1.30097305	     -2.79847800	     -5.34490879	     -1.66786719	     23.73507727	     98.53059520	     -4.15861948	     -8.30458770	      5.99317391	     26.40200354	     97.96271500
     12.10000000	     -7.28593979	      0.11069188	     -1.17191370	     -0.46935624	      0.95396212	     -0.16361038	      3.91548302	     -0.53239211	     -1.30792272	      0.00000000	      6.33270625	     -1.42437520	      0.00000000	      3.24641796	     -0.71504228	     -7.09147664	      0.00000000	      6.13881836	      2.42276910	      0.00000000	     -1.07139798	      1.42761016	     -1.31141645	     -2.93832260	     -5.27191619	     -1.67869279	     23.68550973	     98.50816210	     -4.33155757	     -8.18846465	      6.01451825	     26.31593536	     97.94173164
     12.11666670	     -7.33640754	      0.12635501	     -1.15178967	     -0.46702394	      0.95453719	     -0.16271780	      3.89199176	     -0.53426356	     -1.30380128	      0.00000000	      6.33897736	     -1.42590422	      0.00000000	      3.20630653	     -0.72372093	     -7.09023354	      0.00000000	      6.13973026	      2.42312207	      0.00000000	     -1.06694777	      1.43038210	     -1.31027971	     -2.93338998	     -5.26850402	     -1.67915730	     23.68679569	     98.50722838	     -4.33173610	     -8.18145230	      6.01548652	     26.31434763	     97.94085585
     12.13333330	     -7.10321222	      0.15554997	     -1.03811457	     -0.46707643	      0.95216086	     -0.16258284	      3.49354598	     -0.57160101	     -1.20857249	      0.00000000	      6.85757049	     -1.58157434	      0.00000000	      2.85119774	     -0.68756561	     -6.96908501	      0.00000000	      6.37444419	      2.48271550	      0.00000000	     -0.87316238	      1.39989161	     -1.43967231	     -3.06514030	     -5.12742535	     -1.70954187	     23.63136224	     98.45344296	     -4.50193922	     -8.03204619	      6.04721797	     26.11062426	     97.88695892
     12.15000000	     -7.11831078	      0.16054353	     -1.03985753	     -0.46644678	      0.95695867	     -0.16266155	      3.49411493	     -0.57060022	     -1.20807855	      0.00000000	      6.85926681	     -1.58234896	      0.00000000	      2.85379249	     -0.68898167	     -6.96750766	      0.00000000	      6.37590996	      2.48292904	      0.00000000	     -0.87037275	      1.40062423	     -1.43944143	     -3.06257844	     -5.12601240	     -1.70954407	     23.63249780	     98.45322624	     -4.50078278	     -8.03137494	      6.04728330	     26.11070739	     97.88671126
     12.16666670	     -7.02368005	      0.19659060	     -1.08511282	     -0.46519338	      0.95881414	     -0.16147111	      3.37541134	     -0.59472362	     -1.16445546	      0.00000000	      6.93906260	     -1.58728665	      0.00000000	      2.72930045	     -0.64548727	     -6.85805488	      0.00000000	      6.42416352	      2.54233035	      0.00000000	     -0.68781050	      1.42875586	     -1.39699263	     -2.92191731	     -4.97371971	     -1.69676604	     23.68828331	     98.44330464	     -4.49145570	     -7.92277789	      6.06573791	     26.08800127	     97.87509922
     12.18333330	     -6.91626687	      0.23002243	     -1.07981487	     -0.46372156	      0.95747841	     -0.16158076	      3.22014185	     -0.62084856	     -1.04644070	      0.00000000	      7.08023810	     -1.57407331	      0.00000000	      2.62138904	     -0.61567712	     -6.74381195	      0.00000000	      6.59615183	      2.59750397	      0.00000000	     -0.67523498	      1.35730737	     -1.40439984	     -2.92342490	     -4.83271163	     -1.69271597	     23.66391526	     98.42279895	     -4.60847501	     -7.74962109	      6.10352260	     25.96581450	     97.85278158
     12.20000000	     -6.92582393	      0.25057461	     -1.07944274	     -0.46104878	      0.95616537	     -0.16081292	      3.21045359	     -0.61918264	     -1.04366170	      0.00000000	      7.08417743	     -1.57397909	      0.00000000	      2.60839699	     -0.62472806	     -6.74069637	      0.00000000	      6.60378288	      2.59858026	      0.00000000	     -0.67776139	      1.36008592	     -1.40711734	     -2.91327104	     -4.83155466	     -1.69334015	     23.66524288	     98.42172377	     -4.59831344	     -7.74783515	      6.10349942	     25.96441985	     97.85146272
     12.21666670	     -6.82284531	      0.25887459	     -1.16066365	     -0.45942207	      0.95612723	     -0.15995450	      3.07635293	     -0.59994264	     -1.03669790	      0.00000000	      7.15660138	     -1.59177970	      0.00000000	      2.41568126	     -0.66462258	     -6.68736491	      0.00000000	      6.76193152	      2.61207686	      0.00000000	     -0.52640026	      1.31156627	     -1.38807704	     -2.82017348	     -4.71904300	     -1.68729529	     23.67965102	     98.40758822	     -4.60422727	     -7.67892715	      6.11629498	     25.90257954	     97.83287825
     12.23333330	     -6.82009779	      0.27524422	     -1.15272849	     -0.46168903	      0.95487527	     -0.15957956	      3.07686121	     -0.59373604	     -1.03649870	      0.00000000	      7.16004118	     -1.59202681	      0.00000000	      2.39012662	     -0.67416898	     -6.68928871	      0.00000000	      6.77385685	      2.61042422	      0.00000000	     -0.52291354	      1.31222161	     -1.38763828	     -2.82138632	     -4.71530326	     -1.68729332	     23.67684785	     98.40651722	     -4.61081354	     -7.67375196	      6.11751326	     25.89512946	     97.83150823
     12.25000000	     -6.67090614	      0.26924317	     -1.19744669	     -0.46029842	      0.95428483	     -0.16106776	      2.86548860	     -0.57325029	     -1.08825754	      0.00000000	      7.16998586	     -1.62632193	      0.00000000	      2.16692156	     -0.68642089	     -6.73563907	      0.00000000	      6.98506623	      2.55528787	      0.00000000	     -0.39866295	      1.28846571	     -1.38258614	     -2.75525058	     -4.60727456	     -1.68269901	     23.66450013	     98.38699357	     -4.67672173	     -7.51840599	      6.14981500	     25.77897393	     97.80712677
     12.26666670	     -6.68267393	      0.27996664	     -1.19174437	     -0.46004965	      0.95326863	     -0.16044470	      2.85316728	     -0.57061900	     -1.08830095	      0.00000000	      7.17084060	     -1.62656697	      0.00000000	      2.15179348	     -0.68188247	     -6.73881970	      0.00000000	      6.99660709	      2.55224074	      0.00000000	     -0.40426000	      1.29430141	     -1.38674302	     -2.75111748	     -4.60810594	     -1.68339816	     23.66270006	     98.38563249	     -4.67218902	     -7.51643790	      6.15024812	     25.77306311	     97.80535296
     12.28333330	     -6.57561919	      0.33006062	     -1.14973251	     -0.46067152	      0.95640469	     -0.15983564	      2.71401282	     -0.63053406	     -1.11000318	      0.00000000	      7.21534840	     -1.65258091	      0.00000000	      2.02312897	     -0.61470957	     -6.81904602	      0.00000000	      7.19660829	      2.47194870	      0.00000000	     -0.37534016	      1.31845539	     -1.44828750	     -2.64767812	     -4.53170701	     -1.68206738	     23.66345416	     98.36271929	     -4.59270903	     -7.47378022	      6.16256265	     25.67686063	     97.77456375
     12.30000000	     -6.58104998	      0.33435948	     -1.16340074	     -0.45891055	      0.95260567	     -0.16009299	      2.69725718	     -0.63048899	     -1.11318914	      0.00000000	      7.21520022	     -1.65406148	      0.00000000	      2.01493606	     -0.62191607	     -6.81724582	      0.00000000	      7.20026352	      2.47242381	      0.00000000	     -0.38542927	      1.31405808	     -1.45259775	     -2.64250188	     -4.53152581	     -1.68249714	     23.66335604	     98.36165298	     -4.58739337	     -7.47301330	      6.16314354	     25.67286970	     97.77323029
     12.31666670	     -6.38004019	      0.34407260	     -1.16410818	     -0.45740642	      0.95418570	     -0.15905520	      2.43427575	     -0.61578294	     -1.20743785	      0.00000000	      7.24160476	     -1.72541786	      0.00000000	      1.69921980	     -0.61849838	     -6.88928887	      0.00000000	      7.43379556	      2.38349911	      0.00000000	     -0.44128044	      1.27437695	     -1.51404855	     -2.58950245	     -4.44368101	     -1.68324686	     23.63327866	     98.31215397	     -4.69433615	     -7.43486829	      6.20319690	     25.40369570	     97.70901939
     12.33333330	     -6.40578367	      0.35497283	     -1.18311558	     -0.45712275	      0.95226847	     -0.15900739	      2.39409582	     -0.61175562	     -1.21090026	      0.00000000	      7.24149210	     -1.72686349	      0.00000000	      1.70369757	     -0.62152464	     -6.88753076	      0.00000000	      7.43446577	      2.38445056	      0.00000000	     -0.44604846	      1.27501146	     -1.52075816	     -2.58775272	     -4.44439506	     -1.68353916	     23.63268962	     98.31108693	     -4.68478669	     -7.43568791	      6.20343389	     25.40263265	     97.70756869
     12.35000000	     -6.42907702	      0.36764127	     -1.18861399	     -0.45574596	      0.94980218	     -0.15882260	      2.36055412	     -0.60946759	     -1.21403521	      0.00000000	      7.24081225	     -1.72940780	      0.00000000	      1.68464413	     -0.62828395	     -6.88794537	      0.00000000	      7.43606523	      2.38303757	      0.00000000	     -0.44486583	      1.27525488	     -1.52728049	     -2.58392174	     -4.44340760	     -1.68349745	     23.63301319	     98.30967644	     -4.67385498	     -7.43719124	      6.20382031	     25.40124114	     97.70559077
     12.36666670	     -5.90392445	      0.37131929	     -1.05160585	     -0.45534651	      0.95203078	     -0.15871815	      1.67719146	     -0.59662833	     -1.38699158	      0.00000000	      7.28971480	     -2.01825727	      0.00000000	      1.05408403	     -0.63778686	     -6.74565119	      0.00000000	      7.59484602	      2.36403978	      0.00000000	     -0.91594255	      1.23664949	     -1.86606763	     -2.35273311	     -4.34022321	     -1.66179501	     23.52424671	     98.08731476	     -4.40731088	     -7.47175284	      6.37999488	     24.83262365	     97.40415591
     12.38333330	     -5.93183969	      0.38060596	     -1.05119113	     -0.45473468	      0.95217212	     -0.15867259	      1.66016234	     -0.59237581	     -1.38618850	      0.00000000	      7.28813656	     -2.01809113	      0.00000000	      1.03853809	     -0.64508135	     -6.74694851	      0.00000000	      7.59335107	      2.36313633	      0.00000000	     -0.91282487	      1.23869512	     -1.86657396	     -2.35413811	     -4.33949080	     -1.66139544	     23.52332917	     98.08634737	     -4.40565685	     -7.47280491	      6.38062346	     24.83220017	     97.40268854
     12.40000000	     -5.86325499	      0.34538838	     -1.02850515	     -0.45404037	      0.95518854	     -0.15852147	      1.51920554	     -0.53400349	     -1.37745232	      0.00000000	      7.24927295	     -2.02287883	      0.00000000	      0.86372181	     -0.71175844	     -6.75005842	      0.00000000	      7.51960383	      2.36680388	      0.00000000	     -0.72627153	      1.23821970	     -1.85345038	     -2.43620118	     -4.30286315	     -1.65035632	     23.49574817	     98.06916822	     -4.48729537	     -7.48139531	      6.39886521	     24.78711949	     97.37685153
     12.41666670	     -5.88535196	      0.35296406	     -1.01262289	     -0.45386573	      0.95533771	     -0.15825439	      1.53557514	     -0.53371113	     -1.37581605	      0.00000000	      7.24787667	     -2.02274540	      0.00000000	      0.81920251	     -0.71856994	     -6.75054768	      0.00000000	      7.51314916	      2.36710083	      0.00000000	     -0.72592500	      1.24096666	     -1.85302700	     -2.44031521	     -4.30206769	     -1.64994725	     23.49367817	     98.06816455	     -4.49214947	     -7.48126635	      6.40008410	     24.78362849	     97.37542822
     12.43333330	     -5.81101528	      0.33663092	     -0.98834213	     -0.45338360	      0.95534525	     -0.15790602	      1.40181094	     -0.49909801	     -1.34146017	      0.00000000	      7.22461747	     -2.02088167	      0.00000000	      0.63009363	     -0.76245869	     -6.68844694	      0.00000000	      7.33163971	      2.41809936	      0.00000000	     -0.60971066	      1.23191059	     -1.82535751	     -2.55813485	     -4.25567803	     -1.63703682	     23.44587544	     98.04697461	     -4.67764288	     -7.50217288	      6.42733073	     24.67333392	     97.34520439
     12.45000000	     -5.82485175	      0.34182031	     -0.97809032	     -0.45349566	      0.95680827	     -0.15798305	      1.42886216	     -0.49761944	     -1.34016193	      0.00000000	      7.22578442	     -2.02145173	      0.00000000	      0.59155509	     -0.76548881	     -6.68832558	      0.00000000	      7.32470984	      2.41841921	      0.00000000	     -0.60941180	      1.23182329	     -1.82797037	     -2.55931935	     -4.25506313	     -1.63679736	     23.44465011	     98.04579926	     -4.67749041	     -7.50258165	      6.42857275	     24.67029030	     97.34361805
     12.46666670	     -5.83072611	      0.34786074	     -0.96814351	     -0.45305048	      0.95546968	     -0.15758451	      1.44737594	     -0.49552009	     -1.33761883	      0.00000000	      7.22622096	     -2.02114001	      0.00000000	      0.55295183	     -0.76908299	     -6.68529589	      0.00000000	      7.31419844	      2.42052532	      0.00000000	     -0.60897584	      1.23066925	     -1.83052501	     -2.55873889	     -4.25459731	     -1.63662806	     23.44375912	     98.04440276	     -4.67752192	     -7.50344481	      6.43000869	     24.66593130	     97.34179608
     12.48333330	     -5.76381495	      0.36484450	     -1.03089354	     -0.45169355	      0.95568513	     -0.15792792	      1.37942001	     -0.50590864	     -1.28827158	      0.00000000	      7.27016403	     -2.02583113	      0.00000000	      0.43784272	     -0.74735889	     -6.59085893	      0.00000000	      7.17378137	      2.46691543	      0.00000000	     -0.56193345	      1.19043963	     -1.89384415	     -2.61150478	     -4.25046470	     -1.63613992	     23.41181635	     98.02098579	     -4.72788345	     -7.53307022	      6.45411922	     24.57120480	     97.31249826
     12.50000000	     -5.76947284	      0.36924426	     -1.00843730	     -0.45088365	      0.95484099	     -0.15743180	      1.37366481	     -0.50097032	     -1.28108098	      0.00000000	      7.27387865	     -2.02485624	      0.00000000	      0.42628232	     -0.73526377	     -6.58926112	      0.00000000	      7.16986063	      2.46579567	      0.00000000	     -0.56525644	      1.18929273	     -1.89391685	     -2.60784692	     -4.25090820	     -1.63630236	     23.41131205	     98.01909253	     -4.73179322	     -7.53302629	      6.45629072	     24.56342523	     97.31021550
     12.51666670	     -5.57165169	      0.45926518	     -0.89086180	     -0.44980744	      0.95385303	     -0.15752227	      1.09397353	     -0.61408235	     -1.16495685	      0.00000000	      7.63538792	     -2.14105644	      0.00000000	      0.15497494	     -0.64057491	     -6.31588626	      0.00000000	      7.06414360	      2.38425939	      0.00000000	     -0.68731324	      1.07465830	     -2.22142956	     -2.51016589	     -4.13781658	     -1.63536716	     23.30470628	     97.84895812	     -4.76745757	     -7.57243457	      6.63610615	     23.98422523	     97.10294364
     12.53333330	     -5.57785134	      0.46284384	     -0.88896368	     -0.45029060	      0.95529260	     -0.15697941	      1.09243293	     -0.59979236	     -1.16329676	      0.00000000	      7.63508615	     -2.13996623	      0.00000000	      0.14879463	     -0.63124149	     -6.31476101	      0.00000000	      7.06631056	      2.38217315	      0.00000000	     -0.68416145	      1.07283936	     -2.22670288	     -2.51491636	     -4.14434351	     -1.63633170	     23.30124552	     97.84732047	     -4.76487704	     -7.57037435	      6.63784765	     23.98211809	     97.10100660
     12.55000000	     -5.58045107	      0.46481287	     -0.88924451	     -0.45022976	      0.95569986	     -0.15696074	      1.09129758	     -0.59864768	     -1.16282613	      0.00000000	      7.63514598	     -2.13980376	      0.00000000	      0.14768540	     -0.63152474	     -6.31430028	      0.00000000	      7.06667161	      2.38189843	      0.00000000	     -0.68370632	      1.07236259	     -2.22771301	     -2.51560923	     -4.14535460	     -1.63649542	     23.30070152	     97.84707829	     -4.76418069	     -7.57021430	      6.63807178	     23.98182719	     97.10072531
     12.56666670	     -5.49023187	      0.51050523	     -0.83935306	     -0.44975464	      0.95444955	     -0.15732127	      0.93392567	     -0.64303419	     -1.06835779	      0.00000000	      7.67756648	     -2.10866224	      0.00000000	      0.01058906	     -0.57336545	     -6.18693506	      0.00000000	      7.17048690	      2.33938357	      0.00000000	     -0.59112475	      1.00898199	     -2.33793507	     -2.61300867	     -4.26360162	     -1.65803867	     23.19876004	     97.79384617	     -4.71567038	     -7.56479340	      6.68672928	     23.86322778	     97.03762716
     12.58333330	     -5.47507781	      0.51935367	     -0.84861356	     -0.45116405	      0.95525082	     -0.15670831	      0.92573166	     -0.63569543	     -1.07162242	      0.00000000	      7.68246490	     -2.11096915	      0.00000000	      0.03360824	     -0.56839210	     -6.18298711	      0.00000000	      7.17566172	      2.33740262	      0.00000000	     -0.59091058	      1.00969690	     -2.33949939	     -2.61387490	     -4.26335750	     -1.65804856	     23.19645085	     97.79217863	     -4.71452935	     -7.56372480	      6.68850454	     23.85919162	     97.03560070
     12.60000000	     -5.48758049	      0.53292292	     -0.85104488	     -0.44975639	      0.95630148	     -0.15681018	      0.91776359	     -0.63936943	     -1.07055698	      0.00000000	      7.68593518	     -2.11171931	      0.00000000	      0.03478916	     -0.57443270	     -6.17998869	      0.00000000	      7.17707882	      2.33477097	      0.00000000	     -0.59544690	      1.00806534	     -2.34321005	     -2.61040302	     -4.26221078	     -1.65810374	     23.19490294	     97.79041017	     -4.70492302	     -7.56382855	      6.68992206	     23.85708913	     97.03342019
     12.61666670	     -5.49633827	      0.54671662	     -0.84764832	     -0.44956739	      0.95549531	     -0.15649783	      0.90180212	     -0.64567112	     -1.06788511	      0.00000000	      7.69218695	     -2.11207093	      0.00000000	      0.03284402	     -0.57563249	     -6.17848982	      0.00000000	      7.17789104	      2.33055582	      0.00000000	     -0.59669344	      1.00730557	     -2.34842326	     -2.60903253	     -4.26251026	     -1.65840738	     23.19176426	     97.78822236	     -4.69391511	     -7.56258099	      6.69187221	     23.85460083	     97.03079247
     12.63333330	     -5.50279847	      0.55729634	     -0.84180015	     -0.44889323	      0.95409304	     -0.15657955	      0.87904533	     -0.65749524	     -1.06300091	      0.00000000	      7.70005709	     -2.11269047	      0.00000000	      0.02983065	     -0.57840269	     -6.17909114	      0.00000000	      7.17780999	      2.32435427	      0.00000000	     -0.59587572	      1.00571581	     -2.35440770	     -2.60653574	     -4.26417791	     -1.65901207	     23.18808757	     97.78576610	     -4.68038086	     -7.55988135	      6.69416484	     23.85250040	     97.02791322
     12.65000000	     -5.44231055	      0.60981496	     -0.74697832	     -0.44915913	      0.95408274	     -0.15687593	      0.74081260	     -0.73134972	     -1.02302122	      0.00000000	      7.78703443	     -2.13412390	      0.00000000	     -0.02452346	     -0.50492190	     -6.18816837	      0.00000000	      7.18100762	      2.25025823	      0.00000000	     -0.53778481	      0.99377203	     -2.42584146	     -2.61137941	     -4.29829895	     -1.66854233	     23.13609652	     97.75785319	     -4.55146262	     -7.50959123	      6.72314953	     23.82758950	     96.99606397
     12.66666670	     -5.45656233	      0.60998079	     -0.75772929	     -0.44925231	      0.95630629	     -0.15682317	      0.71790480	     -0.73400638	     -1.02532673	      0.00000000	      7.79085685	     -2.13737743	      0.00000000	     -0.01491191	     -0.50737499	     -6.18467490	      0.00000000	      7.17932980	      2.24755208	      0.00000000	     -0.53914525	      0.99035368	     -2.42690720	     -2.60961767	     -4.29955850	     -1.66907622	     23.13357134	     97.75609971	     -4.54847741	     -7.50764310	      6.72503480	     23.82386898	     96.99409473
     12.68333330	     -5.32806815	      0.62295791	     -0.72745021	     -0.44814942	      0.95629588	     -0.15661686	      0.53709524	     -0.75554073	     -1.04464851	      0.00000000	      7.85128793	     -2.20544821	      0.00000000	     -0.16835371	     -0.48983835	     -6.14710828	      0.00000000	      7.06253341	      2.15028109	      0.00000000	     -0.51705340	      0.93974777	     -2.44177895	     -2.50320120	     -4.35173842	     -1.68859957	     23.06668327	     97.70225999	     -4.42965666	     -7.41885657	      6.78469793	     23.72379224	     96.93458826
     12.70000000	     -5.33851960	      0.62783571	     -0.72636528	     -0.44719747	      0.95737541	     -0.15639100	      0.53008484	     -0.75806225	     -1.04188360	      0.00000000	      7.85173129	     -2.20632690	      0.00000000	     -0.16993196	     -0.48798771	     -6.14375771	      0.00000000	      7.05781306	      2.14513175	      0.00000000	     -0.53410432	      0.94971695	     -2.44312503	     -2.50610986	     -4.34782443	     -1.68855390	     23.05933336	     97.69938282	     -4.42749899	     -7.42116921	      6.78710205	     23.71519861	     96.93113457
     12.71666670	     -5.26491428	      0.64451293	     -0.68952677	     -0.44771435	      0.95958176	     -0.15645130	      0.45688375	     -0.79002245	     -0.95860732	      0.00000000	      7.85780244	     -2.19762656	      0.00000000	     -0.23049462	     -0.45756638	     -6.08558684	      0.00000000	      6.95216232	      2.09034500	      0.00000000	     -0.67556701	      1.06724026	     -2.47725015	     -2.54840879	     -4.28930723	     -1.69071370	     22.95136524	     97.65765487	     -4.38376327	     -7.41956902	      6.82645925	     23.60069684	     96.88247531
     12.73333330	     -5.20960808	      0.62192373	     -0.70633764	     -0.44800912	      0.96077180	     -0.15599074	      0.42123272	     -0.73489128	     -0.94451001	      0.00000000	      7.85865761	     -2.20019527	      0.00000000	     -0.30909665	     -0.50936840	     -6.05799030	      0.00000000	      6.88095283	      2.06543721	      0.00000000	     -0.66681862	      0.96684245	     -2.48337985	     -2.47369696	     -4.31159377	     -1.70382186	     22.93120922	     97.63408723	     -4.33020039	     -7.38764022	      6.85186695	     23.55997490	     96.85784518
     12.75000000	     -5.22345535	      0.63715005	     -0.69146628	     -0.44696862	      0.96083090	     -0.15555204	      0.43413419	     -0.73669549	     -0.94119300	      0.00000000	      7.85557802	     -2.19825224	      0.00000000	     -0.34629329	     -0.51462920	     -6.05873786	      0.01160990	      6.87109315	      2.06253701	      0.00000000	     -0.67225675	      0.97447781	     -2.48315623	     -2.47004533	     -4.30898172	     -1.70421014	     22.92780575	     97.63207862	     -4.32576445	     -7.38774818	      6.85355441	     23.55584860	     96.85559226
     12.76666670	     -5.21308050	      0.64658448	     -0.68995757	     -0.44824120	      0.96195425	     -0.15565473	      0.45377786	     -0.73296880	     -0.94001582	      0.00000000	      7.85149557	     -2.19570921	      0.00000000	     -0.37436338	     -0.51263516	     -6.05981734	      0.01721162	      6.85694065	      2.06017370	      0.00000000	     -0.67150916	      0.97946013	     -2.48423154	     -2.46965195	     -4.30423215	     -1.70456665	     22.92284082	     97.62974059	     -4.32322193	     -7.38742933	      6.85574829	     23.55058827	     96.85303317
     12.78333330	     -4.61870948	      0.65459826	     -0.81703964	     -0.44869728	      0.96379760	     -0.15522533	     -0.11582054	     -0.73389003	     -0.92608628	      0.00000000	      7.70455760	     -2.00533884	      0.00000000	     -1.01539900	     -0.49684749	     -6.01293019	      0.00000000	      6.16233503	      1.59771209	      0.00000000	     -1.44342327	      1.03743138	     -1.50712534	     -2.37440403	     -4.04559812	     -2.22155238	     22.21864098	     88.61746845	     -2.52045639	     -7.93318262	     15.28373402	     21.19387003	     85.67690095
     12.80000000	     -4.56576679	      0.66365720	     -0.84191314	     -0.45016327	      0.96469190	     -0.15485396	     -0.12919844	     -0.72616577	     -0.93178299	      0.00000000	      7.70130594	     -2.00482814	      0.00000000	     -0.94651888	     -0.49567863	     -6.01310130	      0.00000000	      6.16246166	      1.59655855	      0.00000000	     -1.44245767	      1.03777192	     -1.51223412	     -2.37594016	     -4.04524645	     -2.22004543	     22.21754448	     88.61753791	     -2.51791738	     -7.93216669	     15.28256858	     21.19538403	     85.67547723
     12.81666670	     -4.57390745	      0.67604250	     -0.96838814	     -0.44971543	      0.96418045	     -0.15495952	     -0.04883019	     -0.72685068	     -0.99019866	      0.00000000	      7.61499217	     -1.98259446	      0.00000000	     -0.88747037	     -0.49072277	     -6.03806347	      0.00000000	      6.12469193	      1.58261673	      0.00000000	     -1.52621437	      1.02954345	     -1.55673782	     -2.30564523	     -4.01926194	     -2.20372581	     22.22664214	     88.61797627	     -2.42279420	     -7.93278337	     15.26692763	     21.22375822	     85.66049329
     12.83333330	     -4.56688338	      0.69528406	     -1.01911698	     -0.45035702	      0.96299902	     -0.15474537	      0.02233810	     -0.73254519	     -1.11041203	      0.00000000	      7.31006399	     -1.85596505	      0.00000000	     -0.79032040	     -0.46616218	     -6.17397512	      0.00000000	      6.01682401	      1.50401509	      0.00000000	     -1.74075397	      1.02075616	     -1.56411590	     -2.06256759	     -3.99336985	     -2.14812715	     22.22986268	     88.61672379	     -2.31834443	     -7.93866828	     15.21129228	     21.26212888	     85.59707173
     12.85000000	     -4.52441015	      0.69556378	     -1.03856395	     -0.45110173	      0.96244047	     -0.15470671	      0.00984963	     -0.72992565	     -1.11416857	      0.00000000	      7.30839581	     -1.85548052	      0.00000000	     -0.74609403	     -0.46358707	     -6.17253837	      0.00000000	      6.01773113	      1.50401548	      0.00000000	     -1.74114628	      1.02170180	     -1.56680427	     -2.06469574	     -3.99374526	     -2.14722364	     22.22755154	     88.61664487	     -2.31798631	     -7.93845573	     15.21037947	     21.26259901	     85.59588811
     12.86666670	     -4.49554814	      0.70131105	     -1.10902823	     -0.45098111	      0.96210114	     -0.15507215	      0.03971015	     -0.72853813	     -1.13862721	      0.00000000	      7.29187452	     -1.85212965	      0.00000000	     -0.73092796	     -0.44944039	     -6.16720294	      0.00000000	      6.02868671	      1.49982617	      0.00000000	     -1.79012664	      1.03623918	     -1.58837944	     -2.05814589	     -3.99415397	     -2.14172849	     22.21490982	     88.61578194	     -2.29056192	     -7.93553054	     15.20363306	     21.27161169	     85.58785795
     12.88333330	     -4.48903595	      0.70200321	     -1.10147434	     -0.45076881	      0.96066263	     -0.15499751	      0.06162700	     -0.73108476	     -1.13804507	      0.00000000	      7.29000355	     -1.84956257	      0.00000000	     -0.75264696	     -0.44814685	     -6.16668280	      0.00000000	      6.03158426	      1.49872898	      0.00000000	     -1.79998287	      1.03950588	     -1.58791249	     -2.05367621	     -3.99524030	     -2.14091070	     22.21346514	     88.61555727	     -2.28962168	     -7.93363007	     15.20268543	     21.27251483	     85.58638937
     12.90000000	     -4.48324496	      0.70118632	     -1.11307966	     -0.45033589	      0.96158844	     -0.15496816	      0.04974770	     -0.73552550	     -1.14078417	      0.00000000	      7.28753181	     -1.84918772	      0.00000000	     -0.73506368	     -0.45000474	     -6.16508885	      0.00000000	      6.03447235	      1.49804865	      0.00000000	     -1.80701935	      1.04246499	     -1.58777010	     -2.05177796	     -3.99633146	     -2.14045979	     22.21190194	     88.61535824	     -2.29015667	     -7.93146602	     15.20220070	     21.27299386	     85.58539298
     12.91666670	     -4.45591782	      0.70454178	     -1.24261979	     -0.45160880	      0.96215744	     -0.15454285	      0.06557231	     -0.73860918	     -1.18994522	      0.00000000	      7.24397271	     -1.84306709	      0.00000000	     -0.77501223	     -0.43551256	     -6.14671925	      0.00000000	      6.09280402	      1.48197554	      0.00000000	     -1.90781945	      1.08830993	     -1.59365594	     -2.01905853	     -4.01504428	     -2.13500439	     22.18812847	     88.61203069	     -2.27875107	     -7.90828215	     15.19348792	     21.28377617	     85.57084031
     12.93333330	     -4.37451241	      0.69268703	     -1.18154365	     -0.45111182	      0.96002404	     -0.15483108	     -0.03513929	     -0.73142170	     -1.19977204	      0.00000000	      7.15209539	     -1.80778970	      0.00000000	     -0.84048158	     -0.44020647	     -6.16937141	      0.00000000	      6.19237351	      1.42709879	      0.00000000	     -2.02375659	      1.12278583	     -1.54388255	     -1.93094770	     -4.05088323	     -2.12664406	     22.15856705	     88.60572122	     -2.31171533	     -7.88149868	     15.17852318	     21.28930526	     85.54553481
     12.95000000	     -4.33675337	      0.68691881	     -1.31988231	     -0.45120423	      0.95841738	     -0.15484756	     -0.06000685	     -0.72579832	     -1.24146835	      0.00000000	      7.11702228	     -1.81280918	      0.00000000	     -0.92466470	     -0.45307600	     -6.15593577	      0.00000000	      6.22963510	      1.41078812	      0.00000000	     -2.07802339	      1.14179886	     -1.57484767	     -1.93519529	     -4.06892237	     -2.12194132	     22.12641228	     88.60182753	     -2.28368207	     -7.86962622	     15.16836989	     21.30744727	     85.53131101
     12.96666670	     -4.34488423	      0.68574418	     -1.31627156	     -0.45103824	      0.95743731	     -0.15495261	     -0.06957321	     -0.73434074	     -1.24394126	      0.00000000	      7.11111056	     -1.81286062	      0.00000000	     -0.94559798	     -0.46333077	     -6.15815670	      0.00000000	      6.23554580	      1.40599487	      0.00000000	     -2.08518423	      1.14580485	     -1.57040130	     -1.92954731	     -4.07184199	     -2.12137739	     22.12433425	     88.60130078	     -2.28676572	     -7.86891811	     15.16718096	     21.30782642	     85.52948583
     12.98333330	     -4.19565455	      0.64463122	     -1.46037702	     -0.45117506	      0.95804165	     -0.15479079	     -0.20522135	     -0.69670735	     -1.35555428	      0.00000000	      6.97153502	     -1.84608252	      0.00000000	     -1.17090094	     -0.50307246	     -6.16604819	      0.00000000	      6.35880745	      1.30507262	      0.00000000	     -2.20277375	      1.25138173	     -1.48814753	     -1.87431215	     -4.17030563	     -2.11430439	     22.05935790	     88.58840759	     -2.40358168	     -7.84446066	     15.14517370	     21.30954818	     85.49044467
     13.00000000	     -4.20829673	      0.64556005	     -1.43007326	     -0.45087461	      0.95786722	     -0.15482106	     -0.18637846	     -0.69940040	     -1.34334760	      0.00000000	      6.96874877	     -1.84114079	      0.00000000	     -1.21821104	     -0.51036484	     -6.16799374	      0.00000000	      6.36110725	      1.30048941	      0.00000000	     -2.21072594	      1.25411367	     -1.48768017	     -1.87098585	     -4.17049138	     -2.11310483	     22.05667791	     88.58779792	     -2.40007646	     -7.84261354	     15.14359040	     21.31304903	     85.48827332
     13.01666670	     -4.19148877	      0.64807554	     -1.42857906	     -0.45314502	      0.96187352	     -0.15435945	     -0.17966308	     -0.69684687	     -1.33777171	      0.00000000	      6.96701819	     -1.83858608	      0.00000000	     -1.20878666	     -0.51710728	     -6.16629733	      0.00000000	      6.36405350	      1.29768776	      0.00000000	     -2.20993942	      1.25847425	     -1.48988734	     -1.87036869	     -4.17227318	     -2.11229727	     22.05411778	     88.58723231	     -2.39568754	     -7.84336355	     15.14199643	     21.31635826	     85.48644657
     13.03333330	     -4.15395313	      0.59275685	     -1.43934369	     -0.45394597	      0.96138481	     -0.15422449	     -0.15538000	     -0.62110968	     -1.23401311	      0.00000000	      6.86904018	     -1.77778545	      0.00000000	     -1.16737093	     -0.59275908	     -6.13601389	      0.00000000	      6.34230857	      1.25861697	      0.00000000	     -2.39317869	      1.31551067	     -1.54473690	     -1.68876231	     -4.17639935	     -2.09575571	     22.05328245	     88.57722754	     -2.11618032	     -7.93084364	     15.09900291	     21.41064882	     85.45313692
     13.05000000	     -4.13941898	      0.60032035	     -1.44221246	     -0.45210049	      0.96086799	     -0.15431020	     -0.17179746	     -0.62018674	     -1.23217279	      0.00000000	      6.86394062	     -1.77640961	      0.00000000	     -1.14225898	     -0.59904149	     -6.13478858	      0.00000000	      6.33876902	      1.25759264	      0.00000000	     -2.40284316	      1.31744257	     -1.54169236	     -1.68277684	     -4.17587952	     -2.09501342	     22.05293138	     88.57685636	     -2.11552756	     -7.93143666	     15.09831820	     21.41144968	     85.45202590
     13.06666670	     -4.12619746	      0.60413208	     -1.44011717	     -0.45204591	      0.95914617	     -0.15449556	     -0.17101062	     -0.61912076	     -1.23101638	      0.00000000	      6.86256919	     -1.77558447	      0.00000000	     -1.13945276	     -0.60223490	     -6.13509987	      0.00000000	      6.33770436	      1.25714083	      0.00000000	     -2.40523532	      1.31796703	     -1.54075608	     -1.68151813	     -4.17566960	     -2.09477473	     22.05265513	     88.57673919	     -2.11572141	     -7.93205560	     15.09808630	     21.41154037	     85.45168190
     13.08333330	     -4.12265457	      0.60399314	     -1.43735039	     -0.45181633	      0.95924563	     -0.15444061	     -0.17136794	     -0.62169430	     -1.22991136	      0.00000000	      6.86196538	     -1.77512196	      0.00000000	     -1.13612911	     -0.60519300	     -6.13541607	      0.00000000	      6.33727995	      1.25651430	      0.00000000	     -2.40681801	      1.31845205	     -1.54010606	     -1.68030733	     -4.17580314	     -2.09465313	     22.05263108	     88.57664830	     -2.11556401	     -7.93254845	     15.09790873	     21.41175473	     85.45143885
     13.10000000	     -4.10482111	      0.59196027	     -1.33570316	     -0.45325906	      0.95964757	     -0.15425061	     -0.20834868	     -0.60830624	     -1.20150886	      0.00000000	      6.84452049	     -1.76452803	      0.00000000	     -1.07737797	     -0.63235865	     -6.15293967	      0.00000000	      6.31820956	      1.23299526	      0.00000000	     -2.47139058	      1.32852085	     -1.51531394	     -1.63455205	     -4.18387152	     -2.09012636	     22.05218237	     88.57281482	     -2.10990699	     -7.96035816	     15.09002349	     21.41987622	     85.44147382
     13.11666670	     -4.11921085	      0.59182063	     -1.32700569	     -0.45097302	      0.95736104	     -0.15462759	     -0.20584569	     -0.60606399	     -1.19680107	      0.00000000	      6.84316934	     -1.76395357	      0.00000000	     -1.10559529	     -0.63726494	     -6.15192596	      0.00664404	      6.31289521	      1.23127039	      0.00000000	     -2.48230976	      1.32832588	     -1.51655196	     -1.62831747	     -4.18484540	     -2.08956105	     22.05238460	     88.57219197	     -2.10319820	     -7.96334966	     15.08884220	     21.42310378	     85.43999468
     13.13333330	     -4.14543502	      0.59296651	     -1.30417987	     -0.45106006	      0.95808334	     -0.15441632	     -0.20662497	     -0.60257954	     -1.18983903	      0.00000000	      6.84684610	     -1.76448441	      0.00000000	     -1.14752980	     -0.64433248	     -6.15191982	      0.00000000	      6.30861683	      1.22762345	      0.00000000	     -2.48274681	      1.32919677	     -1.51492825	     -1.62475869	     -4.18912985	     -2.08913840	     22.05257443	     88.57128488	     -2.10572952	     -7.96566146	     15.08791781	     21.42523250	     85.43805589
     13.15000000	     -4.07788307	      0.55708009	     -1.21245766	     -0.45189841	      0.95741208	     -0.15450960	     -0.31436356	     -0.56588117	     -1.12093525	      0.00000000	      6.93930882	     -1.79023190	      0.00000000	     -1.23627174	     -0.67893115	     -6.11906379	      0.00000000	      6.30769799	      1.19785159	      0.00000000	     -2.44774216	      1.32682466	     -1.49548570	     -1.60164633	     -4.23596076	     -2.08619155	     22.06417161	     88.56270507	     -2.16370913	     -7.98907408	     15.08105080	     21.43886506	     85.42067317
     13.16666670	     -4.08496460	      0.55990853	     -1.21513615	     -0.45140244	      0.95733463	     -0.15458013	     -0.30888665	     -0.55943317	     -1.11748018	      0.00000000	      6.94909496	     -1.79397324	      0.00000000	     -1.26076804	     -0.67491082	     -6.11336030	      0.00000000	      6.30858631	      1.19659224	      0.00000000	     -2.44984965	      1.32786895	     -1.49915562	     -1.60411100	     -4.23741168	     -2.08563652	     22.06427400	     88.56205953	     -2.16472087	     -7.98983788	     15.08062712	     21.44103604	     85.41936162
     13.18333330	     -3.89969073	      0.56439047	     -1.22209408	     -0.45148639	      0.95708689	     -0.15433336	     -0.55363319	     -0.56440705	     -0.77920223	      0.00000000	      7.66938494	     -2.02691486	      0.00000000	     -1.49108335	     -0.66091412	     -5.82194583	      0.00000000	      6.58868009	      0.98257502	      0.00000000	     -2.61596888	      1.32447193	     -1.64107851	     -1.61484566	     -4.26688366	     -2.01080975	     22.20348731	     88.50559389	     -2.33045430	     -8.03915111	     15.04676872	     21.63751101	     85.29874351
     13.20000000	     -3.87632535	      0.56724362	     -1.22768860	     -0.45281469	      0.95820047	     -0.15398510	     -0.56606989	     -0.56200001	     -0.78224714	      0.00000000	      7.66779262	     -2.02847195	      0.00000000	     -1.46142768	     -0.66130629	     -5.81982895	      0.00000000	      6.58807552	      0.98230273	      0.00000000	     -2.61083499	      1.32267821	     -1.63714919	     -1.61182071	     -4.26955373	     -2.01022703	     22.20643332	     88.50494465	     -2.33755655	     -8.03969459	     15.04651921	     21.63822007	     85.29742128
     13.21666670	     -3.86624542	      0.57061136	     -1.23720269	     -0.45173430	      0.95913098	     -0.15377978	     -0.59306585	     -0.55371746	     -0.78611938	      0.00000000	      7.66393790	     -2.03028163	      0.00000000	     -1.42565314	     -0.65815259	     -5.81569999	      0.00000000	      6.58512418	      0.98338409	      0.00000000	     -2.61087490	      1.31758951	     -1.63020653	     -1.60363465	     -4.27204727	     -2.00959598	     22.21128262	     88.50427574	     -2.34532774	     -8.04085956	     15.04625382	     21.63844862	     85.29605498
     13.23333330	     -3.84010464	      0.56766467	     -1.26699586	     -0.45135096	      0.95936009	     -0.15385110	     -0.62757554	     -0.53661261	     -0.85605471	      0.00000000	      7.59738465	     -2.05554193	      0.00000000	     -1.42260832	     -0.67429379	     -5.77849598	      0.00000000	      6.51933925	      1.00216608	      0.00000000	     -2.60065718	      1.23866735	     -1.54402229	     -1.54021984	     -4.30534164	     -2.00014814	     22.26444239	     88.49517362	     -2.48270661	     -8.05656830	     15.04494399	     21.63210411	     85.27795015
