Coordinates
version=1
nRows=651
nColumns=34
inDegrees=yes

Units are S.I. units (second, meters, Newtons, ...)
If the header above contains a line with 'inDegrees', this indicates whether rotational values are in degrees (yes) or radians (no).

endheader
time	pelvis_tilt	pelvis_list	pelvis_rotation	pelvis_tx	pelvis_ty	pelvis_tz	hip_flexion_r	hip_adduction_r	hip_rotation_r	knee_angle_r	ankle_angle_r	subtalar_angle_r	mtp_angle_r	hip_flexion_l	hip_adduction_l	hip_rotation_l	knee_angle_l	ankle_angle_l	subtalar_angle_l	mtp_angle_l	lumbar_extension	lumbar_bending	lumbar_rotation	arm_flex_r	arm_add_r	arm_rot_r	elbow_flex_r	pro_sup_r	arm_flex_l	arm_add_l	arm_rot_l	elbow_flex_l	pro_sup_l
      0.00000000	      1.38115451	     -2.69523656	     -1.25614166	     -0.52516702	      0.94714433	     -0.16781945	     -1.69797001	      1.95683509	     -3.64331007	      5.76934891	      0.96387928	    -10.94906617	      0.00000000	     -3.84007279	     -4.73633291	     -5.03640260	      3.15337210	     12.40952771	      0.24423011	      0.00000000	     -2.86699299	      3.46000566	     -5.55104676	      3.00668100	     -5.65518001	      9.77535388	     22.37505747	     84.30954773	     -5.87280514	     -4.47813324	      0.62185747	     27.79644099	     78.09384678
      0.01666670	     -1.06120848	     -1.20568082	     -1.59615481	     -0.52198177	      0.94179415	     -0.16734909	      0.84928924	      0.76873559	     -3.08248303	      5.35179409	      4.61519374	     -7.39298759	      0.00000000	     -0.47886174	     -2.81785573	     -5.74197220	      4.02849150	     12.59043512	      1.40284534	      0.00000000	      1.26711152	      2.15268484	     -4.94857935	      1.35613932	     -5.48974646	      8.20213072	     22.46097750	     84.18745105	     -6.11503761	     -4.61107569	     -0.33687033	     26.45699985	     78.06428684
      0.03333330	     -1.55674849	     -0.27069754	     -2.17009305	     -0.52135026	      0.94037341	     -0.16607978	      1.31836743	     -0.27898453	     -3.41276029	      4.84729703	      5.75076120	     -6.17856356	      0.00000000	     -0.03531863	     -1.84283371	     -7.12417506	      4.11662782	     11.92047723	      2.00752892	      0.00000000	      2.29737044	      1.13797709	     -4.39043891	      0.78398699	     -5.39845506	      7.81175265	     22.92091719	     84.22787465	     -6.26342114	     -5.11310008	      0.61920580	     26.10869629	     78.31918427
      0.05000000	     -0.98415133	      0.19947001	     -2.21991779	     -0.52263137	      0.94235041	     -0.16572149	      0.56031569	     -0.84343065	     -3.83359790	      4.36346101	      6.63195461	     -4.79658154	      0.00000000	     -1.04382708	     -1.20384139	     -6.83272739	      3.46695917	     11.55690830	      1.69307056	      0.00000000	      1.80496603	      0.56710030	     -3.46358729	      0.07984761	     -5.48141423	      7.56244853	     23.90200297	     84.54273804	     -5.38637193	     -6.20418146	      6.20904728	     25.24555688	     79.34673201
      0.06666670	     -0.82422108	      0.37116741	     -2.50874588	     -0.52253991	      0.94312886	     -0.16497008	      0.38903534	     -0.93986838	     -3.24741930	      4.12337333	      7.09411019	     -4.81309581	      0.00000000	     -1.51506841	     -0.96596231	     -7.06068310	      2.86924913	     11.02728194	      1.53945700	      0.00000000	      1.63306986	      0.41979442	     -3.15159405	      0.07764054	     -5.40615018	      7.61679925	     23.94278547	     84.60847117	     -5.19837094	     -6.30505953	      6.80670713	     25.06558587	     79.31466956
      0.08333330	     -0.22494082	      0.37211713	     -2.49125663	     -0.52352478	      0.94590023	     -0.16514767	     -0.26204724	     -0.91905432	     -3.01312776	      3.84288762	      6.84041338	     -4.91616656	      0.00000000	     -2.21438923	     -0.91091811	     -6.57183651	      2.76850418	     10.95732450	      1.35613079	      0.00000000	      0.75296851	      0.44650547	     -2.73492255	      0.14377383	     -5.49056579	      7.78227532	     23.99705841	     84.73132166	     -4.31766315	     -6.35256570	      8.11048848	     24.44963462	     79.16200959
      0.10000000	     -0.20146296	      0.37916593	     -2.48607162	     -0.52405030	      0.94615090	     -0.16500896	     -0.21191870	     -0.90436207	     -3.00749454	      3.81959314	      6.83976581	     -4.91370936	      0.00000000	     -2.24639157	     -0.90470091	     -6.56245758	      2.78426010	     10.95664164	      1.35980414	      0.00000000	      0.75451147	      0.44494087	     -2.73963524	      0.14247680	     -5.48951227	      7.78264644	     23.99700458	     84.73148731	     -4.30719855	     -6.35222106	      8.11235553	     24.45155437	     79.16137046
      0.11666670	     -0.11550252	      0.36345337	     -2.53497870	     -0.52373126	      0.94701089	     -0.16476545	     -0.22869890	     -0.85876348	     -2.71073404	      3.85457199	      6.66286447	     -4.77602904	      0.00000000	     -2.28201150	     -0.93089421	     -6.12601774	      2.86589173	     10.92032721	      1.50252978	      0.00000000	      0.59044442	      0.41515427	     -2.74345701	      0.27002744	     -5.40002506	      7.80484092	     24.02225460	     84.73897530	     -3.92545141	     -6.37620237	      8.15834799	     24.47966620	     79.13107383
      0.13333330	      0.68881233	      0.29956333	     -2.52562330	     -0.52405494	      0.94786779	     -0.16480231	     -1.25552200	     -0.79726867	     -2.47688968	      3.45903615	      6.13706769	     -5.24878542	      0.00000000	     -3.24929744	     -0.93793766	     -5.56090408	      2.69313485	     10.66919027	      0.88941968	      0.00000000	     -0.65725333	      0.43932553	     -2.43522371	      0.42715263	     -5.46646340	      7.86331463	     23.97219845	     84.78589101	     -2.99617716	     -6.36627004	      8.90231255	     23.62337922	     78.71652645
      0.15000000	      0.69666411	      0.30590650	     -2.54654876	     -0.52394065	      0.94884623	     -0.16480508	     -1.27473945	     -0.79881673	     -2.47688009	      3.46370004	      6.13342438	     -5.24791243	      0.00000000	     -3.22129070	     -0.94553736	     -5.55405997	      2.68542101	     10.66540976	      0.89182260	      0.00000000	     -0.65991147	      0.43530971	     -2.43673189	      0.42471991	     -5.46581595	      7.86350797	     23.97176450	     84.78599990	     -2.99348488	     -6.36733569	      8.90383404	     23.62233847	     78.71533136
      0.16666670	      1.11545659	      0.35309277	     -2.54611219	     -0.52310656	      0.94990372	     -0.16455087	     -1.96737178	     -0.83706369	     -2.36257351	      3.01073756	      5.57086244	     -5.29119757	      0.00000000	     -3.72621924	     -0.87841353	     -5.11068525	      2.56029038	     10.15662559	      0.54596252	      0.00000000	     -1.26706161	      0.29392024	     -2.24951097	      0.36642704	     -5.43915458	      7.88586593	     24.00962502	     84.81901036	     -2.53065343	     -6.42214768	      9.38403951	     23.19294182	     78.34194509
      0.18333330	      1.14464415	      0.36046845	     -2.55698557	     -0.52421933	      0.94909334	     -0.16471901	     -1.96944043	     -0.84407405	     -2.36189103	      2.99547331	      5.57408231	     -5.29195360	      0.00000000	     -3.70653403	     -0.87346685	     -5.10966713	      2.55182310	     10.15176670	      0.54561835	      0.00000000	     -1.26389288	      0.28926982	     -2.25035190	      0.36602658	     -5.43727041	      7.88605391	     24.01096983	     84.81916396	     -2.52586529	     -6.42661954	      9.38542775	     23.19229923	     78.34017192
      0.20000000	      1.24030142	      0.61559873	     -2.50414703	     -0.52374589	      0.94675675	     -0.16457567	     -2.18922639	     -1.12522950	     -2.14164601	      2.74490901	      5.65816762	     -5.25972494	      0.00000000	     -3.73561650	     -0.59886057	     -5.05435832	      2.70832115	      9.90195437	      0.48025198	      0.00000000	     -1.33012882	     -0.10452562	     -2.24645078	      0.34518249	     -5.36764244	      7.89535098	     24.06033609	     84.82634822	     -2.40055229	     -6.57311806	      9.44066522	     23.14364011	     78.27999711
      0.21666670	      1.65696074	      0.70322506	     -2.44230661	     -0.52263539	      0.94896320	     -0.16466894	     -2.67914283	     -1.24935461	     -1.93609398	      2.78163422	      5.84748273	     -5.37286773	      0.00000000	     -4.32896002	     -0.45670181	     -4.69377888	      2.49212835	      9.44553573	     -0.07410410	      0.00000000	     -1.85545562	     -0.21616605	     -2.08528731	      0.22941044	     -5.36300396	      7.85378631	     24.25879895	     84.85414259	     -2.07380756	     -6.65387458	      9.94772412	     22.90407337	     77.93606100
      0.23333330	      1.64996159	      0.70012942	     -2.43294751	     -0.52312728	      0.94757025	     -0.16453181	     -2.67674442	     -1.25849833	     -1.92834215	      2.77800694	      5.84925489	     -5.37028611	      0.00000000	     -4.35034954	     -0.44993408	     -4.69084044	      2.50585508	      9.44607241	     -0.07356786	      0.00000000	     -1.85071812	     -0.21653356	     -2.08622812	      0.22728292	     -5.36362236	      7.85348907	     24.25923177	     84.85421365	     -2.07193875	     -6.65581446	      9.94903893	     22.90432242	     77.93488374
      0.25000000	      1.67724427	      0.75333834	     -2.34669160	     -0.52166189	      0.94960416	     -0.16419045	     -2.81177049	     -1.31044241	     -1.73739526	      2.80830614	      5.87044784	     -5.30183924	      0.00000000	     -4.44036825	     -0.41042460	     -4.59426875	      2.61786079	      9.42605487	     -0.03689122	      0.00000000	     -1.72467839	     -0.24474254	     -2.10624466	      0.15922118	     -5.37336500	      7.85056938	     24.25375782	     84.85568078	     -2.06565982	     -6.69758703	      9.96576065	     22.89971833	     77.91892691
      0.26666670	      1.65654038	      0.78984350	     -2.39113843	     -0.52254002	      0.94735824	     -0.16454644	     -2.88324369	     -1.35371808	     -1.54425017	      2.64040988	      6.04532094	     -5.29211772	      0.00000000	     -4.47754412	     -0.34033199	     -4.45353708	      2.55217327	      9.54359817	     -0.03238497	      0.00000000	     -1.75103481	     -0.30508658	     -2.13197110	      0.06705887	     -5.39138647	      7.84455891	     24.24133886	     84.85800728	     -2.05926318	     -6.74758604	      9.99920284	     22.88195880	     77.89324380
      0.28333330	      1.72606778	      0.76385085	     -2.32578090	     -0.52303055	      0.95124860	     -0.16445937	     -3.09425065	     -1.31737002	     -1.24110004	      2.26093742	      6.15978508	     -5.23733891	      0.00000000	     -4.61819601	     -0.37299930	     -4.27557021	      2.50105430	      9.55272767	     -0.00191387	      0.00000000	     -1.71512484	     -0.30337157	     -2.05899777	      0.03987098	     -5.37852825	      7.83213879	     24.25515335	     84.86565302	     -2.02400366	     -6.76379083	     10.10149646	     22.85675008	     77.82324090
      0.30000000	      1.73770275	      0.75600559	     -2.31515125	     -0.52229981	      0.95155165	     -0.16420022	     -3.05582861	     -1.32639203	     -1.23811776	      2.23233281	      6.15953961	     -5.23620961	      0.00000000	     -4.65176304	     -0.38192232	     -4.27181735	      2.51824194	      9.54908629	     -0.00013962	      0.00000000	     -1.71375916	     -0.30210112	     -2.05647363	      0.04325708	     -5.37834327	      7.83181069	     24.25600445	     84.86572977	     -2.02210861	     -6.76590117	     10.10242389	     22.85654217	     77.82224143
      0.31666670	      1.76580514	      0.74225909	     -2.33850633	     -0.52401882	      0.94587073	     -0.16508387	     -3.08511099	     -1.31791366	     -1.23741921	      2.22945184	      6.16048711	     -5.23638848	      0.00000000	     -4.63215592	     -0.36653979	     -4.26700341	      2.51293018	      9.54759451	      0.00152962	      0.00000000	     -1.70911359	     -0.30156134	     -2.05531437	      0.04113870	     -5.37744041	      7.83175819	     24.25453800	     84.86584857	     -2.01971349	     -6.77073690	     10.10317505	     22.85621368	     77.82093565
      0.33333330	      1.77469746	      0.74332209	     -2.35414131	     -0.52288335	      0.94742351	     -0.16487238	     -3.11096874	     -1.31378043	     -1.23528893	      2.23863491	      6.16112582	     -5.23694200	      0.00000000	     -4.60208975	     -0.35526328	     -4.26319310	      2.50630339	      9.54711082	      0.00134841	      0.00000000	     -1.70962518	     -0.29869805	     -2.05484291	      0.04186582	     -5.37841101	      7.83140810	     24.25372200	     84.86587550	     -2.01523564	     -6.77204255	     10.10369864	     22.85708764	     77.82009957
      0.35000000	      1.85019043	      0.76066598	     -2.37732594	     -0.52193536	      0.95169224	     -0.16406142	     -3.23052415	     -1.34986265	     -1.12231756	      2.11664635	      6.18604782	     -5.21358756	      0.00000000	     -4.66513860	     -0.34670110	     -4.19283338	      2.62379839	      9.47370214	      0.01372331	      0.00000000	     -1.68185407	     -0.25326279	     -1.97965028	      0.04523449	     -5.38828168	      7.82508832	     24.22547316	     84.86648872	     -2.02051983	     -6.80968246	     10.11556829	     22.83872659	     77.80043562
      0.36666670	      1.82802878	      0.71172849	     -2.34039685	     -0.52294821	      0.95160933	     -0.16407888	     -3.29040353	     -1.27716685	     -1.04321030	      1.85829768	      6.19686190	     -5.19439107	      0.00000000	     -4.65882802	     -0.42797117	     -4.18230222	      2.58190839	      9.41629405	     -0.00348283	      0.00000000	     -1.78546260	     -0.29819524	     -1.91708283	      0.06804228	     -5.38889608	      7.81834280	     24.19255977	     84.86666567	     -2.01350361	     -6.79274493	     10.13522265	     22.81875640	     77.78182321
      0.38333330	      1.84921607	      0.71427580	     -2.33406750	     -0.52325805	      0.95006150	     -0.16400597	     -3.26642864	     -1.28018638	     -1.04057914	      1.83265529	      6.19544167	     -5.19322067	      0.00000000	     -4.68360158	     -0.43542995	     -4.18058018	      2.59483968	      9.41067560	     -0.00299951	      0.00000000	     -1.78262490	     -0.29181193	     -1.91479363	      0.06740710	     -5.38723594	      7.81832326	     24.19093426	     84.86667289	     -2.01249345	     -6.79376971	     10.13570898	     22.81795448	     77.78088602
      0.40000000	      1.97403001	      0.58314694	     -2.22728715	     -0.52265788	      0.95153235	     -0.16411519	     -3.75855417	     -1.10516479	     -0.80537436	      1.08334997	      5.96660449	     -5.04573073	      0.00000000	     -4.88133545	     -0.60007272	     -4.07958443	      2.51823005	      9.13872002	     -0.01604443	      0.00000000	     -1.79836649	     -0.12335973	     -1.81846745	      0.01545745	     -5.36343319	      7.78795702	     24.03141311	     84.86134016	     -1.95008031	     -6.76042702	     10.19517487	     22.72352733	     77.70738362
      0.41666670	      1.98196214	      0.56823347	     -2.20377022	     -0.52286752	      0.95000684	     -0.16413524	     -3.76722103	     -1.08408759	     -0.85225697	      1.01667296	      5.92659124	     -5.06512386	      0.00000000	     -4.90424047	     -0.61896130	     -4.04973523	      2.43442662	      9.16008432	     -0.02568696	      0.00000000	     -1.88111671	     -0.11454988	     -1.74545822	      0.06879644	     -5.33627812	      7.78302329	     24.02863879	     84.85999131	     -2.00202225	     -6.76281604	     10.20715526	     22.67818753	     77.69387797
      0.43333330	      1.99324706	      0.55903106	     -2.20221463	     -0.52373122	      0.95036246	     -0.16475197	     -3.75412410	     -1.08537906	     -0.85409333	      1.00195991	      5.92251219	     -5.06574929	      0.00000000	     -4.91618455	     -0.62072666	     -4.04644309	      2.43120816	      9.16223633	     -0.02570638	      0.00000000	     -1.88196494	     -0.11442141	     -1.74521684	      0.06801026	     -5.33407369	      7.78260186	     24.02678785	     84.85981853	     -2.00137650	     -6.76206092	     10.20816117	     22.67614100	     77.69268483
      0.45000000	      2.00250739	      0.55182231	     -2.19895634	     -0.52371550	      0.94920525	     -0.16455363	     -3.75080737	     -1.08689891	     -0.85437193	      0.99883277	      5.92160407	     -5.06568934	      0.00000000	     -4.91647065	     -0.61789421	     -4.04580924	      2.42959539	      9.16268497	     -0.02552859	      0.00000000	     -1.88301424	     -0.11391462	     -1.74474941	      0.06840057	     -5.33385432	      7.78250647	     24.02654396	     84.85978093	     -2.00153856	     -6.76140366	     10.20838515	     22.67569937	     77.69250819
      0.46666670	      2.01038231	      0.54615119	     -2.19646862	     -0.52354408	      0.94881986	     -0.16431217	     -3.75033968	     -1.08753168	     -0.85479001	      0.99728513	      5.92069511	     -5.06581770	      0.00000000	     -4.91202094	     -0.61597435	     -4.04498476	      2.42578751	      9.16361700	     -0.02548283	      0.00000000	     -1.88433968	     -0.11332805	     -1.74399896	      0.06919927	     -5.33358186	      7.78241452	     24.02646558	     84.85974054	     -2.00178758	     -6.76055883	     10.20862175	     22.67527653	     77.69234563
      0.48333330	      2.49714888	      0.45720235	     -2.00331613	     -0.52278758	      0.95028410	     -0.16450813	     -4.57410865	     -0.97009168	     -1.07512848	      0.48415256	      5.22315197	     -5.27202810	      0.00000000	     -5.49785878	     -0.69449989	     -3.66020041	      2.22563961	      9.32666342	     -0.11883798	      0.00000000	     -2.60336225	     -0.01115971	     -1.84688115	      0.25251902	     -5.21766652	      7.60374032	     23.84401747	     84.78897769	     -1.66064699	     -6.64683898	     10.38851341	     22.27087839	     77.45879353
      0.50000000	      2.49753373	      0.45778022	     -2.01432616	     -0.52291915	      0.95159376	     -0.16467376	     -4.58593058	     -0.96376453	     -1.07570198	      0.49308310	      5.22197899	     -5.27219534	      0.00000000	     -5.48263012	     -0.68543719	     -3.66044472	      2.21673962	      9.32659327	     -0.11929900	      0.00000000	     -2.60341535	     -0.01310409	     -1.84878899	      0.25024406	     -5.21707990	      7.60333722	     23.84353594	     84.78877769	     -1.66064438	     -6.64611962	     10.38930370	     22.27020461	     77.45814058
      0.51666670	      2.49490218	      0.45634035	     -2.03555685	     -0.52295057	      0.95217256	     -0.16480384	     -4.59811524	     -0.96710146	     -1.07660901	      0.51033226	      5.21562165	     -5.27031432	      0.00000000	     -5.47563961	     -0.66715882	     -3.66137718	      2.20935849	      9.32363657	     -0.11981484	      0.00000000	     -2.60480373	     -0.01621488	     -1.85712050	      0.24346522	     -5.21376949	      7.60286137	     23.84240720	     84.78836114	     -1.65628051	     -6.64246826	     10.39121998	     22.27021327	     77.45696837
      0.53333330	      2.55281500	      0.59439628	     -2.16691075	     -0.52285524	      0.95153147	     -0.16464705	     -4.53184116	     -1.16009862	     -1.07187877	      0.78168732	      5.04685923	     -5.19724458	      0.00000000	     -5.59952778	     -0.46591813	     -3.74915457	      2.08281094	      9.22891061	     -0.16081847	      0.00000000	     -2.66757727	     -0.12911434	     -1.92387262	      0.22186226	     -5.12894950	      7.58804892	     23.86693944	     84.77709798	     -1.64514418	     -6.56309360	     10.44222334	     22.23337550	     77.42814589
      0.55000000	      2.54831278	      0.60073076	     -2.22643600	     -0.52217352	      0.95158812	     -0.16446062	     -4.52580929	     -1.16828220	     -1.08154599	      0.77890333	      5.04190254	     -5.19513369	      0.00000000	     -5.62470214	     -0.44848816	     -3.75362794	      2.08412226	      9.20179720	     -0.16195233	      0.00000000	     -2.67517800	     -0.15042548	     -1.93335857	      0.22248054	     -5.12089209	      7.58428058	     23.87156193	     84.77482747	     -1.63336433	     -6.57018993	     10.44790894	     22.22812575	     77.42261318
      0.56666670	      2.53610124	      0.60233970	     -2.23386697	     -0.52332378	      0.95007210	     -0.16498787	     -4.54966259	     -1.17140294	     -1.07959450	      0.79342574	      5.04139604	     -5.19296162	      0.00000000	     -5.62701336	     -0.44434343	     -3.75430026	      2.08181702	      9.19803601	     -0.16202874	      0.00000000	     -2.67208032	     -0.15348497	     -1.93166155	      0.22324181	     -5.11751604	      7.58394791	     23.87301880	     84.77442683	     -1.63544884	     -6.57081337	     10.44921362	     22.22627440	     77.42161555
      0.58333330	      2.52081295	      0.60810311	     -2.23775304	     -0.52178946	      0.95188806	     -0.16440505	     -4.54822691	     -1.17662732	     -1.07718836	      0.80039778	      5.04064635	     -5.19112578	      0.00000000	     -5.64661956	     -0.44204175	     -3.75318717	      2.09323392	      9.19459498	     -0.16223664	      0.00000000	     -2.67134636	     -0.15417712	     -1.93360301	      0.22487233	     -5.11428859	      7.58361295	     23.87463405	     84.77404445	     -1.63170917	     -6.56768014	     10.45066734	     22.22677701	     77.42084859
      0.60000000	      2.51275760	      0.60731118	     -2.24075666	     -0.52207706	      0.95225025	     -0.16434549	     -4.55311343	     -1.17687088	     -1.07746520	      0.80280810	      5.04058532	     -5.19104145	      0.00000000	     -5.64995499	     -0.43988029	     -3.75314786	      2.09442518	      9.19418486	     -0.16234278	      0.00000000	     -2.67037876	     -0.15459956	     -1.93423321	      0.22411317	     -5.11343524	      7.58362630	     23.87469546	     84.77397994	     -1.63157154	     -6.56705180	     10.45097150	     22.22675775	     77.42071990
      0.61666670	      2.55813908	      0.62050826	     -2.38117252	     -0.52216532	      0.95078480	     -0.16426363	     -4.57401321	     -1.20330292	     -1.09990719	      0.81183740	      5.03193421	     -5.19145647	      0.00000000	     -5.69809410	     -0.40793862	     -3.76201018	      2.09582321	      9.17781423	     -0.17531248	      0.00000000	     -2.65258018	     -0.17724072	     -1.96192273	      0.20222664	     -5.06525634	      7.58546930	     23.88054355	     84.77096726	     -1.61081071	     -6.53519607	     10.46509092	     22.22916275	     77.41498451
      0.63333330	      2.57803575	      0.61914011	     -2.39323899	     -0.52462260	      0.95007184	     -0.16475892	     -4.58894874	     -1.20548683	     -1.10352865	      0.81444049	      5.03216073	     -5.19218916	      0.00000000	     -5.67765721	     -0.40339334	     -3.76529945	      2.07451017	      9.17947995	     -0.17823210	      0.00000000	     -2.64925547	     -0.18017401	     -1.95829074	      0.20235354	     -5.05989727	      7.58559693	     23.88212038	     84.77052720	     -1.61618956	     -6.53333976	     10.46691314	     22.22672803	     77.41412704
      0.65000000	      2.58456694	      0.61929242	     -2.40688355	     -0.52227564	      0.95101200	     -0.16431224	     -4.59182054	     -1.21341725	     -1.10954510	      0.81674195	      5.03039926	     -5.19444061	      0.00000000	     -5.66735280	     -0.40172939	     -3.76747274	      2.06217481	      9.18043292	     -0.18193457	      0.00000000	     -2.65845815	     -0.18169566	     -1.95670978	      0.21102663	     -5.05322072	      7.58546887	     23.88607999	     84.76990661	     -1.61010195	     -6.52862398	     10.46911680	     22.22736220	     77.41309500
      0.66666670	      2.59585499	      0.61818746	     -2.42559473	     -0.52432962	      0.95027161	     -0.16479069	     -4.59697460	     -1.21581115	     -1.11746471	      0.81405649	      5.03138747	     -5.19772361	      0.00000000	     -5.65986662	     -0.39961007	     -3.76791348	      2.04555671	      9.18407032	     -0.18429035	      0.00000000	     -2.65889171	     -0.18436173	     -1.95386392	      0.21451208	     -5.04709633	      7.58559956	     23.88875201	     84.76936254	     -1.61102294	     -6.52552775	     10.47117431	     22.22637221	     77.41217968
      0.68333330	      2.97840218	      0.63618584	     -2.58119017	     -0.52527701	      0.94824483	     -0.16440507	     -4.89946778	     -1.27235062	     -1.09464334	      0.87072123	      5.10244784	     -5.39742297	      0.00000000	     -6.13671702	     -0.32224179	     -3.77772124	      1.80382748	      9.11492632	     -0.48116718	      0.00000000	     -3.38444082	     -0.22424989	     -1.74828057	      0.46104590	     -4.99214443	      7.45871341	     24.07897846	     84.61894018	     -1.22832736	     -6.49939063	     10.81966477	     22.14094445	     77.17838715
      0.70000000	      2.97814798	      0.63782265	     -2.58558153	     -0.52368435	      0.94974556	     -0.16447751	     -4.89511782	     -1.27563813	     -1.09641551	      0.87102906	      5.10056576	     -5.39803858	      0.00000000	     -6.13110729	     -0.32423854	     -3.77715933	      1.80100213	      9.11590608	     -0.48177460	      0.00000000	     -3.38849411	     -0.22395892	     -1.74970556	      0.46134954	     -4.99177287	      7.45825347	     24.07967327	     84.61835934	     -1.22490242	     -6.49908090	     10.82099142	     22.14167677	     77.17750558
      0.71666670	      2.97718014	      0.63744303	     -2.59334094	     -0.52406079	      0.95061240	     -0.16462582	     -4.90907775	     -1.27486764	     -1.09957385	      0.87839263	      5.09999368	     -5.39924908	      0.00000000	     -6.11015942	     -0.31602153	     -3.77859331	      1.78632031	      9.11811405	     -0.48325587	      0.00000000	     -3.39001890	     -0.22306389	     -1.75150765	      0.45847958	     -4.99112471	      7.45800155	     24.07961548	     84.61779826	     -1.22327636	     -6.49860246	     10.82242917	     22.14224014	     77.17668276
      0.73333330	      2.98049634	      0.64114229	     -2.59887784	     -0.52448871	      0.94956596	     -0.16470958	     -4.91964552	     -1.27341289	     -1.10259838	      0.88590561	      5.10027507	     -5.40066588	      0.00000000	     -6.09613399	     -0.30691285	     -3.78082785	      1.77603137	      9.11949888	     -0.48480600	      0.00000000	     -3.39238754	     -0.22204964	     -1.75395555	      0.45584417	     -4.99066042	      7.45784082	     24.07937783	     84.61733405	     -1.22016671	     -6.49782149	     10.82363585	     22.14340759	     77.17604489
      0.75000000	      2.95341259	      0.71611927	     -2.58236065	     -0.52372362	      0.95078277	     -0.16485777	     -4.87289323	     -1.36974195	     -1.15776170	      0.96411795	      5.11087601	     -5.43187715	      0.00000000	     -6.08933806	     -0.20146194	     -3.82525833	      1.68912208	      9.12700498	     -0.51002242	      0.00000000	     -3.43457807	     -0.21877187	     -1.80005454	      0.42805201	     -4.98021621	      7.45357691	     24.08495361	     84.60724880	     -1.13193635	     -6.47883048	     10.84952966	     22.17894046	     77.16298736
      0.76666670	      2.93417531	      0.72083335	     -2.57879664	     -0.52269427	      0.95197096	     -0.16440670	     -4.87094701	     -1.37377222	     -1.16008118	      0.96775841	      5.11006995	     -5.43247861	      0.00000000	     -6.10452054	     -0.20619548	     -3.82655307	      1.69645329	      9.12313733	     -0.51027790	      0.00000000	     -3.43519935	     -0.22411941	     -1.79940360	      0.43091349	     -4.98049950	      7.45299933	     24.08674577	     84.60664250	     -1.12940058	     -6.47845042	     10.85101498	     22.18011580	     77.16225916
      0.78333330	      2.92553008	      0.72502335	     -2.58075719	     -0.52319074	      0.95134955	     -0.16462664	     -4.87869217	     -1.37098532	     -1.16101762	      0.97104624	      5.10971694	     -5.43252223	      0.00000000	     -6.10751207	     -0.20647944	     -3.82738198	      1.69652928	      9.12214393	     -0.51030380	      0.00000000	     -3.43436357	     -0.22552142	     -1.79920549	      0.43033172	     -4.98011155	      7.45299046	     24.08679794	     84.60653418	     -1.12985092	     -6.47866514	     10.85130788	     22.18006045	     77.16211728
      0.80000000	      2.92005492	      0.72872395	     -2.56274856	     -0.52262505	      0.95034410	     -0.16417082	     -4.87027211	     -1.37617457	     -1.16712041	      0.96658086	      5.10386068	     -5.43163411	      0.00000000	     -6.13361809	     -0.20508972	     -3.83883064	      1.69704014	      9.10891724	     -0.51210399	      0.00000000	     -3.42915243	     -0.23687516	     -1.79665393	      0.42983119	     -4.97680775	      7.45263583	     24.08907050	     84.60537508	     -1.13043182	     -6.47816585	     10.85453051	     22.18129482	     77.16072820
      0.81666670	      2.90846083	      0.72892136	     -2.54521478	     -0.52398436	      0.95226481	     -0.16485154	     -4.85576440	     -1.38152419	     -1.17004110	      0.95748093	      5.09974164	     -5.43035160	      0.00000000	     -6.16439265	     -0.21322578	     -3.84563924	      1.69944646	      9.09864080	     -0.51202831	      0.00000000	     -3.41899542	     -0.24565003	     -1.79111180	      0.42749834	     -4.97250387	      7.45277306	     24.09061918	     84.60459062	     -1.13841710	     -6.47984344	     10.85677021	     22.18002334	     77.15971090
      0.83333330	      2.94030340	      0.73170496	     -2.45738301	     -0.52322181	      0.94899082	     -0.16486817	     -4.92373237	     -1.36967469	     -1.20430309	      1.00688543	      5.07302565	     -5.43105465	      0.00000000	     -6.20360964	     -0.20525324	     -3.89842276	      1.63368952	      9.02328567	     -0.51507038	      0.00000000	     -3.36192403	     -0.29488543	     -1.76385458	      0.39906363	     -4.94015992	      7.45333233	     24.09927441	     84.59716149	     -1.18111531	     -6.48271377	     10.87745910	     22.17888526	     77.15087602
      0.85000000	      2.94258269	      0.73430239	     -2.46798250	     -0.52358778	      0.94943250	     -0.16473526	     -4.93411701	     -1.35826678	     -1.21126114	      1.01486554	      5.07323467	     -5.43375976	      0.00000000	     -6.19980206	     -0.19264936	     -3.89844528	      1.62538496	      9.01682396	     -0.51310759	      0.00000000	     -3.35814091	     -0.29771598	     -1.76634141	      0.39122632	     -4.93845402	      7.45313774	     24.09860955	     84.59623420	     -1.18232887	     -6.48292811	     10.87976112	     22.17988537	     77.14989149
      0.86666670	      2.92823751	      0.73504595	     -2.46711723	     -0.52361689	      0.95202781	     -0.16464839	     -4.93693979	     -1.36159938	     -1.21210952	      1.01763992	      5.07347984	     -5.43449233	      0.00000000	     -6.20268770	     -0.19626197	     -3.89856057	      1.62548498	      9.01582140	     -0.51311619	      0.00000000	     -3.35676834	     -0.29814629	     -1.76589461	      0.39078454	     -4.93819220	      7.45307000	     24.09890464	     84.59605785	     -1.18314710	     -6.48323378	     10.88016456	     22.17994443	     77.14970179
      0.88333330	      3.01911617	      0.69460528	     -2.45751201	     -0.52400544	      0.95124790	     -0.16384613	     -5.00376804	     -1.30960388	     -1.27885407	      1.13490859	      5.03513790	     -5.45194004	      0.00000000	     -6.32552773	     -0.29515014	     -3.90716432	      1.69131316	      8.86009900	     -0.46953181	      0.00000000	     -3.24941722	     -0.33772642	     -1.74702638	      0.30026927	     -4.90982696	      7.45156766	     24.09190971	     84.58458871	     -1.26601929	     -6.52018412	     10.90375201	     22.17028137	     77.13702831
      0.90000000	      3.06243288	      0.62876492	     -2.47927100	     -0.52492215	      0.94829316	     -0.16356012	     -5.02981545	     -1.22390109	     -1.40404359	      1.14536967	      5.00216415	     -5.50687506	      0.00000000	     -6.36466676	     -0.40994523	     -3.97461117	      1.75430161	      8.65814992	     -0.44876957	      0.00000000	     -3.26212087	     -0.27203620	     -1.74115848	      0.21735764	     -4.89914329	      7.44364560	     24.08244155	     84.56609475	     -1.30477971	     -6.57665112	     10.93540496	     22.17753559	     77.11801322
      0.91666670	      3.11020211	      0.60738836	     -2.41407337	     -0.52458872	      0.95017122	     -0.16403640	     -5.07692503	     -1.19244328	     -1.44786206	      1.16716422	      4.94345120	     -5.51692741	      0.00000000	     -6.37908432	     -0.47691374	     -4.03150163	      1.82890540	      8.51996668	     -0.44722237	      0.00000000	     -3.22187349	     -0.23826261	     -1.71983615	      0.22309003	     -4.91023735	      7.43104504	     24.09634796	     84.55037536	     -1.32575249	     -6.57295316	     10.96610457	     22.19584962	     77.10359906
      0.93333330	      3.11873018	      0.56871479	     -2.49084566	     -0.52255102	      0.95015762	     -0.16429087	     -5.08497050	     -1.16773413	     -1.52502002	      1.15566865	      4.88808089	     -5.54260719	      0.00000000	     -6.44267940	     -0.53167432	     -4.04610778	      1.87124429	      8.46460499	     -0.44431422	      0.00000000	     -3.20549478	     -0.20330410	     -1.74661445	      0.17035883	     -4.92219463	      7.42366697	     24.08310118	     84.54070426	     -1.33114476	     -6.57747617	     10.98285422	     22.20659917	     77.09492590
      0.95000000	      3.11198193	      0.54640503	     -2.36753233	     -0.52171259	      0.95095401	     -0.16480857	     -5.09462225	     -1.14463026	     -1.54482652	      1.13193230	      4.84762534	     -5.54682590	      0.00000000	     -6.51145798	     -0.56703212	     -4.07851626	      1.87372719	      8.44563871	     -0.45932428	      0.00000000	     -3.17472900	     -0.16501065	     -1.71470298	      0.16363591	     -4.92513136	      7.41748450	     24.08581224	     84.53228606	     -1.38428641	     -6.57683010	     10.99913939	     22.20156024	     77.08725615
      0.96666670	      3.08949233	      0.53949519	     -2.36890149	     -0.52240855	      0.95079701	     -0.16467663	     -5.10715765	     -1.14851966	     -1.54662586	      1.13586543	      4.84672128	     -5.54738153	      0.00000000	     -6.52110742	     -0.56620051	     -4.07866764	      1.87743999	      8.44520049	     -0.45930863	      0.00000000	     -3.17342240	     -0.16446492	     -1.71533822	      0.16199190	     -4.92543996	      7.41736310	     24.08535959	     84.53213126	     -1.38492844	     -6.57669368	     10.99943243	     22.20160567	     77.08712769
      0.98333330	      3.17090838	      0.44139497	     -2.35012792	     -0.52099534	      0.94862369	     -0.16469983	     -5.27793437	     -1.04050117	     -1.68084422	      1.04853721	      4.75150656	     -5.59675876	      0.00000000	     -6.75213411	     -0.66379323	     -4.09085527	      1.85580374	      8.48458201	     -0.49865772	      0.00000000	     -2.93545577	     -0.06120212	     -1.73680650	      0.00100664	     -4.95979158	      7.39707264	     24.05110805	     84.50714115	     -1.51446715	     -6.56322235	     11.04530341	     22.19841490	     77.06629629
      1.00000000	      3.14941115	      0.44088005	     -2.32474544	     -0.52263610	      0.95121041	     -0.16443349	     -5.24751877	     -1.04369244	     -1.67575939	      1.01856429	      4.75287704	     -5.59445144	      0.00000000	     -6.78928464	     -0.66560036	     -4.08903681	      1.86271602	      8.48766053	     -0.49902733	      0.00000000	     -2.93447670	     -0.05613665	     -1.73410771	      0.00067377	     -4.95961821	      7.39625873	     24.05185315	     84.50600385	     -1.52015565	     -6.56224361	     11.04739021	     22.19781762	     77.06530091
      1.01666670	      3.12163454	      0.36211257	     -2.21927804	     -0.52242283	      0.94943529	     -0.16461369	     -5.43739520	     -0.93873711	     -1.34111051	      0.54584145	      4.84593899	     -5.43403454	      0.00000000	     -6.85488460	     -0.75953129	     -3.84170782	      1.81026442	      8.66277979	     -0.47780539	      0.00000000	     -2.82594144	      0.06867021	     -1.78836878	     -0.02918247	     -4.95952853	      7.34442896	     24.09333565	     84.43750689	     -1.58384368	     -6.56251119	     11.15657141	     22.22342918	     77.00555259
      1.03333330	      3.12229236	      0.35686669	     -2.20360419	     -0.52305843	      0.94886731	     -0.16508970	     -5.40859437	     -0.94099922	     -1.33595022	      0.52650779	      4.84952083	     -5.43224726	      0.00000000	     -6.88316700	     -0.75999875	     -3.84085754	      1.82380794	      8.66532985	     -0.47854516	      0.00000000	     -2.82673611	      0.06782167	     -1.78725512	     -0.02686949	     -4.95816716	      7.34386561	     24.09484298	     84.43651995	     -1.58464112	     -6.56332581	     11.15806397	     22.22344812	     77.00461578
      1.05000000	      3.11249851	      0.30360981	     -2.12703726	     -0.52345971	      0.95076821	     -0.16536159	     -5.47957550	     -0.88348704	     -1.03874452	      0.27595265	      5.04627702	     -5.29518457	      0.00000000	     -6.79189278	     -0.82107054	     -3.64325789	      1.98709173	      8.91164141	     -0.49260140	      0.00000000	     -2.87497086	      0.14492039	     -1.83418017	      0.04678233	     -4.96141507	      7.29384634	     24.15568047	     84.36254877	     -1.54174280	     -6.57032754	     11.26909349	     22.26197343	     76.93673849
      1.06666670	      3.11255448	      0.29741703	     -2.12212369	     -0.52288463	      0.95106752	     -0.16537679	     -5.47108094	     -0.88298362	     -1.03644648	      0.27037619	      5.04777094	     -5.29388334	      0.00000000	     -6.79481340	     -0.81469668	     -3.64243544	      1.99139645	      8.91273594	     -0.49276993	      0.00000000	     -2.87850332	      0.14538467	     -1.83335885	      0.04937926	     -4.96058692	      7.29347882	     24.15671590	     84.36181424	     -1.54102254	     -6.57055475	     11.27018074	     22.26229368	     76.93602333
      1.08333330	      3.09143293	      0.29908512	     -2.13075351	     -0.52158919	      0.94999062	     -0.16511927	     -5.53804256	     -0.87118616	     -1.03091319	      0.30464429	      5.04809015	     -5.29012872	      0.00000000	     -6.74902388	     -0.79482539	     -3.64085581	      1.97982784	      8.91567311	     -0.49355178	      0.00000000	     -2.88382652	      0.14723401	     -1.83063846	      0.05393441	     -4.95962994	      7.29294983	     24.15824115	     84.36081117	     -1.54154293	     -6.57012466	     11.27177497	     22.26233153	     76.93506300
      1.10000000	      3.12475014	      0.43484509	     -2.10825769	     -0.52167627	      0.94925447	     -0.16503925	     -5.62160971	     -1.01934788	     -0.85079276	      0.41573337	      5.38733573	     -5.15414854	      0.00000000	     -6.63478919	     -0.64296237	     -3.63834519	      2.23009793	      9.18301848	     -0.62588463	      0.00000000	     -2.93948349	     -0.01407565	     -1.82815449	      0.05877979	     -4.89995604	      7.24931055	     24.19416252	     84.27409723	     -1.59123437	     -6.62715214	     11.39726530	     22.27773403	     76.85019423
      1.11666670	      3.13492906	      0.43890226	     -2.14013142	     -0.52270642	      0.94913157	     -0.16474451	     -5.69212024	     -1.01107198	     -0.85851092	      0.45113879	      5.38609859	     -5.15563163	      0.00000000	     -6.56175013	     -0.63647124	     -3.63867500	      2.19535078	      9.18245222	     -0.62547364	      0.00000000	     -2.93619216	     -0.01201783	     -1.83055403	      0.05197644	     -4.90224536	      7.24861982	     24.19169033	     84.27303703	     -1.59332295	     -6.62669075	     11.39879587	     22.27792863	     76.84917287
      1.13333330	      3.12523874	      0.44944140	     -2.13854412	     -0.52190689	      0.95007558	     -0.16486084	     -5.69591967	     -1.00740092	     -0.86069045	      0.46228706	      5.38627314	     -5.15597838	      0.00000000	     -6.56843970	     -0.63288457	     -3.64184113	      2.20039592	      9.17935465	     -0.62624318	      0.00000000	     -2.93472717	     -0.01149998	     -1.83134951	      0.05112784	     -4.90341971	      7.24794106	     24.19106568	     84.27210387	     -1.59208241	     -6.62762129	     11.39983258	     22.27864678	     76.84824367
      1.15000000	      3.11448786	      0.45000493	     -2.13790345	     -0.52235444	      0.94949112	     -0.16482047	     -5.70528697	     -1.00822033	     -0.86109947	      0.46789989	      5.38664480	     -5.15598700	      0.00000000	     -6.57243235	     -0.63193319	     -3.64287655	      2.20210771	      9.17857051	     -0.62639204	      0.00000000	     -2.93347667	     -0.01131116	     -1.83158202	      0.05048534	     -4.90372434	      7.24781220	     24.19077912	     84.27191385	     -1.59214139	     -6.62777661	     11.40005542	     22.27870458	     76.84805527
      1.16666670	      3.17486470	      0.49302707	     -2.05573294	     -0.52307728	      0.94897630	     -0.16494547	     -5.74707086	     -1.04696511	     -0.85703872	      0.61101215	      5.44709751	     -5.16264196	      0.00000000	     -6.59202240	     -0.58446940	     -3.71581154	      2.22913412	      9.14496648	     -0.64997434	      0.00000000	     -2.85748700	     -0.01870102	     -1.85675728	      0.04634303	     -4.91641210	      7.23922192	     24.18482224	     84.25957491	     -1.54821927	     -6.65101495	     11.41129447	     22.29449787	     76.83557494
      1.18333330	      3.19790462	      0.58690014	     -2.10736872	     -0.52356558	      0.94934263	     -0.16476300	     -5.61322534	     -1.14655061	     -0.93045006	      0.91563831	      5.79859981	     -5.22693856	      0.00000000	     -6.56360316	     -0.47467776	     -3.88090719	      2.25481424	      9.00728140	     -0.68423238	      0.00000000	     -2.94169799	     -0.19205738	     -1.89895497	      0.12637899	     -4.87851892	      7.20955470	     24.17875697	     84.19921538	     -1.44199845	     -6.73397656	     11.48091552	     22.30594375	     76.77370889
      1.20000000	      3.21937984	      0.58375938	     -2.13449121	     -0.52339177	      0.95044158	     -0.16480062	     -5.64836395	     -1.14055486	     -0.93627309	      0.93318167	      5.79754435	     -5.22794295	      0.00000000	     -6.50302692	     -0.46887620	     -3.87938515	      2.22470878	      9.00652100	     -0.68298587	      0.00000000	     -2.94319344	     -0.19067205	     -1.89906461	      0.12405078	     -4.87773824	      7.20937398	     24.17736127	     84.19838607	     -1.44365548	     -6.73419431	     11.48207755	     22.30537728	     76.77283076
      1.21666670	      3.22942909	      0.58750309	     -2.14773338	     -0.52259663	      0.95135787	     -0.16487701	     -5.65259519	     -1.12728099	     -0.94531144	      0.94049186	      5.79313700	     -5.22878666	      0.00000000	     -6.47750635	     -0.45294347	     -3.88243283	      2.20530489	      9.00242315	     -0.68280564	      0.00000000	     -2.94904391	     -0.18932374	     -1.89783513	      0.12471083	     -4.87602377	      7.20907138	     24.17639240	     84.19718036	     -1.44382296	     -6.73512360	     11.48357757	     22.30485532	     76.77151945
      1.23333330	      3.23081534	      0.58819711	     -2.14720099	     -0.52258097	      0.95114963	     -0.16480397	     -5.64958337	     -1.12956199	     -0.94705612	      0.93977409	      5.79208245	     -5.22876358	      0.00000000	     -6.47750170	     -0.45362853	     -3.88361533	      2.20253369	      9.00112365	     -0.68283975	      0.00000000	     -2.95036686	     -0.18899810	     -1.89745963	      0.12497247	     -4.87572169	      7.20901339	     24.17622586	     84.19695443	     -1.44386809	     -6.73520742	     11.48386892	     22.30476426	     76.77127385
      1.25000000	      3.20005742	      0.63336305	     -2.24883638	     -0.52165038	      0.94979169	     -0.16464724	     -5.50908205	     -1.21203198	     -1.36447711	      1.11793232	      5.44244475	     -5.21312398	      0.00000000	     -6.65337012	     -0.38907691	     -4.11662076	      1.75332303	      8.50678281	     -0.59985109	      0.00000000	     -2.93203268	     -0.23330538	     -1.83318287	      0.11766131	     -4.85187837	      7.18075696	     24.10675361	     84.12904745	     -1.48729992	     -6.73383124	     11.56966921	     22.30350241	     76.69830843
      1.26666670	      3.20153325	      0.63562135	     -2.23784976	     -0.52211768	      0.95208412	     -0.16467353	     -5.47198468	     -1.20614952	     -1.36495640	      1.09484829	      5.44443850	     -5.21291980	      0.00000000	     -6.67416780	     -0.38548269	     -4.11813064	      1.75517773	      8.50453403	     -0.59980168	      0.00000000	     -2.93391063	     -0.23274283	     -1.83184274	      0.11707895	     -4.85115259	      7.18041223	     24.10558402	     84.12797191	     -1.48832125	     -6.73450778	     11.57089718	     22.30312415	     76.69708718
      1.28333330	      3.13981406	      0.61844047	     -2.29783867	     -0.52372552	      0.95117287	     -0.16501807	     -5.37829285	     -1.19916936	     -1.39145579	      0.94257743	      5.46691309	     -5.21598381	      0.00000000	     -6.65553747	     -0.39144399	     -4.10925723	      1.66465026	      8.48080112	     -0.58493103	      0.00000000	     -3.01109687	     -0.21078166	     -1.81894108	      0.14706599	     -4.84654640	      7.17547887	     24.10175239	     84.11674429	     -1.46719272	     -6.74215373	     11.58223144	     22.30695101	     76.68452856
      1.30000000	      3.14474477	      0.61524433	     -2.28103477	     -0.52324864	      0.95027159	     -0.16489993	     -5.34013371	     -1.20578361	     -1.38862547	      0.91890016	      5.46723382	     -5.21376723	      0.00000000	     -6.68596279	     -0.39962343	     -4.10950391	      1.67475728	      8.47777826	     -0.58414106	      0.00000000	     -3.01359570	     -0.20826863	     -1.81629200	      0.15256724	     -4.84635946	      7.17491112	     24.10261544	     84.11568834	     -1.46479424	     -6.74224228	     11.58331423	     22.30798465	     76.68335982
      1.31666670	      3.14843233	      0.60989119	     -2.27491641	     -0.52353238	      0.95088713	     -0.16492279	     -5.30543092	     -1.20795345	     -1.38738877	      0.89153325	      5.46915856	     -5.21237940	      0.00000000	     -6.70318260	     -0.40452204	     -4.10785635	      1.67775052	      8.47680455	     -0.58293682	      0.00000000	     -3.01705791	     -0.20545286	     -1.81459519	      0.15717054	     -4.84621139	      7.17437010	     24.10349232	     84.11469308	     -1.46212873	     -6.74281169	     11.58429351	     22.30919409	     76.68227408
      1.33333330	      3.05553270	      0.56322998	     -2.32758043	     -0.52269603	      0.95139948	     -0.16454840	     -5.24352442	     -1.14609164	     -1.36087268	      0.70551375	      5.47457978	     -5.17691002	      0.00000000	     -6.65908186	     -0.46464150	     -4.06458994	      1.61490537	      8.46153078	     -0.55669873	      0.00000000	     -3.09162512	     -0.16156389	     -1.78824246	      0.23734273	     -4.84183487	      7.16613996	     24.12106155	     84.09994168	     -1.41733834	     -6.75076849	     11.59891488	     22.32936951	     76.66637070
      1.35000000	      3.05048966	      0.56247469	     -2.31715083	     -0.52277944	      0.95005086	     -0.16453297	     -5.23311864	     -1.14892577	     -1.35776592	      0.69775908	      5.47224304	     -5.17372121	      0.00000000	     -6.67992958	     -0.47388508	     -4.06457539	      1.62398414	      8.46087423	     -0.55646346	      0.00000000	     -3.09107370	     -0.15732793	     -1.78621584	      0.23924772	     -4.84231759	      7.16562804	     24.12143485	     84.09899277	     -1.41764980	     -6.75068211	     11.60000242	     22.33026160	     76.66536074
      1.36666670	      3.06872537	      0.55146884	     -2.31439811	     -0.52391035	      0.95062577	     -0.16483676	     -5.20672628	     -1.14894322	     -1.35663002	      0.67234879	      5.47093402	     -5.17135119	      0.00000000	     -6.68447722	     -0.48141417	     -4.06289937	      1.62226978	      8.46256729	     -0.55591654	      0.00000000	     -3.09013524	     -0.15257963	     -1.78380287	      0.24042033	     -4.84273097	      7.16506454	     24.12175914	     84.09780680	     -1.41932399	     -6.75071071	     11.60143499	     22.33124188	     76.66410837
      1.38333330	      3.02261735	      0.36001818	     -2.31890661	     -0.52343542	      0.95216296	     -0.16506216	     -5.31964238	     -0.93002397	     -1.28815023	      0.21221438	      5.14713065	     -4.97979067	      0.00000000	     -6.65614000	     -0.69489194	     -3.97330096	      1.59580453	      8.49498815	     -0.51955719	      0.00000000	     -3.09696254	      0.14759412	     -1.72990972	      0.29695687	     -4.92858073	      7.12112131	     24.12165817	     84.01989720	     -1.38570335	     -6.68183118	     11.69718570	     22.43974330	     76.58402563
      1.40000000	      3.03499685	      0.35760316	     -2.31889306	     -0.52410092	      0.95347043	     -0.16490568	     -5.29949283	     -0.93225390	     -1.29135129	      0.19632481	      5.14526147	     -4.97998462	      0.00000000	     -6.65858625	     -0.69667969	     -3.97256552	      1.59534897	      8.49626453	     -0.51957259	      0.00000000	     -3.09846188	      0.14699609	     -1.72869956	      0.29635584	     -4.92839791	      7.12081330	     24.12155147	     84.01893709	     -1.38833909	     -6.68201155	     11.69841049	     22.43956675	     76.58298092
      1.41666670	      3.01609602	      0.34560258	     -2.38882462	     -0.52358451	      0.95272159	     -0.16481785	     -5.28206708	     -0.92257673	     -1.33300333	      0.10006152	      5.08314757	     -4.96799902	      0.00000000	     -6.64583822	     -0.71301548	     -3.94620065	      1.62225734	      8.48878313	     -0.50544313	      0.00000000	     -3.15090874	      0.14268611	     -1.70340013	      0.32331556	     -4.92140362	      7.11690768	     24.12796291	     84.00762125	     -1.39887815	     -6.68474902	     11.71201881	     22.44172771	     76.57070890
      1.43333330	      3.05114232	      0.33617614	     -2.45245980	     -0.52346663	      0.94965847	     -0.16507311	     -5.34386965	     -0.92939922	     -1.41666345	      0.02691535	      4.89487162	     -4.93763027	      0.00000000	     -6.64092818	     -0.71856928	     -3.90776685	      1.71834070	      8.48355441	     -0.48294165	      0.00000000	     -3.17938259	      0.18756735	     -1.68027976	      0.32445793	     -4.94720509	      7.10441048	     24.11837156	     83.98293373	     -1.41633939	     -6.67016751	     11.74182505	     22.45769460	     76.54491209
      1.45000000	      3.04519379	      0.33414889	     -2.44045996	     -0.52385507	      0.95170208	     -0.16521621	     -5.33746257	     -0.93194185	     -1.41689638	      0.02068537	      4.88802984	     -4.93578327	      0.00000000	     -6.64700670	     -0.71902686	     -3.90850141	      1.72345995	      8.48562818	     -0.48405194	      0.00000000	     -3.17961333	      0.18658788	     -1.67743781	      0.32708985	     -4.94776192	      7.10381376	     24.11903505	     83.98176131	     -1.41773843	     -6.66930974	     11.74327052	     22.45820727	     76.54366744
      1.46666670	      3.03408341	      0.33564369	     -2.43494705	     -0.52318873	      0.95198610	     -0.16505239	     -5.34924881	     -0.93964794	     -1.41665388	      0.02292689	      4.87815644	     -4.93229550	      0.00000000	     -6.64625551	     -0.72208383	     -3.90576413	      1.73454789	      8.48563555	     -0.48347873	      0.00000000	     -3.18261159	      0.18744261	     -1.67418097	      0.33233808	     -4.94881526	      7.10298762	     24.12025008	     83.98039794	     -1.41755618	     -6.66766801	     11.74495232	     22.45914335	     76.54226689
      1.48333330	      3.03018997	      0.33581428	     -2.43579795	     -0.52344376	      0.95139725	     -0.16508510	     -5.35552765	     -0.93934460	     -1.41669717	      0.02472485	      4.87652329	     -4.93159156	      0.00000000	     -6.64587881	     -0.72039549	     -3.90509924	      1.73630310	      8.48554018	     -0.48314086	      0.00000000	     -3.18275599	      0.18756459	     -1.67397233	      0.33269086	     -4.94888033	      7.10288586	     24.12030920	     83.98018828	     -1.41753119	     -6.66744752	     11.74522115	     22.45927824	     76.54205498
      1.50000000	      3.05177951	      0.35729607	     -2.44598741	     -0.52444877	      0.95010393	     -0.16517134	     -5.38231833	     -0.96734871	     -1.40428231	      0.00000000	      4.83837162	     -4.90951955	      0.00000000	     -6.59743174	     -0.67220835	     -3.87449220	      1.78917437	      8.49881475	     -0.47674916	      0.00000000	     -3.19868748	      0.19510707	     -1.68090399	      0.35373539	     -4.95258737	      7.09877349	     24.12581289	     83.97287099	     -1.38900302	     -6.65998306	     11.75397562	     22.47287373	     76.53500816
      1.51666670	      3.06686373	      0.35965280	     -2.45584747	     -0.52494396	      0.94968590	     -0.16506953	     -5.40000108	     -0.96471624	     -1.40296366	      0.00267244	      4.83524781	     -4.90744982	      0.00000000	     -6.56364844	     -0.66028235	     -3.86941263	      1.78079327	      8.50384452	     -0.47617119	      0.00000000	     -3.20194833	      0.19361714	     -1.68388837	      0.35597188	     -4.95355658	      7.09810598	     24.12642896	     83.97181719	     -1.38380135	     -6.65891819	     11.75529162	     22.47501416	     76.53404596
      1.53333330	      3.05587375	      0.45415152	     -2.47428360	     -0.52488371	      0.94986198	     -0.16506231	     -5.33927395	     -1.08371559	     -1.32674946	      0.00008171	      4.79041727	     -4.86096003	      0.00000000	     -6.44791792	     -0.53561995	     -3.72958910	      1.86730366	      8.66806633	     -0.46935867	      0.00000000	     -3.34178203	      0.13435787	     -1.79056345	      0.45702324	     -4.96623845	      7.08163140	     24.15730780	     83.94577329	     -1.17371885	     -6.64973693	     11.78441073	     22.54540125	     76.51059269
      1.55000000	      3.07772446	      0.45535034	     -2.46795568	     -0.52511249	      0.95188581	     -0.16511235	     -5.33150234	     -1.06948928	     -1.32622077	      0.00000000	      4.79185466	     -4.86177871	      0.00000000	     -6.42675789	     -0.52700803	     -3.72590915	      1.85675865	      8.67773338	     -0.47045568	      0.00000000	     -3.34390395	      0.12830701	     -1.78743510	      0.46103354	     -4.96490156	      7.08130693	     24.15913229	     83.94466809	     -1.17738543	     -6.65187502	     11.78583688	     22.54432702	     76.50949793
      1.56666670	      3.08565944	      0.45823521	     -2.46880117	     -0.52501853	      0.95134358	     -0.16525496	     -5.33228099	     -1.06623403	     -1.32607913	      0.00060414	      4.79187316	     -4.86180314	      0.00000000	     -6.41978439	     -0.52735014	     -3.72503113	      1.85328792	      8.67943823	     -0.47049156	      0.00000000	     -3.34509507	      0.12701816	     -1.78723144	      0.46193542	     -4.96452760	      7.08126256	     24.15946904	     83.94446075	     -1.17725962	     -6.65237025	     11.78607974	     22.54431538	     76.50929597
      1.58333330	      3.09035894	      0.45861434	     -2.46981114	     -0.52494627	      0.95194451	     -0.16528839	     -5.35179217	     -1.05526529	     -1.32583254	      0.00653404	      4.79219337	     -4.86242913	      0.00000000	     -6.38581815	     -0.51718006	     -3.72054948	      1.83609371	      8.68968756	     -0.47130604	      0.00000000	     -3.35135264	      0.12086600	     -1.78633636	      0.46678460	     -4.96313198	      7.08097349	     24.16135392	     83.94340718	     -1.17628738	     -6.65413112	     11.78743754	     22.54463446	     76.50831774
      1.60000000	      3.08383300	      0.45831897	     -2.46759463	     -0.52529044	      0.95169143	     -0.16521159	     -5.35468717	     -1.05482596	     -1.32565130	      0.00723567	      4.79229994	     -4.86243019	      0.00000000	     -6.38773706	     -0.51554887	     -3.71993728	      1.83628060	      8.69154457	     -0.47148773	      0.00000000	     -3.35241197	      0.11990091	     -1.78646175	      0.46733481	     -4.96301926	      7.08091457	     24.16159937	     83.94321226	     -1.17591829	     -6.65438010	     11.78769625	     22.54478984	     76.50814471
      1.61666670	      3.11176870	      0.56048769	     -2.27977538	     -0.52636500	      0.94900325	     -0.16508893	     -5.37501772	     -1.14758546	     -1.33088760	      0.03824394	      4.90026438	     -4.97303133	      0.00000000	     -6.25516183	     -0.43429835	     -3.33409531	      2.06010991	      9.25341716	     -0.45322266	      0.00000000	     -3.57947732	     -0.08430260	     -1.92746201	      0.59137598	     -4.87271550	      7.06378034	     24.26345126	     83.85008496	     -0.97909362	     -6.81796075	     11.90853886	     22.64782878	     76.42693679
      1.63333330	      3.11079562	      0.56076330	     -2.27904235	     -0.52607703	      0.94957674	     -0.16516001	     -5.35932971	     -1.15145855	     -1.33330582	      0.02834319	      4.90010809	     -4.97488734	      0.00000000	     -6.26901209	     -0.44537912	     -3.33501773	      2.06661049	      9.25410844	     -0.45369013	      0.00000000	     -3.58027280	     -0.08492160	     -1.93077429	      0.59148482	     -4.87415429	      7.06330250	     24.26381045	     83.84907221	     -0.97624650	     -6.81710567	     11.91012486	     22.64970829	     76.42614015
      1.65000000	      3.11740320	      0.55738553	     -2.27908866	     -0.52586017	      0.95087074	     -0.16505873	     -5.33155237	     -1.14968955	     -1.33754226	      0.00854028	      4.89905046	     -4.97765922	      0.00000000	     -6.28395529	     -0.45755415	     -3.33452764	      2.07093755	      9.25656203	     -0.45389543	      0.00000000	     -3.58058476	     -0.08506611	     -1.93501225	      0.59205057	     -4.87644249	      7.06268604	     24.26444504	     83.84778543	     -0.97196497	     -6.81628134	     11.91206347	     22.65255768	     76.42513166
      1.66666670	      3.10728936	      0.39470271	     -2.27224622	     -0.52577230	      0.95085695	     -0.16523448	     -5.27466818	     -0.96395102	     -1.43352018	      0.00000000	      4.72577094	     -5.06145530	      0.00000000	     -6.31615003	     -0.64320459	     -3.25597747	      2.02687302	      9.42385322	     -0.42619973	      0.00000000	     -3.59804988	      0.13523473	     -1.99646619	      0.62226034	     -4.94769889	      7.04459558	     24.30911133	     83.75362550	     -0.96545807	     -6.80078161	     12.05931315	     22.76528537	     76.34639282
      1.68333330	      3.10045555	      0.40433176	     -2.25569808	     -0.52519240	      0.94909300	     -0.16486004	     -5.26112286	     -0.96254355	     -1.43130056	      0.00000000	      4.72479111	     -5.06140608	      0.00000000	     -6.34214436	     -0.65707940	     -3.25751946	      2.03843907	      9.42499273	     -0.42755918	      0.00000000	     -3.60008807	      0.13301853	     -1.99583781	      0.62446912	     -4.94863662	      7.04435595	     24.31032085	     83.75252659	     -0.96597334	     -6.80142718	     12.06087820	     22.76589373	     76.34540435
      1.70000000	      3.09166286	      0.40956950	     -2.25342998	     -0.52542252	      0.94894605	     -0.16502223	     -5.26246502	     -0.96015104	     -1.43094623	      0.00000000	      4.72476384	     -5.06151227	      0.00000000	     -6.34969892	     -0.66187628	     -3.25804524	      2.04139306	      9.42548357	     -0.42803408	      0.00000000	     -3.59985079	      0.13220494	     -1.99555388	      0.62443631	     -4.94863845	      7.04435148	     24.31050641	     83.75235050	     -0.96670585	     -6.80189488	     12.06111183	     22.76578670	     76.34523590
      1.71666670	      3.09079191	      0.25357678	     -2.06097681	     -0.52475546	      0.94890223	     -0.16515882	     -5.33648266	     -0.75594235	     -1.47256465	      0.00000000	      4.65264989	     -5.30535603	      0.00000000	     -6.34792357	     -0.89157787	     -3.13377006	      2.14584146	      9.64674826	     -0.47199761	      0.00000000	     -3.54557509	      0.26751967	     -2.18081741	      0.53226198	     -4.99829618	      7.03331421	     24.52146903	     83.56713337	     -1.11129211	     -6.86898532	     12.33193927	     22.89645146	     76.17926496
      1.73333330	      3.07421662	      0.25611128	     -2.05924893	     -0.52509328	      0.94949881	     -0.16521906	     -5.34232079	     -0.75694511	     -1.47247528	      0.00142074	      4.65244719	     -5.30545026	      0.00000000	     -6.35519503	     -0.89456133	     -3.13462897	      2.14904016	      9.64643351	     -0.47246493	      0.00000000	     -3.54493195	      0.26727226	     -2.18039811	      0.53198388	     -4.99810347	      7.03337250	     24.52163878	     83.56696522	     -1.11200875	     -6.86963104	     12.33210079	     22.89631824	     76.17907614
      1.75000000	      3.11187306	      0.25174596	     -2.02448547	     -0.52457110	      0.95068293	     -0.16528634	     -5.44987640	     -0.73871937	     -1.56435691	      0.00000000	      4.54553417	     -5.34125715	      0.00000000	     -6.36148337	     -0.91468282	     -3.25128914	      2.23596222	      9.48512350	     -0.50714470	      0.00000000	     -3.46190137	      0.22756558	     -2.19040176	      0.40576320	     -4.97094002	      7.04539239	     24.53325794	     83.52848743	     -1.19934193	     -6.94925443	     12.37694632	     22.88855892	     76.13856644
      1.76666670	      3.08984802	      0.25413798	     -2.02158323	     -0.52364158	      0.94901305	     -0.16511501	     -5.46275250	     -0.73335180	     -1.56801112	      0.00738514	      4.54006217	     -5.34232480	      0.00000000	     -6.37766866	     -0.91455387	     -3.25291865	      2.24669791	      9.48010229	     -0.50720593	      0.00000000	     -3.46176576	      0.22773978	     -2.18931337	      0.40784176	     -4.97145760	      7.04537329	     24.53496281	     83.52747543	     -1.19976434	     -6.94897809	     12.37831334	     22.88903081	     76.13757657
      1.78333330	      3.08263087	      0.25410199	     -2.02143465	     -0.52371709	      0.94994421	     -0.16514515	     -5.46240655	     -0.73180062	     -1.56968677	      0.00627222	      4.53905341	     -5.34309775	      0.00000000	     -6.38301427	     -0.91472052	     -3.25343682	      2.24955151	      9.47905055	     -0.50737730	      0.00000000	     -3.46031846	      0.22754387	     -2.18906684	      0.40740194	     -4.97158742	      7.04539288	     24.53517764	     83.52727902	     -1.20075792	     -6.94908605	     12.37859421	     22.88892000	     76.13738225
      1.80000000	      3.12198030	      0.20704935	     -2.06621002	     -0.52323484	      0.95332295	     -0.16561623	     -5.53604115	     -0.67829814	     -1.74447893	      0.00000000	      4.40459238	     -5.39358537	      0.00000000	     -6.45562065	     -0.95867123	     -3.29493202	      2.29713876	      9.33036350	     -0.49982221	      0.00000000	     -3.32208491	      0.24372187	     -2.15964154	      0.33799409	     -4.98168710	      7.04967180	     24.54304062	     83.50665685	     -1.31151177	     -6.96283420	     12.40786182	     22.86888641	     76.11684396
      1.81666670	      3.12531636	      0.19786470	     -2.05593255	     -0.52396752	      0.95284557	     -0.16556160	     -5.52169092	     -0.68939134	     -1.74893464	      0.00000000	      4.39744294	     -5.39324722	      0.00000000	     -6.45465637	     -0.95523958	     -3.29944636	      2.28762341	      9.32469258	     -0.50053518	      0.00000000	     -3.32628525	      0.24939391	     -2.16054008	      0.33291580	     -4.98218989	      7.05009804	     24.54229505	     83.50526373	     -1.31236680	     -6.96318754	     12.40967717	     22.86906579	     76.11546934
      1.83333330	      3.09952840	      0.19938368	     -2.04449987	     -0.52160181	      0.95227727	     -0.16544764	     -5.52547183	     -0.68851829	     -1.74863272	      0.00000000	      4.38964961	     -5.39061162	      0.00000000	     -6.46366708	     -0.94808389	     -3.30283691	      2.28840468	      9.31847951	     -0.50116074	      0.00000000	     -3.33538718	      0.25402051	     -2.16167301	      0.33189476	     -4.98266555	      7.05025046	     24.54212157	     83.50405812	     -1.30877760	     -6.96336411	     12.41107377	     22.87020980	     76.11432121
      1.85000000	      3.05940773	      0.21056551	     -1.97084316	     -0.52232608	      0.95268055	     -0.16573557	     -5.49208799	     -0.70921822	     -1.74777596	      0.00000000	      4.34336289	     -5.36575998	      0.00000000	     -6.45561259	     -0.92336286	     -3.33109831	      2.18444185	      9.28757430	     -0.50702325	      0.00000000	     -3.36036518	      0.29623230	     -2.17701756	      0.26311585	     -4.99538918	      7.05171174	     24.52299803	     83.49262594	     -1.32372201	     -6.96043674	     12.42676006	     22.86998171	     76.10385954
      1.86666670	      3.06934275	      0.20291280	     -1.97628248	     -0.52379109	      0.95106095	     -0.16571619	     -5.48976707	     -0.70929063	     -1.74876424	      0.00000000	      4.34260520	     -5.36456854	      0.00000000	     -6.45388920	     -0.92014322	     -3.33026460	      2.17663049	      9.28449396	     -0.50614463	      0.00000000	     -3.35660818	      0.29512068	     -2.17996747	      0.25640256	     -4.99757054	      7.05157819	     24.52148815	     83.49146519	     -1.32461469	     -6.95951734	     12.42842186	     22.87056121	     76.10287371
      1.88333330	      3.10019516	      0.19189815	     -1.98615184	     -0.52436947	      0.94998892	     -0.16574284	     -5.46919372	     -0.70989610	     -1.74888280	      0.00000000	      4.34412470	     -5.36392580	      0.00000000	     -6.44009042	     -0.91411810	     -3.32673839	      2.16212014	      9.28418280	     -0.50473020	      0.00000000	     -3.35919120	      0.29494691	     -2.18380476	      0.25043733	     -5.00086893	      7.05125992	     24.51985898	     83.49015386	     -1.32327463	     -6.95852919	     12.43015186	     22.87187224	     76.10179239
      1.90000000	      3.10629759	      0.19249400	     -1.98533324	     -0.52134574	      0.94528659	     -0.16515027	     -5.48546685	     -0.69843108	     -1.74379805	      0.01285838	      4.34351791	     -5.36201790	      0.00000000	     -6.42449041	     -0.90058408	     -3.32462362	      2.15083245	      9.28617035	     -0.50530320	      0.00000000	     -3.37135329	      0.29496198	     -2.18878354	      0.24835534	     -5.00515483	      7.05060135	     24.51890280	     83.48881686	     -1.31552857	     -6.95625880	     12.43175438	     22.87500564	     76.10074645
      1.91666670	      3.10963237	      0.19725322	     -2.00044533	     -0.52355261	      0.95052791	     -0.16531799	     -5.51290119	     -0.70724922	     -1.74182015	      0.01165320	      4.34675882	     -5.36338226	      0.00000000	     -6.37674415	     -0.91208450	     -3.32009995	      2.11875889	      9.28975036	     -0.50499205	      0.00000000	     -3.36855509	      0.29200562	     -2.19382282	      0.23241030	     -5.01218946	      7.04987142	     24.51454500	     83.48738454	     -1.32187607	     -6.95484673	     12.43388137	     22.87490969	     76.09966181
      1.93333330	      3.14001856	      0.23291207	     -1.92254917	     -0.52008576	      0.94925714	     -0.16479337	     -5.62766909	     -0.73450718	     -1.68307330	      0.06390399	      4.35851021	     -5.37673062	      0.00000000	     -6.37801896	     -0.88753876	     -3.27059449	      2.09320724	      9.24348768	     -0.48301453	      0.00000000	     -3.38101470	      0.22480155	     -2.27723773	     -0.01647323	     -5.09885919	      7.03948426	     24.44646795	     83.46487553	     -1.40601420	     -6.94894924	     12.46413697	     22.87157483	     76.08246972
      1.95000000	      3.21641079	      0.37101585	     -1.94366334	     -0.52482477	      0.94447261	     -0.16500091	     -5.55786087	     -0.87957011	     -1.77424279	      0.48977196	      4.62175304	     -5.67270120	      0.00000000	     -6.30307842	     -0.74611085	     -3.28020482	      2.38250309	      9.24065564	     -0.62597311	      0.00000000	     -3.51913051	      0.01985808	     -2.26521505	     -0.06160578	     -5.08103618	      7.03111774	     24.53835490	     83.37760504	     -1.36068537	     -7.04440072	     12.56177667	     22.96704021	     76.01126087
      1.96666670	      3.28241171	      0.41029425	     -2.01872839	     -0.52493649	      0.94801379	     -0.16537891	     -5.37716211	     -0.93008508	     -1.81678724	      1.04362985	      4.79101990	     -5.92128960	      0.00000000	     -6.15894325	     -0.71533469	     -3.37276871	      2.64874467	      9.10464181	     -0.77605551	      0.00000000	     -3.72200075	     -0.00455580	     -2.24102346	     -0.06545549	     -5.11672951	      7.01218273	     24.61801006	     83.28690290	     -1.35131680	     -7.06863509	     12.66952629	     23.07254160	     75.94111281
      1.98333330	      3.29791448	      0.46890626	     -2.09188723	     -0.52780907	      0.94606168	     -0.16465490	     -4.91334459	     -1.01035509	     -1.69622001	      1.94810952	      5.15255249	     -6.20110175	      0.00000000	     -5.90320373	     -0.67487450	     -3.49058076	      3.15648401	      9.18991152	     -1.05875576	      0.00000000	     -4.04101523	     -0.06943838	     -2.19242464	      0.05317154	     -5.13268330	      7.00105297	     24.76079974	     83.19565872	     -1.28314673	     -7.17909305	     12.76935586	     23.20560499	     75.86929582
      2.00000000	      3.24019019	      0.44012102	     -2.13847164	     -0.52666895	      0.95101070	     -0.16510500	     -4.38511986	     -1.01589942	     -1.58246911	      2.55762868	      5.37901488	     -6.39431775	      0.00000000	     -5.65309845	     -0.71719739	     -3.38792246	      3.49220254	      9.30394017	     -1.12747981	      0.00000000	     -4.20296675	      0.00355713	     -2.13778653	      0.13685574	     -5.21951148	      6.98309614	     24.90000462	     83.10688872	     -1.23919678	     -7.21343331	     12.86677275	     23.36146035	     75.79988599
      2.01666670	      3.30394298	      0.43123010	     -2.14766196	     -0.52433191	      0.95368676	     -0.16496053	     -4.28722184	     -1.00915582	     -1.56284242	      2.81349187	      5.36253361	     -6.40522965	      0.00000000	     -5.60406052	     -0.74954770	     -3.35874991	      3.74843657	      9.30508628	     -1.13487027	      0.00000000	     -4.24767894	     -0.03550317	     -2.05956859	      0.08225011	     -5.23958234	      6.98012399	     24.91517769	     83.08729418	     -1.42100580	     -7.28800857	     12.88554079	     23.32753244	     75.78325289
      2.03333330	      3.23579838	      0.40272186	     -2.20875193	     -0.52698112	      0.95135291	     -0.16419589	     -3.48821143	     -1.02730750	     -1.60202012	      4.05428398	      5.66136948	     -6.69292379	      0.00000000	     -5.08886027	     -0.84188635	     -3.46148085	      4.66480496	      9.76763503	     -1.34326155	      0.00000000	     -4.63447183	     -0.00504223	     -2.03882444	      0.20349067	     -5.30367063	      6.95342211	     25.13165523	     82.99313802	     -1.36010454	     -7.38663296	     12.96967543	     23.53582632	     75.70987499
      2.05000000	      2.72701796	      0.52488145	     -2.25986203	     -0.53179506	      0.95257521	     -0.16524441	     -2.33305068	     -1.16894353	     -1.45744477	      5.20514976	      6.21660719	     -6.91506257	      0.00000000	     -3.88821781	     -0.78622586	     -3.64111918	      5.91364889	     10.01150549	     -1.57340136	      0.00000000	     -4.34753264	     -0.10806000	     -1.88336147	     -0.02613325	     -5.38781302	      6.89238770	     25.53363465	     82.66984463	     -1.58236509	     -7.60209757	     13.24223550	     24.05556702	     75.44869107
      2.06666670	      2.88486011	      0.47225013	     -2.31363164	     -0.53281708	      0.95103442	     -0.16446763	     -1.81964307	     -1.17503324	     -1.64217298	      6.24719876	      6.21574044	     -7.04286856	      0.00000000	     -3.47961119	     -0.91724244	     -3.88610308	      6.89409859	     10.18385932	     -1.74690723	      0.00000000	     -5.06933411	     -0.03670009	     -1.83170945	      0.20554675	     -5.43206960	      6.86201605	     25.61167271	     82.60595067	     -1.42421055	     -7.71043092	     13.26364557	     24.12274108	     75.39565872
      2.08333330	      3.05724312	      0.46518427	     -2.30680417	     -0.53600627	      0.94444417	     -0.16544064	     -1.12889132	     -1.23843081	     -1.76699607	      7.63596203	      6.62632150	     -7.41832688	      0.00000000	     -2.76464385	     -1.01534410	     -4.12553809	      8.38049743	     10.63984841	     -2.05636495	      0.00000000	     -5.97161299	     -0.02716004	     -1.75832599	      0.55297885	     -5.55836146	      6.81110656	     25.73449174	     82.53163628	     -1.13236720	     -7.80467400	     13.28364976	     24.28792849	     75.33965449
      2.10000000	      2.73616123	      0.55678147	     -2.42990649	     -0.53689668	      0.93613311	     -0.16617223	      0.36164917	     -1.42366553	     -1.62866861	      9.75782813	      7.87130966	     -8.03658379	      0.00000000	     -1.27879653	     -1.06301723	     -4.56319393	     10.37588013	     11.75090729	     -2.26566573	      0.00000000	     -5.99951726	     -0.09861744	     -1.55649563	      0.39107019	     -5.72490948	      6.65018177	     26.07373584	     82.20479338	     -1.32190183	     -7.96890377	     13.41289153	     24.90261317	     75.10798965
      2.11666670	      2.66617370	      0.56026210	     -2.49794780	     -0.53854540	      0.93177885	     -0.16639608	      1.66181810	     -1.54688772	     -1.70668760	     11.85688883	      8.79174735	     -8.63456653	      0.00000000	     -0.00547331	     -1.22690460	     -5.09821236	     12.48244340	     12.81203854	     -2.45679413	      0.00000000	     -6.57956659	     -0.05682773	     -1.45526580	      0.51885567	     -5.93560260	      6.46624088	     26.38108867	     81.88435116	     -1.22179845	     -8.09828816	     13.44505211	     25.33034126	     74.87682001
      2.13333330	      2.77664858	      0.55070897	     -2.57590348	     -0.54009698	      0.93282490	     -0.16811609	      2.78801881	     -1.72008233	     -1.72087189	     14.09309339	      9.56968855	     -9.09886962	      0.00000000	      0.93857655	     -1.35685610	     -5.33961314	     14.51404035	     13.74602011	     -2.72007690	      0.00000000	     -7.45864450	      0.02749098	     -1.35333598	      0.83294054	     -6.14654552	      6.36326240	     26.52026771	     81.74670089	     -1.00172588	     -8.20654911	     13.41081356	     25.52677462	     74.77876205
      2.15000000	      2.33529265	      0.63583853	     -2.68303522	     -0.54032719	      0.92462605	     -0.16837923	      4.65892281	     -2.01512989	     -1.90689054	     16.79950717	     10.79823345	     -9.36169311	      0.00000000	      2.70467330	     -1.50527878	     -6.18600225	     16.90705147	     14.85098849	     -2.81530407	      0.00000000	     -7.52436572	      0.08013617	     -1.14339306	      0.79031567	     -6.42083360	      6.19603617	     26.82173368	     81.48419459	     -1.13102563	     -8.29859059	     13.34423173	     26.02878880	     74.61043049
      2.16666670	      1.82573828	      0.69959993	     -2.66414669	     -0.54337543	      0.92003828	     -0.16887956	      6.73778567	     -2.30026472	     -2.09958930	     19.58936826	     12.06739478	     -9.36742516	      0.00000000	      4.72836989	     -1.73971497	     -6.77223523	     19.72917946	     16.14775904	     -2.61937601	      0.00000000	     -7.75538291	      0.12837875	     -1.10106325	      0.84325081	     -6.64835474	      5.97665869	     27.30207033	     81.18455441	     -1.13429683	     -8.46237482	     13.21383583	     26.48490193	     74.44411783
      2.18333330	      1.39509758	      0.72453230	     -2.63676778	     -0.54631531	      0.91727991	     -0.17046383	      8.70777857	     -2.58648776	     -2.44162904	     22.43225252	     13.37842936	     -9.23237098	      0.00000000	      6.62012292	     -1.97563121	     -7.34027219	     22.31320203	     17.48655234	     -2.39786936	      0.00000000	     -8.13015641	      0.23595644	     -1.05314400	      0.94068991	     -6.91352488	      5.75780985	     27.71171556	     80.92219397	     -1.03982012	     -8.59611694	     13.06265187	     26.91071987	     74.33161263
      2.20000000	      0.85679703	      0.79060997	     -2.50494546	     -0.54983820	      0.91480958	     -0.17124923	     10.51625902	     -2.91090408	     -2.91102345	     24.60968360	     14.70675416	     -8.84922809	      0.00000000	      8.70795835	     -2.20921443	     -7.92221563	     24.82668038	     18.59305977	     -2.13033709	      0.00000000	     -8.48495347	      0.25084471	     -0.99508148	      1.07160717	     -7.11745941	      5.54914844	     28.06499969	     80.70060053	     -0.90069242	     -8.79273495	     12.92840369	     27.27660063	     74.28400553
      2.21666670	      0.20425590	      0.79897312	     -2.35602942	     -0.55209156	      0.90780238	     -0.17096406	     12.62862319	     -3.18442990	     -3.36651593	     27.21359531	     16.30878032	     -8.23047570	      0.00000000	     10.94790559	     -2.60173691	     -8.49366336	     27.55111464	     19.63576609	     -1.67904787	      0.00000000	     -8.84145172	      0.32179209	     -0.91923580	      1.14936865	     -7.35097100	      5.31307680	     28.47290257	     80.49959997	     -0.80539586	     -8.98073529	     12.78121569	     27.72247916	     74.29471537
      2.23333330	     -0.51877662	      0.75889450	     -2.22164742	     -0.55747727	      0.90386756	     -0.17221629	     14.78735426	     -3.43004510	     -3.87516770	     29.68520309	     17.78780040	     -7.61285318	      0.00000000	     13.38638137	     -3.07969520	     -8.96671267	     30.46020480	     20.61202964	     -1.29812183	      0.00000000	     -9.24120124	      0.42354511	     -0.77242360	      1.25584544	     -7.59704382	      5.03683175	     28.97634825	     80.32820630	     -0.62345911	     -9.15887359	     12.58284143	     28.15392696	     74.36001306
      2.25000000	     -1.30568611	      0.69523866	     -2.16765935	     -0.56037431	      0.89670978	     -0.17243440	     17.38668195	     -3.67595320	     -4.32348196	     32.60140494	     19.29455878	     -6.88581118	      0.00000000	     15.73375356	     -3.58181851	     -9.43410013	     33.10597259	     21.81126436	     -0.70606917	      0.00000000	     -9.68203013	      0.54202049	     -0.55994404	      1.36223431	     -7.89803012	      4.69163825	     29.58931299	     80.17903649	     -0.46020483	     -9.29348227	     12.32518490	     28.67015998	     74.48716596
      2.26666670	     -2.13735748	      0.65245754	     -2.10989698	     -0.56338539	      0.88830833	     -0.17365142	     19.98532424	     -3.99910210	     -4.87759631	     35.59682902	     20.15439282	     -6.59475522	      0.00000000	     18.25359064	     -4.09684183	     -9.85462613	     36.07877465	     22.72991871	     -0.56199228	      0.00000000	    -10.11395884	      0.67424710	     -0.39350827	      1.43550093	     -8.14967263	      4.28577610	     30.20775651	     80.05576277	     -0.32630437	     -9.44413630	     12.01556581	     29.20924628	     74.69105819
      2.28333330	     -3.17532229	      0.67751198	     -2.16546733	     -0.57011468	      0.87731654	     -0.17446655	     22.99719083	     -4.35462010	     -5.20166959	     38.66230501	     21.71663903	     -5.98550436	      0.00000000	     21.38407474	     -4.62319958	    -10.34216775	     39.39639964	     23.91853207	     -0.47516784	      0.00000000	    -10.49643935	      0.71556243	     -0.22884653	      1.57109589	     -8.41205135	      3.86573772	     30.92872704	     79.97345284	     -0.23328725	     -9.63033677	     11.65988574	     29.96640645	     74.96703179
      2.30000000	     -4.00668196	      0.66510349	     -2.21306312	     -0.57436553	      0.87781852	     -0.17478153	     25.36946184	     -4.61012586	     -5.43380415	     40.88529778	     22.73909469	     -5.64652513	      0.00000000	     23.87506784	     -5.04125274	    -10.61019888	     41.83878358	     24.93188502	     -0.11389117	      0.00000000	    -11.04882446	      0.82338903	     -0.18095509	      1.87347674	     -8.60482195	      3.44359644	     31.46046025	     79.93321817	     -0.11980419	     -9.76079794	     11.29207557	     30.48452992	     75.27855059
      2.31666670	     -4.69019828	      0.66998428	     -2.21321387	     -0.57536866	      0.87145081	     -0.17338400	     27.27603526	     -4.76060979	     -5.55366319	     43.04199346	     23.77554830	     -5.42015103	      0.00000000	     26.16111858	     -5.48861740	    -10.78186473	     44.37039902	     25.88952767	      0.31688638	      0.00000000	    -11.77894190	      0.80360433	     -0.12893572	      2.21929360	     -8.69865942	      3.03494876	     31.91198831	     79.93287493	     -0.05252503	     -9.97300153	     10.85417019	     31.08720390	     75.66940327
      2.33333330	     -4.74059618	      0.60930532	     -2.21742240	     -0.57620161	      0.87000337	     -0.17366835	     28.34930114	     -4.81642243	     -5.59423260	     44.67630553	     23.98311319	     -5.59501165	      0.00000000	     27.15753000	     -5.80557147	    -10.74829594	     46.06228727	     26.04349455	      0.40783288	      0.00000000	    -13.31166538	      0.84510102	     -0.02477543	      2.92010870	     -8.80321835	      2.89904975	     32.04688447	     79.93412917	      0.40100977	    -10.08636681	     10.70968650	     31.18608982	     75.76261166
      2.35000000	     -5.36260930	      0.53245195	     -2.16719899	     -0.57617437	      0.85827910	     -0.17530636	     30.25236180	     -4.92516769	     -5.48745501	     47.02197474	     25.10288847	     -5.59716383	      0.00000000	     29.33527222	     -6.31753879	    -10.87447744	     48.75677209	     27.32558057	      0.73596647	      0.00000000	    -13.84217377	      0.97697986	     -0.11461243	      3.22057340	     -8.86112305	      2.44987349	     32.35114271	     79.96306757	      0.23109498	    -10.19344131	     10.24616780	     31.70310776	     76.20211928
      2.36666670	     -6.04251552	      0.54517594	     -2.15341004	     -0.58462414	      0.85082605	     -0.17611954	     32.44647138	     -5.03493063	     -5.13779840	     49.54688248	     26.32484372	     -5.43865937	      0.00000000	     31.97983888	     -6.65095734	    -10.84428546	     51.74548831	     27.88295780	      0.37568747	      0.00000000	    -14.64087016	      0.94565075	     -0.10142910	      3.77062095	     -8.92478422	      1.95908307	     32.71329801	     80.02718446	      0.35157337	    -10.30018521	      9.61447239	     32.28817424	     76.76474902
      2.38333330	     -6.53983526	      0.62789359	     -2.11670405	     -0.59091380	      0.85060407	     -0.17744067	     34.40932076	     -5.22822260	     -4.74447200	     51.61046674	     26.84806612	     -5.75412479	      0.00000000	     33.81389887	     -6.71091698	    -10.83324849	     53.45392669	     28.24397889	      0.58633961	      0.00000000	    -15.91311516	      0.86622230	     -0.19107417	      4.52242219	     -8.95495709	      1.47929006	     33.05525417	     80.12872881	      0.67747836	    -10.39698642	      9.04738302	     32.70672827	     77.43373054
      2.40000000	     -6.60223967	      0.58898770	     -1.95564845	     -0.59524376	      0.84733976	     -0.17769234	     35.68849178	     -5.39023369	     -4.71244621	     53.36209083	     26.85650108	     -5.86273424	      0.00000000	     34.98170359	     -6.76364504	    -10.70581448	     54.72387550	     28.23870742	      0.60958035	      0.00000000	    -17.93003542	      0.89868722	     -0.11654989	      5.41697151	     -9.10105637	      1.36144002	     33.18165466	     80.13771761	      1.36441252	    -10.47146093	      8.94761367	     32.80606667	     77.51854289
      2.41666670	     -6.98867175	      0.86038771	     -1.69409450	     -0.59570946	      0.84351116	     -0.17774528	     37.42344922	     -5.87058242	     -4.52294444	     55.48796428	     26.96590887	     -6.27407455	      0.00000000	     36.23521127	     -6.55564576	    -10.75957170	     55.73011753	     28.72166100	      0.91909026	      0.00000000	    -19.43918805	      0.64064174	     -0.38527108	      6.05974109	     -8.95829072	      0.63770868	     33.61377588	     80.25665652	      1.61702631	    -10.78424394	      8.58936387	     33.52212818	     78.33568402
      2.43333330	     -6.96853372	      0.81788293	     -1.46740575	     -0.59840509	      0.83227959	     -0.17775665	     38.68136282	     -6.03847716	     -4.45457641	     57.96440490	     27.82430346	     -6.63754445	      0.00000000	     37.51453425	     -6.78461296	    -10.47393107	     57.90253179	     29.62363945	      0.82241213	      0.00000000	    -21.49655071	      0.61786826	     -0.35382650	      6.90188954	     -9.07562653	      0.30375442	     33.69197993	     80.31012348	      2.31384298	    -10.86151334	      8.45360401	     33.74816729	     78.67277912
      2.45000000	     -7.18563691	      0.85606919	     -1.04186075	     -0.60260164	      0.82431305	     -0.17783446	     40.24391576	     -6.35226775	     -4.46612783	     60.38417166	     28.82944654	     -6.73749425	      0.00000000	     39.10882481	     -6.98123113	    -10.46930232	     60.13444464	     30.33668414	      1.00045740	      0.00000000	    -23.39255358	      0.55996425	     -0.21725289	      7.26520428	     -8.61512668	     -3.27021793	     34.41648682	     81.57640967	      2.79063845	    -10.90464691	      7.29892812	     34.92542723	     84.24214265
      2.46666670	     -7.12793907	      0.77209610	     -0.65088806	     -0.60664831	      0.82078993	     -0.17743221	     41.32425566	     -6.53400871	     -4.72966419	     62.36525753	     29.45280752	     -7.09797103	      0.00000000	     40.38249183	     -7.31721959	    -10.47509303	     61.93379863	     30.37395225	      1.11590140	      0.00000000	    -25.54988844	      0.61973748	     -0.22861569	      8.27971071	     -8.71831284	     -3.24875079	     34.49426110	     81.62979990	      3.80289923	    -11.08123944	      7.21937102	     34.92647328	     84.34439718
      2.48333330	     -7.04722933	      0.45728435	     -0.06994732	     -0.60921686	      0.81365618	     -0.17807430	     42.32215170	     -6.75092937	     -5.31467010	     64.32275660	     30.52461810	     -6.85461489	      0.00000000	     41.87603544	     -7.88657568	    -10.30180163	     64.20693075	     30.97191546	      1.78868295	      0.00000000	    -27.56309625	      1.03693015	     -0.44775637	      9.27526502	     -8.82287539	     -3.31217555	     34.31131386	     81.81538116	      4.73603496	    -11.19766926	      7.37049682	     34.93250931	     84.89181629
      2.50000000	     -7.21466273	      0.40914527	      0.24868453	     -0.61328318	      0.80232982	     -0.17799964	     44.04811224	     -7.18470623	     -5.64003187	     66.67596511	     31.53341264	     -6.32543540	      0.00000000	     43.78892772	     -8.35983666	    -10.40643791	     66.54821077	     31.36697188	      2.12898936	      0.00000000	    -29.37822358	      1.03023253	     -0.39022073	     10.23308783	     -8.90013185	     -3.53190450	     34.15785056	     81.98089151	      5.76720298	    -11.39829042	      7.56236458	     35.15219143	     85.52082640
      2.51666670	     -7.19439264	      0.40107500	      0.42248051	     -0.61949184	      0.79836816	     -0.17964357	     45.29167606	     -7.49849798	     -5.69690895	     68.30267180	     31.91683794	     -6.30582904	      0.00000000	     45.14519317	     -8.64092239	    -10.53992594	     68.29480017	     31.34215606	      2.20149769	      0.00000000	    -31.50359254	      1.03441816	     -0.35829391	     11.39951922	     -9.02220970	     -3.64085085	     34.26357383	     82.00005798	      6.93291680	    -11.55496274	      7.53268918	     35.31450184	     85.63364267
      2.53333330	     -7.37240478	      0.37203256	      0.41843703	     -0.62335499	      0.78836395	     -0.18106907	     46.99056175	     -7.95611951	     -5.80162363	     70.44623694	     33.20220728	     -5.26726094	      0.00000000	     46.87018642	     -9.06604707	    -10.61385077	     70.51703378	     31.99365134	      2.56381187	      0.00000000	    -33.10565696	      1.02018144	     -0.18886761	     12.48490276	     -9.16033675	     -3.99898600	     34.07102253	     82.06810336	      7.86519770	    -11.72430546	      7.80490223	     35.62994427	     86.11827773
      2.55000000	     -7.36242769	      0.37220320	      0.47745372	     -0.63149031	      0.78538193	     -0.18193631	     48.47388506	     -8.24959695	     -5.74680061	     72.18715900	     33.14369866	     -5.23195142	      0.00000000	     48.03239626	     -9.19184083	    -10.68347520	     71.83408785	     31.90241575	      2.66756369	      0.00000000	    -35.15805332	      1.03767761	     -0.18428890	     13.80595536	     -9.40618336	     -4.14162002	     34.27627357	     82.07509101	      9.08760048	    -11.88203888	      7.77902495	     35.83599813	     86.20997742
      2.56666670	     -7.42478931	      0.54610835	      0.41516152	     -0.63535907	      0.78167408	     -0.18181945	     49.83859205	     -8.53430803	     -5.41485277	     73.56169638	     33.18297566	     -5.19391790	      0.00000000	     48.93265101	     -9.28715307	    -10.89176469	     72.89330234	     31.86372899	      2.72447218	      0.00000000	    -37.11454177	      0.75015080	      0.56007717	     14.38902569	     -9.37936931	     -6.74093096	     34.75245590	     83.25115383	     10.83098819	    -12.31336861	      9.64477198	     35.95046970	     91.25556778
      2.58333330	     -7.43545409	      0.64203648	      0.51729657	     -0.63512409	      0.77606642	     -0.18301745	     50.80694039	     -8.86221464	     -5.24806302	     74.81302827	     33.21851165	     -5.28759273	      0.00000000	     49.76192202	     -9.27987802	    -10.88021846	     73.98787667	     32.01992144	      2.83027756	      0.00000000	    -38.95804073	      0.74993118	      0.48171849	     15.48993913	     -9.59020877	     -6.80698247	     34.90835473	     83.28697725	     11.87016443	    -12.46667536	      9.52080618	     36.14039694	     91.32264787
      2.60000000	     -7.37074012	      0.72914029	      0.56388266	     -0.63986989	      0.77121411	     -0.18300624	     51.63415577	     -9.03189332	     -4.98778217	     75.92292970	     33.42108413	     -5.40581579	      0.00000000	     50.65363876	     -9.25841912	    -10.70630382	     75.24832658	     32.17505694	      2.84735438	      0.00000000	    -40.74528465	      0.74021222	      0.50791452	     16.58987095	     -9.79456459	     -6.88315137	     35.07210868	     83.30435665	     12.91106077	    -12.65515403	      9.43344519	     36.35157276	     91.36430278
      2.61666670	     -6.64714257	      0.87986280	      0.41613621	     -0.63893438	      0.77493247	     -0.18230298	     51.34217311	     -9.03257040	     -4.65172103	     76.45874955	     33.50235615	     -5.57037613	      0.00000000	     50.07203985	     -9.26763127	    -10.78607331	     75.62795583	     32.03910961	      2.84550853	      0.00000000	    -43.47127316	      0.55380686	      0.60497872	     17.85871888	     -9.90014575	     -7.10360326	     34.93501429	     83.41516518	     14.03555499	    -12.87745401	      9.53561074	     36.74219790	     91.63719030
      2.63333330	     -6.32060156	      1.17339793	      0.27662574	     -0.64244326	      0.76884726	     -0.18306955	     51.77068500	     -9.20939739	     -4.26510821	     77.27064732	     33.57063627	     -5.74429919	      0.00000000	     50.10746996	     -8.95338018	    -10.68218208	     76.19668516	     32.72303803	      2.81822631	      0.00000000	    -45.48331290	      0.28321143	      0.57705877	     18.90554902	    -10.06518511	     -7.25484348	     34.98082440	     83.52963130	     15.02594693	    -13.14712358	      9.67459550	     37.02710807	     91.87738049
      2.65000000	     -5.91224977	      1.51972106	      0.17203833	     -0.64387064	      0.76820487	     -0.18283420	     51.99012544	     -9.35652189	     -3.75714036	     77.82488086	     33.53829232	     -6.01345520	      0.00000000	     49.75015340	     -8.68378890	    -10.89739345	     76.24049228	     33.03463758	      3.08967559	      0.00000000	    -47.62271603	     -0.04177949	      0.57109303	     20.00449680	    -10.22301472	     -7.41791732	     35.00902023	     83.67353125	     16.25109488	    -13.43941290	      9.86988737	     37.38723091	     92.15454808
      2.66666670	     -5.38577690	      1.67686324	     -0.02262666	     -0.64262544	      0.76635413	     -0.18209605	     51.89763355	     -9.31758992	     -3.41686940	     78.37234890	     33.61129462	     -6.30053049	      0.00000000	     49.35646345	     -8.67443307	    -10.98123927	     76.51071891	     33.49181561	      3.26159552	      0.00000000	    -49.60448863	     -0.22239663	      0.65125664	     21.02149771	    -10.36287888	     -7.62728084	     35.09088767	     83.88328140	     17.26019679	    -13.71178066	     10.16069080	     37.58619217	     92.50755132
      2.68333330	     -4.98167594	      1.82374880	     -0.20672944	     -0.64494919	      0.76051276	     -0.18175052	     52.17519376	     -9.27725204	     -3.02093386	     79.32433863	     34.04328935	     -6.50910624	      0.00000000	     49.31515830	     -8.71145754	    -11.02342032	     77.27650013	     34.22094663	      3.34690346	      0.00000000	    -51.10506032	     -0.44388552	      0.72006396	     21.81752183	    -10.50499695	     -7.75380095	     35.21824454	     84.04670341	     18.11388359	    -13.90551474	     10.29176770	     37.66108121	     92.72686369
      2.70000000	     -4.58179662	      2.01269414	     -0.44122689	     -0.64465993	      0.76166036	     -0.18293019	     52.19239411	     -9.26731918	     -2.59921351	     79.89597711	     34.08135383	     -6.89597375	      0.00000000	     48.99382583	     -8.67168238	    -11.25736266	     77.59419805	     34.51732668	      3.28238810	      0.00000000	    -52.64053081	     -0.73024380	      0.75178470	     22.55606772	    -10.69425500	     -7.84299835	     35.24271630	     84.22822437	     18.93442229	    -13.98468760	     10.39220727	     37.59238166	     92.92694337
      2.71666670	     -4.03705037	      2.09396463	     -0.67119024	     -0.64172368	      0.75940896	     -0.18182402	     51.95752440	     -9.23593574	     -2.31835388	     80.58066043	     34.07165743	     -7.15487744	      0.00000000	     48.49789602	     -8.68456921	    -11.16497421	     78.13990343	     35.13898138	      3.29621198	      0.00000000	    -53.81463709	     -0.90734206	      0.76433893	     23.00384028	    -10.79452571	     -7.91224351	     35.26641809	     84.41632780	     19.46660093	    -14.07152430	     10.47920206	     37.36914007	     93.10841629
      2.73333330	     -3.72518427	      2.25854471	     -0.90380457	     -0.64164022	      0.75708105	     -0.18275192	     51.93673827	     -9.25130687	     -1.91074305	     81.21131666	     34.12336845	     -7.33191890	      0.00000000	     48.24690796	     -8.62420520	    -11.27201530	     78.59590125	     35.87457711	      3.62642500	      0.00000000	    -54.61536319	     -1.14018771	      0.78798045	     23.29934392	    -10.91923887	     -7.94925860	     35.30979509	     84.61709889	     19.89757925	    -14.14163943	     10.51835531	     37.08758566	     93.26942313
      2.75000000	     -3.68021911	      2.29647436	     -1.08334875	     -0.64338696	      0.75822810	     -0.18220740	     52.08009036	     -9.15845776	     -1.73845096	     81.46116843	     34.01598253	     -7.35122242	      0.00000000	     48.19795171	     -8.56062571	    -11.28425356	     78.68229883	     36.09706164	      3.65644362	      0.00000000	    -55.09359709	     -1.26021659	      0.79767815	     23.56476495	    -11.03979616	     -7.96978902	     35.38286855	     84.70436743	     20.24384994	    -14.23075017	     10.48879461	     36.97879281	     93.32847389
      2.76666670	     -3.73693962	      2.30800425	     -1.09356148	     -0.64152581	      0.75781166	     -0.18164567	     52.07073993	     -9.13912293	     -1.73621437	     81.46944156	     34.01477040	     -7.35201671	      0.00000000	     48.15453056	     -8.53966802	    -11.27318988	     78.71584517	     36.10153185	      3.65934624	      0.00000000	    -55.11611943	     -1.25989177	      0.79545614	     23.55766291	    -11.04087534	     -7.96949745	     35.37979382	     84.70647089	     20.24572110	    -14.23290298	     10.48797061	     36.97255049	     93.32970684
      2.78333330	     -3.34307705	      2.45740361	     -1.42082573	     -0.63973976	      0.76109565	     -0.18152700	     51.33225906	     -8.86437931	     -1.32016076	     81.03579264	     33.97349850	     -7.59849494	      0.00000000	     47.22596307	     -8.60449123	    -11.64241828	     78.36020221	     36.55426290	      4.07856967	      0.00000000	    -55.59713673	     -1.69914361	      0.88529991	     23.30756166	    -11.10268938	     -7.89614489	     35.48119342	     85.01765911	     20.49553852	    -14.15351850	     10.32977526	     36.26510969	     93.48596158
      2.80000000	     -3.46472841	      2.47795529	     -1.44577541	     -0.64087678	      0.76366892	     -0.18189053	     51.04890066	     -8.74013325	     -1.32749715	     80.28757014	     34.03644723	     -7.59551100	      0.00000000	     47.08039369	     -8.58622298	    -11.80505955	     77.87567174	     36.24239678	      4.10437317	      0.00000000	    -55.29234692	     -1.78726652	      0.89110681	     22.86547850	    -11.05267107	     -7.88106581	     35.49357058	     85.10373972	     20.27207508	    -14.13565603	     10.30453418	     36.14024761	     93.53176393
      2.81666670	     -3.28412534	      2.45034307	     -1.50155828	     -0.63953274	      0.76785404	     -0.18191240	     50.25585458	     -8.55020946	     -1.27711370	     79.39513139	     33.99757866	     -7.72165160	      0.00000000	     46.36609386	     -8.55746269	    -11.87869764	     77.20661403	     35.73398918	      3.82824756	      0.00000000	    -55.13343880	     -1.87357909	      1.09917533	     22.18326247	    -11.18857429	     -7.92903506	     36.01202981	     85.55999474	     20.18235748	    -13.92248919	      9.96805029	     35.92140591	     93.75164444
      2.83333330	     -3.40162430	      2.42530902	     -1.50234087	     -0.63924796	      0.76947613	     -0.18193148	     49.76693417	     -8.43087033	     -1.28763211	     78.44429783	     34.10577202	     -7.70720561	      0.00000000	     46.06890495	     -8.55060662	    -11.90266720	     76.69328624	     35.48750490	      3.86897891	      0.00000000	    -54.40595423	     -1.87477197	      1.11156118	     21.52543270	    -11.08632510	     -7.91683341	     35.93338928	     85.62360320	     19.73564940	    -13.95184043	      9.94585156	     35.85207266	     93.78581666
      2.85000000	     -3.54274546	      2.23764227	     -1.52929427	     -0.63812854	      0.77347945	     -0.18238523	     49.10527616	     -8.19568236	     -1.45654246	     77.31744962	     33.90257066	     -7.79718485	      0.00000000	     45.80227673	     -8.59421706	    -11.75918318	     76.01389269	     34.86233933	      3.78998690	      0.00000000	    -53.53658969	     -1.72038347	      1.29330028	     20.80610329	    -11.11050341	     -7.93027393	     36.13430162	     85.86373796	     19.26078288	    -13.85211325	      9.71613827	     35.88002530	     93.89266194
      2.86666670	     -3.77766646	      2.19711119	     -1.53010101	     -0.63639145	      0.78190160	     -0.18205356	     48.34204716	     -8.03863381	     -1.53051375	     75.80189399	     33.59334000	     -7.70287709	      0.00000000	     45.17673431	     -8.41586702	    -11.78771957	     74.66064375	     34.50283936	      3.86965119	      0.00000000	    -52.39928358	     -1.74179745	      1.30285172	     20.01183997	    -10.98790033	     -7.89261806	     36.07903706	     85.95038336	     18.66637740	    -13.78691807	      9.65875038	     35.82392338	     93.93122117
      2.88333330	     -3.98386869	      2.12820630	     -1.67913580	     -0.63637339	      0.78965637	     -0.18236392	     47.49188715	     -7.78323655	     -1.63284098	     74.02848746	     32.60652574	     -7.71590008	      0.00000000	     44.22526312	     -8.24777496	    -11.86337176	     72.71629131	     33.55774426	      3.80908800	      0.00000000	    -51.44671275	     -1.72888821	      1.39110484	     19.50258494	    -11.03532637	     -7.83652501	     36.27216600	     86.17450897	     18.31185227	    -13.71650400	      9.36983761	     35.81510686	     94.01460203
      2.90000000	     -4.09098159	      1.91164054	     -1.59240251	     -0.63571573	      0.79571919	     -0.18173063	     46.30729895	     -7.46067650	     -1.94480817	     71.99881901	     32.11473637	     -7.91906179	      0.00000000	     43.49864257	     -8.16422486	    -11.72042074	     71.08663559	     32.53929904	      3.21436360	      0.00000000	    -50.36187763	     -1.50050554	      1.45856407	     18.77395785	    -10.98268458	     -7.70232464	     36.57104322	     86.60121685	     17.81975194	    -13.57425744	      8.91965333	     35.87499676	     94.19974648
      2.91666670	     -4.37457730	      1.82446290	     -1.51030956	     -0.63193037	      0.80136267	     -0.18157153	     45.34552371	     -7.33913530	     -2.19433961	     70.14502916	     31.58021543	     -7.71743836	      0.00000000	     42.88054219	     -8.08984131	    -11.90046022	     69.32991978	     31.54699297	      3.42934179	      0.00000000	    -48.87215178	     -1.31698317	      1.43487813	     18.03636934	    -10.87806543	     -7.62237213	     36.48032272	     86.77761813	     17.17646092	    -13.56988478	      8.80338820	     35.74691007	     94.28552931
      2.93333330	     -4.63370914	      1.73038287	     -1.31782229	     -0.62611478	      0.80682704	     -0.18110127	     44.16690790	     -7.35408855	     -2.66051251	     68.18946338	     30.85478062	     -7.53261028	      0.00000000	     42.02330146	     -7.94577263	    -12.01565827	     67.38025315	     30.80086311	      3.56104806	      0.00000000	    -47.18154555	     -1.10086472	      1.31187192	     17.23566436	    -10.72628860	     -7.51476435	     36.29365355	     86.97793140	     16.46879578	    -13.54024696	      8.69363973	     35.47211137	     94.37900650
      2.95000000	     -4.69396211	      1.60084622	     -0.96551925	     -0.62271707	      0.81528108	     -0.18151082	     42.64415904	     -7.38496634	     -3.20147061	     66.18773293	     30.26996095	     -7.62616397	      0.00000000	     40.83806843	     -7.67158816	    -11.94140425	     65.30990732	     29.98032205	      3.35872757	      0.00000000	    -45.54132332	     -0.75134839	      1.00057293	     16.45323543	    -10.49177422	     -7.25706510	     35.83416669	     87.46192037	     15.72120754	    -13.46516119	      8.45445375	     34.76982461	     94.59169319
      2.96666670	     -4.92549737	      1.51588373	     -0.75013522	     -0.61667322	      0.82062839	     -0.18139497	     41.36991364	     -7.41829473	     -3.69987603	     64.33229291	     29.60656568	     -7.42695074	      0.00000000	     39.90075857	     -7.48578871	    -11.95957719	     63.68850516	     29.49561337	      3.64005618	      0.00000000	    -43.49023589	     -0.55145540	      0.89620072	     15.31423441	    -10.34767634	     -7.10284492	     35.40805709	     87.65556391	     14.72799680	    -13.39631156	      8.44088483	     34.46696131	     94.67745232
      2.98333330	     -5.19339569	      1.43238366	     -0.51320407	     -0.61042265	      0.82337479	     -0.18056833	     40.33193402	     -7.51079234	     -4.22043282	     62.82767122	     28.73289451	     -7.43552922	      0.00000000	     39.03799012	     -7.32486841	    -11.86088391	     62.19495226	     29.12016298	      3.84926389	      0.00000000	    -41.25613282	     -0.34779706	      0.71125921	     14.17195321	    -10.17834051	     -6.90429749	     34.86585400	     87.87107562	     13.62038075	    -13.29150496	      8.40065108	     34.01892084	     94.75800461
      3.00000000	     -5.61519676	      1.33916104	     -0.40917310	     -0.60378481	      0.83100712	     -0.17962366	     39.11775414	     -7.39147086	     -4.63989154	     60.69774639	     28.20471580	     -7.29567505	      0.00000000	     37.86170360	     -7.18484466	    -11.95428736	     59.98002053	     28.62358833	      4.12237646	      0.00000000	    -38.64740197	     -0.19964680	      0.54109268	     12.91942373	     -9.94769440	     -6.69336828	     34.25591817	     88.06985204	     12.31009421	    -13.17961521	      8.36319160	     33.47970437	     94.81994827
      3.01666670	     -6.23991188	      1.13969084	     -0.36216973	     -0.60121214	      0.83747034	     -0.17963817	     38.03273138	     -7.11205290	     -5.14058022	     58.11270170	     27.80125287	     -6.99191125	      0.00000000	     37.09395411	     -7.00626933	    -11.67710586	     57.76206586	     28.00186095	      3.94674606	      0.00000000	    -35.67111249	      0.02314933	      0.18122034	     12.04216753	     -9.66793004	     -6.08303018	     33.24387221	     88.65726474	     10.90248935	    -12.98003792	      8.07000050	     32.23873883	     94.93752096
      3.03333330	     -6.85693685	      1.11004859	     -0.62722349	     -0.60034912	      0.84620613	     -0.17875014	     37.10246521	     -6.76835163	     -5.37203856	     55.18881249	     26.97954656	     -6.45735694	      0.00000000	     36.23044842	     -6.86764581	    -11.93840086	     55.15548059	     26.86160273	      3.98563543	      0.00000000	    -33.09179640	     -0.02870033	      0.24276247	     10.93402756	     -9.53790780	     -5.87884128	     33.03044131	     88.80587334	      9.69072690	    -12.89889815	      8.09408641	     32.06497421	     94.97310042
      3.05000000	     -7.40208512	      1.02737849	     -0.74991154	     -0.59415410	      0.85421709	     -0.17827823	     35.88119470	     -6.45259256	     -5.69516456	     52.03033349	     25.99966143	     -5.95195050	      0.00000000	     35.12472347	     -6.59490734	    -11.89391960	     52.25069150	     25.76690584	      3.95846609	      0.00000000	    -30.29561848	     -0.00775606	      0.18277924	      9.74181282	     -9.32966269	     -5.64706699	     32.70288786	     88.95408878	      8.32838357	    -12.73181589	      8.14770917	     31.74493754	     95.00571957
      3.06666670	     -7.75375679	      0.84060136	     -0.62781170	     -0.58944158	      0.86075174	     -0.17793541	     34.36583047	     -6.12216458	     -6.14818828	     48.77575491	     24.50322466	     -6.06854400	      0.00000000	     34.02546791	     -6.30743614	    -11.51212886	     49.61836446	     24.41492108	      3.33342346	      0.00000000	    -27.61321192	      0.24307943	     -0.12238904	      8.91117335	     -9.15205553	     -5.06850749	     31.99372078	     89.33289244	      7.10759884	    -12.52966265	      8.09965586	     31.23040871	     95.04764238
      3.08333330	     -8.15023717	      0.77726849	     -0.61614339	     -0.58569973	      0.85982747	     -0.17727791	     33.51880006	     -5.95937097	     -6.55149061	     46.64183946	     23.64049929	     -5.76583915	      0.00000000	     33.25952392	     -6.14834799	    -11.61121724	     47.51114509	     23.73834697	      3.48988699	      0.00000000	    -24.91493067	      0.22205927	     -0.26670611	      7.84023803	     -8.98178191	     -4.79651232	     31.73414313	     89.47638225	      5.88035841	    -12.44382542	      8.13962920	     31.14476762	     95.06788731
      3.10000000	     -9.16833601	      0.66224034	     -0.43706392	     -0.58181253	      0.86422952	     -0.17781557	     33.21489183	     -5.80213446	     -7.03942923	     44.47632295	     22.40939926	     -5.91436191	      0.00000000	     33.29945582	     -5.86173995	    -11.40432508	     45.49913606	     22.86577492	      3.18588912	      0.00000000	    -21.41896195	      0.35389122	     -0.68056439	      6.88090694	     -8.78198809	     -4.10283631	     31.06447525	     89.81677795	      4.36639729	    -12.33868175	      8.15480149	     30.97612854	     95.09458854
      3.11666670	     -9.73173255	      0.60253484	     -0.35135423	     -0.57747729	      0.87668357	     -0.17725294	     31.86698275	     -5.49243482	     -7.44441231	     41.31246253	     21.56560077	     -5.38682398	      0.00000000	     32.47416069	     -5.55541385	    -11.38731542	     42.87148577	     21.96658807	      3.39817448	      0.00000000	    -18.74000853	      0.32013279	     -0.70056630	      5.73786870	     -8.64095704	     -3.85751444	     30.76599766	     89.91422607	      3.16621133	    -12.15953869	      8.21463758	     30.90178390	     95.10561416
      3.13333330	    -10.49202273	      0.46075684	     -0.09743259	     -0.57332511	      0.88314650	     -0.17667913	     31.02458769	     -5.13435823	     -7.73208819	     38.60505997	     20.15362374	     -5.57856922	      0.00000000	     31.85078136	     -5.15755314	    -10.98776295	     40.22431337	     20.32397748	      2.57635339	      0.00000000	    -16.03781773	      0.47053373	     -0.97674112	      4.79334353	     -8.49188027	     -3.10032728	     30.12565277	     90.19407516	      1.91849688	    -12.04021416	      8.23453766	     30.86267748	     95.12373613
      3.15000000	    -11.11895303	      0.41304951	      0.10035218	     -0.56870210	      0.89011258	     -0.17615356	     29.64007302	     -4.77929952	     -8.00208370	     35.05702158	     19.14511836	     -5.05040090	      0.00000000	     30.69313400	     -4.78087823	    -10.84903343	     37.05607470	     19.23784669	      2.99523168	      0.00000000	    -13.48696393	      0.41174973	     -0.97497248	      3.63370417	     -8.32442057	     -2.84298084	     29.80167161	     90.27085653	      0.92486146	    -11.90095433	      8.30498187	     30.87877964	     95.13979336
      3.16666670	    -11.27578533	      0.35022026	      0.06867603	     -0.56611762	      0.90029680	     -0.17510958	     27.78322903	     -4.21581678	     -7.86765236	     31.22942098	     17.30530051	     -5.15507862	      0.00000000	     28.78435768	     -4.28540832	    -10.33659952	     33.10232568	     17.54751602	      2.89924308	      0.00000000	    -11.75877763	      0.34933881	     -1.10941328	      3.03676707	     -8.24042846	     -2.01225756	     29.14806362	     90.51431111	      0.13334041	    -11.74794582	      8.36325737	     30.82665356	     95.17804362
      3.18333330	    -11.24070134	      0.50668159	     -0.01097553	     -0.55697746	      0.90662590	     -0.17426055	     25.60438710	     -3.91120598	     -7.76414316	     27.52246586	     15.54121385	     -4.84535606	      0.00000000	     26.30051458	     -3.67519284	    -10.32747088	     28.71686329	     15.87609019	      3.21700374	      0.00000000	    -10.09160054	      0.02400754	     -1.12503203	      2.29148547	     -8.07218474	     -1.25046567	     28.54137917	     90.71782905	     -0.79554786	    -11.62775832	      8.36938738	     30.76322887	     95.20053027
      3.20000000	    -11.22682855	      0.58656290	     -0.18958476	     -0.55643502	      0.91329714	     -0.17427499	     23.55084503	     -3.50933339	     -7.50630953	     23.80517566	     13.95685459	     -4.64647429	      0.00000000	     24.23647752	     -3.17654518	    -10.02380253	     24.88753482	     14.32754201	      3.29668780	      0.00000000	     -8.62955492	     -0.16699334	     -0.93061471	      1.67748704	     -8.06068769	     -0.51939564	     28.17551973	     90.89762101	     -1.50417665	    -11.49114481	      8.34490964	     30.89340228	     95.22624070
      3.21666670	    -10.99390518	      0.66621538	     -0.37845427	     -0.55204556	      0.92279090	     -0.17400731	     21.32074332	     -3.12952424	     -7.10503159	     19.92106871	     12.16618358	     -4.48000946	      0.00000000	     21.84422369	     -2.62804473	     -9.69710357	     20.83874517	     12.83585492	      3.53014596	      0.00000000	     -7.57109468	     -0.32210766	     -0.79640351	      1.20848386	     -8.00548118	      0.15539476	     27.75050220	     91.05660054	     -2.11336465	    -11.30671893	      8.30310052	     30.88407682	     95.25860419
      3.23333330	    -10.78253676	      0.75887666	     -0.50016259	     -0.55601771	      0.93457749	     -0.17298116	     19.02460030	     -2.73397122	     -6.65285350	     15.71971107	     10.07525164	     -4.28080751	      0.00000000	     19.56678552	     -2.03424957	     -9.27931132	     16.68813612	     10.89547018	      3.57630479	      0.00000000	     -6.87797221	     -0.48574730	     -0.74749337	      0.87548474	     -7.95356139	      0.75563035	     27.60095145	     91.20350480	     -2.49767553	    -11.24616800	      8.26227037	     31.13247206	     95.32105413
      3.25000000	    -10.45125108	      0.80398597	     -0.62873595	     -0.54922702	      0.93224490	     -0.17256145	     16.89524261	     -2.39245196	     -6.15174433	     12.10373719	      8.45964840	     -3.86732478	      0.00000000	     17.34059502	     -1.60257807	     -8.86120567	     13.03415459	      9.43549539	      3.86044195	      0.00000000	     -6.34359728	     -0.57142165	     -0.71395373	      0.54415808	     -7.94287561	      1.22542206	     27.53039616	     91.32504497	     -2.90430805	    -11.17504758	      8.21372937	     31.46074241	     95.39118270
      3.26666670	    -10.17751402	      0.86870918	     -0.76354154	     -0.54579132	      0.93777930	     -0.17255793	     14.93008651	     -2.14308418	     -5.69317174	      8.95781790	      7.21075941	     -3.55007243	      0.00000000	     15.30471587	     -1.17443252	     -8.44756174	      9.76213800	      8.26794706	      3.95899769	      0.00000000	     -5.73303752	     -0.67290475	     -0.64096308	      0.13110225	     -7.95542294	      1.62762824	     27.48224126	     91.44041383	     -3.29746049	    -11.06917098	      8.17764531	     31.84585508	     95.48655235
      3.28333330	     -9.81958147	      0.92559605	     -0.84172344	     -0.53987014	      0.94245643	     -0.17377247	     12.89070460	     -1.98365024	     -5.41890360	      6.26209802	      6.07589875	     -3.07510464	      0.00000000	     13.32444942	     -0.81723831	     -8.35205515	      7.05456273	      6.89799533	      3.83687433	      0.00000000	     -5.13884475	     -0.72428365	     -0.64838320	     -0.35594587	     -7.94486133	      1.90166597	     27.36900944	     91.53581516	     -3.70405904	    -10.97296469	      8.16622384	     32.05760739	     95.58567448
      3.30000000	    -10.02800581	      0.97678594	     -1.01276707	     -0.53491143	      0.94337985	     -0.17366750	     11.83866838	     -1.86037891	     -4.90683449	      4.29647196	      5.86789999	     -2.65664015	      0.00000000	     12.21279038	     -0.56576777	     -8.12679227	      5.15241696	      6.57837409	      3.96517937	      0.00000000	     -3.83864796	     -0.72039435	     -0.60910652	     -1.02425805	     -7.93371462	      1.95825137	     27.26088613	     91.55720755	     -4.33746970	    -10.83291643	      8.20788842	     32.06606749	     95.61230251
      3.31666670	     -9.25201270	      1.00808949	     -1.20171343	     -0.53777388	      0.94466510	     -0.17359849	      9.76323156	     -1.77421519	     -4.46558326	      1.79216040	      4.78792472	     -2.31532431	      0.00000000	     10.04546096	     -0.24088541	     -7.88019938	      2.72426205	      5.36035332	      3.78015692	      0.00000000	     -4.34379034	     -0.77365689	     -0.43204730	     -1.08017663	     -8.08333447	      2.15921868	     27.29584279	     91.66305706	     -4.26448263	    -10.70087455	      8.14965188	     32.40421685	     95.72694159
      3.33333330	     -9.40677115	      0.99388556	     -1.30629535	     -0.53563857	      0.94626794	     -0.17264650	      9.05547987	     -1.63717631	     -3.93426371	      0.00000000	      4.48812975	     -1.89962897	      0.00000000	      9.32737249	     -0.09938006	     -7.50420153	      1.18844024	      5.28966976	      3.99187703	      0.00000000	     -3.39589592	     -0.73577867	     -0.41011710	     -1.37214292	     -8.03504670	      2.19768392	     27.28495730	     91.68280678	     -4.51473656	    -10.65814828	      8.15192623	     32.44891906	     95.75217221
      3.35000000	     -9.46655596	      0.98983206	     -1.50186446	     -0.53559125	      0.94685778	     -0.17264320	      9.15899666	     -1.59963384	     -3.90136329	      0.00000000	      4.40124607	     -1.79619760	      0.00000000	      8.80081483	      0.02159140	     -7.44795870	      0.00000000	      5.18230234	      4.04444406	      0.00000000	     -3.20328047	     -0.71674497	     -0.29468426	     -1.26769997	     -8.05856138	      2.20927584	     27.33238707	     91.69634166	     -4.48816046	    -10.56233631	      8.14964735	     32.52079001	     95.76945014
      3.36666670	     -9.30047023	      1.01108528	     -1.76562482	     -0.53713207	      0.93999912	     -0.17250746	      8.99124545	     -1.57458157	     -3.62757572	      0.00000000	      4.56737214	     -1.68406856	      0.00000000	      8.55606954	      0.04000529	     -7.54906642	      0.00000000	      5.08587152	      3.88996047	      0.00000000	     -3.16092414	     -0.74830626	     -0.07513304	     -1.29154133	     -8.16404474	      2.24033574	     27.34776431	     91.72950703	     -4.46541646	    -10.49137552	      8.11279324	     32.61756155	     95.80434285
      3.38333330	     -9.26375216	      0.99851848	     -1.85225648	     -0.53850037	      0.93735208	     -0.17265263	      8.94768151	     -1.52192676	     -3.63856222	      0.00000000	      4.60244194	     -1.72481888	      0.00000000	      8.50980466	      0.03447144	     -7.52177541	      0.00000000	      5.13606774	      3.86011350	      0.00000000	     -3.06256835	     -0.79305333	     -0.05124358	     -1.17367761	     -8.19959912	      2.23448791	     27.39990306	     91.73296844	     -4.35842748	    -10.47661741	      8.10130768	     32.66445893	     95.80857619
      3.40000000	     -8.79836544	      0.90115672	     -1.92491688	     -0.54080473	      0.93592379	     -0.17254066	      8.49066640	     -1.36431285	     -3.01871512	      0.00000000	      4.41874848	     -2.72007677	      0.00000000	      7.95893839	     -0.06236692	     -7.20245308	      0.00000000	      5.15133975	      2.96088549	      0.00000000	     -3.73722116	     -0.69253302	      0.26763125	     -1.02103473	     -8.37665307	      2.27021563	     27.69175152	     91.84665434	     -3.94160308	    -10.42382609	      7.94814694	     32.70964744	     95.94001961
      3.41666670	     -8.41952064	      0.73078830	     -1.91578920	     -0.54268658	      0.93292865	     -0.17285672	      8.02132871	     -1.14567297	     -2.51943405	      0.00000000	      4.20533563	     -3.66683418	      0.00000000	      7.56015373	     -0.23468512	     -6.88170176	      0.00000000	      5.14837752	      2.39530967	      0.00000000	     -4.23887696	     -0.48261698	      0.23752931	     -0.74047171	     -8.50700953	      2.20779862	     27.91758466	     91.93932528	     -3.68281362	    -10.38704482	      7.89134585	     32.61282565	     96.08097547
      3.43333330	     -8.25554193	      0.54450349	     -1.85381768	     -0.54323956	      0.93170017	     -0.17401279	      7.97091475	     -0.93905431	     -2.34031201	      0.24422741	      4.15270720	     -4.03255464	      0.00000000	      7.66828331	     -0.45840379	     -6.85347700	      0.43353195	      5.18562665	      2.12492494	      0.00000000	     -4.67502288	     -0.22833871	      0.29592846	     -0.38235588	     -8.61982218	      2.16396390	     27.99768763	     91.96409432	     -3.38308875	    -10.37675237	      7.85489442	     32.59248280	     96.11343747
      3.45000000	     -8.01591283	      0.49325835	     -1.81820584	     -0.54827114	      0.92910113	     -0.17381210	      8.89557734	     -0.93298376	     -1.92935954	      2.28370278	      4.90888633	     -5.33775887	      0.00000000	      8.36210431	     -0.60999065	     -6.73214405	      1.98631820	      5.77248069	      1.15166588	      0.00000000	     -5.45013635	     -0.22000005	      0.40559211	      0.17909897	     -8.71236578	      2.09313811	     28.16856101	     92.04008839	     -2.77130506	    -10.36465873	      7.77124777	     32.45310602	     96.19144873
      3.46666670	     -8.43210238	      0.35439363	     -1.84410669	     -0.54890041	      0.92078928	     -0.17376027	     10.95669602	     -0.84959598	     -1.43631931	      5.11985974	      5.43833839	     -6.89006237	      0.00000000	     10.17704991	     -0.97902948	     -6.57411866	      4.36216999	      6.37610240	      0.04834876	      0.00000000	     -5.47663887	     -0.01604834	      0.64684324	      0.61383424	     -8.80062189	      1.96366403	     28.33903366	     92.20501465	     -2.25375627	    -10.35804346	      7.62425539	     32.21262365	     96.33469310
      3.48333330	     -8.87581657	      0.25879371	     -1.85216803	     -0.54950658	      0.91959956	     -0.17373748	     13.41653313	     -0.86031225	     -1.33242452	      8.71720941	      6.44867995	     -7.99981550	      0.00000000	     12.28822868	     -1.37377071	     -6.81687102	      7.40040409	      7.25583599	     -0.80962590	      0.00000000	     -5.50397321	      0.09564747	      0.77441716	      0.99505731	     -8.91161722	      1.74988880	     28.45611907	     92.40403550	     -1.82659044	    -10.26747833	      7.48026431	     31.94124736	     96.48248244
      3.50000000	     -9.36476182	      0.30973606	     -1.87459600	     -0.55109522	      0.91533285	     -0.17451455	     16.03941518	     -1.08135558	     -1.46521903	     12.72948592	      7.70779845	     -8.78736669	      0.00000000	     14.84510639	     -1.68560155	     -7.26297663	     11.12619489	      8.22062892	     -1.80471984	      0.00000000	     -5.61301326	      0.03131676	      0.90932770	      1.35600005	     -8.93710618	      1.51783773	     28.58223219	     92.62214773	     -1.50152339	    -10.28580922	      7.29544711	     31.77601966	     96.60676652
      3.51666670	     -9.94196716	      0.42833702	     -1.85499887	     -0.55382161	      0.91323317	     -0.17504914	     18.80317199	     -1.44455732	     -1.67003508	     16.76811131	      9.17821056	     -9.13686480	      0.00000000	     17.74140698	     -1.98588749	     -7.78271594	     15.33740648	      9.38779325	     -2.57142733	      0.00000000	     -5.64739424	     -0.07183700	      1.05148268	      1.62868699	     -8.93696687	      1.23697289	     28.65356579	     92.85387017	     -1.18871389	    -10.35550394	      7.08444759	     31.69961610	     96.72006015
      3.53333330	    -10.52874025	      0.53755901	     -1.81576855	     -0.55542745	      0.90724335	     -0.17600031	     21.62305703	     -1.87541142	     -2.01569239	     20.84280386	     10.92343989	     -9.19127358	      0.00000000	     20.80254816	     -2.35794615	     -8.34471651	     19.94673705	     10.87590584	     -3.10568920	      0.00000000	     -5.73292487	     -0.15797581	      1.21239850	      1.87601930	     -8.95956022	      0.92216634	     28.83439158	     93.08555440	     -1.00783695	    -10.45418168	      6.85271014	     31.74166969	     96.81954366
      3.55000000	    -11.07934391	      0.59120101	     -1.77201945	     -0.55875465	      0.90303630	     -0.17640688	     24.40736976	     -2.31601034	     -2.44657124	     24.94299031	     12.54224882	     -8.95985062	      0.00000000	     23.76177283	     -2.83254500	     -8.90722187	     24.53333736	     12.39755625	     -3.31512575	      0.00000000	     -6.06284936	     -0.16185492	      1.32850752	      2.18357100	     -9.01510165	      0.52601406	     29.03437699	     93.32740575	     -0.76714591	    -10.49794209	      6.59547746	     31.83829852	     96.92232864
      3.56666670	    -11.43676870	      0.60294014	     -1.74321258	     -0.56180246	      0.89780557	     -0.17780737	     26.89259084	     -2.78844101	     -2.97531301	     28.75688449	     14.20595499	     -8.49753055	      0.00000000	     26.39563562	     -3.35574857	     -9.51843945	     28.84317187	     14.10351268	     -3.24934832	      0.00000000	     -6.73717784	     -0.10374806	      1.48880171	      2.59266281	     -9.10610223	      0.09490328	     29.16073861	     93.56510887	     -0.51449080	    -10.51483348	      6.28841519	     31.99527582	     97.01908328
      3.58333330	    -11.75993316	      0.62502952	     -1.67730077	     -0.56350383	      0.88478072	     -0.17786988	     29.48334820	     -3.40451201	     -3.70200796	     32.92359870	     15.84042490	     -7.86254245	      0.00000000	     29.11530566	     -3.99350963	    -10.28658754	     33.45942003	     15.84482294	     -3.15308416	      0.00000000	     -7.54525352	     -0.07066225	      1.53729393	      3.03736884	     -9.18147958	     -0.35964656	     29.26411900	     93.79490761	     -0.25850118	    -10.57262107	      5.94881530	     32.19087804	     97.11683024
      3.60000000	    -11.99838072	      0.69682283	     -1.58639976	     -0.56545268	      0.87361273	     -0.17901870	     31.95316056	     -4.15983576	     -4.44177760	     37.22472415	     17.72628082	     -7.16309030	      0.00000000	     31.69299569	     -4.62581130	    -11.07605037	     37.98939540	     17.98399395	     -2.65302132	      0.00000000	     -8.36496284	     -0.08154717	      1.41313419	      3.49780607	     -9.24760359	     -0.87167449	     29.39802408	     94.00436044	     -0.03938473	    -10.60458622	      5.56810436	     32.28946964	     97.20538036
      3.61666670	    -12.14480138	      0.73141230	     -1.58047385	     -0.56829176	      0.86494999	     -0.17852008	     34.22665057	     -4.81540634	     -5.02478982	     41.28934576	     19.89025195	     -6.28553406	      0.00000000	     33.92437772	     -5.35090336	    -11.78524594	     42.07496299	     20.27764343	     -1.72359874	      0.00000000	     -9.38836490	     -0.07027612	      1.30923940	      4.14318597	     -9.27753162	     -1.38619968	     29.45134865	     94.21145568	      0.23327339	    -10.66750976	      5.10921958	     32.30841342	     97.28277293
      3.63333330	    -12.35210284	      0.67624069	     -1.63294195	     -0.57048775	      0.84858057	     -0.17813418	     36.68911255	     -5.39206324	     -5.59463170	     45.67149143	     22.51835635	     -5.14430310	      0.00000000	     36.29205820	     -6.28587859	    -12.21970097	     46.62984759	     23.09189873	     -0.49720443	      0.00000000	    -10.31345546	      0.02838117	      1.24378335	      4.81436759	     -9.33044584	     -1.85320326	     29.42060941	     94.42165748	      0.44083727	    -10.74658985	      4.57409159	     32.33400765	     97.35161152
      3.65000000	    -12.59826795	      0.53966314	     -1.56472556	     -0.57053278	      0.83535675	     -0.17893492	     39.01189660	     -5.98365099	     -6.26753175	     49.91558081	     24.85612866	     -4.25641349	      0.00000000	     38.66261545	     -7.21371992	    -12.41259555	     51.23918908	     25.92424723	      0.85208157	      0.00000000	    -11.02950326	      0.21833282	      1.16496785	      5.38806181	     -9.40165209	     -2.32036050	     29.32571934	     94.60957457	      0.60316767	    -10.78512818	      4.03456555	     32.19514122	     97.41134435
      3.66666670	    -12.61729128	      0.29601873	     -1.53570963	     -0.57466273	      0.83356740	     -0.17844056	     40.87089826	     -6.30622383	     -6.86565758	     53.26330108	     26.61173798	     -3.61717669	      0.00000000	     40.43724719	     -8.08985046	    -12.47091883	     54.67478983	     28.00406693	      2.02384535	      0.00000000	    -12.13864060	      0.42864447	      1.18768156	      6.06618328	     -9.44372804	     -2.75419716	     29.20002715	     94.77954332	      0.97228872	    -10.81528380	      3.51762579	     31.97323561	     97.46964944
      3.68333330	    -12.28387260	      0.11840184	     -1.38735084	     -0.57809862	      0.83085569	     -0.17786392	     42.03771785	     -6.61327080	     -7.30926002	     56.20523031	     27.87821387	     -3.44796021	      0.00000000	     41.39749290	     -8.70899563	    -12.38644141	     57.22113384	     29.52133730	      2.99891355	      0.00000000	    -13.79431515	      0.52951214	      1.14139638	      6.99266730	     -9.40264403	     -3.10076063	     29.00891364	     94.90840466	      1.64153631	    -10.95245714	      3.14902662	     31.70122736	     97.53079997
      3.70000000	    -11.98079376	      0.05255663	     -1.20353873	     -0.58243041	      0.81975751	     -0.17910909	     43.29617769	     -7.04230634	     -7.43680815	     59.30114103	     29.09264420	     -3.20760280	      0.00000000	     42.42740467	     -9.21585398	    -12.33812469	     59.77676839	     31.04695430	      3.99427007	      0.00000000	    -15.65006439	      0.49123402	      1.06580472	      7.97229792	     -9.36743378	     -3.47370412	     28.85678327	     95.03065313	      2.45971571	    -11.13261054	      2.93567093	     31.48466854	     97.61642593
      3.71666670	    -11.59633878	      0.03201937	     -1.01609046	     -0.58904395	      0.81380858	     -0.18015591	     44.45381979	     -7.40557255	     -7.33972163	     62.02003916	     29.99359352	     -3.35015799	      0.00000000	     43.62417021	     -9.55407595	    -12.20722575	     62.25914678	     31.64701598	      4.06265647	      0.00000000	    -17.83013985	      0.36942316	      0.98440217	      9.07120563	     -9.38983621	     -3.70137122	     28.87882567	     95.07659303	      3.57231388	    -11.34753741	      2.88795700	     31.46222384	     97.66378602
      3.73333330	    -11.05895020	      0.05550235	     -0.70024558	     -0.59195172	      0.80699096	     -0.18073446	     45.19319943	     -7.91476487	     -7.38888329	     64.42622930	     31.30925983	     -2.81981429	      0.00000000	     44.48350113	     -9.77792559	    -12.17292526	     64.48489251	     32.34693567	      4.75214768	      0.00000000	    -20.30139715	      0.28981772	      0.79925149	     10.31408674	     -9.36639575	     -4.26849361	     28.59522487	     95.15164485	      4.86725708	    -11.63772188	      3.09799946	     31.28382939	     97.79403541
      3.75000000	    -10.44909198	      0.19033645	     -0.42442859	     -0.59524746	      0.80287672	     -0.18235094	     45.80477415	     -8.48362548	     -7.39791815	     66.23560038	     32.48941244	     -2.20941835	      0.00000000	     45.04924005	     -9.76458576	    -12.16801708	     66.23239785	     32.80042770	      5.01709710	      0.00000000	    -23.16767541	      0.04931887	      0.79767478	     11.53912034	     -9.38160337	     -4.94266231	     28.38835862	     95.22341058	      6.30429578	    -11.90946044	      3.52222949	     31.24325326	     97.93149153
      3.76666670	    -10.13643429	      0.16802840	     -0.40574485	     -0.60311323	      0.79453148	     -0.18140996	     47.27628567	     -8.75063484	     -7.30530250	     68.66137493	     32.76484043	     -2.27794129	      0.00000000	     46.28246581	     -9.94694301	    -11.86110553	     68.23407495	     33.07599714	      4.92240321	      0.00000000	    -25.72498197	     -0.03116786	      0.84301839	     12.81392356	     -9.55191527	     -5.08802272	     28.54202257	     95.22426314	      7.63402094	    -12.11968033	      3.51591541	     31.42053300	     97.93716324
      3.78333330	     -9.38489836	      0.42180183	     -0.39629693	     -0.61036200	      0.78873043	     -0.18220683	     48.18363607	     -9.29597444	     -7.13370504	     70.62506672	     33.87283969	     -1.51625033	      0.00000000	     47.01472295	     -9.85544478	    -11.81732389	     70.20732128	     33.46558670	      4.69173789	      0.00000000	    -29.15698697	     -0.35563045	      1.06214520	     14.27402220	     -9.69952781	     -5.94094464	     28.53313679	     95.22811159	      9.31539350	    -12.43565700	      4.11257120	     31.81259461	     98.04881391
      3.80000000	     -8.99356903	      0.45100321	     -0.30967445	     -0.61483805	      0.78017312	     -0.18230541	     49.55383596	     -9.52872484	     -6.81630233	     72.80745350	     34.59598173	     -1.33121712	      0.00000000	     48.48143438	     -9.86048291	    -11.30750580	     72.59129802	     34.05574979	      4.36690944	      0.00000000	    -31.90752168	     -0.37513358	      1.16209926	     15.56302709	     -9.88855997	     -6.33297536	     28.77778235	     95.22129470	     10.78852889	    -12.70897031	      4.30632145	     32.15102355	     98.07688217
      3.81666670	     -8.61397745	      0.48005152	     -0.21564023	     -0.61921613	      0.76907741	     -0.18235981	     50.95241746	     -9.85766217	     -6.53696079	     75.35882236	     35.34026813	     -1.30274151	      0.00000000	     49.94976320	     -9.89265378	    -10.74283540	     75.26688708	     34.85505982	      4.24870332	      0.00000000	    -34.56019623	     -0.39017694	      1.32980771	     16.88059655	    -10.15053909	     -6.72275920	     29.04250438	     95.19972112	     12.26370937	    -13.02028430	      4.46363516	     32.51547966	     98.09476074
      3.83333330	     -8.32268620	      0.53823965	     -0.22225899	     -0.62379663	      0.76057906	     -0.18259634	     52.38788568	    -10.06600025	     -6.20314143	     77.78028112	     36.03385854	     -1.44292459	      0.00000000	     51.24009815	     -9.91163049	    -10.25767984	     77.52369337	     35.74511304	      4.21565729	      0.00000000	    -37.01399410	     -0.45497352	      1.51210306	     18.14414869	    -10.42905900	     -7.07651138	     29.21859456	     95.17465049	     13.75770804	    -13.33723335	      4.58901099	     32.83355110	     98.10593191
      3.85000000	     -8.14751927	      0.56407118	     -0.31957137	     -0.62749784	      0.75717934	     -0.18165437	     53.68268075	    -10.11399665	     -5.97143686	     79.63797199	     36.25759518	     -1.48795334	      0.00000000	     52.40468848	     -9.98120514	     -9.78453966	     79.24927060	     35.95322611	      4.20616522	      0.00000000	    -39.31474607	     -0.50102832	      1.69271873	     19.43727527	    -10.64053934	     -7.25300809	     29.44542664	     95.15711446	     15.09204069	    -13.66755433	      4.56599517	     33.04723120	     98.10125634
      3.86666670	     -7.53568576	      0.57428064	     -0.33586236	     -0.62991900	      0.75157944	     -0.18207648	     53.93217526	    -10.19429100	     -5.87346129	     80.86191762	     36.94324887	     -1.26023876	      0.00000000	     52.83411281	    -10.08168806	     -9.48359806	     80.68524135	     36.25875281	      4.20999915	      0.00000000	    -41.91538513	     -0.58544764	      2.17267144	     20.48900429	    -10.91492504	     -8.17900859	     29.48566013	     95.07159975	     16.67450581	    -13.90739271	      5.20206298	     33.21091998	     98.16443581
      3.88333330	     -7.19958835	      0.56758822	     -0.31371799	     -0.62884245	      0.74677494	     -0.18214840	     54.07789901	    -10.22888544	     -5.73070210	     81.75979864	     37.45965573	     -1.64040989	      0.00000000	     53.34661969	    -10.05788113	     -9.10438902	     82.05196639	     36.50394573	      3.85940679	      0.00000000	    -43.93647661	     -0.60767866	      2.33797871	     21.34984872	    -11.04056717	     -8.52793621	     29.59538523	     95.04855638	     17.83468645	    -14.16168646	      5.40994745	     33.20062079	     98.17008021
      3.90000000	     -6.70182647	      0.56768396	     -0.28581764	     -0.63282777	      0.74388833	     -0.18252655	     54.20096924	    -10.29627775	     -5.57481182	     82.62237576	     37.93495120	     -1.74380512	      0.00000000	     53.60150897	     -9.97217365	     -8.79049009	     83.16687159	     36.76827251	      3.77487964	      0.00000000	    -46.17298467	     -0.69537982	      2.50981806	     22.20228798	    -11.23436694	     -8.84214944	     29.69539051	     95.02672762	     19.02243015	    -14.35845635	      5.59693300	     33.20187844	     98.16513999
      3.91666670	     -6.14626184	      0.59212614	     -0.18898153	     -0.63477028	      0.74032533	     -0.18222384	     54.12531107	    -10.45214749	     -5.46168623	     83.49489840	     38.20541983	     -1.63698551	      0.00000000	     53.61580947	     -9.86321608	     -8.60330250	     83.93290949	     37.10215713	      3.91759273	      0.00000000	    -48.19450704	     -0.72250859	      2.59398240	     23.08133907	    -11.44855750	     -9.13504376	     29.79511851	     95.00883476	     20.21786390	    -14.51300765	      5.80362562	     33.19969654	     98.15034527
      3.93333330	     -6.05045475	      0.62438503	     -0.17485079	     -0.63741261	      0.73570702	     -0.18200712	     54.58630926	    -10.51997211	     -5.33943755	     84.29463532	     38.32450495	     -1.71585384	      0.00000000	     54.19313241	     -9.83946941	     -8.45223600	     84.78459097	     37.23370844	      3.91366165	      0.00000000	    -49.56095844	     -0.79101685	      2.61992512	     23.88388881	    -11.62457338	     -9.21366225	     29.96511647	     95.00308505	     21.06268684	    -14.70432752	      5.77952894	     33.27283813	     98.13568140
      3.95000000	     -5.37210144	      0.66929590	     -0.08928549	     -0.63829254	      0.73105641	     -0.18147084	     54.38668422	    -10.64278376	     -5.22117434	     85.10349279	     38.82700610	     -1.88045966	      0.00000000	     54.05353264	     -9.78479885	     -8.26784067	     85.52835104	     38.15191808	      4.45739620	      0.00000000	    -51.30488767	     -0.87479343	      2.61057190	     24.54499966	    -11.80814184	     -9.44449918	     30.16085614	     95.00542777	     22.08567113	    -14.83371535	      5.99155417	     33.07993690	     98.08580057
      3.96666670	     -5.34364647	      0.70001454	      0.02774982	     -0.64001179	      0.72757598	     -0.18100990	     54.75564547	    -10.74097080	     -5.14199551	     85.81637138	     39.15907936	     -2.02874366	      0.00000000	     54.80888073	     -9.78029927	     -8.07947468	     86.40414253	     38.33036921	      4.48537226	      0.00000000	    -52.30945896	     -0.95723892	      2.54444154	     25.11950327	    -11.92856738	     -9.49432707	     30.32572392	     95.00651171	     22.90276182	    -14.97017120	      5.96457919	     33.18875411	     98.06454871
      3.98333330	     -5.06282630	      0.60191250	      0.15054137	     -0.64223444	      0.72618715	     -0.18060988	     54.86915731	    -10.72275726	     -5.22666084	     86.30798007	     39.66111542	     -2.20516390	      0.00000000	     55.11277989	     -9.83754668	     -7.81139853	     87.12842394	     38.81951512	      4.83198839	      0.00000000	    -53.20736547	     -0.87889405	      2.57409555	     25.48128023	    -12.06418225	     -9.60915950	     30.64280329	     95.03044498	     23.55630161	    -14.94243564	      6.04151201	     33.08472581	     98.00203301
      4.00000000	     -4.99914287	      0.60714496	      0.20305954	     -0.64276337	      0.72567291	     -0.18032892	     55.11392967	    -10.68675181	     -5.21513376	     86.59660265	     39.73668542	     -2.27628488	      0.00000000	     55.43881308	     -9.88438270	     -7.70676448	     87.51520566	     38.79987269	      4.87074460	      0.00000000	    -53.82896777	     -0.92162197	      2.51732111	     25.83492709	    -12.12174249	     -9.63122592	     30.77334130	     95.03461656	     24.00131832	    -14.94737900	      6.02034976	     33.14262920	     97.98693791
      4.01666670	     -4.55590864	      0.42742047	      0.28281154	     -0.64266236	      0.72585318	     -0.18031858	     54.58935300	    -10.44698166	     -5.34431589	     86.46262744	     40.01148999	     -2.51511747	      0.00000000	     55.10913280	    -10.08000857	     -7.50710730	     87.72047574	     39.06862426	      5.25393077	      0.00000000	    -54.73069163	     -0.74840972	      2.59700800	     25.96046550	    -12.22373618	     -9.75001972	     31.45504119	     95.08610163	     24.45491583	    -14.83822459	      5.93896234	     33.12118870	     97.87910066
      4.03333330	     -4.24172088	      0.36713978	      0.32167125	     -0.64324769	      0.72858331	     -0.18029831	     54.15387708	    -10.28309671	     -5.33704167	     86.22313887	     39.72055725	     -2.71024383	      0.00000000	     54.57999818	    -10.14318522	     -7.50126382	     87.43168384	     39.16766524	      5.42186883	      0.00000000	    -55.35944994	     -0.69766319	      2.62511782	     25.99004570	    -12.28916654	     -9.88745672	     32.05991531	     95.14361155	     24.77716064	    -14.70338758	      5.80806904	     33.22510243	     97.77377128
      4.05000000	     -4.34496930	      0.36149731	      0.34504150	     -0.64434885	      0.73093667	     -0.18084377	     54.02692446	    -10.26521772	     -5.39914985	     85.88142296	     39.65335978	     -2.75565692	      0.00000000	     54.48052512	    -10.11179041	     -7.53682947	     87.09688872	     39.10112721	      5.43192174	      0.00000000	    -55.27750688	     -0.68375345	      2.58315198	     26.00311558	    -12.27380873	     -9.89567436	     32.11589879	     95.15108060	     24.87965391	    -14.61096794	      5.80110501	     33.30206167	     97.76410514
      4.06666670	     -3.69065300	      0.24502401	      0.31517337	     -0.64696697	      0.73251135	     -0.18079347	     53.14115336	    -10.06267903	     -5.43232297	     85.34832707	     38.93075927	     -3.47761800	      0.00000000	     53.48569312	    -10.09027024	     -7.46081094	     86.51590841	     38.98215049	      5.38398290	      0.00000000	    -55.94854572	     -0.59670664	      2.74299505	     25.95092114	    -12.37933813	    -10.13714641	     32.92839065	     95.25903250	     25.11372448	    -14.33156822	      5.45767180	     33.71538704	     97.61817302
      4.08333330	     -3.64741293	      0.29508690	      0.21898554	     -0.64776265	      0.73410882	     -0.18054334	     52.98710920	     -9.89874043	     -5.26917578	     85.01627558	     38.37073258	     -3.92062649	      0.00000000	     53.21321489	    -10.05957334	     -7.60186196	     86.08502519	     38.87499359	      5.40923220	      0.00000000	    -55.80157516	     -0.64207141	      2.73157934	     25.46485853	    -12.33404615	    -10.57270875	     34.02231102	     95.46344117	     24.84701408	    -14.18517418	      4.83190165	     34.30475043	     97.42135476
      4.10000000	     -3.31415155	      0.30610792	      0.04580804	     -0.64426134	      0.74153385	     -0.18101474	     52.10874625	     -9.70481810	     -5.20593364	     84.19577625	     37.84477374	     -3.98629216	      0.00000000	     52.22177195	    -10.13959948	     -7.91905638	     85.21001078	     38.42194671	      5.29437256	      0.00000000	    -55.68583022	     -0.69739394	      2.76366539	     25.18338841	    -12.25903422	    -10.82336016	     34.27776458	     95.61546324	     24.58506021	    -13.98143734	      4.49595341	     34.54453896	     97.34230609
      4.11666670	     -3.26320044	      0.40227983	     -0.16924193	     -0.64846260	      0.74641216	     -0.18020335	     51.91832229	     -9.51049793	     -5.07802900	     83.47112649	     37.05795864	     -4.06372954	      0.00000000	     51.46550968	    -10.08552377	     -8.24951613	     83.94248212	     37.94507158	      5.37062342	      0.00000000	    -55.21515440	     -0.83779804	      2.68073373	     24.93573898	    -12.18262884	    -10.90137259	     34.55872671	     95.71036723	     24.31123770	    -13.94881495	      4.33138338	     34.69287173	     97.31749943
      4.13333330	     -2.95697058	      0.59508398	     -0.35747643	     -0.64582075	      0.75277994	     -0.17884783	     51.09921700	     -9.31424528	     -4.84702755	     82.45532595	     36.43633402	     -4.41290695	      0.00000000	     50.18570362	    -10.02762532	     -8.70106666	     82.47997848	     37.54305108	      5.47957325	      0.00000000	    -54.82823001	     -1.09111425	      2.56000717	     24.40577707	    -11.97379744	    -11.00766756	     34.88616367	     95.88893919	     23.90137773	    -13.86309703	      4.05523794	     34.99972839	     97.29262071
      4.15000000	     -3.07597390	      0.70616014	     -0.47592737	     -0.64733507	      0.75485867	     -0.17952930	     50.75315464	     -9.15900342	     -4.73317747	     81.47030300	     36.13885412	     -4.64425462	      0.00000000	     49.68260955	     -9.95492613	     -8.96982334	     81.45475293	     36.86875722	      5.18772348	      0.00000000	    -53.91789647	     -1.22476177	      2.47950758	     23.76947923	    -11.88646223	    -11.07705879	     35.17096853	     96.00780920	     23.34481712	    -13.84789413	      3.90221113	     35.25033438	     97.29355652
      4.16666670	     -3.29511352	      0.92563716	     -0.47892681	     -0.64692525	      0.76158790	     -0.17842682	     50.21436111	     -9.09682520	     -4.64944531	     79.99804547	     35.44615996	     -4.94112826	      0.00000000	     48.95856619	     -9.78574819	     -9.42398102	     79.98573034	     35.77947716	      4.66724149	      0.00000000	    -52.82431152	     -1.45048422	      2.30320493	     22.96606053	    -11.70580986	    -11.21949155	     35.65714558	     96.19139390	     22.76617954	    -13.82300579	      3.67741522	     35.75287460	     97.32221003
      4.18333330	     -3.59257139	      0.93071154	     -0.55634468	     -0.64638219	      0.76839471	     -0.17795070	     49.45089229	     -8.83271551	     -4.73818154	     78.27790153	     34.90045680	     -4.94671233	      0.00000000	     48.24763872	     -9.78391038	     -9.73081657	     78.35057873	     34.86947354	      4.68063166	      0.00000000	    -51.49649918	     -1.51119860	      2.28277613	     22.25634809	    -11.59365084	    -11.26747234	     35.76339994	     96.27515991	     22.04762453	    -13.80156051	      3.61317341	     35.86948656	     97.34757040
      4.20000000	     -3.91403953	      0.94985185	     -0.71815194	     -0.64293864	      0.77602970	     -0.17775283	     48.57827270	     -8.58620867	     -4.84156228	     76.34752142	     34.00087369	     -5.00579000	      0.00000000	     47.41056802	     -9.67466719	    -10.11287785	     76.49060742	     33.97473446	      4.45218535	      0.00000000	    -50.03069436	     -1.62475464	      2.24184750	     21.37672619	    -11.42574883	    -11.29022312	     35.92301065	     96.38247014	     21.18512376	    -13.75065947	      3.53410176	     35.99389877	     97.38252347
      4.21666670	     -4.23081347	      1.02739582	     -0.72289055	     -0.64317128	      0.78679659	     -0.17858660	     47.51597424	     -8.46765996	     -4.94785984	     73.96047174	     32.89185674	     -5.24596504	      0.00000000	     46.45867584	     -9.31190751	    -10.40664725	     74.22716960	     32.84197414	      3.89547141	      0.00000000	    -48.56910937	     -1.66197884	      2.15470407	     20.55670853	    -11.30081288	    -11.29047732	     36.07468532	     96.56285603	     20.51873617	    -13.63061161	      3.41561830	     36.24673607	     97.45523023
      4.23333330	     -4.38126853	      0.99446687	     -0.71409863	     -0.63860439	      0.79966566	     -0.17777040	     46.04322117	     -8.27434786	     -5.14690259	     71.30062802	     31.65989448	     -5.18427822	      0.00000000	     45.22721422	     -9.07920196	    -10.68488666	     71.71053485	     31.36628020	      3.51702565	      0.00000000	    -47.23643849	     -1.57192769	      2.09380692	     19.70901266	    -11.14540973	    -11.26536803	     35.93716828	     96.74618416	     19.70681646	    -13.46586965	      3.32931811	     36.19689485	     97.53800610
      4.25000000	     -4.47465978	      1.04744644	     -0.63967660	     -0.63441661	      0.80938744	     -0.17702437	     44.18198204	     -8.15279645	     -5.46498337	     68.23943381	     30.44977590	     -5.21986621	      0.00000000	     43.63594968	     -8.75369409	    -11.02323973	     68.90859224	     29.86046919	      3.32708800	      0.00000000	    -45.84800688	     -1.54678544	      1.95169216	     18.85324693	    -10.93833115	    -11.18599799	     35.64342871	     96.94306743	     18.85657962	    -13.31847402	      3.25765510	     35.90224251	     97.62506601
      4.26666670	     -4.69449334	      1.12315905	     -0.45926203	     -0.62841805	      0.81168043	     -0.17593611	     42.71653879	     -8.16630030	     -5.80165873	     65.82174261	     29.77006668	     -4.99186769	      0.00000000	     42.37438519	     -8.52639960	    -11.39511134	     66.59057967	     29.00295820	      3.49077515	      0.00000000	    -43.93606178	     -1.51655785	      1.79864251	     17.72717962	    -10.71350550	    -11.10968636	     35.28914721	     97.04630806	     17.79814580	    -13.26661770	      3.27135028	     35.55298847	     97.67186629
      4.28333330	     -4.73565936	      0.99686370	     -0.42557794	     -0.62402686	      0.82116013	     -0.17564920	     40.76193625	     -7.84835544	     -6.16509365	     63.10887177	     29.23825683	     -4.96276055	      0.00000000	     40.93035375	     -8.40171765	    -11.47409728	     64.56959886	     28.11296821	      2.99894399	      0.00000000	    -42.08429798	     -1.31444951	      1.66539281	     16.69503660	    -10.44831145	    -10.95146404	     34.72731808	     97.25150067	     16.68315027	    -13.12180026	      3.22343498	     34.91865895	     97.74257376
      4.30000000	     -4.98307504	      1.01826161	     -0.40951773	     -0.61658951	      0.82453271	     -0.17483994	     39.50141725	     -7.78695967	     -6.49894552	     61.19291746	     28.72534013	     -4.81786178	      0.00000000	     39.63962222	     -8.23838619	    -11.76725199	     62.54962617	     27.74027498	      3.26757577	      0.00000000	    -39.73444053	     -1.31334727	      1.58933496	     15.38684526	    -10.21104084	    -10.85436893	     34.32805971	     97.33506704	     15.26790012	    -13.03741286	      3.25140393	     34.43082803	     97.76757035
      4.31666670	     -5.39990287	      0.93700509	     -0.52355321	     -0.61218710	      0.83262528	     -0.17370752	     38.21206515	     -7.42162427	     -6.76017123	     58.78381403	     28.35203549	     -4.46403552	      0.00000000	     38.40236967	     -8.22376681	    -12.10009020	     60.18115746	     27.12625786	      3.38480456	      0.00000000	    -37.17333786	     -1.27045840	      1.51259985	     14.13316220	     -9.88668381	    -10.71319440	     33.81951949	     97.42485249	     13.88351809	    -12.98372348	      3.25421876	     33.85859095	     97.78242823
      4.33333330	     -5.97760211	      0.81393274	     -0.71939333	     -0.60262680	      0.83252399	     -0.17336691	     37.33414410	     -7.20698058	     -7.14558637	     56.90310731	     27.96065482	     -3.84947345	      0.00000000	     37.44833842	     -8.27608109	    -12.27376179	     58.25064156	     26.95458606	      3.75693004	      0.00000000	    -34.10228183	     -1.17298575	      1.37987417	     12.92919298	     -9.57878303	    -10.48661295	     32.99478574	     97.54748615	     12.26438446	    -12.90576349	      3.21399557	     32.90861555	     97.77640469
      4.35000000	     -7.02865845	      0.69426769	     -1.03998928	     -0.59980819	      0.83654066	     -0.17403057	     37.20839727	     -6.87160521	     -7.35037528	     55.15946720	     27.37471047	     -3.74719835	      0.00000000	     37.22443897	     -8.21285003	    -12.22450038	     56.52190643	     27.25172026	      4.00683955	      0.00000000	    -30.23554523	     -1.02117577	      1.35791852	     11.64727202	     -9.33224996	     -9.93481206	     31.79414125	     97.74720061	     10.43670717	    -12.64470355	      3.09085605	     31.68199451	     97.70640341
      4.36666670	     -7.94696868	      0.64914988	     -1.04733264	     -0.59687413	      0.84473133	     -0.17394549	     36.57411390	     -6.62880387	     -7.62717887	     52.72369232	     26.71320007	     -3.58742221	      0.00000000	     36.41391130	     -7.81125500	    -12.16450309	     53.80652735	     26.85397184	      4.04820713	      0.00000000	    -26.61783274	     -0.87004229	      1.02805937	     10.40789562	     -9.09639958	     -9.25614629	     30.78871240	     97.90407206	      8.77124224	    -12.54222551	      3.11965544	     30.73074843	     97.61661235
      4.38333330	     -8.53683087	      0.62539676	     -1.17319556	     -0.59692053	      0.85365501	     -0.17517400	     35.63121965	     -6.32365592	     -7.83866791	     49.72085263	     25.90430381	     -3.19104248	      0.00000000	     35.55078311	     -7.48532506	    -12.33709329	     51.09529037	     25.88739185	      4.21436344	      0.00000000	    -23.79338965	     -0.77040140	      0.99298021	      9.20651116	     -8.92265183	     -9.01076677	     30.45378348	     97.93715327	      7.33044933	    -12.38811572	      3.21849570	     30.47120348	     97.59503428
      4.40000000	     -9.55857304	      0.64956597	     -1.09339637	     -0.59282544	      0.86247473	     -0.17568341	     34.99909075	     -6.07693393	     -7.93700784	     46.42657480	     24.49844042	     -3.20831200	      0.00000000	     35.03577323	     -6.83230510	    -12.09371694	     47.79832984	     24.28772712	      3.71297359	      0.00000000	    -20.32192348	     -0.68137750	      0.61977847	      8.19847630	     -8.72986677	     -8.19586410	     29.66277629	     97.99938146	      5.73788295	    -12.23864070	      3.37382234	     30.08401517	     97.49069906
      4.41666670	    -10.34272617	      0.83066523	     -1.01513305	     -0.59136341	      0.87153603	     -0.17588778	     34.23868190	     -5.98948341	     -8.04610897	     43.24918819	     22.75478297	     -3.24467327	      0.00000000	     34.20514991	     -6.10420277	    -12.27469273	     44.31091974	     22.31313756	      3.24572675	      0.00000000	    -17.56994738	     -0.81936302	      0.39895136	      7.19838103	     -8.55828120	     -7.46840874	     29.36386770	     98.01392605	      4.45001732	    -12.13272683	      3.54364972	     30.01319101	     97.39164944
      4.43333330	    -10.88949080	      0.96032321	     -0.78909584	     -0.58598133	      0.88177706	     -0.17650936	     32.84779939	     -5.89308990	     -8.22483123	     39.69373710	     20.84105055	     -3.17848469	      0.00000000	     32.93902422	     -5.31435405	    -12.23295125	     40.52780056	     20.04760982	      2.71569138	      0.00000000	    -15.16984480	     -0.92965032	      0.19864693	      6.16318279	     -8.39723680	     -6.85650998	     28.90439940	     97.98427802	      3.30182661	    -11.99044068	      3.76609558	     30.00584543	     97.30362823
      4.45000000	    -11.40882441	      1.03306227	     -0.56489181	     -0.57936835	      0.88732487	     -0.17688713	     31.52519269	     -5.81067440	     -8.49510065	     36.34888595	     18.83521778	     -3.20903423	      0.00000000	     31.54948960	     -4.57847865	    -12.02378480	     36.84855941	     18.13162071	      2.48500311	      0.00000000	    -12.89174826	     -0.95232859	      0.13863620	      5.08665505	     -8.29118681	     -6.22827382	     28.43993143	     97.92391524	      2.19680828	    -11.84003145	      4.03032909	     30.09791361	     97.21354674
      4.46666670	    -11.99761840	      1.11229555	     -0.47426811	     -0.57495638	      0.89388639	     -0.17662891	     30.08031871	     -5.55336365	     -8.57992416	     32.69269367	     17.49769559	     -2.64419482	      0.00000000	     30.15099069	     -3.95218854	    -11.98554984	     33.15216101	     16.67916559	      2.86683277	      0.00000000	    -10.53252666	     -1.03833325	      0.16591011	      3.95073713	     -8.14407567	     -5.95035052	     28.17451022	     97.90681118	      1.13688896	    -11.61258486	      4.18135629	     30.11900152	     97.18726271
      4.48333330	    -12.15983313	      1.09833900	     -0.61765673	     -0.57195327	      0.89826379	     -0.17592577	     28.22618920	     -5.02674494	     -8.30337595	     28.73305591	     15.96371576	     -2.74848619	      0.00000000	     28.33836880	     -3.38701985	    -11.49168689	     29.41194463	     14.88291301	      2.29509314	      0.00000000	     -8.92933558	     -0.99942121	      0.31059745	      3.31117790	     -8.13499798	     -5.07183360	     27.63057806	     97.85729104	      0.29802954	    -11.42285461	      4.39345039	     30.19145729	     97.07852576
      4.50000000	    -12.72675750	      1.05231737	     -0.78346630	     -0.56940524	      0.90845091	     -0.17602145	     26.79169527	     -4.47346669	     -8.09472944	     24.69328075	     14.61024788	     -2.08628466	      0.00000000	     27.02150260	     -2.97289282	    -11.14416636	     25.69318068	     13.53803042	      2.62809354	      0.00000000	     -6.80779096	     -0.91061159	      0.54625560	      2.41674697	     -8.05527627	     -4.72433969	     27.41994218	     97.84710910	     -0.63877327	    -11.15284341	      4.49256234	     30.26353843	     97.04499018
      4.51666670	    -12.39147048	      0.96674491	     -0.93332956	     -0.56547491	      0.91697743	     -0.17586870	     24.11157062	     -3.79871841	     -7.46387629	     20.11838904	     12.63781716	     -2.31817615	      0.00000000	     24.51363331	     -2.42368017	    -10.23986243	     21.49345039	     11.75348611	      2.02265651	      0.00000000	     -6.06631695	     -0.77344515	      0.74510116	      1.95628714	     -8.11576017	     -3.69813393	     27.07254088	     97.81338899	     -1.28636886	    -10.94211192	      4.60226711	     30.44277804	     96.93828810
      4.53333330	    -12.10548169	      0.99873597	     -1.04225116	     -0.56110411	      0.92762477	     -0.17552571	     21.26109555	     -3.28819359	     -6.94130496	     15.49484323	     10.68351948	     -1.96499502	      0.00000000	     21.88843110	     -1.84345026	     -9.49815850	     17.26146853	     10.03200668	      2.01542316	      0.00000000	     -5.21613223	     -0.78693550	      0.84139437	      1.43381460	     -8.05711223	     -2.82783134	     26.81541022	     97.75493078	     -1.97735123	    -10.79392814	      4.69937606	     30.57286909	     96.85308467
      4.55000000	    -11.73138157	      1.02926067	     -1.15334651	     -0.55588387	      0.93288079	     -0.17555736	     18.54373219	     -2.89327334	     -6.41250199	     11.39760405	      8.74950387	     -1.59019948	      0.00000000	     19.17917835	     -1.31979885	     -8.91061384	     13.15648173	      8.31141069	      2.19150959	      0.00000000	     -4.58130369	     -0.77340096	      0.84934592	      0.89050122	     -8.00007549	     -2.18623722	     26.57817873	     97.68885303	     -2.62356552	    -10.64371387	      4.81466049	     30.79964394	     96.80288754
      4.56666670	    -11.20538088	      1.06112358	     -1.38318825	     -0.55007354	      0.94188661	     -0.17530382	     15.88742778	     -2.54125838	     -5.95352873	      7.64124318	      6.87130959	     -1.22727036	      0.00000000	     16.37986815	     -0.86846407	     -8.48768983	      9.37090617	      6.84951970	      2.33802682	      0.00000000	     -4.12789080	     -0.76383733	      0.89708937	      0.37350138	     -7.92196234	     -1.65482186	     26.35757669	     97.61511667	     -3.31637798	    -10.48868184	      4.87500438	     30.99622350	     96.76217874
      4.58333330	    -10.69068334	      1.09875131	     -1.50132951	     -0.54512514	      0.94346124	     -0.17403801	     13.41523405	     -2.25225487	     -5.50273485	      4.46411479	      5.43619427	     -0.77677731	      0.00000000	     13.84711161	     -0.47677818	     -8.11482263	      6.05864422	      5.71663694	      2.58750324	      0.00000000	     -3.80543382	     -0.78607290	      0.89848514	     -0.11318586	     -7.81321466	     -1.21406441	     26.15010946	     97.53190404	     -3.93373224	    -10.42787576	      4.90371894	     31.26443038	     96.73998959
      4.60000000	    -10.27858241	      1.11711879	     -1.65493907	     -0.54384326	      0.94851110	     -0.17373248	     11.48250590	     -2.00986610	     -5.18590993	      1.84880663	      4.31643135	     -0.40565836	      0.00000000	     11.82545190	     -0.20572119	     -7.83537943	      3.37547265	      4.87393400	      2.97325108	      0.00000000	     -3.54556820	     -0.80583032	      0.98397719	     -0.46728976	     -7.74896055	     -0.87374485	     26.06123423	     97.45219919	     -4.39341140	    -10.31916779	      4.90622750	     31.50116228	     96.73837190
      4.61666670	    -10.17028221	      1.14976615	     -1.78437560	     -0.53916058	      0.94799873	     -0.17278786	     10.25920483	     -1.81782722	     -4.91096849	      0.00000000	      3.61095808	     -0.01703358	      0.00000000	     10.47229550	      0.01641862	     -7.53218288	      1.14364911	      4.26030978	      3.38612794	      0.00000000	     -2.92669876	     -0.87094423	      1.07506963	     -0.83126925	     -7.65930044	     -0.73797996	     25.99611454	     97.41282510	     -4.85494991	    -10.24223978	      4.91442380	     31.59758243	     96.74674945
      4.63333330	    -10.25703354	      1.19161846	     -1.94829364	     -0.54480543	      0.94646563	     -0.17187820	     10.33615258	     -1.73698740	     -4.89537546	      0.00000000	      3.83325400	     -0.02941979	      0.00000000	     10.03495241	      0.15338679	     -7.48545468	      0.00000000	      4.26813857	      3.40290629	      0.00000000	     -2.69945770	     -0.87720234	      1.22547768	     -0.78868156	     -7.55157977	     -0.68772350	     26.03979771	     97.40638793	     -4.91200569	    -10.21851701	      4.91796230	     31.67633876	     96.75126985
      4.65000000	    -10.20639917	      1.21585796	     -2.06101976	     -0.54484666	      0.94423118	     -0.17149301	     10.35940548	     -1.67074874	     -4.89362575	      0.00000000	      3.87151024	     -0.03211106	      0.00000000	      9.97922950	      0.18838209	     -7.47646754	      0.00000000	      4.23943681	      3.40734600	      0.00000000	     -2.64790555	     -0.90102503	      1.20163118	     -0.81571055	     -7.53809781	     -0.68051438	     26.03562469	     97.40541124	     -4.87500561	    -10.20212713	      4.92130595	     31.71188584	     96.75264477
      4.66666670	    -10.16686546	      1.19836918	     -2.10543257	     -0.54446384	      0.94228983	     -0.17103161	     10.32161491	     -1.56103149	     -4.88287112	      0.00000000	      3.95172468	     -0.05373415	      0.00000000	      9.91923943	      0.16582712	     -7.51481155	      0.00000000	      4.23569789	      3.36611844	      0.00000000	     -2.50836137	     -0.96529419	      1.26391260	     -0.73626925	     -7.47497844	     -0.66162950	     26.07876181	     97.40388073	     -4.80975314	    -10.17293379	      4.93015901	     31.79313109	     96.75630778
      4.68333330	    -10.20949790	      1.21515609	     -2.09874209	     -0.54049089	      0.93992469	     -0.17066319	     10.29128726	     -1.52402407	     -4.87643482	      0.00000000	      3.95648095	     -0.05611279	      0.00000000	      9.88835989	      0.18057598	     -7.52009834	      0.00000000	      4.23528703	      3.35901962	      0.00000000	     -2.50571748	     -0.96105776	      1.26861230	     -0.72847292	     -7.47020069	     -0.66011781	     26.08171711	     97.40367466	     -4.79800920	    -10.17253418	      4.93058551	     31.80302952	     96.75671108
      4.70000000	     -9.68176026	      1.05563023	     -2.21968026	     -0.54066342	      0.93772480	     -0.17046389	      9.53091604	     -1.27189161	     -4.15894199	      0.00000000	      4.19352595	     -0.97600088	      0.00000000	      9.12141960	     -0.01168608	     -7.43500269	      0.00000000	      4.39600834	      2.53628967	      0.00000000	     -2.94437507	     -0.85723449	      1.81076138	     -0.83236659	     -7.48545376	     -0.56154207	     26.12628060	     97.32580315	     -4.62484127	    -10.29326914	      5.22988923	     32.76385958	     96.90174582
      4.71666670	     -9.17921810	      0.84341886	     -2.18538545	     -0.54083207	      0.93748750	     -0.17033501	      8.82006519	     -1.01729973	     -3.72599497	      0.00000000	      4.00558921	     -1.97888228	      0.00000000	      8.38093861	     -0.24540752	     -7.16219025	      0.00000000	      4.50137236	      2.14590508	      0.00000000	     -3.52314579	     -0.58738355	      1.67267902	     -0.59568512	     -7.58227386	     -0.59803326	     26.30775719	     97.22993566	     -4.49974576	    -10.30274088	      5.46636616	     32.81895482	     97.04196234
      4.73333330	     -8.56706304	      0.60608308	     -2.22899997	     -0.54448935	      0.93446965	     -0.16976484	      8.10878245	     -0.71090377	     -3.05497392	      0.00000000	      3.71880821	     -3.16067919	      0.00000000	      7.59029239	     -0.52904517	     -6.91085579	      0.00000000	      4.51494878	      1.62117654	      0.00000000	     -4.36489545	     -0.30846914	      1.74417862	     -0.25671877	     -7.71321217	     -0.62123996	     26.39410465	     97.15780349	     -4.04500851	    -10.26777082	      5.58733751	     32.74460780	     97.15919820
      4.75000000	     -8.08074272	      0.31678500	     -2.16205890	     -0.54153175	      0.93387884	     -0.16935627	      7.61282132	     -0.39925919	     -2.49006947	      0.00000000	      3.32770417	     -4.23728098	      0.00000000	      7.32733179	     -0.92755592	     -6.58452146	      0.78973275	      5.04944408	      1.29216503	      0.00000000	     -5.03010964	      0.04727468	      1.62394530	      0.01301754	     -7.81120023	     -0.67834320	     26.50444956	     97.10535955	     -3.70840245	    -10.15241170	      5.64656435	     32.48941178	     97.25012325
      4.76666670	     -7.86608593	      0.09720437	     -2.27666767	     -0.54391374	      0.93098230	     -0.16913426	      8.50637651	     -0.18243577	     -2.10022530	      1.99994434	      3.99655401	     -5.32662841	      0.00000000	      8.14532349	     -1.36486124	     -6.62980195	      2.81265833	      5.82217051	      0.60541494	      0.00000000	     -5.72360724	      0.30195815	      1.71019176	      0.46288664	     -7.92518069	     -0.72650279	     26.64576680	     97.07767346	     -3.24301325	    -10.09499308	      5.62263062	     32.34337681	     97.30641916
      4.78333330	     -8.31719879	      0.02219423	     -2.36452379	     -0.54888325	      0.92942281	     -0.16872383	     10.62194780	     -0.13797241	     -1.77668395	      4.73772245	      4.40797980	     -6.79209762	      0.00000000	     10.22049829	     -1.73547602	     -6.76028705	      5.49180391	      6.30663561	     -0.40878330	      0.00000000	     -5.70915452	      0.48896492	      1.93657353	      0.79338386	     -8.02582366	     -0.81477728	     26.81676706	     97.04448765	     -2.69638135	    -10.01691428	      5.52804587	     32.00714437	     97.41930674
      4.80000000	     -8.54175264	      0.05138706	     -2.30937351	     -0.54910856	      0.92388936	     -0.16903416	     12.56104740	     -0.26946114	     -1.65670994	      7.79022938	      5.64608492	     -7.55015468	      0.00000000	     12.38410408	     -2.03764654	     -6.91805737	      8.89462639	      7.29894954	     -1.38232181	      0.00000000	     -6.05556073	      0.48286226	      1.98005664	      1.14547298	     -8.06372548	     -0.96054188	     26.98881552	     97.02133449	     -2.20651316	    -10.07122436	      5.46706902	     31.86666046	     97.51642033
      4.81666670	     -8.97504302	      0.03042192	     -2.24400346	     -0.54635766	      0.91655642	     -0.16865629	     14.84628779	     -0.41596168	     -1.84975881	     11.42695338	      7.10408461	     -8.07518483	      0.00000000	     15.00713393	     -2.54303807	     -7.32557640	     13.01440898	      8.57971169	     -2.16199645	      0.00000000	     -6.11293053	      0.61450801	      2.04910297	      1.28227226	     -8.16709313	     -1.21563130	     27.16266156	     97.00018843	     -1.95100868	    -10.08818963	      5.35959774	     31.74974308	     97.60316491
      4.83333330	     -9.52231964	      0.01150597	     -2.04989721	     -0.55143756	      0.90860535	     -0.16971929	     17.47573375	     -0.67545560	     -2.24412536	     15.29098389	      8.79336001	     -8.59541471	      0.00000000	     18.16610700	     -3.07099106	     -7.85283964	     17.66672445	     10.19905759	     -2.85776843	      0.00000000	     -6.17396776	      0.74957365	      2.10646864	      1.43138150	     -8.31970972	     -1.52076936	     27.36072863	     96.98697528	     -1.60075361	    -10.14775442	      5.22957623	     31.73749169	     97.67624870
      4.85000000	    -10.24566240	     -0.02217573	     -1.82404606	     -0.55189933	      0.89936458	     -0.17081660	     20.61130432	     -1.05122513	     -2.77713052	     19.73916911	     10.79267429	     -8.80278727	      0.00000000	     21.65760376	     -3.69467546	     -8.43162658	     22.97998704	     12.25514516	     -3.10717450	      0.00000000	     -5.98485738	      0.96068102	      2.04134778	      1.49195445	     -8.50959293	     -1.88054603	     27.52796765	     96.97840160	     -1.42544969	    -10.19491369	      5.09771221	     31.85065021	     97.74227182
      4.86666670	    -11.02069141	     -0.05650434	     -1.59487058	     -0.55221570	      0.89277969	     -0.17154090	     23.74601110	     -1.51866105	     -3.41110273	     24.36220338	     13.13189706	     -8.61525873	      0.00000000	     24.99832401	     -4.38373078	     -9.13540244	     28.21268460	     14.59471178	     -2.80719175	      0.00000000	     -5.73755182	      1.19541183	      2.00531783	      1.47900839	     -8.74602441	     -2.30783411	     27.68792327	     96.96871575	     -1.36629168	    -10.24117799	      4.93793911	     32.08051297	     97.80322072
      4.88333330	    -11.88643538	     -0.11586003	     -1.43087639	     -0.55731757	      0.87888588	     -0.17212937	     27.53103469	     -2.10586893	     -4.20829498	     29.88451946	     15.80469072	     -8.14688996	      0.00000000	     28.77542094	     -5.21527219	     -9.88879982	     33.75676934	     17.11216838	     -2.38515144	      0.00000000	     -5.59499712	      1.45168611	      1.99624031	      1.61568383	     -9.06099618	     -2.73517171	     28.02559104	     96.97318961	     -1.27465725	    -10.32031522	      4.76040560	     32.47135624	     97.87269948
      4.90000000	    -12.69238309	     -0.10138474	     -1.27176979	     -0.55901354	      0.86942698	     -0.17193329	     31.23944165	     -2.86760580	     -5.03016205	     35.39556611	     18.46480206	     -7.36270070	      0.00000000	     32.10926972	     -5.96120123	    -10.46840640	     38.93579858	     19.84385206	     -1.39585577	      0.00000000	     -5.47005768	      1.61115391	      1.93646887	      1.85920725	     -9.30811474	     -3.18000613	     28.34357142	     96.99092840	     -1.21737380	    -10.43550583	      4.53844191	     32.83775797	     97.94859277
      4.91666670	    -12.98603175	      0.01197016	     -1.17584584	     -0.55825216	      0.86501396	     -0.17240959	     33.99033527	     -3.73795455	     -5.72121395	     40.32123837	     20.79753047	     -6.28735318	      0.00000000	     34.33959187	     -6.54402552	    -10.97007461	     42.95265649	     22.16766417	     -0.30116536	      0.00000000	     -5.88675535	      1.62572483	      1.84723151	      2.21785376	     -9.43701365	     -3.64572020	     28.45176465	     97.01906166	     -1.14700645	    -10.55686677	      4.29136849	     33.05068764	     98.03062728
      4.93333330	    -12.97836074	      0.14738440	     -1.19242936	     -0.56007855	      0.85663028	     -0.17250192	     36.09774222	     -4.54904220	     -6.34454090	     44.59885047	     23.03520382	     -5.15941694	      0.00000000	     36.02706451	     -7.17057682	    -11.49601467	     46.83723554	     24.25723808	      0.57391500	      0.00000000	     -6.71222140	      1.58466690	      1.81596826	      2.69431675	     -9.55858024	     -4.10825483	     28.34730603	     97.04936362	     -0.98805408	    -10.70018176	      3.97894122	     33.32017252	     98.11222145
      4.95000000	    -12.98424960	      0.32454939	     -1.03516240	     -0.56092943	      0.84270546	     -0.17042913	     37.79845851	     -5.38123515	     -6.95269404	     48.45657563	     25.08223729	     -4.05780368	      0.00000000	     37.48407464	     -7.75141315	    -11.98190759	     50.13803845	     26.27006188	      1.89644235	      0.00000000	     -7.57655066	      1.47062097	      1.52320181	      3.22462947	     -9.54460678	     -4.61469159	     28.19016556	     97.05889689	     -0.80559882	    -10.95047428	      3.64534743	     33.48926325	     98.20579420
      4.96666670	    -13.05111340	      0.41470973	     -0.89390122	     -0.56375380	      0.83020201	     -0.16899293	     39.79567340	     -6.16367618	     -7.58914869	     52.39054070	     26.99126179	     -3.22492792	      0.00000000	     39.31170728	     -8.48896323	    -12.47389049	     53.72397737	     28.19820660	      3.02072476	      0.00000000	     -8.53874551	      1.37863505	      1.34551575	      3.89220420	     -9.57159621	     -5.11780695	     28.02793514	     97.05921778	     -0.46171551	    -11.20327368	      3.27643672	     33.64857217	     98.29709894
      4.98333330	    -13.03014644	      0.26957212	     -0.69836355	     -0.56576383	      0.82321824	     -0.16847181	     41.20644918	     -6.51770923	     -8.18347946	     55.52463208	     29.25360529	     -2.17980390	      0.00000000	     41.09938664	     -9.29178749	    -12.47093791	     57.25474132	     29.81586461	      3.95125299	      0.00000000	     -9.63270132	      1.50709220	      1.24935459	      4.55611626	     -9.61639096	     -5.66012461	     27.76211173	     97.04212205	     -0.08894076	    -11.37881176	      2.87292090	     33.70263681	     98.39368203
      5.00000000	    -12.83430244	      0.14334500	     -0.53019137	     -0.56528021	      0.81672074	     -0.16828190	     42.31835749	     -6.89409525	     -8.60128639	     58.69875243	     30.95525720	     -1.71756770	      0.00000000	     42.62123833	    -10.01363902	    -12.39024118	     60.42680391	     31.17351643	      4.72360964	      0.00000000	    -11.00550043	      1.56588555	      1.26964009	      5.30097951	     -9.69148956	     -6.16675885	     27.43639574	     97.01539502	      0.37190525	    -11.52254688	      2.49133530	     33.68031600	     98.48833886
      5.01666670	    -12.57461243	      0.08542705	     -0.37691179	     -0.56949032	      0.80975657	     -0.16821575	     43.28751394	     -7.29409270	     -8.93009269	     61.42535274	     32.24758873	     -1.51346712	      0.00000000	     43.73725552	    -10.55254078	    -12.26112786	     63.09337014	     32.41296458	      5.38770366	      0.00000000	    -12.66139706	      1.52066214	      1.31716677	      6.18425046	     -9.75305429	     -6.65807983	     27.22775016	     96.97837346	      1.07321914	    -11.67926796	      2.19666407	     33.62611048	     98.59385438
      5.03333330	    -12.16832287	     -0.01670102	     -0.27050673	     -0.57404685	      0.80385315	     -0.16915900	     44.33157015	     -7.55402741	     -8.97339303	     64.13300501	     33.42687786	     -1.27342063	      0.00000000	     44.51239738	    -10.83578051	    -11.84182007	     65.24322931	     33.61344139	      5.98408848	      0.00000000	    -14.70319341	      1.58371499	      1.31143104	      7.29924972	     -9.86919036	     -7.18801434	     27.05766144	     96.93321913	      1.97256169	    -11.78868103	      2.05274222	     33.54338000	     98.72078531
      5.05000000	    -11.46209254	     -0.21252885	     -0.05355476	     -0.57777497	      0.80317928	     -0.16859773	     44.51765773	     -7.67027046	     -9.15066889	     65.95180689	     34.42309905	     -1.12998397	      0.00000000	     45.02917193	    -11.11671971	    -11.36702640	     67.13405802	     34.42713265	      6.23048160	      0.00000000	    -17.35602078	      1.71282728	      1.26212693	      8.57020772	     -9.98937788	     -7.78389791	     26.96791018	     96.87443632	      3.11464391	    -11.94253496	      2.07968393	     33.47657132	     98.86253020
      5.06666670	    -11.09049893	     -0.23279125	      0.16419914	     -0.58357891	      0.79321471	     -0.16872979	     45.75666833	     -8.03944782	     -9.09100627	     68.41438661	     35.23048888	     -1.47497590	      0.00000000	     46.07903473	    -11.11891876	    -10.83247435	     69.05484920	     35.39449734	      6.37876179	      0.00000000	    -19.85995264	      1.58204730	      1.30114399	      9.75006832	    -10.17690760	     -8.05863251	     27.07713411	     96.84325660	      4.29298102	    -12.12953613	      2.11072748	     33.56130373	     98.91317451
      5.08333330	    -10.45537050	     -0.17841525	      0.34132667	     -0.59205595	      0.78863356	     -0.16825976	     46.78510302	     -8.42090368	     -9.06985047	     70.46545808	     36.08452804	     -0.91907215	      0.00000000	     46.77238541	    -11.13533079	    -10.56330824	     70.55511864	     35.91266662	      6.72688031	      0.00000000	    -23.12567960	      1.44402659	      1.38845508	     11.29982755	    -10.31680636	     -8.87681133	     27.28446364	     96.72849654	      6.01668646	    -12.48230829	      2.57761326	     33.81403520	     99.09548177
      5.10000000	    -10.23806621	     -0.17294735	      0.39658891	     -0.59356281	      0.78115909	     -0.16866376	     48.26191375	     -8.69903033	     -8.92827015	     72.66946686	     36.23596514	     -1.06452517	      0.00000000	     48.01818092	    -11.19239968	    -10.06655470	     72.45176310	     36.20193260	      6.58222549	      0.00000000	    -25.62314289	      1.39828372	      1.44702647	     12.65749977	    -10.59311928	     -9.03578586	     27.51830272	     96.70350087	      7.38704324	    -12.67963424	      2.56602805	     34.03398450	     99.10467854
      5.11666670	     -9.34777176	     -0.02446330	      0.33550751	     -0.59830865	      0.77272802	     -0.16920628	     48.94322124	     -9.14095927	     -8.74385131	     74.77427411	     37.07199370	     -0.66665345	      0.00000000	     48.46966563	    -11.12329072	     -9.71822260	     74.39058974	     36.73400899	      6.09980343	      0.00000000	    -28.95389742	      1.23238577	      1.62662126	     14.23507637	    -10.81346579	     -9.94184280	     27.74505882	     96.54814260	      9.11612557	    -12.98541614	      3.22858849	     34.32371451	     99.24683260
      5.13333330	     -9.11026911	      0.01401041	      0.20204690	     -0.60226056	      0.76428954	     -0.16862698	     50.44444800	     -9.39583963	     -8.50914776	     77.10667699	     37.20880846	     -0.85816170	      0.00000000	     49.75932616	    -11.25118595	     -9.31190836	     76.56817753	     37.13195495	      5.82397040	      0.00000000	    -31.36043888	      1.19666227	      1.72261141	     15.63381644	    -11.04776445	    -10.09495698	     28.07518744	     96.51931977	     10.44854331	    -13.23569333	      3.21715157	     34.47940575	     99.24869711
      5.15000000	     -8.62666891	      0.16231556	     -0.02810754	     -0.60891306	      0.76176555	     -0.16842888	     51.38623292	     -9.53252142	     -8.15493187	     78.75159912	     37.58452328	     -0.92482840	      0.00000000	     50.70003458	    -11.18321392	     -8.99999138	     78.41149256	     37.61735372	      5.51684517	      0.00000000	    -34.25730289	      0.94319289	      2.45590733	     16.66384913	    -11.19968884	    -12.47652894	     29.40011124	     96.10366205	     12.45347138	    -13.67607396	      5.31458612	     34.43494319	     99.49933129
      5.16666670	     -8.46077904	      0.23248804	     -0.24875908	     -0.61178388	      0.75501415	     -0.16757830	     52.56145064	     -9.50148774	     -7.80278539	     80.32007066	     37.97897091	     -1.03889881	      0.00000000	     51.82342621	    -11.17736384	     -8.59855211	     79.94422229	     38.04319107	      5.30532555	      0.00000000	    -36.57345024	      0.80845342	      2.69341868	     18.06100845	    -11.46777192	    -12.53308696	     29.64568557	     96.10423801	     13.74144101	    -13.88078642	      5.21607789	     34.59663303	     99.47080464
      5.18333330	     -7.81187150	      0.40230427	     -0.50010059	     -0.61436986	      0.75375433	     -0.16723555	     52.76643589	     -9.56163857	     -7.42506287	     81.39608533	     38.17657140	     -1.11737801	      0.00000000	     51.92517623	    -11.13561636	     -8.44434352	     80.94041205	     38.51622740	      5.36530816	      0.00000000	    -39.48885735	      0.50345465	      3.08683752	     19.38909142	    -11.80467864	    -12.69999122	     29.89303864	     96.09514081	     15.26944779	    -14.00331149	      5.26026722	     34.87548282	     99.42693161
      5.20000000	     -7.35785994	      0.49614888	     -0.59643261	     -0.61474977	      0.74624828	     -0.16693930	     53.14444033	     -9.70341696	     -7.19354301	     82.53925290	     38.61838694	     -1.02187863	      0.00000000	     52.37105487	    -11.12330371	     -8.15012032	     82.27852378	     38.91311415	      5.23506094	      0.00000000	    -41.87693742	      0.38070144	      3.22458249	     20.47614074	    -12.02188440	    -12.86594275	     30.20707945	     96.06638715	     16.54313872	    -14.20024121	      5.39150338	     35.03881157	     99.40818346
      5.21666670	     -7.30559645	      0.54471089	     -0.67696379	     -0.61823091	      0.74060427	     -0.16609600	     53.94872915	     -9.71643749	     -6.98777536	     83.68254678	     38.82467324	     -1.07915471	      0.00000000	     53.10487997	    -11.10837367	     -7.82371811	     83.55077932	     39.11669709	      5.20646540	      0.00000000	    -43.60749781	      0.31870636	      3.27399526	     21.45339972	    -12.20694801	    -12.91319302	     30.43002775	     96.05600442	     17.60090140	    -14.39684217	      5.33305789	     35.19500852	     99.39589998
      5.23333330	     -6.68494675	      0.62975375	     -0.69937879	     -0.61826901	      0.73684603	     -0.16653966	     53.80359380	     -9.79527199	     -6.78021456	     84.50776079	     39.87392853	     -0.61726718	      0.00000000	     52.92269564	    -11.16879414	     -7.76662118	     84.37015318	     39.62992175	      5.27406240	      0.00000000	    -46.05696209	      0.21661703	      3.52937319	     22.35146962	    -12.51380256	    -13.15286642	     30.68275419	     95.99594278	     18.94349364	    -14.51290710	      5.64646931	     35.25812084	     99.38953285
      5.25000000	     -6.61750146	      0.64400217	     -0.61803460	     -0.62063056	      0.73220135	     -0.16578890	     54.48080086	     -9.87354840	     -6.64878484	     85.55190106	     40.11157626	     -0.69204517	      0.00000000	     53.55195803	    -11.22879639	     -7.54500715	     85.53125317	     39.77293587	      5.12908772	      0.00000000	    -47.48761179	      0.18126314	      3.54845346	     23.08789704	    -12.63437422	    -13.19525428	     30.84605208	     95.98328704	     19.86820404	    -14.65071119	      5.64063623	     35.36229501	     99.37980974
      5.26666670	     -6.24389922	      0.61829090	     -0.47538711	     -0.61913820	      0.72813233	     -0.16495381	     54.39758747	     -9.94914674	     -6.63093423	     86.38035904	     40.72136871	     -0.73051554	      0.00000000	     53.95087802	    -11.44245828	     -7.46524763	     86.70906943	     39.48592593	      4.61909486	      0.00000000	    -48.89543117	      0.19406282	      3.73380632	     23.38069870	    -12.75678721	    -13.32310389	     30.88655823	     95.94493399	     20.58713679	    -14.61149539	      5.82776236	     35.31205784	     99.36749806
      5.28333330	     -5.97296843	      0.61832819	     -0.31461666	     -0.61938835	      0.72672869	     -0.16521531	     54.34955848	    -10.08935638	     -6.67782788	     86.82154408	     40.79692270	     -0.66704246	      0.00000000	     54.06960453	    -11.48227285	     -7.45877266	     87.34765086	     39.64092031	      4.60897396	      0.00000000	    -50.16089630	      0.20938012	      3.84864894	     23.68100716	    -12.87062430	    -13.47784281	     30.99055855	     95.89581337	     21.32744501	    -14.51477544	      6.07484474	     35.09309721	     99.33891982
      5.30000000	     -5.69441911	      0.62199977	     -0.22366457	     -0.61821371	      0.72678351	     -0.16503801	     54.02639060	    -10.17441729	     -6.69516644	     87.02663766	     40.81136913	     -0.66612440	      0.00000000	     53.80511892	    -11.59779042	     -7.57027484	     87.49093463	     39.66439172	      4.83727696	      0.00000000	    -51.16689431	      0.15843504	      3.95738736	     23.88913104	    -12.88100079	    -13.56964350	     31.01468221	     95.86834071	     21.78463381	    -14.37410473	      6.21315922	     34.93892676	     99.29563220
      5.31666670	     -5.66138584	      0.63228796	     -0.06497664	     -0.62066754	      0.72665151	     -0.16514299	     54.09051422	    -10.32158744	     -6.74983943	     87.26623214	     40.72810532	     -0.86462473	      0.00000000	     53.83719665	    -11.54607135	     -7.57750509	     87.41506020	     39.64029575	      4.99257358	      0.00000000	    -51.72121465	      0.14748335	      3.91019647	     24.10889180	    -12.80026440	    -13.56424367	     31.10232411	     95.86506743	     22.17654819	    -14.27178138	      6.24507435	     34.97896692	     99.28061693
      5.33333330	     -5.23074863	      0.68080136	      0.10429158	     -0.62033081	      0.72864893	     -0.16535854	     53.39777044	    -10.46838994	     -6.84986584	     87.09224856	     40.49226074	     -1.36983902	      0.00000000	     53.17464569	    -11.48444684	     -7.72914522	     87.06689885	     39.31134653	      5.01022274	      0.00000000	    -52.61616798	      0.14674419	      3.89318659	     24.19357765	    -12.74373776	    -13.59149322	     31.32924472	     95.85858632	     22.60038422	    -14.15002791	      6.33780026	     34.95879226	     99.23010908
      5.35000000	     -5.26287432	      0.66614186	      0.17662016	     -0.61836295	      0.72669498	     -0.16507531	     53.38164721	    -10.47996176	     -6.89352699	     87.18269895	     40.50742781	     -1.38725090	      0.00000000	     53.14164616	    -11.53423882	     -7.70712248	     87.03957627	     39.27623012	      5.00834795	      0.00000000	    -52.69914926	      0.13706921	      3.87601116	     24.13539838	    -12.66981800	    -13.57886693	     31.32183229	     95.86028340	     22.59645671	    -14.07573587	      6.35373238	     34.96931094	     99.22880380
      5.36666670	     -4.98651939	      0.57782737	      0.23450401	     -0.62015571	      0.73062672	     -0.16508327	     52.69300248	    -10.43627000	     -7.14117247	     86.69717963	     40.47073066	     -1.85617338	      0.00000000	     52.69683336	    -11.38412195	     -7.52698849	     86.77752451	     38.86512794	      4.68339000	      0.00000000	    -53.00986497	      0.18947643	      3.96981075	     23.92177852	    -12.56123979	    -13.56548817	     31.80773818	     95.87770245	     22.72460616	    -13.85881761	      6.31128551	     35.23934572	     99.17262897
      5.38333330	     -4.76207990	      0.64763620	      0.13018939	     -0.61871482	      0.73485279	     -0.16628352	     52.22286693	    -10.39990596	     -7.02152491	     86.25932201	     39.99129305	     -1.95540078	      0.00000000	     52.06045858	    -11.21894278	     -7.67421635	     86.18663791	     38.64995547	      4.46768003	      0.00000000	    -53.10534221	      0.09530463	      3.99069664	     23.58934007	    -12.46049121	    -13.57999714	     32.34186825	     95.90899993	     22.55883309	    -13.65058318	      6.18893879	     35.44866013	     99.11038792
      5.40000000	     -4.51356668	      0.66432433	      0.05426069	     -0.61989202	      0.73858914	     -0.16548684	     51.51595948	    -10.29947769	     -7.06727626	     85.47711668	     39.67351040	     -2.13084179	      0.00000000	     51.35807225	    -11.12133765	     -7.79139533	     85.44974558	     38.05951166	      4.04860611	      0.00000000	    -52.98137651	      0.00408222	      4.01232484	     23.18645904	    -12.27905126	    -13.61679324	     33.01474477	     95.97115434	     22.33813115	    -13.45932886	      5.94407945	     35.81094940	     99.03792064
      5.41666670	     -4.42524142	      0.63997320	     -0.12218391	     -0.62083924	      0.74195929	     -0.16458868	     51.20301423	    -10.02865366	     -7.01939345	     84.77480902	     39.12666909	     -2.21058164	      0.00000000	     51.01603200	    -11.13410668	     -7.90695591	     84.74809604	     37.50664688	      3.82678239	      0.00000000	    -52.51822954	     -0.08938973	      4.05339237	     22.73830545	    -12.08650952	    -13.61518430	     33.43325194	     96.03296010	     21.97184251	    -13.39260314	      5.75526914	     36.02945692	     99.00519736
      5.43333330	     -4.47128972	      0.61050567	     -0.15103645	     -0.62265373	      0.74809375	     -0.16548491	     50.54963161	     -9.85736136	     -7.16623708	     83.41467801	     38.44742118	     -2.30817391	      0.00000000	     50.62183446	    -11.03268451	     -8.01952735	     83.65662483	     36.75939566	      3.68307949	      0.00000000	    -51.82584795	     -0.07077135	      4.06356480	     22.28839418	    -11.93752669	    -13.59266483	     33.74632451	     96.09606759	     21.64380292	    -13.29203010	      5.62419994	     36.22555105	     98.99622621
      5.45000000	     -4.40813723	      0.55206600	     -0.19729872	     -0.62192804	      0.75653886	     -0.16531019	     49.44130388	     -9.51537481	     -7.30545855	     81.42694060	     37.96036609	     -2.34309955	      0.00000000	     49.58102874	    -10.94267507	     -8.20180366	     81.91310295	     36.05347482	      3.37075085	      0.00000000	    -51.22295511	     -0.08361656	      4.07952054	     21.67579352	    -11.74641530	    -13.54119246	     34.21639695	     96.22665897	     21.30757865	    -13.16657782	      5.41820201	     36.52435329	     99.01338856
      5.46666670	     -4.59271113	      0.52823763	     -0.26374353	     -0.62116534	      0.76588448	     -0.16526611	     48.66620729	     -9.30735579	     -7.50122210	     79.41308614	     37.16491512	     -2.01168390	      0.00000000	     48.81215023	    -10.75689537	     -8.38867673	     80.03144317	     35.58482254	      3.74548483	      0.00000000	    -50.30138900	     -0.09176028	      4.00345633	     21.11920744	    -11.52908714	    -13.48725818	     34.30939540	     96.29290071	     20.92858965	    -13.09824789	      5.39031537	     36.61533956	     99.04103988
      5.48333330	     -4.45076255	      0.48461869	     -0.38417279	     -0.61833354	      0.77457776	     -0.16478954	     47.19252868	     -8.96010126	     -7.61898661	     77.23633487	     36.19144233	     -2.31832068	      0.00000000	     47.28775344	    -10.75009405	     -8.77889301	     77.95985066	     34.69892877	      3.58019079	      0.00000000	    -49.62468076	     -0.13310693	      3.94062107	     20.48967129	    -11.27565776	    -13.37943498	     34.49202537	     96.44663087	     20.40075079	    -13.03627788	      5.32140476	     36.69283092	     99.11324268
      5.50000000	     -4.65619750	      0.54105662	     -0.52936567	     -0.61666606	      0.78044913	     -0.16495404	     46.12646588	     -8.80369987	     -7.73285369	     75.14024947	     35.23934531	     -2.32149158	      0.00000000	     46.10519379	    -10.67549195	     -9.30294463	     75.86328442	     33.78770186	      3.59083398	      0.00000000	    -48.34529528	     -0.22217697	      3.79555045	     19.83422008	    -11.03778294	    -13.29189700	     34.49115316	     96.54274823	     19.79376542	    -13.06074795	      5.33349487	     36.59243223	     99.16820749
      5.51666670	     -4.60003859	      0.56845692	     -0.72712350	     -0.61335663	      0.79292999	     -0.16373234	     44.41721926	     -8.41184470	     -7.76876324	     72.33998507	     34.37634811	     -2.13188585	      0.00000000	     44.37468720	    -10.53805487	     -9.73591066	     73.29518897	     32.90274098	      3.28113129	      0.00000000	    -47.27657397	     -0.37518959	      3.65023872	     19.14527665	    -10.68737592	    -13.11262227	     34.40479332	     96.70611932	     19.12039470	    -13.08408691	      5.33497015	     36.40923708	     99.25548361
      5.53333330	     -4.56116836	      0.52954862	     -0.89471418	     -0.61088785	      0.80294248	     -0.16356308	     42.71709847	     -8.03796742	     -7.95048008	     69.64696690	     33.56404967	     -1.73354819	      0.00000000	     42.48627344	    -10.39444899	    -10.04641621	     70.58171490	     32.09086827	      3.27405901	      0.00000000	    -46.03705588	     -0.47151448	      3.58659923	     18.43419737	    -10.41674746	    -12.85170200	     34.16736469	     96.88289995	     18.32541024	    -13.05457204	      5.34265133	     36.09384197	     99.33696229
      5.55000000	     -4.69411072	      0.64494137	     -0.89765490	     -0.60995838	      0.81117514	     -0.16484139	     41.36174553	     -7.91935377	     -8.05222748	     67.26369851	     32.53575448	     -1.92217784	      0.00000000	     41.01520606	    -10.04171443	    -10.56331445	     67.93222615	     31.03711220	      3.09832005	      0.00000000	    -44.52241598	     -0.57288108	      3.36451584	     17.70164976	    -10.20198824	    -12.50904407	     33.85420495	     97.06358415	     17.62744807	    -13.05757191	      5.40143565	     35.79319175	     99.42181944
      5.56666670	     -4.94919357	      0.61630254	     -0.91874897	     -0.60044071	      0.81479960	     -0.16528345	     39.85272028	     -7.83644795	     -8.34622237	     64.89209494	     31.72284121	     -1.80834476	      0.00000000	     39.87660829	     -9.92450551	    -10.90087084	     66.04004027	     30.20317972	      3.16058634	      0.00000000	    -42.40289055	     -0.48391925	      3.21012861	     16.60467804	    -10.00274293	    -12.31848451	     33.45181805	     97.15526270	     16.36782050	    -12.95816199	      5.48221666	     35.33637309	     99.46100620
      5.58333330	     -5.43525415	      0.70209093	     -0.94629812	     -0.59910733	      0.81903183	     -0.16417099	     39.06315138	     -7.69571363	     -8.36860031	     62.95251968	     30.99485488	     -2.39955895	      0.00000000	     39.06108545	     -9.68408230	    -11.32094621	     63.96739280	     29.96595675	      3.55637549	      0.00000000	    -39.91129413	     -0.57068811	      2.84248288	     15.66410707	     -9.66860121	    -11.73109001	     32.70077284	     97.37610947	     15.18572235	    -12.94314364	      5.46135197	     34.49301857	     99.49688344
      5.60000000	     -6.37000859	      0.76327780	     -1.07326141	     -0.59426328	      0.82156545	     -0.16552372	     38.96044560	     -7.67655091	     -8.53487470	     61.26383744	     30.20295883	     -2.19509985	      0.00000000	     38.61277603	     -9.47017111	    -11.76553179	     61.85890354	     30.04924838	      4.42774211	      0.00000000	    -36.65609658	     -0.57982219	      2.66583214	     14.41821318	     -9.50040555	    -11.19182777	     31.92812406	     97.53801011	     13.70482564	    -12.85383149	      5.48767079	     33.98753414	     99.50295565
      5.61666670	     -7.19419241	      0.75683233	     -1.12764487	     -0.59046340	      0.82882378	     -0.16678224	     38.34734961	     -7.57422636	     -8.88055118	     58.89580084	     29.09139317	     -2.02807084	      0.00000000	     37.87717357	     -9.13545776	    -12.05301278	     59.28161398	     29.87595801	      4.90440549	      0.00000000	    -33.59308111	     -0.48084241	      2.48161722	     13.18973650	     -9.35158428	    -10.93919482	     31.51118048	     97.59709142	     12.19239325	    -12.73312161	      5.58124440	     33.48952402	     99.50421657
      5.63333330	     -8.31024993	      0.57245713	     -1.21872446	     -0.58836250	      0.83916813	     -0.16817844	     37.82542125	     -7.04106461	     -9.05032990	     55.83692411	     27.90072683	     -2.33239938	      0.00000000	     37.35804462	     -8.84059466	    -11.97108269	     56.54839670	     28.93220355	      4.83855911	      0.00000000	    -29.87258392	     -0.18915106	      2.27675414	     11.98954780	     -9.10124929	    -10.19018520	     30.38591730	     97.72877560	     10.53825215	    -12.47455064	      5.65309072	     32.44477317	     99.44490913
      5.65000000	     -8.90595015	      0.49821721	     -1.26666949	     -0.58177303	      0.84662053	     -0.16952072	     36.44389066	     -6.81338395	     -9.52007310	     52.49064571	     26.55778234	     -1.82441099	      0.00000000	     36.02647400	     -8.48237761	    -12.24047051	     53.29885427	     27.78170514	      5.25999185	      0.00000000	    -26.76871801	     -0.03634303	      2.19255542	     10.57090903	     -8.95390002	     -9.92812431	     29.86542363	     97.76088162	      8.93826040	    -12.22806763	      5.78803369	     32.02125923	     99.42974226
      5.66666670	     -9.69305538	      0.43938619	     -1.42097427	     -0.58331328	      0.85797323	     -0.17184754	     35.49345614	     -6.41556469	     -9.63131708	     48.88452049	     24.57770919	     -2.37492162	      0.00000000	     34.92957138	     -7.85731593	    -12.22309698	     49.64109108	     26.37697822	      4.76180470	      0.00000000	    -23.59641554	      0.14932175	      1.91232497	      9.65854310	     -8.83569334	     -8.96224918	     28.81848030	     97.83878438	      7.47613545	    -11.92193191	      5.94993429	     31.21262119	     99.32080121
      5.68333330	    -10.40610140	      0.32085399	     -1.43282621	     -0.58219183	      0.86454179	     -0.17256987	     34.44543655	     -6.02431828	     -9.90455501	     45.35273307	     22.84318951	     -2.36197370	      0.00000000	     34.17239400	     -7.33783836	    -12.06665338	     46.37252323	     24.66550106	      4.20503318	      0.00000000	    -20.63841562	      0.41040604	      1.73988391	      8.60671575	     -8.83128602	     -8.06107515	     28.23411677	     97.85354363	      6.14030290	    -11.66096312	      6.19228023	     31.08329947	     99.21980004
      5.70000000	    -11.12202406	      0.36756582	     -1.38113194	     -0.57784359	      0.87479207	     -0.17350992	     33.32166583	     -5.70426521	     -9.99598479	     41.60295695	     21.28821439	     -1.83090883	      0.00000000	     33.29252789	     -6.72227712	    -12.19770633	     42.95943791	     23.10543893	      4.45788389	      0.00000000	    -17.96680825	      0.44312284	      1.58031385	      7.50582828	     -8.66765276	     -7.70220657	     28.02287257	     97.84633341	      4.87192913	    -11.46559674	      6.38506983	     31.01481860	     99.19306296
      5.71666670	    -11.84412748	      0.36026796	     -1.23189100	     -0.57564697	      0.88349667	     -0.17486377	     32.07641637	     -5.29403526	    -10.02683208	     37.52040643	     19.41764647	     -2.20143317	      0.00000000	     32.44267801	     -5.95287561	    -11.85948100	     39.35169033	     20.84098449	      3.42384677	      0.00000000	    -15.39043548	      0.53848348	      1.29250863	      6.51908955	     -8.60653746	     -6.83640958	     27.66243137	     97.80861679	      3.69373375	    -11.33229730	      6.77563539	     31.16425437	     99.12235801
      5.73333330	    -12.28112343	      0.50544087	     -1.10831383	     -0.57282573	      0.89594559	     -0.17511943	     30.23057695	     -4.86924366	     -9.70107402	     32.87768013	     17.46620472	     -2.15673223	      0.00000000	     30.86537572	     -5.03061652	    -11.74191815	     34.89494536	     18.32014297	      3.06561420	      0.00000000	    -13.28186662	      0.37830224	      1.05847539	      5.62530891	     -8.44578703	     -5.96875394	     27.36716684	     97.73812931	      2.72539996	    -11.24162305	      7.17434940	     31.29849200	     99.04591391
      5.75000000	    -12.47385817	      0.63893640	     -0.94847817	     -0.57063934	      0.90512852	     -0.17693691	     28.03630167	     -4.49312263	     -9.29558338	     28.14079201	     15.59355810	     -2.07717034	      0.00000000	     28.92567416	     -4.07860116	    -11.54573133	     30.29505889	     15.94391394	      3.00997159	      0.00000000	    -11.60056358	      0.25904524	      0.83455755	      4.80620224	     -8.33824078	     -5.17588353	     27.14063406	     97.63907938	      1.83084193	    -11.15323665	      7.57566679	     31.49273850	     98.96865337
      5.76666670	    -13.05427205	      0.70814446	     -0.98255003	     -0.56908682	      0.90639687	     -0.17727134	     26.58980120	     -4.08829244	     -8.95198267	     23.91276376	     14.25345605	     -1.52707009	      0.00000000	     27.56931356	     -3.36675495	    -11.28126114	     26.18662562	     14.58591891	      3.55641652	      0.00000000	     -9.34389383	      0.17202384	      0.86179475	      3.80341126	     -8.24216592	     -4.87818709	     27.00640784	     97.61622965	      0.88175150	    -10.97205513	      7.76183074	     31.66064117	     98.95344067
      5.78333330	    -12.72454140	      0.78270732	     -1.09753113	     -0.56419170	      0.91658214	     -0.17839722	     23.89115061	     -3.59070288	     -7.98689833	     19.21247538	     12.05257054	     -2.08396709	      0.00000000	     24.89992858	     -2.50276237	    -10.47286611	     21.59331746	     12.62150031	      3.06715169	      0.00000000	     -8.50443014	      0.13316290	      0.84771038	      3.30787359	     -8.23270116	     -3.94359566	     26.75299208	     97.54210942	      0.16723986	    -10.86729745	      8.11690343	     32.02318301	     98.88136386
      5.80000000	    -13.15365312	      0.83206728	     -1.20741850	     -0.56356409	      0.92487270	     -0.17935843	     22.25438844	     -3.20735220	     -7.60369111	     14.98805173	     10.13167607	     -1.51184186	      0.00000000	     23.21594253	     -1.87811408	    -10.22063356	     17.40484840	     10.87606262	      3.50888870	      0.00000000	     -6.63654147	      0.10595927	      0.87049372	      2.47582892	     -8.13800332	     -3.58395250	     26.61400507	     97.52077489	     -0.73281200	    -10.69954774	      8.27985523	     32.17262484	     98.86328205
      5.81666670	    -12.41573908	      0.97346079	     -1.36765506	     -0.56224478	      0.92994513	     -0.18037576	     19.50427028	     -2.92479378	     -6.52828312	     11.11748609	      8.36825734	     -1.92844461	      0.00000000	     20.22881657	     -1.09629480	     -9.39327544	     13.12071409	      8.88374637	      2.75578503	      0.00000000	     -6.61709788	     -0.10761361	      0.89012963	      2.20628572	     -8.14430221	     -2.67697927	     26.39934610	     97.46451999	     -1.28252777	    -10.66201195	      8.53247002	     32.59879368	     98.80929147
      5.83333330	    -12.69932660	      1.03001238	     -1.56085107	     -0.55745764	      0.93332547	     -0.18138969	     17.97308788	     -2.69719538	     -6.17703530	      7.89399900	      6.74360755	     -1.25814989	      0.00000000	     18.63828470	     -0.62661838	     -9.25094511	      9.56616357	      7.23734278	      3.22034355	      0.00000000	     -5.03195186	     -0.12201205	      0.92286678	      1.44594791	     -8.09212672	     -2.34937853	     26.32078059	     97.44614739	     -2.09419742	    -10.53308915	      8.65532418	     32.79667878	     98.80014816
      5.85000000	    -11.95073208	      1.04957253	     -1.86450431	     -0.55914067	      0.93667024	     -0.18027191	     15.47426752	     -2.39678807	     -5.35776715	      4.59603472	      5.26077206	     -1.41522851	      0.00000000	     16.09774550	     -0.22637756	     -8.65181248	      6.31796957	      6.03554715	      2.79805366	      0.00000000	     -5.23368947	     -0.21178150	      1.06009197	      1.26657708	     -8.20764714	     -1.50604663	     26.34485187	     97.39218094	     -2.45950021	    -10.51900810	      8.86490753	     33.39848475	     98.78443927
      5.86666670	    -11.70254018	      1.02399666	     -2.19214706	     -0.55698598	      0.93878291	     -0.17977723	     13.71805041	     -2.09572580	     -4.70920675	      1.69207240	      3.90623316	     -1.07936536	      0.00000000	     14.38033691	     -0.01816413	     -8.18582692	      3.61387977	      5.22700564	      3.08828514	      0.00000000	     -4.72773906	     -0.25034898	      1.19898022	      0.96795264	     -8.26269857	     -0.82848855	     26.38082035	     97.31881076	     -2.97185203	    -10.50596334	      8.98365598	     33.69024453	     98.77437506
      5.88333330	    -11.74322914	      1.21027646	     -2.51397966	     -0.55428465	      0.94232820	     -0.17968176	     12.93156993	     -2.07739898	     -4.20484561	      0.00000000	      3.28757025	     -0.49493356	      0.00000000	     13.37770618	      0.32912921	     -8.12308294	      1.60957961	      4.18609406	      3.00483961	      0.00000000	     -4.01235833	     -0.53126331	      1.40494137	      0.58660407	     -8.18170882	     -0.46892157	     26.32426345	     97.26118307	     -3.37480824	    -10.55527984	      9.06439702	     33.92511879	     98.77927664
      5.90000000	    -11.83211228	      1.39712244	     -2.88836951	     -0.55398650	      0.93693770	     -0.17871698	     13.01440624	     -2.13611925	     -3.79065836	      0.00000000	      3.53932800	     -0.06991974	      0.00000000	     12.74387242	      0.55742590	     -8.07772415	      0.35637769	      3.65815689	      2.82530524	      0.00000000	     -3.32838351	     -0.80739429	      1.68612941	      0.39847035	     -8.16240965	     -0.25762654	     26.31011457	     97.23029283	     -3.57555637	    -10.61666942	      9.14966622	     34.14452247	     98.79467536
      5.91666670	    -11.81509708	      1.39587830	     -3.10746601	     -0.55417135	      0.93366684	     -0.17901374	     12.94462474	     -2.06183713	     -3.62425858	      0.00000000	      3.64502000	      0.04511388	      0.00000000	     12.45365621	      0.56361291	     -7.92956975	      0.00000000	      3.72374957	      2.71446423	      0.00000000	     -2.94251321	     -0.85387891	      1.82669249	      0.25248344	     -8.12959407	     -0.18086812	     26.27873350	     97.22171393	     -3.70301706	    -10.63595451	      9.18917192	     34.20999580	     98.80307996
      5.93333330	    -11.78168977	      1.31624400	     -3.07524765	     -0.55221861	      0.93175544	     -0.17919457	     12.81939017	     -1.93996367	     -3.56090245	      0.00000000	      3.71977694	      0.04448028	      0.00000000	     12.33334999	      0.50694079	     -7.99551852	      0.00000000	      3.77451770	      2.60567828	      0.00000000	     -2.70452619	     -0.97063086	      1.78224123	      0.14008086	     -8.15832158	     -0.16915391	     26.25006165	     97.21876111	     -3.69693707	    -10.61998224	      9.20536761	     34.24414004	     98.80614107
      5.95000000	    -11.69050628	      1.27229157	     -3.18124723	     -0.55548956	      0.92833409	     -0.18067429	     12.64880647	     -1.88763685	     -3.48438600	      0.00000000	      3.90685532	     -0.05653060	      0.00000000	     12.12264212	      0.53146637	     -8.04224062	      0.00000000	      3.97281881	      2.37375097	      0.00000000	     -2.35330574	     -0.83000195	      1.83414577	     -0.03789613	     -8.19342986	     -0.14294155	     26.18311574	     97.21507324	     -3.76648768	    -10.66807247	      9.21819992	     34.25752210	     98.81081411
      5.96666670	    -11.66678734	      1.14504991	     -3.38257683	     -0.55533913	      0.93211930	     -0.18044503	     12.67739908	     -1.69126580	     -2.45706267	      0.00000000	      3.95700248	     -1.22510827	      0.00000000	     12.04825765	      0.41700739	     -7.39726825	      0.00000000	      3.94858299	      0.79599266	      0.00000000	     -2.21509536	     -0.80828550	      2.48608087	     -0.25929388	     -8.35675538	      0.15675778	     25.85885338	     97.14108597	     -3.45756957	    -10.55277973	      9.53800604	     34.11684567	     98.89740514
      5.98333330	    -11.63234503	      1.10865093	     -3.36702015	     -0.55825534	      0.92862487	     -0.18094534	     12.73747452	     -1.66050003	     -2.45194836	      0.00000000	      3.95367532	     -1.22846383	      0.00000000	     11.98817693	      0.44379272	     -7.39763026	      0.00000000	      3.94990827	      0.79255119	      0.00000000	     -2.20795486	     -0.80742011	      2.48505484	     -0.25748672	     -8.36372126	      0.15602232	     25.85913148	     97.14054741	     -3.45813293	    -10.55611324	      9.53856346	     34.11403307	     98.89771085
      6.00000000	    -10.78121250	      0.72921325	     -3.43368375	     -0.55794613	      0.93013591	     -0.18127039	     11.86838922	     -1.26415894	     -1.17309349	      0.00000000	      2.74954560	     -3.72326349	      0.00000000	     11.20344232	      0.07043156	     -6.57670695	      0.34411392	      3.73415072	     -0.67066474	      0.00000000	     -3.43629717	     -0.37292675	      2.54368979	      0.27032914	     -8.64228690	      0.27635959	     25.85826744	     97.02085362	     -2.76798265	    -10.38764287	      9.72645591	     33.35045521	     98.98361976
      6.01666670	    -10.35534092	      0.37409915	     -3.25523614	     -0.55411362	      0.92784538	     -0.18232497	     11.43303248	     -0.97403954	     -0.90606927	      0.00000000	      1.88002111	     -4.74185878	      0.00000000	     11.35338605	     -0.34667293	     -6.28867423	      1.97197587	      4.55296795	     -1.26447760	      0.00000000	     -3.99413381	      0.08439877	      2.51773573	      0.35279367	     -8.87282412	      0.25365423	     25.75950665	     96.96129841	     -2.53167437	    -10.23688262	      9.73945943	     33.09997492	     99.00328038
      6.03333330	    -10.51010329	      0.16014720	     -3.30966123	     -0.56431274	      0.92280220	     -0.18116604	     12.94503949	     -0.72900238	     -0.02695574	      2.15208197	      1.85194747	     -7.10420275	      0.00000000	     12.77489332	     -0.77255915	     -6.22007861	      4.14785953	      4.81728063	     -2.53156301	      0.00000000	     -4.24184276	      0.32773072	      2.67882326	      0.68217978	     -9.03177788	      0.24537266	     25.81740051	     96.85954299	     -1.93532749	    -10.11431595	      9.61097087	     32.54597357	     99.02656347
      6.05000000	    -10.76881421	      0.05323847	     -3.31920555	     -0.56186674	      0.92078062	     -0.18083269	     15.04883319	     -0.64758733	      0.20347378	      5.49171855	      2.63045864	     -8.42512980	      0.00000000	     14.64804117	     -1.16215084	     -6.29850873	      7.13023943	      5.39973767	     -3.59000679	      0.00000000	     -4.42180236	      0.48431195	      2.68587932	      1.04017388	     -9.09592866	      0.12789584	     25.87896915	     96.78994510	     -1.53674661	    -10.03368932	      9.43498504	     32.13355701	     99.02859098
      6.06666670	    -11.12506830	      0.04681124	     -3.20471427	     -0.56203953	      0.92157845	     -0.18172802	     17.30941640	     -0.72878554	      0.15977484	      9.05627805	      3.87819696	     -9.33833331	      0.00000000	     16.95756679	     -1.47544683	     -6.60279875	     10.69412538	      6.23889184	     -4.51282766	      0.00000000	     -4.49344197	      0.55271030	      2.66751797	      1.18774996	     -9.13861282	     -0.07093026	     25.97285400	     96.74192783	     -1.21927533	     -9.96648740	      9.21176207	     31.81480824	     99.01462476
      6.08333330	    -11.35710278	     -0.06084781	     -3.16622919	     -0.56077462	      0.91520949	     -0.18073952	     19.44539228	     -0.74377498	     -0.02770653	     12.75495466	      5.09228347	    -10.05689875	      0.00000000	     19.35232549	     -2.05463129	     -7.02986124	     14.94686842	      7.45862206	     -5.18333337	      0.00000000	     -4.66367923	      0.74680857	      2.70401417	      1.36589741	     -9.20449677	     -0.29436816	     25.95215445	     96.71713172	     -0.95804572	     -9.92459098	      8.95157899	     31.55948363	     98.99081548
      6.10000000	    -11.84102205	     -0.07436029	     -3.15827623	     -0.56459440	      0.90592711	     -0.18117667	     22.11806302	     -0.87834918	     -0.33523856	     16.85359392	      6.81394857	    -10.63263002	      0.00000000	     22.26830593	     -2.61506567	     -7.60016789	     19.56898054	      9.10702366	     -5.70864035	      0.00000000	     -4.62670220	      0.85745156	      2.86813670	      1.54438397	     -9.31472635	     -0.51717798	     25.97289298	     96.71236638	     -0.68941145	     -9.90041688	      8.67931367	     31.39745459	     98.96398757
      6.11666670	    -12.36837023	     -0.04165149	     -3.15464782	     -0.56801389	      0.89742028	     -0.18099078	     24.99929449	     -1.14060437	     -0.79325657	     21.12822434	      8.60251997	    -10.95512214	      0.00000000	     25.37249907	     -3.22168353	     -8.35730306	     24.38330796	     10.94400051	     -6.01371554	      0.00000000	     -4.65166676	      0.92756336	      2.91844999	      1.76284713	     -9.41981076	     -0.78472825	     26.07567524	     96.71196415	     -0.43377335	     -9.97275784	      8.40820385	     31.44143947	     98.94343298
      6.13333330	    -13.07114460	      0.00970672	     -3.26658910	     -0.57147256	      0.88664338	     -0.18120483	     28.75631794	     -1.49422637	     -1.30302142	     26.54527194	     10.77881807	    -11.04583912	      0.00000000	     28.78079040	     -3.95062365	     -9.03671443	     29.57744841	     13.33926638	     -5.87191726	      0.00000000	     -4.56308151	      1.00625075	      2.96817209	      2.00115649	     -9.56605000	     -1.10124437	     26.25368686	     96.71838737	     -0.31122834	    -10.05174881	      8.12252215	     31.65190881	     98.93316770
      6.15000000	    -13.73386955	      0.12788567	     -3.29570193	     -0.57533121	      0.87963783	     -0.18080092	     32.42543391	     -1.96735272	     -1.85427136	     31.97211054	     13.20879244	    -10.64800902	      0.00000000	     32.07842092	     -4.60062784	     -9.59180853	     34.60955514	     15.65537271	     -5.72627129	      0.00000000	     -4.65839246	      0.98085323	      3.00466678	      2.27362036	     -9.66368340	     -1.45573195	     26.40575290	     96.73023106	     -0.32570568	    -10.22265107	      7.78009033	     32.03815160	     98.93080641
      6.16666670	    -14.07400347	      0.11737979	     -3.23622043	     -0.57537901	      0.86976555	     -0.18031684	     35.40489806	     -2.47258799	     -2.62126244	     36.96737093	     15.55528584	     -9.81660590	      0.00000000	     35.00923984	     -5.36460750	     -9.99382872	     39.61887451	     18.03820255	     -5.21700087	      0.00000000	     -5.13521495	      1.09256409	      2.86100750	      2.60725040	     -9.72431600	     -1.88001208	     26.54699652	     96.73879772	     -0.34034923	    -10.37659641	      7.38734867	     32.48324810	     98.94688363
      6.18333330	    -14.16942021	      0.09304081	     -3.25405274	     -0.57776562	      0.86000768	     -0.18051048	     38.08595649	     -2.99273319	     -3.23452163	     41.89569201	     18.11517349	     -8.70350480	      0.00000000	     37.41006480	     -6.16277470	    -10.44959514	     44.26142466	     20.29135026	     -4.64133324	      0.00000000	     -5.92407438	      1.20031504	      2.73369305	      3.09541292	     -9.80962184	     -2.32687846	     26.69464659	     96.74679457	     -0.29032676	    -10.47190080	      6.94227503	     32.94418603	     98.97699618
      6.20000000	    -14.03053076	      0.04393765	     -3.23190870	     -0.57558308	      0.85060975	     -0.18068418	     39.95108205	     -3.54649381	     -3.89680181	     46.20445871	     20.56967006	     -7.54272895	      0.00000000	     39.15401016	     -6.86348872	    -10.68932267	     48.53120042	     22.72879192	     -3.95716532	      0.00000000	     -6.87663012	      1.32914428	      2.49149841	      3.60398021	     -9.85746237	     -2.82754658	     26.86522642	     96.73958592	     -0.28594926	    -10.56116337	      6.44635635	     33.35790327	     99.02811166
      6.21666670	    -13.70756398	     -0.03931836	     -3.24631594	     -0.57867457	      0.84010130	     -0.17959310	     41.36491529	     -4.00211460	     -4.48446980	     49.96707407	     22.94271907	     -6.44644917	      0.00000000	     40.60750487	     -7.57892214	    -10.83949625	     52.35929548	     25.20750181	     -3.05101770	      0.00000000	     -8.06257716	      1.44683322	      2.34675716	      4.17012681	     -9.86895578	     -3.31663883	     26.89314498	     96.72440827	     -0.13476256	    -10.70803912	      5.94632040	     33.71139671	     99.09654695
      6.23333330	    -13.36583113	     -0.07054519	     -3.08647210	     -0.58376421	      0.83130681	     -0.17771174	     42.97986452	     -4.52705937	     -4.99686500	     53.75372935	     24.92016027	     -5.50180883	      0.00000000	     42.11680223	     -8.22967894	    -11.02923624	     55.87904045	     26.89578334	     -2.38850208	      0.00000000	     -9.51740277	      1.40144520	      2.16753051	      4.90405016	     -9.79040936	     -3.80322518	     26.89012405	     96.69885821	      0.29633393	    -10.97310939	      5.49959912	     34.00250775	     99.19978337
      6.25000000	    -12.98633119	     -0.16387835	     -2.84548883	     -0.58314700	      0.82277668	     -0.17769635	     44.03231089	     -5.00397152	     -5.48054476	     56.89283341	     26.79740963	     -4.80323497	      0.00000000	     43.27421108	     -8.71950338	    -10.88120917	     58.84998831	     29.05231217	     -1.16228715	      0.00000000	    -10.99433428	      1.45003520	      1.89939531	      5.68618946	     -9.70955897	     -4.27592086	     26.74673050	     96.66355853	      0.86090746	    -11.21018652	      5.20525052	     34.05435729	     99.32546288
      6.26666670	    -12.44696206	     -0.22968526	     -2.61467800	     -0.58470931	      0.81866516	     -0.17670159	     44.80348299	     -5.44064503	     -6.04527894	     59.60147317	     28.43767650	     -4.04818208	      0.00000000	     44.08947227	     -9.23220207	    -10.94993476	     61.19647988	     30.22622593	     -0.39323331	      0.00000000	    -12.96173490	      1.39770672	      1.77187924	      6.60719122	     -9.59770197	     -4.74293865	     26.55268292	     96.62376216	      1.64334740	    -11.47260276	      5.02324249	     33.99144861	     99.45468429
      6.28333330	    -11.79521178	     -0.48356031	     -2.32717344	     -0.58595559	      0.81024451	     -0.17703141	     45.35614351	     -5.82187768	     -6.64493141	     62.45263196	     29.78252941	     -3.43301519	      0.00000000	     44.79550119	     -9.74143318	    -10.48835168	     63.87119838	     31.15962625	      0.11929490	      0.00000000	    -15.15554720	      1.57945351	      1.71749124	      7.60141596	     -9.59049031	     -5.25087904	     26.39201531	     96.56967422	      2.53695107	    -11.65027091	      5.01831424	     33.96539398	     99.60051612
      6.30000000	    -11.07257294	     -0.65498171	     -2.02094809	     -0.59175827	      0.80511408	     -0.17724356	     45.75342765	     -6.07897435	     -7.01514497	     64.74648918	     31.12997416	     -3.29012498	      0.00000000	     45.44494068	    -10.06668201	    -10.19827255	     66.10367603	     32.57880727	      1.01755252	      0.00000000	    -17.72557611	      1.61924652	      1.66434116	      8.62924877	     -9.56217795	     -5.78378558	     26.29896196	     96.50069628	      3.66420049	    -11.88483174	      5.17573392	     34.00720352	     99.75009532
      6.31666670	    -10.16938376	     -0.73845458	     -1.57136536	     -0.59979577	      0.80000227	     -0.17839681	     45.90998474	     -6.49250175	     -7.26912428	     66.66893185	     32.38840085	     -3.05252473	      0.00000000	     45.88502462	    -10.18033581	     -9.89215491	     68.18445744	     33.36927755	      1.34356986	      0.00000000	    -20.73965316	      1.60262864	      1.54930006	      9.96386852	     -9.57857015	     -6.35055218	     26.23805133	     96.42172738	      5.16527075	    -12.16147670	      5.55684190	     34.08260359	     99.90580382
      6.33333330	     -9.44410588	     -0.63535286	     -1.31580290	     -0.60111017	      0.79130628	     -0.17781254	     46.80236714	     -7.06130279	     -7.22834368	     69.37226492	     32.95007873	     -3.42069011	      0.00000000	     46.42324554	    -10.22996184	     -9.77073463	     70.09828625	     34.47349852	      1.99439232	      0.00000000	    -23.75154615	      1.38164817	      1.62133095	     11.21388507	     -9.61601454	     -6.95791546	     26.20507821	     96.33012395	      6.64675331	    -12.49985768	      6.04550027	     34.22513680	    100.03899343
      6.35000000	     -9.05879555	     -0.64236860	     -0.99003370	     -0.60775233	      0.78339359	     -0.17855826	     47.95410813	     -7.45425942	     -7.26705491	     71.57687480	     33.91451776	     -3.64946371	      0.00000000	     47.79742898	    -10.32463819	     -9.45491118	     72.45069489	     34.79531816	      1.73769136	      0.00000000	    -26.48569374	      1.38667086	      1.65391924	     12.40401455	     -9.74269744	     -7.26093439	     26.30750348	     96.27486597	      8.20293425	    -12.78190176	      6.24276668	     34.52264882	    100.08221233
      6.36666670	     -8.30294685	     -0.64403559	     -0.70567023	     -0.61368053	      0.78072039	     -0.17993316	     48.43913438	     -7.82384510	     -7.26688283	     73.12340357	     34.52611130	     -3.18195746	      0.00000000	     48.55153533	    -10.24555791	     -9.12120045	     74.21042622	     34.83894176	      1.61545316	      0.00000000	    -29.95551906	      1.44090816	      1.74270726	     13.94878921	     -9.95972974	     -8.05033397	     26.51136726	     96.10966227	     10.08180072	    -13.12694941	      7.04145058	     35.00828910	    100.21429109
      6.38333330	     -7.49631372	     -0.62642390	     -0.65969117	     -0.61492147	      0.77373552	     -0.18004076	     48.85350492	     -8.12645518	     -7.12412237	     75.05931305	     35.00367741	     -3.18738196	      0.00000000	     49.01307063	    -10.37096850	     -8.88358459	     76.14132291	     35.18546423	      1.57914976	      0.00000000	    -33.06921189	      1.44471449	      1.88507499	     15.30546204	    -10.11960455	     -8.69620071	     26.75105779	     95.97862486	     11.71099994	    -13.41697226	      7.66275529	     35.08854787	    100.27272459
      6.40000000	     -6.98783171	     -0.47125867	     -0.71714383	     -0.62129293	      0.76577317	     -0.18007708	     49.89347565	     -8.40908776	     -6.82021240	     77.16807754	     35.37485072	     -3.44370223	      0.00000000	     49.83242313	    -10.37900076	     -8.73224762	     77.99487837	     36.10053118	      1.98106737	      0.00000000	    -35.97712497	      1.21537416	      2.24991327	     16.57612604	    -10.42685474	     -9.26906764	     27.16477566	     95.85677229	     13.34255897	    -13.69103811	      8.09355290	     35.46750599	    100.27096790
      6.41666670	     -6.34295984	     -0.35224682	     -0.77144578	     -0.61827676	      0.75614110	     -0.17973121	     50.83716266	     -8.80674691	     -6.50463414	     79.61174095	     35.83381067	     -3.30906613	      0.00000000	     50.31162538	    -10.54464888	     -8.53918811	     80.06545977	     37.08984528	      2.52373981	      0.00000000	    -38.55633293	      1.15732358	      2.38565280	     17.67347895	    -10.62491044	     -9.72626629	     27.55265894	     95.75275996	     14.58518749	    -13.96041123	      8.39292867	     35.52583096	    100.23959518
      6.43333330	     -5.91851589	     -0.25891779	     -0.81501823	     -0.62339386	      0.75145047	     -0.17992632	     51.56400165	     -8.95621238	     -6.25280655	     81.30816243	     36.50296029	     -3.48764490	      0.00000000	     51.08623761	    -10.67732012	     -8.40011000	     81.87906540	     37.73400233	      2.59634447	      0.00000000	    -40.94385651	      1.03832421	      2.56828982	     18.81077317	    -10.86599990	     -9.94512837	     27.89389180	     95.70056532	     15.87933623	    -14.19415191	      8.46222253	     35.67780668	    100.20562660
      6.45000000	     -5.31169400	     -0.18345162	     -0.92049637	     -0.62519849	      0.74437950	     -0.17973033	     52.03709273	     -9.05111312	     -5.93897246	     82.93227844	     37.71331654	     -3.01172809	      0.00000000	     51.49939296	    -10.82371880	     -8.28914144	     83.38440843	     38.77563781	      3.38692250	      0.00000000	    -43.41599583	      0.92368690	      2.82621341	     19.83038947	    -11.17054754	    -10.27471660	     28.21188681	     95.61343765	     17.18897758	    -14.44904547	      8.69685355	     35.83599918	    100.15922423
      6.46666670	     -5.03097319	     -0.12876041	     -1.09419657	     -0.63066399	      0.74008465	     -0.17831463	     52.70858890	     -8.98190070	     -5.64396486	     84.24876522	     38.57061315	     -3.01488872	      0.00000000	     52.17890215	    -11.04956351	     -8.15748439	     84.80969335	     39.05237035	      3.31966145	      0.00000000	    -45.53719909	      0.68892939	      3.03995040	     20.83884891	    -11.34574516	    -10.40943170	     28.50792190	     95.57299626	     18.36721302	    -14.68650152	      8.74402064	     35.99939208	    100.12315767
      6.48333330	     -4.86533820	     -0.06253324	     -1.22254137	     -0.63516845	      0.73416334	     -0.17872922	     53.67358900	     -9.00853725	     -5.38985517	     85.44644914	     38.92063199	     -2.95038679	      0.00000000	     53.12220229	    -11.09514058	     -8.00444281	     86.08201959	     39.26312936	      3.30044103	      0.00000000	    -47.48584703	      0.54655062	      3.13173579	     21.94647210	    -11.59355224	    -10.47283866	     28.79484590	     95.55552427	     19.56636651	    -14.90993894	      8.68990694	     36.20583182	    100.10119232
      6.50000000	     -4.40917782	      0.12315484	     -1.42104490	     -0.63267081	      0.72760013	     -0.17819764	     53.96509653	     -9.18198598	     -5.07256112	     86.65778564	     40.07224675	     -1.92044518	      0.00000000	     53.31694334	    -11.16457057	     -7.92623563	     87.43522410	     40.04401646	      3.72153019	      0.00000000	    -49.36975058	      0.13906839	      3.39969904	     22.61011172	    -11.90981887	    -10.64558606	     29.28668485	     95.49443846	     20.51299531	    -15.01488417	      8.92927614	     36.56185085	    100.04669789
      6.51666670	     -4.21439835	      0.31218045	     -1.46214676	     -0.63063851	      0.72634528	     -0.17663169	     54.35443378	     -9.42669167	     -4.85692174	     87.69063084	     40.08472215	     -1.83441028	      0.00000000	     53.36343770	    -11.14669979	     -7.87635836	     88.12879043	     40.48866568	      4.01516783	      0.00000000	    -50.96215316	     -0.18082281	      3.42320530	     23.25295330	    -12.02428730	    -10.76538874	     29.48799969	     95.45762792	     21.41848686	    -15.12424944	      9.03354886	     36.63866706	     99.99200841
      6.53333330	     -4.12982026	      0.33014340	     -1.49356434	     -0.63132333	      0.72015183	     -0.17661088	     54.89630077	     -9.56476477	     -4.82812734	     88.76345571	     40.15075540	     -1.85213905	      0.00000000	     53.86368671	    -11.27158397	     -7.74970465	     89.06252937	     40.57037585	      3.95997221	      0.00000000	    -52.16385766	     -0.31951719	      3.43457158	     23.88035578	    -12.13951203	    -10.80951694	     29.64695051	     95.44637378	     22.04314047	    -15.22920557	      9.00027750	     36.71261662	     99.97117344
      6.55000000	     -4.02226126	      0.38966655	     -1.51124322	     -0.63213117	      0.71508021	     -0.17617116	     55.15293177	     -9.74925481	     -4.80914277	     89.58261878	     40.43317828	     -1.92891163	      0.00000000	     54.34286090	    -11.36958110	     -7.70436391	     90.01294163	     40.69699387	      3.89102468	      0.00000000	    -53.14325709	     -0.48438943	      3.42007667	     24.35001972	    -12.22339286	    -10.85172951	     29.78707834	     95.43537362	     22.58861017	    -15.29172006	      8.96840453	     36.81226197	     99.94616361
      6.56666670	     -3.85006597	      0.51274921	     -1.37151682	     -0.63280046	      0.71239883	     -0.17589615	     55.22400584	    -10.11495572	     -4.84913060	     90.30565234	     41.01992012	     -1.94666032	      0.00000000	     54.59478357	    -11.40772643	     -7.82072949	     90.57582264	     40.80839626	      3.87036169	      0.00000000	    -54.05124730	     -0.65725913	      3.38950485	     24.60712906	    -12.30485388	    -10.97075888	     30.05560175	     95.40738704	     23.12427963	    -15.30629646	      8.94614591	     37.02387819	     99.87015856
      6.58333330	     -3.97172893	      0.57876226	     -1.23837494	     -0.63882711	      0.71063190	     -0.17569498	     55.83953979	    -10.40068099	     -4.99894945	     90.81711011	     41.02939258	     -1.86067058	      0.00000000	     55.41670074	    -11.31485580	     -7.80632607	     91.07611234	     40.41744595	      3.58557852	      0.00000000	    -54.72172775	     -0.80599794	      3.40185864	     24.94689758	    -12.43725641	    -11.09431643	     30.51528203	     95.38590000	     23.66211320	    -15.31174876	      8.86613488	     37.42095086	     99.77241043
      6.60000000	     -4.09869393	      0.61228568	     -1.07599357	     -0.63706258	      0.71115068	     -0.17584228	     55.99159482	    -10.62054048	     -5.17943218	     90.89189965	     41.13523653	     -1.91764886	      0.00000000	     55.84707178	    -11.26896224	     -7.78070699	     91.29832195	     39.91177481	      3.41658877	      0.00000000	    -55.24729262	     -0.83843508	      3.35379586	     25.15748454	    -12.50416106	    -11.17989499	     30.76164618	     95.37933719	     24.06231673	    -15.26078315	      8.78093559	     37.66771563	     99.71045319
      6.61666670	     -4.26123770	      0.63427955	     -1.02194299	     -0.63311325	      0.71245346	     -0.17478626	     55.95008749	    -10.71932854	     -5.26992652	     90.64265773	     41.09598805	     -1.91332356	      0.00000000	     55.86665157	    -11.33207903	     -7.79013021	     91.25941782	     39.88338432	      3.42764250	      0.00000000	    -55.36220526	     -0.92199511	      3.27310249	     25.21595084	    -12.49715454	    -11.18910471	     30.80630203	     95.37922802	     24.15913925	    -15.18847052	      8.77860930	     37.70854687	     99.70447832
      6.63333330	     -3.78316733	      0.50769443	     -0.88722895	     -0.63346072	      0.71406907	     -0.17512919	     54.97056627	    -10.78597774	     -5.58397038	     90.08721115	     41.02030135	     -1.77627225	      0.00000000	     55.06463861	    -11.29843263	     -7.58723562	     90.98786580	     39.63781180	      3.40878182	      0.00000000	    -56.15846999	     -0.75072367	      3.28873294	     25.20411754	    -12.47368208	    -11.49507973	     31.54067357	     95.37775820	     24.37530152	    -15.02529742	      8.37380799	     38.02223625	     99.55535649
      6.65000000	     -3.68182055	      0.49068721	     -0.95830605	     -0.63488720	      0.71618627	     -0.17556563	     54.48485369	    -10.71268932	     -5.69168340	     89.57510827	     41.08721068	     -1.54388754	      0.00000000	     54.73640886	    -11.29360455	     -7.67966691	     90.68101492	     39.33350706	      3.26228887	      0.00000000	    -56.34743926	     -0.79597019	      3.28820183	     24.90598005	    -12.37713041	    -11.90984587	     32.28164571	     95.41786671	     24.30265059	    -14.81893301	      7.81706683	     38.27208930	     99.38610112
      6.66666670	     -3.57806489	      0.45742907	     -1.12030885	     -0.63584739	      0.71985217	     -0.17585705	     54.09257908	    -10.47708569	     -5.62090794	     88.94194601	     40.93649420	     -1.42930793	      0.00000000	     54.24501127	    -11.31812411	     -7.83400255	     90.08359215	     39.03267366	      3.28553286	      0.00000000	    -56.24703234	     -0.81598715	      3.29018894	     24.64541316	    -12.26252518	    -12.05498638	     32.53098750	     95.44629001	     24.09862831	    -14.76306134	      7.63995441	     38.33008399	     99.34456543
      6.68333330	     -3.42267744	      0.49006828	     -1.36006735	     -0.63676738	      0.72616260	     -0.17510697	     53.39133786	    -10.21631644	     -5.54767584	     87.87424003	     40.40974028	     -1.56757555	      0.00000000	     53.21787057	    -11.34257249	     -8.18712164	     88.74407237	     38.87448803	      3.34566895	      0.00000000	    -56.19699034	     -0.97396857	      3.21384484	     24.37598957	    -12.16600687	    -12.21235997	     33.00412757	     95.49255937	     23.96444601	    -14.68584653	      7.37816021	     38.47019642	     99.30264079
      6.70000000	     -3.30744390	      0.51219689	     -1.61821380	     -0.63759001	      0.73058139	     -0.17456066	     52.82144067	     -9.87311339	     -5.41530570	     86.75849708	     39.99202966	     -1.41051801	      0.00000000	     52.25260927	    -11.40606980	     -8.41098376	     87.57003883	     39.07349589	      3.56668030	      0.00000000	    -55.90973081	     -1.13752656	      3.16565868	     24.06536558	    -12.02289118	    -12.32822611	     33.52854905	     95.56052756	     23.78611135	    -14.66159428	      7.14582590	     38.63913949	     99.28366062
      6.71666670	     -3.27325034	      0.57752943	     -1.90703397	     -0.63971202	      0.73768620	     -0.17515416	     52.20543060	     -9.58956393	     -5.33458447	     85.42694325	     39.24993254	     -1.65918242	      0.00000000	     51.28398748	    -11.35867771	     -8.77546717	     86.10291473	     38.65042363	      3.60378365	      0.00000000	    -55.50443792	     -1.34677895	      3.13994019	     23.73809081	    -11.94053814	    -12.37356455	     34.01436775	     95.64253883	     23.48789050	    -14.60583758	      6.93995061	     38.76558888	     99.27881749
      6.73333330	     -3.29708641	      0.59782891	     -2.14288710	     -0.63899013	      0.74630545	     -0.17507540	     51.62059439	     -9.25435714	     -5.29157446	     83.94175232	     38.43382643	     -1.77022292	      0.00000000	     50.43457103	    -11.36662671	     -9.19896446	     84.49174904	     37.63984433	      3.21936016	      0.00000000	    -54.98012290	     -1.47449332	      3.13297660	     23.31047673	    -11.87192581	    -12.38009002	     34.31896562	     95.72135233	     23.19962837	    -14.55077519	      6.80373675	     38.95821552	     99.29033726
      6.75000000	     -3.25298397	      0.59848423	     -2.12585543	     -0.63282547	      0.75199784	     -0.17544371	     50.51883161	     -9.16172482	     -5.41249016	     82.34819002	     37.73530435	     -1.92797169	      0.00000000	     49.31563895	    -11.26117662	     -9.49589218	     82.86506057	     36.91892581	      2.93560053	      0.00000000	    -54.27851836	     -1.39974775	      3.00891670	     22.58652432	    -11.76941850	    -12.39172901	     34.51455666	     95.81168225	     22.65297010	    -14.42872319	      6.68945153	     39.02076289	     99.31408738
      6.76666670	     -3.34489519	      0.60643945	     -2.23204920	     -0.63520258	      0.76138323	     -0.17583245	     49.51806409	     -8.97553478	     -5.56427375	     80.41342178	     36.70948990	     -2.39557066	      0.00000000	     48.19672018	    -11.12597887	     -9.86833114	     81.09595597	     35.85335925	      2.50288888	      0.00000000	    -53.42980805	     -1.39524892	      2.94439409	     21.97584207	    -11.70195441	    -12.37162647	     34.89655012	     95.94521631	     22.15858403	    -14.33554350	      6.52898277	     39.08722970	     99.36170628
      6.78333330	     -3.58246729	      0.57534625	     -2.22205203	     -0.63202157	      0.76985993	     -0.17532061	     48.47829769	     -8.77934938	     -5.79058144	     78.32059679	     35.82609376	     -2.24313838	      0.00000000	     47.25634088	    -11.03171358	    -10.16031118	     79.16659852	     34.91363219	      2.48664416	      0.00000000	    -52.28043186	     -1.29577175	      2.87913490	     21.20808018	    -11.61522010	    -12.35524611	     34.93430463	     96.01995659	     21.49483658	    -14.24863818	      6.47977155	     38.99536863	     99.39581890
      6.80000000	     -3.90657377	      0.55799634	     -2.22583301	     -0.63221203	      0.77827100	     -0.17445877	     47.50937940	     -8.52012188	     -6.04356237	     76.06394638	     34.82531262	     -2.18399622	      0.00000000	     46.51149503	    -10.92014735	    -10.44674761	     77.30523966	     33.69718842	      2.35624948	      0.00000000	    -50.99985515	     -1.24585007	      2.85280033	     20.38730229	    -11.48456749	    -12.30866748	     34.91916353	     96.08667541	     20.76240759	    -14.19140432	      6.44213233	     38.86386606	     99.42788427
      6.81666670	     -4.17614205	      0.47745198	     -2.28023067	     -0.63033666	      0.78544006	     -0.17483944	     46.36488988	     -8.15000672	     -6.21117983	     73.60283047	     33.96768767	     -2.35042213	      0.00000000	     45.68959521	    -10.80581792	    -10.65504014	     75.24820812	     32.69517579	      2.03038976	      0.00000000	    -49.56288454	     -1.14255722	      2.81835035	     19.51351808	    -11.37098118	    -12.16976370	     34.95121078	     96.22727328	     19.92166058	    -14.01918983	      6.32230677	     38.62831417	     99.48850242
      6.83333330	     -4.64822693	      0.45007184	     -2.25003232	     -0.62750375	      0.79415091	     -0.17408824	     45.35429005	     -7.92914667	     -6.49121711	     71.15589558	     33.08152241	     -2.16981570	      0.00000000	     44.95278767	    -10.67291225	    -10.92835035	     73.13425305	     31.83521892	      2.34490876	      0.00000000	    -47.81114920	     -1.06660226	      2.75570265	     18.62571260	    -11.22576290	    -12.06152570	     34.78452887	     96.29466649	     19.02048749	    -13.95856845	      6.33297828	     38.35112369	     99.52309444
      6.85000000	     -5.13430634	      0.48996458	     -2.14771646	     -0.62567900	      0.79981791	     -0.17414271	     44.73124426	     -7.85121864	     -6.72470046	     69.23885299	     32.00364835	     -2.25077259	      0.00000000	     44.11925494	    -10.41568330	    -11.28913714	     70.83418940	     31.06775036	      2.55479931	      0.00000000	    -45.84870276	     -0.97387441	      2.58472651	     17.72971810	    -11.08041808	    -11.89734212	     34.53827006	     96.36714464	     18.13988814	    -13.91396677	      6.36616384	     37.99761853	     99.55772331
      6.86666670	     -5.64742157	      0.52382637	     -2.03719330	     -0.61573945	      0.80813575	     -0.17449066	     43.37589095	     -7.79884046	     -7.08023093	     66.55158105	     30.92817691	     -2.24184393	      0.00000000	     42.86606320	    -10.14624703	    -11.67210286	     68.22362086	     30.39732299	      2.82516446	      0.00000000	    -43.48082545	     -0.85502759	      2.43090050	     16.66623045	    -10.85323945	    -11.70025713	     34.01185710	     96.43926658	     16.92644056	    -13.74462703	      6.43433345	     37.41330045	     99.58377538
      6.88333330	     -6.07816122	      0.56476993	     -2.01024492	     -0.61196504	      0.81324917	     -0.17583279	     42.14424162	     -7.76217196	     -7.37725359	     64.01794528	     30.50286240	     -2.17741945	      0.00000000	     41.69501903	     -9.81980024	    -12.05507789	     65.81938556	     30.22917454	      3.11444413	      0.00000000	    -40.96955790	     -0.76422574	      2.35540951	     15.43924472	    -10.67142899	    -11.58732600	     33.58534407	     96.47189488	     15.56820308	    -13.52250198	      6.54825908	     37.03299046	     99.59936366
      6.90000000	     -6.53286838	      0.47541921	     -1.95947389	     -0.60578184	      0.82302606	     -0.17434875	     40.75235308	     -7.43591586	     -7.60380528	     61.40328353	     29.11115141	     -2.89083506	      0.00000000	     40.47384782	     -9.66679089	    -12.33573944	     63.37671276	     29.61756768	      3.67395803	      0.00000000	    -38.17984887	     -0.54335893	      2.07861920	     14.86369329	    -10.35258953	    -10.85454679	     31.72074183	     96.65296209	     14.41441082	    -13.23979858	      6.47876234	     35.28558607	     99.56646043
      6.91666670	     -6.99652227	      0.46026426	     -1.98396347	     -0.60126490	      0.82980588	     -0.17518215	     39.57466003	     -7.29605544	     -7.96274112	     58.98038528	     28.52969930	     -2.68583129	      0.00000000	     39.17509684	     -9.35275724	    -12.57601602	     60.85827461	     29.37183665	      4.00066254	      0.00000000	    -35.41379870	     -0.44817852	      2.07550024	     13.49697675	    -10.24357811	    -10.71935429	     31.33274979	     96.67959881	     12.91099147	    -12.99593725	      6.61108087	     34.97045389	     99.57198733
      6.93333330	     -8.02955668	      0.32781392	     -2.00120050	     -0.59933773	      0.83460220	     -0.17616346	     39.04711342	     -6.84278042	     -8.06473375	     56.36563620	     27.36871192	     -2.96938895	      0.00000000	     38.73295610	     -9.09197402	    -12.53293270	     58.49599834	     28.84637291	      4.08953623	      0.00000000	    -31.81615377	     -0.10531095	      1.86106475	     12.56539594	    -10.10960858	     -9.74525480	     29.92946834	     96.81297361	     11.51461656	    -12.75081727	      6.64725007	     33.68257163	     99.46166826
      6.95000000	     -8.62040641	      0.31261305	     -2.09307137	     -0.59204143	      0.84599526	     -0.17594309	     37.43131709	     -6.48789464	     -8.21698283	     52.94471071	     26.37822237	     -2.58682156	      0.00000000	     37.28591638	     -8.71267216	    -12.75481708	     55.23280949	     27.99465970	      4.34336329	      0.00000000	    -28.82397494	     -0.00405960	      1.78962638	     11.20759292	     -9.86939117	     -9.48981445	     29.49960656	     96.83346737	      9.90255994	    -12.53067559	      6.79385304	     33.23750839	     99.43940617
      6.96666670	     -9.34281883	      0.50429917	     -2.25883523	     -0.58967636	      0.85094430	     -0.17637646	     36.70508302	     -6.29930869	     -8.07019303	     50.34124719	     24.87483658	     -2.98135904	      0.00000000	     36.13718987	     -8.10946086	    -13.05227578	     51.89089307	     26.71592083	      4.00070143	      0.00000000	    -25.71654918	     -0.08335387	      1.47254734	     10.22298944	     -9.59124064	     -8.70299467	     28.66025286	     96.85922726	      8.38669044	    -12.42988510	      6.96003903	     32.48583932	     99.30811392
      6.98333330	     -9.96329512	      0.54851618	     -2.49124633	     -0.59023448	      0.86086562	     -0.17753926	     35.86003864	     -5.97757379	     -8.17699495	     47.37159182	     23.58191302	     -2.41858060	      0.00000000	     35.32062717	     -7.65586741	    -13.39872615	     48.76529268	     25.29393932	      4.02247851	      0.00000000	    -23.03488823	     -0.06225847	      1.53037827	      9.22032396	     -9.41952349	     -8.41294870	     28.46108392	     96.86073716	      7.01546459	    -12.19237744	      7.11633323	     32.35268612	     99.27275662
      7.00000000	    -10.88093528	      0.77701163	     -2.50730983	     -0.58560261	      0.86791713	     -0.17864348	     35.32961948	     -5.89303102	     -8.04379246	     44.38007273	     22.02901767	     -2.69512642	      0.00000000	     34.86359326	     -6.78288192	    -13.29764000	     45.56016373	     23.13135162	      2.64997656	      0.00000000	    -19.88810907	     -0.20255581	      1.35526170	      8.20949310	     -9.25687737	     -7.54612249	     27.95237569	     96.83959424	      5.51886221	    -12.02993501	      7.37942398	     32.16636068	     99.13091835
      7.01666670	    -11.60653478	      0.87174843	     -2.30404755	     -0.58422812	      0.88140528	     -0.17861217	     34.18572924	     -5.61140305	     -8.02340430	     40.38510827	     20.13372132	     -2.93392722	      0.00000000	     33.89320551	     -5.94822985	    -13.21391171	     41.74485988	     20.72531381	      2.05863102	      0.00000000	    -17.36426434	     -0.18187849	      1.10438575	      7.16839009	     -9.08502100	     -6.79560966	     27.67685550	     96.76507777	      4.26890362	    -11.90407858	      7.66485982	     32.17947876	     98.99942270
      7.03333330	    -12.03086232	      0.91641699	     -2.16307990	     -0.58041135	      0.89174933	     -0.17942415	     32.35879549	     -5.24642906	     -8.00107734	     35.93743734	     18.12381131	     -3.00670032	      0.00000000	     32.31907061	     -5.08951600	    -12.98796303	     37.46092292	     18.34693698	      1.70632806	      0.00000000	    -15.23735871	     -0.11621696	      0.87741597	      6.20290412	     -8.91152151	     -6.09836255	     27.34132237	     96.65798042	      3.13183347	    -11.77640873	      7.95691130	     32.29541431	     98.87878556
      7.05000000	    -12.26232746	      1.06291887	     -1.97791642	     -0.57780959	      0.90264382	     -0.17990079	     30.13921861	     -4.93145563	     -7.80225492	     31.10390415	     16.00396427	     -3.02272157	      0.00000000	     30.27196466	     -4.11763011	    -12.80466442	     32.76060452	     15.66940399	      1.36750621	      0.00000000	    -13.52149240	     -0.22687305	      0.70239861	      5.36342783	     -8.73839696	     -5.40088557	     27.12301912	     96.53046176	      2.20620668	    -11.68274300	      8.24398623	     32.45010403	     98.76669879
      7.06666670	    -12.34221064	      1.18569169	     -1.92743497	     -0.57491253	      0.90871408	     -0.18055903	     27.77589750	     -4.60592953	     -7.52793394	     26.31434089	     14.10537584	     -2.83192936	      0.00000000	     27.99482507	     -3.21688549	    -12.47735735	     28.02752203	     13.48711262	      1.35995696	      0.00000000	    -12.05793679	     -0.30645811	      0.60754080	      4.72957830	     -8.62560845	     -4.65332247	     26.84857174	     96.39582427	      1.49153376	    -11.57969641	      8.54297629	     32.51686225	     98.66333679
      7.08333330	    -12.33311844	      1.27545109	     -1.98764549	     -0.57447593	      0.91994056	     -0.18209148	     25.26304669	     -4.21893617	     -7.15659139	     21.39405206	     11.75338020	     -2.58806570	      0.00000000	     25.49501994	     -2.32580506	    -11.92185932	     23.07610863	     11.21203874	      1.28861082	      0.00000000	    -10.82067083	     -0.34657407	      0.66791374	      4.13736713	     -8.59765538	     -3.89727973	     26.69860968	     96.26647755	      0.85473661	    -11.41962104	      8.83424170	     32.61737491	     98.57231156
      7.10000000	    -12.33913027	      1.27273857	     -2.05152240	     -0.57022245	      0.92172963	     -0.18126008	     23.08374912	     -3.78284586	     -6.66489225	     16.90572530	      9.92668536	     -2.10815566	      0.00000000	     23.19943161	     -1.65968655	    -11.27147992	     18.55223906	      9.46066484	      1.46577330	      0.00000000	     -9.70201205	     -0.31021816	      0.75334228	      3.56657976	     -8.57805572	     -3.26172352	     26.56188861	     96.16906207	      0.25338676	    -11.30632392	      9.05691833	     32.80912509	     98.50805851
      7.11666670	    -12.14538219	      1.23817782	     -2.28083146	     -0.56704308	      0.93006811	     -0.18123973	     20.95906328	     -3.34958613	     -6.15623288	     13.21127828	      8.11785301	     -1.95376223	      0.00000000	     20.79635812	     -1.14979673	    -10.60862164	     14.50214474	      7.91257330	      1.41174251	      0.00000000	     -8.79157421	     -0.20828570	      0.98604357	      3.06120603	     -8.60812590	     -2.58568182	     26.43182540	     96.07451377	     -0.43291349	    -11.13179486	      9.19580445	     32.95763755	     98.43417662
      7.13333330	    -11.92260218	      1.32248413	     -2.45178758	     -0.56447055	      0.92936401	     -0.18175538	     19.12262415	     -3.13761562	     -5.64612351	     10.19354871	      6.83807157	     -1.82792669	      0.00000000	     18.73898397	     -0.61910250	    -10.20403077	     11.12009773	      6.57395372	      1.12858789	      0.00000000	     -8.01928318	     -0.32526331	      1.10510414	      2.57741429	     -8.61766371	     -1.91280268	     26.42026106	     95.98319276	     -1.06662182	    -11.08417442	      9.28379067	     33.16854880	     98.36449072
      7.15000000	    -11.77603684	      1.34568538	     -2.54968226	     -0.56156108	      0.93475748	     -0.18195145	     17.29193279	     -2.89641606	     -5.11051095	      7.14655501	      5.52945186	     -1.53404829	      0.00000000	     16.92991219	     -0.16285097	     -9.53363698	      7.99825791	      5.62177574	      1.21360207	      0.00000000	     -7.20070107	     -0.36613000	      1.20568298	      2.04070791	     -8.66183388	     -1.31901315	     26.38628231	     95.87641514	     -1.67167809	    -10.98576816	      9.32300254	     33.34936178	     98.29858473
      7.16666670	    -11.94433496	      1.37661764	     -2.66144658	     -0.56115882	      0.93713903	     -0.18195443	     15.92273561	     -2.68892974	     -4.78762277	      4.29184104	      4.27118348	     -1.06574260	      0.00000000	     15.73049400	      0.20033333	     -9.17881591	      5.34567651	      4.75236923	      1.59422589	      0.00000000	     -6.03875401	     -0.40466180	      1.35908264	      1.52031743	     -8.64594372	     -1.06275409	     26.28240042	     95.84444529	     -2.23147802	    -10.89539534	      9.37662616	     33.38781911	     98.28362504
      7.18333330	    -11.27291397	      1.32378881	     -2.76632645	     -0.55631327	      0.94189200	     -0.18065833	     13.65644973	     -2.42823995	     -4.22418947	      1.74554283	      3.21983058	     -1.08221024	      0.00000000	     13.52481848	      0.42214677	     -8.62642612	      2.97624935	      4.03732044	      1.50427694	      0.00000000	     -6.11370440	     -0.41082882	      1.51219008	      1.22532868	     -8.67988413	     -0.53206551	     26.11746452	     95.76657981	     -2.54347539	    -10.80891124	      9.44218897	     33.34666628	     98.25027176
      7.20000000	    -11.35158877	      1.33521170	     -2.87757062	     -0.55801334	      0.93928038	     -0.17965824	     12.79411283	     -2.23428142	     -3.93356607	      0.00000000	      2.54734774	     -0.83461325	      0.00000000	     12.66597322	      0.59024944	     -8.34281786	      1.29195041	      3.58873073	      1.69979289	      0.00000000	     -5.37043416	     -0.44305060	      1.66751641	      0.84233805	     -8.64494596	     -0.33327232	     26.08110411	     95.74040010	     -2.92162590	    -10.81757842	      9.46532808	     33.38315147	     98.24233620
      7.21666670	    -11.36481803	      1.35040956	     -3.12111618	     -0.55603947	      0.93607151	     -0.17961752	     12.74242796	     -2.11437541	     -3.75499236	      0.00000000	      2.60074353	     -0.81077054	      0.00000000	     11.92263753	      0.67872171	     -8.16743194	      0.00000000	      3.39151665	      1.76684627	      0.00000000	     -4.88550709	     -0.51545095	      1.85406804	      0.59427575	     -8.66022774	     -0.22610929	     26.04675501	     95.72967422	     -3.23301885	    -10.78499440	      9.47429208	     33.36612081	     98.23799538
      7.23333330	    -11.44942830	      1.34254997	     -3.31990577	     -0.55911178	      0.93635503	     -0.17952796	     12.90683539	     -1.97781915	     -3.49353057	      0.00000000	      2.88371109	     -0.76400739	      0.00000000	     12.01102970	      0.65246485	     -8.07699839	      0.00000000	      3.63396130	      1.67418958	      0.00000000	     -4.65358881	     -0.52187088	      2.07041874	      0.58233691	     -8.64960209	     -0.12153100	     26.07354075	     95.72422910	     -3.19300817	    -10.83336270	      9.42449973	     33.39210671	     98.22734692
      7.25000000	    -11.47650661	      1.20952553	     -3.42588685	     -0.56013247	      0.93080694	     -0.17957812	     13.00257286	     -1.74258698	     -3.29197545	      0.00000000	      2.98490091	     -0.88507685	      0.00000000	     12.01585346	      0.48552538	     -7.96295337	      0.00000000	      3.98898189	      1.49559368	      0.00000000	     -4.39322549	     -0.40815336	      2.22389776	      0.45452200	     -8.76852517	     -0.04191170	     26.03883599	     95.71788281	     -3.22476278	    -10.81397059	      9.38764252	     33.36774232	     98.22013570
      7.26666670	    -11.54126558	      1.06716847	     -3.49718590	     -0.55958361	      0.92804318	     -0.17949969	     13.06921486	     -1.51952625	     -2.70355819	      0.00000000	      2.38265471	     -2.24325783	      0.00000000	     11.95329857	      0.32428979	     -7.46233021	      0.00000000	      4.10715860	      0.85649036	      0.00000000	     -4.21581781	     -0.31544592	      2.57678342	      0.25174777	     -8.99385307	      0.33511813	     26.01135216	     95.68427366	     -2.98532587	    -10.60425849	      9.20149904	     32.86166817	     98.19319019
      7.28333330	    -11.17616567	      0.90244756	     -3.70151411	     -0.55838818	      0.92876113	     -0.17944140	     12.64367929	     -1.28614769	     -2.21879120	      0.00000000	      2.10053189	     -3.12918530	      0.00000000	     11.41765105	      0.15453870	     -7.20487286	      0.00000000	      4.24493719	      0.30728749	      0.00000000	     -4.55971168	     -0.15630277	      2.74816216	      0.37862622	     -9.15557170	      0.48449426	     25.90507983	     95.63024946	     -2.86396649	    -10.47207418	      9.07566570	     32.50030128	     98.18002240
      7.30000000	    -10.79656750	      0.71227036	     -3.75357483	     -0.56002450	      0.92780371	     -0.17936198	     12.21925331	     -1.05842956	     -1.66298514	      0.00000000	      1.61423843	     -4.24670242	      0.00000000	     11.12729149	     -0.07014226	     -6.75380628	      0.38360402	      4.50288885	     -0.42152048	      0.00000000	     -5.05743499	      0.03222923	      2.81755543	      0.53858191	     -9.33905560	      0.57839827	     25.86081497	     95.58662199	     -2.58749483	    -10.34949213	      8.92722651	     32.10407104	     98.16691740
      7.31666670	    -10.55211581	      0.48451809	     -3.80300818	     -0.56342393	      0.92572549	     -0.17834271	     12.70548240	     -0.78989871	     -1.38047197	      1.33141129	      1.90502820	     -4.86870361	      0.00000000	     11.73596671	     -0.49765174	     -6.78258919	      2.10063021	      4.98609110	     -0.99243808	      0.00000000	     -5.77001612	      0.26189132	      2.82615224	      1.04917139	     -9.50066366	      0.56180168	     25.96435682	     95.57248536	     -2.16824884	    -10.27533986	      8.86104332	     31.99854273	     98.16060942
      7.33333330	    -11.27535905	      0.52084904	     -3.89893391	     -0.56643524	      0.92470786	     -0.17777960	     15.26993118	     -0.78217025	     -0.50783782	      4.38363216	      2.46988709	     -6.85015557	      0.00000000	     13.88280454	     -0.74636845	     -6.44267835	      4.46492314	      5.39781561	     -2.45791200	      0.00000000	     -5.29708565	      0.33254286	      3.01577986	      1.16539150	     -9.60596429	      0.57379927	     25.95392232	     95.55666201	     -1.71652250	    -10.14480022	      8.52045471	     31.32977219	     98.13064258
      7.35000000	    -11.65839853	      0.55070044	     -3.97667988	     -0.56885432	      0.91849891	     -0.17692976	     17.69190566	     -0.79069582	     -0.31876572	      8.03689490	      3.36380972	     -8.06569124	      0.00000000	     15.98421492	     -1.03598059	     -6.50812044	      7.25317497	      5.88547142	     -3.59860598	      0.00000000	     -5.45759976	      0.36183361	      3.10479610	      1.59026276	     -9.68480645	      0.48718712	     25.91731147	     95.55035237	     -1.23519898	    -10.13090219	      8.29214737	     30.97386555	     98.12911722
      7.36666670	    -12.16388486	      0.67148683	     -3.79897113	     -0.56768303	      0.91741285	     -0.17654999	     20.36450871	     -0.99461865	     -0.24026892	     11.96150831	      4.69240384	     -8.97964062	      0.00000000	     18.55744002	     -1.28680557	     -6.68579117	     10.90681012	      6.58444753	     -4.70629582	      0.00000000	     -5.45801828	      0.26901769	      3.04672973	      1.79528754	     -9.69693523	      0.24209483	     25.88164349	     95.54558332	     -0.87364710	    -10.15512287	      8.08070359	     30.64386203	     98.13062174
      7.38333330	    -12.66129463	      0.73685222	     -3.52831169	     -0.56933421	      0.90740910	     -0.17573640	     23.14206818	     -1.22519095	     -0.50465142	     16.24753343	      6.24614643	     -9.75604763	      0.00000000	     21.55934234	     -1.71433182	     -7.09825744	     15.43297615	      7.70202578	     -5.70707388	      0.00000000	     -5.52457538	      0.26015405	      2.93573892	      1.99742412	     -9.74851630	     -0.07359185	     25.88677540	     95.55750382	     -0.49831455	    -10.24571067	      7.84518959	     30.40667912	     98.12204932
      7.40000000	    -13.34529432	      0.79008573	     -3.42929845	     -0.57242318	      0.89728322	     -0.17550151	     26.42003003	     -1.49214066	     -0.92612927	     21.14721241	      8.13816910	    -10.29512080	      0.00000000	     25.13648636	     -2.30956894	     -7.71152866	     20.72821860	      9.44474160	     -6.24804173	      0.00000000	     -5.34784284	      0.30843299	      2.88287957	      2.23930077	     -9.86030629	     -0.44659432	     25.98126449	     95.59500980	     -0.27585147	    -10.30378572	      7.55657269	     30.26325827	     98.09875181
      7.41666670	    -14.10400470	      0.80150738	     -3.24969791	     -0.57493310	      0.88858767	     -0.17514928	     29.85097888	     -1.82795970	     -1.37995624	     26.14837769	     10.50075615	    -10.31875648	      0.00000000	     28.82847510	     -3.03446124	     -8.38512207	     26.45218605	     11.57095585	     -6.40631506	      0.00000000	     -5.10292959	      0.43737679	      2.78642871	      2.40021474	     -9.99208933	     -0.87525372	     26.14271011	     95.64210976	     -0.11372977	    -10.43481412	      7.25880820	     30.34798867	     98.07529198
      7.43333330	    -14.62912705	      0.70047936	     -3.08222689	     -0.57376498	      0.87591190	     -0.17525042	     33.09221585	     -2.21276004	     -2.06346365	     31.55106989	     13.33127346	     -9.81000708	      0.00000000	     32.26938680	     -3.98894449	     -9.09517542	     32.57406458	     14.24680511	     -6.11165588	      0.00000000	     -5.03219553	      0.71726179	      2.61633155	      2.54593405	    -10.15459487	     -1.33358014	     26.27996924	     95.69541713	     -0.11455235	    -10.55848225	      6.92988304	     30.62880114	     98.04974925
      7.45000000	    -15.11907031	      0.62773514	     -2.97994730	     -0.57539238	      0.86549732	     -0.17454383	     36.25924323	     -2.69985821	     -2.90931522	     36.84183969	     16.25631727	     -8.72055828	      0.00000000	     35.62529177	     -4.99240397	     -9.76150017	     38.57238535	     17.09880144	     -5.39092243	      0.00000000	     -5.04312155	      0.93053979	      2.47419082	      2.78152802	    -10.29403583	     -1.82908279	     26.44555761	     95.75624648	     -0.19956896	    -10.69564913	      6.53780029	     30.84911785	     98.02082600
      7.46666670	    -15.27930487	      0.59207331	     -3.02963008	     -0.57194515	      0.85324952	     -0.17393801	     38.97409074	     -3.31893880	     -3.64286591	     42.33336576	     19.03631187	     -7.42571485	      0.00000000	     37.97952280	     -6.00469642	    -10.45292069	     43.67930017	     20.28743911	     -4.13219345	      0.00000000	     -5.25535287	      1.11821816	      2.26159400	      3.09812183	    -10.40369151	     -2.33299475	     26.52106450	     95.81555191	     -0.39451785	    -10.83303926	      6.07200282	     31.05608563	     97.98537117
      7.48333330	    -15.38386133	      0.53101214	     -3.04182233	     -0.57307829	      0.84283384	     -0.17241391	     41.20993940	     -3.89972558	     -4.44155722	     46.95316484	     21.82207223	     -6.14338034	      0.00000000	     40.27291956	     -7.02209603	    -10.92541809	     48.44327289	     23.29394704	     -2.99556113	      0.00000000	     -5.68657502	      1.25504751	      1.96127044	      3.42696007	    -10.39869418	     -2.86841397	     26.54901415	     95.86276379	     -0.52125940	    -11.02272312	      5.56211312	     31.24112507	     97.95848032
      7.50000000	    -15.31853855	      0.54002559	     -3.07640567	     -0.57840826	      0.83352088	     -0.17069111	     43.26120488	     -4.51441650	     -5.15299070	     51.05637757	     24.10524101	     -4.71706793	      0.00000000	     41.91097738	     -7.98994744	    -11.49835806	     52.20730241	     25.83936799	     -1.58071519	      0.00000000	     -6.47316693	      1.22132409	      1.69984297	      4.04969251	    -10.31581302	     -3.37272637	     26.48108193	     95.90620831	     -0.40749777	    -11.29729177	      5.00804306	     31.40918473	     97.94600767
      7.51666670	    -15.28002693	      0.45060443	     -2.96708981	     -0.58181322	      0.82354323	     -0.17051857	     45.03018383	     -5.09682180	     -5.99208381	     54.52502195	     26.13460062	     -3.39197310	      0.00000000	     43.70627059	     -8.97169089	    -11.86311226	     55.85878881	     27.73454826	     -0.52486315	      0.00000000	     -7.44632655	      1.29649979	      1.48975278	      4.72280926	    -10.26280155	     -3.88961937	     26.37750462	     95.92573166	     -0.11933597	    -11.55272147	      4.51817209	     31.58711806	     97.96323620
      7.53333330	    -15.03442954	      0.27337624	     -2.80467822	     -0.58508467	      0.81867007	     -0.17001259	     46.30313719	     -5.59065332	     -6.86550615	     57.52273936	     27.37545752	     -2.56111821	      0.00000000	     45.06801675	     -9.82240991	    -11.94273225	     59.01892368	     29.45319162	      0.67937724	      0.00000000	     -8.88168303	      1.44168144	      1.27675240	      5.61547080	    -10.24830901	     -4.39847445	     26.34971526	     95.92718324	      0.46129877	    -11.74665529	      4.12114136	     31.63517618	     98.00884421
      7.55000000	    -14.48417440	     -0.00906014	     -2.59367750	     -0.58788916	      0.81458570	     -0.17072101	     47.12070193	     -6.00804291	     -7.65302461	     60.21667940	     28.43068780	     -2.21688138	      0.00000000	     46.13985373	    -10.48981494	    -11.77732744	     61.82305413	     30.72559460	      1.61346022	      0.00000000	    -11.03612721	      1.71113027	      1.21276873	      6.60482503	    -10.31689074	     -4.88092067	     26.31941201	     95.91639587	      1.27395327	    -11.87895601	      3.84458998	     31.72489309	     98.07126554
      7.56666670	    -13.66741056	     -0.23644285	     -2.32700099	     -0.59188085	      0.80818863	     -0.17132598	     47.55424401	     -6.46502611	     -8.28879500	     62.63353319	     29.26308621	     -1.62834335	      0.00000000	     46.89386089	    -10.95706850	    -11.46133154	     64.43571864	     31.85493515	      2.34825468	      0.00000000	    -13.56566198	      1.85568279	      1.11881925	      7.78785069	    -10.41040822	     -5.39897143	     26.25789438	     95.89755801	      2.32673584	    -11.95381956	      3.73315977	     31.79746336	     98.16092762
      7.58333330	    -12.72471762	     -0.39054955	     -2.07380460	     -0.59415663	      0.80264681	     -0.17160091	     48.03420703	     -6.93780975	     -8.58107978	     65.17599175	     30.36485874	     -1.20458679	      0.00000000	     47.47294899	    -11.35285167	    -11.20907226	     66.91031027	     32.86529765	      3.00874227	      0.00000000	    -16.48506164	      1.95140564	      1.02721096	      9.21356175	    -10.45971289	     -5.95009797	     26.31489810	     95.87491289	      3.59568353	    -12.07983313	      3.81336647	     31.88160066	     98.26487270
      7.60000000	    -11.70937425	     -0.50978251	     -1.70243624	     -0.59693866	      0.79501864	     -0.17090317	     48.24982872	     -7.37698556	     -8.84190831	     67.50887188	     31.63518655	     -0.89097090	      0.00000000	     47.84225276	    -11.61570887	    -10.89941777	     69.00385432	     33.68644001	      3.52197287	      0.00000000	    -19.50613233	      1.92316528	      1.09255544	     10.59437337	    -10.54537959	     -6.52125173	     26.30590656	     95.85186407	      4.97391307	    -12.24363988	      4.07021158	     31.88417589	     98.35482757
      7.61666670	    -11.09475460	     -0.47020894	     -1.52124052	     -0.60104618	      0.78421088	     -0.17172179	     49.17079046	     -7.90087558	     -8.84563736	     70.27446874	     32.67596671	     -1.04063577	      0.00000000	     48.90959592	    -11.71583924	    -10.51952607	     71.43337571	     34.59273145	      3.64617088	      0.00000000	    -22.06930386	      1.74734833	      1.17931263	     11.85429862	    -10.70503476	     -6.80964835	     26.40167272	     95.83139697	      6.33798518	    -12.44361560	      4.19186698	     32.08222280	     98.37644796
      7.63333330	    -10.11476019	     -0.43495695	     -1.32828554	     -0.60165713	      0.77814628	     -0.17268909	     49.27351298	     -8.36548481	     -8.75748254	     72.50474931	     34.35242789	     -0.08299611	      0.00000000	     49.38582922	    -11.86397972	    -10.33416240	     73.76345374	     35.13150086	      3.76473151	      0.00000000	    -25.35205386	      1.68982166	      1.27702107	     13.21714868	    -10.85916962	     -7.57463576	     26.45056686	     95.73693656	      7.88879029	    -12.74933364	      4.70346615	     32.35735076	     98.42641114
      7.65000000	     -9.36353510	     -0.36531665	     -1.35316873	     -0.60479139	      0.76955252	     -0.17216099	     49.70738512	     -8.69662525	     -8.52068261	     74.71010323	     35.76335825	      0.21579253	      0.00000000	     49.90521505	    -12.04226989	    -10.10785103	     75.93993594	     36.06818080	      4.04284150	      0.00000000	    -28.24876139	      1.52161167	      1.52722314	     14.51392855	    -10.99269252	     -8.33220110	     26.61204751	     95.63778025	      9.42162245	    -13.05674828	      5.20205541	     32.50287837	     98.43003376
      7.66666670	     -8.64944862	     -0.29781017	     -1.42214485	     -0.60487839	      0.76116396	     -0.17217314	     50.15351689	     -8.94503782	     -8.17347162	     77.00412943	     37.28237303	      0.72668902	      0.00000000	     50.51257684	    -12.28307241	     -9.86297613	     78.39833473	     36.64347853	      3.79368756	      0.00000000	    -31.02839897	      1.41124718	      1.80917894	     15.63834086	    -11.14775112	     -9.07762785	     26.87495153	     95.52612746	     10.81244645	    -13.31327435	      5.57746829	     32.53719835	     98.38205048
      7.68333330	     -7.96654350	     -0.17416515	     -1.58500368	     -0.61137901	      0.75654216	     -0.17174018	     50.89059198	     -9.04300214	     -7.70973992	     78.98880931	     38.20826022	      0.89344239	      0.00000000	     51.07011124	    -12.44907782	     -9.82835517	     80.39653427	     37.15831187	      3.74220692	      0.00000000	    -33.96486795	      1.12489618	      2.11824895	     16.95064669	    -11.28716880	     -9.80119924	     27.42684552	     95.41077376	     12.36059815	    -13.59198251	      5.92036992	     32.52295875	     98.31059131
      7.70000000	     -7.29139411	     -0.07808950	     -1.70217132	     -0.61549484	      0.75118048	     -0.17182647	     51.84043849	     -9.25303754	     -7.35026746	     81.06394745	     38.63155928	      0.91593507	      0.00000000	     51.62926636	    -12.50138195	     -9.62704182	     82.13748419	     37.37718679	      3.42551575	      0.00000000	    -36.83437375	      0.86265593	      2.51233145	     18.14973884	    -11.50533154	    -10.53039017	     27.93968912	     95.29211487	     13.89563389	    -13.82404923	      6.29362244	     32.69948607	     98.21851371
      7.71666670	     -6.86421429	      0.01368256	     -1.77329674	     -0.61910800	      0.74411267	     -0.17130353	     52.91207028	     -9.36500466	     -6.97504708	     82.85186647	     39.00154015	      0.58764223	      0.00000000	     52.47423375	    -12.54624852	     -9.37410288	     83.64025082	     38.17812853	      3.58936400	      0.00000000	    -39.27632326	      0.71086506	      2.65168569	     19.30442281	    -11.65781450	    -10.81000386	     28.26627686	     95.24032769	     15.28780467	    -14.10305681	      6.37162428	     32.90976682	     98.17399514
      7.73333330	     -6.63065557	      0.07583303	     -1.75695692	     -0.62390745	      0.73670311	     -0.17056418	     54.02291392	     -9.45744639	     -6.72143538	     84.41872886	     39.17487223	      0.43063155	      0.00000000	     53.57611756	    -12.65506601	     -9.12702177	     85.17025323	     38.28303454	      3.60354507	      0.00000000	    -41.48341201	      0.59093844	      2.72247390	     20.50289000	    -11.82162057	    -10.90434600	     28.58137769	     95.21968724	     16.59947381	    -14.41595422	      6.30662118	     33.08732951	     98.15313807
      7.75000000	     -5.98500671	      0.18949793	     -1.71362109	     -0.62704988	      0.73269758	     -0.17106450	     54.42487588	     -9.58504358	     -6.46917578	     85.60190272	     39.55062901	      0.10283550	      0.00000000	     53.90472475	    -12.61909184	     -8.92695912	     86.38298313	     38.29394467	      3.37740458	      0.00000000	    -44.04856994	      0.35172096	      2.88213111	     21.47175676	    -12.01068841	    -11.24510680	     29.01972419	     95.14047215	     18.09903191	    -14.67583055	      6.52716891	     33.27247904	     98.13073046
      7.76666670	     -5.48703074	      0.10285969	     -1.60912463	     -0.62647844	      0.72871451	     -0.16993595	     54.56041147	     -9.62475430	     -6.49628156	     86.47882245	     39.76796812	      0.31758648	      0.00000000	     54.24585674	    -12.74317762	     -8.53343967	     87.65615259	     38.37708610	      3.26018461	      0.00000000	    -46.22585929	      0.41859697	      3.05002833	     22.31668546	    -12.14415907	    -11.63298128	     29.26808410	     95.05380443	     19.40848989	    -14.85690220	      6.82683867	     33.27587203	     98.10997117
      7.78333330	     -5.04601589	      0.10382868	     -1.54518051	     -0.63089538	      0.72549830	     -0.17031925	     54.85664484	     -9.64545692	     -6.42715839	     87.39893128	     39.88481347	      0.06876721	      0.00000000	     54.39620370	    -12.75339039	     -8.28699759	     88.51676902	     38.70036537	      3.41733884	      0.00000000	    -48.11653396	      0.34414350	      3.15505897	     23.18182795	    -12.26966312	    -11.94565310	     29.53156833	     94.98380489	     20.73147006	    -15.01702308	      7.10088297	     33.32871343	     98.08470471
      7.80000000	     -4.94002916	      0.10932273	     -1.42868500	     -0.63469834	      0.72154118	     -0.17050259	     55.59953406	     -9.67418265	     -6.31773603	     88.34159069	     39.95421691	     -0.01493904	      0.00000000	     54.94398864	    -12.67720812	     -8.04181343	     89.12041849	     38.89334401	      3.49579305	      0.00000000	    -49.48776694	      0.29748297	      3.16465568	     23.99473713	    -12.34916845	    -11.98873341	     29.71691607	     94.97382016	     21.67529890	    -15.09160095	      7.08984039	     33.49483394	     98.07077722
      7.81666670	     -4.66955994	      0.24044994	     -1.11283871	     -0.63214827	      0.71704620	     -0.17198007	     55.87914925	    -10.16428759	     -6.28603678	     89.22655318	     40.14662605	     -0.36271521	      0.00000000	     55.13205874	    -12.42694468	     -7.95610262	     89.75621711	     39.29719598	      3.66931252	      0.00000000	    -50.91457464	      0.26936579	      3.13389644	     24.47356342	    -12.49338977	    -12.13377353	     29.76642533	     94.94616883	     22.49547867	    -15.04617261	      7.25429362	     33.67230650	     98.04616193
      7.83333330	     -4.57713079	      0.23495373	     -0.99898048	     -0.63258987	      0.71386505	     -0.17112975	     56.05887793	    -10.21237474	     -6.24725491	     89.69028298	     40.37402476	     -0.58481708	      0.00000000	     55.31124723	    -12.35829217	     -7.79591785	     90.13896041	     39.61132459	      3.64739016	      0.00000000	    -51.88450959	      0.22461428	      3.16760512	     24.91461861	    -12.53364621	    -12.19716611	     29.85017410	     94.93312366	     23.15950717	    -15.03490549	      7.31492736	     33.87917510	     98.02529046
      7.85000000	     -4.24604350	      0.16004591	     -0.86781669	     -0.63166075	      0.71252123	     -0.17092375	     55.67086016	    -10.20667787	     -6.22096458	     90.12183341	     40.91737146	     -0.79614840	      0.00000000	     55.06272824	    -12.32523673	     -7.52198096	     90.44951769	     40.22386467	      3.91439844	      0.00000000	    -52.75400619	      0.23725852	      3.33893727	     25.07172873	    -12.59554765	    -12.33566114	     29.85785915	     94.91089625	     23.59207232	    -14.87640704	      7.46645872	     34.23494628	     97.97546171
      7.86666670	     -4.15368552	      0.11463434	     -0.83468541	     -0.63133207	      0.71202087	     -0.17042312	     55.50600618	    -10.11307090	     -6.20965738	     90.37779591	     41.28610577	     -0.93350413	      0.00000000	     55.00054383	    -12.32515486	     -7.31969454	     90.72375211	     40.71668426	      4.14900958	      0.00000000	    -53.32212719	      0.18910417	      3.46134754	     25.08235837	    -12.56097405	    -12.45013065	     29.99240735	     94.89718588	     23.87375219	    -14.77206534	      7.51070880	     34.64026223	     97.91222589
      7.88333330	     -3.93015207	      0.05275074	     -0.97664687	     -0.63045925	      0.71427099	     -0.16961983	     54.95981648	     -9.87249739	     -6.18978609	     90.27598165	     41.43283879	     -1.21239038	      0.00000000	     54.79179075	    -12.41191414	     -7.25854891	     90.73721727	     40.43528757	      3.95479235	      0.00000000	    -53.77082833	      0.01304648	      3.57506617	     25.15169845	    -12.48948407	    -12.51731706	     30.21005801	     94.90229568	     23.92351117	    -14.70102396	      7.44383068	     34.86095790	     97.84614747
      7.90000000	     -3.92122288	      0.07266288	     -1.04588638	     -0.63228576	      0.71460330	     -0.17044473	     54.64534833	     -9.81004829	     -6.14552198	     90.08968386	     41.47531316	     -1.30656208	      0.00000000	     54.85768070	    -12.30966436	     -7.24704412	     90.69158073	     40.40506791	      3.90729673	      0.00000000	    -53.76083778	     -0.04712463	      3.55064908	     24.99446170	    -12.34198583	    -12.50173288	     30.21902978	     94.90830591	     23.83986627	    -14.54918752	      7.45419144	     34.91270869	     97.83680966
      7.91666670	     -3.37017274	      0.00990425	     -1.09650058	     -0.63173931	      0.71961439	     -0.17007955	     53.48627106	     -9.66215930	     -6.20858565	     89.28461986	     41.18869604	     -1.75308669	      0.00000000	     53.91206137	    -12.30347250	     -7.23214822	     90.17488533	     40.03566906	      3.82926530	      0.00000000	    -54.16473881	     -0.08591732	      3.68810215	     24.78948917	    -12.28657331	    -12.56631383	     30.71704211	     94.94565138	     23.80305570	    -14.36624647	      7.17844031	     35.28389925	     97.73854063
      7.93333330	     -3.17705840	      0.03757947	     -1.26700092	     -0.63500062	      0.72179785	     -0.17163301	     53.04561821	     -9.49959010	     -6.09492247	     88.60914714	     40.82815770	     -1.92702342	      0.00000000	     53.40591652	    -12.22631577	     -7.43616411	     89.57729657	     39.70133544	      3.56554833	      0.00000000	    -53.99827274	     -0.18714542	      3.73073396	     24.39296470	    -12.18512134	    -12.61811045	     31.27210565	     95.00144367	     23.59374596	    -14.20752253	      6.87717622	     35.65228709	     97.65899706
      7.95000000	     -3.20791699	      0.09635070	     -1.42500959	     -0.64033571	      0.72608613	     -0.17137168	     52.94883498	     -9.37570855	     -6.03306712	     87.73786120	     40.20877402	     -2.24621775	      0.00000000	     53.18613484	    -12.07934195	     -7.60337843	     88.94735652	     39.20584413	      3.19073456	      0.00000000	    -53.57914938	     -0.27853232	      3.71744036	     23.96315147	    -12.05054459	    -12.69461905	     32.05983269	     95.09865321	     23.37870973	    -14.07339088	      6.51435400	     36.20391289	     97.60828302
      7.96666670	     -3.23726389	      0.08598484	     -1.46961332	     -0.63505550	      0.73409576	     -0.17021348	     52.34206722	     -9.08891810	     -6.03607290	     86.39566379	     39.75461202	     -1.99396259	      0.00000000	     52.57725904	    -12.10019753	     -7.83645253	     87.87461304	     38.24400006	      3.05582669	      0.00000000	    -53.03578855	     -0.25715376	      3.73876899	     23.53735302	    -11.88268788	    -12.71575227	     32.25386280	     95.15073061	     23.09886095	    -14.01442294	      6.41701642	     36.35081605	     97.61216530
      7.98333330	     -3.02149594	      0.01485252	     -1.48656709	     -0.63244639	      0.74136070	     -0.17056847	     50.96389238	     -8.85437252	     -6.22399425	     84.64451776	     39.29093676	     -2.10853269	      0.00000000	     51.44426997	    -12.11105793	     -8.11408434	     86.41637724	     37.21793835	      2.48816369	      0.00000000	    -52.60614626	     -0.20725281	      3.81908079	     22.82364904	    -11.75245708	    -12.79352686	     32.62971398	     95.26756392	     22.67817455	    -13.82869365	      6.20525043	     36.71071826	     97.64067861
      8.00000000	     -2.93937587	     -0.02423885	     -1.57998660	     -0.63646502	      0.74976962	     -0.17137207	     49.94095183	     -8.62506498	     -6.34730945	     82.85849848	     38.44155687	     -2.20494021	      0.00000000	     50.46709062	    -12.03579169	     -8.43946408	     84.74270232	     36.42615849	      2.34484567	      0.00000000	    -52.00182179	     -0.20453980	      3.85352506	     22.32244828	    -11.62164701	    -12.82079608	     32.90391764	     95.38693115	     22.34655827	    -13.69695152	      6.06560867	     37.05429459	     97.70189146
      8.01666670	     -3.14429021	      0.03044892	     -1.64352573	     -0.63738592	      0.75500980	     -0.17087186	     49.56839300	     -8.56604126	     -6.43174571	     81.46426135	     37.23717161	     -2.48260401	      0.00000000	     49.69409694	    -11.85803833	     -8.75181505	     82.98149686	     35.74072266	      2.38220753	      0.00000000	    -50.98956755	     -0.26610590	      3.78397827	     21.69961126	    -11.46451052	    -12.80997988	     33.10843974	     95.51807999	     21.83603949	    -13.66122159	      5.95722091	     37.33586805	     97.79018395
      8.03333330	     -3.16735885	     -0.02419327	     -1.76055330	     -0.63605913	      0.76686341	     -0.17082908	     48.36077069	     -8.18733900	     -6.49785391	     79.20419674	     36.06134465	     -2.56300122	      0.00000000	     48.47381665	    -11.79165172	     -9.11431416	     80.86336364	     34.61981048	      2.23194599	      0.00000000	    -50.07700556	     -0.25039648	      3.70111920	     21.21554010	    -11.27248499	    -12.76818048	     33.29440523	     95.65143835	     21.31216603	    -13.63927920	      5.89338243	     37.38311412	     97.88772285
      8.05000000	     -3.31920532	      0.12732196	     -1.83709227	     -0.63321713	      0.77617057	     -0.17057294	     47.22833047	     -8.05244662	     -6.56790945	     76.76900007	     34.73599974	     -2.65820352	      0.00000000	     46.99468844	    -11.55164544	     -9.69310132	     78.38556624	     33.60081345	      2.05642429	      0.00000000	    -48.96487112	     -0.40135865	      3.52686986	     20.50536950	    -11.02855086	    -12.72024477	     33.38643448	     95.78948082	     20.73400791	    -13.65886388	      5.85909665	     37.30701440	     97.99373878
      8.06666670	     -3.73791763	      0.13742182	     -1.90954727	     -0.63046005	      0.78053162	     -0.17073095	     46.27002944	     -7.89172226	     -6.69860153	     74.61989011	     34.05661921	     -2.38099941	      0.00000000	     45.85499787	    -11.36559984	     -9.98560850	     76.00766247	     33.25891377	      2.38465006	      0.00000000	    -47.21121653	     -0.35808319	      3.46824666	     19.62296058	    -10.86270319	    -12.67906318	     33.24102171	     95.83256227	     19.87182950	    -13.62206242	      5.91840359	     37.15540561	     98.03163534
      8.08333330	     -3.90211570	      0.19873984	     -1.96162287	     -0.62285820	      0.78857198	     -0.17128944	     44.79069150	     -7.72329995	     -6.70183861	     72.35859938	     33.30145381	     -2.32592988	      0.00000000	     44.54584210	    -11.22744166	    -10.49846772	     73.88499348	     32.31679853	      2.68578016	      0.00000000	    -45.73142688	     -0.38642275	      3.32379492	     18.71779465	    -10.68257360	    -12.59570436	     32.88512156	     95.92444200	     18.93304090	    -13.59056774	      5.93675369	     36.76592120	     98.09174501
      8.10000000	     -4.19504829	      0.32402177	     -2.01197174	     -0.62306068	      0.79741515	     -0.17129968	     43.87332202	     -7.71512723	     -6.83574098	     70.46963317	     32.34899205	     -2.55730018	      0.00000000	     43.35477883	    -10.87028539	    -10.93765916	     71.58516481	     31.82430644	      2.95149635	      0.00000000	    -43.93454814	     -0.47375074	      3.17481308	     17.75985505	    -10.51574751	    -12.46567551	     32.49165247	     96.01614743	     17.91321459	    -13.55356611	      5.93497061	     36.33391546	     98.14005264
      8.11666670	     -4.67768944	      0.40468863	     -1.96189445	     -0.62393937	      0.80515651	     -0.17080302	     43.01091826	     -7.53681005	     -6.94435847	     68.08041860	     31.57313072	     -2.62886733	      0.00000000	     42.46454660	    -10.58204700	    -11.38998336	     69.17380893	     30.78510921	      2.95267119	      0.00000000	    -41.87335088	     -0.46668622	      2.96746432	     16.88564974	    -10.29160214	    -12.28133289	     32.20751841	     96.10341480	     16.94576846	    -13.60406466	      5.95595247	     35.90016748	     98.18600096
      8.13333330	     -5.41922524	      0.47080880	     -1.87634678	     -0.61811248	      0.80872714	     -0.17035502	     42.30140626	     -7.38017411	     -7.12078533	     65.57335784	     30.85642706	     -2.81174306	      0.00000000	     42.12872187	    -10.27632738	    -11.59816592	     67.26402425	     30.11086150	      2.67739202	      0.00000000	    -39.16528583	     -0.47612021	      2.71116819	     15.89578738	    -10.05201176	    -11.79411146	     31.44882431	     96.29279409	     15.74458080	    -13.60524099	      5.92870397	     35.20581195	     98.25477766
      8.15000000	     -6.16538694	      0.50306471	     -1.84036299	     -0.61455364	      0.81754528	     -0.16976276	     41.49401766	     -7.18916952	     -7.35532435	     63.04766063	     30.22676154	     -2.61936990	      0.00000000	     41.28381735	    -10.03976801	    -11.96262791	     64.73542367	     29.52846767	      3.09640656	      0.00000000	    -36.64588360	     -0.48708271	      2.58051135	     14.82525662	     -9.93776242	    -11.59052583	     31.20092095	     96.35597804	     14.52937631	    -13.59994290	      5.97680818	     34.88070784	     98.27882737
      8.16666670	     -7.38507921	      0.48204948	     -1.95396289	     -0.60937154	      0.82113012	     -0.16991781	     41.36236328	     -6.95067524	     -7.56766566	     60.74386934	     29.42233473	     -2.70497310	      0.00000000	     41.03620409	     -9.82381441	    -12.11365090	     62.35495927	     29.18741617	      3.42052462	      0.00000000	    -33.20466452	     -0.44832814	      2.42791978	     13.69775593	     -9.73400344	    -10.97273193	     30.64816578	     96.50434233	     12.97654136	    -13.57991710	      5.93042217	     34.22736099	     98.28333807
      8.18333330	     -8.18049362	      0.42133521	     -2.05513606	     -0.60568130	      0.83292271	     -0.17036938	     40.41413819	     -6.59917252	     -7.89663545	     57.61951076	     28.08712075	     -2.34250386	      0.00000000	     39.91869433	     -9.48493634	    -12.22215038	     59.37335172	     28.48078113	      3.77357478	      0.00000000	    -30.43170825	     -0.36524670	      2.36503941	     12.47513128	     -9.60812890	    -10.75267636	     30.23856144	     96.54847667	     11.55479755	    -13.50316776	      5.96777589	     33.83359417	     98.27986170
      8.20000000	     -8.90507017	      0.19243115	     -2.06440616	     -0.60129058	      0.84476033	     -0.17116866	     38.94476794	     -6.02178216	     -8.23997752	     53.87456719	     25.94647645	     -3.19681194	      0.00000000	     38.60674089	     -9.15018320	    -12.09105208	     55.95372167	     27.67064313	      4.10017431	      0.00000000	    -27.43459102	     -0.01767100	      2.09980469	     11.44426121	     -9.41589185	    -10.06894123	     29.26921031	     96.65136942	     10.05452122	    -13.33037687	      5.87332104	     32.89305829	     98.20769021
      8.21666670	     -9.52177374	      0.12768750	     -2.20046384	     -0.60024486	      0.85018640	     -0.17163997	     37.72756596	     -5.66298735	     -8.57541771	     50.63163406	     24.61977547	     -2.78496554	      0.00000000	     37.57043870	     -8.83965690	    -12.34511379	     52.90700086	     26.49503230	      4.26334990	      0.00000000	    -24.83354588	      0.07860258	      2.06918582	     10.29896580	     -9.29425469	     -9.80967371	     28.89879514	     96.67993133	      8.66246500	    -13.23206307	      5.92930849	     32.56608069	     98.18760062
      8.23333330	    -10.21986234	      0.15434775	     -2.23555165	     -0.59653189	      0.86000320	     -0.17395123	     36.47061638	     -5.37860713	     -8.66511739	     47.11975595	     22.75966434	     -3.41052748	      0.00000000	     36.61565996	     -8.20833364	    -12.42338962	     49.55994888	     24.74921352	      3.46905401	      0.00000000	    -22.07646460	      0.19381504	      1.67086718	      9.32031293	     -9.12630336	     -9.08337429	     28.15244050	     96.72737744	      7.27277684	    -13.06011275	      5.92345584	     31.88452791	     98.08492426
      8.25000000	    -11.12265371	      0.16434223	     -2.06586926	     -0.59715024	      0.86641095	     -0.17472674	     35.80206582	     -5.09943322	     -8.68281234	     43.81470944	     21.70159587	     -3.23786582	      0.00000000	     36.19482445	     -7.58155471	    -12.39645115	     46.60433225	     22.81579194	      2.77292014	      0.00000000	    -19.39994877	      0.31356342	      1.30769301	      8.25818666	     -9.09899242	     -8.29138909	     27.88098816	     96.72835998	      5.99371932	    -13.03344713	      6.02296651	     31.79778281	     97.98083939
      8.26666670	    -11.76224266	      0.11704015	     -1.65970086	     -0.59311294	      0.87862906	     -0.17609202	     34.40133940	     -4.84490487	     -8.89829481	     39.78822699	     19.96627075	     -3.15967414	      0.00000000	     35.23058868	     -6.88351495	    -12.29743619	     43.10659602	     20.19899772	      2.02381351	      0.00000000	    -17.09515471	      0.49739927	      0.92522163	      7.30562913	     -9.05207665	     -7.69483865	     27.67613960	     96.68267379	      4.93930657	    -12.91662819	      6.18785743	     31.71966544	     97.89656357
      8.28333330	    -12.50238903	      0.12055510	     -1.39062344	     -0.58920981	      0.88409406	     -0.17713974	     33.07044598	     -4.59939772	     -9.03367907	     35.70832048	     18.44670936	     -2.63324271	      0.00000000	     34.20827974	     -6.12625614	    -12.14663710	     39.17290064	     18.42183454	      2.35624468	      0.00000000	    -14.64498338	      0.57333248	      0.79105718	      6.17250385	     -9.01379739	     -7.38220341	     27.45527983	     96.65035476	      3.84243087	    -12.78417119	      6.34332270	     31.74240837	     97.85951228
      8.30000000	    -13.10198133	      0.11742252	     -1.14055032	     -0.59185205	      0.89502605	     -0.17845245	     31.49462390	     -4.20267411	     -8.92536849	     30.99629513	     16.37264212	     -2.90404914	      0.00000000	     32.90940707	     -5.16864349	    -11.60506940	     34.54607377	     16.09502582	      1.66540868	      0.00000000	    -12.70675639	      0.64152180	      0.62093874	      5.34765573	     -9.05034689	     -6.69218734	     27.21538721	     96.57335794	      2.91557275	    -12.69789531	      6.59955807	     31.83570010	     97.77445859
      8.31666670	    -13.38875345	      0.14056569	     -1.14124084	     -0.58802891	      0.90530253	     -0.17782424	     29.15074946	     -3.64245352	     -8.58572830	     25.61546096	     14.05332753	     -2.74246371	      0.00000000	     30.92126921	     -4.37855687	    -11.12553375	     29.69001592	     13.72435024	      1.43504423	      0.00000000	    -11.07461823	      0.63808872	      0.65074116	      4.65611698	     -9.07980147	     -5.97175377	     26.86198709	     96.48601761	      2.07451944	    -12.55083687	      6.79281433	     31.87888246	     97.66972992
      8.33333330	    -13.65766087	      0.30027138	     -1.23799870	     -0.58922633	      0.91278410	     -0.17916504	     27.06410517	     -3.21103632	     -7.96149756	     20.58854248	     11.72207488	     -2.63089730	      0.00000000	     28.93574392	     -3.50528484	    -10.69115781	     24.89910568	     11.29800439	      1.08736474	      0.00000000	     -9.73774131	      0.47095865	      0.75525652	      4.08472929	     -9.12550217	     -5.26094555	     26.79250738	     96.40040984	      1.36835375	    -12.47874808	      6.95791711	     32.17551385	     97.57817617
      8.35000000	    -13.82611164	      0.48736988	     -1.31345540	     -0.58639998	      0.91472948	     -0.17879720	     25.12994091	     -2.87715987	     -7.27212040	     16.17939520	      9.89661760	     -2.45430214	      0.00000000	     26.90232269	     -2.70052199	    -10.17725544	     20.44315393	      9.37253830	      0.81416365	      0.00000000	     -8.52389128	      0.26172462	      0.78141291	      3.52024676	     -9.14342139	     -4.57290648	     26.79086088	     96.31798865	      0.69410879	    -12.47441996	      7.11938060	     32.59424523	     97.50578850
      8.36666670	    -14.39369375	      0.69821955	     -1.45773569	     -0.58452740	      0.92047460	     -0.17842935	     23.83021262	     -2.64945305	     -6.83812233	     12.30784767	      8.24714684	     -1.89712951	      0.00000000	     25.44481754	     -2.00494040	     -9.95329613	     16.30096815	      7.90125945	      1.21499724	      0.00000000	     -6.74076167	      0.01801655	      0.87777918	      2.82954300	     -9.09259991	     -4.27584042	     26.84888296	     96.30046220	     -0.03437731	    -12.44727917	      7.20441477	     32.83444457	     97.48652209
      8.38333330	    -13.84382058	      0.91947779	     -1.66763722	     -0.58081589	      0.92380885	     -0.17894208	     21.43680021	     -2.49587381	     -5.93445234	      9.01814537	      6.41234216	     -2.34530730	      0.00000000	     22.77002591	     -1.24291693	     -9.22500193	     12.22977305	      6.42127756	      0.80181414	      0.00000000	     -6.55368475	     -0.24694569	      1.02971463	      2.44143284	     -9.20464017	     -3.47312914	     26.98875470	     96.25957394	     -0.59586299	    -12.50202724	      7.35572371	     33.57799111	     97.43452058
      8.40000000	    -13.80372660	      0.98311988	     -1.99837242	     -0.57847153	      0.93115295	     -0.17871349	     19.76347029	     -2.21458739	     -5.36196099	      6.00454700	      4.84232148	     -2.19048484	      0.00000000	     20.81143337	     -0.82913836	     -8.85305436	      8.79130481	      5.20626845	      0.96364358	      0.00000000	     -5.69213847	     -0.26230784	      1.23161663	      1.96213718	     -9.33190623	     -2.88888868	     27.08558560	     96.22303170	     -1.32485160	    -12.41624353	      7.39660459	     34.00478928	     97.39065568
      8.41666670	    -13.50194658	      1.02294001	     -2.17355722	     -0.57429023	      0.93209908	     -0.17773728	     17.74404083	     -1.95899047	     -4.85392238	      3.08068346	      3.56445028	     -1.93243054	      0.00000000	     18.77836791	     -0.50493187	     -8.51119319	      5.80964149	      4.21606201	      1.09151056	      0.00000000	     -5.02215454	     -0.38565616	      1.35730046	      1.40705596	     -9.32846742	     -2.40469846	     26.98719288	     96.19138679	     -1.97290116	    -12.39865641	      7.41150888	     34.34904934	     97.36456871
      8.43333330	    -13.62044835	      1.06959360	     -2.41245991	     -0.57673861	      0.93655243	     -0.17789968	     16.56291683	     -1.75332375	     -4.34906950	      0.60875403	      2.36614731	     -1.49575112	      0.00000000	     17.58078266	     -0.26204166	     -8.16494280	      3.38926154	      3.36371690	      1.49453108	      0.00000000	     -4.14677089	     -0.43188086	      1.51636516	      1.04566799	     -9.40280846	     -2.14480796	     26.98930217	     96.18000972	     -2.43781683	    -12.30195089	      7.41252629	     34.60518282	     97.35889156
      8.45000000	    -13.68278288	      1.10274603	     -2.69780084	     -0.57683191	      0.93482495	     -0.17791966	     16.29944353	     -1.63849803	     -3.95750358	      0.00000000	      2.25793047	     -1.29668945	      0.00000000	     16.69352709	     -0.12743573	     -7.76145233	      1.65267650	      3.21176661	      1.71292387	      0.00000000	     -3.57570426	     -0.38837416	      1.73304242	      0.84196353	     -9.47105346	     -2.03621542	     26.98285915	     96.17956849	     -2.87107384	    -12.20735969	      7.43627220	     34.71487822	     97.36370793
      8.46666670	    -13.62432082	      1.25872263	     -3.14648351	     -0.57525657	      0.93293828	     -0.17733873	     16.19117934	     -1.64642028	     -3.67981163	      0.00000000	      2.31338162	     -1.04183374	      0.00000000	     15.75784204	      0.06911980	     -7.84277167	      0.05076584	      2.47046455	      1.82210818	      0.00000000	     -3.14768613	     -0.58182904	      2.19129895	      0.71195667	     -9.56291450	     -1.79798924	     26.96713590	     96.18617888	     -3.08202891	    -12.15127924	      7.37828654	     35.08947288	     97.36625723
      8.48333330	    -13.57316307	      1.18997219	     -3.30315781	     -0.57350940	      0.92765404	     -0.17733337	     16.02230063	     -1.49742234	     -3.56404534	      0.00000000	      2.36736098	     -1.02892231	      0.00000000	     15.51698772	     -0.02172763	     -7.71722011	      0.00000000	      2.95145826	      1.64914179	      0.00000000	     -2.84728635	     -0.52873653	      2.37956428	      0.53089010	     -9.70948181	     -1.71030019	     26.92228882	     96.18288501	     -3.30389088	    -12.05681531	      7.36598303	     35.25343193	     97.37450306
      8.50000000	    -13.50993826	      1.18021151	     -3.37472461	     -0.57417008	      0.92583797	     -0.17753099	     15.87602980	     -1.44695288	     -3.50384166	      0.00000000	      2.40034300	     -1.04611047	      0.00000000	     15.29070118	     -0.02084704	     -7.64348923	      0.00000000	      3.04578855	      1.61842056	      0.00000000	     -2.53865530	     -0.52868986	      2.39100167	      0.49358902	     -9.78270808	     -1.70726021	     26.92527743	     96.18052180	     -3.33083996	    -12.01348718	      7.36596516	     35.29939404	     97.37675085
      8.51666670	    -13.41759769	      1.01242320	     -3.46326362	     -0.57382788	      0.92828231	     -0.17683888	     15.71010001	     -1.20188651	     -3.08326110	      0.00000000	      2.46061009	     -1.31981366	      0.00000000	     14.99436847	     -0.20061975	     -7.33727492	      0.00000000	      3.62236991	      1.24771188	      0.00000000	     -2.33242580	     -0.29509425	      2.63637131	      0.24566022	     -9.95855093	     -1.64327184	     26.83749869	     96.16833407	     -3.51523621	    -11.82272516	      7.32849470	     35.40184339	     97.39295153
      8.53333330	    -13.03692335	      0.91055999	     -3.51530384	     -0.57266610	      0.92797215	     -0.17579485	     15.25414355	     -1.03473183	     -2.28051488	      0.00000000	      1.97994768	     -2.63709628	      0.00000000	     14.41418227	     -0.28985125	     -6.84909508	      0.00000000	      3.57890661	      0.41457969	      0.00000000	     -2.65803884	     -0.20186120	      2.79174548	      0.13100823	    -10.04197883	     -1.53354262	     26.80178359	     96.10093903	     -3.31568213	    -11.65721816	      7.08965133	     35.24249209	     97.46503518
      8.55000000	    -12.60791677	      0.74762217	     -3.55184570	     -0.57291783	      0.92819909	     -0.17545140	     14.79234000	     -0.81582386	     -1.63283180	      0.00000000	      1.50802200	     -3.67018471	      0.00000000	     13.83900914	     -0.44768269	     -6.52429006	      0.00000000	      3.54902730	     -0.17376558	      0.00000000	     -3.11044993	     -0.00931666	      2.78311196	      0.27000223	    -10.13741765	     -1.57779295	     26.82496279	     96.02476133	     -3.11390647	    -11.40470005	      6.90520310	     34.75550022	     97.55306054
      8.56666670	    -12.18811566	      0.53013963	     -3.37604536	     -0.57130068	      0.92892299	     -0.17488618	     14.30524467	     -0.59517819	     -1.19963604	      0.00000000	      0.83375858	     -4.82498878	      0.00000000	     13.70199443	     -0.68766670	     -6.11297825	      0.80675988	      3.81581098	     -0.72690902	      0.00000000	     -3.68245358	      0.20225788	      2.61039130	      0.38478355	    -10.17830016	     -1.71560152	     26.73964092	     95.95599892	     -2.81276127	    -11.17826273	      6.75233484	     34.17667102	     97.63935216
      8.58333330	    -12.22649140	      0.41366965	     -3.35511693	     -0.57389761	      0.92368098	     -0.17526232	     15.31611653	     -0.45908935	     -0.51273826	      1.60221682	      0.51089985	     -6.70322554	      0.00000000	     14.68712415	     -0.96316501	     -5.97644683	      2.54124648	      3.95149213	     -1.82534180	      0.00000000	     -3.94568741	      0.36443976	      2.67826497	      0.58501706	    -10.23287822	     -1.94843551	     26.71444835	     95.87176517	     -2.33347201	    -10.98154980	      6.52604504	     33.46893119	     97.77887646
      8.60000000	    -12.48224161	      0.40933331	     -3.40757960	     -0.57222698	      0.91996246	     -0.17423359	     17.37318395	     -0.45195829	     -0.21190952	      4.91303043	      1.18946154	     -8.11400941	      0.00000000	     16.12832021	     -1.19802411	     -5.98373146	      4.80917550	      4.48660472	     -2.86019757	      0.00000000	     -4.03317915	      0.39649732	      2.71940713	      0.72503092	    -10.27492438	     -2.22338994	     26.65019101	     95.80914622	     -2.00937919	    -10.81892861	      6.40947996	     32.98302561	     97.91823010
      8.61666670	    -12.86389618	      0.45690150	     -3.45622934	     -0.57393918	      0.91595114	     -0.17312334	     19.73352536	     -0.46476507	      0.04296990	      8.59105116	      2.40866833	     -9.33867942	      0.00000000	     18.00528881	     -1.42392245	     -6.03507608	      7.48698876	      5.39253376	     -3.72367976	      0.00000000	     -4.03115312	      0.39977461	      2.77981917	      0.93306481	    -10.28691730	     -2.49028267	     26.58334613	     95.77333522	     -1.68917307	    -10.71610562	      6.29284529	     32.52571262	     98.03719595
      8.63333330	    -13.31483263	      0.49202846	     -3.39849577	     -0.57240325	      0.90781961	     -0.17421527	     22.32913452	     -0.58582135	      0.09603857	     12.59477931	      3.68975552	    -10.64214505	      0.00000000	     20.37146752	     -1.74184155	     -6.30547998	     11.18101720	      6.44599904	     -4.83967363	      0.00000000	     -3.91418182	      0.48906749	      2.78204181	      1.03870071	    -10.33760017	     -2.77780696	     26.47353487	     95.74707402	     -1.46219847	    -10.64887400	      6.21161628	     32.22210316	     98.14268090
      8.65000000	    -13.87968103	      0.65209208	     -3.28030552	     -0.57519129	      0.90626512	     -0.17462396	     25.17677470	     -0.86481952	      0.17700963	     16.80504850	      5.23966855	    -11.56025527	      0.00000000	     23.02202953	     -1.91685417	     -6.62334580	     15.06149752	      7.61960894	     -5.69553801	      0.00000000	     -3.74460165	      0.45604781	      2.68148129	      1.24151924	    -10.33831178	     -3.11465483	     26.34817837	     95.72889716	     -1.18648126	    -10.59226283	      6.16749491	     31.92738133	     98.24600274
      8.66666670	    -13.62697501	      0.66662995	     -3.10231650	     -0.57967110	      0.90498854	     -0.17473445	     27.07436927	     -1.06579786	      0.23148747	     20.87454325	      6.83821236	    -12.55317225	      0.00000000	     24.92481267	     -2.22054725	     -6.80618761	     19.38417212	      9.07476829	     -6.54752286	      0.00000000	     -4.92362981	      0.51922958	      2.59088911	      1.80816787	    -10.42759916	     -3.29825523	     26.33506077	     95.72079774	     -0.62120586	    -10.59473054	      6.13292921	     31.79211560	     98.28543814
      8.68333330	    -14.68089483	      0.72597828	     -2.85050974	     -0.57916055	      0.89710039	     -0.17515489	     30.42126175	     -1.36410420	     -0.15372038	     25.30809142	      8.73638284	    -12.80054396	      0.00000000	     28.57298230	     -2.68732581	     -7.38642358	     24.53922870	     10.87600127	     -6.64743941	      0.00000000	     -4.06850297	      0.65934414	      2.39683725	      1.80570473	    -10.43186829	     -3.80893697	     26.22762650	     95.69858101	     -0.57462271	    -10.62096683	      6.11968962	     31.69910319	     98.39374976
      8.70000000	    -14.88676100	      0.74393327	     -2.75582273	     -0.57785595	      0.88533945	     -0.17363684	     32.84361127	     -1.62167778	     -0.41051523	     29.60245435	     10.74219190	    -12.91052781	      0.00000000	     31.08529657	     -3.25169026	     -8.01820110	     29.31517889	     13.32253854	     -6.35408556	      0.00000000	     -4.44402870	      0.76584934	      2.31486454	      2.08316564	    -10.46569093	     -4.29166589	     26.10785579	     95.69365139	     -0.39138388	    -10.66427906	      6.05522039	     31.71204496	     98.47785057
      8.71666670	    -14.97882881	      0.73497833	     -2.68795546	     -0.58230925	      0.87898736	     -0.17371252	     35.28626229	     -1.87433475	     -0.70089154	     34.09004377	     12.94049215	    -12.81672534	      0.00000000	     33.46613814	     -3.86004354	     -8.57189724	     34.03600073	     15.70870554	     -5.93616011	      0.00000000	     -5.09356230	      0.91269458	      2.13893417	      2.52601127	    -10.47047405	     -4.78736073	     26.18499193	     95.69503090	     -0.09766368	    -10.72234345	      5.96425884	     31.80011033	     98.55544695
      8.73333330	    -14.92656021	      0.66308407	     -2.60474113	     -0.58203348	      0.86442479	     -0.17254879	     37.73203755	     -2.15833142	     -1.14437957	     39.01082889	     15.54199525	    -12.25393025	      0.00000000	     35.86087228	     -4.66352474	     -8.99794265	     39.22007758	     18.50827791	     -5.41770698	      0.00000000	     -5.82079741	      1.08424187	      1.88251112	      2.98303277	    -10.43194777	     -5.30690165	     26.31942943	     95.70430801	      0.09147406	    -10.88067368	      5.80608323	     32.02900036	     98.62299831
      8.75000000	    -14.87448162	      0.61511953	     -2.56478554	     -0.57988428	      0.84948046	     -0.17148846	     40.29957101	     -2.58368530	     -1.70679905	     44.40044677	     18.19732133	    -11.49482001	      0.00000000	     38.19130146	     -5.56945287	     -9.40752526	     44.55361160	     21.53239892	     -4.74104950	      0.00000000	     -6.51869313	      1.23481085	      1.59303750	      3.42890315	    -10.34867853	     -5.80351560	     26.27269089	     95.71910166	      0.19858303	    -11.04936315	      5.60982640	     32.15162918	     98.67102694
      8.76666670	    -14.82278300	      0.54317481	     -2.56974567	     -0.58281425	      0.83881954	     -0.17129772	     42.61083212	     -3.01749674	     -2.37434872	     49.24787359	     21.02962909	    -10.41125034	      0.00000000	     40.56098701	     -6.44025275	     -9.58164370	     49.61719350	     24.52227891	     -3.95306392	      0.00000000	     -7.27862766	      1.35820418	      1.36194569	      3.99336702	    -10.29056557	     -6.25338772	     26.22311149	     95.73736930	      0.39274633	    -11.24680915	      5.38014403	     32.31504766	     98.70961129
      8.78333330	    -14.72679949	      0.44529829	     -2.58688547	     -0.58628817	      0.83046772	     -0.17123144	     44.50084356	     -3.52524919	     -3.21468303	     53.25806299	     23.42268810	     -9.17125442	      0.00000000	     42.63753272	     -7.22133856	     -9.67999156	     53.86792423	     27.01304305	     -2.93417246	      0.00000000	     -8.26518880	      1.47311323	      1.18819062	      4.75233359	    -10.23487397	     -6.64634703	     26.14093579	     95.75183985	      0.77072934	    -11.41991655	      5.18408939	     32.39187700	     98.75347667
      8.80000000	    -14.32937971	      0.23129990	     -2.60457297	     -0.58530513	      0.82781910	     -0.17119227	     45.32819505	     -3.94637481	     -4.10724096	     56.13926782	     25.21165773	     -7.91801457	      0.00000000	     43.97627112	     -7.97570715	     -9.64841489	     57.37463353	     28.57759848	     -2.19971724	      0.00000000	     -9.73733111	      1.69262210	      1.11217648	      5.60933424	    -10.19769191	     -7.00404308	     26.08166980	     95.75706993	      1.30018770	    -11.49051385	      5.03732632	     32.29599894	     98.79749602
      8.81666670	    -13.76339082	      0.06156803	     -2.54933879	     -0.59125295	      0.82334221	     -0.17072135	     46.04690709	     -4.41004446	     -4.98619338	     58.51513567	     26.47357647	     -6.76464190	      0.00000000	     44.83983706	     -8.49253078	     -9.59951760	     59.88848508	     29.85886957	     -1.33655453	      0.00000000	    -11.86844046	      1.78302372	      1.14546677	      6.62485108	    -10.13562653	     -7.34174234	     25.97044382	     95.75915567	      2.11131541	    -11.62367616	      4.97714646	     32.27155128	     98.85620295
      8.83333330	    -13.09674453	     -0.16153603	     -2.48239725	     -0.59942601	      0.81334002	     -0.17176605	     46.81207742	     -4.77303258	     -5.67838404	     60.89873955	     28.07699026	     -5.59290035	      0.00000000	     46.08775637	     -9.00235337	     -9.28819571	     62.75374462	     31.02834782	     -0.98202232	      0.00000000	    -14.41079632	      1.92969393	      1.18498522	      7.92384639	    -10.21861079	     -7.63775012	     26.05545116	     95.75861448	      3.16431472	    -11.77009378	      5.08799321	     32.58127202	     98.93416732
      8.85000000	    -12.37317568	     -0.32854251	     -2.40006396	     -0.60448721	      0.80786382	     -0.17202706	     47.48970899	     -5.22021886	     -6.29297930	     63.20101582	     29.03534160	     -4.99921769	      0.00000000	     47.16793792	     -9.41544237	     -8.99787748	     65.59238911	     31.49612005	     -1.00909600	      0.00000000	    -17.36147742	      1.99058725	      1.29575958	      9.41608680	    -10.32312802	     -7.95240938	     26.42045975	     95.75487448	      4.45455784	    -11.94171259	      5.33319502	     32.98331366	     99.01889794
      8.86666670	    -11.74294603	     -0.37656746	     -2.30535030	     -0.60763217	      0.79642718	     -0.17104957	     48.69983636	     -5.71674485	     -6.58324939	     66.10923995	     29.96192977	     -5.04798633	      0.00000000	     48.39824014	     -9.70361212	     -8.61247533	     68.19890179	     32.49158804	     -0.89568336	      0.00000000	    -20.03141922	      1.86578305	      1.39759375	     10.80259186	    -10.43820357	     -8.11445760	     26.71415556	     95.75182062	      5.83067926	    -12.17740641	      5.46029769	     33.21931139	     99.04900216
      8.88333330	    -10.83576033	     -0.41161839	     -1.99112589	     -0.61085563	      0.79256584	     -0.17007483	     49.23523406	     -6.20075436	     -6.89067393	     68.60550583	     31.19529496	     -4.45685041	      0.00000000	     49.14827733	    -10.01078725	     -8.58345461	     70.40600072	     33.13278848	     -0.17837508	      0.00000000	    -23.49581836	      1.76827846	      1.47363702	     12.26608706	    -10.50123210	     -8.55045709	     27.10758451	     95.72390634	      7.59860223	    -12.63226328	      5.95073755	     33.65290751	     99.12601512
      8.90000000	    -10.13616547	     -0.32819510	     -1.67535971	     -0.61279276	      0.78216393	     -0.17168035	     49.84651138	     -6.85141618	     -7.08727575	     70.83490103	     32.66232274	     -3.57097708	      0.00000000	     49.86092546	    -10.15439909	     -8.51717089	     72.48670810	     33.77390793	      0.16156714	      0.00000000	    -26.43333218	      1.65810400	      1.53214750	     13.55456220	    -10.61380821	     -9.01486073	     27.38497338	     95.68821997	      9.35116919	    -13.02553137	      6.48252402	     33.99653679	     99.17349423
      8.91666670	     -9.73895825	     -0.25815465	     -1.55651106	     -0.61801315	      0.77154862	     -0.17218316	     51.07013293	     -7.42592128	     -7.18614903	     73.52468201	     33.33991422	     -3.80307149	      0.00000000	     51.09004459	    -10.28542324	     -8.34119147	     74.79115095	     34.31115630	      0.13368595	      0.00000000	    -29.05388089	      1.52239283	      1.59457856	     14.85205628	    -10.77463232	     -9.21945788	     27.66060476	     95.67034184	     10.92903016	    -13.31797062	      6.59792588	     34.21987097	     99.16759987
      8.93333330	     -8.94432830	     -0.16306732	     -1.52454783	     -0.61642367	      0.76438545	     -0.17269481	     51.78383761	     -7.92775600	     -6.98233478	     76.21036385	     34.43321697	     -3.21419141	      0.00000000	     51.53368853	    -10.43518700	     -8.23196791	     77.21221285	     35.16197662	      0.52353046	      0.00000000	    -32.00519740	      1.39206829	      1.78943839	     16.03481782	    -10.95741468	     -9.69392491	     27.94934375	     95.61852116	     12.44592420	    -13.62616200	      6.99188884	     34.28591117	     99.15373256
      8.95000000	     -8.11790065	     -0.12953761	     -1.68118622	     -0.61883838	      0.76114508	     -0.17331975	     51.91878098	     -8.05706993	     -6.64742954	     78.00941878	     35.85672810	     -2.34727176	      0.00000000	     51.67181617	    -10.60262701	     -8.07328050	     79.05382871	     35.83323166	      0.70649348	      0.00000000	    -34.93593055	      1.29501980	      2.08900274	     17.38317572	    -11.16084201	    -10.09365882	     28.25273967	     95.57978462	     13.93102436	    -13.82116095	      7.23197621	     34.14932032	     99.10030571
      8.96666670	     -7.12115274	     -0.03395037	     -1.89389789	     -0.61892279	      0.75532881	     -0.17290991	     51.87050733	     -8.18605820	     -6.25789880	     79.71217771	     36.93063438	     -1.79947861	      0.00000000	     51.53409012	    -10.78906615	     -8.07696854	     80.79900176	     36.48528560	      0.89480998	      0.00000000	    -37.85811922	      1.08336390	      2.38930425	     18.58317905	    -11.36514346	    -10.43642216	     28.51385955	     95.54118407	     15.30047852	    -14.03231129	      7.34885733	     34.05623122	     99.02330627
      8.98333330	     -6.42287938	      0.08802300	     -2.14036804	     -0.62556300	      0.74945898	     -0.17292976	     52.40497703	     -8.30435538	     -5.85123424	     81.38233478	     37.36406172	     -1.80445029	      0.00000000	     51.73839755	    -10.95147220	     -8.15868471	     82.32835309	     36.83240442	      0.74124005	      0.00000000	    -40.60218545	      0.78601155	      2.61278597	     19.77892545	    -11.54295130	    -10.66881150	     28.77823109	     95.50878168	     16.70194087	    -14.29330147	      7.38990743	     34.08409767	     98.96027715
      9.00000000	     -5.96544378	      0.10965207	     -2.30277984	     -0.62799800	      0.73949491	     -0.17301122	     53.42367108	     -8.46916639	     -5.57608845	     83.44738439	     37.52456512	     -1.88464942	      0.00000000	     52.62945950	    -11.14926087	     -7.95951194	     84.15118803	     37.15965993	      0.63733150	      0.00000000	    -42.81723592	      0.70964601	      2.71128927	     20.87174993	    -11.81515373	    -10.76611379	     29.02336177	     95.49198950	     17.79040548	    -14.55628895	      7.31063082	     34.17564008	     98.93158029
      9.01666670	     -5.17902241	      0.27558467	     -2.43263554	     -0.63246136	      0.73339710	     -0.17089985	     54.00471361	     -8.53833680	     -5.21521070	     85.17315824	     38.16999748	     -1.86027546	      0.00000000	     52.94656781	    -11.36719196	     -7.99557749	     85.90890062	     38.07871725	      1.05125915	      0.00000000	    -45.36958386	      0.31469196	      2.90272669	     21.74688403	    -12.01416229	    -11.10626937	     29.52729893	     95.41774766	     19.22507031	    -14.93598344	      7.43363053	     34.43843698	     98.84838043
      9.03333330	     -4.84522928	      0.28050743	     -2.31052898	     -0.63521247	      0.72560432	     -0.17078815	     55.04436662	     -8.64987386	     -5.09801076	     86.89223642	     38.49556159	     -2.02963494	      0.00000000	     53.95810930	    -11.54864890	     -7.71121021	     87.64901910	     38.34908485	      0.91605264	      0.00000000	    -47.18808314	      0.28419771	      2.89364614	     22.62680449	    -12.19660598	    -11.18724479	     29.71569748	     95.40169884	     20.45970310	    -15.27420457	      7.33726772	     34.66783012	     98.82017475
      9.05000000	     -4.45957425	      0.24021152	     -2.00868901	     -0.63551290	      0.71915349	     -0.17218900	     55.62218203	     -8.95691379	     -5.13496120	     88.39741998	     39.27315201	     -2.06910468	      0.00000000	     54.73559071	    -11.63726056	     -7.33513857	     89.36825421	     38.65946913	      1.07597320	      0.00000000	    -48.81621682	      0.32205709	      2.98880157	     23.14898370	    -12.44989902	    -11.38752990	     29.84734460	     95.36044559	     21.44413686	    -15.38812677	      7.43023236	     35.09620723	     98.77314738
      9.06666670	     -4.32042740	      0.26794305	     -1.83350635	     -0.63865440	      0.71723769	     -0.17248053	     56.11505619	     -9.18538085	     -5.14461271	     89.26647857	     39.35651545	     -2.08464933	      0.00000000	     55.40741997	    -11.74835999	     -7.33429854	     90.31887029	     38.58078786	      1.19163317	      0.00000000	    -50.21252605	      0.25690207	      2.96962273	     23.88278649	    -12.60619724	    -11.45276605	     30.03284998	     95.34700560	     22.41422159	    -15.51511650	      7.39314289	     35.34405972	     98.74957515
      9.08333330	     -3.82261477	      0.28137574	     -1.58655307	     -0.63762385	      0.71160510	     -0.17272934	     56.01661833	     -9.63724639	     -5.27226951	     90.18345271	     39.91778235	     -1.97129895	      0.00000000	     55.29909165	    -11.74427512	     -7.15723333	     91.02155117	     39.03532932	      1.58907533	      0.00000000	    -51.67948422	      0.20652957	      3.12343817	     24.34605444	    -12.88421941	    -11.60223078	     30.11812588	     95.32177638	     23.26081183	    -15.40882445	      7.48709446	     35.81429535	     98.69054059
      9.10000000	     -3.85763393	      0.29465102	     -1.51030487	     -0.64012601	      0.70966085	     -0.17137265	     56.23861691	     -9.74852904	     -5.33413626	     90.62579791	     40.22488822	     -1.93582654	      0.00000000	     55.93941390	    -11.93997709	     -7.19909640	     91.65149842	     38.93585236	      1.64030694	      0.00000000	    -52.67971656	      0.06606827	      3.14614818	     24.94728074	    -12.93214062	    -11.62911357	     30.27050164	     95.31761330	     23.99809798	    -15.44535616	      7.44511417	     36.01475067	     98.66862767
      9.11666670	     -3.49618011	      0.22669424	     -1.50219710	     -0.63681330	      0.70577831	     -0.17200415	     55.96988474	     -9.99147967	     -5.51882945	     91.20965274	     41.14092488	     -1.34321468	      0.00000000	     56.09594822	    -12.20011485	     -7.13741910	     92.44216170	     38.81542126	      1.69521430	      0.00000000	    -53.69706068	      0.01325627	      3.36755903	     25.17330406	    -13.08909696	    -11.77744846	     30.39440803	     95.30928973	     24.38936807	    -15.27867683	      7.39530693	     36.34917070	     98.58903300
      9.13333330	     -3.45106095	      0.32700392	     -1.44062914	     -0.63792279	      0.70303786	     -0.17170927	     56.10776404	    -10.32001095	     -5.54723561	     91.79037307	     41.43968659	     -1.08118473	      0.00000000	     56.33332364	    -12.19424230	     -7.08619355	     92.95896200	     39.20835133	      2.07018677	      0.00000000	    -54.24737329	     -0.08227918	      3.35382355	     25.31813420	    -13.14043444	    -11.92888241	     30.75665759	     95.31031179	     24.70050863	    -15.15845570	      7.20962692	     36.63149859	     98.49091568
      9.15000000	     -3.33960859	      0.33296251	     -1.48837404	     -0.63873904	      0.70171075	     -0.17204915	     56.20750481	    -10.34470414	     -5.50031333	     92.19538014	     41.60967812	     -1.11518224	      0.00000000	     56.45300247	    -12.23235385	     -7.03320682	     93.41337280	     39.23498855	      2.09015343	      0.00000000	    -54.55234337	     -0.12908331	      3.34707460	     25.46163291	    -13.11212240	    -11.95268584	     30.88213690	     95.31212468	     24.82099867	    -15.07418676	      7.16290112	     36.70536170	     98.47270035
      9.16666670	     -3.43358863	      0.34051725	     -1.50909932	     -0.63491788	      0.70461161	     -0.17165843	     56.12829850	    -10.33212909	     -5.51234499	     92.24882447	     41.61522662	     -1.11852528	      0.00000000	     56.44927396	    -12.21401371	     -7.04954766	     93.44082059	     39.23292676	      2.09335011	      0.00000000	    -54.54746606	     -0.13852877	      3.34129259	     25.46946677	    -13.10544683	    -11.95306809	     30.89256807	     95.31236558	     24.82916012	    -15.06266580	      7.16120269	     36.71175099	     98.47186595
      9.18333330	     -3.50792370	      0.33395353	     -1.53052649	     -0.63883388	      0.70639543	     -0.17247212	     55.94856987	    -10.29543086	     -5.63205364	     91.90408997	     41.68462783	     -1.15270793	      0.00000000	     56.25718208	    -12.18628911	     -7.18248819	     93.01182084	     39.22715454	      2.14217583	      0.00000000	    -54.29100966	     -0.19131090	      3.25966056	     25.43597606	    -12.95876735	    -11.94403776	     31.00866885	     95.31653417	     24.87277873	    -14.91307925	      7.14498683	     36.78958106	     98.46429222
      9.20000000	     -2.93476495	      0.50875474	     -1.64014301	     -0.64124595	      0.71182365	     -0.17241568	     54.99439635	    -10.27566670	     -5.48431755	     91.15672037	     41.71086076	     -1.22828165	      0.00000000	     55.15573738	    -12.01682734	     -7.59298302	     92.13158906	     39.06383362	      2.36313084	      0.00000000	    -55.07534817	     -0.46388303	      3.19907541	     24.45071656	    -12.60446548	    -13.12050057	     33.99400728	     95.44649835	     24.60225795	    -14.51878489	      5.17213479	     38.07457913	     98.15349614
      9.21666670	     -2.63330848	      0.49379430	     -1.81560254	     -0.64158082	      0.72070248	     -0.17075661	     54.09715995	     -9.90477104	     -5.45288717	     89.90380162	     40.94101734	     -1.78322324	      0.00000000	     54.03077377	    -11.95550603	     -7.75260118	     90.90055473	     38.68315966	      2.38516977	      0.00000000	    -55.19247674	     -0.62602341	      3.10658755	     24.48275059	    -12.28750193	    -13.31402815	     34.12949336	     95.56463814	     24.59312226	    -14.43010080	      4.89186602	     38.05812845	     98.17628505
      9.23333330	     -2.64357184	      0.54102480	     -1.88619616	     -0.64432564	      0.72058094	     -0.17322736	     53.85546262	     -9.80833151	     -5.33922544	     88.99723499	     40.09516691	     -2.22183593	      0.00000000	     53.61292647	    -11.86818890	     -7.99216300	     89.92967718	     38.12080220	      1.94745438	      0.00000000	    -54.73025500	     -0.67107951	      3.00945100	     24.18996459	    -12.14976349	    -13.42073243	     34.52204577	     95.72184824	     24.42343195	    -14.34624275	      4.66072159	     38.16428116	     98.23405474
      9.25000000	     -2.71801414	      0.44184059	     -1.95517500	     -0.64471935	      0.72652477	     -0.17285242	     53.48460985	     -9.50849401	     -5.37836907	     87.80459005	     39.67992603	     -2.06674850	      0.00000000	     53.24661677	    -11.78606226	     -8.03687918	     88.89981288	     37.84196375	      2.03734289	      0.00000000	    -54.02563421	     -0.62437684	      3.00896256	     23.85910060	    -12.00512025	    -13.40720794	     34.60497426	     95.77241678	     24.18226046	    -14.25257097	      4.63554099	     38.17318231	     98.25949870
      9.26666670	     -2.80530460	      0.28796629	     -2.02600869	     -0.64617302	      0.73463438	     -0.17293052	     52.82519768	     -9.10132847	     -5.52138342	     86.11178504	     38.90831172	     -2.37726001	      0.00000000	     52.69171185	    -11.74481123	     -8.05483184	     87.59245993	     37.10573426	      1.59174228	      0.00000000	    -53.43952275	     -0.52632961	      3.11497548	     23.34590723	    -11.96135333	    -13.38173865	     35.34916096	     95.97943507	     23.92738085	    -14.13994289	      4.40156153	     38.40160293	     98.36674085
      9.28333330	     -2.91670383	      0.16651422	     -2.13921383	     -0.64389598	      0.74359455	     -0.17290035	     51.83179047	     -8.79240667	     -5.67337543	     84.28602599	     38.02672389	     -2.20783332	      0.00000000	     51.91638175	    -11.75191885	     -8.24524449	     86.12284077	     36.14956536	      1.48093151	      0.00000000	    -52.60617113	     -0.44082948	      3.20009872	     22.80594463	    -11.85432602	    -13.34067246	     35.52044822	     96.08072707	     23.52767991	    -14.05149611	      4.34637466	     38.43901892	     98.42944724
      9.30000000	     -2.83141077	      0.06695594	     -2.22764409	     -0.64195088	      0.75274998	     -0.17383798	     50.49951606	     -8.54739935	     -5.93862151	     82.27463604	     36.88572233	     -2.75925286	      0.00000000	     50.60846729	    -11.62796445	     -8.46724236	     84.26130348	     35.19619584	      0.98802205	      0.00000000	    -51.92645326	     -0.32590337	      3.21260381	     22.22797990	    -11.74362191	    -13.26116066	     35.77931950	     96.26809752	     23.10827846	    -13.86312828	      4.24427242	     38.42272710	     98.54811716
      9.31666670	     -2.87009177	      0.03622190	     -2.28373378	     -0.64037270	      0.76138206	     -0.17411487	     49.31753899	     -8.40811690	     -6.16167784	     80.22472870	     35.41890835	     -3.22347956	      0.00000000	     49.27403102	    -11.50341017	     -8.85492953	     82.08530155	     34.27515202	      0.80951553	      0.00000000	    -50.93041803	     -0.23760488	      3.13370135	     21.63243208	    -11.62903068	    -13.15945804	     35.88576046	     96.46716411	     22.56815020	    -13.71979064	      4.17233853	     38.24291793	     98.67846676
      9.33333330	     -3.15706964	      0.11723847	     -2.36503894	     -0.64072640	      0.77000459	     -0.17377585	     48.40842318	     -8.28834828	     -6.25745186	     78.06498273	     33.88497649	     -3.45044117	      0.00000000	     48.09440454	    -11.26874731	     -9.32980860	     79.69578614	     33.41865598	      0.73057575	      0.00000000	    -49.68861315	     -0.27966247	      3.02907850	     20.89225739	    -11.46739225	    -13.03155524	     35.75488738	     96.67366013	     21.94785297	    -13.62703141	      4.13961643	     38.01517658	     98.82138600
      9.35000000	     -3.59517935	      0.12550959	     -2.40748903	     -0.63830216	      0.77702837	     -0.17400127	     47.50568651	     -8.07801216	     -6.42824817	     75.83702436	     33.29517599	     -3.22574224	      0.00000000	     47.23404941	    -11.13070943	     -9.76008234	     77.51734488	     32.85963753	      0.94298868	      0.00000000	    -48.00074794	     -0.22627023	      2.94799480	     19.99083608	    -11.29422089	    -12.96579641	     35.54224615	     96.72275382	     21.13615340	    -13.50885259	      4.21152044	     37.87313440	     98.86204347
      9.36666670	     -4.00777411	      0.17188751	     -2.44515613	     -0.63481806	      0.78731391	     -0.17377945	     46.18231098	     -7.76319495	     -6.56364721	     72.86835873	     32.26440320	     -3.35442364	      0.00000000	     46.03976395	    -10.86482963	    -10.15047690	     74.81744818	     31.91830024	      0.90226803	      0.00000000	    -46.50509780	     -0.27076136	      2.75439853	     19.31073266	    -11.07141631	    -12.68750772	     35.04507659	     96.94060598	     20.41728749	    -13.44047199	      4.22749607	     37.38771928	     99.01388054
      9.38333330	     -4.48240441	      0.22986254	     -2.32565147	     -0.63105894	      0.79681930	     -0.17413346	     44.96722283	     -7.63590371	     -6.72178074	     70.27409988	     31.46922705	     -3.12162204	      0.00000000	     44.89269717	    -10.56844332	    -10.59301620	     72.19573974	     30.93325052	      1.19750275	      0.00000000	    -44.59755753	     -0.15697717	      2.60364461	     18.30178632	    -10.92948268	    -12.55672149	     34.64558850	     97.02927107	     19.35595314	    -13.32098553	      4.29803556	     37.01467110	     99.07733464
      9.40000000	     -4.71054699	      0.34353688	     -2.29392187	     -0.62790458	      0.80679644	     -0.17386059	     43.38922265	     -7.48521785	     -6.83828778	     67.46820339	     30.31426158	     -3.64404238	      0.00000000	     43.17408847	    -10.14914359	    -11.02743826	     69.27994653	     29.91155343	      1.06549427	      0.00000000	    -42.73832350	     -0.21348814	      2.29819880	     17.57222985	    -10.66757295	    -12.16011736	     33.77769356	     97.23626254	     18.40630375	    -13.19513202	      4.30413428	     36.24968581	     99.19195819
      9.41666670	     -5.19727198	      0.39242697	     -2.33726089	     -0.62233172	      0.81245928	     -0.17378709	     42.25008964	     -7.29279452	     -7.03694071	     64.77032408	     29.68660889	     -3.23187201	      0.00000000	     42.19691560	     -9.91346093	    -11.41897541	     66.91093282	     29.17127081	      1.35749508	      0.00000000	    -40.44278677	     -0.17610335	      2.22421113	     16.42261609	    -10.52133501	    -11.98799859	     33.25953953	     97.31150740	     17.08589038	    -13.03723274	      4.38619586	     35.82188501	     99.23584239
      9.43333330	     -5.86544019	      0.50100234	     -2.51318997	     -0.61682112	      0.81840269	     -0.17245423	     41.50196005	     -6.99647305	     -7.00729540	     62.39743314	     28.77948837	     -3.86065918	      0.00000000	     41.13010578	     -9.60596020	    -11.73650180	     64.32439617	     29.00699941	      1.81321732	      0.00000000	    -37.56046810	     -0.27245545	      2.00701652	     15.52972712	    -10.25049638	    -11.31816619	     31.79304570	     97.53576189	     15.72909078	    -12.88997373	      4.33612889	     34.77988248	     99.30751238
      9.45000000	     -6.46423565	      0.50052049	     -2.70322878	     -0.60953532	      0.82742552	     -0.17401118	     40.14474923	     -6.73411053	     -7.11866848	     59.59313483	     28.37839103	     -3.60883288	      0.00000000	     39.72796973	     -9.28468991	    -11.92844317	     61.54773362	     28.89914457	      2.04351260	      0.00000000	    -34.75794008	     -0.20117851	      2.00747249	     14.11696641	    -10.09671113	    -11.20009692	     31.40985608	     97.56492554	     14.09766314	    -12.65653274	      4.46037580	     34.46185969	     99.32844006
      9.46666670	     -7.48125555	      0.41578110	     -2.89522178	     -0.60791094	      0.83341338	     -0.17321762	     39.49760572	     -6.21121061	     -7.09104830	     56.67090397	     26.95794857	     -4.07878849	      0.00000000	     38.92280126	     -9.10076793	    -12.03605204	     58.77812185	     28.75240683	      2.73032788	      0.00000000	    -31.35325878	     -0.02783975	      1.76093330	     13.05754781	     -9.84334843	    -10.52288712	     30.18443052	     97.67991190	     12.43243215	    -12.50564461	      4.48110392	     33.50030007	     99.32646673
      9.48333330	     -8.14195806	      0.35110978	     -2.81627116	     -0.60069254	      0.83962985	     -0.17363999	     38.32157303	     -5.88752475	     -7.27907999	     53.72434999	     26.19504319	     -3.63748984	      0.00000000	     37.73195729	     -8.71169760	    -12.07139698	     55.92886637	     28.24628477	      3.03920785	      0.00000000	    -28.32557400	      0.14034575	      1.63126209	     11.56425237	     -9.68217560	    -10.30571947	     29.63772605	     97.69738461	     10.82492849	    -12.34741665	      4.61205182	     33.10363960	     99.33050873
      9.50000000	     -9.23135151	      0.12165102	     -2.79493714	     -0.59865948	      0.84791574	     -0.17485460	     37.53227044	     -5.28341799	     -7.37044555	     50.58602044	     25.06813183	     -3.99938046	      0.00000000	     37.28291730	     -8.37012184	    -11.70273452	     53.24339795	     27.73288876	      2.97371347	      0.00000000	    -24.56225916	      0.57373313	      1.26712592	     10.37227681	     -9.52544595	     -9.52194416	     28.54674997	     97.70377179	      9.00018496	    -12.13844618	      4.84795569	     32.16833584	     99.27421016
      9.51666670	     -9.85672043	      0.15377175	     -2.84003293	     -0.59512622	      0.85935304	     -0.17608897	     36.25606547	     -5.04013424	     -7.50615433	     47.28236976	     23.58107177	     -3.68195381	      0.00000000	     36.10615120	     -7.83002514	    -11.83873796	     49.95624082	     26.51898129	      3.11984093	      0.00000000	    -21.65279400	      0.63852759	      1.15939960	      9.04696791	     -9.37649238	     -9.26874034	     28.24859097	     97.69284160	      7.46001125	    -11.91999640	      5.01435636	     31.92139004	     99.25953263
      9.53333330	    -10.94376432	      0.24036745	     -2.68638875	     -0.59664443	      0.86619956	     -0.17628009	     35.80420559	     -4.75089449	     -7.36048795	     44.00466301	     21.67870045	     -4.42901094	      0.00000000	     35.88696436	     -7.08237891	    -11.66393448	     46.72925605	     24.03528730	      1.61707332	      0.00000000	    -18.49092040	      0.67067497	      0.79313008	      7.94168868	     -9.22815432	     -8.53722235	     27.94312687	     97.62551324	      5.96613842	    -11.86927340	      5.35025710	     31.79219364	     99.19033920
      9.55000000	    -11.82784346	      0.37463937	     -2.52900855	     -0.59273989	      0.87961274	     -0.17631285	     34.64867703	     -4.43365333	     -7.09683251	     39.80197316	     19.86831676	     -4.27178402	      0.00000000	     34.77345611	     -6.26601913	    -11.68877355	     42.52435246	     21.39406395	      1.09767349	      0.00000000	    -15.67207698	      0.60853878	      0.55549370	      6.79518260	     -9.09407492	     -7.84577119	     27.59634037	     97.51341881	      4.70619070	    -11.79419035	      5.73755338	     31.81933773	     99.11709516
      9.56666670	    -12.34101541	      0.52836405	     -2.40761215	     -0.59336503	      0.89533784	     -0.17711446	     32.77456841	     -4.05787557	     -6.85914936	     34.66699354	     17.42723422	     -4.50828529	      0.00000000	     32.95636019	     -5.30901800	    -11.65407318	     37.46245307	     18.11510058	      0.45137549	      0.00000000	    -13.66475551	      0.46911842	      0.47289051	      5.89357032	     -8.98241521	     -7.17877562	     27.31429189	     97.37787881	      3.73829126	    -11.69812128	      6.18180542	     31.96484739	     99.05252538
      9.58333330	    -12.47145214	      0.78735180	     -2.55702681	     -0.59071779	      0.90681914	     -0.17752687	     30.53442277	     -3.72462939	     -6.31947042	     29.52190553	     15.01828535	     -4.33988492	      0.00000000	     30.42899563	     -4.23857228	    -11.49378535	     31.91307233	     15.20664644	      0.26024293	      0.00000000	    -12.22416211	      0.17872232	      0.55485523	      5.27178703	     -8.88997566	     -6.41171616	     27.06633348	     97.24124013	      2.94825150	    -11.57860338	      6.63970619	     32.11507738	     98.98088197
      9.60000000	    -12.49891903	      1.02622915	     -2.60963397	     -0.58686122	      0.91443418	     -0.17784434	     27.99537908	     -3.49088618	     -5.88073908	     24.43695261	     12.64849342	     -4.00624023	      0.00000000	     27.73101073	     -3.23678087	    -11.38235887	     26.41239268	     12.36602762	      0.18077789	      0.00000000	    -10.94599161	     -0.05126478	      0.65447166	      4.63958879	     -8.85243068	     -5.65279275	     26.95277559	     97.10160601	      2.25002444	    -11.47262373	      7.10873719	     32.34420556	     98.91059516
      9.61666670	    -12.40726589	      1.25111582	     -2.71518801	     -0.58094194	      0.91876875	     -0.17736728	     25.32340445	     -3.30915195	     -5.51284425	     19.48152334	     10.43514309	     -3.68287094	      0.00000000	     25.24804412	     -2.37141806	    -11.16864752	     21.45665160	      9.98178742	      0.15966082	      0.00000000	     -9.80892192	     -0.29482618	      0.77128608	      4.05309027	     -8.81839226	     -4.90386372	     26.81350917	     96.96135906	      1.58153016	    -11.39478050	      7.56414259	     32.62403470	     98.83286559
      9.63333330	    -12.46254638	      1.44120016	     -2.98213268	     -0.57816673	      0.92301956	     -0.17608956	     23.08082057	     -3.06202480	     -5.15602186	     15.32035741	      8.66194350	     -3.31969965	      0.00000000	     23.02475515	     -1.66291554	    -10.97591612	     17.00329006	      8.14971577	      0.27346573	      0.00000000	     -8.57823603	     -0.46935377	      1.00153637	      3.35399574	     -8.82803529	     -4.21105947	     26.73140662	     96.81379394	      0.81223690	    -11.33627482	      7.90774449	     32.99552352	     98.73871155
      9.65000000	    -12.53894177	      1.57479213	     -3.20411595	     -0.57555667	      0.92597406	     -0.17681111	     21.18948906	     -2.86427444	     -4.78432969	     11.77918765	      7.06892283	     -3.08204085	      0.00000000	     20.90542359	     -1.06700142	    -10.69747737	     12.85896195	      6.79058588	      0.49608395	      0.00000000	     -7.39196813	     -0.56175610	      1.22347613	      2.70375971	     -8.89850140	     -3.58894328	     26.77637169	     96.67939500	      0.06837291	    -11.30897595	      8.19449802	     33.40766677	     98.65525099
      9.66666670	    -12.48665905	      1.76076070	     -3.41712601	     -0.57222201	      0.93214332	     -0.17685337	     19.17561875	     -2.74632612	     -4.24653459	      8.27952695	      5.76543511	     -2.62335692	      0.00000000	     18.83348966	     -0.44371673	    -10.33071251	      9.11640472	      5.29520978	      0.44491883	      0.00000000	     -6.39891137	     -0.79946960	      1.44566905	      2.07771560	     -8.92508832	     -2.99287495	     26.84061206	     96.54598187	     -0.64508751	    -11.29857218	      8.44200202	     33.80974652	     98.57099174
      9.68333330	    -12.39171898	      1.73497445	     -3.53917630	     -0.57000935	      0.93830530	     -0.17653765	     17.06849242	     -2.46698656	     -3.80183218	      4.65666074	      4.24775617	     -2.06759115	      0.00000000	     16.92728178	     -0.07696661	     -9.78350920	      5.81834547	      4.06979173	      0.66714502	      0.00000000	     -5.65313384	     -0.73882120	      1.57945658	      1.45872409	     -9.02373087	     -2.47858314	     26.95822199	     96.40585020	     -1.26350556	    -11.27320181	      8.67594624	     34.26696475	     98.50327536
      9.70000000	    -12.59280666	      1.72399420	     -3.61237871	     -0.56664998	      0.93848467	     -0.17607383	     15.61843071	     -2.27415317	     -3.41746982	      1.72306436	      3.00513101	     -1.36215414	      0.00000000	     15.66349102	      0.17329492	     -9.41627369	      3.29144753	      3.22521916	      1.06576837	      0.00000000	     -4.45686523	     -0.69799639	      1.72067344	      0.82465700	     -9.03483416	     -2.26499123	     26.96395668	     96.35554150	     -1.92434713	    -11.22614918	      8.80958929	     34.46410755	     98.48918806
      9.71666670	    -12.22072609	      1.72661265	     -3.83748040	     -0.56577423	      0.93681974	     -0.17674491	     14.22390578	     -2.17896152	     -2.96120393	      0.00000000	      2.77114233	     -1.00924711	      0.00000000	     13.97873120	      0.44376736	     -9.00931202	      1.08314229	      2.92867986	      1.24177407	      0.00000000	     -4.35972743	     -0.73201128	      1.94619852	      0.51543603	     -9.23618204	     -1.77900589	     27.29406782	     96.23764079	     -2.34669924	    -11.26662859	      9.03320150	     35.11387060	     98.46111537
      9.73333330	    -12.32852845	      1.71986815	     -4.00569194	     -0.56335302	      0.93687930	     -0.17570064	     14.21642661	     -2.08955306	     -2.76282812	      0.00000000	      2.85662240	     -0.85435992	      0.00000000	     13.41035365	      0.53133627	     -8.77561568	      0.00000000	      3.00060110	      1.34715681	      0.00000000	     -3.72961769	     -0.68601941	      2.10018055	      0.25560338	     -9.28293996	     -1.72157959	     27.27662784	     96.22027700	     -2.71029368	    -11.21420368	      9.08002486	     35.18249940	     98.46103907
      9.75000000	    -12.80987754	      1.71770019	     -4.10563655	     -0.56501478	      0.93201688	     -0.17504286	     14.71920538	     -1.97029222	     -2.54238214	      0.00000000	      3.15305247	     -0.62733072	      0.00000000	     13.84146602	      0.49742447	     -8.82647422	      0.00000000	      3.33138608	      1.30787698	      0.00000000	     -2.74999079	     -0.72686032	      2.43487101	     -0.28173992	     -9.45273510	     -1.44810344	     27.40189203	     96.13679849	     -3.02658760	    -11.30723580	      9.16844657	     35.86901737	     98.46448862
      9.76666670	    -12.76105691	      1.65974202	     -4.08211292	     -0.56572681	      0.93148922	     -0.17436047	     14.65153187	     -1.84304084	     -2.45415724	      0.00000000	      3.17799962	     -0.62155832	      0.00000000	     13.75647939	      0.44539389	     -8.77868350	      0.00000000	      3.40680004	      1.28983744	      0.00000000	     -2.56368291	     -0.78073353	      2.42578025	     -0.30375962	     -9.48580331	     -1.44505328	     27.41065172	     96.13091555	     -3.04603638	    -11.31222630	      9.17331151	     35.89660138	     98.46583327
      9.78333330	    -12.72527780	      1.49181794	     -4.26217742	     -0.56609008	      0.92676078	     -0.17459918	     14.57210892	     -1.57936757	     -2.09342530	      0.00000000	      3.30014834	     -0.83023926	      0.00000000	     13.57254153	      0.24151462	     -8.57084441	      0.00000000	      3.92885808	      1.12598229	      0.00000000	     -2.20804923	     -0.48806134	      2.54749341	     -0.48599638	     -9.63689586	     -1.40806889	     27.39600706	     96.10406153	     -3.27577272	    -11.34139831	      9.19263005	     36.05796947	     98.47663557
      9.80000000	    -12.66206567	      1.43713164	     -4.31727017	     -0.56212351	      0.92489632	     -0.17445519	     14.44143807	     -1.46602600	     -2.06437743	      0.00000000	      3.27209875	     -0.91836941	      0.00000000	     13.37949127	      0.17538959	     -8.52578028	      0.00000000	      3.94798662	      1.09745824	      0.00000000	     -1.93426109	     -0.54126940	      2.58316515	     -0.43534464	     -9.72636268	     -1.41772605	     27.43284417	     96.09723300	     -3.27220494	    -11.34533513	      9.18734579	     36.10893817	     98.47801211
      9.81666670	    -12.35680192	      1.32489718	     -4.45919566	     -0.55993957	      0.92637360	     -0.17408786	     14.01675094	     -1.31021643	     -0.71920398	      0.00000000	      2.55226731	     -3.18931899	      0.00000000	     12.83619817	      0.04941946	     -8.02937271	      0.00000000	      4.11315241	      0.10138879	      0.00000000	     -2.01467334	     -0.41745039	      3.00047950	     -0.68536844	     -9.96146888	     -1.33369676	     27.56874259	     95.96215376	     -3.42070917	    -11.35351637	      8.99751117	     36.56457476	     98.52440007
      9.83333330	    -12.22936267	      1.24990396	     -4.46323625	     -0.55895606	      0.92598268	     -0.17433706	     13.76992525	     -1.23692664	     -0.64540290	      0.00000000	      2.45191483	     -3.28389355	      0.00000000	     12.56859427	     -0.03646731	     -8.01154603	      0.00000000	      4.08630512	      0.04144919	      0.00000000	     -1.73082295	     -0.34842853	      2.99722569	     -0.75312153	     -9.98850568	     -1.34565621	     27.56698469	     95.94983455	     -3.54838350	    -11.32476774	      8.99193141	     36.50616755	     98.53082199
      9.85000000	    -11.75464492	      1.10587084	     -4.34947201	     -0.55636883	      0.92548124	     -0.17451863	     13.10614455	     -1.15481263	      0.20271110	      0.00000000	      1.75058117	     -5.07915115	      0.00000000	     11.91457648	     -0.13825981	     -7.49085855	      0.00000000	      4.01786420	     -0.72438666	      0.00000000	     -2.13867122	     -0.19813672	      2.88015683	     -0.61218052	    -10.04353972	     -1.50665909	     27.49938184	     95.81599449	     -3.34459568	    -11.12956297	      8.65624717	     35.62700803	     98.57276347
      9.86666670	    -11.69737306	      1.04644340	     -4.34574753	     -0.55342087	      0.93072774	     -0.17482538	     12.88463393	     -1.12552065	      0.46005631	      0.00000000	      1.72646559	     -5.22449905	      0.00000000	     11.60501298	     -0.20169788	     -7.45273986	      0.00000000	      3.99519243	     -0.80525847	      0.00000000	     -1.89144320	     -0.10304040	      2.91813883	     -0.74274922	    -10.06482225	     -1.55536099	     27.41559059	     95.79054061	     -3.51296128	    -11.04180335	      8.60665348	     35.40233837	     98.58443642
      9.88333330	    -11.74559954	      1.03643541	     -4.32967350	     -0.55261195	      0.93325193	     -0.17543109	     12.89564229	     -1.14767534	      0.46644907	      0.00000000	      1.72625589	     -5.22847349	      0.00000000	     11.54190993	     -0.21535443	     -7.45401793	      0.00000000	      3.99507741	     -0.80918086	      0.00000000	     -1.87916295	     -0.10434396	      2.92297121	     -0.73605857	    -10.06542871	     -1.55701556	     27.41663723	     95.79002118	     -3.51344364	    -11.04367069	      8.60417948	     35.39616191	     98.58442360
      9.90000000	    -11.60875100	      1.05648175	     -4.32162498	     -0.55199716	      0.93316739	     -0.17565084	     12.70273747	     -1.23130051	      1.09333620	      0.00000000	      1.46337861	     -6.20042196	      0.00000000	     11.23739239	     -0.16471139	     -7.30718844	      0.00000000	      3.82851646	     -1.32586464	      0.00000000	     -1.61275730	     -0.05197600	      2.89905789	     -0.51582352	     -9.96444742	     -2.04755007	     26.76684863	     95.65464762	     -3.07980986	    -10.67282021	      8.06001633	     33.44987811	     98.58514113
      9.91666670	    -11.61177417	      1.05077414	     -4.30555873	     -0.55220578	      0.93212715	     -0.17477519	     12.71638635	     -1.25060768	      1.09449552	      0.00000000	      1.46609050	     -6.20062799	      0.00000000	     11.21390821	     -0.17551496	     -7.31286388	      0.00000000	      3.82902195	     -1.33000053	      0.00000000	     -1.60709067	     -0.05034717	      2.90301507	     -0.51388252	     -9.96524057	     -2.04884170	     26.76751896	     95.65434568	     -3.08265926	    -10.67434859	      8.05910508	     33.44712148	     98.58524260
      9.93333330	    -11.62406666	      1.05545923	     -4.22495913	     -0.55073933	      0.93165667	     -0.17531085	     12.65389592	     -1.31015855	      1.11334422	      0.00000000	      1.50107857	     -6.20092269	      0.00000000	     11.17229478	     -0.15101095	     -7.37368857	      0.00000000	      3.83496644	     -1.37205843	      0.00000000	     -1.48386745	     -0.03037120	      2.94834552	     -0.49831145	     -9.97679207	     -2.06584131	     26.77940026	     95.65072646	     -3.12041524	    -10.74167390	      8.03702631	     33.40610687	     98.58437708
      9.95000000	    -12.21130624	      1.21182819	     -4.34091348	     -0.55059001	      0.93017703	     -0.17498663	     13.32973191	     -1.42105860	      1.16870484	      0.00000000	      1.89890247	     -5.95440252	      0.00000000	     11.81146169	     -0.05533123	     -7.59703598	      0.00000000	      3.75514983	     -1.59838381	      0.00000000	     -0.47568056	     -0.11623988	      3.02307798	     -0.77767750	     -9.90758583	     -2.59818382	     26.83852141	     95.54464584	     -3.21207219	    -10.72084780	      7.73237397	     32.66807945	     98.57946663
      9.96666670	    -12.21039449	      1.21803817	     -4.34563494	     -0.54961983	      0.93056377	     -0.17451630	     13.30882903	     -1.44370854	      1.16741393	      0.00000000	      1.90285251	     -5.95431597	      0.00000000	     11.83531951	     -0.06958457	     -7.59704704	      0.00000000	      3.75703915	     -1.59995365	      0.00000000	     -0.46905343	     -0.11467971	      3.03237918	     -0.76655857	     -9.90883581	     -2.60041433	     26.84364380	     95.54426485	     -3.21339746	    -10.72746540	      7.73014619	     32.66611715	     98.57932829
      9.98333330	    -12.20808014	      1.25761773	     -4.33018553	     -0.55034561	      0.93011008	     -0.17308867	     13.27809786	     -1.49081256	      1.16036336	      0.00000000	      1.94814395	     -5.93850038	      0.00000000	     11.82556588	     -0.04621180	     -7.62028831	      0.00000000	      3.73789864	     -1.61978708	      0.00000000	     -0.32233048	     -0.11418988	      3.16786771	     -0.63677850	     -9.91073222	     -2.62355318	     26.91279192	     95.54005870	     -3.24228397	    -10.88912793	      7.68634884	     32.63823469	     98.57540776
     10.00000000	    -12.23610180	      1.33838171	     -4.50701377	     -0.54773800	      0.93388724	     -0.17294921	     13.30879716	     -1.51194518	      1.19897524	      0.00000000	      2.04036256	     -5.84571624	      0.00000000	     11.83365176	     -0.04386204	     -7.63978853	      0.00000000	      3.69248578	     -1.63943365	      0.00000000	     -0.14960344	     -0.22474700	      3.29988330	     -0.62230183	     -9.85683250	     -2.66634349	     26.97052359	     95.53220965	     -3.37331541	    -11.07657140	      7.62901996	     32.57358504	     98.56968993
     10.01666670	    -12.27173659	      1.36359675	     -4.41976526	     -0.54647336	      0.93266182	     -0.17243940	     13.30246935	     -1.53486176	      1.25184408	      0.00000000	      2.07114875	     -5.78162244	      0.00000000	     11.87759939	     -0.03508505	     -7.68091889	      0.00000000	      3.69746239	     -1.66569852	      0.00000000	     -0.11607947	     -0.25420528	      3.36195182	     -0.64781839	     -9.80905304	     -2.68236824	     26.98052399	     95.52913351	     -3.44445295	    -11.12900501	      7.60731408	     32.54702477	     98.56687404
     10.03333330	    -12.27145042	      1.38283340	     -4.42078465	     -0.54899244	      0.93092852	     -0.17143640	     13.29210277	     -1.53056882	      1.25290380	      0.00000000	      2.07706604	     -5.77556772	      0.00000000	     11.88910389	     -0.03954908	     -7.68183923	      0.00000000	      3.69867321	     -1.66692844	      0.00000000	     -0.10785800	     -0.25514344	      3.36625153	     -0.65016446	     -9.80415186	     -2.68451362	     26.98189805	     95.52870928	     -3.44658796	    -11.13748372	      7.60362881	     32.54573606	     98.56639216
     10.05000000	    -12.98938109	      1.53695744	     -4.50537420	     -0.54853200	      0.93206465	     -0.17105157	     14.09272646	     -1.55714346	      1.11281039	      0.00000000	      2.67007364	     -4.63805187	      0.00000000	     12.68501719	     -0.00884078	     -7.83131771	      0.00000000	      3.44517987	     -1.82347040	      0.00000000	      0.83900750	     -0.44112943	      3.76839055	     -1.04113258	     -9.45645162	     -3.57222226	     27.18304371	     95.38077069	     -3.53798547	    -11.24803461	      7.00238258	     32.55293097	     98.47621757
     10.06666670	    -13.00919834	      1.54598179	     -4.48773424	     -0.54794676	      0.93141444	     -0.17096846	     14.08858165	     -1.55146918	      1.11415895	      0.00000000	      2.66861220	     -4.63568641	      0.00000000	     12.67406927	     -0.01640387	     -7.82851578	      0.00000000	      3.44226868	     -1.82176808	      0.00000000	      0.83197753	     -0.44516798	      3.77457860	     -1.02968344	     -9.45112280	     -3.57489868	     27.18728537	     95.38039813	     -3.53393549	    -11.25170255	      6.99947355	     32.55189106	     98.47591623
     10.08333330	    -13.02398275	      1.52446522	     -4.37343017	     -0.54712264	      0.93246388	     -0.17030537	     14.09261075	     -1.52033652	      1.12502455	      0.00000000	      2.66004152	     -4.61944060	      0.00000000	     12.70309990	     -0.04553890	     -7.80671644	      0.00000000	      3.40753322	     -1.80352050	      0.00000000	      0.77813731	     -0.47497921	      3.81785032	     -0.95415196	     -9.37086935	     -3.58770406	     27.21738927	     95.37828806	     -3.49831371	    -11.28285614	      6.97410835	     32.54054901	     98.47284200
     10.10000000	    -13.06008015	      1.52078021	     -4.31744836	     -0.54797098	      0.93041812	     -0.17006756	     14.18127671	     -1.48139891	      1.08973259	      0.00000000	      2.65586463	     -4.62244008	      0.00000000	     12.77256022	     -0.07424922	     -7.73567106	      0.00000000	      3.33783094	     -1.75250373	      0.00000000	      0.58375353	     -0.49802676	      3.76397951	     -0.85741095	     -9.20377765	     -3.62831599	     27.25857405	     95.37174438	     -3.28332636	    -11.34926559	      6.90209825	     32.54239941	     98.46343313
     10.11666670	    -13.06791063	      1.52266959	     -4.22729336	     -0.54723579	      0.93329997	     -0.16980002	     14.16560461	     -1.47326331	      1.08615524	      0.00000000	      2.64392809	     -4.62148389	      0.00000000	     12.78227583	     -0.08167568	     -7.73437437	      0.00000000	      3.30999491	     -1.74577609	      0.00000000	      0.55493453	     -0.51366930	      3.77760214	     -0.81979109	     -9.17890244	     -3.64603666	     27.27403561	     95.36916317	     -3.27368232	    -11.34212233	      6.88698755	     32.52752011	     98.46104713
     10.13333330	    -13.06848401	      1.50499622	     -4.13358446	     -0.54716566	      0.93176551	     -0.16967795	     14.16187612	     -1.45583900	      1.02942967	      0.00000000	      2.62876012	     -4.65200883	      0.00000000	     12.84231416	     -0.09674952	     -7.70788922	      0.00000000	      3.17247938	     -1.69496750	      0.00000000	      0.34941396	     -0.51926938	      3.68859570	     -0.69882371	     -9.00946595	     -3.71310996	     27.32978219	     95.35877570	     -3.07231657	    -11.29589647	      6.81378684	     32.49697618	     98.44874842
     10.15000000	    -13.08776380	      1.51207464	     -4.13792031	     -0.54619366	      0.93342150	     -0.17008019	     14.15045673	     -1.46103152	      1.02735638	      0.00000000	      2.62795953	     -4.65376499	      0.00000000	     12.83539520	     -0.10301060	     -7.70729850	      0.00000000	      3.16660863	     -1.69368650	      0.00000000	      0.34592802	     -0.51883532	      3.68208444	     -0.69477790	     -9.00786019	     -3.71738545	     27.33160224	     95.35816948	     -3.06441514	    -11.29239771	      6.81070010	     32.49504346	     98.44817594
     10.16666670	    -12.51961872	      1.48238544	     -4.05737070	     -0.54565654	      0.93514529	     -0.17002538	     13.46124428	     -1.48976352	      0.88053259	      0.00000000	      2.68159346	     -4.63395250	      0.00000000	     12.22986546	     -0.07495934	     -7.66978377	      0.00000000	      3.00115562	     -1.68978356	      0.00000000	     -0.47209400	     -0.43810042	      3.21575817	     -0.27742808	     -8.70012298	     -4.80635553	     27.49514378	     95.22767989	     -2.62594968	    -10.90575375	      5.94434293	     31.52469756	     98.28314569
     10.18333330	    -12.53142685	      1.48760082	     -4.07241691	     -0.54705958	      0.93465299	     -0.16992691	     13.44198908	     -1.50132348	      0.87725773	      0.00000000	      2.68361764	     -4.63476263	      0.00000000	     12.23703838	     -0.08019233	     -7.67259133	      0.00000000	      2.99753532	     -1.68915242	      0.00000000	     -0.46782774	     -0.43528934	      3.20977061	     -0.27986149	     -8.69721713	     -4.80844132	     27.49503413	     95.22763265	     -2.61596306	    -10.90134931	      5.94269409	     31.52819104	     98.28279921
     10.20000000	    -12.55619069	      1.52923068	     -4.13640728	     -0.54669954	      0.93480692	     -0.16960694	     13.46497560	     -1.52357367	      0.86694376	      0.00000000	      2.69487877	     -4.63361145	      0.00000000	     12.21034201	     -0.04556000	     -7.70441960	      0.00000000	      2.95593177	     -1.68265944	      0.00000000	     -0.44355148	     -0.41458074	      3.14052189	     -0.27983875	     -8.64653590	     -4.81893322	     27.50432882	     95.22741784	     -2.49073019	    -10.85299824	      5.93169849	     31.56965265	     98.28000045
     10.21666670	    -12.60619763	      1.53365908	     -4.11681615	     -0.54601565	      0.93750878	     -0.16946207	     13.48218378	     -1.51758235	      0.86854905	      0.00000000	      2.69459947	     -4.63166169	      0.00000000	     12.16276372	     -0.03371722	     -7.71113345	      0.00000000	      2.95002949	     -1.68224276	      0.00000000	     -0.44202967	     -0.41578871	      3.13869331	     -0.27354819	     -8.63843699	     -4.82004132	     27.50774349	     95.22739127	     -2.47967407	    -10.84607949	      5.93068633	     31.57295574	     98.27964962
     10.23333330	    -12.64597769	      1.54197338	     -4.10585788	     -0.54598126	      0.93473653	     -0.16927592	     13.47945350	     -1.51714707	      0.86793024	      0.00000000	      2.69361435	     -4.62944358	      0.00000000	     12.11419275	     -0.02098158	     -7.72164640	      0.00000000	      2.94317837	     -1.68221565	      0.00000000	     -0.43948680	     -0.41632802	      3.12940906	     -0.27062093	     -8.62581047	     -4.82088885	     27.51042468	     95.22735197	     -2.46089002	    -10.83511853	      5.92993602	     31.57870829	     98.27925035
     10.25000000	    -12.63672514	      1.60879276	     -4.14888317	     -0.54515916	      0.93399027	     -0.16878482	     13.44330172	     -1.58157424	      0.83222379	      0.00000000	      2.69715690	     -4.62419229	      0.00000000	     12.03612923	      0.04933099	     -7.81650257	      0.00000000	      2.89453690	     -1.67258451	      0.00000000	     -0.36135246	     -0.45423461	      3.01905133	     -0.27889597	     -8.46888702	     -4.82877032	     27.53194717	     95.22664642	     -2.29834002	    -10.70215125	      5.92692138	     31.63108764	     98.27506002
     10.26666670	    -12.66657922	      1.61907130	     -4.14168715	     -0.54269349	      0.93533073	     -0.16908695	     13.43021191	     -1.57850503	      0.83090317	      0.00000000	      2.69740664	     -4.62366639	      0.00000000	     12.02470145	      0.05209502	     -7.82247221	      0.00000000	      2.89346940	     -1.67127441	      0.00000000	     -0.36513938	     -0.46261086	      3.01886216	     -0.27635087	     -8.46027090	     -4.83067918	     27.53405568	     95.22640670	     -2.29608917	    -10.69610613	      5.92607395	     31.63029718	     98.27461163
     10.28333330	    -12.58759949	      1.67104745	     -4.14767596	     -0.54095485	      0.93434506	     -0.16870051	     13.24207501	     -1.62700145	      0.78195551	      0.00000000	      2.71291219	     -4.62093176	      0.00000000	     11.84941866	      0.09638931	     -7.89593745	      0.00000000	      2.93587010	     -1.63116434	      0.00000000	     -0.25926150	     -0.58351386	      2.92473515	     -0.47658162	     -8.29510007	     -4.86525786	     27.49823099	     95.22120483	     -2.37761582	    -10.54058448	      5.92633221	     31.59106691	     98.26789817
     10.30000000	    -12.64159351	      1.67883925	     -4.15055346	     -0.53913510	      0.93367304	     -0.16882903	     13.21451128	     -1.63264722	      0.77871136	      0.00000000	      2.71178013	     -4.62101906	      0.00000000	     11.80379486	      0.09335879	     -7.89721733	      0.00000000	      2.93978956	     -1.62707065	      0.00000000	     -0.25920890	     -0.58315574	      2.92191740	     -0.48191163	     -8.29036186	     -4.86871837	     27.49738069	     95.22064287	     -2.37964930	    -10.53767238	      5.92472614	     31.58845672	     98.26727027
     10.31666670	    -11.96556411	      1.64567974	     -4.20689299	     -0.53942188	      0.93550750	     -0.16856549	     12.35422121	     -1.63623168	      0.47535352	      0.00000000	      2.94173553	     -4.25629120	      0.00000000	     10.90735544	      0.09895558	     -8.53956694	      0.00000000	      3.80025570	     -0.23104282	      0.00000000	     -0.80438039	     -0.55816864	      2.85258668	     -0.60775711	     -7.96883507	     -6.27442127	     27.61017649	     95.00563851	     -2.30020415	    -10.25290946	      5.24456345	     31.08338402	     98.02656062
     10.33333330	    -11.96453988	      1.65333820	     -4.26729190	     -0.53983624	      0.93473101	     -0.16789007	     12.32791945	     -1.61471696	      0.47465654	      0.00000000	      2.94813638	     -4.26168736	      0.00000000	     10.85153621	      0.08335924	     -8.51848121	      0.00000000	      3.82652012	     -0.23546652	      0.00000000	     -0.75623769	     -0.57727759	      2.82016678	     -0.66687116	     -7.93955095	     -6.28552024	     27.59752920	     95.00474990	     -2.30233575	    -10.20536865	      5.25021860	     31.09364689	     98.02535268
     10.35000000	    -11.92334752	      1.61103365	     -4.27303705	     -0.54129889	      0.93107946	     -0.16730342	     12.25561401	     -1.54415988	      0.47615603	      0.00000000	      2.98875047	     -4.29596384	      0.00000000	     10.78729186	      0.02065428	     -8.50357619	      0.00000000	      3.96512820	     -0.27602853	      0.00000000	     -0.63915770	     -0.60348585	      2.80712585	     -0.70394753	     -7.86227708	     -6.30349797	     27.60219699	     95.00228924	     -2.28707144	    -10.15058630	      5.25490679	     31.11994868	     98.02213240
     10.36666670	    -11.91590041	      1.61593201	     -4.27251514	     -0.54082792	      0.93176219	     -0.16729165	     12.26219583	     -1.54167532	      0.47631557	      0.00000000	      2.98962857	     -4.29664509	      0.00000000	     10.79023945	      0.01762614	     -8.50272484	      0.00000000	      3.96698221	     -0.27631245	      0.00000000	     -0.63916277	     -0.60248201	      2.80695121	     -0.70417272	     -7.86173053	     -6.30375373	     27.60222423	     95.00224416	     -2.28672770	    -10.15021299	      5.25493610	     31.12026603	     98.02209661
     10.38333330	    -11.88442539	      1.48321520	     -4.28490822	     -0.53868474	      0.93218829	     -0.16687266	     12.16249913	     -1.35472975	      0.53918015	      0.00000000	      3.21161771	     -4.44463096	      0.00000000	     10.66091184	     -0.17005668	     -8.34526776	      0.00000000	      4.42791863	     -0.31135776	      0.00000000	     -0.49008583	     -0.47670982	      2.80248418	     -0.82795936	     -7.68112364	     -6.34791976	     27.59284434	     94.99196846	     -2.34731458	    -10.08461053	      5.27114564	     31.15328771	     98.01565362
     10.40000000	    -11.89677618	      1.49244326	     -4.29846570	     -0.53739254	      0.93131678	     -0.16690728	     12.14460868	     -1.36032840	      0.53917133	      0.00000000	      3.21651099	     -4.44924318	      0.00000000	     10.66171251	     -0.18399207	     -8.34051567	      0.00000000	      4.43479806	     -0.31020267	      0.00000000	     -0.49216756	     -0.47429795	      2.79696155	     -0.83311471	     -7.68402005	     -6.35070064	     27.59127117	     94.99146186	     -2.34609767	    -10.08288316	      5.27166959	     31.15487006	     98.01548027
     10.41666670	    -11.81599481	      1.42155457	     -4.31721806	     -0.53727620	      0.93157040	     -0.16681565	     11.96709626	     -1.27748152	      0.61032503	      0.00000000	      3.45334903	     -4.60504010	      0.00000000	     10.51422334	     -0.28229062	     -8.26866419	      0.00000000	      4.69302353	     -0.31558720	      0.00000000	     -0.31310518	     -0.40409797	      2.72454444	     -1.06029586	     -7.65321599	     -6.41633492	     27.54508626	     94.97654466	     -2.51124879	    -10.01962379	      5.30169062	     31.15789232	     98.01122018
     10.43333330	    -11.84794012	      1.42608891	     -4.32997172	     -0.53616348	      0.93208692	     -0.16707163	     11.94688342	     -1.29062423	      0.61068660	      0.00000000	      3.45754052	     -4.60969718	      0.00000000	     10.50039978	     -0.30005178	     -8.26582416	      0.00000000	      4.69685321	     -0.31441122	      0.00000000	     -0.30953507	     -0.40051652	      2.71982349	     -1.06276995	     -7.65047593	     -6.41823304	     27.54551484	     94.97602125	     -2.50857325	    -10.01914120	      5.30210114	     31.16031905	     98.01099890
     10.45000000	    -11.75016902	      1.37489613	     -4.36790819	     -0.53374886	      0.93333595	     -0.16684358	     11.71478136	     -1.23844979	      0.67723236	      0.00000000	      3.62147018	     -4.72371824	      0.00000000	     10.27145534	     -0.36935054	     -8.22929940	      0.00000000	      4.83902235	     -0.28992529	      0.00000000	     -0.04046143	     -0.30946141	      2.65452824	     -1.26657647	     -7.54308867	     -6.46966739	     27.52187999	     94.96016955	     -2.69682447	     -9.97478646	      5.33167557	     31.14909338	     98.00618252
     10.46666670	    -11.74170668	      1.36978315	     -4.44102500	     -0.53332716	      0.93303904	     -0.16679030	     11.64549570	     -1.22992846	      0.67962342	      0.00000000	      3.68125387	     -4.77490267	      0.00000000	     10.19200318	     -0.39132275	     -8.21677238	      0.00000000	      4.90658931	     -0.27767454	      0.00000000	      0.02668265	     -0.27892026	      2.60369992	     -1.35331926	     -7.51884333	     -6.49551914	     27.50777447	     94.95249820	     -2.75652033	     -9.95964381	      5.34294536	     31.14392122	     98.00370771
     10.48333330	    -11.70701916	      1.34275043	     -4.37707908	     -0.53394698	      0.93247320	     -0.16696748	     11.54022196	     -1.22532037	      0.69718380	      0.00000000	      3.75384534	     -4.83475557	      0.00000000	     10.13024237	     -0.40385309	     -8.24593070	      0.00000000	      5.01033847	     -0.28506260	      0.00000000	      0.14639499	     -0.25223110	      2.58654276	     -1.39664806	     -7.46534933	     -6.52255194	     27.51607959	     94.94280113	     -2.83377172	     -9.94000736	      5.35683586	     31.13558365	     98.00014987
     10.50000000	    -11.69042331	      1.34714278	     -4.46177371	     -0.53254935	      0.93260210	     -0.16694085	     11.53801973	     -1.22255232	      0.69363895	      0.00000000	      3.78670431	     -4.86555190	      0.00000000	     10.06534943	     -0.41367537	     -8.23023926	      0.00000000	      5.04886047	     -0.26821503	      0.00000000	      0.20185422	     -0.24889443	      2.53180540	     -1.44814472	     -7.44770054	     -6.53989807	     27.51242747	     94.93690388	     -2.85135779	     -9.92830795	      5.36425695	     31.13621765	     97.99814222
     10.51666670	    -11.64465426	      1.32760769	     -4.40180043	     -0.53120363	      0.93355359	     -0.16711253	     11.41059515	     -1.22148079	      0.72088586	      0.00000000	      3.80771911	     -4.89243930	      0.00000000	      9.95362653	     -0.41843553	     -8.23735078	      0.00000000	      5.10811432	     -0.25002665	      0.00000000	      0.39021548	     -0.23841691	      2.51421104	     -1.49549742	     -7.40086716	     -6.56603370	     27.53024422	     94.92664400	     -2.95281019	     -9.91225084	      5.37731829	     31.11763050	     97.99435669
     10.53333330	    -11.60704977	      1.30785269	     -4.43538878	     -0.53061602	      0.93340596	     -0.16715220	     11.30739835	     -1.20468676	      0.75591845	      0.00000000	      3.83955306	     -4.94162829	      0.00000000	      9.77319731	     -0.42916037	     -8.21752909	      0.00000000	      5.26643157	     -0.19217801	      0.00000000	      0.59442245	     -0.19190483	      2.42036630	     -1.60311967	     -7.34688440	     -6.62933942	     27.55291666	     94.90301027	     -3.10621137	     -9.89809885	      5.39806509	     31.07964384	     97.98447162
     10.55000000	    -11.64988355	      1.30330660	     -4.42474452	     -0.52919201	      0.93209944	     -0.16703239	     11.31507933	     -1.20075784	      0.75832869	      0.00000000	      3.83970769	     -4.94269620	      0.00000000	      9.71270402	     -0.42120554	     -8.21744792	      0.00000000	      5.26954597	     -0.19009577	      0.00000000	      0.59869736	     -0.19042407	      2.41547481	     -1.60352969	     -7.34536714	     -6.63150308	     27.55444167	     94.90219035	     -3.10478533	     -9.89817905	      5.39829854	     31.08010306	     97.98403823
     10.56666670	    -11.56197565	      1.23021291	     -4.37479650	     -0.52489446	      0.93397908	     -0.16625026	     11.07204847	     -1.14961771	      0.82989665	      0.00000000	      4.03660249	     -5.09927569	      0.00000000	      9.41846184	     -0.48020605	     -8.15478311	      0.00000000	      5.87956732	      0.19039172	      0.00000000	      0.96311442	     -0.05659147	      2.07830510	     -1.82136126	     -7.21331721	     -6.93069974	     27.68064081	     94.79263654	     -3.48413390	     -9.90192936	      5.42559263	     30.94486671	     97.91966343
     10.58333330	    -11.50749000	      1.21206379	     -4.36516533	     -0.52409168	      0.93390890	     -0.16628386	     10.92790372	     -1.12861804	      0.85821886	      0.00000000	      4.03766944	     -5.09789617	      0.00000000	      9.20357877	     -0.48898118	     -8.14212290	      0.00000000	      5.88714276	      0.24368345	      0.00000000	      1.14940241	     -0.04881920	      2.05185414	     -1.99502732	     -7.15056098	     -6.95482295	     27.64742868	     94.78134788	     -3.60957399	     -9.90970087	      5.42466839	     30.91105182	     97.90960690
     10.60000000	    -11.51555458	      1.21295728	     -4.34865598	     -0.52586842	      0.93434301	     -0.16552168	     10.93651664	     -1.11640053	      0.85908426	      0.00000000	      4.04214003	     -5.09923995	      0.00000000	      9.16975696	     -0.48208556	     -8.14250763	      0.00000000	      5.89153476	      0.24523161	      0.00000000	      1.15999519	     -0.04645286	      2.05330667	     -2.00055628	     -7.14818735	     -6.95617845	     27.64690056	     94.78072529	     -3.61869351	     -9.90850421	      5.42495679	     30.90787946	     97.90908758
     10.61666670	    -11.39519942	      1.15364219	     -4.32733640	     -0.52659342	      0.93449981	     -0.16586325	     10.78000386	     -1.03681285	      0.89406902	      0.00000000	      4.14036846	     -5.13640911	      0.00000000	      8.99114798	     -0.54504503	     -8.10630328	      0.00000000	      5.97588471	      0.29450964	      0.00000000	      1.39757579	     -0.03113102	      2.04907150	     -2.07175461	     -7.03575246	     -6.97136786	     27.64935762	     94.76937089	     -3.70813429	     -9.92091745	      5.42042312	     30.85682047	     97.89735268
     10.63333330	    -11.38387539	      1.15722211	     -4.32416120	     -0.52514168	      0.93609258	     -0.16535398	     10.79109489	     -1.02791733	      0.89707917	      0.00000000	      4.14457063	     -5.13793407	      0.00000000	      8.98575360	     -0.54674947	     -8.10240600	      0.00000000	      5.98037338	      0.29948531	      0.00000000	      1.39957429	     -0.02524868	      2.04350530	     -2.07610788	     -7.03238584	     -6.97321992	     27.64804808	     94.76846966	     -3.70706304	     -9.92051179	      5.42004545	     30.85429893	     97.89649406
     10.65000000	    -11.37286453	      1.15474081	     -4.32310294	     -0.52473606	      0.93636673	     -0.16521087	     10.79674388	     -1.02661627	      0.89772091	      0.00000000	      4.14490296	     -5.13807219	      0.00000000	      8.98694631	     -0.54623147	     -8.10145243	      0.00000000	      5.98097422	      0.30042993	      0.00000000	      1.40136079	     -0.02452286	      2.04276988	     -2.07675247	     -7.03144315	     -6.97339700	     27.64791006	     94.76834908	     -3.70706278	     -9.92042671	      5.42000033	     30.85383344	     97.89636921
     10.66666670	    -11.18953591	      1.06944379	     -4.33419577	     -0.52210009	      0.93741489	     -0.16488967	     10.50327810	     -0.91088437	      0.93538967	      0.00000000	      4.12461431	     -5.14903203	      0.00000000	      8.67904091	     -0.66094654	     -7.98818518	      0.00000000	      6.00561190	      0.42904403	      0.00000000	      1.72386732	      0.03007647	      1.96658573	     -2.22112812	     -6.87941514	     -6.98485097	     27.60823809	     94.75602511	     -3.79190783	     -9.91621646	      5.41737256	     30.76425827	     97.88269011
     10.68333330	    -11.07303845	      1.03933130	     -4.26329042	     -0.51899324	      0.93886460	     -0.16387444	     10.27619656	     -0.88296378	      0.90965449	      0.00000000	      4.09507191	     -5.17441745	      0.00000000	      8.46087403	     -0.68905943	     -7.97580798	      0.00000000	      6.03852955	      0.53064695	      0.00000000	      1.78104262	      0.10807114	      1.93109698	     -2.37709574	     -6.78448478	     -7.01714000	     27.53316632	     94.73878963	     -4.01249582	     -9.89944211	      5.42061051	     30.57696292	     97.86581658
     10.70000000	    -10.56239669	      0.95882826	     -4.19073917	     -0.52151765	      0.93752231	     -0.16485328	      9.64762172	     -0.82936080	      0.66666819	      0.00000000	      4.05947397	     -5.30863091	      0.00000000	      7.84293764	     -0.73709971	     -8.22780491	      0.00000000	      6.31227857	      1.20511010	      0.00000000	      1.22623306	      0.17427440	      1.41101535	     -1.86835341	     -6.66487803	     -7.44138687	     27.33694473	     94.55219859	     -3.67043796	     -9.76663162	      5.34794914	     29.52201652	     97.66292203
     10.71666670	    -10.51920066	      1.00127125	     -4.17304992	     -0.52045497	      0.93731645	     -0.16471959	      9.53401605	     -0.87832550	      0.69125292	      0.00000000	      4.07086329	     -5.29524946	      0.00000000	      7.72961754	     -0.68738917	     -8.27708870	      0.00000000	      6.28605691	      1.19619439	      0.00000000	      1.36581149	      0.23104278	      1.42595864	     -1.91865686	     -6.62413425	     -7.45036944	     27.31022886	     94.54399920	     -3.65929917	     -9.75813636	      5.34301165	     29.50811199	     97.64876478
     10.73333330	    -10.55030546	      1.00849099	     -4.17414975	     -0.51959306	      0.93885477	     -0.16489414	      9.51799543	     -0.88071560	      0.69045816	      0.00000000	      4.07248441	     -5.29568085	      0.00000000	      7.70021455	     -0.69286559	     -8.28382435	      0.00000000	      6.27988132	      1.19477737	      0.00000000	      1.37476212	      0.22708031	      1.42537359	     -1.92212747	     -6.62321827	     -7.45210680	     27.30771608	     94.54303245	     -3.65843350	     -9.75441670	      5.34331854	     29.50527255	     97.64738550
     10.75000000	    -10.41896651	      1.02840772	     -4.15312524	     -0.51705968	      0.93755465	     -0.16429798	      9.25855269	     -0.91748079	      0.67616136	      0.00000000	      4.09557996	     -5.29906579	      0.00000000	      7.46329197	     -0.65979600	     -8.41626393	      0.00000000	      6.18041800	      1.15862870	      0.00000000	      1.63411095	      0.21243466	      1.39209154	     -2.06612394	     -6.59410908	     -7.47263096	     27.24774661	     94.53053342	     -3.69701315	     -9.70519208	      5.34816180	     29.45736621	     97.62987197
     10.76666670	    -10.45287477	      1.03443507	     -4.14869607	     -0.51735854	      0.93663185	     -0.16411721	      9.25457250	     -0.92667120	      0.67458334	      0.00000000	      4.09922583	     -5.29937653	      0.00000000	      7.41592509	     -0.66830469	     -8.42265663	      0.00000000	      6.17581592	      1.15713328	      0.00000000	      1.63417841	      0.21371271	      1.39114610	     -2.07373468	     -6.59276839	     -7.47435284	     27.24321838	     94.52955483	     -3.70025362	     -9.70354549	      5.34825263	     29.45212356	     97.62855525
     10.78333330	    -10.34573877	      1.03975003	     -4.18738229	     -0.51578268	      0.93801267	     -0.16410985	      9.06091051	     -0.94425231	      0.66457617	      0.00000000	      4.15684110	     -5.30212896	      0.00000000	      7.17791178	     -0.65511984	     -8.51191882	      0.00000000	      6.11447784	      1.14042688	      0.00000000	      1.80200108	      0.25028517	      1.35231451	     -2.24145936	     -6.55656168	     -7.49930214	     27.16789269	     94.51474957	     -3.77140345	     -9.66191999	      5.35239275	     29.37419296	     97.60912187
     10.80000000	    -10.36984836	      1.03567696	     -4.17458125	     -0.51615191	      0.93604235	     -0.16437553	      9.06669408	     -0.94624306	      0.66573612	      0.00000000	      4.16197829	     -5.30169441	      0.00000000	      7.12715568	     -0.65838440	     -8.51748068	      0.00000000	      6.11520688	      1.13892620	      0.00000000	      1.80274294	      0.25027412	      1.35308908	     -2.24389595	     -6.55693786	     -7.50136348	     27.16521583	     94.51372173	     -3.77339673	     -9.66017553	      5.35237093	     29.36940033	     97.60781955
     10.81666670	    -10.27233324	      1.00807691	     -4.19965644	     -0.51512548	      0.93671788	     -0.16377065	      8.87795393	     -0.91438150	      0.68304709	      0.00000000	      4.29742911	     -5.31392111	      0.00000000	      6.92725144	     -0.67737013	     -8.57064673	      0.00000000	      6.19036584	      1.11756408	      0.00000000	      1.95348260	      0.28848548	      1.29994667	     -2.37661506	     -6.56109928	     -7.53971295	     27.09283991	     94.49459659	     -3.78643919	     -9.60244940	      5.35423388	     29.30311950	     97.58416730
     10.83333330	    -10.30026004	      1.01069447	     -4.19568074	     -0.51459886	      0.93626957	     -0.16394476	      8.85759264	     -0.91199720	      0.68492490	      0.00000000	      4.30775614	     -5.31413334	      0.00000000	      6.90753252	     -0.67539521	     -8.57237676	      0.00000000	      6.19882467	      1.11739487	      0.00000000	      1.94945845	      0.29473427	      1.30345194	     -2.37754728	     -6.56004964	     -7.54253432	     27.08942036	     94.49302257	     -3.78872518	     -9.60112411	      5.35378545	     29.29623159	     97.58213129
