Coordinates
version=1
nRows=472
nColumns=34
inDegrees=yes

Units are S.I. units (second, meters, Newtons, ...)
If the header above contains a line with 'inDegrees', this indicates whether rotational values are in degrees (yes) or radians (no).

endheader
time	pelvis_tilt	pelvis_list	pelvis_rotation	pelvis_tx	pelvis_ty	pelvis_tz	hip_flexion_r	hip_adduction_r	hip_rotation_r	knee_angle_r	ankle_angle_r	subtalar_angle_r	mtp_angle_r	hip_flexion_l	hip_adduction_l	hip_rotation_l	knee_angle_l	ankle_angle_l	subtalar_angle_l	mtp_angle_l	lumbar_extension	lumbar_bending	lumbar_rotation	arm_flex_r	arm_add_r	arm_rot_r	elbow_flex_r	pro_sup_r	arm_flex_l	arm_add_l	arm_rot_l	elbow_flex_l	pro_sup_l
      0.00000000	     -0.52534602	     -4.41235549	     -2.36172050	     -1.43081553	      0.94181388	     -0.14765626	     -1.92515687	      7.67567081	     -0.34256693	      4.69841530	     -0.70883730	    -10.42637373	      0.00000000	     -2.67657168	     -1.90222637	     -3.17702972	      2.42143467	     15.54791987	     -0.94918254	      0.00000000	      0.25588429	      6.48057325	     -5.62054816	      1.23875670	     -5.13673797	      7.63347076	     24.91373647	     87.18236333	     -7.35310903	     -3.44651832	      0.63410232	     28.89461288	     80.66620750
      0.01666670	     -3.69741218	     -2.05205746	     -2.74066696	     -1.42814769	      0.93628584	     -0.14753232	      2.19502739	      5.53621423	      0.55800077	      5.11286669	      4.08062478	     -6.26132912	      0.00000000	      2.06668216	      1.12675061	     -3.89115993	      4.02721718	     15.05812933	     -0.75926097	      0.00000000	      5.26976882	      4.34016614	     -5.04176675	     -0.65391162	     -4.93913558	      6.61595742	     25.31254748	     87.16358327	     -7.87138442	     -3.65478357	     -0.31210119	     27.72750016	     80.60566136
      0.03333330	     -4.40143260	     -0.73050145	     -3.26704841	     -1.42811878	      0.93533349	     -0.14640460	      2.93802779	      4.05989596	     -0.03634392	      4.68182501	      5.71920095	     -3.37032701	      0.00000000	      2.97579814	      2.53779812	     -5.73320983	      4.40889440	     14.61986032	      0.17696059	      0.00000000	      6.71341085	      2.94496837	     -4.46054625	     -1.22952323	     -4.98966491	      7.01444129	     25.85349141	     87.45739951	     -8.04795111	     -4.40317634	      1.60330866	     27.32633033	     80.97242790
      0.05000000	     -3.93357295	     -0.36093763	     -3.51284365	     -1.42802273	      0.93772592	     -0.14616416	      2.20915259	      3.61422462	     -0.23566100	      4.19490184	      6.57784080	     -1.78759911	      0.00000000	      1.92775839	      3.15459101	     -6.09249574	      3.70918959	     13.89654501	      0.05770796	      0.00000000	      6.48829435	      2.61890122	     -3.87175400	     -1.46690819	     -5.23892720	      8.56030002	     26.10351510	     88.16190973	     -7.68574105	     -5.37882799	      7.02291550	     26.54770290	     81.56843728
      0.06666670	     -3.91467483	     -0.35763995	     -3.50952171	     -1.42842784	      0.93833943	     -0.14620218	      2.24673521	      3.68884315	     -0.22941324	      4.16718277	      6.58422269	     -1.78461013	      0.00000000	      1.90587395	      3.24109922	     -6.09871309	      3.71698796	     13.89197446	      0.05771079	      0.00000000	      6.49075250	      2.62578573	     -3.87104441	     -1.46688034	     -5.23702686	      8.56172992	     26.10369289	     88.16237399	     -7.68158675	     -5.37796959	      7.02515818	     26.54863793	     81.56807111
      0.08333330	     -3.08910426	     -0.40310695	     -3.80110319	     -1.42860154	      0.93984343	     -0.14589910	      1.14856747	      3.76093981	      0.64578020	      3.57987670	      6.93411149	     -1.50172661	      0.00000000	      0.62994977	      3.34868749	     -6.36233735	      2.89057535	     13.03443657	     -0.06991653	      0.00000000	      5.38954660	      2.73450260	     -3.03165180	     -1.27795100	     -5.43310494	      9.19891659	     25.80571903	     88.41797394	     -6.59237003	     -5.44288322	      8.20067239	     25.93943115	     81.31443921
      0.10000000	     -3.05998926	     -0.48403372	     -3.67522004	     -1.42856811	      0.93984205	     -0.14601521	      1.15449837	      3.87971429	      0.72700492	      3.51138943	      6.95207524	     -1.48531672	      0.00000000	      0.61455728	      3.29710369	     -6.37295126	      2.78882719	     13.02075819	     -0.07243134	      0.00000000	      5.39186910	      2.77882948	     -3.09375007	     -1.25473287	     -5.46316037	      9.20846992	     25.79410265	     88.42386548	     -6.39731248	     -5.48703732	      8.22004403	     25.95723859	     81.29801456
      0.11666670	     -2.25775581	     -0.75164890	     -3.53753234	     -1.42904718	      0.94114498	     -0.14627838	      0.07312367	      4.14462707	      0.97346070	      2.97975953	      6.62238593	     -1.79607354	      0.00000000	     -0.35855702	      3.09579715	     -6.05650155	      2.56097286	     12.74977254	     -0.28630080	      0.00000000	      4.37110450	      3.05031541	     -2.91713275	     -1.02451726	     -5.62614874	      9.46421780	     25.32745065	     88.54988487	     -5.41690998	     -5.38186685	      8.75592814	     25.04570311	     80.93216357
      0.13333330	     -2.17560494	     -0.83686920	     -3.45075805	     -1.42993712	      0.94186134	     -0.14609413	      0.09140966	      4.26897372	      1.05025836	      3.07878688	      6.54333911	     -1.82894434	      0.00000000	     -0.38671795	      2.97997978	     -5.92814088	      2.65223670	     12.63201052	     -0.21849654	      0.00000000	      4.20293559	      3.02620162	     -2.92430376	     -0.98970763	     -5.57764489	      9.49840228	     25.30180938	     88.56523594	     -5.23760037	     -5.52856802	      8.79337584	     24.93771890	     80.86852663
      0.15000000	     -2.10659608	     -0.89565006	     -3.31705368	     -1.43042219	      0.94286572	     -0.14615632	      0.07356452	      4.34908232	      1.07121619	      3.15022374	      6.49377614	     -1.85714505	      0.00000000	     -0.44507030	      2.90432035	     -5.90007348	      2.74239899	     12.58208179	     -0.21190944	      0.00000000	      4.13923152	      2.95586213	     -2.92489595	     -0.98267418	     -5.59947360	      9.50488282	     25.27762162	     88.57042729	     -5.18007974	     -5.52724376	      8.81179789	     24.88926194	     80.84639623
      0.16666670	     -1.23705923	     -1.01291370	     -3.10427345	     -1.43116068	      0.94472071	     -0.14637116	     -0.97737864	      4.45765506	      1.26851540	      2.84828979	      5.83279774	     -2.79244535	      0.00000000	     -1.34157480	      2.81718688	     -5.39384002	      2.83897888	     12.31627054	     -0.55660591	      0.00000000	      2.84526748	      2.98613201	     -2.88048687	     -0.60239191	     -5.54394380	      9.74232052	     24.89326935	     88.71275152	     -4.05301238	     -5.50004822	      9.37704974	     23.45324637	     80.24046431
      0.18333330	     -1.17822631	     -1.03627797	     -3.03632010	     -1.43058959	      0.94467700	     -0.14642380	     -1.00107038	      4.50031941	      1.26963503	      2.93660012	      5.78769323	     -2.81211256	      0.00000000	     -1.36020723	      2.78021350	     -5.39297147	      2.97872577	     12.18560403	     -0.52290369	      0.00000000	      2.81570988	      2.91747903	     -2.90736741	     -0.67251522	     -5.56606255	      9.75123878	     24.85259941	     88.71883340	     -3.99221285	     -5.52514331	      9.39980585	     23.43576860	     80.21241281
      0.20000000	     -1.19761643	     -1.03262992	     -3.03136452	     -1.42984474	      0.94453378	     -0.14640344	     -0.99413963	      4.50183145	      1.26645537	      2.93387498	      5.78435240	     -2.81556598	      0.00000000	     -1.38876029	      2.78197782	     -5.39230815	      3.00028926	     12.17380361	     -0.52068047	      0.00000000	      2.80941831	      2.91758033	     -2.90803956	     -0.67036906	     -5.56285173	      9.75253047	     24.85176715	     88.71937672	     -3.97894697	     -5.52968991	      9.40053346	     23.43626734	     80.21045793
      0.21666670	     -0.57162089	     -1.01764612	     -2.88840133	     -1.43031752	      0.94611218	     -0.14640833	     -1.80972353	      4.47339436	      1.24893518	      2.63786613	      5.16659085	     -3.39243006	      0.00000000	     -2.20597970	      2.81980743	     -5.13638241	      2.80749332	     11.40831858	     -0.82554726	      0.00000000	      1.93480802	      2.77043536	     -2.62637688	     -0.50527877	     -5.48213842	      9.94611071	     24.50973573	     88.84125095	     -3.10911572	     -5.65370550	      9.89090060	     22.89327206	     79.77630563
      0.23333330	     -0.60145678	     -1.00977154	     -2.88083966	     -1.43045759	      0.94677561	     -0.14630419	     -1.79181575	      4.46898428	      1.24839529	      2.62582244	      5.16637525	     -3.39367321	      0.00000000	     -2.25252066	      2.80982282	     -5.13773674	      2.83284733	     11.40248027	     -0.82580469	      0.00000000	      1.93622776	      2.76763882	     -2.62527388	     -0.50083040	     -5.48269046	      9.94616218	     24.51104287	     88.84152388	     -3.10651701	     -5.65210533	      9.89269955	     22.89316776	     79.77516975
      0.25000000	     -0.56898771	     -1.00096494	     -2.86482521	     -1.43028560	      0.94699750	     -0.14600158	     -1.90887144	      4.47974730	      1.18332037	      2.49223304	      5.11980246	     -3.43067536	      0.00000000	     -2.32248156	      2.78922131	     -5.16555365	      2.92201177	     11.23619986	     -0.81857047	      0.00000000	      1.99884815	      2.66049738	     -2.58371320	     -0.41991317	     -5.46794284	      9.95341909	     24.53467635	     88.84910819	     -3.05197610	     -5.64132537	      9.92644932	     22.88443580	     79.75248203
      0.26666670	     -0.60473334	     -0.98202974	     -2.85069770	     -1.42968997	      0.94646794	     -0.14568289	     -1.92286459	      4.48264347	      1.18063307	      2.48533919	      5.11366062	     -3.43201396	      0.00000000	     -2.34922354	      2.79103668	     -5.17047631	      2.93196008	     11.22583046	     -0.82042606	      0.00000000	      1.98983517	      2.66257895	     -2.58376283	     -0.42301219	     -5.46619853	      9.95455694	     24.53250137	     88.84973828	     -3.04750859	     -5.64321759	      9.92827858	     22.88285570	     79.75096848
      0.28333330	      0.04274367	     -0.92732094	     -2.65978716	     -1.42924643	      0.94681767	     -0.14564513	     -3.14424905	      4.42745161	      1.15280525	      1.58187260	      4.31250773	     -3.81815355	      0.00000000	     -3.32990362	      2.89161286	     -4.96603220	      2.49777658	     10.48038723	     -1.18406593	      0.00000000	      1.23560108	      2.52156536	     -2.51046690	     -0.40649447	     -5.40763687	     10.05205325	     24.41667506	     88.96813721	     -2.62673485	     -5.71717743	     10.47646611	     22.51072052	     79.43584984
      0.30000000	      0.01458341	     -0.91126345	     -2.65333141	     -1.42951954	      0.94623343	     -0.14554928	     -3.15462509	      4.43754991	      1.15331053	      1.57789387	      4.31551065	     -3.81981061	      0.00000000	     -3.34655856	      2.89056355	     -4.96865829	      2.50796012	     10.47545709	     -1.18460568	      0.00000000	      1.23335018	      2.51531444	     -2.51082130	     -0.40658146	     -5.40720997	     10.05229325	     24.41673596	     88.96853923	     -2.62333979	     -5.71754868	     10.47823404	     22.51113127	     79.43469919
      0.31666670	      0.00447553	     -0.90483175	     -2.65281462	     -1.42985887	      0.94586077	     -0.14571747	     -3.15986275	      4.44068983	      1.15299396	      1.57737556	      4.31630487	     -3.82029426	      0.00000000	     -3.35202622	      2.88926020	     -4.96951872	      2.51037636	     10.47436738	     -1.18478930	      0.00000000	      1.23328686	      2.51395105	     -2.51080349	     -0.40678275	     -5.40686851	     10.05238001	     24.41672527	     88.96860420	     -2.62282574	     -5.71772423	     10.47846677	     22.51122766	     79.43454165
      0.33333330	      0.04826589	     -0.76319650	     -2.43193829	     -1.42946797	      0.94571923	     -0.14610525	     -3.52361948	      4.31458344	      1.13627448	      0.99176414	      4.49701061	     -3.97375444	      0.00000000	     -3.36446045	      3.02348288	     -4.97477604	      2.51265225	     10.13924437	     -1.15767453	      0.00000000	      1.24770430	      2.21046325	     -2.50875859	     -0.53383910	     -5.31088178	     10.07844276	     24.40187178	     88.99077527	     -2.46951577	     -5.82569505	     10.56303718	     22.55041935	     79.37828999
      0.35000000	      0.05304064	     -0.77056254	     -2.44053696	     -1.42924688	      0.94575245	     -0.14640426	     -3.54641331	      4.30594159	      1.13476928	      0.99459111	      4.49663216	     -3.97607720	      0.00000000	     -3.33419829	      3.02819294	     -4.97335245	      2.48501819	     10.14055190	     -1.15839923	      0.00000000	      1.24164364	      2.20855944	     -2.51205404	     -0.53531739	     -5.31081720	     10.07843669	     24.40138524	     88.99107398	     -2.46202117	     -5.82574269	     10.56489987	     22.55308760	     79.37733061
      0.36666670	      0.06336730	     -0.77353994	     -2.44743484	     -1.42947491	      0.94589707	     -0.14641893	     -3.56935910	      4.29463061	      1.13270519	      0.99714834	      4.49679543	     -3.97818043	      0.00000000	     -3.29810830	      3.03130678	     -4.97259088	      2.45243944	     10.14216975	     -1.15882295	      0.00000000	      1.23834371	      2.20837583	     -2.51507690	     -0.53690248	     -5.31145691	     10.07838516	     24.40074892	     88.99124728	     -2.45480860	     -5.82512930	     10.56606731	     22.55611580	     79.37674982
      0.38333330	      0.17020830	     -0.59117569	     -2.44263878	     -1.42919106	      0.94632086	     -0.14637290	     -3.81380326	      4.06395236	      1.12063766	      0.75999071	      4.33696832	     -4.11801426	      0.00000000	     -3.76923016	      3.30425251	     -4.74381187	      1.58826177	      9.72027308	     -1.05481603	      0.00000000	      1.11021431	      1.99327105	     -2.37365744	     -0.64251528	     -5.29507711	     10.08053012	     24.37612923	     89.01372029	     -2.30797747	     -5.88471544	     10.72719719	     22.70206536	     79.30005983
      0.40000000	      0.19036738	     -0.59402234	     -2.44848759	     -1.42874430	      0.94676385	     -0.14629589	     -3.82369679	      4.05954749	      1.12112276	      0.76254542	      4.33620330	     -4.11879263	      0.00000000	     -3.74137565	      3.30090797	     -4.74540281	      1.56679653	      9.71848653	     -1.05640778	      0.00000000	      1.10706391	      1.99318595	     -2.37427247	     -0.64044780	     -5.29514634	     10.08023967	     24.37682618	     89.01383459	     -2.30288524	     -5.88334093	     10.72879654	     22.70474932	     79.29941308
      0.41666670	      0.20016787	     -0.59484263	     -2.45007529	     -1.42836541	      0.94698934	     -0.14627834	     -3.82123570	      4.05733937	      1.12152918	      0.76192243	      4.33602803	     -4.11877462	      0.00000000	     -3.73472091	      3.29938772	     -4.74541458	      1.56124952	      9.71781321	     -1.05645850	      0.00000000	      1.10642669	      1.99330649	     -2.37446314	     -0.64002735	     -5.29493512	     10.08022132	     24.37697379	     89.01385252	     -2.30168340	     -5.88306997	     10.72904541	     22.70537788	     79.29930934
      0.43333330	      0.48032052	     -0.59357554	     -2.77793427	     -1.42863835	      0.94727965	     -0.14570266	     -4.09053154	      4.00548457	      1.50420654	      0.87921697	      4.43322558	     -4.09637498	      0.00000000	     -4.51958228	      3.37915600	     -4.92771288	      0.62484566	      8.82731899	     -1.17381912	      0.00000000	      0.72755687	      1.99346086	     -2.00035936	     -0.57793932	     -5.28760154	     10.04902183	     24.39908819	     89.03242438	     -2.21687455	     -5.88060233	     11.00490799	     23.00297274	     79.16140384
      0.45000000	      0.46444717	     -0.59167009	     -2.77633833	     -1.42927816	      0.94692935	     -0.14545882	     -4.08653816	      3.99395636	      1.50505160	      0.88152454	      4.43141124	     -4.09572141	      0.00000000	     -4.54431614	      3.36623767	     -4.92460842	      0.63064369	      8.82888604	     -1.17376860	      0.00000000	      0.72728197	      1.99679835	     -1.99987864	     -0.57862094	     -5.28695564	     10.04892680	     24.39950196	     89.03247326	     -2.21784056	     -5.88068180	     11.00620045	     23.00334660	     79.16072531
      0.46666670	      0.43659304	     -0.59213207	     -2.77634523	     -1.42890878	      0.94652734	     -0.14528253	     -4.09159433	      3.99353775	      1.50590532	      0.89244763	      4.42865425	     -4.09510910	      0.00000000	     -4.57287673	      3.35931905	     -4.92054934	      0.63902721	      8.83061147	     -1.17295580	      0.00000000	      0.72717099	      1.99813432	     -1.99860573	     -0.57542961	     -5.28413054	     10.04902502	     24.40153483	     89.03251421	     -2.21646892	     -5.88026172	     11.00742851	     23.00443898	     79.16009767
      0.48333330	      0.46106528	     -0.63982569	     -2.81699051	     -1.42733151	      0.94626974	     -0.14508845	     -4.13036006	      4.05034998	      1.51294423	      1.01579135	      4.40465576	     -4.09237044	      0.00000000	     -4.69645148	      3.30179057	     -4.86535203	      0.61958771	      8.87450238	     -1.15903386	      0.00000000	      0.78919733	      1.99409641	     -1.98459853	     -0.56518905	     -5.23191354	     10.05442847	     24.42421167	     89.03315482	     -2.22270818	     -5.86719795	     11.02375050	     23.01541427	     79.15302263
      0.50000000	      0.43261898	     -0.64058684	     -2.81809885	     -1.42618029	      0.94640507	     -0.14527018	     -4.13829843	      4.05497075	      1.51467267	      1.02828987	      4.40514302	     -4.09254152	      0.00000000	     -4.72378045	      3.30252181	     -4.86285371	      0.62603051	      8.87843038	     -1.15849772	      0.00000000	      0.78784283	      1.99623110	     -1.98473511	     -0.56564301	     -5.22783846	     10.05492720	     24.42532937	     89.03316553	     -2.22129771	     -5.86614246	     11.02517105	     23.01688261	     79.15232091
      0.51666670	      0.53539006	     -0.69483505	     -2.92680090	     -1.42533208	      0.94670956	     -0.14526636	     -4.25171801	      4.09620357	      1.62873640	      1.18221721	      4.64696160	     -4.10462586	      0.00000000	     -5.09028319	      3.27620332	     -4.77493456	      0.28732641	      9.06542320	     -1.10145740	      0.00000000	      0.81114832	      2.07383447	     -1.95779109	     -0.69685687	     -5.17494335	     10.06031465	     24.44637784	     89.02805476	     -2.34875254	     -5.81150164	     11.11227271	     23.05837751	     79.11079166
      0.53333330	      0.52815789	     -0.69490143	     -2.92732846	     -1.42554146	      0.94674764	     -0.14530402	     -4.25652381	      4.09424082	      1.62917701	      1.18421835	      4.64754985	     -4.10448672	      0.00000000	     -5.09311897	      3.27484999	     -4.77514579	      0.28788760	      9.06518803	     -1.10130154	      0.00000000	      0.81167158	      2.07372685	     -1.95801050	     -0.69717565	     -5.17480512	     10.06032747	     24.44647048	     89.02803573	     -2.34852037	     -5.81133879	     11.11245712	     23.05872694	     79.11068910
      0.55000000	      0.57332468	     -0.70363335	     -2.99428776	     -1.42592599	      0.94689924	     -0.14521652	     -4.30426087	      4.05683109	      1.70560154	      1.18582932	      4.73662072	     -4.08229168	      0.00000000	     -5.17911686	      3.28270122	     -4.78726323	      0.20388878	      9.03468597	     -1.07963100	      0.00000000	      0.88280731	      2.07597106	     -1.99402408	     -0.73740063	     -5.14776902	     10.06419604	     24.45685253	     89.02574001	     -2.31358136	     -5.76803317	     11.13420213	     23.10700172	     79.10135929
      0.56666670	      0.56765080	     -0.70039669	     -2.99463395	     -1.42607601	      0.94699899	     -0.14524702	     -4.30996953	      4.05824449	      1.70630215	      1.18790020	      4.73746770	     -4.08198091	      0.00000000	     -5.17901121	      3.28194774	     -4.78766455	      0.20183354	      9.03427889	     -1.07951113	      0.00000000	      0.88290251	      2.07618594	     -1.99324547	     -0.73711580	     -5.14757872	     10.06421219	     24.45713050	     89.02570706	     -2.31447126	     -5.76786065	     11.13442921	     23.10707225	     79.10125252
      0.58333330	      0.55595400	     -0.69350643	     -3.00873692	     -1.42655189	      0.94762103	     -0.14504872	     -4.35224237	      4.05277452	      1.81784601	      1.09993962	      4.84438576	     -4.02460298	      0.00000000	     -5.27249750	      3.29422896	     -4.83264389	      0.00000000	      8.93951194	     -1.05044579	      0.00000000	      0.92516123	      2.08308844	     -1.88975084	     -0.66501946	     -5.08859230	     10.07036161	     24.50796074	     89.02138752	     -2.39615089	     -5.73833973	     11.16322116	     23.13000502	     79.08847399
      0.60000000	      0.55397000	     -0.69190683	     -3.01630755	     -1.42755339	      0.94830526	     -0.14487361	     -4.32991727	      4.05259393	      1.82266878	      1.08185458	      4.84838096	     -4.02074892	      0.00000000	     -5.30396071	      3.29309106	     -4.83368687	      0.00770071	      8.93243170	     -1.04794931	      0.00000000	      0.92890285	      2.08263024	     -1.89183386	     -0.67022009	     -5.08946555	     10.07041886	     24.50712490	     89.02107130	     -2.39590796	     -5.73788325	     11.16453171	     23.13261334	     79.08775252
      0.61666670	      0.54840558	     -0.69102260	     -3.01550802	     -1.42818380	      0.94857136	     -0.14478069	     -4.30042338	      4.05857089	      1.82910747	      1.05784908	      4.85179906	     -4.01546531	      0.00000000	     -5.34426061	      3.29647772	     -4.83545960	      0.02383545	      8.92449524	     -1.04524123	      0.00000000	      0.93108961	      2.08180220	     -1.88947884	     -0.66982086	     -5.08756430	     10.07077338	     24.50811038	     89.02076293	     -2.39603654	     -5.73767638	     11.16587203	     23.13487059	     79.08701832
      0.63333330	      0.55002660	     -0.69291173	     -3.00988334	     -1.42845514	      0.94826732	     -0.14483446	     -4.26633105	      4.06765803	      1.83541804	      1.03052627	      4.85453533	     -4.01006795	      0.00000000	     -5.38104418	      3.30234335	     -4.83743866	      0.04372967	      8.91786344	     -1.04274049	      0.00000000	      0.93065957	      2.08047030	     -1.88450382	     -0.66642113	     -5.08380291	     10.07136996	     24.50989972	     89.02049130	     -2.39642855	     -5.73762757	     11.16713156	     23.13655241	     79.08634209
      0.65000000	      0.56117726	     -0.69790074	     -3.00368874	     -1.42858511	      0.94760849	     -0.14497081	     -4.23337937	      4.07645602	      1.84027452	      1.00368244	      4.85675916	     -4.00561335	      0.00000000	     -5.40627519	      3.30871064	     -4.83920122	      0.06257588	      8.91350063	     -1.04074250	      0.00000000	      0.92777258	      2.07914519	     -1.87898090	     -0.66270050	     -5.07954174	     10.07206715	     24.51159685	     89.02026218	     -2.39721673	     -5.73724952	     11.16830872	     23.13762518	     79.08577024
      0.66666670	      0.56087281	     -0.74436385	     -3.01861834	     -1.42848574	      0.94679360	     -0.14487481	     -4.30403986	      4.13973503	      1.91320254	      0.73172345	      4.89498919	     -3.91684018	      0.00000000	     -5.28848565	      3.24187522	     -4.87217329	      0.30519971	      8.85487787	     -1.00327081	      0.00000000	      0.78905044	      2.07327816	     -1.75292974	     -0.58120083	     -4.98429805	     10.08916680	     24.54631585	     89.01394964	     -2.40403566	     -5.70368115	     11.20133317	     23.16474212	     79.07198372
      0.68333330	      0.56644646	     -0.74692990	     -3.00962250	     -1.42751876	      0.94595379	     -0.14479650	     -4.30094450	      4.13959523	      1.91782402	      0.72623678	      4.89213209	     -3.91105166	      0.00000000	     -5.30151532	      3.24553797	     -4.88014445	      0.32762995	      8.85810453	     -1.00552215	      0.00000000	      0.78572980	      2.07784798	     -1.75685340	     -0.58786715	     -4.98750542	     10.08919211	     24.54388295	     89.01330528	     -2.39625779	     -5.70428487	     11.20287920	     23.16867315	     79.07096977
      0.70000000	      0.67882457	     -0.77367680	     -2.98865635	     -1.42683148	      0.94564847	     -0.14475509	     -4.46511153	      4.15608857	      1.93462871	      0.69946137	      4.86198676	     -3.85428674	      0.00000000	     -5.30504412	      3.20737123	     -4.98876998	      0.65003212	      8.92965915	     -1.04614907	      0.00000000	      0.77710211	      2.11987996	     -1.80869072	     -0.75061550	     -5.02066263	     10.09428353	     24.49847426	     89.00428351	     -2.37658432	     -5.68639295	     11.23331608	     23.19880211	     79.05750101
      0.71666670	      0.73267650	     -0.85334866	     -2.97639159	     -1.42682565	      0.94565064	     -0.14469576	     -4.64312237	      4.24795605	      1.84588425	      0.49885816	      4.84663141	     -3.79321200	      0.00000000	     -5.24118581	      3.09258026	     -5.09941087	      1.00672284	      9.24557102	     -1.08459722	      0.00000000	      0.60640326	      2.17142860	     -1.73747691	     -0.74400075	     -5.01080562	     10.10222886	     24.54962425	     88.97836743	     -2.38695257	     -5.67040675	     11.31382704	     23.22525119	     79.02224264
      0.73333330	      0.72048246	     -0.85267606	     -2.97469193	     -1.42709187	      0.94597629	     -0.14471706	     -4.64477899	      4.24729659	      1.84621342	      0.50010365	      4.84644828	     -3.79289683	      0.00000000	     -5.25033850	      3.09197228	     -5.09968903	      1.01137268	      9.24620441	     -1.08456936	      0.00000000	      0.60677208	      2.17164957	     -1.73773842	     -0.74443397	     -5.01103177	     10.10222289	     24.54970108	     88.97828089	     -2.38685267	     -5.67038390	     11.31406398	     23.22538292	     79.02213702
      0.75000000	      0.79599587	     -0.87315713	     -2.97310914	     -1.42740702	      0.94648184	     -0.14478372	     -4.68877644	      4.26162774	      1.87144025	      0.58836259	      4.83300010	     -3.76675745	      0.00000000	     -5.31305835	      3.06281648	     -5.08577117	      1.17047887	      9.33247375	     -1.06929401	      0.00000000	      0.64612180	      2.18704235	     -1.77613859	     -0.81129515	     -5.02744252	     10.10374516	     24.55305448	     88.96962355	     -2.39134723	     -5.65670539	     11.34091171	     23.23197076	     79.01228206
      0.76666670	      0.79755213	     -0.87457175	     -2.96945175	     -1.42795752	      0.94646285	     -0.14493410	     -4.67290001	      4.26185006	      1.87040984	      0.58101616	      4.83415551	     -3.76689985	      0.00000000	     -5.32576165	      3.06006359	     -5.08640931	      1.18046730	      9.33960335	     -1.06932487	      0.00000000	      0.64252358	      2.18821753	     -1.77586869	     -0.81272126	     -5.02714596	     10.10400017	     24.55410725	     88.96909133	     -2.39358386	     -5.65682870	     11.34256292	     23.23117208	     79.01166966
      0.78333330	      0.80219000	     -0.87366963	     -2.96957671	     -1.42813611	      0.94575116	     -0.14503388	     -4.66906300	      4.26199566	      1.86986933	      0.57961267	      4.83410822	     -3.76702093	      0.00000000	     -5.32765124	      3.05813455	     -5.08641307	      1.18268397	      9.34124323	     -1.06924517	      0.00000000	      0.64142656	      2.18841168	     -1.77612261	     -0.81352387	     -5.02705371	     10.10408754	     24.55419573	     88.96896769	     -2.39403300	     -5.65681961	     11.34296492	     23.23097161	     79.01153504
      0.80000000	      0.81994218	     -0.87374778	     -2.97039904	     -1.42784593	      0.94471418	     -0.14508510	     -4.66359127	      4.26094637	      1.86917691	      0.57803505	      4.83369230	     -3.76723807	      0.00000000	     -5.32064331	      3.05554769	     -5.08620866	      1.18114243	      9.34251160	     -1.06908480	      0.00000000	      0.63982932	      2.18851318	     -1.77661841	     -0.81424830	     -5.02704844	     10.10415517	     24.55420994	     88.96886127	     -2.39396001	     -5.65673764	     11.34330308	     23.23090591	     79.01142765
      0.81666670	      0.85318384	     -0.89883049	     -2.90536048	     -1.42729742	      0.94413322	     -0.14523700	     -4.63809632	      4.28087341	      1.68384795	      0.71782998	      4.75842478	     -3.86170853	      0.00000000	     -5.21558025	      3.00871074	     -5.10515985	      1.40970726	      9.53569439	     -1.07978346	      0.00000000	      0.42739246	      2.20252352	     -1.88289225	     -0.98430271	     -5.05757147	     10.11309911	     24.54832500	     88.95122361	     -2.38986520	     -5.63394087	     11.40010338	     23.22886066	     78.99491760
      0.83333330	      0.87926811	     -0.90011533	     -2.82978627	     -1.42668942	      0.94415063	     -0.14535416	     -4.68664924	      4.27987484	      1.61818293	      0.75441742	      4.74194808	     -3.90253303	      0.00000000	     -5.20287437	      2.99269180	     -5.09392377	      1.47529857	      9.58931060	     -1.06390589	      0.00000000	      0.49084496	      2.20516698	     -1.86262337	     -0.91478187	     -5.05608917	     10.11274712	     24.60547758	     88.94231307	     -2.36481813	     -5.64922400	     11.42033868	     23.23972078	     78.98648996
      0.85000000	      0.86180075	     -0.90151240	     -2.83905743	     -1.42623175	      0.94456451	     -0.14534968	     -4.70760807	      4.27536288	      1.61156425	      0.76381271	      4.74138077	     -3.90690304	      0.00000000	     -5.19658045	      2.98681936	     -5.09090439	      1.47938911	      9.59282587	     -1.06174941	      0.00000000	      0.48920048	      2.20288374	     -1.86906290	     -0.92132123	     -5.05794036	     10.11283957	     24.60569767	     88.94156559	     -2.36227565	     -5.64924814	     11.42232121	     23.24048970	     78.98585117
      0.86666670	      0.85515418	     -0.89416793	     -2.65858082	     -1.42590093	      0.94521208	     -0.14557929	     -4.85477377	      4.28452417	      1.32738855	      0.58715862	      4.74013452	     -4.14782924	      0.00000000	     -5.11128532	      2.96588930	     -4.94255586	      1.69222126	      9.93091607	     -0.90125054	      0.00000000	      0.59908173	      2.14888540	     -2.08457189	     -1.16270473	     -5.07733176	     10.13232706	     24.77692311	     88.87147211	     -2.43442590	     -5.69667831	     11.60692686	     23.21862337	     78.92371884
      0.88333330	      0.83976605	     -0.89404288	     -2.66602863	     -1.42615978	      0.94578441	     -0.14560589	     -4.87901255	      4.28489778	      1.32831641	      0.59689398	      4.73879919	     -4.14736211	      0.00000000	     -5.10164394	      2.96875141	     -4.94116702	      1.69037479	      9.93063410	     -0.89968142	      0.00000000	      0.60218006	      2.14832053	     -2.08621679	     -1.16384571	     -5.07811208	     10.13226212	     24.77808028	     88.87090617	     -2.43500355	     -5.69727630	     11.60822141	     23.21851219	     78.92323022
      0.90000000	      0.84187162	     -0.87392373	     -2.74644330	     -1.42667412	      0.94618262	     -0.14553032	     -4.93523902	      4.25783574	      1.34201200	      0.53543976	      4.72609459	     -4.13839586	      0.00000000	     -5.09634850	      2.99993782	     -4.92771589	      1.72657482	      9.91428091	     -0.88001703	      0.00000000	      0.66386092	      2.13494605	     -2.10845990	     -1.17902877	     -5.08799916	     10.13133585	     24.79696415	     88.86225362	     -2.45360523	     -5.70979185	     11.62764793	     23.21319467	     78.91592261
      0.91666670	      0.78233636	     -0.80477358	     -2.71922653	     -1.42719818	      0.94617709	     -0.14555475	     -5.02424241	      4.18965887	      1.38177744	      0.22531640	      4.66745360	     -4.10358478	      0.00000000	     -5.02175202	      3.07883849	     -4.97704360	      1.67907182	      9.86824262	     -0.87165675	      0.00000000	      0.74095984	      2.06849081	     -2.10497863	     -1.15101299	     -5.07952104	     10.13312381	     24.86475709	     88.83918018	     -2.52820868	     -5.75092874	     11.67981012	     23.18758395	     78.89583580
      0.93333330	      0.78984463	     -0.80594061	     -2.78832582	     -1.42774316	      0.94588278	     -0.14532482	     -5.03566332	      4.19862243	      1.37905337	      0.15927966	      4.63464002	     -4.09785902	      0.00000000	     -5.00876369	      3.07971032	     -4.96578761	      1.66394881	      9.84559670	     -0.85882191	      0.00000000	      0.76323868	      2.03706110	     -2.14384081	     -1.18115316	     -5.07527948	     10.13524550	     24.86898120	     88.83300543	     -2.51149465	     -5.75696302	     11.69348536	     23.19460574	     78.89046942
      0.95000000	      0.75775896	     -0.78355223	     -2.74852943	     -1.42818678	      0.94555056	     -0.14522414	     -5.03809022	      4.19371771	      1.37360524	      0.00000000	      4.56910839	     -4.08644260	      0.00000000	     -4.96314043	      3.09762442	     -4.97208675	      1.56461545	      9.80837323	     -0.84882231	      0.00000000	      0.76967909	      2.00804439	     -2.13423289	     -1.15574614	     -5.05456606	     10.13907712	     24.89857516	     88.82256716	     -2.52477411	     -5.78498088	     11.71474665	     23.19092809	     78.88091108
      0.96666670	      0.77699077	     -0.77988936	     -2.75433456	     -1.42849746	      0.94579027	     -0.14515988	     -5.03416429	      4.19626940	      1.37206779	      0.00000000	      4.56544126	     -4.08628831	      0.00000000	     -4.94798968	      3.09672749	     -4.96991091	      1.55228272	      9.80606519	     -0.84716281	      0.00000000	      0.77243873	      2.00568866	     -2.13586188	     -1.15721067	     -5.05435134	     10.13922370	     24.89930394	     88.82197444	     -2.52516575	     -5.78586571	     11.71602577	     23.19114417	     78.88040609
      0.98333330	      0.80564402	     -0.77485587	     -2.75658396	     -1.42894320	      0.94670174	     -0.14518058	     -5.00464018	      4.20166312	      1.36962008	      0.00000000	      4.56058222	     -4.08600126	      0.00000000	     -4.93930656	      3.09567478	     -4.96699641	      1.53567148	      9.80201454	     -0.84446360	      0.00000000	      0.77367207	      2.00110931	     -2.13625464	     -1.15594035	     -5.05324659	     10.13941175	     24.90139120	     88.82115172	     -2.52567706	     -5.78794135	     11.71767228	     23.19125006	     78.87968946
      1.00000000	      0.68439735	     -0.76129451	     -2.79295337	     -1.42910509	      0.94767047	     -0.14514490	     -4.78195658	      4.21300554	      1.30339879	      0.00000000	      4.43160929	     -4.06961971	      0.00000000	     -4.88716877	      3.10418251	     -4.90176044	      1.20252663	      9.65548083	     -0.76440714	      0.00000000	      0.70466539	      1.91315314	     -2.11928937	     -1.02924150	     -5.00919395	     10.14225189	     24.97337808	     88.80332347	     -2.47397874	     -5.84427433	     11.74807916	     23.20663525	     78.86382018
      1.01666670	      0.71670228	     -0.75651040	     -2.79543640	     -1.42822129	      0.94796649	     -0.14533597	     -4.77029606	      4.21444433	      1.30361611	      0.00000000	      4.43074274	     -4.06929884	      0.00000000	     -4.87010100	      3.10194760	     -4.90103023	      1.19363689	      9.65417940	     -0.76377368	      0.00000000	      0.70562545	      1.91356695	     -2.11931602	     -1.02901107	     -5.00878387	     10.14231855	     24.97373661	     88.80319157	     -2.47364033	     -5.84470935	     11.74828508	     23.20687987	     78.86369551
      1.03333330	      0.61515697	     -0.65033042	     -2.90229595	     -1.42632319	      0.94733204	     -0.14561515	     -4.66471035	      4.05929580	      1.20909421	      0.00000000	      4.05922147	     -3.93958084	      0.00000000	     -5.06632737	      3.27747284	     -4.84175850	      0.38469469	      9.04072436	     -0.56897111	      0.00000000	      1.01342684	      1.83259910	     -2.10649178	     -1.10908973	     -5.00167933	     10.14801852	     25.03610842	     88.74479962	     -2.63174856	     -5.84268303	     11.86895910	     23.25775335	     78.81468043
      1.05000000	      0.63344662	     -0.65146240	     -2.91753095	     -1.42555964	      0.94664116	     -0.14555226	     -4.69724692	      4.04625536	      1.20718404	      0.00000000	      4.05881036	     -3.93962260	      0.00000000	     -5.02033200	      3.27089141	     -4.84128388	      0.35576959	      9.03878101	     -0.56944106	      0.00000000	      1.01324331	      1.83674162	     -2.10707942	     -1.11312556	     -5.00060991	     10.14841102	     25.03552177	     88.74403376	     -2.63286569	     -5.84411834	     11.87010039	     23.25866462	     78.81393533
      1.06666670	      0.59909547	     -0.59902398	     -3.07795623	     -1.42581555	      0.94626846	     -0.14517707	     -4.66350523	      3.95348688	      1.18674671	      0.00000000	      4.04959155	     -3.91936090	      0.00000000	     -5.12548775	      3.36720036	     -4.87425331	      0.00000000	      8.99041393	     -0.59914454	      0.00000000	      1.06182168	      1.92139671	     -2.09999789	     -1.22458477	     -4.98124045	     10.15579181	     25.01973486	     88.72426509	     -2.72112803	     -5.86102887	     11.90220699	     23.27835648	     78.79575654
      1.08333330	      0.61292347	     -0.59246238	     -3.07042418	     -1.42713960	      0.94653335	     -0.14482852	     -4.65927273	      3.95108075	      1.18984755	      0.00000000	      4.04909259	     -3.91663250	      0.00000000	     -5.12661218	      3.35659680	     -4.87634084	      0.00000000	      8.98578199	     -0.59985782	      0.00000000	      1.07125362	      1.91684451	     -2.09487068	     -1.22352319	     -4.98360226	     10.15530877	     25.02079691	     88.72344686	     -2.72937352	     -5.85879302	     11.90393964	     23.27846399	     78.79511800
      1.10000000	      0.64294214	     -0.58550317	     -3.02644627	     -1.42797832	      0.94688441	     -0.14461111	     -4.68302523	      3.96016507	      1.24863543	      0.00000000	      4.02865235	     -3.86565786	      0.00000000	     -5.16625648	      3.34107808	     -4.91182836	      0.00000000	      8.85664726	     -0.59988178	      0.00000000	      1.15469773	      1.83465833	     -2.03279707	     -1.17323224	     -4.99234603	     10.14962884	     25.04690224	     88.71092026	     -2.78853011	     -5.85671107	     11.92375400	     23.29198876	     78.78476097
      1.11666670	      0.63690466	     -0.57356580	     -3.03198921	     -1.42789595	      0.94689269	     -0.14454264	     -4.66333369	      3.95810600	      1.25389605	      0.00000000	      4.02790194	     -3.86046052	      0.00000000	     -5.19305386	      3.34147034	     -4.91611803	      0.00000000	      8.83794002	     -0.59935792	      0.00000000	      1.15595907	      1.83575186	     -2.03577114	     -1.17788775	     -4.99106489	     10.14976483	     25.04628077	     88.70948306	     -2.78553572	     -5.85957500	     11.92529557	     23.29567644	     78.78348193
      1.13333330	      0.67126550	     -0.50235033	     -3.09672922	     -1.42724629	      0.94687745	     -0.14449207	     -4.71224563	      3.86900203	      1.41358995	      0.00000000	      4.02172199	     -3.72847347	      0.00000000	     -5.25214535	      3.42635899	     -5.04263600	      0.00000000	      8.37406656	     -0.58389139	      0.00000000	      1.23800014	      1.81642634	     -2.05618137	     -1.24952195	     -4.94549745	     10.15387035	     25.04518561	     88.67882654	     -2.76114604	     -5.93037639	     11.95835386	     23.36474273	     78.75640644
      1.15000000	      0.64995732	     -0.50333172	     -3.08813677	     -1.42667066	      0.94709603	     -0.14453149	     -4.71843202	      3.87219609	      1.41652872	      0.00000000	      4.02421783	     -3.72581727	      0.00000000	     -5.25893344	      3.42217553	     -5.04939695	      0.00000000	      8.36328788	     -0.58699356	      0.00000000	      1.23213171	      1.80704024	     -2.04860292	     -1.24331302	     -4.94545608	     10.15332965	     25.04709330	     88.67735308	     -2.76784304	     -5.92955718	     11.96077617	     23.36536060	     78.75525655
      1.16666670	      0.64157484	     -0.50367193	     -3.08628457	     -1.42681304	      0.94771706	     -0.14451031	     -4.71929999	      3.87270640	      1.41714197	      0.00000000	      4.02472597	     -3.72545503	      0.00000000	     -5.26356507	      3.42262687	     -5.05042476	      0.00000000	      8.36166660	     -0.58740840	      0.00000000	      1.23224367	      1.80611613	     -2.04778828	     -1.24301559	     -4.94541532	     10.15328197	     25.04724420	     88.67716560	     -2.76883853	     -5.92944338	     11.96108899	     23.36547985	     78.75511291
      1.18333330	      0.63611747	     -0.50384454	     -3.08356663	     -1.42688127	      0.94826106	     -0.14449216	     -4.71783642	      3.87435743	      1.41809115	      0.00000000	      4.02522214	     -3.72490706	      0.00000000	     -5.26889920	      3.42375715	     -5.05152067	      0.00012481	      8.35969788	     -0.58769163	      0.00000000	      1.23264138	      1.80515918	     -2.04686104	     -1.24266027	     -4.94528724	     10.15323507	     25.04742872	     88.67696501	     -2.76992082	     -5.92929658	     11.96142311	     23.36561689	     78.75496172
      1.20000000	      0.63866437	     -0.50419501	     -3.08155561	     -1.42667131	      0.94829737	     -0.14452504	     -4.71628077	      3.87776152	      1.41910917	      0.00000000	      4.02553960	     -3.72424488	      0.00000000	     -5.26941736	      3.42587407	     -5.05234144	      0.00000000	      8.35783660	     -0.58770329	      0.00000000	      1.23293465	      1.80406609	     -2.04587222	     -1.24200224	     -4.94499968	     10.15319066	     25.04769448	     88.67676554	     -2.77079314	     -5.92920260	     11.96173285	     23.36579096	     78.75481125
      1.21666670	      0.65343025	     -0.53025397	     -3.01807595	     -1.42640842	      0.94800944	     -0.14466482	     -4.77111138	      3.91748925	      1.45017209	      0.00000000	      4.04458520	     -3.69789074	      0.00000000	     -5.29335262	      3.40604512	     -5.08447342	      0.00000000	      8.29273314	     -0.58500931	      0.00000000	      1.27417370	      1.76075448	     -2.00450334	     -1.22952825	     -4.93474689	     10.15064367	     25.05514691	     88.66614599	     -2.82294112	     -5.91929093	     11.97847827	     23.37593552	     78.74709249
      1.23333330	      0.64273689	     -0.53307169	     -3.01923436	     -1.42698055	      0.94739299	     -0.14466494	     -4.77669771	      3.91921531	      1.44977454	      0.00000000	      4.04495814	     -3.69771794	      0.00000000	     -5.30069200	      3.40975960	     -5.08465869	      0.00000000	      8.29209781	     -0.58473080	      0.00000000	      1.27499376	      1.76061511	     -2.00475118	     -1.23062997	     -4.93459016	     10.15063709	     25.05482908	     88.66595382	     -2.82344223	     -5.91934219	     11.97872779	     23.37620478	     78.74695054
      1.25000000	      0.65177664	     -0.54484282	     -3.02567939	     -1.42817609	      0.94649738	     -0.14475370	     -4.75338237	      3.93354173	      1.44694012	      0.00000000	      4.04893389	     -3.69793229	      0.00000000	     -5.33290228	      3.42203088	     -5.08515283	      0.00000000	      8.29132787	     -0.58382524	      0.00000000	      1.28226953	      1.75962020	     -2.00593394	     -1.23595704	     -4.93389824	     10.15037167	     25.05329574	     88.66447409	     -2.82522901	     -5.92005503	     11.98041936	     23.37897588	     78.74587348
      1.26666670	      0.65692031	     -0.55263316	     -3.02776443	     -1.42895140	      0.94562084	     -0.14489863	     -4.72115007	      3.94236440	      1.44305620	      0.00000000	      4.05298901	     -3.69967164	      0.00000000	     -5.37694616	      3.42199570	     -5.08673558	      0.00000000	      8.29271968	     -0.58448947	      0.00000000	      1.28788616	      1.75897890	     -2.00620135	     -1.23924259	     -4.93397077	     10.14997825	     25.05201476	     88.66308453	     -2.82584461	     -5.92112858	     11.98182968	     23.38170762	     78.74486277
      1.28333330	      0.67065157	     -0.56266460	     -3.02804335	     -1.42928157	      0.94532794	     -0.14504340	     -4.68205560	      3.94976559	      1.43815950	      0.00000000	      4.05739427	     -3.70279406	      0.00000000	     -5.41685908	      3.42004257	     -5.08886777	      0.00336669	      8.29562510	     -0.58636740	      0.00000000	      1.29209939	      1.75867380	     -2.00568149	     -1.24082201	     -4.93492559	     10.14946228	     25.05109280	     88.66177211	     -2.82565009	     -5.92234707	     11.98304519	     23.38438516	     78.74390909
      1.30000000	      0.68977883	     -0.57122752	     -3.02837767	     -1.42929264	      0.94579332	     -0.14511630	     -4.64925114	      3.95465018	      1.43274390	      0.00000000	      4.06164448	     -3.70650886	      0.00000000	     -5.44061148	      3.41565657	     -5.09094738	      0.00660386	      8.29911222	     -0.58884221	      0.00000000	      1.29555360	      1.75907270	     -2.00372221	     -1.23903427	     -4.93655140	     10.14882436	     25.05160400	     88.66059982	     -2.82513066	     -5.92296366	     11.98413655	     23.38687566	     78.74306542
      1.31666670	      0.72618648	     -0.60389089	     -3.04652391	     -1.42967138	      0.94677680	     -0.14512826	     -4.62998230	      3.98735185	      1.38891385	      0.00000000	      4.09050113	     -3.73381759	      0.00000000	     -5.46931014	      3.38357780	     -5.10335141	      0.00000000	      8.32613097	     -0.60748782	      0.00000000	      1.31713507	      1.77031716	     -1.97212777	     -1.18331580	     -4.94756058	     10.14351113	     25.07706610	     88.65231299	     -2.81573380	     -5.92084219	     11.99231511	     23.40708209	     78.73706134
      1.33333330	      0.76039298	     -0.62911396	     -2.99811757	     -1.43067092	      0.94766713	     -0.14536825	     -4.59331046	      4.00938643	      1.34589144	      0.00000000	      4.14289019	     -3.76226512	      0.00000000	     -5.47651380	      3.36446966	     -5.11819992	      0.00247795	      8.37694571	     -0.63454070	      0.00000000	      1.34448396	      1.81200095	     -1.89587000	     -1.02633777	     -4.94806200	     10.13771291	     25.16863956	     88.63854966	     -2.78692160	     -5.90932781	     12.00700566	     23.44974174	     78.72639768
      1.35000000	      0.79053345	     -0.64352908	     -2.97807807	     -1.43156113	      0.94800122	     -0.14565837	     -4.52059496	      4.01321972	      1.34355438	      0.00000000	      4.16303423	     -3.76495352	      0.00000000	     -5.49742992	      3.36691966	     -5.11204818	      0.00000000	      8.39848605	     -0.63650531	      0.00000000	      1.35076357	      1.81694656	     -1.88462005	     -0.97959716	     -4.94467175	     10.13785940	     25.21072616	     88.63424574	     -2.76652194	     -5.90360107	     12.01223964	     23.46953831	     78.72275150
      1.36666670	      0.69946268	     -0.68983929	     -2.77851187	     -1.43140334	      0.94760127	     -0.14603197	     -4.37546491	      4.07527269	      1.16598477	      0.00000000	      4.60297438	     -3.60821805	      0.00000000	     -5.42466185	      3.31372560	     -4.85436230	      0.00000000	      9.07416094	     -0.38432928	      0.00000000	      1.41303837	      1.91578750	     -2.14145407	     -1.34840402	     -5.21849359	     10.36339355	     27.56349395	     88.36158686	     -2.99673650	     -6.05271090	     12.35764343	     24.30138350	     78.43282981
      1.38333330	      0.68736251	     -0.72675583	     -2.62656522	     -1.43157219	      0.94758016	     -0.14617169	     -4.35442903	      4.11332369	      1.18239191	      0.00000000	      4.59077822	     -3.59334809	      0.00000000	     -5.40429363	      3.28478649	     -4.84943266	      0.00000000	      9.08514676	     -0.36920308	      0.00000000	      1.43910247	      1.87064051	     -2.05364513	     -1.19349685	     -5.20688699	     10.36751526	     27.67034735	     88.35534627	     -2.98293988	     -6.04612203	     12.36249675	     24.32411097	     78.42408070
      1.40000000	      0.54838287	     -0.80304293	     -2.46948258	     -1.43314783	      0.94748721	     -0.14615076	     -4.21671849	      4.22560954	      0.97430520	      0.00000000	      4.45543294	     -3.72182746	      0.00000000	     -5.21080517	      3.18144472	     -4.84801452	      0.00000000	      9.47493943	      0.24290559	      0.00000000	      1.39135005	      1.87167289	     -2.05953980	     -1.89662456	     -5.83096071	     11.17579177	     31.52319864	     88.08295079	     -3.06570835	     -6.19751704	     12.54739440	     25.18046665	     77.89731841
      1.41666670	      0.55016366	     -0.91982035	     -2.35985818	     -1.43585696	      0.94749293	     -0.14625083	     -4.23162395	      4.36801778	      1.00532833	      0.00000000	      4.15576518	     -3.86182186	      0.00000000	     -5.12486424	      3.05413852	     -4.56296724	      0.00000000	      9.88490204	      0.29719771	      0.00000000	      1.32075459	      1.91244205	     -1.93338914	     -1.90433370	     -6.24992500	     11.73803790	     33.74754479	     87.89137780	     -2.94442310	     -6.21096450	     12.57960765	     25.46135096	     77.50409161
      1.43333330	      0.40267149	     -0.95025513	     -2.33278690	     -1.43852568	      0.94677354	     -0.14578949	     -3.96347954	      4.44348116	      1.08705488	      0.11164773	      4.18259144	     -4.14255591	      0.00000000	     -4.76602550	      2.98586299	     -4.58460451	      0.07559265	      9.77297013	      0.33870545	      0.00000000	      1.31313500	      1.80505997	     -1.67320765	     -2.11389867	     -6.95589547	     12.80743334	     37.46299409	     87.65884389	     -2.80893557	     -6.27049766	     12.49678150	     25.93934432	     76.90269377
      1.45000000	      0.20860951	     -0.98671862	     -2.25531766	     -1.44042391	      0.94551646	     -0.14490359	     -3.48307916	      4.54227492	      1.04861215	      0.42810087	      4.09669221	     -4.38014886	      0.00000000	     -4.14916055	      2.87182211	     -4.49885850	      0.50496108	     10.02864636	      0.34711076	      0.00000000	      1.35586458	      1.67021422	     -1.68872540	     -2.04967610	     -7.65644243	     13.81640537	     41.55212478	     87.45540955	     -2.71912750	     -6.35380259	     12.34480462	     26.35973344	     76.34601215
      1.46666670	      0.06327727	     -0.98017555	     -2.25438735	     -1.44100549	      0.94509572	     -0.14352653	     -3.09545304	      4.60700294	      1.06094705	      0.60198974	      3.79274764	     -4.56154091	      0.00000000	     -3.66240737	      2.79923296	     -4.58591000	      0.81589178	     10.11797862	      0.27942591	      0.00000000	      1.32562171	      1.41653366	     -1.39319470	     -2.28497656	     -8.69540609	     15.10655277	     47.06588715	     87.18674417	     -2.62832909	     -6.45888776	     11.99870009	     27.08321783	     75.58183585
      1.48333330	     -0.07753584	     -1.00465233	     -2.17756011	     -1.44103290	      0.94635290	     -0.14288392	     -2.78061576	      4.70484969	      1.07052697	      0.67068562	      3.48777525	     -4.74814893	      0.00000000	     -3.24083804	      2.69513532	     -4.56543922	      1.07307962	     10.16986239	      0.26783433	      0.00000000	      1.37033950	      1.23036902	     -1.49519723	     -2.32418001	     -9.86311253	     16.21694096	     53.46458464	     86.94540164	     -2.67591289	     -6.52907787	     11.59721072	     27.73522093	     74.83017476
      1.50000000	     -0.17099294	     -1.03372192	     -2.22474184	     -1.44142995	      0.94865112	     -0.14284974	     -2.59408818	      4.77839717	      1.16063277	      0.61545554	      3.16108894	     -4.77486154	      0.00000000	     -3.02414975	      2.61614702	     -4.65437654	      1.09717670	      9.93155146	      0.23351552	      0.00000000	      1.38162885	      1.10465950	     -1.53486682	     -2.14869513	    -11.32407368	     17.21833293	     60.83746131	     86.71072500	     -2.78526590	     -6.48340705	     11.09441960	     28.38393432	     73.97256299
      1.51666670	     -0.35167044	     -1.00897630	     -2.27981028	     -1.44215488	      0.95108730	     -0.14283229	     -2.34459251	      4.78166330	      1.15515425	      0.55003327	      2.77407594	     -4.63653047	      0.00000000	     -2.78874650	      2.60403262	     -4.61599927	      0.99352989	      9.73628766	      0.19337367	      0.00000000	      1.57830148	      0.92555874	     -1.67214367	     -1.37757704	    -12.88859390	     18.47269547	     68.57227423	     86.68019338	     -2.82701488	     -6.47383934	     10.64805481	     28.78875731	     73.32172812
      1.53333330	     -0.45162293	     -0.96785190	     -2.44096555	     -1.44255884	      0.95426868	     -0.14229570	     -2.22334321	      4.73575831	      1.22967645	      0.45492014	      2.45294510	     -4.32438709	      0.00000000	     -2.76045521	      2.63395288	     -4.75383292	      0.71502899	      9.29497562	      0.07833229	      0.00000000	      1.59931392	      0.80416798	     -1.56794542	      0.23871833	    -14.69557579	     19.63357995	     76.56501843	     86.71407123	     -2.76144996	     -6.36824084	     10.19398077	     29.13194698	     72.67530578
      1.55000000	     -0.49368371	     -0.88897527	     -2.52259865	     -1.44272762	      0.95890311	     -0.14158902	     -2.23006473	      4.65512813	      1.24784635	      0.28455511	      2.18754749	     -3.92126709	      0.00000000	     -2.82849938	      2.69410796	     -4.84267076	      0.40322947	      8.79135164	     -0.00632331	      0.00000000	      1.52950247	      0.66641261	     -1.34151846	      2.86072445	    -16.47681343	     20.58668444	     84.22639545	     86.80033288	     -2.55637138	     -6.28432541	      9.77782989	     29.25831974	     72.04895060
      1.56666670	     -0.71320805	     -0.78330509	     -2.59257579	     -1.44348205	      0.96271023	     -0.14102616	     -2.08769595	      4.57721088	      1.29804699	      0.00000000	      2.08882589	     -3.53986574	      0.00000000	     -2.64969764	      2.75431710	     -5.17513734	      0.17631621	      8.06167231	      0.01396799	      0.00000000	      1.75080327	      0.57230813	     -1.52984277	      6.76792430	    -17.12282861	     20.71098818	     90.15047280	     86.87701516	     -2.58235734	     -6.34134676	      9.60395010	     28.80233447	     71.75786946
      1.58333330	     -0.63973895	     -0.69656118	     -2.60442160	     -1.44578594	      0.96432339	     -0.14123039	     -2.08142532	      4.48347388	      1.09775909	      0.00000000	      1.92861234	     -3.11812867	      0.00000000	     -2.70870032	      2.84302310	     -5.22435931	      0.00000000	      7.68010015	      0.01159405	      0.00000000	      1.54610500	      0.40400188	     -1.20284576	     11.15426476	    -18.65241374	     21.20073755	     96.08888530	     87.01471624	     -2.18098883	     -6.36358158	      9.28693777	     28.51911376	     71.40028207
      1.60000000	     -0.41943701	     -0.56879317	     -2.57500985	     -1.44761899	      0.96220362	     -0.14148051	     -2.22572159	      4.33267370	      0.89597453	      0.00000000	      2.02872314	     -2.66773993	      0.00000000	     -2.81830659	      2.99218507	     -5.25840168	      0.00000000	      7.22061777	      0.08201624	      0.00000000	      1.20850566	     -0.03979563	     -0.83712679	     15.86537101	    -20.57572172	     21.49823386	    101.01543074	     87.17501888	     -1.64523912	     -6.33041746	      8.84948772	     28.33674686	     70.91877189
      1.61666670	     -0.38597015	     -0.56639951	     -2.59049845	     -1.44758862	      0.96004453	     -0.14118425	     -2.18976660	      4.34643460	      0.69894600	      0.00000000	      1.97976524	     -2.39215475	      0.00000000	     -2.76987741	      2.99302206	     -5.46739330	      0.00000000	      6.89972274	      0.12983561	      0.00000000	      1.19418843	     -0.30897996	     -0.77941858	     20.91050635	    -21.95992925	     21.20151936	    104.87199268	     87.34711210	     -1.46783025	     -6.52762127	      8.40549458	     27.95416655	     70.46353413
      1.63333330	     -0.52586642	     -0.51661780	     -2.43792284	     -1.44705706	      0.95991217	     -0.14051494	     -2.00396989	      4.33546765	      0.50867423	      0.00000000	      1.90691277	     -2.31641080	      0.00000000	     -2.45035209	      3.01060423	     -5.53521415	      0.19123606	      6.84167144	      0.23784809	      0.00000000	      1.32187113	     -0.67748266	     -0.94262827	     26.23387647	    -23.28330202	     20.62956476	    108.42745123	     87.57933881	     -1.30401068	     -6.74303215	      8.01937493	     27.50216924	     70.14510166
      1.65000000	     -0.80911212	     -0.45600891	     -2.17083817	     -1.44529235	      0.95867462	     -0.13954707	     -1.72514490	      4.33959633	      0.26836986	      0.00000000	      1.81179265	     -2.32435726	      0.00000000	     -1.94811808	      3.00577625	     -5.51170491	      0.54381612	      7.17372935	      0.29945072	      0.00000000	      1.55946728	     -1.09415641	     -1.16774393	     31.98539000	    -24.45120004	     19.51118067	    111.67594177	     87.79336655	     -1.17385502	     -6.92098859	      7.75736297	     26.95551653	     70.01403044
      1.66666670	     -0.90898772	     -0.44196651	     -1.86078562	     -1.44109899	      0.95449932	     -0.13908079	     -1.73008268	      4.35803911	     -0.00819080	      0.00000000	      1.79348938	     -2.25455659	      0.00000000	     -1.72865594	      2.96148693	     -5.59852861	      0.90442638	      7.56521531	      0.59111245	      0.00000000	      1.66917312	     -1.32956961	     -2.12283031	     39.54277266	    -25.64991322	     19.82648419	    113.12184202	     89.48078767	     -1.60803678	     -6.95044902	      6.47059386	     26.31184092	     69.79657625
      1.68333330	     -0.93173079	     -0.41060522	     -1.62197980	     -1.43633549	      0.94945372	     -0.13963806	     -1.88895035	      4.32430034	     -0.22612034	      0.00000000	      1.49066358	     -2.38392193	      0.00000000	     -1.78225942	      2.96720213	     -5.52937271	      1.10444195	      7.93685695	      0.77660994	      0.00000000	      1.78766051	     -1.61786909	     -2.34688741	     46.08131028	    -26.77297251	     18.40397440	    114.83867776	     89.83937865	     -1.78166406	     -6.84794011	      6.14942357	     25.56023450	     69.83749879
      1.70000000	     -0.85473087	     -0.49499726	     -1.60575271	     -1.43395340	      0.94570438	     -0.14121090	     -2.16254313	      4.35859024	     -0.29799372	      0.00000000	      1.27993860	     -2.46818012	      0.00000000	     -2.12177097	      2.90635130	     -5.76510116	      1.06841374	      8.26205184	      0.99562041	      0.00000000	      2.23164777	     -1.35513404	     -3.62521111	     54.36983000	    -26.68947800	     19.96042554	    112.82000687	     91.47242899	     -2.56916158	     -6.59534585	      5.00775351	     24.12044072	     70.19568165
      1.71666670	     -0.67413012	     -0.64451997	     -1.69828736	     -1.43381125	      0.94289373	     -0.14286754	     -2.48168158	      4.43624255	     -0.38226060	      0.00000000	      1.17500944	     -2.73884276	      0.00000000	     -2.53751846	      2.80766845	     -5.88484483	      1.09777133	      8.78044579	      0.80130800	      0.00000000	      2.39551389	     -1.26967518	     -3.58874828	     60.55135389	    -27.59994686	     19.13610056	    112.32741844	     91.83745566	     -2.92650961	     -6.34576663	      4.71616566	     23.37985360	     70.31757290
      1.73333330	     -0.46423715	     -0.67529542	     -1.82619269	     -1.43443059	      0.94066132	     -0.14434999	     -2.77609098	      4.33710256	      0.04280366	      0.00000000	      1.28676353	     -3.08854336	      0.00000000	     -3.16267558	      2.90811751	     -5.74748880	      0.60345162	      8.89604939	      0.93462812	      0.00000000	      2.79535094	     -0.94427262	     -4.71797506	     68.61345106	    -27.42322831	     22.47593793	    108.79177248	     92.94204724	     -3.24261424	     -5.96980709	      4.06881249	     21.27860794	     70.67756227
      1.75000000	     -0.56568752	     -0.75068605	     -1.90663595	     -1.43592648	      0.93961726	     -0.14538758	     -2.53343817	      4.31912567	      0.10159034	      0.23299467	      1.51972668	     -3.34152119	      0.00000000	     -3.15527754	      2.91747273	     -5.68952823	      0.48159452	      9.23842616	      0.63918247	      0.00000000	      3.22363707	     -0.55398415	     -6.28757854	     75.91627845	    -25.60539032	     24.39753932	    104.63351432	     94.46470603	     -4.07385115	     -5.73243394	      3.63882554	     20.42461335	     71.53192252
      1.76666670	     -0.65068460	     -0.82401818	     -2.05067511	     -1.43651597	      0.94039810	     -0.14582808	     -2.27302443	      4.31724194	      0.26407191	      0.55306951	      1.60149504	     -3.68761636	      0.00000000	     -3.20649695	      2.91939305	     -5.64451101	      0.24463424	      9.17885516	      0.43210710	      0.00000000	      3.62466043	     -0.38109010	     -6.14692321	     82.53371508	    -26.00008342	     26.46783944	    101.09123251	     95.29753060	     -3.79467459	     -5.43411505	      3.37261917	     19.02563631	     72.00858710
      1.78333330	     -0.75342350	     -0.86942159	     -2.18005463	     -1.43407869	      0.94309608	     -0.14535683	     -2.04892864	      4.32331790	      0.61480480	      0.88567973	      1.75345717	     -3.83069344	      0.00000000	     -3.25372484	      2.90830283	     -5.53303585	      0.11035070	      9.18364804	      0.32321717	      0.00000000	      3.96076185	     -0.31205813	     -5.84001869	     88.72413489	    -26.06225863	     28.17594707	     97.37282526	     95.91053570	     -3.36946204	     -5.25956263	      3.04753099	     17.55293234	     72.38859036
      1.80000000	     -0.95185866	     -0.94593296	     -2.17165910	     -1.42962089	      0.94759163	     -0.14474129	     -1.81099609	      4.39350037	      0.32940665	      1.21619822	      1.41822307	     -3.87425752	      0.00000000	     -3.24577001	      2.83419630	     -5.51833835	      0.00000000	      9.27371253	      0.31095866	      0.00000000	      4.25230816	     -0.31311497	     -5.31213188	     94.29329717	    -26.25447567	     28.61080560	     94.78289062	     96.21227983	     -2.99927794	     -4.94462726	      2.71670847	     16.54891193	     72.58457999
      1.81666670	     -0.89574433	     -1.00801712	     -2.10886786	     -1.42702243	      0.95313587	     -0.14467186	     -2.27025136	      4.45185941	      0.48805714	      0.90698654	      0.98917284	     -3.60235742	      0.00000000	     -3.50127922	      2.77149332	     -5.26163002	      0.00000000	      9.15486982	      0.63416228	      0.00000000	      4.42848751	     -0.20094293	     -5.47407684	    100.46950465	    -26.01672311	     31.55406508	     91.15503699	     96.75992962	     -2.48705131	     -4.51101147	      1.58298934	     14.18103914	     72.90664090
      1.83333330	     -0.91775423	     -1.05734936	     -2.17148560	     -1.42955369	      0.95697933	     -0.14508787	     -2.56516279	      4.50412335	      0.46778578	      0.59972646	      0.44153267	     -3.40098422	      0.00000000	     -3.54928882	      2.73581887	     -5.21554033	      0.00000000	      9.10917663	      0.70941921	      0.00000000	      4.57416146	     -0.24173426	     -4.87583988	    105.78589480	    -26.15279075	     32.71678209	     88.31607722	     96.92323601	     -1.64850625	     -4.01472559	     -0.00832831	     12.19648316	     73.17186578
      1.85000000	     -0.91581304	     -1.04344946	     -2.22697822	     -1.43646054	      0.95850681	     -0.14538115	     -2.86685774	      4.50399349	      0.45882920	      0.00000000	     -0.18900674	     -3.12729624	      0.00000000	     -3.45816642	      2.78060786	     -4.94968003	      0.00000000	      8.84587882	      0.22140191	      0.00000000	      4.83608847	     -0.20926485	     -3.83209657	    110.86533360	    -25.98616998	     34.51983562	     84.93853011	     89.24985185	      5.33929056	     -4.61629568	   -170.29998359	      0.00000000	     98.70972931
      1.86666670	     -1.44517335	     -1.00401154	     -2.45369820	     -1.44447664	      0.95764310	     -0.14489782	     -2.10162341	      4.49680914	      0.47479317	      0.00000000	      0.01966543	     -2.81147535	      0.00000000	     -2.62188315	      2.83438636	     -5.35091491	      0.00000000	      8.59949435	      0.28195488	      0.00000000	      4.96315701	     -0.52069411	     -2.27178461	    116.28780249	    -27.40898141	     35.54065098	     83.59952516	     93.00363974	      6.17958506	     -4.28275273	   -169.50712063	      0.00000000	    104.16314193
      1.88333330	     -1.59524610	     -0.91494692	     -2.32452336	     -1.45074272	      0.95801223	     -0.14421943	     -1.62480576	      4.45734861	      0.21666274	      0.00000000	      0.23673929	     -2.40462062	      0.00000000	     -2.07356702	      2.91468129	     -4.97312299	      0.00000000	      8.69144976	      0.27855247	      0.00000000	      4.58798341	     -0.86393922	     -1.70771272	    121.07688447	    -26.90565754	     35.64156479	     80.18584608	     92.56708508	      7.19991656	     -3.68743924	   -162.04302953	      1.39807471	    119.74817918
      1.90000000	     -1.71609638	     -0.81129560	     -2.23480087	     -1.45324569	      0.95991099	     -0.14312777	     -1.10599335	      4.44223932	      0.11387364	      0.00000000	      0.63161012	     -2.13105540	      0.00000000	     -1.50950257	      2.96418870	     -4.90415522	      0.00000000	      7.86759172	     -0.07970075	      0.00000000	      4.04568547	     -1.22599405	     -1.31539566	    125.33229765	    -26.04261301	     35.15872230	     77.26873624	     92.38876397	      8.23682547	     -3.47911367	   -161.34037892	      3.02178920	    119.74817918
      1.91666670	     -1.77688272	     -0.70123075	     -2.03738094	     -1.45183735	      0.96235043	     -0.14257406	     -0.70712203	      4.41804123	     -0.10580646	      0.00000000	      1.17306871	     -1.60022598	      0.00000000	     -1.07793472	      2.99404389	     -4.73312139	      0.00000000	      7.17341321	     -0.19935093	      0.00000000	      3.58513078	     -1.63432291	     -0.89568995	    129.45541867	    -25.57303419	     35.53999906	     74.10897229	     92.07588134	      9.04885852	     -3.25412846	   -159.49627013	      4.40749289	    119.74817918
      1.93333330	     -2.17512002	     -0.67686577	     -2.03496507	     -1.44791754	      0.96275551	     -0.14253090	     -0.06522233	      4.46050446	     -0.14822856	      0.00000000	      1.54924024	     -0.83948106	      0.00000000	     -0.45559339	      2.94853751	     -4.92013060	      0.00000000	      6.39798762	     -0.01024105	      0.00000000	      3.91907325	     -2.11779210	      1.23339172	    134.66764614	    -27.72320611	     39.93242020	     71.66246409	     88.23673864	      9.93984114	     -1.37439769	   -137.38975317	      7.55471272	    119.74817918
      1.95000000	     -1.45566303	     -0.61239259	     -1.82190491	     -1.44459560	      0.96175785	     -0.14281932	     -0.81824760	      4.40325644	     -0.22490550	      0.00000000	      1.97191736	     -0.87597687	      0.00000000	     -1.18037580	      2.98699641	     -4.59813273	      0.00000000	      6.03390189	     -0.09148795	      0.00000000	      2.62541379	     -2.49680814	      0.83678697	    137.27741903	    -25.99642827	     37.47448975	     68.19216749	     87.79030492	      9.83653744	     -1.26474757	   -134.89951807	      8.33375916	    119.74817918
      1.96666670	     -1.87183623	     -0.56455853	     -1.82665668	     -1.44115227	      0.95810468	     -0.14295120	     -0.46149672	      4.36048986	     -0.54530436	      0.00000000	      2.14754893	     -0.36705469	      0.00000000	     -0.81972401	      3.00481225	     -4.68215035	      0.00000000	      5.70897582	     -0.09504224	      0.00000000	      3.21416508	     -2.73459205	      1.08459230	    139.93661084	    -24.86687146	     37.30237051	     63.98323966	     87.15635127	      7.37557688	     -0.92828751	   -101.56775223	      7.36358045	    119.74817918
      1.98333330	     -1.38188881	     -0.56301397	     -1.94172547	     -1.44022867	      0.95791388	     -0.14291095	     -1.12591090	      4.31968668	     -0.12443482	      0.00000000	      2.10741356	     -0.89163456	      0.00000000	     -1.50844407	      3.02607744	     -4.76498716	      0.00000000	      5.86125058	      0.08714954	      0.00000000	      2.37211523	     -3.05819969	      1.56567780	    143.04106584	    -24.07756998	     36.10045900	     60.33687703	     87.06223440	      7.31047201	     -0.14616090	   -100.03478259	      9.77170724	    119.74817918
      2.00000000	     -1.59796909	     -0.59337801	     -1.92785046	     -1.44105090	      0.95926761	     -0.14276757	     -0.95374118	      4.35093942	     -0.49991642	      0.00000000	      2.18607143	     -0.61226080	      0.00000000	     -1.35952112	      3.00352606	     -4.76864801	      0.00000000	      5.74255574	      0.12794062	      0.00000000	      2.50377747	     -3.20338394	      1.96000910	    146.24899042	    -23.39564048	     36.84308493	     55.86513729	     88.06367894	      5.46632920	     -0.71071330	    -74.24577724	      9.44752623	    119.74817918
      2.01666670	     -1.72341860	     -0.58549750	     -2.01630734	     -1.44297766	      0.96140951	     -0.14190747	     -0.79376387	      4.36446686	     -0.45089452	      0.00000000	      1.79974004	     -0.99749388	      0.00000000	     -1.26587906	      3.01274271	     -4.85763248	      0.00000000	      5.61619781	      0.07100180	      0.00000000	      2.56063704	     -3.45535088	      1.57746155	    147.78425047	    -21.89280600	     34.63856116	     51.57627935	     87.98362444	      4.49455603	     -0.92201206	    -68.55520079	     10.34680702	    119.74817918
      2.03333330	     -1.72657862	     -0.62078413	     -2.02083961	     -1.44339977	      0.96227076	     -0.14081748	     -0.73373096	      4.43554825	     -0.40571502	      0.00000000	      1.36530972	     -1.02671000	      0.00000000	     -1.27478998	      2.95701636	     -4.83762258	      0.00000000	      5.25106277	      0.10772287	      0.00000000	      2.43477216	     -3.66321353	      1.93658999	    150.57763256	    -21.35838682	     35.60249922	     46.81030642	     89.79758846	      4.20875913	     -1.75069529	    -58.74064155	      9.67005015	    119.74817918
      2.05000000	     -1.68923821	     -0.66036221	     -1.98239651	     -1.44067096	      0.96210507	     -0.13978344	     -0.75937731	      4.52200013	     -0.09773883	      0.00000000	      0.62875229	     -1.78067623	      0.00000000	     -1.36759865	      2.87783682	     -4.54563385	      0.00000000	      4.91919343	     -0.26478653	      0.00000000	      2.46545419	     -3.97244649	      1.83056570	    151.95911285	    -20.69973554	     34.82047745	     42.57316884	     89.83641836	      3.99219779	     -2.01840541	    -57.50134037	     10.13956596	    119.74817918
      2.06666670	     -1.21077458	     -0.67457080	     -2.07213637	     -1.43640608	      0.96295957	     -0.13941340	     -1.38766868	      4.52911360	     -0.11876096	      0.00000000	      0.40570034	     -1.60819118	      0.00000000	     -2.03176638	      2.84951008	     -4.58012618	      0.00000000	      5.00906251	     -0.37429748	      0.00000000	      1.80668524	     -4.04882605	      1.40908878	    154.81535496	    -19.15400706	     37.39342744	     35.66518253	     91.06986675	      3.04062158	     -2.42897106	    -50.91420040	     10.70563120	    119.74817918
      2.08333330	     -1.34788498	     -0.72103986	     -2.29103883	     -1.43234754	      0.96339100	     -0.13970080	     -1.46257009	      4.57678136	      0.15541937	      0.00000000	      0.37615432	     -1.31881614	      0.00000000	     -2.09909816	      2.76733976	     -4.52475663	      0.00000000	      5.41416457	     -0.22158332	      0.00000000	      2.37173790	     -4.06183063	      1.47067931	    157.34553988	    -17.96028715	     43.83427870	     28.19696207	     91.52571140	      1.89821100	     -2.95216829	    -42.16112717	     11.17821379	    119.74817918
      2.10000000	     -1.11066395	     -0.81356935	     -2.53716665	     -1.43042439	      0.96352675	     -0.14012644	     -1.98914504	      4.65307336	      0.40149659	      0.00000000	      0.62286526	     -1.24829499	      0.00000000	     -2.55507298	      2.66477775	     -4.69556917	      0.00000000	      5.37056119	     -0.10514234	      0.00000000	      2.22815786	     -3.58556740	      1.83264538	    163.03723202	    -13.94189839	     77.42984085	     13.13457329	     59.17420268	      1.46443660	     -4.36733109	    -19.20245546	      9.49949036	    106.53621588
      2.11666670	     -1.13953457	     -0.85542524	     -2.92659057	     -1.43043758	      0.96246591	     -0.13971252	     -2.17927691	      4.69194563	      0.87751499	      0.00000000	      0.87354853	     -1.38423546	      0.00000000	     -2.70019721	      2.61860830	     -5.03183772	      0.00000000	      6.00076318	      0.39209650	      0.00000000	      2.71201044	     -3.64414586	      0.38190795	    161.72992377	    -11.44895794	     84.06128759	      6.35160298	     60.82090412	     -0.74758731	     -4.27834430	    -19.92602112	     12.10631602	    104.01746048
      2.13333330	     -1.03155918	     -0.92567695	     -3.31936065	     -1.43193208	      0.96113258	     -0.13904284	     -2.41708106	      4.74059497	      1.47191371	      0.00000000	      1.14350606	     -1.21428736	      0.00000000	     -2.90762353	      2.57410345	     -4.79585101	      0.00000000	      6.58587695	      0.28682124	      0.00000000	      2.86376702	     -3.85582198	      0.07035816	    160.91118409	    -11.87353658	     84.47061571	      6.12210437	     60.86930307	     -1.07040994	     -4.23299858	    -19.86225918	     11.88483486	    103.96281145
      2.15000000	     -1.51962357	     -0.83861898	     -3.64952105	     -1.43198158	      0.95897122	     -0.13792151	     -1.94163495	      4.70492978	      1.76543253	      0.00000000	      1.53059293	     -1.48284057	      0.00000000	     -2.40490047	      2.62822141	     -4.91085817	      0.00000000	      6.95321067	      0.23139675	      0.00000000	      4.15461219	     -3.97831339	     -0.89367426	    158.73482952	    -10.21658943	     94.55292105	      1.87799531	     61.50479716	     -2.28154523	     -4.35716477	    -18.21516457	     12.87633347	    101.78466281
      2.16666670	     -1.28208385	     -0.85508024	     -3.86815292	     -1.43258472	      0.95832434	     -0.13706306	     -2.20038026	      4.73681450	      2.03040495	      0.00000000	      1.53804445	     -1.42871892	      0.00000000	     -2.67750683	      2.59930176	     -4.93513841	      0.00000000	      7.14476656	      0.10219610	      0.00000000	      4.06202044	     -4.33463796	     -1.60281190	    157.75060231	    -10.80341625	     95.27757128	      2.26140323	     61.33704723	     -2.33885857	     -4.52806043	    -18.01326681	     12.46352614	    101.54135585
      2.18333330	     -1.33460455	     -0.91356319	     -4.01078622	     -1.43597087	      0.95769861	     -0.13638438	     -2.07798807	      4.83255078	      2.20000980	      0.00000000	      1.51918107	     -1.36380747	      0.00000000	     -2.62065511	      2.50983869	     -4.94791201	      0.00000000	      7.28213704	      0.00735790	      0.00000000	      4.05716904	     -4.37749490	     -1.87582480	    157.50717424	    -10.99457674	     95.47051791	      2.34187610	     61.34005433	     -2.13600617	     -4.55409877	    -17.96065436	     12.50479551	    101.48753532
      2.20000000	     -1.49715640	     -0.84128055	     -4.07099019	     -1.44172525	      0.95698862	     -0.13564702	     -1.73994972	      4.80718554	      2.40604723	      0.00000000	      1.42591107	     -1.85440776	      0.00000000	     -2.38070723	      2.56394941	     -4.59452776	      0.00000000	      7.14901336	     -0.58444739	      0.00000000	      4.17140570	     -4.86481209	     -1.76499180	    157.85724091	    -13.03312166	    105.09520477	      5.02047337	     60.40687746	     -1.65585934	     -4.86833298	    -15.24195360	     12.01636436	     97.67311068
      2.21666670	     -1.54181818	     -0.88505225	     -4.14225908	     -1.44520281	      0.95636644	     -0.13536682	     -1.47334935	      4.90400152	      2.37572854	      0.00000000	      1.28837837	     -1.82323533	      0.00000000	     -2.22347948	      2.50802944	     -4.72883242	      0.00000000	      7.09913466	     -0.63932649	      0.00000000	      3.97319737	     -4.83573343	     -1.98971918	    157.46429447	    -13.03239800	    105.16145859	      5.10243599	     60.36723571	     -1.19572166	     -4.87192872	    -15.18336005	     12.14964319	     97.63130228
      2.23333330	     -1.68546194	     -0.84297626	     -4.19154049	     -1.44342448	      0.95641928	     -0.13571172	     -1.15199836	      4.91218374	      2.24564900	      0.00000000	      0.81725291	     -2.00394105	      0.00000000	     -1.96299682	      2.52495700	     -4.70688466	      0.00000000	      6.78301662	     -0.83375142	      0.00000000	      4.14269661	     -5.02253530	     -2.78486591	    156.22631757	    -13.23358870	    105.75071671	      5.76013155	     60.07140721	     -1.21859510	     -4.97362811	    -14.77931648	     11.87546120	     97.25028328
      2.25000000	     -1.60592020	     -0.93499749	     -4.23961053	     -1.43944037	      0.95772931	     -0.13681019	     -1.19286275	      4.99938485	      2.09669380	      0.00000000	      0.53172472	     -2.05327751	      0.00000000	     -2.00656252	      2.43090966	     -4.78449604	      0.00000000	      6.49857042	     -0.88546048	      0.00000000	      4.02710385	     -4.82915835	     -2.74128185	    155.70149256	    -13.23437730	    105.94932338	      6.11736062	     59.97112982	     -1.01536846	     -4.87545384	    -14.62464736	     12.04919308	     97.10543756
      2.26666670	     -1.63961829	     -0.91614794	     -4.21628345	     -1.43766524	      0.95875873	     -0.13784157	     -1.17607810	      4.94457731	      2.08739953	      0.00000000	      0.51159491	     -2.05727879	      0.00000000	     -1.94459193	      2.45627529	     -4.79376088	      0.00000000	      6.49271028	     -0.89603252	      0.00000000	      3.88819138	     -4.74549396	     -2.70635223	    155.57232626	    -13.24437963	    105.96782901	      6.16793792	     59.96798208	     -0.98463842	     -4.85379463	    -14.61198772	     12.07611846	     97.09722839
      2.28333330	     -1.06685990	     -0.98890846	     -4.15275425	     -1.44011580	      0.96000762	     -0.13851557	     -1.82290637	      4.91367918	      1.85388661	      0.00000000	      0.13907886	     -2.15207861	      0.00000000	     -2.55376456	      2.45816874	     -4.71245758	      0.00000000	      6.63696495	     -0.91933326	      0.00000000	      3.28476458	     -4.74284417	     -2.23501493	    155.94465575	    -15.36843960	    107.68793801	     11.90262234	     54.82905913	     -0.73608312	     -5.04191010	     -8.84475154	     13.05989336	     90.85245909
      2.30000000	     -1.19539026	     -0.92934239	     -4.17376334	     -1.44447924	      0.95973560	     -0.13806640	     -1.62337594	      4.81896468	      1.92031161	      0.00000000	      0.14542774	     -2.24293812	      0.00000000	     -2.31200046	      2.54035940	     -4.79171834	      0.00000000	      6.51498493	     -1.13945395	      0.00000000	      3.55765484	     -4.58350074	     -2.73284919	    154.42276403	    -15.06652458	    105.64740841	     13.28052509	     51.56873530	     -1.48723524	     -5.59301640	     -1.54350246	     14.39134445	     80.84145231
      2.31666670	     -1.05385002	     -0.86747426	     -4.15045233	     -1.44808607	      0.95908232	     -0.13790334	     -1.65583660	      4.70539126	      2.30996502	      0.00000000	      0.01537727	     -3.00969462	      0.00000000	     -2.28309257	      2.65989238	     -4.35367089	      0.00000000	      6.09213219	     -2.28512008	      0.00000000	      3.28382525	     -4.44080236	     -2.33281575	    154.19331721	    -15.57930810	    105.24575045	     15.59723539	     51.91605433	     -1.07034901	     -5.53258794	     -1.03402331	     14.96569687	     80.15185311
      2.33333330	     -0.85095508	     -0.86885531	     -4.08634345	     -1.44815042	      0.95794937	     -0.13840295	     -1.78365189	      4.66501066	      2.26424153	      0.00000000	      0.11469380	     -3.03627163	      0.00000000	     -2.35058652	      2.68986228	     -4.41453988	      0.01828901	      6.16101264	     -2.28901309	      0.00000000	      3.12432721	     -4.00839429	     -2.03647492	    153.43706658	    -15.20559134	    105.03787457	     16.43810525	     51.93367688	     -0.65338827	     -5.44445537	     -0.91425802	     15.33783859	     80.10321060
      2.35000000	     -0.56000407	     -0.86939873	     -3.95495270	     -1.44549235	      0.95742240	     -0.13903706	     -2.05456633	      4.64221031	      2.10969029	      0.00000000	      0.05024565	     -2.99656063	      0.00000000	     -2.50639218	      2.68551063	     -4.41676217	      0.18007766	      6.49284771	     -2.08780982	      0.00000000	      2.67528119	     -4.80494338	     -1.77906178	    150.08477491	    -23.47420475	     79.62539370	     34.11671252	     63.76969468	     -0.12869888	     -5.81767997	      3.33737176	     15.29793474	     75.77384633
      2.36666670	     -0.73308201	     -0.91679162	     -3.99093738	     -1.44184779	      0.95694068	     -0.13936310	     -1.74568025	      4.69082942	      2.30519659	      0.26738941	      0.32879722	     -3.10728123	      0.00000000	     -2.11860117	      2.60395984	     -4.57718902	      0.57254342	      6.57880008	     -2.13135825	      0.00000000	      2.83037686	     -4.88373909	     -1.68296140	    146.39394383	    -27.64020320	     68.32021575	     44.80463197	     72.83121237	     -0.61690926	     -5.94710381	      4.45023276	     16.65268039	     74.00172766
      2.38333330	     -0.82728938	     -0.92357706	     -3.86523737	     -1.43831266	      0.95663112	     -0.13985486	     -1.68371110	      4.68770218	      1.95540294	      0.42070165	      0.47238959	     -2.98295545	      0.00000000	     -2.05017980	      2.60526747	     -4.44101179	      0.61494966	      6.81462438	     -2.02701937	      0.00000000	      3.02967813	     -4.79029542	     -1.94762188	    143.88951703	    -30.44907176	     65.02383091	     52.94794209	     74.69813270	     -2.13823364	     -6.33748426	      5.39166839	     19.92410056	     73.84342226
      2.40000000	     -0.75534141	     -0.86927281	     -3.80832146	     -1.43619470	      0.95653829	     -0.14030493	     -2.13583973	      4.61135779	      2.19264777	      0.00000000	      0.55557297	     -2.72269400	      0.00000000	     -2.19320206	      2.68665491	     -4.42227994	      0.65310969	      7.04932025	     -1.99989429	      0.00000000	      3.24472225	     -4.96297854	     -1.78247669	    139.84425141	    -33.85216667	     60.04607658	     62.09196045	     76.40534570	     -2.65397992	     -6.53676861	      5.96034041	     20.63162769	     73.50842349
      2.41666670	     -0.79699635	     -0.82658356	     -3.65959679	     -1.43593833	      0.95626688	     -0.14131565	     -2.31616681	      4.54965959	      2.22194695	      0.00000000	      0.64930032	     -2.77025242	      0.00000000	     -2.36684210	      2.76297573	     -4.26132631	      0.30031125	      6.87600934	     -1.69697356	      0.00000000	      3.65315694	     -5.02409106	     -2.36112110	    134.21456030	    -35.96446383	     54.76428172	     70.00516152	     80.21928698	     -3.41817227	     -6.85064343	      6.97229910	     20.96411248	     72.92912503
      2.43333330	     -0.89314016	     -0.73034124	     -3.36936445	     -1.43658408	      0.95525541	     -0.14292404	     -2.49362247	      4.40014160	      1.76048772	      0.00000000	      0.65384497	     -2.44132574	      0.00000000	     -2.31007132	      2.90304420	     -4.16044441	      0.32486977	      7.27677714	     -1.76913491	      0.00000000	      3.83418717	     -5.20908363	     -2.74899632	    129.83829159	    -38.69891726	     52.87018548	     77.74544843	     81.18908157	     -4.27162196	     -7.14595095	      7.49332421	     22.04597233	     72.73112904
      2.45000000	     -0.50114825	     -0.86479035	     -3.16463936	     -1.43671757	      0.95382362	     -0.14457729	     -3.28133316	      4.43492237	      1.65270260	      0.00000000	      0.44428964	     -2.54491311	      0.00000000	     -3.03132959	      2.86622949	     -4.08249038	      0.00000000	      7.62247273	     -1.78420815	      0.00000000	      3.78155116	     -4.41629562	     -3.39691515	    126.66945948	    -38.52173067	     54.02271380	     81.12801237	     81.39528210	     -4.65866477	     -7.12752525	      7.69069813	     22.04162974	     72.74965950
      2.46666670	     -0.90872517	     -0.72842427	     -2.88745910	     -1.43609755	      0.95124100	     -0.14517588	     -3.07374196	      4.25184473	      1.45713430	      0.00000000	      0.20551360	     -2.85520054	      0.00000000	     -2.58332228	      3.02607074	     -3.92666028	      0.13637826	      7.84174021	     -1.36331612	      0.00000000	      4.03179714	     -5.19409134	     -3.24941845	    119.01478880	    -42.67476763	     47.15453836	     91.18385780	     82.45668252	     -4.81952456	     -7.57514563	      9.33694640	     22.99686237	     72.83773943
      2.48333330	     -1.00363167	     -0.74411412	     -2.81973776	     -1.43477267	      0.94855228	     -0.14488757	     -3.11066510	      4.21315189	      1.33631446	      0.00000000	      0.19359404	     -2.87722609	      0.00000000	     -2.54945938	      3.06718815	     -3.88783916	      0.18339313	      8.43539590	     -1.13338629	      0.00000000	      4.25947186	     -5.11671568	     -3.30819080	    113.56645725	    -44.52517851	     44.90451251	     97.32791460	     82.77998729	     -5.28346148	     -7.86717071	      9.74869909	     24.39801303	     72.83408053
      2.50000000	     -1.02999602	     -0.78412909	     -2.83743465	     -1.43365791	      0.94710072	     -0.14422202	     -3.08783753	      4.22982685	      1.36962404	      0.00000000	      0.23085513	     -3.16944195	      0.00000000	     -2.59656067	      3.08640918	     -3.76480531	      0.17629909	      9.01382281	     -0.94026501	      0.00000000	      4.51531869	     -4.95726989	     -3.55924543	    107.07728311	    -45.39510316	     41.95465827	    102.77989941	     82.99515792	     -5.78614895	     -7.96042940	      9.90668299	     25.23648685	     72.88066697
      2.51666670	     -0.53955634	     -0.84913048	     -3.07319482	     -1.43325885	      0.94931681	     -0.14348150	     -3.54395704	      4.26614867	      1.62341530	      0.00000000	      0.50113691	     -3.28387885	      0.00000000	     -3.30366351	      3.10468609	     -3.79658387	      0.00000000	      9.38690272	     -1.07651359	      0.00000000	      4.31392909	     -4.40223230	     -4.06284731	    102.38298863	    -44.85097943	     43.33316495	    105.71155384	     83.16151161	     -6.16325910	     -8.11059416	      9.87557920	     25.18049644	     72.89265262
      2.53333330	     -1.04570946	     -0.75079111	     -3.15581374	     -1.43317193	      0.95327675	     -0.14271388	     -2.84883107	      4.24557010	      1.63296063	      0.00000000	      0.22426193	     -3.43065550	      0.00000000	     -2.70901960	      3.15639917	     -3.79692319	      0.24879727	      9.60923279	     -0.81039932	      0.00000000	      5.10242749	     -5.04959080	     -4.07595821	     89.77826754	    -44.85137131	     34.16080909	    111.52566857	     83.51255848	     -6.64245300	     -8.22243967	      8.64154195	     25.47812382	     72.73073757
      2.55000000	     -0.95451875	     -0.70723302	     -3.41499351	     -1.43504685	      0.95795553	     -0.14196032	     -2.73623010	      4.24067339	      1.67582381	      0.00000000	      0.15906096	     -3.56624550	      0.00000000	     -2.99208637	      3.21606669	     -3.87293250	      0.06035161	      9.47279990	     -0.82884817	      0.00000000	      5.01333468	     -5.19752580	     -3.93648281	     80.33723019	    -43.78715187	     30.01633023	    115.09545071	     84.87874017	     -6.56890872	     -7.96968534	      6.61192519	     24.89498956	     72.63748702
      2.56666670	     -1.09004202	     -0.64859179	     -3.53117725	     -1.43874460	      0.96043025	     -0.14168617	     -2.28136020	      4.23048579	      1.60308886	      0.00000000	      0.04335402	     -3.49660834	      0.00000000	     -2.88971640	      3.26315890	     -3.93037296	      0.00000000	      9.52031932	     -0.70321071	      0.00000000	      4.76941838	     -5.03741939	     -4.49480073	     73.04477692	    -41.67406680	     28.72618984	    118.11945632	     85.60000436	     -6.40172622	     -7.73030528	      5.48032795	     24.11988999	     72.58593183
      2.58333330	     -0.95244613	     -0.63501003	     -3.94778813	     -1.44270872	      0.96082874	     -0.14136577	     -2.06055233	      4.24243239	      1.81947599	      0.00000000	     -0.01027698	     -3.40544364	      0.00000000	     -3.03662165	      3.28723996	     -4.05698879	      0.00000000	      9.59460310	     -0.91184598	      0.00000000	      4.39265904	     -5.26665985	     -2.09069537	     62.88075030	    -42.24973991	     23.23010649	    121.34981726	     88.04763595	     -4.77789949	     -6.92518277	      2.06820503	     23.54785085	     72.60777802
      2.60000000	     -0.90444411	     -0.65387432	     -4.17965141	     -1.44545972	      0.96031446	     -0.14174730	     -1.75173117	      4.27238906	      1.94365241	      0.00000000	      0.00902062	     -3.30505336	      0.00000000	     -2.99819290	      3.27116381	     -4.19293081	      0.00000000	      9.65304715	     -0.88436040	      0.00000000	      3.98400193	     -5.06285150	     -1.05088393	     55.74839802	    -41.06675561	     21.59068573	    121.87273091	     91.33216567	     -3.42495006	     -6.35854353	      0.41077665	     22.51408839	     73.93100604
      2.61666670	     -0.62371514	     -0.65390237	     -4.42192230	     -1.44642603	      0.96209825	     -0.14218887	     -1.74093584	      4.23694984	      2.04119307	      0.00000000	      0.01710854	     -3.21683570	      0.00000000	     -3.22527534	      3.30449260	     -4.42194808	      0.00000000	      9.51215292	     -0.98505477	      0.00000000	      2.99294606	     -4.68578163	     -0.90706382	     51.31351116	    -39.36327437	     23.49902201	    121.03103226	     91.55840727	     -2.85565003	     -6.15387114	      0.36012426	     22.63741942	     74.00643210
      2.63333330	     -0.67525989	     -0.63384202	     -4.59612677	     -1.44478296	      0.96570078	     -0.14253444	     -1.36420042	      4.17533649	      1.98656712	      0.31232104	     -0.17476697	     -3.08117517	      0.00000000	     -3.16573389	      3.33528403	     -4.67515039	      0.00000000	      9.21917943	     -0.93770901	      0.00000000	      2.81640301	     -4.48919099	     -0.55843177	     44.98158866	    -37.46738915	     22.73843947	    118.93759425	     92.51371489	     -2.20693223	     -5.87361258	     -0.45596717	     21.64649321	     74.26783438
      2.65000000	     -0.35263475	     -0.69868824	     -4.73830056	     -1.44274078	      0.96977881	     -0.14288559	     -1.59081208	      4.15458533	      1.77926351	      0.41767220	     -0.64760251	     -2.76985150	      0.00000000	     -3.56371287	      3.30560533	     -4.81833925	      0.00000000	      8.89117782	     -0.94149180	      0.00000000	      2.25037469	     -4.20640356	     -0.14651596	     39.27994237	    -36.53524207	     23.24201764	    117.37153171	     93.04584393	     -1.86137656	     -5.71378266	     -0.77610797	     21.80662947	     74.43319334
      2.66666670	     -0.17183147	     -0.70146903	     -4.91704931	     -1.44253164	      0.97118612	     -0.14277027	     -1.66324208	      4.09572085	      1.88482613	      0.59785968	     -0.53452959	     -2.26807547	      0.00000000	     -3.75128358	      3.31347253	     -5.04947370	      0.00000000	      8.52207449	     -0.83293060	      0.00000000	      1.72963324	     -4.13695934	      0.58394544	     32.37309610	    -35.33760425	     21.75042386	    116.56430880	     94.21071307	     -1.08332355	     -5.40164260	     -1.16173058	     21.11816743	     74.96375564
      2.68333330	      0.45010539	     -0.79927891	     -5.25664814	     -1.44523206	      0.97230705	     -0.14273987	     -2.23127431	      4.07809235	      2.08625841	      0.69523749	     -0.72024886	     -1.94198652	      0.00000000	     -4.37867838	      3.30929300	     -5.24358947	      0.00000000	      8.28930142	     -0.87889205	      0.00000000	      0.92790384	     -3.68165654	      1.17611018	     28.25661873	    -34.16823778	     22.93334312	    112.92484139	     94.52374544	     -0.68311794	     -5.11821600	     -0.95937427	     21.03960856	     75.15015657
      2.70000000	      0.79161976	     -0.75964935	     -5.53953709	     -1.44805291	      0.97456525	     -0.14255864	     -2.51459913	      3.95355024	      2.24490605	      0.69786598	     -0.42583176	     -1.47239880	      0.00000000	     -4.63394506	      3.43106284	     -5.54340809	      0.00000000	      8.11138438	     -0.82388954	      0.00000000	      0.57630353	     -3.38295628	      1.28644189	     25.12204935	    -31.64472110	     23.40899246	    107.60195044	     95.09666781	     -0.08507663	     -4.94888028	     -0.15951208	     19.62698237	     75.62582544
      2.71666670	      1.18622666	     -0.75976299	     -5.70914182	     -1.44838654	      0.97702814	     -0.14240271	     -2.91352870	      3.86049239	      2.38157331	      0.65548911	     -0.05534471	     -1.02657837	      0.00000000	     -4.96211625	      3.50781695	     -5.74314264	      0.00000000	      7.88902803	     -0.88890075	      0.00000000	      0.09825619	     -3.04979354	      1.35659411	     22.66470304	    -29.58414790	     24.10323785	    102.45807195	     95.67101798	      0.39929321	     -5.01253438	      1.10262978	     18.72168142	     76.19209584
      2.73333330	      1.52799178	     -0.76771361	     -5.61914008	     -1.44621547	      0.97697005	     -0.14224023	     -3.31502556	      3.81652813	      2.45506892	      0.66405005	      0.35433166	     -0.72920716	      0.00000000	     -5.25378652	      3.53837598	     -5.78973896	      0.00000000	      7.74675075	     -0.93016848	      0.00000000	     -0.48111583	     -2.69498872	      1.23986859	     20.36186373	    -27.91312278	     24.54615420	     98.47967563	     96.11423643	      0.55481136	     -5.25012359	      2.46980574	     18.56643438	     76.72861726
      2.75000000	      1.90285336	     -0.83194030	     -5.40548921	     -1.44358994	      0.97431281	     -0.14209508	     -3.78315691	      3.84185513	      2.44805243	      0.77741042	      0.67529187	     -0.68985414	      0.00000000	     -5.64235479	      3.49317388	     -5.80057048	      0.00000000	      7.80276701	     -0.94667687	      0.00000000	     -1.13560067	     -2.32135237	      1.20070482	     17.94602211	    -26.76276302	     24.73070925	     95.26878401	     96.30749645	      0.71293183	     -5.41472931	      3.33663393	     18.99895805	     77.04724914
      2.76666670	      2.20320195	     -0.90318069	     -5.07303562	     -1.44263873	      0.97020457	     -0.14208393	     -4.17608215	      3.91998255	      2.37242886	      1.01357533	      0.97207135	     -0.85446433	      0.00000000	     -5.99074505	      3.40402707	     -5.70438077	      0.00000000	      8.02106988	     -0.78722691	      0.00000000	     -1.65938978	     -2.01748994	      0.92926549	     15.50319899	    -25.66787365	     24.69089529	     92.01873274	     96.40791519	      0.69977261	     -5.64578673	      4.15080204	     19.51457495	     77.34741902
      2.78333330	      2.46449643	     -1.02324624	     -4.88252512	     -1.44528245	      0.96557031	     -0.14224590	     -4.39224969	      4.06564435	      2.34863016	      1.42297358	      1.22052380	     -1.23940192	      0.00000000	     -6.30633400	      3.26985928	     -5.68147027	      0.00000000	      8.36915473	     -0.60821377	      0.00000000	     -2.09915041	     -1.69959183	      0.59962875	     13.24932602	    -24.53656021	     24.49500401	     88.39494480	     96.45333043	      0.68135592	     -5.85570354	      5.00447188	     20.07146363	     77.67064733
      2.80000000	      2.67683428	     -1.15851230	     -4.87868093	     -1.45082017	      0.96200980	     -0.14236243	     -4.34199755	      4.24111071	      2.44726202	      1.96996091	      1.40505046	     -1.79389482	      0.00000000	     -6.52753432	      3.12896403	     -5.61430420	      0.00000000	      8.77828166	     -0.51002757	      0.00000000	     -2.58435024	     -1.38906503	      0.37026803	     11.31821787	    -23.42467872	     24.25078448	     84.42045876	     96.46793193	      0.72472751	     -6.07739552	      5.83091594	     20.56659331	     77.99489782
      2.81666670	      2.64745284	     -1.31450765	     -4.85024603	     -1.45423191	      0.96211332	     -0.14262331	     -3.95330480	      4.48379480	      2.54405129	      2.42562577	      1.40044800	     -2.89682947	      0.00000000	     -6.44664507	      2.96593462	     -5.59976440	      0.00000000	      9.06808084	     -0.50590140	      0.00000000	     -2.63449676	     -0.98383436	     -0.38679156	     10.02355633	    -22.08449802	     24.83756831	     79.74136909	     96.64092700	      0.61274444	     -6.61793653	      9.03724316	     20.76063797	     79.30604302
      2.83333330	      2.88305683	     -1.45620188	     -4.81518830	     -1.45218399	      0.96619992	     -0.14288080	     -3.95704655	      4.66704269	      2.49694219	      2.66806014	      1.36984513	     -3.17850624	      0.00000000	     -6.66072035	      2.81777084	     -5.52807249	      0.00000000	      9.03968773	     -0.55077011	      0.00000000	     -3.16624577	     -0.68525647	     -0.70896735	      7.92206805	    -20.58776687	     23.99324436	     75.47724542	     96.50696176	      0.64872023	     -6.72767994	      9.55479978	     20.95466680	     79.53393135
      2.85000000	      3.12251289	     -1.56198682	     -4.56023355	     -1.44521368	      0.97049067	     -0.14363889	     -4.30900690	      4.77241276	      2.17191082	      2.55864809	      1.18754296	     -3.41348855	      0.00000000	     -6.98901989	      2.68424570	     -5.29853035	      0.00000000	      8.93262681	     -0.42265013	      0.00000000	     -3.54823701	     -0.40743818	     -1.01357276	      5.30065264	    -19.96714752	     24.10135180	     72.60949605	     96.45818990	      0.49914650	     -6.74756720	      9.73475754	     21.12701885	     79.61206107
      2.86666670	      3.37816552	     -1.53640047	     -4.37189299	     -1.43841987	      0.97249983	     -0.14371355	     -4.75778032	      4.75367470	      2.04760335	      2.53642775	      0.51262874	     -3.46352825	      0.00000000	     -7.43923693	      2.69111662	     -5.26915606	      0.00000000	      8.84353624	     -0.39148984	      0.00000000	     -3.52305342	     -0.36571264	     -1.69018116	      3.41717033	    -17.56884083	     22.08091074	     66.36348946	     96.06406627	      0.00566133	     -6.92286873	     10.29720803	     21.20797287	     79.86234739
      2.88333330	      3.56337613	     -1.55261071	     -4.06468992	     -1.43385411	      0.97336629	     -0.14418700	     -5.40416515	      4.73017820	      1.77830191	      2.19443803	      0.11804184	     -3.48752464	      0.00000000	     -7.91463002	      2.66600672	     -5.15259219	      0.00617158	      8.78577542	     -0.20570016	      0.00000000	     -3.45318573	     -0.20656875	     -2.21445704	      1.40328392	    -16.21074501	     21.02308448	     61.79783915	     95.70621382	     -0.42966751	     -6.98379719	     10.73548307	     21.17603410	     80.06606740
      2.90000000	      3.81424824	     -1.53915137	     -3.72010164	     -1.43198420	      0.97326549	     -0.14447419	     -6.13156216	      4.71959250	      1.48702548	      1.82506223	     -0.25795445	     -3.43121156	      0.00000000	     -8.46380286	      2.66894945	     -4.88320339	      0.00000000	      8.91784750	      0.05036739	      0.00000000	     -3.38054310	     -0.06116182	     -2.38612126	     -0.15380426	    -14.87186571	     20.02367588	     56.83298033	     95.31734890	     -0.73486498	     -7.08767036	     11.02867919	     21.17398429	     80.20438654
      2.91666670	      3.92337716	     -1.51224182	     -3.42333316	     -1.43196758	      0.97246770	     -0.14507622	     -6.60452371	      4.71623657	      1.40180390	      1.52494955	     -0.08168171	     -3.50691880	      0.00000000	     -8.75796556	      2.68687286	     -4.84656985	      0.00000000	      8.95048949	      0.26036053	      0.00000000	     -3.09579318	      0.14229926	     -2.90880121	     -0.72634752	    -13.31630831	     18.84547273	     51.25694105	     94.71974965	     -1.16059155	     -7.13125131	     11.39199233	     20.92938267	     80.35585077
      2.93333330	      4.04593445	     -1.44342293	     -3.19062762	     -1.43395709	      0.97234992	     -0.14585791	     -6.95193389	      4.65879206	      1.28711451	      1.26315606	     -0.02151870	     -3.57940205	      0.00000000	     -8.92683223	      2.77239289	     -4.71047228	      0.00000000	      9.08987026	      0.38430068	      0.00000000	     -3.01628777	      0.29971255	     -3.07419158	     -0.82739601	    -12.06342486	     18.08345319	     45.90695918	     94.11699435	     -1.25889521	     -7.18156193	     11.63657163	     20.82316699	     80.42701240
      2.95000000	      4.12446746	     -1.36149480	     -3.02117911	     -1.43694517	      0.97326898	     -0.14648130	     -7.11941124	      4.57818886	      1.20955164	      1.01912627	      0.04331219	     -3.64686737	      0.00000000	     -8.93434923	      2.88806047	     -4.60292263	      0.00000000	      9.14768147	      0.44973021	      0.00000000	     -3.03982665	      0.45100437	     -3.23624571	     -0.45445717	    -10.94352732	     17.45079812	     40.81749249	     93.48204716	     -1.20285698	     -7.22846003	     11.83154708	     20.78251198	     80.42160808
      2.96666670	      4.21643079	     -1.31343713	     -3.00365972	     -1.44057687	      0.97359963	     -0.14656701	     -7.15941839	      4.52429346	      1.25559091	      0.81752408	      0.09233067	     -3.64421285	      0.00000000	     -8.88585371	      2.98735741	     -4.65322264	      0.00000000	      9.10254700	      0.39397364	      0.00000000	     -3.29349480	      0.63453574	     -3.14107631	      0.08665929	    -10.01815744	     16.82283298	     36.38801098	     92.92496369	     -0.99242031	     -7.30387798	     11.94940455	     20.93023260	     80.34817855
      2.98333330	      4.25059393	     -1.24044276	     -3.02563597	     -1.44532311	      0.97281796	     -0.14648665	     -6.97956039	      4.43773211	      1.33913412	      0.72001461	      0.13043029	     -3.69689280	      0.00000000	     -8.69047837	      3.11894145	     -4.59722185	      0.00000000	      9.05981299	      0.37130749	      0.00000000	     -3.62776772	      0.81509336	     -3.13787522	      0.80284637	     -9.25417398	     16.13835094	     32.48965753	     92.34193645	     -0.74794079	     -7.34619808	     12.04295837	     21.25150707	     80.20162828
      3.00000000	      4.27431131	     -1.19632944	     -3.15981560	     -1.45063366	      0.97181653	     -0.14615597	     -6.65817791	      4.38522418	      1.38444473	      0.73374362	      0.17299656	     -3.86680895	      0.00000000	     -8.41927055	      3.22143774	     -4.63021339	      0.00000000	      9.01434038	      0.23532338	      0.00000000	     -4.13702533	      1.00672617	     -3.07469428	      1.62259713	     -8.61032784	     15.39177317	     29.21037512	     91.71094771	     -0.46626166	     -7.45545536	     12.07523670	     21.75428558	     79.95506695
      3.01666670	      4.32715668	     -1.17141314	     -3.37134522	     -1.45462441	      0.97126664	     -0.14590240	     -6.27388590	      4.34901368	      1.50023740	      0.90653314	      0.19423771	     -4.03584739	      0.00000000	     -8.15641187	      3.29674912	     -4.66996028	      0.00000000	      8.88855617	      0.03449864	      0.00000000	     -4.80341057	      1.18361480	     -2.85529898	      2.33301545	     -8.13481158	     14.57894917	     26.64441700	     91.07741133	     -0.12709834	     -7.56847616	     12.04613336	     22.39453817	     79.62538688
      3.03333330	      4.42974992	     -1.15139884	     -3.63076917	     -1.45595180	      0.97145538	     -0.14567234	     -5.95400702	      4.31067229	      1.74305889	      1.16965207	      0.31083886	     -4.08268939	      0.00000000	     -7.98221499	      3.35490531	     -4.72276570	      0.00000000	      8.66504056	     -0.16041633	      0.00000000	     -5.53118490	      1.30195820	     -2.36682892	      2.66846139	     -7.92340573	     13.96197814	     25.02165510	     90.68322067	      0.29321577	     -7.61432615	     11.98907602	     23.00612279	     79.38540251
      3.05000000	      4.55315133	     -1.11927407	     -3.79625492	     -1.45499350	      0.97186837	     -0.14547529	     -5.75962693	      4.24804423	      1.85413696	      1.44799643	      0.40108390	     -4.15471083	      0.00000000	     -7.89176210	      3.40339189	     -4.86230109	      0.00000000	      8.43568154	     -0.37057306	      0.00000000	     -6.14273169	      1.42180946	     -2.11985705	      3.03779083	     -7.65144859	     13.08721227	     23.41772415	     90.22424893	      0.54095245	     -7.65470268	     11.96468230	     23.58362410	     79.12039505
      3.06666670	      4.57252486	     -1.13135499	     -3.85941883	     -1.45346787	      0.97155665	     -0.14523598	     -5.56525510	      4.25073808	      1.88252095	      1.72068322	      0.34010758	     -4.13333479	      0.00000000	     -7.73340562	      3.35447083	     -4.83017369	      0.14160683	      8.37725137	     -0.35011381	      0.00000000	     -6.55063688	      1.56137609	     -2.15004489	      3.04935001	     -7.64892209	     12.90397069	     23.11569570	     90.13514985	      0.64211646	     -7.63668645	     11.96318193	     23.69531749	     79.06775401
      3.08333330	      4.56657594	     -1.09054964	     -3.94567205	     -1.45282221	      0.97044856	     -0.14500870	     -5.53916625	      4.18924947	      1.89133319	      1.74408122	      0.36533929	     -4.14162361	      0.00000000	     -7.70371020	      3.38223442	     -4.83938053	      0.17079262	      8.38353584	     -0.36217713	      0.00000000	     -6.67512871	      1.67229109	     -2.20142209	      2.92544088	     -7.63724169	     12.87484719	     23.00345467	     90.11971540	      0.66802180	     -7.64545099	     11.96028166	     23.72032090	     79.05846082
      3.10000000	      4.73311170	     -1.11447272	     -4.06732479	     -1.45401426	      0.96931666	     -0.14479431	     -5.56394609	      4.19633510	      2.13168018	      2.09520933	      0.75228105	     -4.20828923	      0.00000000	     -7.80666530	      3.34116582	     -5.01988001	      0.32693032	      8.38750534	     -0.47984644	      0.00000000	     -7.09478132	      1.75170887	     -1.88398040	      3.56016329	     -6.93863396	     10.59625428	     20.34449627	     89.07765671	      0.58407667	     -7.71941144	     11.98471445	     24.75282904	     78.46447660
      3.11666670	      4.77607922	     -1.07720072	     -4.10296239	     -1.45505343	      0.96830746	     -0.14489000	     -5.53586256	      4.14971040	      2.16829891	      2.30947855	      0.88402425	     -4.27268023	      0.00000000	     -7.80689512	      3.37270440	     -4.98683163	      0.47859236	      8.51623710	     -0.52935285	      0.00000000	     -7.21242382	      1.82043142	     -1.89902076	      3.45137622	     -6.90856759	     10.52297047	     20.30228826	     89.03443479	      0.49321976	     -7.70212894	     11.99017246	     24.74604992	     78.42816519
      3.13333330	      4.82470367	     -1.06769066	     -4.16431485	     -1.45640850	      0.96781615	     -0.14493583	     -5.40804519	      4.14677428	      2.26937512	      2.69190173	      1.26765487	     -4.45129076	      0.00000000	     -7.73284721	      3.36977351	     -4.94618277	      0.74840405	      8.77886191	     -0.66377026	      0.00000000	     -7.39818692	      1.85404589	     -1.84981183	      3.45713555	     -6.82049707	     10.34291322	     20.23884802	     88.93507447	      0.52562686	     -7.65184441	     11.99355642	     24.86925342	     78.35039112
      3.15000000	      4.82274086	     -1.06007705	     -4.17259208	     -1.45784714	      0.96756736	     -0.14527244	     -5.41132219	      4.15216179	      2.27047344	      2.69769512	      1.27460021	     -4.45468507	      0.00000000	     -7.72830371	      3.37306189	     -4.94486367	      0.75238732	      8.78207896	     -0.66577271	      0.00000000	     -7.39913897	      1.85673180	     -1.84981909	      3.45200561	     -6.81886447	     10.33909598	     20.23572854	     88.93290666	      0.52463700	     -7.65243223	     11.99353044	     24.87184367	     78.34871995
      3.16666670	      4.61163324	     -0.98967477	     -4.16520876	     -1.46011564	      0.96670670	     -0.14563037	     -4.88139243	      4.11890101	      2.54927558	      3.26100704	      1.67662266	     -5.13220415	      0.00000000	     -7.21064029	      3.41229545	     -4.65173296	      1.24636006	      8.98925420	     -1.38276544	      0.00000000	     -7.38684343	      1.85859830	     -1.74367258	      3.34453551	     -6.21279532	      6.97017291	     20.07552429	     86.95765038	      0.29364821	     -7.78824687	     12.24778501	     26.00577120	     76.68452288
      3.18333330	      4.61962175	     -0.96984526	     -4.08221520	     -1.46118151	      0.96637199	     -0.14595133	     -4.87320557	      4.10483276	      2.59259108	      3.34162064	      1.74150741	     -5.14005861	      0.00000000	     -7.14056302	      3.42769989	     -4.66794693	      1.35518376	      8.96872953	     -1.38984726	      0.00000000	     -7.47352518	      1.91785687	     -1.70163092	      3.29670229	     -6.16843698	      6.97737542	     20.06614282	     86.95210252	      0.28157465	     -7.77218004	     12.25459373	     25.99426975	     76.66875178
      3.20000000	      4.64575281	     -0.98811284	     -4.00046131	     -1.46135225	      0.96676226	     -0.14601992	     -4.81934678	      4.13363488	      2.67992226	      3.56985798	      1.94465936	     -5.18989208	      0.00000000	     -6.95678598	      3.37997757	     -4.67712777	      1.71358470	      8.92829254	     -1.42214098	      0.00000000	     -7.64722609	      1.94059865	     -1.71130234	      3.19138058	     -6.04829465	      6.99089887	     20.06119611	     86.93804804	      0.37061601	     -7.65339715	     12.28402860	     26.02714294	     76.63807103
      3.21666670	      4.58696650	     -1.00275436	     -3.91179239	     -1.46068938	      0.96764739	     -0.14613770	     -4.69727922	      4.15641525	      2.69584607	      3.78459795	      2.35862464	     -5.32846455	      0.00000000	     -6.66051106	      3.33057670	     -4.68744226	      2.11858362	      8.98872195	     -1.54517662	      0.00000000	     -7.74260812	      1.98693012	     -1.65880313	      3.19742185	     -5.97932158	      6.97885858	     20.17352629	     86.89651261	      0.52042772	     -7.62361010	     12.32539881	     26.06315074	     76.56806716
      3.23333330	      4.56475002	     -1.01098725	     -3.90652795	     -1.45926736	      0.96857390	     -0.14621744	     -4.73374235	      4.14659798	      2.69890589	      3.80860248	      2.35998581	     -5.32763320	      0.00000000	     -6.63459537	      3.33064874	     -4.68728788	      2.11334893	      8.98934130	     -1.54684952	      0.00000000	     -7.74438317	      1.98902799	     -1.65748618	      3.19631923	     -5.97336966	      6.97926399	     20.17670837	     86.89578281	      0.52020104	     -7.62044307	     12.32700048	     26.06327095	     76.56687047
      3.25000000	      4.27426963	     -1.02097129	     -3.69273444	     -1.45717457	      0.96854809	     -0.14645348	     -4.48825043	      4.16948553	      2.57201974	      3.85821492	      2.60218772	     -5.15749614	      0.00000000	     -6.20268949	      3.28271347	     -4.42762507	      2.38994353	      9.14052857	     -1.69784319	      0.00000000	     -7.27122720	      2.09426755	     -1.88963122	      2.72478737	     -5.87988380	      6.88617108	     20.89089842	     86.67375568	      0.37610823	     -7.51184451	     12.66768918	     25.94534707	     76.25908221
      3.26666670	      4.24919709	     -1.02786234	     -3.69713128	     -1.45564674	      0.96865777	     -0.14605711	     -4.50086133	      4.16110848	      2.56934134	      3.85756452	      2.60164651	     -5.15739107	      0.00000000	     -6.21248421	      3.28298212	     -4.42623378	      2.39953403	      9.13783357	     -1.69682323	      0.00000000	     -7.27465395	      2.10087792	     -1.88767066	      2.72265686	     -5.86328987	      6.88818139	     20.89410682	     86.67303323	      0.37757049	     -7.50596382	     12.67011254	     25.94620666	     76.25763796
      3.28333330	      4.24389312	     -1.05355254	     -3.73428689	     -1.45512715	      0.96881197	     -0.14556630	     -4.60617207	      4.18202777	      2.52362275	      3.68184634	      2.56112960	     -5.12884144	      0.00000000	     -6.27363457	      3.25631844	     -4.38304126	      2.40098313	      9.17119642	     -1.67684548	      0.00000000	     -7.20012565	      2.17874885	     -1.85234910	      2.58700505	     -5.51829303	      6.93657722	     20.94484969	     86.66015276	      0.27769872	     -7.36974480	     12.73087298	     25.92915900	     76.23141386
      3.30000000	      4.23056606	     -1.06864772	     -3.82311309	     -1.45559631	      0.96920786	     -0.14529195	     -4.62194500	      4.19141327	      2.49847282	      3.61864007	      2.53148972	     -5.11691770	      0.00000000	     -6.31201753	      3.24659065	     -4.33924684	      2.39716723	      9.20171768	     -1.66041604	      0.00000000	     -7.17665140	      2.17770687	     -1.88559532	      2.52706767	     -5.46694248	      6.94466145	     20.94990237	     86.65456595	      0.27354125	     -7.35075239	     12.74716259	     25.92565281	     76.22255779
      3.31666670	      4.21695888	     -1.07159734	     -3.84828889	     -1.45564909	      0.96965423	     -0.14504704	     -4.67950232	      4.20011456	      2.45797956	      3.47960893	      2.40414458	     -5.05794395	      0.00000000	     -6.38987252	      3.24145242	     -4.21624026	      2.33239918	      9.33565873	     -1.62512342	      0.00000000	     -7.11039106	      2.21169048	     -1.88628535	      2.40060593	     -5.19129435	      6.98993540	     20.99378308	     86.64330177	      0.18186067	     -7.28474218	     12.79870866	     25.88970362	     76.20026644
      3.33333330	      4.20297948	     -1.06327676	     -3.84276445	     -1.45516698	      0.96978458	     -0.14477546	     -4.66786298	      4.20269528	      2.45688647	      3.46854061	      2.39664144	     -5.05429023	      0.00000000	     -6.41906825	      3.23558819	     -4.21094153	      2.34392895	      9.34145892	     -1.62366368	      0.00000000	     -7.10818779	      2.20868382	     -1.89044023	      2.39575879	     -5.18736194	      6.99089755	     20.99523300	     86.64249932	      0.18190228	     -7.28288620	     12.80109213	     25.88870988	     76.19909081
      3.35000000	      4.19212582	     -1.03436079	     -3.69760043	     -1.45375144	      0.96974005	     -0.14460029	     -4.91219840	      4.19498304	      2.25313231	      3.04993430	      1.90741660	     -4.86278864	      0.00000000	     -6.51317745	      3.23339055	     -3.85998110	      2.30586840	      9.75348276	     -1.50387989	      0.00000000	     -6.90084341	      2.11188153	     -2.07225211	      2.11212002	     -4.97802316	      7.06158936	     21.10337268	     86.58416559	      0.09361307	     -7.30858816	     12.95996302	     25.75298618	     76.11361239
      3.36666670	      4.17084740	     -1.02679787	     -3.70147641	     -1.45317304	      0.96934208	     -0.14448596	     -4.91831539	      4.19551457	      2.24831364	      3.05410165	      1.90332357	     -4.86255695	      0.00000000	     -6.52855215	      3.22565491	     -3.85725389	      2.32031645	      9.75356761	     -1.50220593	      0.00000000	     -6.90604228	      2.11420999	     -2.07556436	      2.10608824	     -4.96533297	      7.06435688	     21.10484641	     86.58338581	      0.09370256	     -7.30166312	     12.96393755	     25.75197816	     76.11234392
      3.38333330	      4.20103408	     -1.03375464	     -3.57354431	     -1.45301839	      0.96817550	     -0.14458579	     -5.03140814	      4.22394117	      1.94011895	      2.91592742	      1.64357506	     -4.83815847	      0.00000000	     -6.49475028	      3.18177151	     -3.71174267	      2.52468392	     10.03488112	     -1.47078309	      0.00000000	     -6.92030716	      2.11086345	     -2.22329030	      1.92468038	     -4.75288446	      7.18004177	     21.24185786	     86.50397983	      0.11153858	     -7.25810508	     13.21244306	     25.60078826	     76.00172251
      3.40000000	      4.20184489	     -1.02737926	     -3.57361816	     -1.45262892	      0.96627778	     -0.14460547	     -5.01535250	      4.23163462	      1.94048685	      2.90905007	      1.64425517	     -4.83786622	      0.00000000	     -6.51626133	      3.18067886	     -3.70964653	      2.53819975	     10.03527870	     -1.47007948	      0.00000000	     -6.92474915	      2.11142816	     -2.22458470	      1.92023774	     -4.74676834	      7.18180184	     21.24224855	     86.50338769	      0.10926131	     -7.25319788	     13.21557903	     25.59937483	     76.00089809
      3.41666670	      4.23150770	     -1.05747411	     -3.60102056	     -1.45176099	      0.96491162	     -0.14444909	     -5.02636959	      4.28191230	      1.94695142	      2.90531002	      1.68335140	     -4.84921750	      0.00000000	     -6.54140402	      3.13499654	     -3.65865113	      2.65541408	     10.09783454	     -1.47731537	      0.00000000	     -6.95240485	      2.12175791	     -2.24352556	      1.79018669	     -4.59818924	      7.21978792	     21.24445976	     86.49634616	      0.01443423	     -7.15111602	     13.27303746	     25.56545210	     75.99060817
      3.43333330	      4.27129565	     -1.06964040	     -3.49443058	     -1.45114253	      0.96445021	     -0.14449466	     -5.07850584	      4.31550307	      1.97887332	      2.91244588	      1.74401199	     -4.85892083	      0.00000000	     -6.56495601	      3.10023056	     -3.63224078	      2.77860903	     10.20633790	     -1.51368328	      0.00000000	     -6.89518638	      2.15489888	     -2.23834268	      1.74415679	     -4.54255317	      7.24402784	     21.27092962	     86.48728790	     -0.04941542	     -7.11816105	     13.31912449	     25.53344029	     75.97959383
      3.45000000	      4.25916144	     -1.06768235	     -3.49584906	     -1.45142249	      0.96428368	     -0.14447096	     -5.08476046	      4.31686979	      1.97868142	      2.91453891	      1.74487944	     -4.85922489	      0.00000000	     -6.57074365	      3.09948409	     -3.63145457	      2.78314721	     10.20748569	     -1.51394168	      0.00000000	     -6.89478069	      2.15513732	     -2.23918962	      1.74311640	     -4.54225492	      7.24425871	     21.27100269	     86.48719057	     -0.04946478	     -7.11751705	     13.31965651	     25.53330145	     75.97950192
      3.46666670	      4.27459782	     -1.13120002	     -3.39962862	     -1.45205936	      0.96411850	     -0.14447135	     -5.24290079	      4.41908886	      2.10517744	      2.76917324	      2.18318656	     -4.94945933	      0.00000000	     -6.34618366	      2.98609954	     -3.38603223	      3.35743110	     10.91618114	     -1.73846609	      0.00000000	     -6.81975789	      2.23477223	     -2.40192123	      1.61350832	     -4.46992956	      7.34701481	     21.40016260	     86.43915975	     -0.06081441	     -7.05940342	     13.54493944	     25.41686560	     75.93437552
      3.48333330	      4.26953593	     -1.12905651	     -3.40895081	     -1.45243248	      0.96408203	     -0.14464454	     -5.28009183	      4.41560630	      2.10510157	      2.78774491	      2.18446251	     -4.94966012	      0.00000000	     -6.31590563	      2.98278119	     -3.38144477	      3.35195576	     10.91910697	     -1.73845983	      0.00000000	     -6.81369444	      2.23429105	     -2.40202531	      1.61774838	     -4.46850644	      7.34837422	     21.40373475	     86.43849157	     -0.05788109	     -7.05898906	     13.54782655	     25.41659415	     75.93379405
      3.50000000	      4.25685809	     -1.08698948	     -3.31804853	     -1.45259403	      0.96389683	     -0.14523085	     -5.29296902	      4.36864800	      2.22424708	      2.78565066	      2.37196760	     -4.96813019	      0.00000000	     -6.04799319	      3.00513380	     -3.24113311	      3.76592771	     11.16144628	     -1.84351174	      0.00000000	     -6.81709004	      2.16179762	     -2.46449749	      1.74846290	     -4.43047788	      7.41866850	     21.52732352	     86.40548738	      0.10701195	     -7.03446032	     13.70100802	     25.38798726	     75.90950444
      3.51666670	      4.25551979	     -1.09743572	     -3.33265344	     -1.45233865	      0.96369478	     -0.14588976	     -5.32047308	      4.35614342	      2.22326849	      2.79851444	      2.37493843	     -4.97033341	      0.00000000	     -6.01657865	      3.00405316	     -3.23733879	      3.75999893	     11.16605697	     -1.84519452	      0.00000000	     -6.81760832	      2.16367495	     -2.46729565	      1.74806340	     -4.42877404	      7.42034719	     21.52867504	     86.40480523	      0.11245232	     -7.03805139	     13.70352963	     25.38756367	     75.90899310
      3.53333330	      3.86595571	     -1.05758721	     -3.17996513	     -1.45252669	      0.96318244	     -0.14690245	     -4.83309636	      4.31791288	      2.25783047	      2.92820104	      2.51981193	     -5.28406373	      0.00000000	     -5.27426766	      3.03153214	     -2.74757467	      4.25788941	     11.34392593	     -2.55096735	      0.00000000	     -6.39338624	      2.18950926	     -2.52179818	      1.54741707	     -4.60474469	      8.30498091	     22.02532606	     85.88406240	      0.52755953	     -7.26456403	     15.78332835	     24.79822593	     75.59698979
      3.55000000	      3.86744274	     -1.08091474	     -3.17635047	     -1.45269420	      0.96416141	     -0.14762606	     -4.84042177	      4.29660017	      2.26009715	      2.93008041	      2.52148440	     -5.28443994	      0.00000000	     -5.25412040	      3.03676607	     -2.74823756	      4.25002683	     11.34703888	     -2.55152999	      0.00000000	     -6.39918851	      2.18861396	     -2.51820537	      1.55250829	     -4.60434487	      8.30533554	     22.02602793	     85.88328546	      0.52949050	     -7.26522738	     15.78455207	     24.79862308	     75.59633150
      3.56666670	      3.82219410	     -1.01294491	     -3.07439463	     -1.45345085	      0.96585907	     -0.14865649	     -4.75029498	      4.17529752	      2.34619992	      2.92726174	      2.58489974	     -5.28813323	      0.00000000	     -5.02553918	      3.14001894	     -2.65115485	      4.45546835	     11.46680751	     -2.55075676	      0.00000000	     -6.71879879	      2.14396643	     -2.44790071	      1.80248020	     -4.67098511	      8.32152841	     22.05307896	     85.82767475	      0.81747257	     -7.24062144	     15.88273861	     24.88453721	     75.55817741
      3.58333330	      3.80131703	     -1.04643052	     -3.07303222	     -1.45336611	      0.96743430	     -0.14957615	     -4.75422098	      4.14837146	      2.34759531	      2.92740561	      2.58629167	     -5.28854620	      0.00000000	     -5.01365769	      3.14870847	     -2.65132881	      4.44924289	     11.46873312	     -2.55090857	      0.00000000	     -6.72941346	      2.14342458	     -2.44561007	      1.80723024	     -4.66762724	      8.32239426	     22.05435657	     85.82688213	      0.82282622	     -7.24451152	     15.88381068	     24.88530891	     75.55760055
      3.60000000	      3.65052387	     -1.00267192	     -2.99511226	     -1.45316560	      0.96764272	     -0.15072750	     -4.65105350	      4.03844061	      2.37833774	      2.87884330	      2.59187198	     -5.26848691	      0.00000000	     -4.87999353	      3.24534911	     -2.63543983	      4.36508745	     11.47855257	     -2.53867889	      0.00000000	     -6.92381741	      2.20559555	     -2.40942507	      1.93278853	     -4.66898919	      8.32643025	     22.08437470	     85.81642619	      0.92683501	     -7.25001858	     15.90236157	     24.91367850	     75.55250327
      3.61666670	      3.51230089	     -0.97305224	     -3.05597674	     -1.45275305	      0.96634041	     -0.15177724	     -4.50404867	      3.92662572	      2.39346204	      3.00140466	      2.57596465	     -5.23008255	      0.00000000	     -4.72654561	      3.33460854	     -2.55373032	      4.41019951	     11.41964331	     -2.48299650	      0.00000000	     -7.13100416	      2.14161522	     -2.37001272	      2.16030340	     -4.71463579	      8.32964498	     22.14945598	     85.79179235	      1.12651252	     -7.22737232	     15.95723779	     24.99689467	     75.54479049
      3.63333330	      3.43617144	     -1.01079351	     -3.05668524	     -1.45109644	      0.96424603	     -0.15294136	     -4.56360148	      3.89056905	      2.39253062	      3.04232056	      2.57499643	     -5.23022174	      0.00000000	     -4.72449185	      3.33744134	     -2.55662566	      4.41886827	     11.41605169	     -2.48354059	      0.00000000	     -7.14440065	      2.13749789	     -2.36317616	      2.17066111	     -4.70986324	      8.33076128	     22.15295700	     85.79091292	      1.13208407	     -7.23255941	     15.95879085	     24.99870692	     75.54443624
      3.65000000	      3.34603003	     -1.04917433	     -3.05920834	     -1.44886159	      0.96237051	     -0.15422168	     -4.63201817	      3.84452209	      2.38965900	      3.08805918	      2.57748020	     -5.23231129	      0.00000000	     -4.71786096	      3.33967030	     -2.56010707	      4.43017247	     11.41246949	     -2.48440946	      0.00000000	     -7.16243185	      2.13666134	     -2.35339867	      2.18640684	     -4.70538616	      8.33180181	     22.15800640	     85.78995761	      1.13904079	     -7.23663013	     15.96065677	     25.00168704	     75.54418015
      3.66666670	      3.20450922	     -1.01556946	     -3.08793553	     -1.44730884	      0.96127481	     -0.15570811	     -4.36941757	      3.69577856	      2.27905397	      3.62123020	      3.22196606	     -5.33693918	      0.00000000	     -4.44891136	      3.42781515	     -2.67829045	      4.78648118	     11.52237111	     -2.59256320	      0.00000000	     -7.38819287	      2.14900390	     -2.09825032	      2.29997130	     -4.77788498	      8.39428810	     22.24810489	     85.69561485	      1.31689645	     -7.26779819	     16.20702913	     25.28078807	     75.53741239
      3.68333330	      3.09980829	     -1.06905485	     -3.09059694	     -1.44508778	      0.96116060	     -0.15721894	     -4.44514530	      3.64460428	      2.28141257	      3.66273214	      3.22767401	     -5.33825818	      0.00000000	     -4.45403187	      3.42539580	     -2.67813650	      4.79375409	     11.52350156	     -2.59272881	      0.00000000	     -7.39482375	      2.14327007	     -2.09161239	      2.31112605	     -4.77418030	      8.39495553	     22.25253073	     85.69476747	      1.31997509	     -7.27161466	     16.20868854	     25.28231292	     75.53731411
      3.70000000	      2.92426418	     -1.04285429	     -3.06970715	     -1.44252339	      0.96116066	     -0.15891646	     -4.31548762	      3.49747446	      2.42136993	      4.02804237	      4.17326552	     -5.35108858	      0.00000000	     -4.40991506	      3.52484044	     -2.60845543	      4.80068493	     11.77395458	     -2.57746966	      0.00000000	     -7.21006057	      2.15527938	     -1.95457641	      2.23176562	     -4.81869230	      8.45840139	     22.34908267	     85.57195159	      1.23816150	     -7.32080767	     16.53016755	     25.42933031	     75.54252146
      3.71666670	      2.81076233	     -1.10795436	     -3.05770415	     -1.43981651	      0.96149816	     -0.16068464	     -4.36199462	      3.43988894	      2.42517797	      4.06129776	      4.17545545	     -5.35114092	      0.00000000	     -4.45439859	      3.53277346	     -2.61247090	      4.82816738	     11.77162534	     -2.57790760	      0.00000000	     -7.21574246	      2.14967192	     -1.94857611	      2.24231663	     -4.81487408	      8.45894344	     22.35313134	     85.57102772	      1.24083210	     -7.32517950	     16.53180822	     25.42969001	     75.54247258
      3.73333330	      2.71465268	     -1.09386766	     -2.98123415	     -1.43714576	      0.96190145	     -0.16285736	     -4.35403121	      3.28191187	      2.43632179	      4.16621366	      4.59210857	     -5.37181607	      0.00000000	     -4.62415107	      3.67395119	     -2.62405631	      4.72302772	     11.78968814	     -2.51752149	      0.00000000	     -6.99576560	      2.15963966	     -1.94628585	      2.14848051	     -4.90388093	      8.46924253	     22.36342766	     85.50105916	      1.06665248	     -7.25833071	     16.72732188	     25.40223128	     75.55268737
      3.75000000	      2.63195322	     -1.17030810	     -2.96162968	     -1.43560263	      0.96215516	     -0.16477623	     -4.31693914	      3.25267920	      2.44164379	      4.15399985	      4.59513878	     -5.37057297	      0.00000000	     -4.72402413	      3.71350575	     -2.62912509	      4.76995361	     11.78641152	     -2.51696976	      0.00000000	     -6.99906983	      2.15823397	     -1.94328253	      2.15351121	     -4.89450946	      8.47058729	     22.36616229	     85.50029416	      1.07129348	     -7.26778088	     16.72796397	     25.40129052	     75.55261478
      3.76666670	      2.50773204	     -1.25475457	     -2.98883463	     -1.43448406	      0.96199095	     -0.16673175	     -4.26429605	      3.21829224	      2.52357199	      4.07989037	      4.80028435	     -5.30339725	      0.00000000	     -4.95848026	      3.79699132	     -2.62811124	      4.39477526	     11.77244112	     -2.45584183	      0.00000000	     -6.80939641	      2.30845647	     -1.98012119	      2.12052016	     -4.89919026	      8.47900446	     22.36319986	     85.44693303	      0.97793778	     -7.26985364	     16.86738193	     25.31910937	     75.56330329
      3.78333330	      2.47061138	     -1.33323509	     -2.97317470	     -1.43411993	      0.96232584	     -0.16840718	     -4.22946833	      3.20578548	      2.52720903	      4.06599895	      4.80202010	     -5.30151650	      0.00000000	     -5.01026855	      3.84682592	     -2.63198010	      4.40960254	     11.77038025	     -2.45464329	      0.00000000	     -6.81535352	      2.30217446	     -1.97652725	      2.12487901	     -4.89187347	      8.48003258	     22.36475379	     85.44602807	      0.97714333	     -7.27708033	     16.86899938	     25.31567181	     75.56337638
      3.80000000	      2.35264597	     -1.41164211	     -3.01552654	     -1.43247795	      0.96342126	     -0.16997163	     -4.03664154	      3.19202624	      2.53284107	      4.19861051	      4.72805207	     -5.18841738	      0.00000000	     -5.20719942	      3.91368732	     -2.52275316	      3.83409415	     11.64332749	     -2.32513198	      0.00000000	     -6.83948187	      2.35929792	     -1.98787832	      2.26620023	     -4.86340997	      8.48556579	     22.39316189	     85.39158580	      0.96768610	     -7.30367135	     17.00140444	     25.20072254	     75.57689110
      3.81666670	      2.28225574	     -1.50210024	     -2.92131666	     -1.42915893	      0.96503448	     -0.17153092	     -3.95128369	      3.21541124	      2.52548222	      4.28277558	      4.65780211	     -5.15496904	      0.00000000	     -5.27502085	      3.91536217	     -2.52648208	      3.68174966	     11.61643210	     -2.30753066	      0.00000000	     -6.92296308	      2.31430510	     -1.99307216	      2.27084337	     -4.84068851	      8.48934125	     22.39243369	     85.37985358	      0.94520758	     -7.31695670	     17.03151633	     25.16236319	     75.58014937
      3.83333330	      2.36373469	     -1.58568070	     -2.93890908	     -1.42598790	      0.96650949	     -0.17302264	     -3.83769633	      3.19429185	      2.19015260	      4.76980731	      4.20612988	     -5.00564652	      0.00000000	     -5.75340928	      3.96521588	     -2.49511047	      3.11994840	     11.11154202	     -2.08558744	      0.00000000	     -7.11151972	      2.29647369	     -2.18855234	      2.35384964	     -4.76631430	      8.49950638	     22.46799287	     85.22202664	      0.99047678	     -7.38327117	     17.39890511	     24.87212220	     75.62602534
      3.85000000	      2.39392099	     -1.71417706	     -2.94526360	     -1.42417882	      0.96698277	     -0.17439654	     -3.53695984	      3.24619599	      2.00921708	      5.49707931	      3.93320359	     -4.99608253	      0.00000000	     -6.05922088	      3.93751349	     -2.44649698	      2.88145774	     11.12501573	     -2.05431047	      0.00000000	     -7.32141329	      2.34139915	     -2.18905547	      2.42950381	     -4.70139400	      8.50665648	     22.52415957	     85.17311829	      1.00420467	     -7.43335967	     17.50356752	     24.79041508	     75.63887315
      3.86666670	      2.51088897	     -1.84448885	     -2.94078713	     -1.42268398	      0.96704871	     -0.17579734	     -3.11141531	      3.29396070	      1.72800224	      6.61209541	      3.62114272	     -5.06159479	      0.00000000	     -6.39157030	      3.91675825	     -2.50710530	      2.71706062	     11.00838228	     -2.02885497	      0.00000000	     -7.66293862	      2.34918902	     -2.24734422	      2.51611228	     -4.65202687	      8.50932191	     22.59920749	     85.12283673	      1.08174559	     -7.47086099	     17.60985104	     24.72330769	     75.65378018
      3.88333330	      2.68223939	     -1.97113190	     -2.91884987	     -1.41981881	      0.96778153	     -0.17714613	     -2.56394405	      3.32669893	      1.36043799	      8.07089040	      3.30365163	     -5.22342312	      0.00000000	     -6.75206432	      3.89163272	     -2.66414573	      2.60193357	     10.79650657	     -2.02472785	      0.00000000	     -8.13242294	      2.28022515	     -2.31151047	      2.69032542	     -4.63074276	      8.50397577	     22.73364562	     85.05433727	      1.24363028	     -7.49116354	     17.75275859	     24.66955009	     75.67574458
      3.90000000	      2.88572194	     -2.10649537	     -2.84004058	     -1.41569883	      0.96889534	     -0.17854281	     -1.94616901	      3.36521396	      0.97400867	      9.76896892	      2.92021600	     -5.42033912	      0.00000000	     -7.19468996	      3.84397612	     -2.84525318	      2.51626643	     10.56444996	     -2.02158804	      0.00000000	     -8.59291768	      2.26384273	     -2.38160533	      2.76813533	     -4.58565984	      8.50307432	     22.86524269	     84.98510060	      1.41095653	     -7.51986198	     17.89621554	     24.62976015	     75.69980502
      3.91666670	      3.09644779	     -2.24219326	     -2.71287156	     -1.41206710	      0.96940365	     -0.17999891	     -1.20136576	      3.40628966	      0.52835181	     11.64199924	      2.58443401	     -5.73254177	      0.00000000	     -7.69482023	      3.79088252	     -3.04612735	      2.42042684	     10.31415140	     -2.00836484	      0.00000000	     -9.08497929	      2.26082402	     -2.45178945	      2.82556354	     -4.55706523	      8.49534670	     23.03484931	     84.90844048	      1.60072053	     -7.53658592	     18.05518828	     24.60608902	     75.72875424
      3.93333330	      3.30650924	     -2.42870590	     -2.58227966	     -1.40915588	      0.96861926	     -0.18128271	     -0.27752650	      3.52193386	      0.04172744	     13.64493846	      2.39024380	     -6.17486243	      0.00000000	     -8.25155382	      3.68725379	     -3.18631818	      2.23481013	     10.16780328	     -1.96851312	      0.00000000	     -9.61378704	      2.32411792	     -2.51465068	      2.88540441	     -4.54838752	      8.48147498	     23.22750924	     84.83834009	      1.77271808	     -7.53130541	     18.20159627	     24.59515395	     75.75747693
      3.95000000	      3.53741490	     -2.54631393	     -2.46756934	     -1.40580896	      0.96737713	     -0.18213917	      0.86785687	      3.60092106	     -0.30945242	     15.83638206	      2.55957932	     -6.94301915	      0.00000000	     -8.81025643	      3.64936085	     -3.28232987	      2.04512744	     10.08912330	     -1.84583162	      0.00000000	    -10.18017816	      2.30577799	     -2.57659153	      2.83508942	     -4.53505267	      8.45940969	     23.58174838	     84.71883549	      2.00457905	     -7.58438164	     18.43432816	     24.60038562	     75.80623863
      3.96666670	      3.69883034	     -2.75375734	     -2.38469554	     -1.40088881	      0.96819454	     -0.18277605	      2.15520209	      3.80686596	     -0.68495420	     17.87636840	      2.69451260	     -7.68900360	      0.00000000	     -9.43003550	      3.50558862	     -3.24229587	      1.63296143	     10.13779006	     -1.58106764	      0.00000000	    -10.62286644	      2.39398579	     -2.59890593	      2.71170819	     -4.54580808	      8.42267227	     23.91240890	     84.59430202	      2.13484533	     -7.59683849	     18.66831151	     24.59437953	     75.85587012
      3.98333330	      3.82945013	     -3.02530994	     -2.26500309	     -1.39512188	      0.97141557	     -0.18356124	      3.37065417	      4.11437243	     -1.13912740	     19.39407216	      2.55587531	     -8.10084975	      0.00000000	    -10.13746203	      3.27015919	     -3.09209152	      1.04049719	     10.12598502	     -1.30246675	      0.00000000	    -10.95143400	      2.58952338	     -2.67060917	      2.62949875	     -4.60044770	      8.38891726	     24.02824277	     84.53644695	      2.16539672	     -7.51730386	     18.78500997	     24.57666088	     75.88083098
      4.00000000	      3.92221327	     -3.13994490	     -2.07457553	     -1.38890975	      0.97477657	     -0.18448866	      4.53517232	      4.28516231	     -1.57441455	     20.50376185	      2.23037198	     -8.46136247	      0.00000000	    -10.83841016	      3.16021817	     -2.96255594	      0.43067516	      9.77826231	     -0.90658015	      0.00000000	    -11.17923605	      2.59642865	     -2.83180454	      2.42209276	     -4.57004871	      8.35726407	     24.15285768	     84.47867929	      2.18097666	     -7.51806937	     18.89501119	     24.52682423	     75.90780712
      4.01666670	      3.94797787	     -3.15124101	     -1.75083499	     -1.38208938	      0.97677631	     -0.18543451	      5.56053229	      4.36256935	     -2.05168457	     20.99925099	      1.42846782	     -8.72898575	      0.00000000	    -11.39833502	      3.10595495	     -2.97635853	      0.00000000	      9.04133170	     -0.45461561	      0.00000000	    -11.28725036	      2.49963384	     -3.12819446	      2.12687821	     -4.50646742	      8.28603642	     24.36182831	     84.39875761	      2.14406158	     -7.54911118	     19.04684430	     24.43578082	     75.94927843
      4.03333330	      3.93858278	     -3.20149387	     -1.32705849	     -1.37550107	      0.97773173	     -0.18606580	      6.49101230	      4.49668215	     -2.62429133	     20.87973652	      0.35420848	     -8.84133801	      0.00000000	    -11.71576399	      2.94372543	     -3.12894203	      0.00000000	      8.38017093	     -0.11635863	      0.00000000	    -11.28652214	      2.45525650	     -3.51540393	      1.86779407	     -4.38738254	      8.18521952	     24.60614219	     84.31976317	      2.08876964	     -7.61325015	     19.19566622	     24.33572714	     75.99427402
      4.05000000	      3.90242469	     -3.25454305	     -0.81527505	     -1.37024543	      0.97834463	     -0.18640541	      7.34598526	      4.67905661	     -3.08582761	     20.00637173	     -0.52800304	     -8.86920736	      0.00000000	    -11.98291518	      2.74700591	     -3.33016321	      0.00000000	      7.64134925	      0.16999973	      0.00000000	    -11.21472368	      2.40622251	     -3.97096734	      1.58958012	     -4.23658472	      8.06488650	     24.83909263	     84.24540527	      2.00584692	     -7.70609094	     19.33887611	     24.23364316	     76.04066006
      4.06666670	      3.85913069	     -3.31284287	     -0.26382523	     -1.36599497	      0.97906218	     -0.18676451	      8.24339288	      4.88199296	     -3.48893646	     18.48214453	     -1.16909410	     -8.84039336	      0.00000000	    -12.18986801	      2.54404538	     -3.48503802	      0.00000000	      7.00715753	      0.40218923	      0.00000000	    -11.23143177	      2.40825141	     -4.48972099	      1.37861513	     -4.11664765	      7.89735183	     25.08357434	     84.16325694	      1.90508480	     -7.79682171	     19.50684703	     24.13011922	     76.09671900
      4.08333330	      3.82822788	     -3.34146846	      0.26796642	     -1.36130356	      0.97993794	     -0.18709433	      9.09752183	      5.05217492	     -3.86453672	     16.41057622	     -1.57373720	     -8.68755593	      0.00000000	    -12.35678599	      2.38343727	     -3.54770942	      0.00000000	      6.61688688	      0.59761712	      0.00000000	    -11.32108469	      2.38431155	     -5.01354029	      1.26651642	     -3.95553608	      7.71685454	     25.31787728	     84.08380138	      1.86840180	     -7.93184098	     19.67300693	     24.05713343	     76.15660505
      4.10000000	      3.82304301	     -3.36008232	      0.80696224	     -1.35608517	      0.98037343	     -0.18759359	      9.83427127	      5.13818297	     -4.41340984	     14.13017623	     -1.96214765	     -8.31090708	      0.00000000	    -12.52883036	      2.24151177	     -3.47746253	      0.00000000	      6.67457778	      0.85682225	      0.00000000	    -11.50673437	      2.42368024	     -5.71292748	      1.38030218	     -3.82009660	      7.37902160	     25.68105028	     83.95720416	      1.80986429	     -8.04592505	     19.96429990	     24.01911437	     76.26286021
      4.11666670	      3.80844561	     -3.32071478	      1.26878579	     -1.35035802	      0.98030016	     -0.18781702	     10.45992375	      5.13640248	     -4.77149241	     11.92759667	     -2.00346126	     -7.77150965	      0.00000000	    -12.75449789	      2.16958168	     -3.31065302	      0.00000000	      7.14301644	      1.17139250	      0.00000000	    -11.68891681	      2.33358395	     -6.22559155	      1.43117515	     -3.66146191	      7.09384174	     25.93654283	     83.85900593	      1.74286370	     -8.21509234	     20.20315977	     24.03966041	     76.35716327
      4.13333330	      3.83705050	     -3.30525317	      1.77178907	     -1.34356123	      0.98003053	     -0.18810352	     11.00866760	      5.09332151	     -5.16964662	     10.05864077	     -1.69939322	     -6.94886218	      0.00000000	    -13.14058677	      2.05515834	     -3.16842478	      0.00000000	      8.06703860	      1.64730942	      0.00000000	    -11.95820695	      2.33208213	     -6.85213788	      1.49713343	     -3.52229474	      6.71589194	     26.22627758	     83.74779702	      1.62432803	     -8.42388516	     20.49416992	     24.11362717	     76.47886445
      4.15000000	      3.91167757	     -3.34672696	      2.25062855	     -1.33571590	      0.97978324	     -0.18824874	     11.48571773	      5.08540046	     -5.45964641	      8.46593557	     -1.05637340	     -5.93822083	      0.00000000	    -13.72831257	      1.87285011	     -3.12010528	      0.00000000	      9.07266528	      2.20555270	      0.00000000	    -12.27219654	      2.38717236	     -7.39036636	      1.49802027	     -3.40179190	      6.29667162	     26.47463747	     83.64833719	      1.47892135	     -8.62760948	     20.77012695	     24.22683453	     76.60684349
      4.16666670	      3.96633490	     -3.47855999	      2.67031971	     -1.32804030	      0.97929215	     -0.18848487	     11.97628069	      5.14073960	     -5.51984973	      6.97095551	     -0.54914319	     -5.16400072	      0.00000000	    -14.39276183	      1.62803732	     -3.01067781	      0.00000000	      9.91445459	      2.54253277	      0.00000000	    -12.53032457	      2.62393052	     -7.77431962	      1.53824338	     -3.35920068	      5.98931809	     26.67569958	     83.59517433	      1.31039313	     -8.68115358	     20.95106858	     24.25888081	     76.69544298
      4.18333330	      4.07839715	     -3.65701239	      3.12628159	     -1.32064072	      0.97870198	     -0.18868495	     12.33184111	      5.22214803	     -5.67724574	      5.39105972	     -0.34110926	     -4.31129989	      0.00000000	    -15.09449733	      1.32207945	     -3.02024903	      0.00000000	     10.31826271	      2.84694322	      0.00000000	    -12.86453256	      2.94379491	     -8.25088313	      1.57403102	     -3.32233369	      5.67741749	     26.89498227	     83.55745773	      1.21876058	     -8.76346174	     21.10711574	     24.26738600	     76.78255916
      4.20000000	      4.03891538	     -3.71623113	      3.49076146	     -1.31287845	      0.97731259	     -0.18870714	     12.87505308	      5.17217365	     -5.55869230	      3.99191425	     -0.29851088	     -4.05426111	      0.00000000	    -15.52204836	      1.17538301	     -3.11673087	      0.00000000	     10.23060098	      2.86682069	      0.00000000	    -13.01095425	      3.01045504	     -8.41029761	      1.60919629	     -3.30472208	      5.61433925	     26.94739625	     83.55220696	      1.35698190	     -8.85369283	     21.11793824	     24.28969722	     76.79853978
      4.21666670	      4.48197137	     -3.86486615	      3.94117576	     -1.30495823	      0.97603684	     -0.18928052	     12.66232677	      5.20753819	     -6.16429647	      2.36648488	     -1.06707985	     -3.19199978	      0.00000000	    -16.34050615	      0.87995850	     -3.22853466	      0.00000000	      9.71477213	      2.90626448	      0.00000000	    -13.80288700	      3.41645791	     -8.96870160	      1.83369017	     -3.27114095	      5.27188393	     27.16452179	     83.52617980	      1.34620030	     -8.88866755	     21.30738660	     24.23074280	     76.89898808
      4.23333330	      4.68046141	     -3.81378434	      4.21558387	     -1.29690737	      0.97363137	     -0.18935438	     12.71657465	      5.06651029	     -6.28747211	      1.08318373	     -1.57866650	     -2.77105414	      0.00000000	    -16.82946811	      0.81653139	     -3.39856576	      0.00000000	      8.94626879	      2.87228175	      0.00000000	    -14.20125393	      3.44625199	     -9.14595302	      1.85589426	     -3.21959220	      5.12334212	     27.18524275	     83.52173710	      1.41524842	     -8.97710939	     21.38200831	     24.21849274	     76.94613369
      4.25000000	      5.01841930	     -3.78339898	      4.46551645	     -1.28850849	      0.97101246	     -0.18927144	     12.59087056	      4.98136535	     -6.57627222	      0.07679958	     -2.26084351	     -2.49735264	      0.00000000	    -17.45680814	      0.68441978	     -3.61128324	      0.00000000	      8.14718067	      2.64506948	      0.00000000	    -14.82270443	      3.57087715	     -9.39411731	      2.06317422	     -3.19696209	      4.91277419	     27.22675424	     83.51393030	      1.57244473	     -9.03021945	     21.49089491	     24.20916612	     77.00931614
      4.26666670	      5.03768059	     -3.73022276	      4.54953660	     -1.27873378	      0.96884897	     -0.18853791	     13.01608992	      4.88557138	     -6.56763845	      0.00000000	     -2.26268959	     -2.49421652	      0.00000000	    -17.85601941	      0.58625557	     -3.63686269	      0.00000000	      8.13146767	      2.63040452	      0.00000000	    -14.85834462	      3.57996595	     -9.40070982	      2.08415995	     -3.20364750	      4.90848188	     27.23020503	     83.51364151	      1.59500021	     -9.02978800	     21.49095187	     24.21351371	     77.00993481
      4.28333330	      5.54685415	     -3.72808205	      4.72685614	     -1.26932042	      0.96912266	     -0.18805240	     12.76685489	      4.92633324	     -6.65642592	      0.00000000	     -2.59813213	     -2.91285494	      0.00000000	    -18.82901253	      0.38779959	     -3.98066712	      0.00000000	      7.09109251	      1.73887891	      0.00000000	    -15.90177351	      3.82219532	     -9.64333070	      2.49630680	     -3.17321060	      4.42943020	     27.26426920	     83.50669207	      1.85263123	     -9.13708186	     21.69642418	     24.23714055	     77.14381337
      4.30000000	      5.54792064	     -3.84210109	      4.88766151	     -1.25874217	      0.96957759	     -0.18734734	     12.83173025	      5.12249731	     -6.71834397	      0.00000000	     -2.87725890	     -3.11515168	      0.00000000	    -19.39163119	      0.07285701	     -4.37872787	      0.00000000	      6.57318188	      1.51405470	      0.00000000	    -15.93657259	      4.12067856	     -9.70145214	      2.50658169	     -3.23919257	      4.30474926	     27.25244719	     83.50858237	      1.81129302	     -9.11408832	     21.75482475	     24.21937158	     77.17928039
      4.31666670	      5.64135011	     -4.01742773	      5.05448185	     -1.24712109	      0.96970697	     -0.18653764	     12.57053396	      5.47590718	     -6.64510128	      0.00000000	     -3.30049020	     -3.54842981	      0.00000000	    -20.12293387	     -0.31388352	     -4.73317363	      0.00000000	      5.90234113	      1.26736424	      0.00000000	    -16.07948922	      4.47195046	     -9.84434821	      2.56802179	     -3.31634359	      4.13552662	     27.23647457	     83.51148265	      1.83437776	     -9.05271945	     21.82836721	     24.18969390	     77.22662656
      4.33333330	      5.91659476	     -4.20396143	      5.31871856	     -1.23512997	      0.96928877	     -0.18588938	     11.87770777	      5.91456616	     -6.12366099	      0.00000000	     -4.12393296	     -4.74979578	      0.00000000	    -21.09719435	     -0.75083388	     -4.87436742	      0.00000000	      5.43979715	      0.92976669	      0.00000000	    -16.41138532	      4.88062136	    -10.03115010	      2.63704865	     -3.30865958	      3.76721978	     27.23680753	     83.54275215	      1.91409967	     -9.10817973	     21.95199957	     24.10335917	     77.34050811
      4.35000000	      5.75066354	     -4.55605182	      5.50755324	     -1.22303981	      0.96711877	     -0.18554138	     11.77470412	      6.50951244	     -6.01244517	      0.65996390	     -4.07482227	     -5.21031618	      0.00000000	    -21.71064463	     -1.27560977	     -5.05178910	      0.00000000	      5.35180953	      0.89864888	      0.00000000	    -16.08223100	      5.43789783	    -10.09604148	      2.52504579	     -3.49252145	      3.65046048	     27.20127327	     83.55365937	      1.81333792	     -8.95450359	     22.00969566	     24.12299986	     77.37646908
      4.36666670	      5.55818622	     -4.88919450	      5.61265097	     -1.21078019	      0.96337915	     -0.18487259	     11.70957571	      7.15091871	     -5.18185346	      1.62134662	     -4.22129988	     -6.71028424	      0.00000000	    -22.47720330	     -1.74739326	     -5.33071072	      0.00000000	      5.78281397	      1.21414650	      0.00000000	    -15.67699414	      5.96165835	    -10.20175987	      2.40607565	     -3.58980763	      3.31102396	     27.28272212	     83.63507779	      1.65571087	     -8.89743435	     22.12854480	     24.03330008	     77.50675236
      4.38333330	      5.34575278	     -5.29053215	      5.86574406	     -1.19736454	      0.95846983	     -0.18443196	     11.66407137	      7.83882114	     -5.12056118	      2.75427948	     -3.99423780	     -7.16960733	      0.00000000	    -23.15282303	     -2.33847256	     -5.34025398	      0.32999590	      6.35765354	      1.23686021	      0.00000000	    -15.19374153	      6.62450464	    -10.24381936	      2.29033626	     -3.83574344	      3.21046438	     27.23821518	     83.65562319	      1.57939856	     -8.72628812	     22.16985582	     24.06840826	     77.53890598
      4.40000000	      5.07604905	     -5.68431248	      6.12208111	     -1.18321232	      0.95346126	     -0.18363456	     11.62736649	      8.54094305	     -4.94968571	      3.86215032	     -3.81385509	     -7.72911523	      0.00000000	    -23.40244395	     -2.95580646	     -5.36930257	      1.40822978	      7.75109482	      1.25465280	      0.00000000	    -14.64379736	      7.28543415	    -10.35626729	      2.13251477	     -4.04838786	      3.10575766	     27.22551752	     83.67914770	      1.42743682	     -8.58179207	     22.20714863	     24.06007322	     77.57066883
      4.41666670	      4.39598890	     -5.88658239	      6.26880680	     -1.16856148	      0.94866203	     -0.18213795	     11.97435721	      9.02156500	     -4.35510785	      4.88527252	     -4.49528532	     -9.02999204	      0.00000000	    -23.07875479	     -3.36111246	     -5.93725991	      2.58287131	      9.62271904	      2.59318558	      0.00000000	    -13.45943877	      7.61775960	    -10.57653896	      1.70984399	     -4.12254409	      2.83428351	     27.30944054	     83.81180233	      1.04302188	     -8.50836769	     22.18303288	     23.90732248	     77.65439628
      4.43333330	      4.22374189	     -6.17691169	      6.37532137	     -1.15489768	      0.94574848	     -0.18097882	     11.67746248	      9.60890954	     -4.20441179	      5.61633171	     -4.73261809	     -9.26261416	      0.00000000	    -23.31389035	     -3.84556402	     -6.04851314	      3.52489807	     10.52350520	      2.45601139	      0.00000000	    -13.00905513	      8.15859949	    -10.57315491	      1.56526583	     -4.33201353	      2.75495346	     27.26928938	     83.83869799	      0.85759022	     -8.37158520	     22.18362536	     23.89951615	     77.67016035
      4.45000000	      3.66591824	     -6.30735806	      6.43616197	     -1.14253935	      0.94308954	     -0.17969348	     11.78085057	      9.95845127	     -3.68328641	      6.19677647	     -5.62222422	    -10.33599195	      0.00000000	    -22.90090304	     -4.20334450	     -6.37392953	      4.81617087	     11.51712418	      3.06657140	      0.00000000	    -12.06868866	      8.39869317	    -10.68602541	      1.25456471	     -4.42911137	      2.58506094	     27.38727602	     83.97112216	      0.55929031	     -8.30475710	     22.05302221	     23.81815313	     77.70672541
      4.46666670	      3.54694841	     -6.41211828	      6.41943238	     -1.13118193	      0.94096397	     -0.17870624	     11.44987053	     10.24749842	     -3.51124341	      6.79686975	     -5.84769689	    -10.56395301	      0.00000000	    -22.76210584	     -4.55664186	     -6.76979187	      6.32828745	     11.59522617	      2.81708001	      0.00000000	    -11.88390348	      8.77222912	    -10.62539043	      1.29848812	     -4.58182525	      2.53701622	     27.40676169	     84.00252884	      0.53101066	     -8.23017532	     22.01868486	     23.83825603	     77.71483143
      4.48333330	      3.26870995	     -6.46395024	      6.20007014	     -1.11717172	      0.93777278	     -0.17719883	     11.36162182	     10.48418791	     -2.99780158	      7.70023173	     -6.26310186	    -11.51360782	      0.00000000	    -22.09553674	     -4.87632832	     -7.19366468	      8.52413043	     11.86934868	      2.40832188	      0.00000000	    -11.49044846	      9.01745710	    -10.39263552	      1.13063350	     -4.77624645	      2.49049450	     27.45610211	     84.09782990	      0.31132395	     -8.10289984	     21.88753683	     23.84984951	     77.72496738
      4.50000000	      3.36559553	     -6.35586593	      5.99481257	     -1.10053308	      0.93603099	     -0.17547070	     10.65052388	     10.58342574	     -2.75585296	      8.49286713	     -6.09256998	    -11.91750987	      0.00000000	    -21.43728991	     -5.21445010	     -7.81453777	     11.33448321	     11.23959401	      2.07723758	      0.00000000	    -11.53621531	      9.08878405	    -10.20752154	      1.04271573	     -4.81467122	      2.49312941	     27.44138061	     84.12993941	      0.15997031	     -8.08093656	     21.82917208	     23.79728295	     77.72204180
      4.51666670	      3.14581783	     -6.09388150	      5.40411405	     -1.08354177	      0.93664809	     -0.17335027	     10.24807087	     10.55996704	     -1.89089245	      9.54090500	     -5.85985931	    -13.24905897	      0.00000000	    -19.89903444	     -5.34879027	     -8.52779975	     15.07065317	     10.56503429	      0.97158587	      0.00000000	    -11.09588003	      8.85988489	     -9.49986531	      0.57070490	     -5.01874044	      2.50496781	     27.43080155	     84.26146701	     -0.14550705	     -7.85325834	     21.50534343	     23.70034389	     77.68686541
      4.53333330	      3.28945457	     -5.59975974	      4.82124642	     -1.06888296	      0.94085613	     -0.17126717	      9.05804224	     10.30375070	     -1.18638300	      9.88682901	     -5.48087787	    -13.96754276	      0.00000000	    -17.93194277	     -5.44427364	     -9.37387448	     19.82362201	      8.61805069	     -0.66111706	      0.00000000	    -11.15709879	      8.45756315	     -8.89726857	      0.19852621	     -5.06627904	      2.50495505	     27.36549573	     84.38805627	     -0.32446262	     -7.76968472	     21.14299747	     23.44201417	     77.64667219
      4.55000000	      3.47871477	     -4.86856752	      4.19643344	     -1.05645239	      0.94668203	     -0.16907373	      7.52925767	      9.75626559	     -0.54710351	      9.57556783	     -4.88929855	    -14.16574969	      0.00000000	    -15.05278450	     -5.44057073	    -10.16838859	     25.88314857	      5.51419281	     -3.12016053	      0.00000000	    -11.37444857	      7.76737871	     -8.22687315	     -0.11074092	     -5.04333610	      2.51829949	     27.21866200	     84.50338438	     -0.40238883	     -7.76035339	     20.80600212	     23.20831860	     77.61421254
      4.56666670	      3.48780882	     -4.05856957	      3.61147954	     -1.04517324	      0.95270712	     -0.16655305	      6.05675212	      9.05812750	     -0.10947465	      8.76253713	     -4.12156329	    -13.87549903	      0.00000000	    -11.25707092	     -5.45566683	    -10.68936809	     32.85252413	      1.61140918	     -6.09586183	      0.00000000	    -11.46940003	      6.98040351	     -7.61807379	     -0.30281331	     -4.97682792	      2.56045567	     27.09424281	     84.60973759	     -0.37331648	     -7.82095903	     20.51261725	     23.04278706	     77.59839431
      4.58333330	      3.26300614	     -3.27360444	      3.09265405	     -1.03432747	      0.95791223	     -0.16379214	      4.84251858	      8.32962786	      0.12262640	      7.68265041	     -3.10931601	    -13.08451745	      0.00000000	     -6.92656171	     -5.42261487	    -10.79436769	     39.85962263	     -2.28364581	     -9.08052477	      0.00000000	    -11.39088342	      6.21021346	     -7.09269811	     -0.36638373	     -4.90762769	      2.64947200	     27.01907212	     84.72100212	     -0.26812941	     -7.92137179	     20.24439098	     22.95812796	     77.60161057
      4.60000000	      2.95526965	     -2.56018114	      2.63587776	     -1.02337296	      0.96189799	     -0.16109540	      3.74667599	      7.63588886	      0.14167760	      6.44982432	     -1.96170331	    -11.87350937	      0.00000000	     -2.62420940	     -5.30027341	    -10.64030922	     46.10265984	     -5.20155281	    -11.43022962	      0.00000000	    -11.28507442	      5.49421500	     -6.57709451	     -0.32706024	     -4.83694637	      2.80613519	     26.96186995	     84.83990862	     -0.07668432	     -8.08876549	     19.98263893	     22.99386882	     77.61666398
      4.61666670	      2.64341119	     -1.85088989	      2.15971137	     -1.01136190	      0.96433062	     -0.15855671	      2.66330638	      6.92119723	     -0.00048558	      5.18224654	     -0.81733498	    -10.22764172	      0.00000000	      1.23091431	     -4.93542577	    -10.38398476	     50.99804219	     -6.72187066	    -12.79279790	      0.00000000	    -11.22932100	      4.77537530	     -6.09162298	     -0.14267440	     -4.78601605	      3.02708182	     26.94381692	     84.97835989	      0.14280878	     -8.25933032	     19.68947673	     23.11229584	     77.64272821
      4.63333330	      2.44212221	     -1.24574916	      1.63632448	     -0.99724175	      0.96517275	     -0.15626984	      1.42993701	      6.30639762	     -0.25800424	      3.99024192	      0.12633864	     -8.39618656	      0.00000000	      4.34749510	     -4.47204597	    -10.18143015	     54.45443817	     -6.68851576	    -12.98224246	      0.00000000	    -11.25835071	      4.13400602	     -5.53872467	      0.07028886	     -4.78480404	      3.29396944	     26.91257155	     85.13277437	      0.33312281	     -8.39639393	     19.32038851	     23.29945335	     77.66533702
      4.65000000	      2.36899532	     -0.70239707	      1.03818313	     -0.98097174	      0.96589889	     -0.15402768	     -0.04361089	      5.76907127	     -0.42656408	      2.85014319	      0.70510257	     -6.76267657	      0.00000000	      6.67074631	     -3.85740285	     -9.95704179	     56.52899492	     -5.23983437	    -12.19637719	      0.00000000	    -11.22206390	      3.52014459	     -4.88705443	      0.21257716	     -4.83146282	      3.53497023	     26.82321429	     85.27225661	      0.38698160	     -8.45347570	     18.90146096	     23.46143899	     77.66330284
      4.66666670	      2.32068774	     -0.18423821	      0.36853016	     -0.96408687	      0.96638849	     -0.15190334	     -1.57564946	      5.25542932	     -0.49062478	      1.85573887	      1.17694505	     -5.22965376	      0.00000000	      8.52282247	     -3.08462134	     -9.69508271	     57.53649837	     -2.68678681	    -10.75290903	      0.00000000	    -11.00879439	      2.90548251	     -4.18894467	      0.24024833	     -4.89665058	      3.74862130	     26.66271490	     85.39853039	      0.19857161	     -8.43632586	     18.43010630	     23.52065961	     77.63382007
      4.68333330	      2.28125827	      0.28576816	     -0.30717573	     -0.94805840	      0.96604810	     -0.15011183	     -3.12939511	      4.77412844	     -0.44091756	      0.97142853	      1.70884669	     -3.80872999	      0.00000000	     10.22913583	     -2.26152203	     -9.40474385	     57.96380758	      0.64228756	     -8.95194913	      0.00000000	    -10.62728163	      2.32021252	     -3.41337061	      0.21429246	     -5.00197927	      3.93679385	     26.42521890	     85.50784288	     -0.06900796	     -8.34447958	     17.92340432	     23.54548348	     77.57995834
      4.70000000	      2.22642779	      0.70564132	     -0.95058603	     -0.93300082	      0.96512899	     -0.14863313	     -4.61568401	      4.31153702	     -0.20270980	      0.19488521	      2.46356142	     -2.43769937	      0.00000000	     12.05297979	     -1.46517765	     -9.15526617	     58.07590397	      4.03316489	     -7.08854884	      0.00000000	    -10.20134371	      1.79273743	     -2.63684242	      0.12966660	     -5.09627160	      4.11477014	     26.15254598	     85.60179729	     -0.38846485	     -8.23414669	     17.38541674	     23.53352533	     77.51257427
      4.71666670	      2.03779947	      1.08431663	     -1.62026251	     -0.91789031	      0.96428801	     -0.14731761	     -5.65006555	      3.85050835	      0.11889982	      0.00000000	      3.63606822	     -1.09257378	      0.00000000	     14.10991920	     -0.77327434	     -9.19235211	     57.79009431	      6.61202214	     -5.52721213	      0.00000000	     -9.65375861	      1.30606433	     -1.79549849	     -0.03623905	     -5.22303144	      4.27463591	     25.85630284	     85.67439894	     -0.71140887	     -8.07170081	     16.86934284	     23.52607172	     77.44440228
      4.73333330	      1.81550649	      1.39071329	     -2.29500094	     -0.90203689	      0.96476915	     -0.14602564	     -6.54467027	      3.45863636	      0.23955395	      0.00000000	      4.43285502	      0.43109108	      0.00000000	     16.01014687	     -0.20012551	     -9.41321162	     56.63199996	      8.09029929	     -4.28469261	      0.00000000	     -9.04686556	      0.92210749	     -1.01720114	     -0.23341926	     -5.30218296	      4.43622879	     25.57322815	     85.73222295	     -0.99706379	     -7.91281422	     16.28990956	     23.45445768	     77.37690112
      4.75000000	      1.62255163	      1.79207553	     -2.97510188	     -0.88590092	      0.96617049	     -0.14483720	     -7.43416605	      2.94459034	      0.48214723	      0.00000000	      4.60806203	      1.26137691	      0.00000000	     17.34944150	      0.47772738	     -9.91821548	     53.99393777	      8.31754571	     -3.86237712	      0.00000000	     -8.44751208	      0.42855187	     -0.50005667	     -0.46710772	     -5.29916061	      4.50650118	     25.46976149	     85.75029535	     -1.41403322	     -7.85525950	     16.07840821	     23.36343196	     77.35381508
      4.76666670	      1.28961326	      2.11580924	     -3.63309577	     -0.86973864	      0.96760297	     -0.14387755	     -8.11037468	      2.49438196	      0.28877213	      0.00000000	      5.04711956	      3.00401491	      0.00000000	     18.26564223	      1.10231912	    -10.53959117	     49.86638268	      7.63828840	     -3.33670438	      0.00000000	     -7.54583244	      0.05029750	      0.49668009	     -0.94796398	     -5.43852302	      4.62922914	     25.15431261	     85.76849272	     -1.59771067	     -7.57741502	     15.50467363	     23.29330789	     77.30527264
      4.78333330	      1.00464402	      2.46075294	     -4.28633255	     -0.85447553	      0.96947558	     -0.14270018	     -8.66492837	      1.99820291	      0.32458451	      0.00000000	      4.70429799	      3.67413589	      0.00000000	     18.60666633	      1.82018416	    -11.20317150	     44.35928125	      6.76305259	     -2.71936181	      0.00000000	     -6.72377753	     -0.31794384	      0.80948011	     -1.17212661	     -5.39649027	      4.67733763	     25.19301377	     85.77091151	     -2.04223058	     -7.50117053	     15.35197714	     23.15515646	     77.30453923
      4.80000000	      0.79766802	      2.70611889	     -5.03430531	     -0.84137605	      0.97171831	     -0.14145625	     -9.07918655	      1.55772433	      0.32624455	      0.00000000	      4.43777782	      4.32351934	      0.00000000	     18.59266995	      2.53568895	    -11.62196923	     37.99892451	      5.73110120	     -2.10677718	      0.00000000	     -6.13252346	     -0.56181648	      1.42955685	     -1.38233835	     -5.43065159	      4.76549083	     25.14959311	     85.78184853	     -2.30606367	     -7.33279973	     15.15129745	     23.08008239	     77.29918387
      4.81666670	      0.90006696	      2.68750791	     -5.90715819	     -0.83103633	      0.97226400	     -0.14049117	     -9.57758606	      1.32520849	      0.31889485	      0.00000000	      4.38526838	      4.88958649	      0.00000000	     18.23295318	      2.98864410	    -11.68310125	     31.47022511	      4.65798241	     -1.68999045	      0.00000000	     -6.30403472	     -0.50015264	      2.36461787	     -1.40904068	     -5.66883397	      4.96436544	     25.12377464	     85.80688816	     -2.21146857	     -6.97554557	     14.77065855	     23.04527735	     77.30880040
      4.83333330	      0.78946300	      2.40677281	     -6.68363634	     -0.82107828	      0.97015634	     -0.13987621	     -9.71285658	      1.42986782	      0.37641661	      0.00000000	      4.31017020	      4.91147173	      0.00000000	     18.31570096	      3.06899149	    -11.34419445	     25.43594983	      3.92970168	     -1.04350067	      0.00000000	     -6.25266794	     -0.14258483	      2.79473447	     -1.31167573	     -5.74210457	      5.09659652	     25.29122857	     85.82435620	     -2.34203648	     -6.78610967	     14.63626748	     23.05875312	     77.33174114
      4.85000000	      0.86034416	      1.96988377	     -7.42036862	     -0.80999414	      0.96653459	     -0.13942088	    -10.03852735	      1.65673484	      0.70341511	      0.00000000	      5.33309772	      4.66088045	      0.00000000	     18.44561320	      2.85786111	    -10.83966077	     20.08125631	      3.19635376	     -0.56679544	      0.00000000	     -6.65753737	      0.36152759	      3.40164969	     -1.14771320	     -5.94968059	      5.29066619	     25.46694077	     85.85292163	     -2.18746512	     -6.52996519	     14.47252778	     23.22607701	     77.36233340
      4.86666670	      1.15955278	      1.45205460	     -8.06385644	     -0.79776200	      0.96369835	     -0.13901861	    -10.67659892	      1.92665208	      1.25987992	      0.00000000	      7.08438131	      4.41260993	      0.00000000	     18.42158704	      2.50927826	    -10.15352383	     15.26725996	      2.79131552	     -0.34910234	      0.00000000	     -7.52111712	      0.91234550	      4.05828238	     -0.99003188	     -6.27703527	      5.66855786	     25.85779929	     85.89474514	     -1.86276525	     -6.24339988	     14.21146410	     23.49387492	     77.45894009
      4.88333330	      1.09634970	      0.93294053	     -8.37848275	     -0.78477473	      0.96013671	     -0.13837618	    -11.07802372	      2.32635442	      1.98391606	      0.00000000	      9.60971279	      4.09931171	      0.00000000	     18.86882005	      2.02660148	     -9.12896053	     11.07840924	      2.67081390	      0.22300163	      0.00000000	     -7.84804075	      1.45636275	      4.28640379	     -0.87447669	     -6.39342075	      5.83098116	     26.05661909	     85.90634077	     -1.63280304	     -6.10319896	     14.12891176	     23.66791934	     77.52030717
      4.90000000	      1.17271150	      0.47669344	     -8.62194873	     -0.77187690	      0.95619883	     -0.13754525	    -11.78448251	      2.64550332	      2.83492772	      0.00000000	     12.11553512	      3.90934887	      0.00000000	     19.02241039	      1.55882785	     -8.06222058	      7.17234749	      2.56832433	      0.72117003	      0.00000000	     -8.38039313	      1.85108785	      4.55224568	     -0.79775030	     -6.50846878	      6.04748504	     26.30083698	     85.92067054	     -1.33105896	     -6.00285322	     14.05040561	     23.85614116	     77.60434900
      4.91666670	      1.34288439	      0.07390498	     -8.73125540	     -0.75952127	      0.95207208	     -0.13693482	    -12.76871396	      2.90350036	      3.56824575	      0.00000000	     14.08777690	      3.68463514	      0.00000000	     18.98474470	      1.13308980	     -6.89541501	      3.89304112	      2.43816674	      1.12765717	      0.00000000	     -8.98227171	      2.13992143	      4.70636059	     -0.70374002	     -6.58773729	      6.28435791	     26.55323393	     85.93119419	     -0.97122929	     -5.94093146	     13.99929797	     24.01315252	     77.70423037
      4.93333330	      1.65302141	     -0.12238759	     -8.80021628	     -0.74778450	      0.94873124	     -0.13661534	    -14.05516409	      2.92864280	      4.07631648	      0.00000000	     15.16500324	      3.42343561	      0.00000000	     18.75851052	      0.95477667	     -5.75508081	      1.65618717	      2.16044244	      0.99583560	      0.00000000	     -9.68748995	      2.10783775	      4.76643708	     -0.51239448	     -6.59698177	      6.59829611	     26.79069613	     85.93787120	     -0.54713243	     -5.96661692	     13.97377986	     24.11650404	     77.84045808
      4.95000000	      1.89729074	      0.14499226	     -8.83403440	     -0.73542195	      0.94613422	     -0.13654632	    -15.45617946	      2.47172156	      4.25795678	      0.00000000	     15.23363490	      3.29691632	      0.00000000	     18.68652350	      1.30599836	     -4.63709528	      0.88921149	      1.64275271	     -0.18163119	      0.00000000	    -10.20560661	      1.57113647	      4.69755272	     -0.26691273	     -6.45821219	      7.04100037	     26.85566913	     85.93245143	     -0.15345032	     -6.14878078	     14.00132120	     24.18448541	     78.04360407
      4.96666670	      1.75719909	      1.08458509	     -8.86430661	     -0.72081798	      0.94306433	     -0.13634047	    -16.76849488	      1.39115912	      3.86929276	      0.00000000	     14.63310106	      3.59371148	      0.00000000	     19.12709207	      2.38492431	     -3.77559485	      1.61139526	      1.07831008	     -2.13276778	      0.00000000	     -9.86676671	      0.22836115	      4.51707284	     -0.10551953	     -6.05382120	      7.51278374	     26.64613712	     85.90632859	      0.05746784	     -6.57259111	     14.08063334	     24.27956127	     78.27558963
      4.98333330	      1.01876503	      2.54184964	     -9.24977524	     -0.70457353	      0.93959871	     -0.13574165	    -16.85430277	     -0.21675299	      2.76375087	      1.74803789	     14.64739772	      4.88638225	      0.00000000	     20.42008873	      3.86792939	     -3.76789471	      3.68684947	      0.49221668	     -4.47088041	      0.00000000	     -8.60966890	     -1.56995196	      4.69744510	     -0.15128118	     -5.55617271	      7.98807342	     26.24238208	     85.86516099	     -0.03069461	     -7.08363812	     14.18360940	     24.40938026	     78.51765261
      5.00000000	      0.29303444	      4.13754817	     -9.73142607	     -0.68686449	      0.93759985	     -0.13526825	    -17.00116788	     -2.06966010	      1.40789509	      3.35089631	     14.30689672	      6.52907088	      0.00000000	     21.53744107	      5.56363412	     -4.17362990	      5.88867871	      0.06799873	     -6.26097871	      0.00000000	     -7.20986130	     -3.51075668	      4.96477210	     -0.25049364	     -5.03848545	      8.35537087	     25.87522911	     85.81058736	     -0.23025410	     -7.58393248	     14.30306198	     24.47632479	     78.74275839
      5.01666670	     -0.07964958	      5.38415304	    -10.30740545	     -0.66863203	      0.93695514	     -0.13441805	    -17.39093657	     -3.67788980	      0.64666771	      4.44673140	     13.79271603	      7.32334316	      0.00000000	     21.88093478	      7.00222240	     -4.74445623	      7.37106464	     -0.11573520	     -6.94659485	      0.00000000	     -6.23206718	     -5.08363309	      5.35395186	     -0.45586797	     -4.61376442	      8.52043638	     25.72421832	     85.79575793	     -0.52991384	     -7.96182587	     14.32353990	     24.44141762	     78.82597570
      5.03333330	     -0.28685247	      5.93665959	    -10.74022486	     -0.65056592	      0.93681917	     -0.13358245	    -17.52718765	     -4.60686795	     -0.08416840	      5.47757075	     13.82731954	      8.40606027	      0.00000000	     21.72523158	      7.81684514	     -4.99812192	      8.17961571	     -0.57347151	     -7.13357794	      0.00000000	     -5.61208882	     -5.83286829	      5.68771528	     -0.60532689	     -4.35853652	      8.63318767	     25.41261488	     85.76497364	     -0.74900588	     -8.13791055	     14.38865749	     24.43309445	     78.94517550
      5.05000000	     -0.16609694	      5.83115969	    -10.97229339	     -0.63251798	      0.93750104	     -0.13314893	    -17.64114753	     -4.85809733	     -0.44631590	      6.60240758	     13.52252731	      8.54758824	      0.00000000	     20.96152190	      8.01866444	     -4.93000346	      8.64107866	     -0.98346042	     -7.02085815	      0.00000000	     -5.55952918	     -5.89064919	      5.68427836	     -0.64121205	     -4.26466675	      8.64954808	     25.29820829	     85.75103503	     -0.87988362	     -8.13031126	     14.42005570	     24.33932406	     78.98644346
      5.06666670	      0.14539808	      5.43684896	    -11.05059683	     -0.61418693	      0.93860689	     -0.13330151	    -17.72886220	     -4.83903443	     -0.88106879	      8.04124228	     13.02847982	      8.64209375	      0.00000000	     19.73590309	      7.90060279	     -4.70819986	      8.92636364	     -1.64225613	     -6.84269529	      0.00000000	     -5.70472696	     -5.67631092	      5.57411515	     -0.74270504	     -4.21524755	      8.64511185	     25.07851556	     85.73346907	     -0.99907347	     -8.06149168	     14.45626592	     24.18683097	     79.02729104
      5.08333330	      1.06475573	      4.91889362	    -10.92080358	     -0.59636080	      0.94042388	     -0.13427023	    -18.44545731	     -4.78587542	     -1.66907923	      9.93351416	     12.19037638	      9.00843270	      0.00000000	     17.72431729	      7.81016504	     -4.22952268	      9.33829555	     -2.46014494	     -7.30926345	      0.00000000	     -6.63338209	     -5.44692826	      5.14361598	     -0.44475328	     -4.06095955	      8.57996084	     24.45035931	     85.66358275	     -0.86899400	     -7.98071954	     14.52613077	     23.62718832	     79.16360687
      5.10000000	      1.40366959	      4.51834680	    -10.76792797	     -0.57838998	      0.94177187	     -0.13546848	    -18.14523020	     -4.81462193	     -2.38830449	     13.06011899	     11.15672123	      8.79622374	      0.00000000	     16.33513295	      7.66518823	     -4.01693224	     10.06466077	     -2.44174306	     -7.34421026	      0.00000000	     -6.70118622	     -5.23521039	      4.94698384	     -0.58715340	     -4.07008690	      8.55856457	     24.27291298	     85.64507765	     -0.98183359	     -7.89268922	     14.56651242	     23.47287618	     79.19732900
      5.11666670	      1.79392831	      4.25820525	    -10.51433357	     -0.56039406	      0.94443602	     -0.13683172	    -17.62910664	     -5.01786770	     -3.09564948	     16.98293926	     10.26634943	      8.46421739	      0.00000000	     14.83268656	      7.71719929	     -3.79614538	     10.74103101	     -1.99878136	     -7.47383599	      0.00000000	     -6.87200989	     -5.17198127	      4.61125817	     -0.66531258	     -4.02597240	      8.51632455	     24.10407802	     85.62069287	     -1.03250859	     -7.84767569	     14.61157464	     23.25765849	     79.23165505
      5.13333330	      2.15987121	      4.26351015	    -10.16708363	     -0.54278123	      0.94755138	     -0.13792926	    -16.59202690	     -5.44120687	     -3.48154328	     21.70900198	     10.21268824	      7.89507844	      0.00000000	     13.32233326	      8.04886073	     -3.68086656	     11.18869820	     -1.12401381	     -7.43814501	      0.00000000	     -7.07176336	     -5.42900882	      4.03118555	     -0.67647220	     -3.80806747	      8.41079385	     23.89225152	     85.56721014	     -1.04934643	     -7.96733756	     14.68910659	     22.87272149	     79.29922689
      5.15000000	      2.43422106	      4.28168563	     -9.76702802	     -0.52590751	      0.95041195	     -0.13879165	    -14.87570963	     -5.79140152	     -3.53105955	     27.04886329	     10.47574482	      7.10862282	      0.00000000	     11.64567172	      8.37759911	     -3.51928609	     10.98544635	      0.01464629	     -6.95400031	      0.00000000	     -7.18945944	     -5.67122553	      3.41618326	     -0.71380686	     -3.59813991	      8.26901027	     23.78310602	     85.50519335	     -1.07411675	     -8.11098633	     14.79948481	     22.59923472	     79.37610927
      5.16666670	      2.56270896	      4.10448783	     -9.33629257	     -0.50973002	      0.95242857	     -0.13951238	    -12.35139815	     -5.80591360	     -3.21420538	     32.89605624	     10.38337463	      5.81919225	      0.00000000	      9.96009955	      8.43388296	     -3.61810140	     10.39157677	      1.65715868	     -5.27820784	      0.00000000	     -7.14452261	     -5.61251501	      2.76463036	     -0.73655788	     -3.42551652	      7.89722565	     23.66549762	     85.35562838	     -1.13099986	     -8.24260155	     15.09025818	     22.44819020	     79.56601353
      5.18333330	      3.13480367	      3.70118981	     -8.80639003	     -0.49429423	      0.95378694	     -0.14031346	     -9.75034003	     -5.61998681	     -3.11753497	     38.91492435	     10.02577722	      4.57613658	      0.00000000	      7.68023622	      8.40558856	     -2.95185563	      9.46037797	      2.89890140	     -4.77393674	      0.00000000	     -7.91471889	     -5.39950959	      1.97169527	     -0.62904479	     -3.38551647	      7.77559640	     23.78938243	     85.30756488	     -0.98211066	     -8.32949882	     15.18160011	     22.32724385	     79.62081099
      5.20000000	      3.49128649	      3.08440678	     -8.30245626	     -0.47927100	      0.95394212	     -0.14075933	     -6.46531945	     -4.98268341	     -2.68381750	     44.67966184	      8.94361060	      2.19868010	      0.00000000	      5.65565655	      8.03235037	     -2.66339832	      8.50392371	      4.31200777	     -3.49784991	      0.00000000	     -8.33887995	     -4.80106598	      1.04679751	     -0.44445845	     -3.40879603	      7.57054228	     24.02794550	     85.21850653	     -1.03083798	     -8.38162734	     15.33056324	     22.30550497	     79.71179622
      5.21666670	      3.94962981	      2.43934335	     -7.73044386	     -0.46531313	      0.95490077	     -0.14172291	     -3.06171266	     -4.34513108	     -2.60728234	     49.83814240	      8.24221996	      0.59662596	      0.00000000	      3.63632434	      7.65544996	     -2.12048020	      7.64448310	      5.61961470	     -2.95151100	      0.00000000	     -9.09404436	     -4.26256505	      0.23434096	     -0.12011376	     -3.42848338	      7.47877018	     24.23836620	     85.17225529	     -0.80727786	     -8.46350201	     15.36409873	     22.25287750	     79.74085144
      5.23333330	      4.12685289	      1.77606162	     -7.09188671	     -0.45122273	      0.95795131	     -0.14318787	      0.48140733	     -3.41173263	     -2.46295684	     53.66501627	      7.53753323	     -1.61337777	      0.00000000	      1.88928901	      7.17113972	     -1.64072526	      6.67989872	      6.70094101	     -1.97618534	      0.00000000	     -9.33422966	     -3.52379904	     -0.75093890	      0.16584870	     -3.49855034	      7.39491589	     24.53093729	     85.11949498	     -0.75094227	     -8.51115147	     15.38688291	     22.18284488	     79.75675919
      5.25000000	      4.10623940	      1.02977284	     -6.27473283	     -0.43469277	      0.96223707	     -0.14555135	      3.57461215	     -2.34652141	     -2.71276193	     55.69844165	      6.93816645	     -3.43797668	      0.00000000	      0.10053155	      6.56347750	     -1.16257639	      5.35774989	      7.38371801	     -0.64270446	      0.00000000	     -9.17518708	     -2.62465657	     -1.67060821	      0.24741045	     -3.61176270	      7.34176058	     24.73140544	     85.06809678	     -0.72623970	     -8.49309055	     15.37619257	     22.14618205	     79.74797235
      5.26666670	      4.12160978	      0.42072830	     -5.56105421	     -0.41692484	      0.96563406	     -0.14789903	      6.17254655	     -1.51398013	     -3.08421465	     56.43197020	      6.87332502	     -4.07908387	      0.00000000	     -1.81041301	      6.12742330	     -0.48095019	      3.94192245	      7.74839424	      0.16395616	      0.00000000	     -9.09437442	     -1.93968457	     -2.16119803	      0.37723218	     -3.80844320	      7.28970813	     24.81773052	     85.04626901	     -0.45470087	     -8.41520977	     15.36926023	     22.20853647	     79.74201054
      5.28333330	      3.98454545	     -0.28570419	     -4.58901829	     -0.39864243	      0.96790222	     -0.14964406	      8.17213162	     -0.40689398	     -3.63994744	     55.49757953	      5.69369238	     -6.19771066	      0.00000000	     -3.63431105	      5.45344036	     -0.42516637	      2.64197091	      8.38724922	      2.28166235	      0.00000000	     -8.52950069	     -0.98452201	     -3.61571531	      0.29239919	     -3.81069466	      7.22522535	     25.11990548	     84.96546173	     -0.82307990	     -8.41848872	     15.30962968	     21.88684531	     79.66836890
      5.30000000	      3.87912832	     -0.89784746	     -3.75719583	     -0.38243207	      0.96974849	     -0.15103195	      9.91435567	      0.53899333	     -4.22059915	     53.75791923	      5.02069947	     -7.19499760	      0.00000000	     -5.44333845	      4.87978483	     -0.15820750	      1.47904662	      8.87313698	      3.74231368	      0.00000000	     -8.03094114	     -0.23596710	     -4.47641566	      0.14451343	     -3.91440503	      7.19877764	     25.27223232	     84.90119760	     -0.94291242	     -8.36230424	     15.18245296	     21.77810342	     79.56166799
      5.31666670	      3.77998739	     -1.43404519	     -2.92210489	     -0.36754343	      0.97202343	     -0.15241894	     11.37319276	      1.46119087	     -4.75215808	     51.00150478	      4.27836150	     -8.15260956	      0.00000000	     -7.05506057	      4.34356607	      0.08314741	      0.60387177	      9.29298660	      4.98513977	      0.00000000	     -7.51165205	      0.39836495	     -5.38888529	     -0.00864564	     -3.98309508	      7.18049184	     25.53559234	     84.83238520	     -1.12949527	     -8.32025004	     15.00767784	     21.65409907	     79.41611620
      5.33333330	      3.61134516	     -1.89904110	     -2.08732880	     -0.35274570	      0.97443735	     -0.15384021	     12.58329938	      2.30922276	     -5.26315875	     47.04138912	      3.63401981	     -8.76508280	      0.00000000	     -8.25081535	      3.84243823	      0.36957591	      0.00000000	      9.43325423	      5.89209569	      0.00000000	     -7.00232258	      0.98980163	     -6.28364472	     -0.20061094	     -4.05336943	      7.14836918	     25.84373173	     84.77625762	     -1.29518547	     -8.32270765	     14.85562902	     21.58412292	     79.28798104
      5.35000000	      3.43655381	     -2.19769469	     -1.21024416	     -0.33766781	      0.97673882	     -0.15495026	     13.51284547	      2.96073905	     -5.65764262	     42.03689006	      3.18171572	     -9.19081303	      0.00000000	     -8.89284885	      3.46238945	      0.61574956	      0.00000000	      9.51587326	      6.60967000	      0.00000000	     -6.50576170	      1.38462882	     -7.20113405	     -0.42288648	     -4.05924399	      7.10253426	     26.21737064	     84.72538668	     -1.42889484	     -8.36363748	     14.70562194	     21.58626202	     79.15953792
      5.36666670	      3.25230461	     -2.29685008	     -0.35365278	     -0.32198370	      0.97857220	     -0.15554434	     14.14299576	      3.35307149	     -5.87483435	     36.26263636	      3.08437091	     -9.21335687	      0.00000000	     -9.34972417	      3.25308784	      0.85791006	      0.00000000	      9.17053042	      7.05123195	      0.00000000	     -5.96341467	      1.53733628	     -7.87137585	     -0.76045469	     -4.04226322	      7.06184334	     26.45708420	     84.69866929	     -1.50996075	     -8.39153683	     14.63657457	     21.65239418	     79.09079539
      5.38333330	      3.17515102	     -2.18023885	      0.51641824	     -0.30638332	      0.97911487	     -0.15558975	     14.34256456	      3.44552382	     -5.91272706	     30.09589584	      2.54851682	     -9.01099976	      0.00000000	     -9.84183644	      3.21011662	      1.12944307	      0.00000000	      8.84988219	      7.32605048	      0.00000000	     -5.56963667	      1.42078633	     -8.74718782	     -1.04342588	     -3.88548426	      6.99387383	     26.87944802	     84.66831988	     -1.69207170	     -8.55727278	     14.57056949	     21.65982132	     79.01178698
      5.40000000	      3.22845818	     -1.83308762	      1.28746612	     -0.29180227	      0.97663211	     -0.15495411	     14.30684627	      3.20780694	     -5.82749421	     24.17983658	      1.78650664	     -8.70615073	      0.00000000	    -10.43505348	      3.37279726	      1.38173986	      0.00000000	      8.84092567	      7.30844308	      0.00000000	     -5.41435427	      0.99943889	     -9.50919793	     -1.26746610	     -3.65997000	      6.92425077	     27.34516740	     84.64354840	     -1.87166314	     -8.78879399	     14.50589909	     21.71756404	     78.92399689
      5.41666670	      3.39798041	     -1.35595183	      1.88586488	     -0.27796510	      0.97166887	     -0.15391492	     14.21962050	      2.77528145	     -5.67487896	     18.74497646	      1.18087057	     -8.38995768	      0.00000000	    -11.16168816	      3.66219741	      1.69015054	      0.00000000	      9.58564021	      7.04966510	      0.00000000	     -5.48050553	      0.41236724	    -10.09112872	     -1.40528089	     -3.41827536	      6.86290757	     27.79705785	     84.62487234	     -1.99243233	     -9.05473148	     14.44411820	     21.86643174	     78.82722469
      5.43333330	      3.46281150	     -0.70108996	      2.23402935	     -0.26407121	      0.96718065	     -0.15263601	     14.41682843	      2.16699948	     -5.14918096	     13.93108159	      1.48105919	     -8.05432893	      0.00000000	    -11.85230711	      4.14907005	      1.85808885	      0.00000000	     10.70592898	      6.71208391	      0.00000000	     -5.34228168	     -0.46296872	    -10.30853126	     -1.60906176	     -3.09255389	      6.88712517	     27.97428379	     84.62459059	     -2.01417825	     -9.42355174	     14.39132144	     21.93092859	     78.78122094
      5.45000000	      3.80325018	     -0.44192497	      2.73818187	     -0.25041572	      0.96573909	     -0.15255471	     14.10072092	      1.88108350	     -5.02253670	      9.00229752	      1.77188752	     -7.06500146	      0.00000000	    -12.95594705	      4.15775504	      2.59277215	      0.00000000	     12.84784773	      6.27521537	      0.00000000	     -5.79630551	     -0.66205208	    -10.77727781	     -1.51510500	     -3.02577877	      6.79752715	     28.32014680	     84.60005403	     -1.97282581	     -9.51254332	     14.41527910	     22.26798827	     78.68500937
      5.46666670	      4.33199772	     -0.17057165	      3.26331873	     -0.23717511	      0.96473119	     -0.15220492	     13.59204751	      1.53509911	     -5.21699013	      4.63346121	      3.24286501	     -4.57395246	      0.00000000	    -14.41365097	      4.12132871	      3.30793422	      0.00000000	     14.59725654	      5.94789238	      0.00000000	     -6.57003020	     -0.92768311	    -11.23637549	     -1.41977898	     -2.82888683	      6.69839062	     28.67182571	     84.56401505	     -1.90676196	     -9.82269466	     14.49348712	     22.88794088	     78.46606162
      5.48333330	      4.33573389	     -0.15237763	      3.69045023	     -0.22369349	      0.96039068	     -0.15171922	     13.71783239	      1.40604517	     -5.25774250	      1.05545326	      4.32877989	     -2.21759995	      0.00000000	    -15.42883514	      3.87263848	      3.96806526	      0.00000000	     16.69345584	      5.95915495	      0.00000000	     -6.61006907	     -0.87637638	    -11.47447811	     -1.41228538	     -2.84245230	      6.67721832	     28.75048039	     84.54849636	     -1.80404843	     -9.93311624	     14.62052293	     23.29262983	     78.25733670
      5.50000000	      4.04773974	     -0.17236995	      3.68805087	     -0.21168321	      0.95340085	     -0.15077882	     15.05958915	      1.27807900	     -4.48981178	      0.00000000	      5.26458802	     -1.58148824	      0.00000000	    -16.10874516	      3.78001399	      4.50883011	      0.00000000	     18.52963539	      5.82541114	      0.00000000	     -6.56467584	     -0.72271479	    -11.38872343	     -1.10693719	     -2.90365635	      6.67656955	     28.83733999	     84.54902033	     -1.58852533	     -9.91554592	     14.63792179	     23.44869163	     78.22493807
      5.51666670	      3.64040462	     -0.45981006	      3.63819839	     -0.20009140	      0.94676091	     -0.15029049	     16.57847230	      1.45933468	     -4.22091780	      0.00000000	      6.20260328	     -0.88269340	      0.00000000	    -16.61647370	      3.48690514	      4.84399851	      0.00000000	     20.00015920	      5.84843826	      0.00000000	     -6.27138887	     -0.21536167	    -11.22849734	     -0.94133511	     -3.14098103	      6.69761352	     28.84264860	     84.55501980	     -1.32359486	     -9.74134856	     14.67903104	     23.74032885	     78.18996311
      5.53333330	      2.97413338	     -0.97254000	      3.71330966	     -0.18738148	      0.94200233	     -0.15002653	     17.84295833	      1.92639210	     -4.65189454	      0.00000000	      6.69427035	      0.51183544	      0.00000000	    -16.82326196	      2.91189100	      4.72954064	      0.00000000	     20.85691101	      6.39313623	      0.00000000	     -5.63350875	      0.38666941	    -10.96980354	     -1.00117273	     -3.43393308	      6.95135613	     28.79508493	     84.59584389	     -1.17440211	     -9.55657619	     14.82069321	     24.13003617	     78.07282129
      5.55000000	      2.75585449	     -1.63582156	      3.84944237	     -0.17307873	      0.93962140	     -0.14990143	     18.08182174	      2.66438517	     -4.38626711	      0.00000000	      6.55454539	      0.41696376	      0.00000000	    -17.48305290	      2.11451562	      4.90604657	      0.00000000	     21.36439523	      6.38945199	      0.00000000	     -5.47509047	      1.36804094	    -11.02350549	     -0.83577797	     -3.76364782	      6.95771762	     28.73550649	     84.59701329	     -1.05664105	     -9.21034372	     14.89080917	     24.24562515	     78.05541278
      5.56666670	      2.61465255	     -2.37607840	      4.05886367	     -0.15676655	      0.93777130	     -0.14911590	     17.77163708	      3.59161605	     -4.08080920	      0.00000000	      6.15853857	     -0.11467573	      0.00000000	    -18.21015610	      1.14743190	      4.94104091	      0.00000000	     22.09721488	      6.30792232	      0.00000000	     -5.22769722	      2.40783932	    -11.08636106	     -0.79258650	     -4.10947169	      7.00279546	     28.57893031	     84.60576797	     -1.05579541	     -8.80927523	     14.96915141	     24.30045428	     78.03524731
      5.58333330	      2.78366795	     -3.05973751	      4.36203221	     -0.14063728	      0.93649183	     -0.14773243	     16.84324751	      4.57181674	     -2.76897424	      0.00000000	      4.72447438	     -2.80425445	      0.00000000	    -19.33011910	      0.14498940	      4.67290368	      0.00000000	     23.19604631	      6.86116994	      0.00000000	     -5.36301677	      3.40918243	    -11.40870919	     -0.48417934	     -4.32935028	      7.42258660	     28.23318314	     84.68199135	     -0.96658711	     -8.53371301	     15.03275110	     24.07186484	     77.91856161
      5.60000000	      2.48735452	     -3.92292693	      4.68699061	     -0.12403331	      0.93475252	     -0.14654155	     16.33031599	      5.74648242	     -1.83131425	      0.16421322	      3.41066623	     -4.79169826	      0.00000000	    -20.22158841	     -1.02621724	      4.31422793	      0.00000000	     24.13715006	      7.45788937	      0.00000000	     -4.67996434	      4.62129634	    -11.71336868	     -0.46697836	     -4.67649807	      7.86239269	     27.91512659	     84.76288649	     -1.20058876	     -8.11856772	     15.04539747	     23.97750709	     77.77312508
      5.61666670	      1.94903788	     -4.78472793	      4.82954187	     -0.10772648	      0.93188956	     -0.14531813	     16.65212058	      6.92207430	     -1.34312211	      1.66954773	      2.46594951	     -6.25885654	      0.00000000	    -21.08249490	     -2.08236091	      4.05591450	      0.00000000	     24.98596634	      7.78415133	      0.00000000	     -3.76176619	      5.79680801	    -11.97328035	     -0.51498810	     -5.03575011	      8.17107953	     27.80107744	     84.82550121	     -1.58306418	     -7.71439064	     14.98093063	     23.92239456	     77.64088704
      5.63333330	      1.59515517	     -5.64564636	      4.96301028	     -0.09194631	      0.92790106	     -0.14453468	     16.77738866	      8.06845037	     -1.55101070	      3.16876545	      1.79813180	     -6.74632223	      0.00000000	    -22.07940065	     -3.06991033	      4.03757056	      0.00000000	     25.69444683	      7.62411659	      0.00000000	     -3.20440496	      7.00372700	    -12.05815133	     -0.57351138	     -5.40741563	      8.17295611	     27.73484827	     84.83073256	     -1.82372655	     -7.30686628	     15.00948863	     23.94557430	     77.62245680
      5.65000000	      1.17384541	     -6.23358386	      5.01203690	     -0.07705282	      0.92413451	     -0.14355688	     16.82863733	      8.93255725	     -0.90236588	      4.27826554	     -0.09513218	     -8.88822335	      0.00000000	    -22.72621890	     -3.72221477	      3.94730791	      0.00000000	     26.29246168	      7.59130470	      0.00000000	     -2.46046216	      7.89299206	    -12.33216267	     -0.70390573	     -5.72966344	      8.49641657	     27.89381651	     84.92096132	     -2.29592243	     -6.95493551	     14.77537107	     23.79659755	     77.46478034
      5.66666670	      1.08789184	     -6.44866494	      5.01576411	     -0.06333940	      0.92327012	     -0.14233354	     16.60775163	      9.35647603	     -1.03253963	      5.46198635	     -0.84848063	     -9.06941049	      0.00000000	    -23.06014367	     -3.98166651	      3.72069379	      0.85675114	     26.66372700	      7.22178740	      0.00000000	     -2.28853664	      8.37728631	    -12.21717079	     -0.72625257	     -5.91754044	      8.51777380	     27.82285289	     84.93057938	     -2.52142753	     -6.71482735	     14.77030790	     23.76802963	     77.44432061
      5.68333330	      1.16981555	     -6.26856206	      5.00731492	     -0.04891329	      0.92500284	     -0.14038794	     16.07566038	      9.40228385	     -0.83714249	      6.43629196	     -1.89919992	     -9.32321154	      0.00000000	    -22.83101898	     -3.88981416	      3.14289076	      2.92397652	     26.45570478	      6.69463709	      0.00000000	     -2.33035990	      8.34478263	    -12.09320714	     -0.78929544	     -6.00380426	      8.56921675	     27.72946386	     84.94681912	     -2.72861920	     -6.58323267	     14.73650145	     23.66612353	     77.41410498
      5.70000000	      1.29628356	     -5.74445541	      4.84391249	     -0.03294839	      0.92746069	     -0.13807193	     15.28829093	      9.13119217	      0.24565663	      7.16320140	     -3.53778991	    -10.83236832	      0.00000000	    -22.03408589	     -3.51223305	      1.95172695	      6.42728956	     25.41415249	      5.92571120	      0.00000000	     -2.36893986	      7.92049623	    -11.58228908	     -0.95189306	     -6.03892714	      8.77079217	     27.30803151	     85.00264821	     -2.94596971	     -6.41643948	     14.57632712	     23.38563477	     77.30649773
      5.71666670	      1.60718280	     -5.30875237	      4.63598692	     -0.01695629	      0.92952367	     -0.13587941	     14.15707926	      8.94391563	      0.82868431	      7.64439387	     -4.16583614	    -10.85143791	      0.00000000	    -20.43314809	     -3.43751222	     -0.22106706	     12.14825005	     23.70057464	      5.47692496	      0.00000000	     -2.60052136	      7.64877205	    -11.23352674	     -1.03547717	     -6.07895510	      8.86379856	     27.13228057	     85.02441564	     -3.22989645	     -6.32233131	     14.54209946	     23.18496101	     77.25506648
      5.73333330	      1.78078924	     -5.12655435	      4.27826667	     -0.00155613	      0.93069171	     -0.13329036	     13.01362796	      9.01022575	      1.51546835	      7.75343648	     -4.22886193	    -10.79187911	      0.00000000	    -17.65251941	     -3.90931982	     -2.85655986	     19.96524373	     21.79236426	      5.07029230	      0.00000000	     -2.71848327	      7.66579675	    -10.59363776	     -1.25093280	     -6.22976028	      8.95841157	     27.02038292	     85.04226991	     -3.50240924	     -6.18855214	     14.50890398	     23.07799835	     77.20811940
      5.75000000	      1.74844195	     -5.10667643	      3.71819043	      0.01372937	      0.93245704	     -0.12993335	     11.90484755	      9.23843639	      2.15691755	      7.42432942	     -3.82355153	    -10.54333078	      0.00000000	    -14.06128893	     -4.72320792	     -5.25694485	     28.38149901	     19.98390298	      4.28269280	      0.00000000	     -2.76504075	      7.85294866	     -9.76910088	     -1.55022321	     -6.44396582	      9.05262046	     27.06582361	     85.05387737	     -3.83074233	     -6.05289439	     14.45407317	     23.04218993	     77.15996949
      5.76666670	      1.71893862	     -4.96245835	      3.01325248	      0.02965287	      0.93600068	     -0.12619753	     10.56832489	      9.33679793	      2.66622018	      6.65169240	     -3.15368979	    -10.10130560	      0.00000000	    -10.21577969	     -5.43087302	     -7.08637980	     36.23608224	     18.18048960	      2.69382925	      0.00000000	     -2.93306205	      7.87551828	     -8.79393210	     -1.78371463	     -6.61176286	      9.14080006	     27.17695200	     85.05552502	     -4.14722276	     -5.98773256	     14.35513942	     23.06227671	     77.10729376
      5.78333330	      1.96021064	     -4.60449429	      2.26440629	      0.04601359	      0.93986175	     -0.12295580	      8.69758844	      9.18174250	      3.03737431	      5.49208268	     -2.50837314	     -9.61043878	      0.00000000	     -6.57654962	     -5.94473884	     -8.48893578	     43.07245329	     16.26769065	      1.05702526	      0.00000000	     -3.54571854	      7.71066839	     -7.86956339	     -1.75977762	     -6.72318984	      9.18664647	     27.16267424	     85.05202689	     -4.41302058	     -5.97675218	     14.27488937	     23.08263194	     77.07200542
      5.80000000	      1.93908221	     -3.80280543	      1.62863756	      0.06154386	      0.94216583	     -0.12007054	      6.99131600	      8.52273255	      3.07758066	      4.09762471	     -1.75437074	     -8.46541055	      0.00000000	     -2.56243138	     -5.88431604	     -9.08328564	     48.78044964	     13.85527826	     -1.63402169	      0.00000000	     -3.54447927	      6.74629953	     -6.82180293	     -1.98437661	     -6.60239006	      9.26634711	     27.21241167	     85.02243972	     -4.67103970	     -6.23574517	     14.07922290	     23.14850899	     77.00419922
      5.81666670	      2.13677208	     -2.89121760	      1.09313126	      0.07512093	      0.94369791	     -0.11794522	      5.02120410	      7.68163961	      2.93993072	      2.48248795	     -1.07952963	     -7.23136956	      0.00000000	      1.29233296	     -5.67472978	     -9.42178846	     53.61065144	     11.58065968	     -3.68110551	      0.00000000	     -3.87748041	      5.73605972	     -5.95545062	     -1.93365343	     -6.46350935	      9.27121091	     27.12659598	     84.96178972	     -4.78041648	     -6.50772451	     13.92318560	     23.16758390	     76.94573808
      5.83333330	      2.28445083	     -1.91221424	      0.72656716	      0.08681150	      0.94573914	     -0.11604579	      3.17755476	      6.71643075	      2.62700285	      0.76249493	     -0.55574248	     -5.93032860	      0.00000000	      5.09025984	     -5.23845660	     -9.48885594	     57.34347826	      9.42061946	     -5.18307842	      0.00000000	     -4.14246235	      4.61594324	     -5.20234342	     -1.83806208	     -6.28831155	      9.24434918	     26.97602739	     84.88145698	     -4.75007589	     -6.83795877	     13.80557701	     23.20138869	     76.89533770
      5.85000000	      2.11444492	     -0.94032346	      0.36430487	      0.09743364	      0.94915169	     -0.11396735	      2.22242787	      5.72468023	      2.08300638	      0.00000000	      0.40294798	     -4.60549357	      0.00000000	      8.80087933	     -4.57841564	     -9.57102062	     59.67023531	      7.56594719	     -6.08834002	      0.00000000	     -4.02914782	      3.45497700	     -4.37068996	     -1.77798147	     -6.12273195	      9.20099005	     26.82307135	     84.79221838	     -4.59725629	     -7.17295377	     13.72054159	     23.27950687	     76.85248649
      5.86666670	      1.75549420	     -0.07500212	      0.06632155	      0.10850300	      0.95431445	     -0.11179987	      1.84711684	      4.81536921	      1.31827073	      0.00000000	      1.56383144	     -3.11844730	      0.00000000	     12.10365183	     -3.77628780	     -9.63838175	     60.45152715	      6.18180667	     -6.53317359	      0.00000000	     -3.75302807	      2.40831635	     -3.59973816	     -1.80754616	     -5.98224461	      9.10083565	     26.70118620	     84.67556624	     -4.40548486	     -7.46767604	     13.69142682	     23.29435258	     76.81909214
      5.88333330	      1.47260718	      0.66536505	     -0.17966104	      0.12107283	      0.95898833	     -0.10984931	      1.36515336	      4.02244841	      0.56610075	      0.00000000	      2.47882583	     -1.74913961	      0.00000000	     14.67945168	     -2.86417451	     -9.66085294	     59.82946905	      5.37075154	     -6.40625246	      0.00000000	     -3.50060045	      1.49736613	     -2.87170357	     -1.88607372	     -5.87492731	      8.95626583	     26.64336302	     84.54424529	     -4.19475935	     -7.70326118	     13.70987956	     23.26934714	     76.79371995
      5.90000000	      1.38448403	      1.28052727	     -0.41556359	      0.13403760	      0.96211035	     -0.10836012	      0.66395947	      3.37493497	      0.25824088	      0.00000000	      2.78731152	     -1.31281864	      0.00000000	     16.54286372	     -1.86367883	     -9.56703104	     58.13672396	      5.21765444	     -5.80575696	      0.00000000	     -3.44380758	      0.71837174	     -2.37740528	     -1.91333116	     -5.77442106	      8.93655002	     26.65634817	     84.50858559	     -4.08331644	     -7.92046972	     13.67432848	     23.27061676	     76.77554272
      5.91666670	      1.20303563	      1.67772584	     -0.74599572	      0.14673708	      0.96333228	     -0.10742370	      0.09250938	      2.96648659	      0.07492889	      0.00000000	      2.87387935	     -0.56134892	      0.00000000	     18.10829988	     -0.93332963	     -9.41677472	     55.56904112	      5.61795982	     -5.18605734	      0.00000000	     -3.20110207	      0.21005770	     -1.72872382	     -2.05618213	     -5.78964323	      8.89917053	     26.60374309	     84.46715105	     -4.01775926	     -7.98043378	     13.64292704	     23.27290868	     76.75329569
      5.93333330	      1.03192857	      1.72919138	     -1.11424779	      0.15945987	      0.96338538	     -0.10683917	     -0.48096989	      2.95432820	     -0.19839156	      0.00000000	      2.95534238	      0.61299251	      0.00000000	     19.27187278	     -0.32880136	     -9.17929911	     52.22970153	      6.27969253	     -4.22486020	      0.00000000	     -2.84795954	      0.18013040	     -0.87145763	     -2.32231684	     -5.97421975	      8.73610822	     26.50243341	     84.34935839	     -3.83424923	     -7.79407202	     13.63988893	     23.10420700	     76.70947373
      5.95000000	      0.92287579	      1.64160714	     -1.41329743	      0.17227464	      0.96241095	     -0.10644536	     -1.14280065	      3.11163557	     -0.32398730	      0.00000000	      2.47231412	      0.84834148	      0.00000000	     19.86010225	      0.21889952	     -8.81257494	     47.91923470	      6.69991514	     -3.84829689	      0.00000000	     -2.49710588	      0.34681506	     -0.55422909	     -2.50817843	     -6.09955236	      8.68855392	     26.48317263	     84.31160797	     -3.99675228	     -7.65427893	     13.65302532	     23.00301499	     76.69294645
      5.96666670	      0.77112546	      1.48117064	     -1.76605392	      0.18420184	      0.96093925	     -0.10577881	     -1.79454764	      3.36766105	     -0.40092116	      0.00000000	      2.16857628	      1.03005276	      0.00000000	     20.04061227	      0.65083081	     -8.55095735	     42.81633454	      6.56189346	     -3.26612555	      0.00000000	     -2.01676121	      0.56340316	     -0.09017964	     -2.77040796	     -6.23262522	      8.66327817	     26.46873850	     84.27207120	     -4.11496126	     -7.49729335	     13.64206288	     22.91111440	     76.66350461
      5.98333330	      0.61962460	      1.27611944	     -2.17275524	      0.19398493	      0.96057534	     -0.10508684	     -2.40017969	      3.64184921	     -0.33902680	      0.00000000	      2.06562532	      1.16847242	      0.00000000	     19.98426704	      1.04525707	     -8.27768181	     37.34055653	      6.19532030	     -2.70652435	      0.00000000	     -1.63285312	      0.85114116	      0.39531739	     -3.01155085	     -6.38547261	      8.65738531	     26.53223608	     84.23033409	     -4.20162520	     -7.32915533	     13.62854500	     22.86327187	     76.62857837
      6.00000000	      0.47528874	      1.01950256	     -2.67871890	      0.20163561	      0.96256595	     -0.10451696	     -2.82881693	      3.92469489	     -0.15885452	      0.00000000	      1.95298700	      1.28986869	      0.00000000	     19.82633838	      1.37310071	     -7.89278798	     31.64675670	      5.52569216	     -2.06111102	      0.00000000	     -1.50814103	      1.22084928	      0.88040747	     -3.16108993	     -6.55712033	      8.68711531	     26.68477000	     84.19357200	     -4.23714937	     -7.15603312	     13.62113380	     22.91894813	     76.59688020
      6.01666670	      0.37652321	      0.64584163	     -3.26240853	      0.20870320	      0.96434474	     -0.10406587	     -3.10618520	      4.29162390	      0.09779482	      0.00000000	      1.87168022	      1.37239920	      0.00000000	     19.62291797	      1.50714988	     -7.32009644	     26.05197849	      4.68205710	     -1.32646150	      0.00000000	     -1.69203586	      1.72607921	      1.39127552	     -3.15047000	     -6.76099128	      8.76119921	     26.90742827	     84.16486451	     -4.15669138	     -6.97057909	     13.62215143	     23.10910973	     76.57457773
      6.03333330	      0.34604735	      0.15277181	     -3.82384264	      0.21670479	      0.96305085	     -0.10346046	     -3.32784861	      4.75223507	      0.34398842	      0.00000000	      2.02130024	      1.34236653	      0.00000000	     19.38425082	      1.40175941	     -6.52739738	     20.95863557	      3.83213126	     -0.47229504	      0.00000000	     -2.12277739	      2.33642190	      1.87540988	     -3.05527611	     -6.97849266	      8.87670509	     27.15304997	     84.14436785	     -3.98104607	     -6.78507260	     13.63584351	     23.39044332	     76.56649069
      6.05000000	      0.41698429	     -0.34257808	     -4.24172705	      0.22656197	      0.96003097	     -0.10257297	     -3.63438453	      5.20608701	      0.59183602	      0.00000000	      2.66548341	      1.16584808	      0.00000000	     19.02625074	      1.19178522	     -5.58173210	     16.65079915	      3.22413378	      0.34756309	      0.00000000	     -2.72033578	      2.88067960	      2.26349298	     -2.93590343	     -7.15863780	      9.02390695	     27.41146272	     84.12467480	     -3.70501191	     -6.65047207	     13.66488974	     23.70047899	     76.57372016
      6.06666670	      0.60521999	     -0.74238737	     -4.46833962	      0.23832705	      0.95750357	     -0.10179316	     -4.20352823	      5.53881675	      0.79133268	      0.00000000	      3.72765458	      0.86407373	      0.00000000	     18.50834856	      1.05651256	     -4.54557030	     13.18820657	      2.91695726	      0.99860690	      0.00000000	     -3.33809280	      3.23264515	      2.46237250	     -2.82908406	     -7.25468038	      9.16646697	     27.61536096	     84.09929485	     -3.41546975	     -6.57724721	     13.71716120	     23.92512899	     76.59494698
      6.08333330	      0.88608795	     -0.98587996	     -4.55557926	      0.25034877	      0.95604595	     -0.10110841	     -5.04636722	      5.70837378	      0.96374313	      0.00000000	      5.11221576	      0.47683146	      0.00000000	     17.79797813	      1.08196592	     -3.55967916	     10.38298239	      2.73492839	      1.35887340	      0.00000000	     -3.91969465	      3.33475182	      2.50127324	     -2.73672370	     -7.23496709	      9.28992639	     27.70358077	     84.06677429	     -3.14298096	     -6.57526208	     13.78715799	     24.02322714	     76.62351799
      6.10000000	      1.20392852	     -1.05294335	     -4.54183486	      0.26135239	      0.95398267	     -0.10026990	     -6.04416779	      5.71417397	      1.20036800	      0.00000000	      6.86350410	      0.12225564	      0.00000000	     16.95788063	      1.29117015	     -2.70866877	      8.18921652	      2.57383867	      1.29824357	      0.00000000	     -4.39543577	      3.17909123	      2.41386255	     -2.63506727	     -7.10630425	      9.39154511	     27.66915977	     84.02326311	     -2.88569347	     -6.65199113	     13.88376321	     24.02839048	     76.65855229
      6.11666670	      1.64354543	     -0.94210897	     -4.45043189	      0.27183717	      0.95135247	     -0.09961197	     -7.25352902	      5.53151619	      1.39467374	      0.00000000	      8.95978594	      0.20509935	      0.00000000	     15.85817830	      1.72464850	     -1.92886012	      6.53946953	      2.21426361	      0.50546424	      0.00000000	     -4.93630393	      2.84000325	      2.19073544	     -2.50888850	     -6.92939493	      9.49849259	     27.39879474	     83.92235952	     -2.63842896	     -6.77736165	     14.13431483	     23.99499511	     76.73153056
      6.13333330	      1.50452632	     -0.64932839	     -4.23774335	      0.28300882	      0.94791190	     -0.09937835	     -7.83642514	      5.22657246	      1.67432130	      0.00000000	     11.06708805	     -0.19325075	      0.00000000	     15.46729468	      2.30299594	     -1.64273405	      5.81297101	      2.37825267	      0.21216837	      0.00000000	     -4.53456102	      2.27411436	      1.96104101	     -2.74913801	     -6.64421036	      9.55705756	     27.31347199	     83.90286089	     -2.55078596	     -6.99852214	     14.17061299	     23.97362702	     76.74427047
      6.15000000	      1.80767000	     -0.30349865	     -4.09321873	      0.29399989	      0.94607207	     -0.09979938	     -8.87373440	      4.78778599	      1.55702479	      0.00000000	     13.18152210	      0.62318550	      0.00000000	     14.44100304	      3.03141023	     -1.07284145	      5.32655142	      1.47222428	     -1.63438870	      0.00000000	     -4.74152871	      1.61231669	      1.55011938	     -2.47978371	     -6.28933164	      9.58336745	     26.71020287	     83.73010017	     -2.36179410	     -7.29526162	     14.65557092	     23.98628363	     76.85373284
      6.16666670	      1.80732024	     -0.02510957	     -4.04078119	      0.30502754	      0.94454060	     -0.10052883	     -9.58373763	      4.42694592	      1.62178971	      0.00000000	     14.64935046	      0.83921772	      0.00000000	     13.74069534	      3.65794977	     -0.88638576	      5.24895239	      0.95797298	     -2.56842044	      0.00000000	     -4.42032954	      1.11143823	      1.23734729	     -2.51794871	     -6.02927929	      9.64048756	     26.41986976	     83.59693739	     -2.37750960	     -7.53357655	     15.00986468	     23.97265787	     76.91454136
      6.18333330	      1.90282673	      0.21361914	     -4.01603592	      0.31568517	      0.94346571	     -0.10108642	    -10.42927720	      4.10740243	      1.54262152	      0.00000000	     15.59654205	      1.05665060	      0.00000000	     12.88590202	      4.23388182	     -0.68409753	      5.16481497	      0.30944012	     -3.58335363	      0.00000000	     -4.27156005	      0.62409509	      0.95200826	     -2.49899071	     -5.79093782	      9.70920602	     26.08479875	     83.44064662	     -2.26374831	     -7.77990756	     15.41659229	     24.00217400	     76.96805152
      6.20000000	      1.82118143	      0.40011914	     -4.04823445	      0.32636905	      0.94224110	     -0.10128652	    -11.11952474	      3.86010288	      1.66913382	      0.00000000	     16.16304861	      1.02129524	      0.00000000	     12.25003844	      4.65768198	     -0.67149566	      5.10686169	     -0.00628743	     -3.87304304	      0.00000000	     -3.87551351	      0.21143789	      0.71785869	     -2.63791128	     -5.58162455	      9.75269176	     25.99561248	     83.39819874	     -2.20147184	     -7.99517641	     15.52742703	     23.98852582	     76.98144728
      6.21666670	      2.21572886	      0.39229050	     -4.08176132	      0.33608536	      0.94220364	     -0.10176063	    -12.32748398	      3.77829260	      1.83403064	      0.00000000	     16.59480616	      1.24775437	      0.00000000	     11.06411219	      4.86464685	     -0.30520467	      4.86569105	     -0.92166350	     -4.81410195	      0.00000000	     -4.29301815	     -0.01413631	      0.32455336	     -2.41024630	     -5.42423594	      9.80653899	     25.57567536	     83.25337289	     -1.97986754	     -8.23896758	     16.03085979	     24.04413157	     77.04904099
      6.23333330	      2.33630786	      0.31556213	     -4.15438996	      0.34525206	      0.94237272	     -0.10255509	    -12.86611288	      3.77097390	      1.81639814	      0.73509163	     17.22661906	      1.50691945	      0.00000000	     10.32063879	      4.90767625	      0.08157419	      4.91199919	     -1.41156919	     -5.53972467	      0.00000000	     -4.34707478	     -0.11733765	      0.07957507	     -2.28264818	     -5.25046157	      9.93737209	     25.24206139	     83.08123473	     -1.80117437	     -8.50436251	     16.65563791	     24.14062475	     77.11323439
      6.25000000	      2.33813537	      0.23925725	     -4.27722114	      0.35457871	      0.94162963	     -0.10337203	    -12.76426580	      3.72421473	      1.66994917	      2.57384469	     17.81748826	      1.33880073	      0.00000000	      9.73398146	      4.89181933	      0.23639521	      5.08031199	     -1.37980540	     -5.69119305	      0.00000000	     -4.31718828	     -0.23734686	     -0.11736823	     -2.24661374	     -5.17391951	      9.96834921	     25.20523512	     83.03890185	     -1.62795905	     -8.62184247	     16.78992258	     24.18179112	     77.12340401
      6.26666670	      2.34907827	      0.11955125	     -4.43470252	      0.36460820	      0.94030141	     -0.10392054	    -12.37174779	      3.63447589	      0.91712157	      5.12074638	     19.16505783	      2.48923285	      0.00000000	      9.07691842	      4.83406629	      0.53807719	      5.27160088	     -1.55005959	     -6.42742450	      0.00000000	     -4.26998725	     -0.27520100	     -0.31039261	     -2.17854924	     -5.09774203	     10.13440569	     24.87653571	     82.80678661	     -1.55184717	     -8.84506236	     17.59330663	     24.39607496	     77.16743130
      6.28333330	      2.48381039	     -0.07167108	     -4.52645397	      0.37453914	      0.94100132	     -0.10455607	    -11.92507650	      3.58040996	      0.43628273	      7.90545157	     19.47194652	      2.25861840	      0.00000000	      8.17497397	      4.71429569	      0.68859334	      5.25681444	     -1.28146895	     -6.51106189	      0.00000000	     -4.40302370	     -0.25585978	     -0.54475082	     -2.12486357	     -5.02552288	     10.17813309	     24.88182175	     82.73748443	     -1.43113166	     -8.93188694	     17.76392630	     24.42597234	     77.15938715
      6.30000000	      2.52265666	     -0.34961629	     -4.72157516	      0.38438238	      0.94465842	     -0.10571756	    -11.11834381	      3.50590493	     -0.34145814	     10.94660054	     19.96140744	      3.01169839	      0.00000000	      7.14386881	      4.50842610	      0.77217617	      4.77548612	     -0.87313436	     -6.52784234	      0.00000000	     -4.34269488	     -0.12616144	     -0.66924471	     -2.08470553	     -5.00330396	     10.31765819	     24.77608724	     82.54742230	     -1.43417792	     -9.01803807	     18.20341477	     24.61953541	     77.11670545
      6.31666670	      2.62203047	     -0.66597537	     -4.83130070	      0.39366153	      0.94957836	     -0.10750245	    -10.23571403	      3.42817346	     -1.02764222	     13.85746960	     19.49183292	      3.00517634	      0.00000000	      6.02067402	      4.29686637	      0.89460891	      4.19356975	     -0.47532082	     -6.40656676	      0.00000000	     -4.46178885	      0.06883921	     -0.87284900	     -2.00752336	     -5.00684309	     10.35749174	     24.76509868	     82.47314076	     -1.38040957	     -9.01769026	     18.34152117	     24.66564787	     77.09328376
      6.33333330	      2.67749824	     -1.08891394	     -4.99425634	      0.40274722	      0.95332588	     -0.10907980	     -9.22927671	      3.41894784	     -1.63788143	     16.63137539	     18.64352315	      3.11390594	      0.00000000	      4.75961375	      3.97358882	      1.05304033	      3.28357502	      0.06261367	     -6.28628875	      0.00000000	     -4.49632815	      0.39738796	     -1.03455372	     -1.92051295	     -5.05451266	     10.36435153	     24.77356876	     82.43396791	     -1.38285394	     -8.94662128	     18.42569619	     24.71341189	     77.08609129
      6.35000000	      2.57566335	     -1.26511877	     -5.25078710	      0.41123714	      0.95491165	     -0.10982320	     -7.60969526	      3.01929419	     -2.65425878	     20.18003270	     18.08405793	      4.20414515	      0.00000000	      3.78308320	      3.87279126	      0.54495810	      2.47470261	      0.59207473	     -5.46524603	      0.00000000	     -4.36712147	      0.47720687	     -1.14230613	     -1.87852154	     -5.01871403	     10.53233657	     24.76743380	     82.26666832	     -1.41848512	     -9.07179915	     18.66263812	     25.01929692	     77.01760174
      6.36666670	      2.61989635	     -1.50970452	     -5.42836031	      0.41931571	      0.95619068	     -0.11022297	     -6.28921031	      2.72279773	     -3.34739288	     23.62528409	     16.20072185	      4.70143876	      0.00000000	      2.69218050	      3.70917572	      0.43377466	      1.70443723	      1.03955844	     -5.09054337	      0.00000000	     -4.49646021	      0.57516855	     -1.35418058	     -1.79014623	     -5.01294856	     10.60038621	     24.84101590	     82.17799117	     -1.43340307	     -9.11423461	     18.75395043	     25.11566504	     76.98005017
      6.38333330	      2.65733348	     -1.75108878	     -5.63201824	      0.42761793	      0.95756054	     -0.11071874	     -4.76431802	      2.38140132	     -3.91356190	     27.36817797	     13.81359142	      5.23649772	      0.00000000	      1.60690911	      3.54290548	      0.28866307	      0.92532836	      1.54105068	     -4.60248837	      0.00000000	     -4.55590811	      0.67360578	     -1.53868673	     -1.71941289	     -5.03026565	     10.66080803	     24.93470483	     82.09631525	     -1.45447816	     -9.14491329	     18.82151725	     25.26461497	     76.94692829
      6.40000000	      2.51565038	     -2.09295237	     -5.85988526	      0.43631635	      0.95853970	     -0.11161606	     -2.73112825	      2.13904157	     -4.34298084	     31.38670718	     10.94112990	      5.42389602	      0.00000000	      0.66094792	      3.24928984	     -0.11589177	      0.08825068	      2.33719394	     -3.32439192	      0.00000000	     -4.32378801	      0.96982577	     -1.69222591	     -1.74294981	     -5.14683490	     10.81343400	     25.07904495	     81.90667008	     -1.60095352	     -9.14052267	     18.90201806	     25.62531861	     76.85918916
      6.41666670	      2.40594880	     -2.56589497	     -5.90841424	      0.44344908	      0.95921538	     -0.11322599	     -0.49709081	      2.04024309	     -4.84965718	     35.25979098	      7.86761434	      5.02904445	      0.00000000	      0.08335061	      2.83335543	     -0.36536394	      0.00000000	      3.45670540	     -2.39408927	      0.00000000	     -4.30011876	      1.42762660	     -2.03090234	     -1.61448995	     -5.24606876	     10.90244070	     25.23956230	     81.73090477	     -1.58543599	     -9.06629789	     18.92265844	     25.76391112	     76.78066281
      6.43333330	      2.34539832	     -3.00492500	     -5.91896661	      0.44884783	      0.96034569	     -0.11487148	      1.55679017	      1.94173402	     -5.27140348	     38.40056487	      5.61356950	      4.56699888	      0.00000000	     -0.45121464	      2.46724891	     -0.50137970	      0.00000000	      4.63965313	     -1.89397205	      0.00000000	     -4.44366535	      1.80545025	     -2.35935704	     -1.45724094	     -5.33245305	     10.92697548	     25.39062409	     81.62798551	     -1.48257111	     -9.06756889	     18.91740323	     25.80364612	     76.73977033
      6.45000000	      1.78016911	     -3.46379994	     -5.85933294	      0.45389060	      0.96078166	     -0.11642903	      3.72968733	      2.09644636	     -5.40736551	     40.35637997	      4.32244413	      2.75150505	      0.00000000	     -0.36421719	      2.01303817	     -1.04784284	      0.00000000	      5.80492126	     -0.63248485	      0.00000000	     -3.93744275	      2.38666307	     -2.74968144	     -1.40850746	     -5.48588017	     10.97868795	     25.66293015	     81.44238683	     -1.43751073	     -8.95870381	     18.90125275	     25.94625170	     76.66972152
      6.46666670	      1.41202997	     -3.84648147	     -5.71586388	      0.45957686	      0.95989112	     -0.11758764	      5.16995841	      2.22441497	     -5.54411643	     41.17221588	      3.86244262	      1.24022039	      0.00000000	     -0.46665467	      1.64616422	     -1.43981269	      0.00000000	      6.87629043	      0.34789740	      0.00000000	     -3.70587308	      2.81529701	     -3.10245248	     -1.36642545	     -5.60804380	     11.00187232	     25.90653293	     81.24375295	     -1.32874686	     -8.90522603	     18.87752714	     26.06969617	     76.60569521
      6.48333330	      1.03434646	     -4.15927931	     -5.49867955	      0.46612297	      0.95718696	     -0.11816028	      6.20135678	      2.39617272	     -5.67377929	     41.13711197	      3.82792560	     -0.34310570	      0.00000000	     -0.53760787	      1.32483703	     -1.73369320	      0.00000000	      7.88036284	      1.25737971	      0.00000000	     -3.39177541	      3.15467014	     -3.49165060	     -1.39642027	     -5.69815180	     10.98367302	     26.16216483	     81.04074944	     -1.27673704	     -8.87697791	     18.87917057	     26.20613292	     76.55687079
      6.50000000	      0.65810983	     -4.40898153	     -5.25651555	      0.47256347	      0.95470163	     -0.11846499	      6.97750984	      2.60687804	     -5.80160182	     40.49562347	      4.02850256	     -1.90643315	      0.00000000	     -0.58524274	      1.05482120	     -1.95250151	      0.00000000	      8.78939067	      2.06706723	      0.00000000	     -2.99196227	      3.40703741	     -3.86745528	     -1.50657660	     -5.71591834	     10.94838556	     26.36792574	     80.84819503	     -1.23609872	     -8.90344125	     18.88646191	     26.34321501	     76.51830656
      6.51666670	      0.28402031	     -4.61788438	     -5.03650980	      0.47812103	      0.95384056	     -0.11876679	      7.63913491	      2.87168574	     -5.91453772	     39.29543066	      4.27141713	     -3.41026531	      0.00000000	     -0.59293683	      0.82245787	     -2.10742213	      0.00000000	      9.53989924	      2.81120827	      0.00000000	     -2.57102712	      3.61251860	     -4.21263362	     -1.58429999	     -5.76549103	     10.89831644	     26.52175396	     80.66071741	     -1.18689229	     -8.88626552	     18.90273817	     26.48906520	     76.48495954
      6.53333330	     -0.07014367	     -4.84303098	     -4.84524794	      0.48320373	      0.95459328	     -0.11899143	      8.16606243	      3.25489618	     -6.06556852	     37.46532140	      4.35448903	     -4.74946460	      0.00000000	     -0.57937363	      0.57320020	     -2.27351600	      0.00000000	     10.10308909	      3.49782895	      0.00000000	     -2.18888204	      3.81635096	     -4.53905469	     -1.67535993	     -5.78541798	     10.86515821	     26.63904820	     80.47500239	     -1.17317370	     -8.88819087	     18.91357131	     26.59556456	     76.45141655
      6.55000000	     -0.37038253	     -5.04047418	     -4.61821217	      0.48837286	      0.95658121	     -0.11938150	      8.38341563	      3.70046457	     -6.23418143	     34.79213414	      4.45307674	     -5.48801106	      0.00000000	     -0.60579182	      0.35483085	     -2.29267825	      0.00000000	     10.37266570	      3.96136577	      0.00000000	     -1.80635275	      4.02613506	     -4.78335718	     -1.75575984	     -5.81734308	     10.85200349	     26.70463847	     80.36580100	     -1.12245944	     -8.83971844	     18.92472202	     26.69111731	     76.43374729
      6.56666670	     -0.65316616	     -5.20576261	     -4.33032315	      0.49338316	      0.95798487	     -0.12004252	      8.23779987	      4.23483013	     -6.33979892	     31.19814148	      4.15768459	     -5.93693162	      0.00000000	     -0.63272168	      0.19025712	     -2.38869349	      0.00000000	     10.54999832	      4.44398140	      0.00000000	     -1.41827558	      4.13368230	     -5.14341464	     -1.86123865	     -5.76908315	     10.85001037	     26.80141336	     80.25520704	     -1.14083190	     -8.88347341	     18.94877631	     26.73653850	     76.42046769
      6.58333330	     -0.86070231	     -5.24653326	     -4.01748692	      0.49797278	      0.95684213	     -0.12079670	      7.89318717	      4.66635563	     -6.36847788	     27.34883167	      3.93716148	     -5.96623857	      0.00000000	     -0.72649197	      0.17914232	     -2.46302314	      0.00000000	     10.64657865	      4.83173575	      0.00000000	     -1.10285016	      4.10227858	     -5.44338986	     -1.95114839	     -5.68670702	     10.86474618	     26.86484964	     80.16301397	     -1.13918929	     -8.94847426	     18.98344797	     26.80605727	     76.41373652
      6.60000000	     -0.99433253	     -5.20000865	     -3.68336742	      0.50273638	      0.95406232	     -0.12134408	      7.49369854	      4.99141033	     -6.36052682	     23.58716865	      3.87009386	     -5.66785445	      0.00000000	     -0.84706032	      0.27929128	     -2.50203918	      0.00000000	     10.85859223	      5.17719897	      0.00000000	     -0.91202746	      3.96834019	     -5.72955273	     -2.00889169	     -5.59149997	     10.88695989	     26.89646310	     80.07256264	     -1.12121086	     -9.03830712	     19.03955699	     26.89154989	     76.41264419
      6.61666670	     -1.12812298	     -5.03891268	     -3.38662662	      0.50781383	      0.95221856	     -0.12122582	      7.14939518	      5.21677293	     -6.21221048	     20.01754324	      4.09618053	     -5.15749502	      0.00000000	     -0.91235687	      0.49423014	     -2.47503581	      0.00000000	     11.08610752	      5.41715522	      0.00000000	     -0.70383483	      3.64609295	     -5.88881448	     -2.17998848	     -5.44982724	     10.92060370	     26.86707623	     80.01269216	     -1.17745591	     -9.15342209	     19.08837222	     26.95398748	     76.41395317
      6.63333330	     -1.17852867	     -4.90030339	     -3.00342683	      0.51329809	      0.95098699	     -0.12118631	      6.57379593	      5.38323388	     -6.18439756	     16.44704816	      4.27694654	     -4.20751931	      0.00000000	     -1.08988922	      0.70401289	     -2.50233243	      0.00000000	     11.51745315	      5.75042590	      0.00000000	     -0.52485157	      3.50718706	     -6.20126714	     -2.15539898	     -5.38492552	     10.90822787	     26.87019930	     79.91105589	     -1.09815556	     -9.23653304	     19.19319086	     27.12630138	     76.42292914
      6.65000000	     -1.07650580	     -4.62618316	     -2.63748950	      0.51786590	      0.94955926	     -0.12049986	      5.80307602	      5.38856405	     -6.12621061	     13.04721618	      4.88065302	     -2.77529484	      0.00000000	     -1.40372212	      1.02318195	     -2.59376282	      0.00000000	     11.93772185	      6.17887803	      0.00000000	     -0.58586852	      3.07021840	     -6.51305049	     -2.17446141	     -5.18748987	     10.87217329	     26.89386476	     79.70758463	     -1.16657903	     -9.49824852	     19.38997539	     27.40096635	     76.43198408
      6.66666670	     -1.27254254	     -4.36542179	     -2.41178922	      0.52165027	      0.94776396	     -0.11976217	      5.35804468	      5.42594875	     -5.47807964	      9.88196236	      5.34559590	     -1.96355483	      0.00000000	     -1.38044669	      1.30011313	     -2.56874090	      0.00000000	     12.22566604	      6.15114144	      0.00000000	     -0.19209041	      2.73292347	     -6.58728104	     -2.33275686	     -5.11731619	     10.85155566	     26.90961679	     79.63038179	     -1.21249073	     -9.59016756	     19.46528946	     27.56464516	     76.43442426
      6.68333330	     -1.33821972	     -4.07320399	     -2.13994556	      0.52451712	      0.94730164	     -0.11937782	      4.81349504	      5.34902721	     -4.92284862	      7.02764739	      5.67563017	     -0.96490726	      0.00000000	     -1.44523915	      1.59179485	     -2.50632788	      0.00000000	     12.40860643	      6.14966564	      0.00000000	      0.00829408	      2.36082256	     -6.72235858	     -2.40014014	     -5.00863308	     10.79668776	     26.95386061	     79.53205876	     -1.23758458	     -9.75614890	     19.60081223	     27.77434863	     76.44758875
      6.70000000	     -1.43186701	     -3.71102085	     -1.90706681	      0.52698354	      0.94712874	     -0.11923681	      4.48797906	      5.11850422	     -4.28017179	      4.83103801	      5.93218680	     -0.38449882	      0.00000000	     -1.41970361	      1.95436730	     -2.43538555	      0.00000000	     12.34733219	      6.16807334	      0.00000000	      0.19982576	      1.89924160	     -6.76061223	     -2.47939602	     -4.87038760	     10.79360617	     26.95718114	     79.49888244	     -1.18442149	     -9.92605549	     19.64114654	     27.86029950	     76.45228329
      6.71666670	     -1.43934771	     -3.46618857	     -1.72542027	      0.52967159	      0.94618236	     -0.11931372	      4.08687927	      4.94406116	     -3.86557703	      3.15585466	      5.73626801	      0.22004164	      0.00000000	     -1.48448590	      2.19269257	     -2.43038149	      0.00000000	     12.18815263	      6.17907258	      0.00000000	      0.29123135	      1.61507110	     -6.78651773	     -2.49113605	     -4.81265041	     10.76809712	     26.92336582	     79.46183650	     -1.13751462	     -9.99306801	     19.72397742	     27.96692594	     76.46496024
      6.73333330	     -1.19621297	     -3.38298676	     -1.57830779	      0.53227564	      0.94402367	     -0.11944681	      3.44848386	      4.89371324	     -3.86699725	      2.09507124	      5.21750418	      0.83457405	      0.00000000	     -1.83897901	      2.25757213	     -2.48922711	      0.00000000	     12.02071322	      6.16417278	      0.00000000	     -0.09104715	      1.55162860	     -6.78044814	     -2.32437858	     -4.80328988	     10.67647467	     26.79943639	     79.36321641	     -1.03763993	    -10.01125986	     19.99325732	     28.17837502	     76.50580448
      6.75000000	     -1.26888755	     -3.34102247	     -1.55839012	      0.53505195	      0.94151115	     -0.11885074	      3.41733475	      4.87990059	     -3.85532265	      2.10133712	      5.21583861	      0.84126502	      0.00000000	     -1.89055953	      2.24258071	     -2.49075597	      0.00000000	     12.01375001	      6.16421766	      0.00000000	     -0.09208260	      1.55838666	     -6.77782599	     -2.30879139	     -4.80828130	     10.67466371	     26.80244980	     79.36253752	     -1.02771388	    -10.00527635	     19.99489102	     28.18322602	     76.50605912
      6.76666670	     -1.20622432	     -3.23393742	     -1.52110428	      0.53874205	      0.94076788	     -0.11791590	      2.86235364	      4.78475346	     -3.36119043	      1.72085813	      5.20768432	      1.09918644	      0.00000000	     -2.14285603	      2.31350718	     -2.47488824	      0.00000000	     11.86569784	      6.19366234	      0.00000000	      0.02976048	      1.52790953	     -6.66072844	     -2.30907785	     -4.94148612	     10.64062848	     26.73203283	     79.33431198	     -1.13576853	     -9.83105314	     20.11099592	     28.23359479	     76.52053022
      6.78333330	     -0.99551781	     -3.30040482	     -1.55715772	      0.54229756	      0.94141782	     -0.11669686	      2.26826424	      4.87732323	     -3.01495032	      1.69016092	      5.15322016	      1.10934598	      0.00000000	     -2.57309925	      2.17300847	     -2.52444047	      0.00000000	     12.13422579	      6.17519445	      0.00000000	     -0.18258875	      1.70267945	     -6.38564720	     -2.24265214	     -4.99636030	     10.62262324	     26.60624298	     79.27227065	     -1.04778803	     -9.76651179	     20.30932872	     28.29348548	     76.54199265
      6.80000000	     -1.01999136	     -3.27966042	     -1.53104375	      0.54555979	      0.94149506	     -0.11574156	      2.00555218	      4.86639552	     -2.88920802	      1.88141089	      5.18160475	      1.10601180	      0.00000000	     -2.74362545	      2.11531314	     -2.44270317	      0.00000000	     12.20333646	      6.20283044	      0.00000000	     -0.06936068	      1.74696172	     -6.29000187	     -2.31739869	     -5.02673865	     10.62396296	     26.56802781	     79.26451737	     -1.23458673	     -9.68611411	     20.36074099	     28.25259524	     76.54616003
      6.81666670	     -1.04263443	     -3.31081750	     -1.54696378	      0.54813661	      0.94154820	     -0.11494594	      1.66726268	      4.91962640	     -2.45285323	      1.87172402	      5.46979251	      1.05319224	      0.00000000	     -2.93516118	      2.01045555	     -2.36892795	      0.00000000	     12.62754894	      6.13220053	      0.00000000	      0.00363952	      1.88994286	     -6.09378003	     -2.40143062	     -5.11139681	     10.63784170	     26.45662017	     79.24721172	     -1.40607206	     -9.54834027	     20.45447464	     28.17260542	     76.55090498
      6.83333330	     -1.16255549	     -3.27497758	     -1.53621008	      0.54985922	      0.94120227	     -0.11403148	      1.57019591	      4.90631901	     -2.44354171	      1.92470990	      5.47038787	      1.05357246	      0.00000000	     -2.95497080	      1.97699132	     -2.36731504	      0.00000000	     12.63100781	      6.13028526	      0.00000000	      0.00231734	      1.89733382	     -6.08256181	     -2.38898385	     -5.11350830	     10.63762531	     26.45861484	     79.24701546	     -1.40926322	     -9.54459165	     20.45586132	     28.17080591	     76.55093723
      6.85000000	     -1.11798051	     -3.27699440	     -1.64123307	      0.55189107	      0.94083471	     -0.11292903	      1.19684220	      4.94775042	     -1.72729628	      1.79487223	      5.93252313	      0.99173781	      0.00000000	     -3.21232154	      1.93411144	     -2.29680852	      0.00000000	     13.05955786	      5.92959666	      0.00000000	      0.19576848	      2.00899169	     -5.73963537	     -2.46468988	     -5.21242096	     10.68822190	     26.28317536	     79.23995456	     -1.68293156	     -9.36049395	     20.55240052	     27.98149182	     76.55108537
      6.86666670	     -1.19258888	     -3.23759669	     -1.63589463	      0.55332051	      0.94023712	     -0.11175608	      1.13825666	      4.95588371	     -1.72478909	      1.81838322	      5.93303710	      0.98938022	      0.00000000	     -3.22128739	      1.92181484	     -2.29635684	      0.00000000	     13.05855747	      5.92701448	      0.00000000	      0.19132607	      2.01589153	     -5.72702953	     -2.44975833	     -5.21461047	     10.68841196	     26.28526293	     79.23990669	     -1.68484677	     -9.35766753	     20.55342591	     27.97870910	     76.55103346
      6.88333330	     -1.21227406	     -3.16096290	     -1.78046326	      0.55532365	      0.94033551	     -0.11039426	      0.73339519	      4.96165524	     -1.18411272	      1.27187069	      5.99566686	      0.87641096	      0.00000000	     -3.32663614	      1.95870257	     -2.38989041	      0.00000000	     12.95567864	      5.59565020	      0.00000000	      0.33570994	      1.98692605	     -5.27476530	     -2.40143090	     -5.27407833	     10.79386600	     26.09344725	     79.24720651	     -1.80669880	     -9.23358745	     20.62620893	     27.73950998	     76.54450160
      6.90000000	     -1.28807054	     -3.10857457	     -1.77871808	      0.55669957	      0.94071839	     -0.10959054	      0.68232082	      4.98678257	     -1.18430619	      1.29220825	      5.99278599	      0.87364038	      0.00000000	     -3.33644207	      1.94650416	     -2.38823105	      0.00000000	     12.95152967	      5.59311471	      0.00000000	      0.32887130	      1.99117512	     -5.26391483	     -2.38657568	     -5.27573000	     10.79439970	     26.09568795	     79.24728624	     -1.80654028	     -9.23118809	     20.62708774	     27.73699735	     76.54444170
      6.91666670	     -1.37239755	     -3.06843028	     -1.79714068	      0.55792713	      0.94095989	     -0.10893170	      0.55324565	      5.03995831	     -1.15954247	      1.14347243	      5.98290180	      0.83420576	      0.00000000	     -3.35637700	      1.90927765	     -2.36141109	      0.00000000	     12.86279379	      5.55078929	      0.00000000	      0.37045440	      1.95037390	     -5.01848906	     -2.17722363	     -5.26592601	     10.81072015	     26.13784828	     79.25044415	     -1.95019499	     -9.21824520	     20.64764962	     27.65904656	     76.54371939
      6.93333330	     -1.45300152	     -3.01793325	     -1.80468714	      0.55911801	      0.94141801	     -0.10831733	      0.50308689	      5.06339323	     -1.15412042	      1.15662664	      5.97907774	      0.83333642	      0.00000000	     -3.38093839	      1.89599362	     -2.35939982	      0.00000000	     12.85425240	      5.54598843	      0.00000000	      0.36904429	      1.95354559	     -5.01173108	     -2.16697394	     -5.26880561	     10.81180035	     26.13859404	     79.25067190	     -1.94718404	     -9.21355130	     20.64884525	     27.65770184	     76.54370059
      6.95000000	     -1.46045342	     -2.97736039	     -1.97812591	      0.56081791	      0.94250431	     -0.10733111	      0.04036243	      5.09644539	     -0.45569500	      0.49580425	      5.74625196	      0.83480954	      0.00000000	     -3.53257595	      1.89112754	     -2.35313761	      0.00000000	     12.33498004	      5.05539614	      0.00000000	      0.52761155	      1.95566471	     -4.63480631	     -2.09630348	     -5.32246831	     10.97305928	     26.02498706	     79.28002013	     -2.02666507	     -9.08550723	     20.73880078	     27.44175372	     76.54071463
      6.96666670	     -1.53043888	     -2.93681732	     -1.97117161	      0.56215873	      0.94274718	     -0.10664593	      0.00405029	      5.11084205	     -0.45600482	      0.51420062	      5.74374031	      0.83094584	      0.00000000	     -3.55395393	      1.87656543	     -2.34954479	      0.00000000	     12.33259046	      5.05120098	      0.00000000	      0.52266734	      1.95776722	     -4.62524000	     -2.07926468	     -5.32285434	     10.97420297	     26.02940827	     79.28033682	     -2.02337590	     -9.08428793	     20.73956474	     27.44047664	     76.54067558
      6.98333330	     -1.58975078	     -2.89418944	     -1.89565554	      0.56362296	      0.94092931	     -0.10617981	     -0.06404345	      5.10630936	     -0.43982978	      0.47817722	      5.75819458	      0.79077068	      0.00000000	     -3.56510164	      1.86919723	     -2.30329109	      0.00000000	     12.32196010	      5.00854120	      0.00000000	      0.54449923	      1.94573003	     -4.48009364	     -1.90706514	     -5.29847594	     10.99190152	     26.08740410	     79.28490278	     -2.06360329	     -9.09099039	     20.75045654	     27.40911186	     76.54044554
      7.00000000	     -1.64927327	     -2.85902054	     -1.89561480	      0.56535910	      0.93804726	     -0.10544101	     -0.10636855	      5.10794717	     -0.43626453	      0.49022524	      5.76193688	      0.78405232	      0.00000000	     -3.58323227	      1.85435397	     -2.29437307	      0.00000000	     12.32359119	      5.00052572	      0.00000000	      0.53799009	      1.94653975	     -4.47013243	     -1.88769805	     -5.29859039	     10.99454324	     26.09384134	     79.28561153	     -2.05733659	     -9.08845191	     20.75206455	     27.40829477	     76.54047101
      7.01666670	     -1.69277943	     -2.81814082	     -1.82990296	      0.56696578	      0.93646342	     -0.10461305	     -0.20085181	      5.10453876	     -0.38186869	      0.43916601	      5.84749841	      0.70475250	      0.00000000	     -3.59293083	      1.84442172	     -2.20220526	      0.00000000	     12.41513570	      4.90994463	      0.00000000	      0.57695173	      1.91729987	     -4.33090121	     -1.72280104	     -5.27892694	     11.02653967	     26.17013593	     79.29396905	     -2.08709867	     -9.07904003	     20.77162438	     27.38178474	     76.54082193
      7.03333330	     -1.74662507	     -2.78412369	     -1.83494540	      0.56859756	      0.93727955	     -0.10373676	     -0.24354355	      5.11428868	     -0.37821457	      0.45964579	      5.85236584	      0.69719679	      0.00000000	     -3.59819123	      1.82940625	     -2.19195122	      0.00000000	     12.42397938	      4.90239489	      0.00000000	      0.57353508	      1.91844085	     -4.32986452	     -1.71746121	     -5.28089403	     11.02932136	     26.17380743	     79.29469421	     -2.08116510	     -9.07602563	     20.77313939	     27.38209086	     76.54086595
      7.05000000	     -1.78740654	     -2.75462795	     -1.83360884	      0.56970733	      0.93870495	     -0.10328586	     -0.28619660	      5.12595803	     -0.37527903	      0.47994858	      5.85727946	      0.68954272	      0.00000000	     -3.59452881	      1.81636709	     -2.18183431	      0.00000000	     12.43396338	      4.89580247	      0.00000000	      0.57579353	      1.91791225	     -4.32263880	     -1.70875684	     -5.28028631	     11.03227288	     26.17952174	     79.29547348	     -2.08220838	     -9.07424602	     20.77469375	     27.38061994	     76.54088573
      7.06666670	     -1.68580021	     -2.74583279	     -1.71883894	      0.57022785	      0.93857907	     -0.10327527	     -0.52697722	      5.15983695	      0.29958613	      0.37718911	      5.61771799	     -0.93353232	      0.00000000	     -3.74222815	      1.79430955	     -1.01354821	      0.00000000	     12.52370393	      3.34416423	      0.00000000	      0.49130102	      1.87589537	     -4.16356008	     -1.88999307	     -5.54384829	     12.14886742	     26.96784249	     79.56450284	     -1.86602455	     -9.03286557	     21.26547437	     26.92039483	     76.53926076
      7.08333330	     -1.70980305	     -2.72643209	     -1.71137830	      0.57066621	      0.93818283	     -0.10309696	     -0.54156284	      5.15832205	      0.30044386	      0.38186537	      5.61783311	     -0.93322283	      0.00000000	     -3.74897981	      1.78160163	     -1.01363967	      0.00000000	     12.52485739	      3.34434834	      0.00000000	      0.49356449	      1.87833601	     -4.15995843	     -1.88398353	     -5.54465000	     12.15014695	     26.96972016	     79.56481196	     -1.86435854	     -9.03360734	     21.26606038	     26.92050144	     76.53915605
      7.10000000	     -1.73717926	     -2.70063956	     -1.62069132	      0.57148535	      0.93872114	     -0.10287050	     -0.56493683	      5.13899296	      0.30907645	      0.34250943	      5.63361635	     -0.93786616	      0.00000000	     -3.75971956	      1.78382107	     -1.00210721	      0.00000000	     12.54815432	      3.35135557	      0.00000000	      0.54883855	      1.89372212	     -4.11437905	     -1.83831648	     -5.53856740	     12.16572780	     26.98824533	     79.56838867	     -1.86927324	     -9.04571255	     21.27138827	     26.91559740	     76.53816504
      7.11666670	     -1.77354282	     -2.68522736	     -1.60456827	      0.57253963	      0.93947079	     -0.10244530	     -0.56315565	      5.13320462	      0.30989389	      0.33274175	      5.63717154	     -0.93974807	      0.00000000	     -3.79095500	      1.77955346	     -0.99899580	      0.00000000	     12.55185238	      3.35251765	      0.00000000	      0.55468879	      1.89700463	     -4.11065351	     -1.83329588	     -5.53831092	     12.16842405	     26.99011205	     79.56901116	     -1.86615683	     -9.04552268	     21.27230066	     26.91598056	     76.53803215
      7.13333330	     -1.79795155	     -2.62881751	     -1.47684748	      0.57356098	      0.93946005	     -0.10242422	     -0.62639235	      5.07213629	      0.31641853	      0.26100659	      5.67665268	     -0.95882305	      0.00000000	     -3.81528717	      1.83251512	     -0.97830827	      0.00000000	     12.59330257	      3.35918349	      0.00000000	      0.65293110	      1.91871363	     -4.06476362	     -1.81780748	     -5.52268135	     12.19424384	     26.99953105	     79.57470845	     -1.87798354	     -9.04736981	     21.28051721	     26.90925766	     76.53698017
      7.15000000	     -1.83504190	     -2.61028986	     -1.46966526	      0.57465111	      0.93928096	     -0.10204574	     -0.63938481	      5.07159882	      0.31581215	      0.25782402	      5.68061814	     -0.96162867	      0.00000000	     -3.84009961	      1.83501966	     -0.97465098	      0.00000000	     12.59664879	      3.36032383	      0.00000000	      0.65825404	      1.91651706	     -4.06590650	     -1.81998872	     -5.52344398	     12.19705582	     26.99837740	     79.57535433	     -1.87438553	     -9.04505137	     21.28165443	     26.90968544	     76.53689387
      7.16666670	     -1.83604515	     -2.44506024	     -1.33441680	      0.57633586	      0.93905583	     -0.10188470	     -0.86544984	      4.89849474	      0.31642162	      0.00000000	      5.83646450	     -1.04883756	      0.00000000	     -3.92384709	      2.00712748	     -0.85061644	      0.00000000	     12.71214034	      3.41065815	      0.00000000	      0.96694228	      1.72729593	     -4.08582267	     -2.04490824	     -5.51727393	     12.30426272	     26.91713170	     79.59889591	     -1.92064760	     -9.01176717	     21.32472444	     26.86827457	     76.53379762
      7.18333330	     -1.87448102	     -2.42200424	     -1.31129103	      0.57736638	      0.93885851	     -0.10148998	     -0.88070129	      4.90431037	      0.32153213	      0.00956460	      5.83588974	     -1.04785816	      0.00000000	     -3.94100514	      2.00170452	     -0.84963293	      0.00000000	     12.71191963	      3.41181189	      0.00000000	      0.96630876	      1.72741706	     -4.08086748	     -2.04259687	     -5.51622582	     12.30761094	     26.91683897	     79.59968041	     -1.92252968	     -9.01386159	     21.32575550	     26.86536658	     76.53361922
      7.20000000	     -1.88572548	     -2.37620012	     -1.18493834	      0.57811488	      0.93825110	     -0.10145313	     -0.95189720	      4.87939495	      0.35736822	      0.00751973	      5.85142668	     -1.04795465	      0.00000000	     -3.96819767	      2.02004566	     -0.83506219	      0.00000000	     12.69354645	      3.43178855	      0.00000000	      1.03923885	      1.70660722	     -4.05759415	     -2.07903813	     -5.50336785	     12.33656532	     26.90215764	     79.60611052	     -1.95709848	     -9.02763885	     21.33519021	     26.84328851	     76.53245469
      7.21666670	     -1.91913430	     -2.35594971	     -1.18456306	      0.57850684	      0.93753410	     -0.10132823	     -0.97298581	      4.88261740	      0.35721186	      0.01138584	      5.85385509	     -1.04986312	      0.00000000	     -3.98719468	      2.01644990	     -0.83217105	      0.00000000	     12.68912808	      3.43498325	      0.00000000	      1.04495820	      1.70429371	     -4.05978705	     -2.08351327	     -5.50357020	     12.33916180	     26.90010247	     79.60670819	     -1.95512782	     -9.02634013	     21.33622388	     26.84315534	     76.53238657
      7.23333330	     -1.87497498	     -2.27966789	     -1.10619432	      0.57935026	      0.93748961	     -0.10129308	     -1.10914058	      4.81026367	      0.35409053	      0.00000000	      5.94845963	     -1.11095652	      0.00000000	     -4.10150532	      2.08012699	     -0.77939547	      0.00000000	     12.59196177	      3.51551185	      0.00000000	      1.28743915	      1.63336845	     -4.07900138	     -2.23602265	     -5.49297851	     12.40414606	     26.84454242	     79.62136536	     -1.99254652	     -8.99491953	     21.36557519	     26.82548574	     76.53130877
      7.25000000	     -1.90706719	     -2.26747657	     -1.10050406	      0.58013901	      0.93808742	     -0.10089291	     -1.11378993	      4.81188317	      0.35233418	      0.00000000	      5.95318136	     -1.11466885	      0.00000000	     -4.11541924	      2.07245487	     -0.77747715	      0.00000000	     12.58965948	      3.51893891	      0.00000000	      1.28540004	      1.63008808	     -4.07886623	     -2.23857265	     -5.49331953	     12.40733861	     26.84230959	     79.62214773	     -1.99313261	     -8.99409436	     21.36719188	     26.82369738	     76.53123930
      7.26666670	     -1.93041239	     -2.25725670	     -1.09156621	      0.58074840	      0.93862416	     -0.10047978	     -1.11525318	      4.81562530	      0.35072028	      0.00000000	      5.96068004	     -1.12013952	      0.00000000	     -4.13287183	      2.06495500	     -0.77321925	      0.00000000	     12.58756779	      3.52551216	      0.00000000	      1.29113948	      1.62566461	     -4.07982642	     -2.24777847	     -5.49240752	     12.41227915	     26.83780557	     79.62330619	     -1.99661711	     -8.99268061	     21.36963679	     26.82070990	     76.53117231
      7.28333330	     -1.94413074	     -2.24880146	     -1.08498687	      0.58094835	      0.93877387	     -0.10031029	     -1.11532899	      4.82306081	      0.35070488	      0.00000000	      5.96603391	     -1.12362878	      0.00000000	     -4.14855715	      2.06122222	     -0.76894160	      0.00000000	     12.58671043	      3.53138513	      0.00000000	      1.29835958	      1.62266291	     -4.08193733	     -2.25726708	     -5.49104681	     12.41592589	     26.83377893	     79.62413308	     -1.99940132	     -8.99160892	     21.37138024	     26.81845934	     76.53114410
      7.30000000	     -1.93202219	     -2.27175839	     -1.01072532	      0.58120366	      0.93847433	     -0.10033912	     -1.17212595	      4.86771111	      0.36925432	      0.00000000	      6.09230607	     -1.19257557	      0.00000000	     -4.19370806	      2.01211996	     -0.65507964	      0.00000000	     12.58715962	      3.67601825	      0.00000000	      1.48869115	      1.55212500	     -4.14934112	     -2.49821215	     -5.44441566	     12.49494787	     26.73801391	     79.64148344	     -2.05787242	     -8.97896359	     21.40692631	     26.76736411	     76.53081318
      7.31666670	     -1.93157089	     -2.26946829	     -1.00963656	      0.58112259	      0.93790240	     -0.10038120	     -1.17151967	      4.86852021	      0.36924906	      0.00000000	      6.09289512	     -1.19283817	      0.00000000	     -4.19479568	      2.01207490	     -0.65491336	      0.00000000	     12.58743604	      3.67665552	      0.00000000	      1.48899809	      1.55272582	     -4.14906633	     -2.49800608	     -5.44426197	     12.49531994	     26.73785914	     79.64157716	     -2.05797268	     -8.97913725	     21.40709349	     26.76698772	     76.53080639
      7.33333330	     -1.92725708	     -2.26860466	     -1.00822365	      0.58116638	      0.93739471	     -0.10040624	     -1.16897364	      4.86841947	      0.36938021	      0.00000000	      6.09403092	     -1.19331194	      0.00000000	     -4.19362507	      2.01219983	     -0.65442817	      0.00000000	     12.58819105	      3.67755022	      0.00000000	      1.48947796	      1.55350412	     -4.14888120	     -2.49780319	     -5.44400270	     12.49580572	     26.73765580	     79.64169759	     -2.05776570	     -8.97930229	     21.40729166	     26.76664191	     76.53079989
      7.35000000	     -1.91872694	     -2.27070687	     -1.00663851	      0.58138192	      0.93684446	     -0.10035279	     -1.16625158	      4.86729329	      0.36950391	      0.00000000	      6.09538668	     -1.19393320	      0.00000000	     -4.18884032	      2.01326553	     -0.65364296	      0.00000000	     12.58942132	      3.67852688	      0.00000000	      1.48985648	      1.55437074	     -4.14868984	     -2.49742440	     -5.44372442	     12.49627692	     26.73750731	     79.64181539	     -2.05728099	     -8.97936588	     21.40747271	     26.76642090	     76.53079425
      7.36666670	     -2.10599574	     -2.32828113	     -0.81548666	      0.58195170	      0.93605250	     -0.10058931	     -0.99593068	      4.93620927	      0.30058764	      0.00000000	      6.56841128	     -1.47455784	      0.00000000	     -3.97107812	      1.93967219	     -0.35596244	      0.00000000	     13.10643441	      3.99340723	      0.00000000	      1.73176248	      1.67787394	     -4.20026495	     -2.55146059	     -5.43034717	     12.64352478	     26.64228976	     79.67954287	     -1.93482919	     -8.94836768	     21.48092360	     26.70956705	     76.53097348
      7.38333330	     -2.10646973	     -2.32943730	     -0.81491112	      0.58205603	      0.93591547	     -0.10053462	     -0.99889925	      4.93574145	      0.30071991	      0.00000000	      6.56811410	     -1.47460680	      0.00000000	     -3.96893438	      1.93969503	     -0.35613388	      0.00000000	     13.10710257	      3.99402487	      0.00000000	      1.73252505	      1.67711291	     -4.20003350	     -2.55160010	     -5.43092740	     12.64388780	     26.64195046	     79.67965392	     -1.93591635	     -8.94818736	     21.48133462	     26.70891250	     76.53098464
      7.40000000	     -2.12034305	     -2.32759541	     -0.81481708	      0.58192678	      0.93654269	     -0.10058422	     -1.00658556	      4.93533090	      0.30054819	      0.00002022	      6.56840956	     -1.47507594	      0.00000000	     -3.97104208	      1.93671330	     -0.35617578	      0.00000000	     13.10818530	      3.99451661	      0.00000000	      1.73354597	      1.67655104	     -4.19970737	     -2.55183403	     -5.43142384	     12.64422602	     26.64165146	     79.67975749	     -1.93705976	     -8.94810727	     21.48169368	     26.70831591	     76.53099367
      7.41666670	     -2.15092530	     -2.37679062	     -0.78444680	      0.58196703	      0.93741287	     -0.10072562	     -1.04359760	      4.99523969	      0.27040819	      0.00000000	      6.67536316	     -1.55822826	      0.00000000	     -3.98794952	      1.85292862	     -0.31416715	      0.00000000	     13.26063148	      4.10151560	      0.00000000	      1.89673428	      1.64394403	     -4.16370045	     -2.61449791	     -5.49303228	     12.69289158	     26.58813083	     79.69408690	     -2.09340576	     -8.93373871	     21.53000100	     26.62639730	     76.53227475
      7.43333330	     -2.16684509	     -2.37282419	     -0.78681643	      0.58162968	      0.93797823	     -0.10089174	     -1.04935822	      4.99342678	      0.26987574	      0.00000000	      6.67623429	     -1.55895695	      0.00000000	     -3.99242537	      1.84907934	     -0.31410498	      0.00000000	     13.26148811	      4.10215925	      0.00000000	      1.89715836	      1.64529042	     -4.16461944	     -2.61529294	     -5.49270522	     12.69337181	     26.58775565	     79.69419837	     -2.09250399	     -8.93384357	     21.53015805	     26.62638547	     76.53227439
      7.45000000	     -2.58978433	     -2.35184541	     -0.85378465	      0.58178368	      0.93696422	     -0.10094536	     -0.59957724	      4.95683072	      0.36752090	      0.00000000	      6.83638448	     -1.82682198	      0.00000000	     -3.55596795	      1.86422250	     -0.72962642	      0.00000000	     13.77066816	      5.14719270	      0.00000000	      2.54378027	      1.72269501	     -4.31162433	     -2.58775038	     -5.55081498	     13.44099753	     26.23801259	     79.89895445	     -2.07908539	     -8.87211768	     22.02758515	     26.13839121	     76.53436587
      7.46666670	     -2.58502428	     -2.35521699	     -0.85423092	      0.58173909	      0.93603433	     -0.10086800	     -0.59959929	      4.95486280	      0.36732534	      0.00000000	      6.83650035	     -1.82697022	      0.00000000	     -3.55534845	      1.86489754	     -0.72957567	      0.00000000	     13.77036305	      5.14736748	      0.00000000	      2.54325373	      1.72294515	     -4.31183499	     -2.58785293	     -5.55115292	     13.44124128	     26.23772110	     79.89902030	     -2.07870188	     -8.87195718	     22.02776262	     26.13841848	     76.53434712
      7.48333330	     -2.57401749	     -2.35770438	     -0.85515046	      0.58185032	      0.93530595	     -0.10077426	     -0.59673258	      4.95482984	      0.36720727	      0.00000000	      6.83667671	     -1.82714606	      0.00000000	     -3.55110194	      1.86672601	     -0.72944912	      0.00000000	     13.77016488	      5.14758304	      0.00000000	      2.54264801	      1.72327376	     -4.31230777	     -2.58787642	     -5.55171916	     13.44144468	     26.23741084	     79.89908226	     -2.07800885	     -8.87152836	     22.02796306	     26.13857959	     76.53433421
      7.50000000	     -2.56268344	     -2.35627190	     -0.85698659	      0.58199357	      0.93522014	     -0.10075225	     -0.59383201	      4.95785766	      0.36708163	      0.00000000	      6.83679096	     -1.82735673	      0.00000000	     -3.54419195	      1.86798320	     -0.72928297	      0.00000000	     13.77003485	      5.14778541	      0.00000000	      2.54229991	      1.72352645	     -4.31287758	     -2.58788167	     -5.55243307	     13.44159625	     26.23712320	     79.89913593	     -2.07730104	     -8.87096218	     22.02816770	     26.13880557	     76.53432705
      7.51666670	     -2.53839811	     -2.34681533	     -0.87155577	      0.58193029	      0.93546948	     -0.10070013	     -0.59568538	      4.97326100	      0.36512053	      0.00000000	      6.83628132	     -1.82908198	      0.00000000	     -3.51783124	      1.87084475	     -0.72881629	      0.00000000	     13.76695700	      5.14945264	      0.00000000	      2.53990957	      1.72404163	     -4.31709648	     -2.58711572	     -5.55787623	     13.44254845	     26.23519085	     79.89950862	     -2.07201457	     -8.86671189	     22.02964968	     26.14050685	     76.53428539
      7.53333330	     -2.53308263	     -2.34290258	     -0.87524874	      0.58208268	      0.93574188	     -0.10078312	     -0.59646517	      4.97573669	      0.36481034	      0.00000000	      6.83613598	     -1.82936870	      0.00000000	     -3.51083141	      1.86972423	     -0.72865589	      0.00000000	     13.76611264	      5.14981092	      0.00000000	      2.53944320	      1.72406873	     -4.31778201	     -2.58670720	     -5.55870675	     13.44269947	     26.23495729	     79.89957117	     -2.07096176	     -8.86611977	     22.02986970	     26.14081343	     76.53427705
      7.55000000	     -2.53403687	     -2.32675070	     -0.95998838	      0.58214246	      0.93584197	     -0.10071697	     -0.58940935	      4.96530510	      0.35995827	      0.00000000	      6.83438694	     -1.83656756	      0.00000000	     -3.48897019	      1.88939195	     -0.73106790	      0.00000000	     13.71044810	      5.16642191	      0.00000000	      2.51904579	      1.73064735	     -4.34169213	     -2.56880085	     -5.59177172	     13.44920441	     26.22493618	     79.90223701	     -2.03651891	     -8.84232776	     22.03968059	     26.14974774	     76.53399613
      7.56666670	     -2.53366202	     -2.32613444	     -0.96042056	      0.58216328	      0.93597350	     -0.10070945	     -0.59224227	      4.96507790	      0.36031815	      0.00000000	      6.83450320	     -1.83656651	      0.00000000	     -3.48475792	      1.89053968	     -0.73142136	      0.00000000	     13.70934391	      5.16659831	      0.00000000	      2.51875119	      1.73112569	     -4.34142623	     -2.56810214	     -5.59220002	     13.44938779	     26.22486988	     79.90230309	     -2.03660269	     -8.84206931	     22.03990147	     26.14965466	     76.53398713
      7.58333330	     -2.54987539	     -2.25302770	     -0.99754819	      0.58187742	      0.93615052	     -0.10063739	     -0.56882661	      4.87761450	      0.41001786	      0.00000000	      6.88269744	     -1.84019946	      0.00000000	     -3.43603557	      1.98977348	     -0.76571034	      0.00000000	     13.57356506	      5.19051534	      0.00000000	      2.47119753	      1.78341948	     -4.33376569	     -2.51281289	     -5.63695065	     13.46861124	     26.21128332	     79.90913078	     -2.03830082	     -8.82105670	     22.06249876	     26.13738917	     76.53315383
      7.60000000	     -2.55009002	     -2.25424143	     -0.99931054	      0.58188326	      0.93639363	     -0.10053531	     -0.57274786	      4.87998482	      0.41053970	      0.00000000	      6.88360841	     -1.84043675	      0.00000000	     -3.43092232	      1.99193950	     -0.76583925	      0.00000000	     13.57256955	      5.19071672	      0.00000000	      2.47111836	      1.78221922	     -4.33418721	     -2.51257840	     -5.63740979	     13.46887813	     26.21104984	     79.90922278	     -2.03802361	     -8.82078494	     22.06278835	     26.13733014	     76.53314280
      7.61666670	     -2.54904865	     -2.25172722	     -1.01157324	      0.58200380	      0.93661423	     -0.10031320	     -0.58394327	      4.89377414	      0.41621976	      0.00000000	      6.89293945	     -1.84243557	      0.00000000	     -3.41153165	      1.99427300	     -0.76523486	      0.00000000	     13.56679067	      5.19270938	      0.00000000	      2.46756861	      1.77724846	     -4.33854200	     -2.51270097	     -5.63988091	     13.47074532	     26.20885650	     79.90982621	     -2.03466024	     -8.82073105	     22.06444242	     26.13666635	     76.53305424
      7.63333330	     -2.54577696	     -2.25246014	     -1.01273948	      0.58214527	      0.93676621	     -0.10031289	     -0.58226004	      4.89442290	      0.41718200	      0.00000000	      6.89431527	     -1.84273336	      0.00000000	     -3.40861119	      1.99386011	     -0.76499355	      0.00000000	     13.56647865	      5.19294420	      0.00000000	      2.46683799	      1.77702095	     -4.33911862	     -2.51278778	     -5.64006001	     13.47098010	     26.20857904	     79.90989757	     -2.03411989	     -8.82091746	     22.06460666	     26.13656685	     76.53304163
      7.65000000	     -2.56204488	     -2.29300025	     -1.05947338	      0.58197056	      0.93713430	     -0.10015659	     -0.53977499	      4.96057103	      0.48106073	      0.00000000	      6.98927192	     -1.86895274	      0.00000000	     -3.37479883	      1.93245994	     -0.74981037	      0.00000000	     13.57030174	      5.20493016	      0.00000000	      2.40738754	      1.78488652	     -4.37506279	     -2.52188685	     -5.65107195	     13.48776081	     26.18637706	     79.91485280	     -2.00321092	     -8.83272997	     22.07687704	     26.12531884	     76.53222327
      7.66666670	     -2.56493292	     -2.29343941	     -1.05701302	      0.58203262	      0.93798774	     -0.10010935	     -0.53736234	      4.96142312	      0.48197399	      0.00000000	      6.99031559	     -1.86944153	      0.00000000	     -3.37605284	      1.93264295	     -0.75009399	      0.00000000	     13.57093341	      5.20467512	      0.00000000	      2.40740932	      1.78620398	     -4.37447577	     -2.52086912	     -5.65103862	     13.48802370	     26.18645054	     79.91493680	     -2.00327868	     -8.83284770	     22.07708939	     26.12504789	     76.53220894
      7.68333330	     -2.56421950	     -2.28498217	     -1.04263144	      0.58208449	      0.93877085	     -0.09993550	     -0.52849074	      4.97265406	      0.48638819	      0.00021499	      6.99474669	     -1.87265584	      0.00000000	     -3.37967299	      1.92497919	     -0.75255586	      0.00000000	     13.57483477	      5.20321442	      0.00000000	      2.40651584	      1.79524557	     -4.36962355	     -2.51288687	     -5.65012920	     13.48991931	     26.18669517	     79.91553218	     -2.00443526	     -8.83337814	     22.07865122	     26.12231987	     76.53209755
      7.70000000	     -2.56702057	     -2.28494683	     -1.04100860	      0.58217060	      0.93905183	     -0.09994033	     -0.52886851	      4.97304966	      0.48683918	      0.00072367	      6.99500438	     -1.87301719	      0.00000000	     -3.38034793	      1.92407177	     -0.75291763	      0.00000000	     13.57511195	      5.20303489	      0.00000000	      2.40619696	      1.79616283	     -4.36900708	     -2.51167052	     -5.64985021	     13.49014822	     26.18679518	     79.91560405	     -2.00438260	     -8.83357040	     22.07880134	     26.12198195	     76.53208002
      7.71666670	     -2.58669544	     -2.28571779	     -1.02381828	      0.58252392	      0.93876111	     -0.10000967	     -0.53144915	      4.96814952	      0.49105874	      0.00591181	      6.99515363	     -1.87425399	      0.00000000	     -3.39565137	      1.91563587	     -0.75682641	      0.00000000	     13.57421221	      5.20215404	      0.00000000	      2.40423727	      1.80341572	     -4.36350214	     -2.50234569	     -5.64688901	     13.49192180	     26.18751045	     79.91614483	     -2.00510943	     -8.83525858	     22.07990583	     26.11882084	     76.53193658
      7.73333330	     -2.58589720	     -2.28866122	     -0.95805297	      0.58272566	      0.93822780	     -0.10027685	     -0.53883788	      4.95594606	      0.51037678	      0.02308530	      6.99383949	     -1.87817099	      0.00000000	     -3.40869307	      1.91001591	     -0.77472169	      0.00000000	     13.55725629	      5.20289753	      0.00000000	      2.40770658	      1.83912167	     -4.34139391	     -2.46920504	     -5.63364633	     13.50114904	     26.18664668	     79.91890559	     -2.01597790	     -8.83968727	     22.08668159	     26.10139050	     76.53128440
      7.75000000	     -2.59472635	     -2.29087269	     -0.95559840	      0.58299601	      0.93771179	     -0.10041230	     -0.53540589	      4.94368169	      0.51152446	      0.02245018	      6.99325080	     -1.87949270	      0.00000000	     -3.42603535	      1.90262462	     -0.77726426	      0.00000000	     13.55121376	      5.20393118	      0.00000000	      2.40710553	      1.84219453	     -4.34094784	     -2.46587054	     -5.63217161	     13.50270044	     26.18538877	     79.91937966	     -2.01603705	     -8.83915803	     22.08802709	     26.09886128	     76.53117794
      7.76666670	     -2.60271406	     -2.28955231	     -0.95181698	      0.58322236	      0.93735804	     -0.10053763	     -0.54025186	      4.93104410	      0.51177195	      0.02570104	      6.99169120	     -1.88097545	      0.00000000	     -3.43829844	      1.89795800	     -0.78139490	      0.00000000	     13.54307083	      5.20481979	      0.00000000	      2.40833756	      1.84663178	     -4.33903270	     -2.46233620	     -5.63059857	     13.50436243	     26.18396241	     79.91988818	     -2.01857303	     -8.83782553	     22.08966552	     26.09564842	     76.53106492
      7.78333330	     -2.56999721	     -2.25483234	     -0.91978596	      0.58342746	      0.93736639	     -0.10085757	     -0.59676363	      4.87124700	      0.49659726	      0.04893592	      6.97462083	     -1.90280178	      0.00000000	     -3.48781386	      1.94401061	     -0.83618419	      0.00000000	     13.45695750	      5.21095367	      0.00000000	      2.44769024	      1.89636408	     -4.32277394	     -2.43998891	     -5.62075410	     13.52139291	     26.16266346	     79.92515496	     -2.05524553	     -8.81574848	     22.10824460	     26.06166958	     76.52986604
      7.80000000	     -2.58496467	     -2.26124025	     -0.92734138	      0.58352071	      0.93773945	     -0.10104279	     -0.60979020	      4.85870200	      0.49331455	      0.05149585	      6.97441475	     -1.90559185	      0.00000000	     -3.49070537	      1.93964328	     -0.83985293	      0.00000000	     13.45313462	      5.21105842	      0.00000000	      2.44717407	      1.89335144	     -4.32595877	     -2.43959730	     -5.62107935	     13.52247203	     26.16019746	     79.92552592	     -2.05276549	     -8.81465734	     22.10930058	     26.06033258	     76.52973344
      7.81666670	     -2.59508285	     -2.26461707	     -0.92771849	      0.58343200	      0.93823345	     -0.10106426	     -0.61505663	      4.85458021	      0.49248183	      0.05283119	      6.97462194	     -1.90630452	      0.00000000	     -3.49308430	      1.94017571	     -0.84094363	      0.00000000	     13.45308197	      5.21077007	      0.00000000	      2.44744753	      1.89333862	     -4.32655300	     -2.43928215	     -5.62104474	     13.52266721	     26.15983846	     79.92559324	     -2.05185624	     -8.81466341	     22.10941824	     26.06023597	     76.52970270
      7.83333330	     -2.60514950	     -2.24136662	     -0.88738075	      0.58361786	      0.93824800	     -0.10128249	     -0.66809182	      4.79105554	      0.44790685	      0.00000000	      6.99773149	     -1.94386567	      0.00000000	     -3.50210324	      1.99411661	     -0.91655957	      0.00000000	     13.48657057	      5.18574718	      0.00000000	      2.48266864	      1.93042637	     -4.36419558	     -2.41518620	     -5.62655808	     13.53240115	     26.13784466	     79.92921628	     -1.98283282	     -8.80911533	     22.11534028	     26.06143803	     76.52789562
      7.85000000	     -2.62244330	     -2.24449018	     -0.88070030	      0.58383405	      0.93772366	     -0.10115130	     -0.68329352	      4.79280567	      0.44448633	      0.00165025	      7.00040482	     -1.94730543	      0.00000000	     -3.50784292	      1.99687083	     -0.92200763	      0.00000000	     13.49198222	      5.18413438	      0.00000000	      2.48304075	      1.92824446	     -4.36640823	     -2.41145313	     -5.62736236	     13.53328902	     26.13564156	     79.92959568	     -1.97873235	     -8.80834393	     22.11637887	     26.06054533	     76.52771940
