Coordinates
version=1
nRows=354
nColumns=34
inDegrees=yes

Units are S.I. units (second, meters, Newtons, ...)
If the header above contains a line with 'inDegrees', this indicates whether rotational values are in degrees (yes) or radians (no).

endheader
time	pelvis_tilt	pelvis_list	pelvis_rotation	pelvis_tx	pelvis_ty	pelvis_tz	hip_flexion_r	hip_adduction_r	hip_rotation_r	knee_angle_r	ankle_angle_r	subtalar_angle_r	mtp_angle_r	hip_flexion_l	hip_adduction_l	hip_rotation_l	knee_angle_l	ankle_angle_l	subtalar_angle_l	mtp_angle_l	lumbar_extension	lumbar_bending	lumbar_rotation	arm_flex_r	arm_add_r	arm_rot_r	elbow_flex_r	pro_sup_r	arm_flex_l	arm_add_l	arm_rot_l	elbow_flex_l	pro_sup_l
      0.00000000	     -1.46092578	     -4.02351796	     -3.63970754	     -1.56790338	      0.99010645	      0.02916372	     -0.42645845	      6.22617478	     -1.15311893	      7.48099785	      1.49926088	    -11.21712586	      0.00000000	     -2.80627029	     -3.41389252	     -3.78849117	      1.53978084	     14.13670024	     -0.22731792	      0.00000000	     -0.47916681	      5.84570490	     -5.16438169	      3.21655770	     -5.31673785	      9.34858797	     22.59124716	     86.08115239	     -4.88780098	     -3.92631511	      2.24191637	     29.73565469	     83.41783315
      0.01666670	     -4.34869594	     -1.61003024	     -3.82477160	     -1.56437503	      0.98455507	      0.02931708	      3.13999668	      4.16397862	      0.11942611	      7.48473279	      5.73654667	     -8.63614844	      0.00000000	      1.48744343	     -0.43576721	     -4.26530612	      3.03162334	     13.80384443	      0.19620644	      0.00000000	      4.33982443	      3.73506144	     -5.19624321	      1.74436940	     -4.87750829	      8.50471528	     22.07255412	     86.31189397	     -5.58669336	     -4.15098746	      0.58557597	     28.80410625	     82.92434361
      0.03333330	     -4.89567859	     -0.32132051	     -4.19869088	     -1.56410648	      0.98338047	      0.03031000	      3.60969559	      2.70951735	     -0.25073726	      6.94756693	      7.03390619	     -6.54624731	      0.00000000	      2.11330168	      0.90984670	     -5.88878932	      3.41621430	     13.61814301	      1.18779716	      0.00000000	      5.58090263	      2.37946651	     -5.00229736	      1.48702962	     -4.78173492	      9.05567500	     22.10104328	     86.86695528	     -5.87568168	     -4.95049427	      1.95980256	     28.55365616	     82.90547506
      0.05000000	     -4.27987319	      0.09644954	     -4.32340523	     -1.56427733	      0.98570050	      0.03053574	      2.71505024	      2.16013768	     -0.35661551	      6.51039818	      7.99302270	     -5.21681745	      0.00000000	      0.84940129	      1.58189708	     -6.07412637	      2.69793258	     13.11866018	      1.11163079	      0.00000000	      5.17089458	      1.94599182	     -4.59215198	      1.46376468	     -4.90832439	     10.68783613	     22.01971558	     87.92540187	     -5.50136293	     -5.77930963	      6.24153732	     28.06393131	     83.06225986
      0.06666670	     -4.26116988	      0.21831001	     -4.42387209	     -1.56500520	      0.98651575	      0.03092798	      2.52155752	      2.11093776	      0.09716613	      6.07722076	      8.34601399	     -5.10975750	      0.00000000	      0.74368364	      1.77051979	     -6.23687016	      2.53171887	     12.86169939	      1.07474527	      0.00000000	      5.27005506	      1.88222931	     -4.60072960	      1.48749687	     -4.88761623	     10.75341299	     22.07746377	     87.96976114	     -5.54442729	     -5.83960310	      6.42978386	     27.94713544	     83.04435695
      0.08333330	     -3.55652642	      0.10781190	     -4.47931755	     -1.56589303	      0.98827653	      0.03105328	      1.58345517	      2.22536357	      0.39613233	      5.71400792	      8.54271406	     -4.68098882	      0.00000000	     -0.21239535	      1.76520479	     -6.12486727	      2.00227051	     12.42351339	      0.81934125	      0.00000000	      4.48927205	      2.05232748	     -4.10782970	      1.49814547	     -5.22819257	     11.99242968	     22.27819115	     88.91611457	     -4.26448404	     -6.32720154	     10.50465882	     26.32093073	     82.30602592
      0.10000000	     -3.52731003	      0.10937343	     -4.48090293	     -1.56621330	      0.98847107	      0.03115586	      1.55104397	      2.23521959	      0.40362370	      5.72389055	      8.54634753	     -4.67926996	      0.00000000	     -0.15614946	      1.77178813	     -6.12649339	      1.97670824	     12.41764195	      0.82002865	      0.00000000	      4.49120652	      2.05009775	     -4.11038330	      1.50288825	     -5.22957212	     11.99175805	     22.27891219	     88.91627316	     -4.25186412	     -6.32670746	     10.50487230	     26.32456722	     82.30474069
      0.11666670	     -2.85440848	      0.05727641	     -4.35454026	     -1.56653465	      0.98900056	      0.03112173	      0.65738263	      2.28472887	      0.94287610	      5.50298619	      8.75181853	     -4.82042496	      0.00000000	     -0.86138820	      1.75545409	     -5.98895207	      1.76335380	     11.60172550	      0.44699810	      0.00000000	      3.45692149	      1.92696620	     -3.96809206	      1.89344725	     -5.20608708	     11.86841822	     22.11817338	     88.99282042	     -3.30230873	     -6.39640363	     10.74179096	     25.92716480	     81.81976527
      0.13333330	     -2.77377433	      0.02643595	     -4.16451140	     -1.56552270	      0.98817928	      0.03097930	      0.43039097	      2.32911433	      0.99260017	      5.43024764	      8.80053105	     -4.87802902	      0.00000000	     -0.84077764	      1.68509813	     -5.93128080	      1.92487203	     11.43621614	      0.44906454	      0.00000000	      3.35639901	      1.88452708	     -4.06615233	      1.80939170	     -5.17934826	     11.85113042	     22.08941277	     89.00951976	     -3.11587185	     -6.49025687	     10.77799132	     25.84437491	     81.71890510
      0.15000000	     -2.74329568	      0.01180722	     -4.05612497	     -1.56434142	      0.98739242	      0.03091256	      0.31805280	      2.34843480	      1.04508752	      5.49688016	      8.79284478	     -4.87593559	      0.00000000	     -0.88699375	      1.64100211	     -5.92999420	      1.96035627	     11.40126763	      0.43611400	      0.00000000	      3.37902280	      1.81145382	     -4.11945617	      1.75364546	     -5.20804380	     11.84459707	     22.06814666	     89.01229946	     -3.07459636	     -6.50334587	     10.78454121	     25.82594482	     81.70033355
      0.16666670	     -2.66933575	      0.00498265	     -3.97149284	     -1.56339549	      0.98727055	      0.03097667	      0.12896076	      2.36273226	      1.08497626	      5.47189460	      8.82506577	     -4.92127385	      0.00000000	     -0.98811323	      1.60267105	     -5.88036639	      2.05977226	     11.28610881	      0.44029121	      0.00000000	      3.38132695	      1.72503395	     -4.25051554	      1.55174969	     -5.21871288	     11.84539498	     22.00009742	     89.01905116	     -3.00213390	     -6.58617178	     10.78546764	     25.76979978	     81.66806721
      0.18333330	     -2.00492100	     -0.05018686	     -3.64513268	     -1.56231954	      0.98835905	      0.03071112	     -1.06119709	      2.40277635	      1.08757691	      4.74341613	      8.36942007	     -5.44849684	      0.00000000	     -1.93506429	      1.58574938	     -5.31527973	      1.73552027	     10.78839591	      0.02013439	      0.00000000	      2.56265560	      1.64367120	     -4.49075777	      1.66377914	     -5.10209788	     11.76612625	     21.95645479	     89.13126356	     -2.48817494	     -6.62056657	     11.15421913	     24.84381171	     81.14732176
      0.20000000	     -2.04270634	     -0.04661298	     -3.62849164	     -1.56109544	      0.98822923	      0.03084187	     -1.05801685	      2.40629678	      1.09238848	      4.73882095	      8.36803144	     -5.44854126	      0.00000000	     -1.98511294	      1.58529503	     -5.31297993	      1.75419312	     10.78379075	      0.02237207	      0.00000000	      2.56559688	      1.64060397	     -4.50002205	      1.64869367	     -5.10499399	     11.76617871	     21.95053993	     89.13188999	     -2.47951257	     -6.62450731	     11.15499118	     24.84421248	     81.14512952
      0.21666670	     -2.00582310	     -0.09667990	     -3.35894373	     -1.55960753	      0.98836703	      0.03086385	     -1.49205547	      2.50171937	      1.01846271	      4.13513642	      8.26754802	     -5.57857682	      0.00000000	     -2.35802317	      1.53206825	     -4.96562722	      1.35362781	     10.60828025	      0.26576457	      0.00000000	      2.88241937	      1.56767715	     -4.63897350	      1.15079707	     -5.07576268	     11.78788932	     21.77220426	     89.16432125	     -2.48098114	     -6.75148623	     11.22287480	     24.70498881	     81.05685895
      0.23333330	     -1.61890533	     -0.15204902	     -3.19618136	     -1.56004141	      0.98919841	      0.03073708	     -2.24217869	      2.56655994	      1.07923959	      3.47480108	      7.52630021	     -5.94492433	      0.00000000	     -3.03050410	      1.51465633	     -4.78124640	      1.01319134	     10.37649413	      0.31292278	      0.00000000	      2.41530143	      1.55252573	     -4.89857497	      1.26223308	     -5.05474842	     11.76253907	     21.66917709	     89.28956554	     -2.16509537	     -6.74513811	     11.66336285	     24.15293100	     80.71856981
      0.25000000	     -1.64345656	     -0.19445096	     -3.15132441	     -1.56102570	      0.98946341	      0.03078301	     -2.32165354	      2.65401018	      1.07532197	      3.21563378	      7.56856225	     -6.04109106	      0.00000000	     -3.19651505	      1.47219478	     -4.67497058	      0.75766966	     10.33456509	      0.37658291	      0.00000000	      2.52363871	      1.56710349	     -4.89044926	      1.16922225	     -5.04098087	     11.77263007	     21.61807914	     89.31781881	     -2.11907333	     -6.81827515	     11.72606284	     24.10247212	     80.65671859
      0.26666670	     -1.64689933	     -0.19086362	     -3.14810881	     -1.56197741	      0.98966560	      0.03063199	     -2.27916768	      2.66494011	      1.07397421	      3.18439633	      7.56911500	     -6.04282273	      0.00000000	     -3.24266157	      1.47479248	     -4.67449383	      0.77290721	     10.33084414	      0.37748788	      0.00000000	      2.52404149	      1.56071186	     -4.89328410	      1.16831578	     -5.04253548	     11.77246699	     21.61718958	     89.31835465	     -2.11671190	     -6.81720983	     11.72783148	     24.10155521	     80.65565890
      0.28333330	     -1.67378037	     -0.20005064	     -3.22986859	     -1.56251496	      0.99002284	      0.03067378	     -2.23925648	      2.68964948	      1.05307722	      3.03444783	      7.58050026	     -6.06334029	      0.00000000	     -3.27674939	      1.45971553	     -4.65505589	      0.73787911	     10.29170502	      0.39333031	      0.00000000	      2.51225178	      1.51061749	     -4.91376352	      1.20041116	     -5.04853017	     11.77080555	     21.62179347	     89.32258684	     -2.06350437	     -6.82364741	     11.73755946	     24.09833601	     80.64784479
      0.30000000	     -1.71919542	     -0.19023769	     -3.21659753	     -1.56325761	      0.99040509	      0.03054951	     -2.22917976	      2.69041964	      1.07966233	      2.76176209	      7.59838052	     -6.08105910	      0.00000000	     -3.27187672	      1.47365292	     -4.62066265	      0.63024992	     10.18668802	      0.43060579	      0.00000000	      2.48389376	      1.50500245	     -4.88398224	      1.32966687	     -5.03096046	     11.77189862	     21.64886166	     89.33370957	     -1.98258171	     -6.86768924	     11.75534373	     24.06739489	     80.62997618
      0.31666670	     -1.68039712	     -0.19662618	     -3.22097576	     -1.56420199	      0.99076359	      0.03043627	     -2.19539643	      2.69373482	      1.08234356	      2.73533386	      7.59940424	     -6.08143805	      0.00000000	     -3.27382658	      1.48059926	     -4.61652832	      0.62880560	     10.18130586	      0.43358283	      0.00000000	      2.48496187	      1.50345905	     -4.88675823	      1.32695096	     -5.03130796	     11.77213702	     21.64706424	     89.33432289	     -1.98121916	     -6.86792354	     11.75673083	     24.06525832	     80.62916944
      0.33333330	     -1.67222785	     -0.19528619	     -3.32641689	     -1.56483293	      0.99047155	      0.03054891	     -2.15313983	      2.68651190	      1.10583040	      2.61150223	      7.61411821	     -6.08996600	      0.00000000	     -3.21818173	      1.50007287	     -4.55577538	      0.61545077	     10.12254670	      0.47229139	      0.00000000	      2.40343059	      1.50230381	     -4.90070112	      1.36288327	     -5.03137524	     11.77268275	     21.64247598	     89.33969507	     -1.92908797	     -6.87346937	     11.76665490	     24.05158163	     80.62189758
      0.35000000	     -1.61945177	     -0.20031124	     -3.31985588	     -1.56505037	      0.99001580	      0.03058783	     -2.13607353	      2.68547228	      1.11439210	      2.59344176	      7.61541469	     -6.08978347	      0.00000000	     -3.18053687	      1.50928683	     -4.55007583	      0.60059378	     10.11566186	      0.47627685	      0.00000000	      2.39279844	      1.50427033	     -4.89509542	      1.37102895	     -5.03062062	     11.77288686	     21.64237074	     89.34056437	     -1.92937465	     -6.87403589	     11.76832890	     24.04718635	     80.62078415
      0.36666670	     -1.63780579	     -0.16117020	     -3.28391699	     -1.56534102	      0.98984255	      0.03052376	     -2.09474891	      2.63957394	      1.20782868	      2.48456823	      7.63208196	     -6.10509524	      0.00000000	     -3.03032064	      1.55262991	     -4.44775103	      0.65946437	     10.00507946	      0.54229776	      0.00000000	      2.17143105	      1.52009622	     -4.83494613	      1.48967251	     -5.02681576	     11.77322621	     21.63752192	     89.35088140	     -1.89827336	     -6.87147934	     11.78775627	     24.00097919	     80.60712901
      0.38333330	     -1.62338151	     -0.16058011	     -3.28528150	     -1.56510689	      0.98997937	      0.03051457	     -2.09100397	      2.63976079	      1.20833033	      2.48323315	      7.63203871	     -6.10546848	      0.00000000	     -3.02228733	      1.55121593	     -4.44693564	      0.65723158	     10.00451010	      0.54263589	      0.00000000	      2.17153798	      1.51945590	     -4.83527812	      1.48986927	     -5.02697403	     11.77321240	     21.63725872	     89.35097537	     -1.89741637	     -6.87122265	     11.78793950	     24.00089764	     80.60700214
      0.40000000	     -1.52058697	     -0.16767731	     -3.27087383	     -1.56507278	      0.99048100	      0.03049902	     -2.13506679	      2.64913664	      1.24260463	      2.58939085	      7.60949363	     -6.15836324	      0.00000000	     -3.01715727	      1.52470200	     -4.36355293	      0.86677690	      9.91430907	      0.58991273	      0.00000000	      2.13962640	      1.46340631	     -4.82078780	      1.54665088	     -5.02940200	     11.77208287	     21.61110024	     89.36125621	     -1.84115562	     -6.82969205	     11.80942584	     23.97836600	     80.59294208
      0.41666670	     -1.52885157	     -0.16439564	     -3.25605643	     -1.56466888	      0.99073429	      0.03054604	     -2.12365915	      2.64683693	      1.24000013	      2.58765779	      7.60822659	     -6.16572191	      0.00000000	     -3.03248995	      1.52496990	     -4.36460448	      0.87696191	      9.91486921	      0.58808888	      0.00000000	      2.12778584	      1.46832856	     -4.81606467	      1.55084105	     -5.02612119	     11.77251653	     21.60794426	     89.36218294	     -1.83947999	     -6.82975887	     11.81062854	     23.97444855	     80.59164130
      0.43333330	     -1.53508482	     -0.16402642	     -3.24589594	     -1.56438776	      0.99105930	      0.03061194	     -2.10936944	      2.64787571	      1.23612286	      2.58321491	      7.60627124	     -6.17089453	      0.00000000	     -3.05382728	      1.52747517	     -4.36512668	      0.88816205	      9.91516400	      0.58706334	      0.00000000	      2.12264748	      1.47079527	     -4.81144504	      1.55378501	     -5.02321644	     11.77284148	     21.60595260	     89.36271493	     -1.84080617	     -6.82874710	     11.81147156	     23.97166652	     80.59089713
      0.45000000	     -1.49227518	     -0.16107536	     -3.21654768	     -1.56405458	      0.99145371	      0.03063068	     -2.15298385	      2.64010014	      1.09131370	      2.59363577	      7.53432058	     -6.29779902	      0.00000000	     -3.12477011	      1.53638964	     -4.36659560	      0.89677144	      9.92874791	      0.56758102	      0.00000000	      2.06246858	      1.50502276	     -4.69947756	      1.58372679	     -4.94567580	     11.78177739	     21.54463020	     89.37404382	     -1.91709686	     -6.79263455	     11.83210276	     23.90037858	     80.57499997
      0.46666670	     -1.47903618	     -0.15985129	     -3.27713331	     -1.56381033	      0.99162602	      0.03072347	     -2.18216729	      2.63714894	      1.04736882	      2.56982130	      7.48441406	     -6.34150330	      0.00000000	     -3.17698464	      1.53942801	     -4.36449562	      0.87289414	      9.92629740	      0.56103728	      0.00000000	      2.05681095	      1.47434223	     -4.72100318	      1.56027211	     -4.95079984	     11.77952634	     21.49020645	     89.37877882	     -1.87837456	     -6.77538206	     11.83969131	     23.88879659	     80.56622023
      0.48333330	     -1.01206492	     -0.15016063	     -3.23299938	     -1.56364117	      0.99208521	      0.03070778	     -2.96875029	      2.60572350	      1.28816465	      2.07361463	      6.72356013	     -7.08846116	      0.00000000	     -3.88286463	      1.59292536	     -4.29220693	      0.48837309	      9.62637566	      0.43377999	      0.00000000	      1.59489831	      1.44056470	     -4.56600972	      1.92331362	     -4.75625142	     11.70242456	     20.40765437	     89.52338029	     -1.52074393	     -6.67127757	     12.07452685	     23.28412011	     80.26770706
      0.50000000	     -1.01333820	     -0.14904276	     -3.23379960	     -1.56373700	      0.99142469	      0.03073290	     -2.97261927	      2.60361940	      1.28778693	      2.07503888	      6.72313429	     -7.08847760	      0.00000000	     -3.88282711	      1.59037959	     -4.29199365	      0.48760417	      9.62628724	      0.43395277	      0.00000000	      1.59497014	      1.44034882	     -4.56575869	      1.92322750	     -4.75611508	     11.70242886	     20.40753332	     89.52344055	     -1.52130741	     -6.67132458	     12.07464511	     23.28386273	     80.26758563
      0.51666670	     -1.02552746	     -0.13890767	     -3.23347633	     -1.56365123	      0.99066088	      0.03088653	     -2.97473481	      2.59343447	      1.28431354	      2.07170439	      6.71931106	     -7.08901183	      0.00000000	     -3.90054585	      1.57320709	     -4.29054090	      0.48812201	      9.62578938	      0.43481241	      0.00000000	      1.59860190	      1.43789890	     -4.56227261	      1.92213910	     -4.75374539	     11.70264667	     20.40689808	     89.52385443	     -1.52754973	     -6.67103948	     12.07557670	     23.28206171	     80.26675605
      0.53333330	     -1.03440065	     -0.13559218	     -3.22620178	     -1.56371506	      0.99017108	      0.03090156	     -2.95574238	      2.59244217	      1.28078030	      2.05641690	      6.71502288	     -7.08940849	      0.00000000	     -3.93931241	      1.56560794	     -4.28957266	      0.49742493	      9.62522626	      0.43567921	      0.00000000	      1.60500802	      1.43455005	     -4.55778499	      1.91961613	     -4.75031731	     11.70307643	     20.40622617	     89.52421892	     -1.53594028	     -6.67018660	     12.07653281	     23.28017858	     80.26605916
      0.55000000	     -1.03470859	     -0.16473248	     -3.21645307	     -1.56271413	      0.98987806	      0.03099260	     -3.19896853	      2.63793273	      1.10759507	      1.63744517	      6.38981496	     -7.08696363	      0.00000000	     -4.25928513	      1.53914451	     -4.20822855	      0.10325263	      9.62511377	      0.50766539	      0.00000000	      1.98492399	      1.43888275	     -4.46474103	      1.61077649	     -4.63146730	     11.72313717	     20.30477904	     89.54343425	     -1.84464612	     -6.63683958	     12.12019463	     23.24632616	     80.22286285
      0.56666670	     -1.04207843	     -0.16462008	     -3.20350015	     -1.56268458	      0.98980991	      0.03099238	     -3.17779705	      2.64251546	      1.10948860	      1.62311410	      6.38599171	     -7.08573378	      0.00000000	     -4.28956546	      1.53704009	     -4.20827740	      0.11464623	      9.62249949	      0.50879056	      0.00000000	      1.98615629	      1.43415988	     -4.46337995	      1.61298722	     -4.63395724	     11.72255817	     20.30483853	     89.54354960	     -1.84598847	     -6.63496157	     12.12094151	     23.24684529	     80.22226564
      0.58333330	     -1.04790723	     -0.16645235	     -3.20025037	     -1.56286454	      0.98980043	      0.03109733	     -3.17752825	      2.64279627	      1.10953629	      1.62128926	      6.38504063	     -7.08555688	      0.00000000	     -4.29612742	      1.53731499	     -4.20838963	      0.11671251	      9.62192087	      0.50898275	      0.00000000	      1.98689292	      1.43319663	     -4.46282414	      1.61295977	     -4.63441430	     11.72246677	     20.30475746	     89.54357559	     -1.84715929	     -6.63420149	     12.12118644	     23.24679829	     80.22214717
      0.60000000	     -1.03948080	     -0.22370746	     -3.05412134	     -1.56262859	      0.99006910	      0.03122504	     -3.52646883	      2.73383869	      1.07512181	      1.03310263	      6.03584084	     -7.05331127	      0.00000000	     -4.39758053	      1.44912183	     -4.13286876	      0.00000000	      9.41158236	      0.61656675	      0.00000000	      2.23339389	      1.42498993	     -4.43667728	      1.37968995	     -4.63372453	     11.71655056	     20.24322929	     89.55638140	     -2.07341237	     -6.55150342	     12.17868625	     23.27388194	     80.16907727
      0.61666670	     -1.03364254	     -0.22206275	     -3.05721763	     -1.56287441	      0.99029301	      0.03127436	     -3.54011073	      2.73261877	      1.07588489	      1.03454966	      6.03370739	     -7.05329906	      0.00000000	     -4.37737145	      1.44242590	     -4.13205269	      0.00000000	      9.41220485	      0.61662036	      0.00000000	      2.23214301	      1.42148551	     -4.43697657	      1.37926844	     -4.63445493	     11.71619921	     20.24336556	     89.55647525	     -2.07538338	     -6.55105250	     12.17943293	     23.27395162	     80.16838590
      0.63333330	     -1.03181441	     -0.22364084	     -3.06023986	     -1.56264303	      0.99039807	      0.03117373	     -3.55888873	      2.72953130	      1.07887335	      1.03372031	      6.03244503	     -7.05268786	      0.00000000	     -4.35450998	      1.43461461	     -4.13011965	      0.00000000	      9.41205808	      0.61743479	      0.00000000	      2.22867382	      1.41544857	     -4.43660569	      1.37751612	     -4.63359132	     11.71601584	     20.24361771	     89.55661406	     -2.08018034	     -6.54968774	     12.18071727	     23.27347261	     80.16750560
      0.65000000	     -1.03620529	     -0.22565759	     -3.06274529	     -1.56246040	      0.99041364	      0.03114415	     -3.57809222	      2.72638472	      1.08305574	      1.03041581	      6.03272551	     -7.05158924	      0.00000000	     -4.33816382	      1.42956534	     -4.12721440	      0.00000000	      9.41189766	      0.61888741	      0.00000000	      2.22605318	      1.40986386	     -4.43678680	      1.37387558	     -4.63183397	     11.71605579	     20.24364129	     89.55674220	     -2.08546637	     -6.54723294	     12.18217783	     23.27306032	     80.16675475
      0.66666670	     -1.04081256	     -0.22627998	     -3.06332868	     -1.56250757	      0.99058654	      0.03117243	     -3.58352977	      2.72544953	      1.08394576	      1.02992279	      6.03296271	     -7.05133040	      0.00000000	     -4.33634641	      1.42908448	     -4.12644480	      0.00000000	      9.41189554	      0.61927309	      0.00000000	      2.22594403	      1.40881680	     -4.43696148	      1.37286572	     -4.63136014	     11.71609633	     20.24363171	     89.55676550	     -2.08650717	     -6.54651377	     12.18250255	     23.27304830	     80.16662703
      0.68333330	     -1.06593316	     -0.18085987	     -2.94948669	     -1.56170996	      0.99083970	      0.03115767	     -3.94921820	      2.68991110	      1.29970532	      0.35966090	      5.98127730	     -6.94394023	      0.00000000	     -4.29566434	      1.45385465	     -3.97913984	      0.10671212	      9.47855749	      0.70281151	      0.00000000	      2.40921470	      1.26494119	     -4.53387552	      1.15097404	     -4.55451767	     11.71032259	     20.29271619	     89.55989344	     -2.23037855	     -6.54995997	     12.25417015	     23.31534160	     80.11245522
      0.70000000	     -1.06308168	     -0.18075189	     -2.94979566	     -1.56136360	      0.99122797	      0.03117613	     -3.94738886	      2.69044250	      1.29961210	      0.35850747	      5.98077241	     -6.94391331	      0.00000000	     -4.29414587	      1.45472112	     -3.97878208	      0.10690176	      9.47844686	      0.70301918	      0.00000000	      2.40900352	      1.26491493	     -4.53400421	      1.15097746	     -4.55422060	     11.71029666	     20.29298986	     89.55989362	     -2.23055827	     -6.54959112	     12.25440274	     23.31550629	     80.11233240
      0.71666670	     -1.03577623	     -0.14982883	     -2.99543636	     -1.56071122	      0.99175824	      0.03118662	     -4.02744397	      2.64569128	      1.27855849	      0.28693114	      5.93639901	     -6.93407912	      0.00000000	     -4.32113625	      1.50032730	     -3.96882892	      0.18727426	      9.45119081	      0.71854047	      0.00000000	      2.45367496	      1.26223115	     -4.55793884	      1.08139486	     -4.52456937	     11.71107686	     20.29778100	     89.55995495	     -2.29308385	     -6.50287784	     12.27761028	     23.31650124	     80.10355926
      0.73333330	     -1.03715435	     -0.15154563	     -2.99388893	     -1.56063659	      0.99230020	      0.03122905	     -4.02726249	      2.64614344	      1.27860911	      0.28566516	      5.93594454	     -6.93388633	      0.00000000	     -4.32130431	      1.50327139	     -3.96932641	      0.18762040	      9.45108979	      0.71834913	      0.00000000	      2.45405724	      1.26187529	     -4.55797352	      1.08120641	     -4.52441780	     11.71103782	     20.29798100	     89.55994580	     -2.29363660	     -6.50273899	     12.27779926	     23.31646917	     80.10345704
      0.75000000	     -1.04363716	     -0.15487946	     -2.99254628	     -1.56078460	      0.99271477	      0.03132419	     -4.03042854	      2.64685231	      1.27828435	      0.28524706	      5.93524714	     -6.93367477	      0.00000000	     -4.32404215	      1.50901760	     -3.97012377	      0.18961000	      9.45061870	      0.71813976	      0.00000000	      2.45500387	      1.26159848	     -4.55828073	      1.08043224	     -4.52411669	     11.71102017	     20.29808193	     89.55993396	     -2.29450848	     -6.50232178	     12.27807582	     23.31637272	     80.10334300
      0.76666670	     -0.96902681	     -0.09524920	     -3.02439693	     -1.56092296	      0.99302970	      0.03142757	     -4.18965576	      2.57362910	      1.21157684	      0.14792269	      5.83508339	     -6.91165729	      0.00000000	     -4.36990154	      1.60073486	     -4.06688023	      0.32326736	      9.37216467	      0.69448195	      0.00000000	      2.56397080	      1.23062945	     -4.60918740	      0.98942504	     -4.46698222	     11.71128213	     20.31002173	     89.55828170	     -2.38224689	     -6.44438963	     12.31166234	     23.30454219	     80.09014518
      0.78333330	     -0.96255401	     -0.09686436	     -3.02102448	     -1.56153660	      0.99312285	      0.03149119	     -4.18471936	      2.58569400	      1.20903785	      0.13731021	      5.83049531	     -6.91056080	      0.00000000	     -4.36925876	      1.60981995	     -4.07041687	      0.32017323	      9.37154202	      0.69361513	      0.00000000	      2.56285133	      1.22568183	     -4.60994313	      0.98930098	     -4.46666198	     11.71078645	     20.31113693	     89.55810402	     -2.38583671	     -6.44513651	     12.31279638	     23.30322773	     80.08935091
      0.80000000	     -0.94708402	     -0.09984283	     -3.03029255	     -1.56209311	      0.99308108	      0.03144655	     -4.16545825	      2.60041444	      1.19999787	      0.11792619	      5.82389798	     -6.91168864	      0.00000000	     -4.37373108	      1.61859160	     -4.07311747	      0.31693336	      9.37187742	      0.69328272	      0.00000000	      2.56013999	      1.21978899	     -4.61376290	      0.98845736	     -4.46462495	     11.71033196	     20.31264932	     89.55785271	     -2.38650232	     -6.44588881	     12.31420334	     23.30283020	     80.08828884
      0.81666670	     -0.95905012	     -0.11877334	     -3.13187690	     -1.56197197	      0.99246451	      0.03145782	     -4.11960434	      2.63214663	      1.11864811	      0.06040163	      5.78269204	     -6.93452059	      0.00000000	     -4.39766177	      1.61405561	     -4.07880558	      0.25784125	      9.40280460	      0.69062123	      0.00000000	      2.52525487	      1.20318522	     -4.64062107	      0.99011491	     -4.45088003	     11.70811645	     20.32283727	     89.55628772	     -2.36786487	     -6.44981018	     12.32081577	     23.30898694	     80.08239258
      0.83333330	     -0.99634994	     -0.14920856	     -3.17030926	     -1.56152191	      0.99185855	      0.03130394	     -4.03800623	      2.67647495	      0.93447298	      0.04746016	      5.67841517	     -7.00007826	      0.00000000	     -4.49033085	      1.61483664	     -4.10014938	      0.00000000	      9.57733000	      0.66717674	      0.00000000	      2.47359318	      1.25489965	     -4.63906055	      1.01569001	     -4.43147660	     11.70227645	     20.35475796	     89.55212403	     -2.37208656	     -6.45814134	     12.33600170	     23.32133316	     80.06769553
      0.85000000	     -0.95301851	     -0.18154919	     -3.25845656	     -1.56180823	      0.99169944	      0.03131920	     -4.02162992	      2.70852182	      0.82380702	      0.12644033	      5.61588147	     -7.05370375	      0.00000000	     -4.55795976	      1.61123780	     -4.05182264	      0.00000000	      9.71955127	      0.68497846	      0.00000000	      2.48413010	      1.29025416	     -4.65256152	      0.99911217	     -4.46320873	     11.69298618	     20.36759325	     89.54776565	     -2.37598593	     -6.44152241	     12.35075520	     23.34685534	     80.05553252
      0.86666670	     -0.93874887	     -0.23235702	     -3.21236746	     -1.56332843	      0.99204183	      0.03123525	     -3.88530000	      2.76946807	      0.61351702	      0.37480310	      5.52394774	     -7.20230220	      0.00000000	     -4.54112662	      1.57220027	     -3.98936267	      0.00000000	     10.16555056	      0.71653512	      0.00000000	      2.31455152	      1.38725632	     -4.62851816	      1.05027279	     -4.51431662	     11.66925493	     20.44683103	     89.53409427	     -2.31968726	     -6.42784444	     12.38655437	     23.44923097	     80.01398328
      0.88333330	     -0.92272307	     -0.22506501	     -3.21122213	     -1.56445409	      0.99271444	      0.03140861	     -3.88100362	      2.77205162	      0.61512636	      0.37870896	      5.52365923	     -7.20259131	      0.00000000	     -4.53282845	      1.56979320	     -3.98773859	      0.00000000	     10.16549036	      0.71967298	      0.00000000	      2.31776751	      1.38820697	     -4.62879172	      1.04924688	     -4.51513068	     11.66887385	     20.44835277	     89.53381656	     -2.31883502	     -6.42809238	     12.38720832	     23.45146493	     80.01310491
      0.90000000	     -0.87812841	     -0.20237646	     -3.15257842	     -1.56463271	      0.99315237	      0.03140894	     -3.82988608	      2.75116895	      0.70013203	      0.60660820	      5.48877728	     -7.16973034	      0.00000000	     -4.55361884	      1.56591732	     -3.95298553	      0.00000000	     10.06153070	      0.79474128	      0.00000000	      2.30530463	      1.37125206	     -4.65024806	      1.08632572	     -4.50298102	     11.66378774	     20.48951275	     89.52929204	     -2.21054920	     -6.46286713	     12.39065681	     23.50842794	     79.99837258
      0.91666670	     -0.89914668	     -0.18704477	     -3.16339067	     -1.56390153	      0.99314710	      0.03142225	     -3.84009587	      2.73551290	      0.70133862	      0.62361154	      5.49006636	     -7.16974272	      0.00000000	     -4.55728577	      1.54259714	     -3.95162459	      0.00639818	     10.05024221	      0.79924931	      0.00000000	      2.29717615	      1.36952506	     -4.65309006	      1.08675783	     -4.50261309	     11.66339502	     20.49107665	     89.52896346	     -2.20440157	     -6.46468165	     12.39119292	     23.51128732	     79.99743730
      0.93333330	     -0.87646890	     -0.11292696	     -3.24044865	     -1.56404160	      0.99277929	      0.03159126	     -3.68632939	      2.64670109	      0.77744544	      1.02367426	      5.73697590	     -7.16302227	      0.00000000	     -4.58050246	      1.59317440	     -4.10483441	      0.01152020	      9.49879017	      0.93253831	      0.00000000	      2.06929233	      1.25186236	     -4.64545682	      1.14123251	     -4.45210172	     11.63886042	     20.61428232	     89.50681551	     -2.10693126	     -6.57411695	     12.44358276	     23.61633276	     79.93726721
      0.95000000	     -0.90328261	     -0.10790746	     -3.24465350	     -1.56418589	      0.99204381	      0.03159046	     -3.70125161	      2.63591070	      0.77772178	      1.03144664	      5.73986147	     -7.16263457	      0.00000000	     -4.59663035	      1.58290561	     -4.10703568	      0.01731178	      9.49803000	      0.93154614	      0.00000000	      2.07071470	      1.25491003	     -4.64880300	      1.13765292	     -4.45327114	     11.63839674	     20.61421763	     89.50646507	     -2.10303291	     -6.57481841	     12.44431685	     23.61881734	     79.93641155
      0.96666670	     -0.91953581	     -0.10670783	     -3.24556989	     -1.56464808	      0.99186632	      0.03158064	     -3.70840358	      2.63486364	      0.77735137	      1.03428120	      5.74056528	     -7.16281339	      0.00000000	     -4.60474164	      1.58187644	     -4.10759723	      0.02002891	      9.49805043	      0.93132061	      0.00000000	      2.07090945	      1.25537817	     -4.64963187	      1.13659218	     -4.45357627	     11.63832868	     20.61402068	     89.50641190	     -2.10247103	     -6.57495883	     12.44442499	     23.61916182	     79.93629230
      0.98333330	     -0.93516607	     -0.10679824	     -3.24655994	     -1.56507573	      0.99212436	      0.03163028	     -3.71351892	      2.63381649	      0.77666052	      1.03608366	      5.74163644	     -7.16331625	      0.00000000	     -4.61192332	      1.58161568	     -4.10814697	      0.02155978	      9.49849247	      0.93100985	      0.00000000	      2.07081172	      1.25590189	     -4.65067862	      1.13543863	     -4.45400154	     11.63824911	     20.61376755	     89.50635434	     -2.10165896	     -6.57516307	     12.44452041	     23.61958349	     79.93617390
      1.00000000	     -0.97677772	     -0.13804032	     -3.26262441	     -1.56583532	      0.99300097	      0.03176384	     -3.62500154	      2.68076190	      0.70867174	      1.07426937	      5.94261762	     -7.23573250	      0.00000000	     -4.56647824	      1.54180560	     -4.18304309	      0.00000000	      9.62078150	      0.90110774	      0.00000000	      1.97017950	      1.32580897	     -4.68113724	      1.12623380	     -4.47676555	     11.62266991	     20.63512482	     89.49284285	     -1.99658853	     -6.63191616	     12.46897752	     23.68713935	     79.90769520
      1.01666670	     -0.96139173	     -0.13605339	     -3.26602579	     -1.56644457	      0.99380640	      0.03189356	     -3.61568050	      2.68632821	      0.70705469	      1.07417178	      5.94606080	     -7.23626512	      0.00000000	     -4.55152145	      1.53985348	     -4.18035108	      0.00000000	      9.62191572	      0.90406637	      0.00000000	      1.96692031	      1.32470731	     -4.67917904	      1.12914559	     -4.47614432	     11.62221570	     20.63694400	     89.49235136	     -1.99574025	     -6.63131558	     12.47047702	     23.68902262	     79.90670737
      1.03333330	     -1.00107110	     -0.15007647	     -3.23243214	     -1.56700827	      0.99402404	      0.03195809	     -3.49167645	      2.72358982	      0.70208825	      1.10552241	      5.96536463	     -7.22888584	      0.00000000	     -4.42326946	      1.49916415	     -4.14677111	      0.00000000	      9.58858802	      0.96222305	      0.00000000	      1.81318921	      1.30007647	     -4.63080865	      1.26533364	     -4.43385127	     11.61827825	     20.68446055	     89.48615997	     -1.90479621	     -6.64990179	     12.48331194	     23.72777001	     79.89305097
      1.05000000	     -0.96526260	     -0.14483327	     -3.23712042	     -1.56699375	      0.99380557	      0.03192218	     -3.47828926	      2.71775611	      0.70233206	      1.10894812	      5.96447421	     -7.22726569	      0.00000000	     -4.39715511	      1.49157567	     -4.14416254	      0.00000000	      9.58313231	      0.96761800	      0.00000000	      1.80877565	      1.30369087	     -4.63224855	      1.26793149	     -4.43258944	     11.61798471	     20.68521332	     89.48563110	     -1.89485533	     -6.65266502	     12.48411861	     23.73192171	     79.89188197
      1.06666670	     -0.94749414	     -0.14301444	     -3.23837757	     -1.56661764	      0.99350419	      0.03183888	     -3.47264125	      2.71728781	      0.70270686	      1.10816352	      5.96407918	     -7.22684339	      0.00000000	     -4.38649336	      1.48886551	     -4.14351622	      0.00000000	      9.58232926	      0.96854968	      0.00000000	      1.80740580	      1.30395571	     -4.63223834	      1.26872009	     -4.43221996	     11.61796486	     20.68537710	     89.48557012	     -1.89333087	     -6.65316561	     12.48417733	     23.73245514	     79.89173899
      1.08333330	     -0.93623283	     -0.14282934	     -3.23956104	     -1.56636128	      0.99346576	      0.03178655	     -3.46987098	      2.71583590	      0.70299348	      1.10900781	      5.96355619	     -7.22648733	      0.00000000	     -4.37757955	      1.48676977	     -4.14283408	      0.00000000	      9.58161887	      0.96945858	      0.00000000	      1.80584342	      1.30417970	     -4.63221326	      1.26931130	     -4.43191633	     11.61794808	     20.68543768	     89.48551548	     -1.89202857	     -6.65364890	     12.48422684	     23.73292168	     79.89161170
      1.10000000	     -0.94714231	     -0.13593160	     -3.23641450	     -1.56706849	      0.99347795	      0.03170710	     -3.24922741	      2.69404275	      0.71728409	      1.41943012	      5.85095352	     -7.17649003	      0.00000000	     -4.28334748	      1.49604886	     -4.06201183	      0.00000000	      9.43211723	      1.11214034	      0.00000000	      1.50014242	      1.35384160	     -4.61337851	      1.36169502	     -4.41095978	     11.61125687	     20.68325422	     89.47528951	     -1.71174055	     -6.70918464	     12.49856808	     23.80471210	     79.86997271
      1.11666670	     -0.89004732	     -0.14874917	     -3.30491258	     -1.56741169	      0.99373487	      0.03191111	     -3.24616975	      2.71159338	      0.64108939	      1.48297543	      5.85755607	     -7.21215784	      0.00000000	     -4.32682945	      1.48362990	     -4.09712130	      0.00000000	      9.37999780	      1.11901403	      0.00000000	      1.51145028	      1.29891648	     -4.55356338	      1.44495042	     -4.42392138	     11.60214061	     20.69960144	     89.46892017	     -1.71595221	     -6.69151776	     12.51735668	     23.82424842	     79.85952422
      1.13333330	     -0.85989031	     -0.14576376	     -3.30158992	     -1.56765944	      0.99383550	      0.03191111	     -3.23476398	      2.71213950	      0.63948110	      1.48179692	      5.85561032	     -7.21233819	      0.00000000	     -4.31469605	      1.49245794	     -4.10197299	      0.00000000	      9.37256357	      1.11919798	      0.00000000	      1.50469696	      1.30488337	     -4.54724776	      1.44718899	     -4.42254954	     11.60196014	     20.69889157	     89.46835358	     -1.71877220	     -6.69257718	     12.51888357	     23.82446110	     79.85832455
      1.15000000	     -0.84524947	     -0.14536650	     -3.30176055	     -1.56736669	      0.99363677	      0.03187477	     -3.22872625	      2.71255679	      0.63938910	      1.47948329	      5.85515969	     -7.21225538	      0.00000000	     -4.30907710	      1.49306685	     -4.10219677	      0.00000000	      9.37140867	      1.11937994	      0.00000000	      1.50369140	      1.30535099	     -4.54633008	      1.44791313	     -4.42225171	     11.60194546	     20.69894846	     89.46829549	     -1.71904976	     -6.69273359	     12.51903051	     23.82442332	     79.85820069
      1.16666670	     -0.82714094	     -0.14658332	     -3.30186227	     -1.56694930	      0.99295746	      0.03181537	     -3.22160469	      2.71228819	      0.63924269	      1.47681050	      5.85442605	     -7.21212070	      0.00000000	     -4.30325963	      1.49436726	     -4.10231688	      0.00134101	      9.37006708	      1.11965485	      0.00000000	      1.50213123	      1.30581584	     -4.54511179	      1.44888255	     -4.42180417	     11.60193865	     20.69902082	     89.46823165	     -1.71948252	     -6.69298854	     12.51918307	     23.82427524	     79.85806314
      1.18333330	     -0.82814241	     -0.15655855	     -3.30330798	     -1.56654008	      0.99208305	      0.03164972	     -3.21741814	      2.70654086	      0.63536897	      1.47772886	      5.85061404	     -7.21341511	      0.00000000	     -4.31372972	      1.50602148	     -4.10327242	      0.00926442	      9.36625133	      1.11975113	      0.00000000	      1.49171615	      1.30951351	     -4.53843831	      1.45258115	     -4.42057898	     11.60173512	     20.69853367	     89.46777771	     -1.72348551	     -6.69438723	     12.52027718	     23.82314006	     79.85718333
      1.20000000	     -0.82924385	     -0.16112162	     -3.30457800	     -1.56668425	      0.99182305	      0.03168747	     -3.21484642	      2.70667355	      0.63403446	      1.47656350	      5.85036235	     -7.21408997	      0.00000000	     -4.31869796	      1.51098163	     -4.10317600	      0.01092121	      9.36711754	      1.11956286	      0.00000000	      1.48988584	      1.31022221	     -4.53780392	      1.45233870	     -4.42085428	     11.60164768	     20.69812558	     89.46767668	     -1.72445928	     -6.69452719	     12.52052962	     23.82290528	     79.85701597
      1.21666670	     -0.69155752	     -0.23659394	     -3.50369003	     -1.56722796	      0.99184311	      0.03164284	     -3.24301069	      2.75509072	      0.53114753	      1.63559423	      5.82344248	     -7.34698878	      0.00000000	     -4.52385776	      1.49981987	     -4.12553825	      0.00000000	      9.98296331	      0.98201877	      0.00000000	      1.18740240	      1.45362291	     -4.42928298	      1.56070649	     -4.52811258	     11.56473688	     20.66816689	     89.43243109	     -1.74468780	     -6.65405975	     12.59908325	     23.88177172	     79.80210484
      1.23333330	     -0.70116543	     -0.25484487	     -3.57484948	     -1.56744156	      0.99153464	      0.03157347	     -3.23301495	      2.77324734	      0.52235016	      1.59739558	      5.84399004	     -7.36733427	      0.00000000	     -4.53399477	      1.50181025	     -4.10749714	      0.00000000	     10.04427327	      0.98875903	      0.00000000	      1.14171997	      1.47128838	     -4.43616846	      1.55836389	     -4.52911292	     11.56247466	     20.66627992	     89.42808131	     -1.73282126	     -6.66517012	     12.60613597	     23.88993470	     79.79463351
      1.25000000	     -0.65581327	     -0.34111350	     -3.61651168	     -1.56760258	      0.99125438	      0.03130125	     -3.27215255	      2.85668736	      0.57044872	      1.60443441	      5.89467482	     -7.44513791	      0.00000000	     -4.60827954	      1.44291661	     -4.08714116	      0.00000000	     10.63765906	      0.96875472	      0.00000000	      1.02030642	      1.60789941	     -4.41744344	      1.63357285	     -4.58338076	     11.53949180	     20.70613308	     89.39471222	     -1.72476576	     -6.66065544	     12.67137593	     23.95538544	     79.74242943
      1.26666670	     -0.65225121	     -0.34959148	     -3.62470467	     -1.56778256	      0.99153536	      0.03118155	     -3.25923030	      2.85667010	      0.56959472	      1.59607476	      5.89528046	     -7.44636320	      0.00000000	     -4.61640574	      1.44575085	     -4.08575269	      0.00000000	     10.64181245	      0.97067855	      0.00000000	      1.01796519	      1.60646576	     -4.41973867	      1.63164623	     -4.58418758	     11.53923855	     20.70609643	     89.39418624	     -1.72412532	     -6.66075332	     12.67241260	     23.95643203	     79.74160752
      1.28333330	     -0.64685233	     -0.35845770	     -3.64030688	     -1.56815533	      0.99228773	      0.03123580	     -3.22596324	      2.85695655	      0.57093524	      1.57618040	      5.89640823	     -7.44637444	      0.00000000	     -4.63678090	      1.44564508	     -4.08258275	      0.00000000	     10.65416273	      0.97241623	      0.00000000	      1.01302122	      1.60635413	     -4.42499866	      1.62947169	     -4.58711375	     11.53857037	     20.70653386	     89.39320735	     -1.72104536	     -6.66069021	     12.67424112	     23.95890016	     79.74022545
      1.30000000	     -0.64913538	     -0.35813086	     -3.64478824	     -1.56825123	      0.99333575	      0.03136985	     -3.19937333	      2.85753962	      0.57568707	      1.56157657	      5.89708355	     -7.44396411	      0.00000000	     -4.65729936	      1.44259093	     -4.08081728	      0.00000000	     10.66131038	      0.97285867	      0.00000000	      1.01008910	      1.60747824	     -4.42727937	      1.62982753	     -4.58875921	     11.53816149	     20.70739149	     89.39265203	     -1.71921921	     -6.66094640	     12.67522420	     23.96028198	     79.73948605
      1.31666670	     -0.65238655	     -0.35756078	     -3.65262141	     -1.56799880	      0.99411469	      0.03158818	     -3.17477636	      2.85815773	      0.58561556	      1.54589097	      5.89753469	     -7.43799281	      0.00000000	     -4.67645886	      1.43874569	     -4.07812373	      0.00000000	     10.66855630	      0.97361810	      0.00000000	      1.00592599	      1.60897485	     -4.42920358	      1.63152056	     -4.58999703	     11.53771669	     20.70898298	     89.39197209	     -1.71754188	     -6.66208385	     12.67636038	     23.96169127	     79.73860750
      1.33333330	     -0.68434342	     -0.37947449	     -3.83224394	     -1.56799174	      0.99411614	      0.03198578	     -3.16432999	      2.88016235	      0.73428531	      1.43508303	      5.88997075	     -7.33446573	      0.00000000	     -4.68347801	      1.42045338	     -4.05480621	      0.00000000	     10.74871653	      0.98003637	      0.00000000	      0.97365929	      1.62433130	     -4.42870414	      1.65718793	     -4.58990119	     11.53390573	     20.73459264	     89.38313485	     -1.73416308	     -6.69029016	     12.69111436	     23.96947293	     79.72713863
      1.35000000	     -0.66812521	     -0.41008077	     -3.96739465	     -1.56769536	      0.99377526	      0.03206721	     -3.30353300	      2.91192012	      1.06769562	      1.15615404	      5.78408176	     -7.04670499	      0.00000000	     -4.76561795	      1.38881586	     -4.24111646	      0.00000000	     10.91843253	      0.91470928	      0.00000000	      1.02798297	      1.71016286	     -4.33520158	      1.73744544	     -4.59599720	     11.52406402	     20.81785283	     89.35206610	     -1.88134902	     -6.71262787	     12.75258773	     24.00560286	     79.68671269
      1.36666670	     -0.66660362	     -0.40692093	     -3.96911148	     -1.56770910	      0.99320907	      0.03187833	     -3.30153267	      2.91318235	      1.06711840	      1.15442594	      5.78353491	     -7.04657225	      0.00000000	     -4.76933602	      1.38664631	     -4.24160415	      0.00137564	     10.91802630	      0.91493543	      0.00000000	      1.02759064	      1.70996673	     -4.33541227	      1.73700972	     -4.59602522	     11.52406203	     20.81781515	     89.35195768	     -1.88128998	     -6.71263743	     12.75277737	     24.00589605	     79.68655875
      1.38333330	     -0.67576110	     -0.41606996	     -3.98542483	     -1.56740372	      0.99273712	      0.03144488	     -3.30750207	      2.90175422	      1.05920796	      1.15027904	      5.77655985	     -7.04683496	      0.00000000	     -4.78188584	      1.38147989	     -4.24452435	      0.01321766	     10.91280214	      0.91616971	      0.00000000	      1.02716877	      1.70958924	     -4.33506201	      1.73841941	     -4.59656874	     11.52382460	     20.81918065	     89.35111413	     -1.88045792	     -6.71284249	     12.75408250	     24.00843127	     79.68544951
      1.40000000	     -0.61127446	     -0.40109842	     -4.04844318	     -1.56713885	      0.99271504	      0.03118837	     -3.40307925	      2.85463721	      0.98575642	      1.14111357	      5.66618816	     -7.03413720	      0.00000000	     -4.79279957	      1.40027623	     -4.29265680	      0.17945921	     10.81699757	      0.92192323	      0.00000000	      1.05401596	      1.74463522	     -4.28941817	      1.78820610	     -4.61235491	     11.51954924	     20.84559764	     89.34098231	     -1.90075862	     -6.70167200	     12.77125252	     24.03346497	     79.67288311
      1.41666670	     -0.62913348	     -0.40602328	     -4.04169346	     -1.56674123	      0.99261270	      0.03102943	     -3.42969280	      2.83624375	      0.98525612	      1.15317168	      5.65870102	     -7.03209590	      0.00000000	     -4.78148065	      1.38992233	     -4.29890897	      0.18366492	     10.81202721	      0.91991181	      0.00000000	      1.04705493	      1.74285482	     -4.28629750	      1.79195270	     -4.61253588	     11.51940565	     20.84702548	     89.34032547	     -1.90039533	     -6.70166644	     12.77223037	     24.03514255	     79.67202144
      1.43333330	     -0.55313217	     -0.35720375	     -3.96976845	     -1.56681290	      0.99234900	      0.03091594	     -3.55393061	      2.75399486	      0.86426991	      1.10765160	      5.41720408	     -7.00834137	      0.00000000	     -4.63779402	      1.43683010	     -4.48400890	      0.59912838	     10.60884222	      0.85445867	      0.00000000	      0.84776173	      1.67697007	     -4.25634110	      1.83392896	     -4.64033676	     11.51460682	     20.87428889	     89.31440465	     -1.83281475	     -6.69842880	     12.80927965	     24.12608057	     79.63968228
      1.45000000	     -0.57051741	     -0.36436738	     -3.97413774	     -1.56653562	      0.99160499	      0.03090597	     -3.57979369	      2.75188564	      0.86014829	      1.11728197	      5.41467116	     -7.01010149	      0.00000000	     -4.62553020	      1.44023216	     -4.48573878	      0.59439258	     10.61098856	      0.85208134	      0.00000000	      0.84172899	      1.67581054	     -4.25518156	      1.83647922	     -4.63842541	     11.51476068	     20.87580497	     89.31383173	     -1.82973693	     -6.70145340	     12.80960863	     24.12801395	     79.63889549
      1.46666670	     -0.59240901	     -0.37257397	     -3.98176406	     -1.56620175	      0.99080301	      0.03070266	     -3.61736588	      2.74772565	      0.85323288	      1.13023462	      5.41322386	     -7.01368377	      0.00000000	     -4.60403898	      1.44721959	     -4.48968647	      0.58754031	     10.61414168	      0.84772123	      0.00000000	      0.83371399	      1.67387640	     -4.25331147	      1.83881477	     -4.63625999	     11.51497687	     20.87745828	     89.31321027	     -1.82709869	     -6.70556286	     12.80989004	     24.12998933	     79.63804718
      1.48333330	     -0.61398067	     -0.37953538	     -3.98848558	     -1.56604702	      0.99026988	      0.03031520	     -3.66499887	      2.73505939	      0.84674733	      1.14695420	      5.41356192	     -7.01760804	      0.00000000	     -4.57204050	      1.45080850	     -4.49513951	      0.57724989	     10.61724343	      0.84226165	      0.00000000	      0.82657264	      1.67160163	     -4.25048375	      1.84021261	     -4.63432763	     11.51522055	     20.87892634	     89.31267298	     -1.82630802	     -6.70970465	     12.81011806	     24.13142453	     79.63731140
      1.50000000	     -0.61431304	     -0.24479169	     -3.89728500	     -1.56626094	      0.99030127	      0.02957768	     -3.78684024	      2.54435660	      0.67710785	      0.98635107	      5.48146252	     -7.13895724	      0.00000000	     -4.41441484	      1.60964680	     -4.65982596	      0.79959057	     10.65112939	      0.64930217	      0.00000000	      0.67528715	      1.52608476	     -4.21985830	      1.78752440	     -4.63729529	     11.51720950	     20.90938541	     89.29016108	     -1.77594462	     -6.78711087	     12.83267139	     24.21930558	     79.61093353
      1.51666670	     -0.60010247	     -0.25854747	     -3.82039421	     -1.56667894	      0.99069215	      0.02879173	     -3.82701058	      2.50824955	      0.70342274	      1.00791713	      5.47292148	     -7.12974053	      0.00000000	     -4.37864851	      1.60078137	     -4.65138908	      0.84469794	     10.63261204	      0.63839772	      0.00000000	      0.67349751	      1.49439095	     -4.20330464	      1.78720139	     -4.62697233	     11.51841807	     20.92218436	     89.28584419	     -1.77072692	     -6.79816142	     12.83815724	     24.23594263	     79.60609345
      1.53333330	     -0.55379296	     -0.21110798	     -3.63683140	     -1.56669398	      0.99095866	      0.02800363	     -3.91231621	      2.42256796	      0.79106497	      0.97012823	      5.45303259	     -7.09983414	      0.00000000	     -4.21339069	      1.63801034	     -4.58985138	      1.15289076	     10.48076265	      0.61847724	      0.00000000	      0.57745342	      1.40321412	     -4.25000485	      1.67910232	     -4.62185020	     11.52172171	     20.92715247	     89.26920458	     -1.64950858	     -6.83726658	     12.85733978	     24.32287489	     79.58877460
      1.55000000	     -0.54526883	     -0.20230978	     -3.46337430	     -1.56605748	      0.99081290	      0.02713109	     -3.98682495	      2.37831219	      0.69172545	      0.82658612	      5.39267951	     -7.16216076	      0.00000000	     -3.98662347	      1.63483938	     -4.45257733	      1.51860212	     10.35483138	      0.50744169	      0.00000000	      0.41302373	      1.26325077	     -4.25636349	      1.62966829	     -4.59692386	     11.51783679	     20.99860856	     89.23178506	     -1.48165048	     -6.93280905	     12.90564483	     24.45309663	     79.55570078
      1.56666670	     -0.55533823	     -0.23486813	     -3.45807908	     -1.56468496	      0.99039760	      0.02628654	     -3.99881472	      2.35800829	      0.69125136	      0.83904085	      5.38728424	     -7.16317207	      0.00000000	     -3.98520558	      1.64158327	     -4.44970288	      1.52607209	     10.35494712	      0.50388508	      0.00000000	      0.40970905	      1.26108752	     -4.25794437	      1.62768018	     -4.59507484	     11.51776888	     21.00002011	     89.23084991	     -1.47657842	     -6.93602871	     12.90674403	     24.45598308	     79.55492768
      1.58333330	     -0.47297485	     -0.27322973	     -3.16810430	     -1.56400916	      0.99006630	      0.02486523	     -4.03451727	      2.34886233	      0.33194013	      1.05793075	      5.12557049	     -7.42103004	      0.00000000	     -3.86592518	      1.63794799	     -4.12122124	      1.95559985	     10.48231205	      0.25152214	      0.00000000	      0.18728836	      1.23816201	     -4.30646235	      1.49790124	     -4.66426574	     11.48602200	     21.07193243	     89.15969209	     -1.31148863	     -6.95067648	     13.02242221	     24.61373478	     79.50499815
      1.60000000	     -0.51091238	     -0.31410532	     -3.15825314	     -1.56335637	      0.99045367	      0.02379542	     -4.04537385	      2.34253407	      0.33413774	      1.07167792	      5.12289095	     -7.42272737	      0.00000000	     -3.88823342	      1.66892798	     -4.12152936	      1.97480859	     10.48191884	      0.24774245	      0.00000000	      0.18616667	      1.23783237	     -4.30461053	      1.49907217	     -4.66071913	     11.48600977	     21.07392730	     89.15883260	     -1.30944708	     -6.95575774	     13.02302811	     24.61450336	     79.50424867
      1.61666670	     -0.49473086	     -0.32469080	     -3.03764907	     -1.56324383	      0.99139310	      0.02235229	     -4.07977194	      2.28487316	      0.34019872	      1.21518350	      5.10114336	     -7.44958533	      0.00000000	     -3.88824114	      1.74008229	     -4.11792980	      2.10409068	     10.48457151	      0.20025570	      0.00000000	      0.16691668	      1.29268650	     -4.28624749	      1.46965613	     -4.67959329	     11.48151017	     21.06688554	     89.15026314	     -1.32126905	     -6.96706392	     13.03337937	     24.61629976	     79.49767419
      1.63333330	     -0.46360453	     -0.30670235	     -3.05220802	     -1.56393065	      0.99264982	      0.02089067	     -4.00696922	      2.16671554	      0.28210858	      1.50958923	      5.14070165	     -7.58236187	      0.00000000	     -3.73501755	      1.84523456	     -4.03046473	      2.55751198	     10.47215768	      0.07703467	      0.00000000	     -0.10393184	      1.26182837	     -4.30221506	      1.41626141	     -4.78462914	     11.45822295	     21.03164652	     89.12498327	     -1.23734895	     -6.97231117	     13.06105268	     24.64066401	     79.47932853
      1.65000000	     -0.51127126	     -0.30003189	     -2.89589939	     -1.56475473	      0.99375474	      0.01941923	     -3.79067054	      2.09445318	      0.24023971	      1.88539286	      5.35016934	     -7.79917700	      0.00000000	     -3.38268176	      1.88989462	     -3.93277199	      3.10786714	     10.52765784	     -0.23227654	      0.00000000	     -0.44332347	      1.10571149	     -4.19305615	      1.69869647	     -4.71028332	     11.43138173	     21.14612717	     89.07901101	     -0.88304836	     -7.07490580	     13.08585005	     24.71732442	     79.44095260
      1.66666670	     -0.53799110	     -0.30738948	     -2.78640115	     -1.56381761	      0.99419034	      0.01785104	     -3.60769072	      2.01751533	      0.21902504	      2.30347033	      5.50922291	     -7.94885865	      0.00000000	     -3.13959697	      1.94540951	     -3.81202822	      3.61437498	     10.54516847	     -0.58134986	      0.00000000	     -0.65454779	      1.01763410	     -4.13764058	      1.69864180	     -4.75538298	     11.38030138	     21.19090257	     89.01729936	     -0.79893960	     -7.10369452	     13.14937702	     24.69336461	     79.39519070
      1.68333330	     -0.58558796	     -0.37079390	     -2.76658521	     -1.56184861	      0.99364949	      0.01600424	     -3.60329368	      1.98749839	      0.22328480	      2.31541609	      5.50865403	     -7.94911235	      0.00000000	     -3.17225983	      1.97854507	     -3.81289873	      3.64895933	     10.54097727	     -0.58549868	      0.00000000	     -0.66599487	      1.01861945	     -4.12794475	      1.70683331	     -4.74664527	     11.38042871	     21.19535367	     89.01645774	     -0.79921932	     -7.11536062	     13.14855114	     24.68972901	     79.39416653
      1.70000000	     -0.61577849	     -0.36764968	     -2.56695656	     -1.56163782	      0.99245542	      0.01358396	     -3.30026947	      1.86741981	      0.02993383	      2.81184353	      5.65906901	     -8.16075925	      0.00000000	     -2.76770687	      2.07874745	     -3.65887520	      4.46397491	     10.70036519	     -1.07879692	      0.00000000	     -1.04138019	      1.01288037	     -4.09083520	      1.84111773	     -4.72842756	     11.30337090	     21.38192417	     88.93348191	     -0.57892544	     -7.20657158	     13.19690248	     24.57975564	     79.32250370
      1.71666670	     -0.66568690	     -0.42637749	     -2.41673312	     -1.56122664	      0.99094241	      0.01131501	     -3.10059078	      1.82685153	     -0.03155477	      2.98109677	      5.77956888	     -8.27252952	      0.00000000	     -2.53554288	      2.13982426	     -3.55725654	      4.99629334	     10.90568924	     -1.45207768	      0.00000000	     -1.19754402	      0.98058130	     -4.07315100	      1.89518419	     -4.78736530	     11.22590822	     21.52396238	     88.86266558	     -0.50736574	     -7.19896524	     13.25173647	     24.44195788	     79.25959490
      1.73333330	     -0.71695009	     -0.49446186	     -2.25515700	     -1.55989578	      0.98936517	      0.00914974	     -2.91587253	      1.79020601	     -0.09352021	      3.08754161	      5.91391092	     -8.37712531	      0.00000000	     -2.30368443	      2.19139246	     -3.49913193	      5.53437877	     11.17814225	     -1.78937833	      0.00000000	     -1.35146870	      0.96030492	     -4.03741673	      1.94817064	     -4.81950100	     11.16026662	     21.65407392	     88.80273259	     -0.44991614	     -7.20229661	     13.29450793	     24.29039646	     79.19975296
      1.75000000	     -0.74671717	     -0.55662301	     -2.10629832	     -1.55690245	      0.98840920	      0.00705922	     -2.83785150	      1.74366945	     -0.13738312	      3.12500317	      5.98996418	     -8.43247426	      0.00000000	     -2.22272108	      2.24914882	     -3.48886791	      5.88704920	     11.30096395	     -1.93278296	      0.00000000	     -1.47746387	      0.92367791	     -3.95935304	      1.93874983	     -4.84537917	     11.13361356	     21.69336356	     88.77990673	     -0.56824040	     -7.20080437	     13.31680178	     24.17170480	     79.17444696
      1.76666670	     -0.78022704	     -0.61740300	     -1.83237273	     -1.55361797	      0.98869216	      0.00468983	     -2.75401524	      1.69393831	     -0.30606478	      3.31487172	      6.12704374	     -8.55849514	      0.00000000	     -1.97574759	      2.28089207	     -3.46550654	      6.59343542	     11.69460518	     -2.29788495	      0.00000000	     -1.58060358	      0.86391752	     -3.96276010	      1.92835990	     -4.83134834	     11.07715819	     21.82660734	     88.72951329	     -0.46609661	     -7.20732030	     13.34250441	     23.99781629	     79.10977089
      1.78333330	     -0.76946170	     -0.68439821	     -1.69266119	     -1.55054449	      0.99042726	      0.00224478	     -2.83736615	      1.62638922	     -0.37274753	      3.50351903	      6.08058661	     -8.57222570	      0.00000000	     -2.04168190	      2.32485640	     -3.44133570	      6.88347982	     11.69884205	     -2.34487555	      0.00000000	     -1.49951709	      0.82373181	     -3.88220455	      1.89343776	     -4.85194897	     11.05921342	     21.85389596	     88.71671612	     -0.61070547	     -7.20311321	     13.35641768	     23.90188856	     79.09243613
      1.80000000	     -0.82072145	     -0.69786706	     -1.42992232	     -1.54842876	      0.99162635	     -0.00070015	     -2.86240177	      1.48513836	     -0.81820973	      3.79227964	      5.92952533	     -8.68764519	      0.00000000	     -1.92879745	      2.42302239	     -3.41785729	      7.31960322	     11.84631921	     -2.56901110	      0.00000000	     -1.56818902	      0.68089908	     -3.85641558	      1.75656128	     -4.84768768	     11.00776984	     21.94177792	     88.67820102	     -0.63188168	     -7.20035200	     13.37884880	     23.69066549	     79.03372804
      1.81666670	     -0.96996328	     -0.73839552	     -1.11965764	     -1.54580826	      0.99082359	     -0.00387514	     -2.80574718	      1.35979301	     -1.23168337	      4.18607108	      5.84748187	     -8.68256579	      0.00000000	     -1.72111752	      2.51627629	     -2.92986746	      7.69370571	     11.85894387	     -2.93065089	      0.00000000	     -1.37410961	      0.58541117	     -3.79540658	      1.49848737	     -4.88190847	     10.74185736	     22.36815138	     88.52163934	     -0.47729954	     -7.15302501	     13.50361744	     23.08327424	     78.80999468
      1.83333330	     -0.96009238	     -0.78043182	     -1.01307353	     -1.54164098	      0.99012410	     -0.00674716	     -2.98254906	      1.21231007	     -1.30528423	      4.56499520	      5.79445373	     -8.69830276	      0.00000000	     -1.82426917	      2.63503533	     -2.94755584	      7.82507902	     11.85320603	     -2.96314604	      0.00000000	     -1.32709218	      0.55656624	     -3.71587992	      1.35100265	     -4.91248298	     10.71921605	     22.34741442	     88.50988738	     -0.68632908	     -7.13899140	     13.52907764	     22.99508292	     78.79331909
      1.85000000	     -0.95522737	     -0.74113672	     -0.83716444	     -1.53673888	      0.99011793	     -0.00935583	     -2.95119310	      0.96338832	     -1.66726617	      5.44880793	      5.94283278	     -8.85082975	      0.00000000	     -1.97875422	      2.83130174	     -2.79760442	      7.83883046	     11.94257853	     -3.00691030	      0.00000000	     -1.38963589	      0.35806017	     -3.59976640	      1.15598720	     -4.90128771	     10.64020217	     22.42535598	     88.47221887	     -0.77949188	     -7.15470451	     13.57647536	     22.87677999	     78.73833001
      1.86666670	     -1.11600184	     -0.74958771	     -0.68145638	     -1.53217795	      0.99021610	     -0.01173776	     -2.48007489	      0.74593304	     -2.03042889	      6.90719477	      6.91294043	     -8.27288441	      0.00000000	     -1.93754280	      2.95791256	     -2.53763387	      8.01556371	     11.82897754	     -3.31153603	      0.00000000	     -1.15382905	      0.21995990	     -3.22720295	      0.51899888	     -4.91718313	      9.98529933	     23.13913884	     88.21950662	     -0.72084318	     -7.15298703	     13.92637103	     22.55327398	     78.42052783
      1.88333330	     -1.00276664	     -0.81595260	     -0.38718597	     -1.52906093	      0.99054622	     -0.01416700	     -2.14435350	      0.61193120	     -2.28078054	      8.63915831	      7.25568020	     -8.56269638	      0.00000000	     -2.36738160	      3.01074767	     -2.17022159	      7.95481366	     11.92455212	     -3.11709189	      0.00000000	     -1.31423323	      0.11848129	     -3.23006030	      0.35754960	     -4.95644903	      9.85292253	     23.17352699	     88.17820519	     -0.79393698	     -7.15307279	     14.00729305	     22.48511734	     78.36850616
      1.90000000	     -1.20528443	     -0.87824818	     -0.25548408	     -1.52717249	      0.99025786	     -0.01637156	     -0.87606773	      0.42718022	     -2.47748908	     11.31554929	      8.63491608	     -8.24064088	      0.00000000	     -2.46288930	      3.06755288	     -2.04226939	      7.95138974	     12.17593900	     -2.77729957	      0.00000000	     -1.12270152	      0.04799789	     -2.97430754	     -0.13362408	     -4.94501725	      9.15130267	     23.61755422	     87.98233467	     -0.85840717	     -7.21541142	     14.38415109	     22.39125751	     78.10313744
      1.91666670	     -1.00372074	     -1.02830047	      0.02698240	     -1.52590304	      0.98994255	     -0.01903304	      0.17026252	      0.34945796	     -2.72497014	     14.06432257	      9.36873453	     -8.80975987	      0.00000000	     -3.09751377	      3.07490292	     -1.53237289	      7.61295171	     12.59874631	     -2.42905957	      0.00000000	     -1.49863440	      0.03873530	     -3.08791550	     -0.15849626	     -4.93245363	      8.95400463	     23.76436484	     87.93636457	     -0.78562272	     -7.26798974	     14.48274632	     22.32387177	     78.02808473
      1.93333330	     -1.20868777	     -1.21304842	      0.08602595	     -1.52377677	      0.98795008	     -0.02152675	      2.06159143	      0.26388338	     -2.97016165	     17.29437031	     10.31985453	     -9.03856676	      0.00000000	     -3.32325415	      3.07139525	     -1.38909989	      7.05534861	     13.24267551	     -1.73816870	      0.00000000	     -1.36179472	      0.07608570	     -2.94113600	     -0.44268530	     -4.95409931	      8.38707876	     24.19617198	     87.82346517	     -0.85782380	     -7.31107801	     14.74188000	     22.35019267	     77.80345307
      1.95000000	     -0.96988945	     -1.30741000	      0.29045382	     -1.52141959	      0.98668534	     -0.02413265	      3.53179264	      0.06804127	     -3.40701537	     20.49007168	     10.69574911	     -9.77460175	      0.00000000	     -4.10789270	      3.19802939	     -0.88011047	      6.21821670	     13.71483409	     -1.33932545	      0.00000000	     -1.79521956	      0.01239290	     -3.09180315	     -0.40246559	     -4.96933055	      8.20832655	     24.35778785	     87.79290352	     -0.75950234	     -7.37101462	     14.80604321	     22.33246001	     77.73534416
      1.96666670	     -1.21860885	     -1.34320332	      0.26414280	     -1.51889765	      0.98584136	     -0.02611880	      5.78479564	     -0.18060598	     -3.63989849	     24.10909273	     11.29044787	    -10.44186554	      0.00000000	     -4.45442981	      3.37431699	     -0.83062206	      5.29611799	     14.12554201	     -0.72864274	      0.00000000	     -1.58173997	     -0.09675326	     -2.94030990	     -0.62693047	     -4.98409809	      7.72724688	     24.75149562	     87.72472798	     -0.89199862	     -7.46681134	     14.95603087	     22.50732822	     77.54444416
      1.98333330	     -1.04246645	     -1.29365431	      0.45320227	     -1.51619197	      0.98655330	     -0.02821341	      7.46753113	     -0.47071228	     -4.01310724	     27.53824185	     11.72894108	    -11.26980376	      0.00000000	     -5.42926747	      3.60685428	     -0.39266947	      4.17516616	     14.41213017	     -0.24999522	      0.00000000	     -1.90910893	     -0.31539009	     -3.11280744	     -0.59833682	     -4.95489115	      7.54646102	     24.94106772	     87.70257457	     -0.84428189	     -7.59284655	     14.99166878	     22.49871186	     77.47951468
      2.00000000	     -1.07842835	     -1.24544297	      0.56753910	     -1.51200168	      0.98722207	     -0.03010792	      9.29716674	     -0.63126229	     -4.14301436	     30.74700866	     12.52740547	    -12.05372302	      0.00000000	     -6.25221541	      3.79601758	     -0.21268985	      2.97913522	     14.50966467	      0.28653862	      0.00000000	     -1.98667780	     -0.54575910	     -3.19405142	     -0.65470158	     -4.88733766	      7.31744327	     25.21750731	     87.67778864	     -0.93715745	     -7.75319932	     15.02225247	     22.55975591	     77.40442579
      2.01666670	     -1.12757809	     -1.24801882	      0.74122218	     -1.50676659	      0.98809514	     -0.03206120	     10.82765694	     -0.59554979	     -4.22714215	     33.13096502	     13.34302323	    -12.61849022	      0.00000000	     -7.05845807	      3.88175755	     -0.01594832	      1.73511730	     14.37361078	      0.85862040	      0.00000000	     -1.95200008	     -0.65563903	     -3.34048420	     -0.78511909	     -4.89928629	      7.09068878	     25.45711928	     87.65394667	     -1.08044585	     -7.81047998	     15.04621355	     22.62310869	     77.34501802
      2.03333330	     -1.20571275	     -1.33396417	      0.92933464	     -1.50180970	      0.98924418	     -0.03398871	     12.09571266	     -0.32417579	     -4.29492245	     34.46086439	     14.06326934	    -12.83420156	      0.00000000	     -7.75620372	      3.84131302	      0.04105154	      0.55878767	     13.88171488	      1.40502202	      0.00000000	     -1.85278837	     -0.66853292	     -3.51617411	     -0.94978984	     -4.90989197	      6.85729702	     25.66914635	     87.62948562	     -1.24655535	     -7.83216887	     15.05620114	     22.66498370	     77.29030693
      2.05000000	     -1.34505688	     -1.53096655	      1.18702624	     -1.49778022	      0.98992183	     -0.03584361	     13.37292119	      0.15180735	     -4.56917819	     34.98620731	     14.67184903	    -12.60980913	      0.00000000	     -8.05364223	      3.64331556	     -0.10701672	      0.00000000	     13.32515559	      1.99227742	      0.00000000	     -1.75626704	     -0.54827194	     -3.78842365	     -1.07885046	     -4.85416817	      6.51896090	     25.92755500	     87.59382285	     -1.37360012	     -7.87865292	     15.03793850	     22.67543969	     77.21259248
      2.06666670	     -1.49142334	     -1.83112814	      1.54602394	     -1.49374596	      0.99089921	     -0.03791603	     14.64948756	      0.77247289	     -5.03608950	     34.80700247	     14.72171410	    -12.16224270	      0.00000000	     -8.09926692	      3.33278270	     -0.10666259	      0.00000000	     13.10133930	      2.65974487	      0.00000000	     -1.67044020	     -0.25810152	     -4.13449791	     -1.17945445	     -4.91354347	      6.18874216	     26.01561532	     87.55901718	     -1.46699415	     -7.77184504	     15.02866053	     22.61261616	     77.14775208
      2.08333330	     -1.56494251	     -2.15224264	      1.90776757	     -1.48986535	      0.99253166	     -0.03962141	     15.97488273	      1.46427434	     -5.52926043	     34.31987957	     14.30356500	    -11.68322312	      0.00000000	     -8.19805240	      3.00014927	     -0.13440197	      0.00000000	     12.85014303	      3.36113694	      0.00000000	     -1.67930405	      0.01901091	     -4.49529949	     -1.18547665	     -4.88845544	      5.89555063	     26.04793875	     87.52812941	     -1.46393693	     -7.71883023	     14.99982730	     22.48520045	     77.08861468
      2.10000000	     -1.65086669	     -2.47384246	      2.30947517	     -1.48651303	      0.99480107	     -0.04096766	     17.29752282	      2.19056076	     -6.00701174	     33.38400438	     13.42677038	    -11.37690543	      0.00000000	     -8.21874221	      2.66428730	     -0.17654687	      0.00000000	     12.81639088	      4.32299170	      0.00000000	     -1.68850579	      0.28310687	     -4.96224838	     -1.10566590	     -4.79373894	      5.42482093	     26.07432561	     87.48464206	     -1.44184943	     -7.66633149	     14.92993898	     22.21561200	     76.98946613
      2.11666670	     -1.63692888	     -2.64089167	      2.68668396	     -1.48406181	      0.99787036	     -0.04189967	     18.50355083	      2.74254372	     -6.48100497	     32.03375810	     11.98038760	    -10.83514138	      0.00000000	     -8.21485125	      2.50596428	     -0.05653701	      0.00000000	     12.45834205	      4.82879019	      0.00000000	     -1.96954216	      0.30568296	     -5.14143822	     -1.01361937	     -4.75280087	      5.28221270	     26.10745062	     87.47354992	     -1.26677458	     -7.68087386	     14.90020187	     22.18546757	     76.96164101
      2.13333330	     -1.63952297	     -2.95672160	      3.22873098	     -1.48048562	      1.00107997	     -0.04296465	     19.29449784	      3.48366464	     -6.89694896	     29.60862919	      9.87401416	    -11.08805759	      0.00000000	     -8.14429618	      2.14764698	     -0.04210955	      0.00000000	     12.54564649	      5.76223702	      0.00000000	     -2.19911887	      0.67494583	     -5.74857097	     -0.89826362	     -4.63546425	      4.79465611	     26.22095496	     87.43168102	     -1.29357698	     -7.63187769	     14.85189130	     21.89776187	     76.89136730
      2.15000000	     -1.47045592	     -3.07073993	      3.67801057	     -1.47579696	      1.00361696	     -0.04368807	     19.73833588	      4.03835167	     -7.09949794	     26.91620077	      7.66782311	    -11.06223053	      0.00000000	     -8.31304555	      1.98091986	     -0.05537032	      0.00000000	     12.69048769	      6.54615597	      0.00000000	     -2.68597591	      0.74168288	     -6.09900184	     -0.81159512	     -4.45093804	      4.29796640	     26.32406769	     87.41505870	     -1.25822259	     -7.64740804	     14.78099037	     21.77537734	     76.82069295
      2.16666670	     -1.39570893	     -3.17326815	      4.11542687	     -1.47039900	      1.00548429	     -0.04479472	     20.07611955	      4.48113924	     -7.42312245	     24.06514259	      5.90184547	    -10.45065169	      0.00000000	     -8.50211074	      1.83474368	      0.05737905	      0.00000000	     13.00344307	      6.99662022	      0.00000000	     -3.02746395	      0.84914918	     -6.38213580	     -0.75358353	     -4.36223136	      4.03414304	     26.43015006	     87.41168222	     -1.18976231	     -7.63788697	     14.75776187	     21.78430981	     76.79822445
      2.18333330	     -1.20154860	     -3.29127248	      4.59966279	     -1.46512443	      1.00702671	     -0.04599920	     20.00930620	      4.96892324	     -7.51457078	     20.90877589	      4.46117698	     -9.75807384	      0.00000000	     -8.94584675	      1.64260041	      0.27242539	      0.00000000	     13.60300061	      7.45123752	      0.00000000	     -3.50259485	      0.94249613	     -6.77917602	     -0.68723981	     -4.25549796	      3.75317590	     26.57985112	     87.40170785	     -1.21971123	     -7.62122905	     14.75630764	     21.74720247	     76.79084717
      2.20000000	     -0.83088176	     -3.32346589	      5.14119636	     -1.46020201	      1.00740117	     -0.04732991	     19.56526781	      5.29381588	     -7.41488453	     17.60041745	      3.40936848	     -8.96609798	      0.00000000	     -9.68380375	      1.47544913	      0.49073020	      0.00000000	     14.19426190	      7.91425864	      0.00000000	     -4.23471257	      1.10054518	     -7.26449471	     -0.53639228	     -4.09272416	      3.38675582	     26.79505283	     87.38758423	     -1.12545489	     -7.67631964	     14.75006476	     21.73218834	     76.79213005
      2.21666670	     -0.39027474	     -3.27895855	      5.67446568	     -1.45514508	      1.00589157	     -0.04842205	     19.05040985	      5.47370736	     -7.29457226	     14.61027199	      2.52315010	     -8.09306974	      0.00000000	    -10.56347595	      1.37626983	      0.62273171	      0.00000000	     14.41371124	      8.18917139	      0.00000000	     -5.09561178	      1.18722377	     -7.67684378	     -0.38895357	     -3.93678122	      2.98671431	     27.00440280	     87.37428050	     -0.99075723	     -7.72895239	     14.75938457	     21.75015490	     76.80587427
      2.23333330	      0.13768991	     -3.21754511	      6.15507859	     -1.44912629	      1.00317746	     -0.04943801	     18.52163128	      5.56385761	     -7.26798762	     12.20513289	      1.71380268	     -7.35021011	      0.00000000	    -11.61302866	      1.30155956	      0.63844130	      0.00000000	     14.16218241	      8.26968530	      0.00000000	     -6.07564146	      1.30004112	     -8.03320721	     -0.23071577	     -3.81141116	      2.53737792	     27.21770514	     87.36151509	     -0.80588678	     -7.75945989	     14.78893420	     21.80253825	     76.83271269
      2.25000000	      0.80485899	     -3.13132229	      6.57599458	     -1.44191914	      1.00100758	     -0.05027411	     17.91838317	      5.60637311	     -7.21736917	     10.36908129	      1.20315049	     -6.83212543	      0.00000000	    -12.91612193	      1.22586917	      0.68595890	      0.00000000	     13.69649674	      8.19945329	      0.00000000	     -7.25689762	      1.43215674	     -8.31475014	     -0.14752091	     -3.65022056	      1.85484739	     27.47305434	     87.36098958	     -0.57030494	     -7.81905880	     14.85450771	     21.90229848	     76.88732302
      2.26666670	      1.23981806	     -3.12778283	      6.86090438	     -1.43451843	      0.99972471	     -0.05113343	     17.63558318	      5.66879627	     -7.25071740	      8.95189583	      0.59599081	     -6.51824741	      0.00000000	    -14.05658351	      1.12557998	      0.49223923	      0.00000000	     12.94150570	      7.97437585	      0.00000000	     -8.05862875	      1.72725222	     -8.49655807	     -0.05061196	     -3.63287856	      1.39272952	     27.59024509	     87.36970393	     -0.35077773	     -7.77053839	     14.94665910	     21.94016986	     76.94001398
      2.28333330	      1.74295332	     -3.13431966	      7.15272077	     -1.42822305	      0.99957261	     -0.05182136	     17.26923228	      5.74055422	     -7.22973797	      7.71675715	      0.11704048	     -6.39928424	      0.00000000	    -15.32525492	      0.97387114	      0.35080600	      0.00000000	     12.00849726	      7.63706500	      0.00000000	     -8.96194331	      2.02234571	     -8.62531379	      0.09751633	     -3.58986669	      0.92594596	     27.65540874	     87.38692806	     -0.01093191	     -7.76469617	     15.08953660	     21.94784160	     77.01266753
      2.30000000	      2.11026447	     -3.25008532	      7.47027999	     -1.42188880	      0.99930747	     -0.05270102	     17.06734615	      5.88402829	     -7.28882973	      6.63202453	     -0.50489918	     -6.36518848	      0.00000000	    -16.54950619	      0.70920775	      0.06366837	      0.00000000	     10.63434193	      7.26701689	      0.00000000	     -9.67986636	      2.45824864	     -8.72119649	      0.25065027	     -3.59827501	      0.52808332	     27.69088167	     87.41129811	      0.35765578	     -7.71987113	     15.27845156	     21.95777881	     77.09853790
      2.31666670	      2.39432144	     -3.55202500	      7.88353588	     -1.41370973	      0.99819846	     -0.05377572	     17.00490756	      6.16913872	     -7.37941706	      5.84843376	     -1.09699052	     -6.45242717	      0.00000000	    -17.85930437	      0.19703993	     -0.27449887	      0.00000000	      8.86837332	      6.95185935	      0.00000000	    -10.16881200	      3.12816354	     -8.82244532	      0.31275468	     -3.65618585	      0.18642767	     27.73339708	     87.44142478	      0.66729416	     -7.65030350	     15.49545458	     21.98270238	     77.19253748
      2.33333330	      2.45039279	     -4.07042964	      8.43421989	     -1.40376284	      0.99535378	     -0.05521859	     17.29041581	      6.58087792	     -7.62252349	      5.52295445	     -1.44456609	     -6.70191358	      0.00000000	    -18.85536926	     -0.55874295	     -0.71816214	      0.27024509	      7.34974109	      6.84721870	      0.00000000	    -10.18897154	      4.06827231	     -8.98653206	      0.24936372	     -3.90209585	     -0.02899007	     27.74312548	     87.45401637	      0.81009971	     -7.40853090	     15.65489847	     22.06452589	     77.25401723
      2.35000000	      2.50774875	     -4.68089920	      9.11404385	     -1.39446458	      0.99082664	     -0.05638512	     17.60700361	      7.08969467	     -7.69334396	      5.43346738	     -1.91074549	     -7.12668168	      0.00000000	    -19.22758712	     -1.49682370	     -0.97275235	      1.56206773	      6.67439922	      6.58148383	      0.00000000	    -10.40884271	      5.07357297	     -9.26905466	      0.25267828	     -4.05493327	     -0.34617980	     27.90213087	     87.47822623	      1.02656824	     -7.30183692	     15.89466180	     22.14296078	     77.35433510
      2.36666670	      2.45782857	     -5.20083714	      9.70928363	     -1.38592088	      0.98611038	     -0.05724799	     18.08066191	      7.50929763	     -7.61052588	      5.83415724	     -1.88547013	     -7.40691123	      0.00000000	    -19.34583147	     -2.30177090	     -1.32272434	      2.96656840	      6.29354055	      6.46371185	      0.00000000	    -10.52404245	      5.98403509	     -9.41484067	      0.34485758	     -4.26236827	     -0.46292010	     27.94371035	     87.48127723	      1.32071989	     -7.18855561	     15.96128105	     22.27055930	     77.38418286
      2.38333330	      2.09877808	     -5.79711366	     10.26017810	     -1.37687412	      0.98212806	     -0.05807948	     18.79409885	      8.00785674	     -7.21515070	      6.48343181	     -2.35797365	     -8.75476303	      0.00000000	    -19.10281705	     -3.17113862	     -1.76430153	      4.61858458	      6.56119822	      6.42547714	      0.00000000	    -10.08485514	      6.92711577	     -9.81901479	      0.25336683	     -4.45162313	     -1.10255591	     28.48706524	     87.55275886	      1.30946466	     -7.12721405	     16.47419102	     22.49637993	     77.59882992
      2.40000000	      1.99571916	     -6.37673132	     10.73072352	     -1.36786290	      0.97978731	     -0.05874983	     19.19641827	      8.57627689	     -7.06991111	      7.43104561	     -2.22000225	     -9.04096466	      0.00000000	    -19.20921310	     -4.04746777	     -2.18508334	      6.18456301	      6.42737297	      6.22336357	      0.00000000	    -10.16256009	      7.92443543	     -9.88843349	      0.38734592	     -4.67120723	     -1.20428166	     28.53746470	     87.56005725	      1.53385144	     -7.04285226	     16.52423116	     22.61065898	     77.62302640
      2.41666670	      1.43625068	     -6.97504820	     11.09818078	     -1.35803060	      0.97697521	     -0.05929119	     19.99946362	      9.13976566	     -6.72512694	      8.40583414	     -2.45994727	    -10.18058275	      0.00000000	    -18.53326298	     -4.85576444	     -2.64200176	      8.03194844	      6.89448162	      6.10257938	      0.00000000	     -9.46437293	      8.80481725	    -10.20751002	      0.30698266	     -4.91002208	     -1.61354497	     29.07503292	     87.63868505	      1.39664983	     -6.97418862	     16.86003810	     22.93426123	     77.77313051
      2.43333330	      1.30497390	     -7.41293812	     11.47376884	     -1.34715236	      0.97643429	     -0.05964728	     20.18097461	      9.64949381	     -6.67798671	      9.32807298	     -2.45669770	    -10.54575868	      0.00000000	    -18.27630246	     -5.57152218	     -3.13931980	      9.45261648	      6.60925384	      5.88322212	      0.00000000	     -9.49910844	      9.52281966	    -10.29318642	      0.40815702	     -5.12137323	     -1.73437884	     29.14783714	     87.65425762	      1.54970284	     -6.89372833	     16.93005200	     23.08102388	     77.80844981
      2.45000000	      0.74174121	     -7.81951955	     11.82110641	     -1.33392039	      0.97606593	     -0.05980553	     20.61811399	     10.08520797	     -6.36844064	     10.16686040	     -3.01994019	    -11.48902932	      0.00000000	    -17.45511155	     -6.21559816	     -3.50504068	     10.94081083	      6.50819070	      5.77287228	      0.00000000	     -8.79507180	     10.19686213	    -10.60303943	      0.16955627	     -5.23460012	     -2.09984373	     29.40161349	     87.72760669	      1.26628224	     -6.94152202	     17.22118323	     23.45611800	     77.96065298
      2.46666670	      0.65263707	     -8.09034104	     12.14222108	     -1.32005090	      0.97494794	     -0.05992849	     20.35605826	     10.49805502	     -6.34967634	     10.99045252	     -3.03157292	    -11.75331820	      0.00000000	    -17.15438246	     -6.83754901	     -4.05987536	     12.40125765	      5.98008882	      5.55971985	      0.00000000	     -8.70997709	     10.71614987	    -10.67351142	      0.12120599	     -5.37764155	     -2.20694072	     29.37099167	     87.74185954	      1.30763146	     -6.91121096	     17.27664858	     23.59586730	     77.99591831
      2.48333330	      0.21211296	     -8.39152166	     12.27254359	     -1.30538753	      0.97053980	     -0.06017002	     20.28773981	     10.94397822	     -6.00943504	     11.71840515	     -3.21937360	    -12.46781847	      0.00000000	    -16.31238051	     -7.44132515	     -4.67107838	     14.25217770	      5.35484634	      4.98487021	      0.00000000	     -7.99448670	     11.21213399	    -10.78343604	     -0.18822413	     -5.51444562	     -2.62818944	     29.34473929	     87.79949526	      0.81313232	     -6.93970269	     17.51132762	     24.12781087	     78.15633724
      2.50000000	      0.01580904	     -8.60412847	     12.18958698	     -1.29036530	      0.96508394	     -0.06061843	     19.87375848	     11.39369624	     -5.64423568	     12.47012904	     -2.95330232	    -12.87346676	      0.00000000	    -15.57835577	     -8.02855409	     -5.56307771	     16.66144147	      4.18259472	      4.21357995	      0.00000000	     -7.60371944	     11.66571402	    -10.64834775	     -0.42178567	     -5.70452099	     -2.99736224	     29.25524050	     87.85447977	      0.42529298	     -6.89962721	     17.58444862	     24.53739808	     78.27455049
      2.51666670	     -0.23122001	     -8.90139243	     11.89924153	     -1.27468773	      0.96031736	     -0.06110342	     19.39991880	     11.94076676	     -5.22885666	     13.02270707	     -2.53066690	    -13.09081439	      0.00000000	    -14.60887883	     -8.73622842	     -6.59774444	     19.79775944	      2.40114268	      3.31109628	      0.00000000	     -7.01471646	     12.20231011	    -10.36314127	     -0.70784812	     -6.00470153	     -3.33318331	     29.18875350	     87.89386360	     -0.11180492	     -6.74290384	     17.53652519	     24.80015693	     78.35543289
      2.53333330	     -0.53699906	     -9.21061434	     11.40650404	     -1.25930563	      0.95736478	     -0.06122926	     18.77028196	     12.51718977	     -4.67043178	     13.14212441	     -1.95329940	    -13.15810437	      0.00000000	    -13.32568855	     -9.42830006	     -7.61420534	     23.49903717	      0.17847438	      2.21091662	      0.00000000	     -6.27389315	     12.76664583	     -9.91101885	     -1.07372580	     -6.39265646	     -3.63124545	     29.12300025	     87.91660465	     -0.73814455	     -6.49361773	     17.38270405	     24.93541536	     78.40311655
      2.55000000	     -0.86799928	     -9.30310023	     10.71758045	     -1.24495264	      0.95703099	     -0.06052572	     17.85015899	     12.92191441	     -3.87838372	     12.74139697	     -1.20277611	    -13.05898417	      0.00000000	    -11.54919350	     -9.85046559	     -8.49672084	     27.54391043	     -2.19266352	      0.77569227	      0.00000000	     -5.53596960	     13.08709895	     -9.25357399	     -1.48358271	     -6.76372593	     -3.89278548	     29.04226256	     87.92538593	     -1.32988731	     -6.24496565	     17.12421320	     24.97655767	     78.42864038
      2.56666670	     -1.17557433	     -8.96200620	      9.87760817	     -1.23177909	      0.95909232	     -0.05897841	     16.61924575	     12.91312673	     -2.84354340	     11.96276131	     -0.30514390	    -12.68501581	      0.00000000	     -9.11655646	     -9.84311382	     -9.16452077	     32.03059029	     -4.56073615	     -1.04991893	      0.00000000	     -4.99872954	     12.91325013	     -8.42183955	     -1.90557829	     -6.99581682	     -4.12182978	     28.92057627	     87.92034250	     -1.80812226	     -6.10199050	     16.76627512	     24.91156901	     78.44958891
      2.58333330	     -1.44149151	     -8.23990533	      8.94909392	     -1.21940681	      0.96278742	     -0.05689725	     15.13607869	     12.49671137	     -1.79315454	     10.86020503	      0.66105454	    -11.99190523	      0.00000000	     -6.08636175	     -9.56519211	     -9.74007978	     36.85818305	     -6.86740842	     -2.78525060	      0.00000000	     -4.69886995	     12.34070919	     -7.49917771	     -2.12651607	     -7.10556418	     -4.26693275	     28.77863735	     87.90745634	     -2.15796034	     -6.07740558	     16.43940121	     24.79175485	     78.47313091
      2.60000000	     -1.70445789	     -7.18874059	      8.01243796	     -1.20718145	      0.96709152	     -0.05466134	     13.63338667	     11.67224333	     -0.83379468	      9.67412322	      1.57908741	    -10.94111692	      0.00000000	     -2.46183567	     -9.01457200	    -10.02544701	     41.94497790	     -8.97901394	     -4.49010086	      0.00000000	     -4.58583031	     11.38690111	     -6.58059830	     -2.17389830	     -7.08643692	     -4.32794569	     28.62169098	     87.89368525	     -2.38719187	     -6.17246566	     16.12337485	     24.63174767	     78.50158636
      2.61666670	     -1.94480121	     -5.96437847	      7.14616892	     -1.19494345	      0.97087019	     -0.05260259	     12.11751345	     10.59425286	     -0.02023448	      8.34751219	      2.36853416	     -9.69322523	      0.00000000	      1.64351202	     -8.32249828	    -10.16560546	     47.15121522	    -10.36341949	     -6.10234662	      0.00000000	     -4.63954636	     10.23124706	     -5.68582526	     -2.01388251	     -6.99950499	     -4.29353037	     28.45551337	     87.88701001	     -2.46206844	     -6.34556751	     15.84763294	     24.50929886	     78.52426161
      2.63333330	     -2.32157097	     -4.66246019	      6.40058186	     -1.18325327	      0.97424687	     -0.05060294	     10.86552688	      9.34314059	      0.48148443	      7.14327788	      3.12234289	     -8.14755074	      0.00000000	      6.09911930	     -7.58527262	    -10.39719960	     52.06542801	    -10.84643097	     -7.66185621	      0.00000000	     -4.49592041	      8.87626974	     -5.04294985	     -1.81638832	     -6.77529954	     -4.15992038	     28.31471288	     87.87186924	     -2.53905911	     -6.61486351	     15.54120769	     24.29275414	     78.56889319
      2.65000000	     -2.63576536	     -3.51930999	      5.80776506	     -1.17231688	      0.97781486	     -0.04901768	      9.59496807	      8.21289035	      0.79421681	      5.89780594	      3.62063620	     -6.80922811	      0.00000000	     10.41710275	     -7.00088439	    -10.69093479	     56.38079691	    -10.14560885	     -9.03476938	      0.00000000	     -4.42081190	      7.67179319	     -4.35252232	     -1.58437675	     -6.63851021	     -3.95481814	     28.21788230	     87.85972190	     -2.44605763	     -6.85293829	     15.28301992	     24.23443673	     78.60882774
      2.66666670	     -2.97924297	     -2.52190473	      5.27282583	     -1.16114523	      0.98148893	     -0.04782922	      8.37768772	      7.19391472	      0.94750481	      4.56416766	      3.81576649	     -5.54769379	      0.00000000	     14.39091727	     -6.44290736	    -11.00781118	     59.71792509	     -8.85903750	    -10.04891748	      0.00000000	     -4.26180788	      6.58965507	     -3.68552283	     -1.36736663	     -6.55269949	     -3.70654159	     28.21374507	     87.84299569	     -2.35300889	     -7.05673014	     15.05199686	     24.21931149	     78.64842698
      2.68333330	     -3.12786602	     -1.58486901	      4.74770626	     -1.14865523	      0.98533308	     -0.04704065	      6.89790239	      6.22311403	      1.18992796	      3.03351571	      3.53828954	     -4.66474700	      0.00000000	     17.46080682	     -5.74670867	    -11.30949183	     61.77341115	     -7.26259102	    -10.71461270	      0.00000000	     -4.28790755	      5.57904251	     -3.08900940	     -1.10202901	     -6.47719205	     -3.56306168	     28.27656007	     87.84109701	     -2.29637755	     -7.23267979	     14.92034479	     24.23156044	     78.65536401
      2.70000000	     -3.51762275	     -0.95976353	      4.27803715	     -1.13444367	      0.98903682	     -0.04661509	      5.79643041	      5.53657018	      1.03970157	      1.66524941	      3.05652713	     -3.37498360	      0.00000000	     20.21037608	     -5.18332977	    -11.41906042	     62.88845282	     -5.01913413	     -9.81549175	      0.00000000	     -3.79324930	      4.86141563	     -2.36788891	     -1.05761333	     -6.51532236	     -3.26620407	     28.30984673	     87.82245395	     -2.22332421	     -7.30479154	     14.64127328	     24.26511273	     78.67877366
      2.71666670	     -3.63230857	     -0.29570318	      3.82326109	     -1.11936132	      0.99452334	     -0.04644610	      4.37218093	      4.81740363	      1.05014827	      0.37643386	      2.40066844	     -2.37116194	      0.00000000	     21.90760803	     -4.30502451	    -11.38865155	     62.73348221	     -2.58719099	     -8.51628857	      0.00000000	     -3.51965999	      4.13099140	     -1.83420293	     -0.96033825	     -6.50657274	     -3.02719986	     28.36436428	     87.79665443	     -2.29551999	     -7.34014647	     14.36596968	     24.19504973	     78.69917275
      2.73333330	     -3.73087854	      0.36847075	      3.25853992	     -1.10513025	      1.00002673	     -0.04609848	      3.36207050	      4.11184966	      0.99564743	      0.00000000	      2.24331353	     -1.45324527	      0.00000000	     23.20089751	     -3.31104281	    -11.42395692	     61.74262382	     -0.13883254	     -6.72768116	      0.00000000	     -3.28965394	      3.40260687	     -1.22201488	     -0.87734403	     -6.48266860	     -2.80998206	     28.39484134	     87.78073956	     -2.42172249	     -7.32009682	     14.06295491	     24.09990118	     78.70581919
      2.75000000	     -3.72370251	      0.88234695	      2.69964333	     -1.09167854	      1.00366634	     -0.04562816	      2.43353625	      3.59551027	      0.91821406	      0.00000000	      2.26109957	     -0.44743104	      0.00000000	     24.28333785	     -2.39317985	    -11.36880418	     60.22677118	      2.06390794	     -4.80950470	      0.00000000	     -3.16286182	      2.80291784	     -0.66569495	     -0.74042386	     -6.45356035	     -2.59590152	     28.42416562	     87.77048530	     -2.54034034	     -7.25523360	     13.72275953	     23.92749281	     78.70601990
      2.76666670	     -3.62468868	      1.26903142	      2.20280291	     -1.07834588	      1.00513407	     -0.04520505	      1.39829687	      3.23331776	      0.83863064	      0.00000000	      2.35631018	      0.57879233	      0.00000000	     25.18755818	     -1.56258388	    -11.30601138	     58.15758387	      3.85610160	     -3.06494137	      0.00000000	     -3.17006768	      2.34041801	     -0.17476989	     -0.58206617	     -6.43118680	     -2.36684507	     28.43688642	     87.76036204	     -2.65395452	     -7.16161019	     13.33392085	     23.68526808	     78.70603736
      2.78333330	     -3.52378623	      1.54205760	      1.78478608	     -1.06493819	      1.00481357	     -0.04471579	      0.34480367	      3.01742283	      0.76509634	      0.00000000	      2.57045170	      1.46903178	      0.00000000	     25.85418664	     -0.80706949	    -11.25787621	     55.29806386	      5.10110688	     -1.60864181	      0.00000000	     -3.17945142	      1.97445893	      0.22501671	     -0.44916078	     -6.40455304	     -2.13954213	     28.49174479	     87.74680167	     -2.74309119	     -7.03207028	     12.94895740	     23.45992118	     78.71063052
      2.80000000	     -3.57675720	      1.67252806	      1.46813638	     -1.05130518	      1.00366129	     -0.04439563	     -0.51817253	      2.95388915	      0.78441030	      0.00000000	      2.74852913	      1.81623327	      0.00000000	     26.38107854	     -0.05795713	    -10.99276538	     51.55825307	      5.93422631	     -0.92643215	      0.00000000	     -2.99291819	      1.75916340	      0.43863179	     -0.42601437	     -6.33880466	     -2.02319147	     28.61235885	     87.74170367	     -2.93268896	     -6.96385032	     12.78555588	     23.32692502	     78.71305828
      2.81666670	     -3.34603762	      1.67517439	      1.08657498	     -1.03787024	      1.00398700	     -0.04413935	     -1.57581175	      3.02345106	      0.79812084	      0.00000000	      3.36993718	      2.53887118	      0.00000000	     26.30222169	      0.49063850	    -10.80180375	     46.94387650	      6.51191506	      0.18601761	      0.00000000	     -3.28084142	      1.69471999	      0.76687186	     -0.34373632	     -6.41040494	     -1.76513680	     28.85001559	     87.71978568	     -2.90877897	     -6.71798013	     12.36002758	     23.12988354	     78.71535858
      2.83333330	     -3.37080325	      1.58587309	      0.76010750	     -1.02463608	      1.00522746	     -0.04434704	     -2.21956007	      3.16473933	      0.85334860	      0.00000000	      3.81674691	      2.56197966	      0.00000000	     26.36788900	      1.06055012	    -10.24880446	     41.68080715	      6.83945544	      0.60897958	      0.00000000	     -3.12845905	      1.73629658	      0.92588118	     -0.31306790	     -6.38515287	     -1.63312150	     29.03283851	     87.70965652	     -3.09227356	     -6.57240421	     12.19546513	     23.00221419	     78.72304098
      2.85000000	     -3.25644591	      1.44712021	      0.34028579	     -1.01183513	      1.00625228	     -0.04452797	     -2.90941749	      3.34442947	      0.95620499	      0.00000000	      4.31277872	      2.53227140	      0.00000000	     26.12301073	      1.47790971	     -9.70866639	     35.95788849	      6.36574114	      1.13049778	      0.00000000	     -3.23985594	      1.86049149	      1.16376291	     -0.22854266	     -6.40690574	     -1.46814729	     29.18781856	     87.70394963	     -3.19346349	     -6.34895206	     12.01432764	     22.83990111	     78.72537996
      2.86666670	     -2.74754077	      1.21062077	     -0.17672338	     -0.99881900	      1.00574292	     -0.04449683	     -3.95997357	      3.59024333	      1.10329091	      0.00000000	      4.88673824	      2.60618965	      0.00000000	     25.27394858	      1.70630135	     -9.06700102	     30.13544110	      5.28493390	      1.22896414	      0.00000000	     -3.94516447	      2.13638690	      1.59308353	     -0.00038850	     -6.55786382	     -1.11435371	     29.32607470	     87.68151988	     -3.01795115	     -5.97191754	     11.61500400	     22.55371721	     78.73590349
      2.88333330	     -2.72435327	      0.84938050	     -0.57537998	     -0.98449506	      1.00327139	     -0.04422712	     -4.51048808	      3.96377101	      1.19769784	      0.00000000	      5.64753188	      2.43549326	      0.00000000	     24.94393732	      1.70373407	     -8.35106797	     24.70013081	      4.02867830	      1.99600738	      0.00000000	     -3.81673674	      2.52645612	      1.81341026	     -0.01761323	     -6.58393496	     -0.94524538	     29.38754346	     87.66930733	     -3.14255626	     -5.72258188	     11.47814233	     22.42369267	     78.74912158
      2.90000000	     -2.52264598	      0.43260520	     -1.09578749	     -0.97029857	      1.00051306	     -0.04378225	     -5.29377782	      4.34628642	      1.48798074	      0.00000000	      6.70526608	      2.36075670	      0.00000000	     24.41955907	      1.55847337	     -7.62272540	     19.57068972	      2.91015804	      2.64390788	      0.00000000	     -3.95871452	      2.97741632	      2.17210453	      0.00852011	     -6.66761283	     -0.73908408	     29.39535240	     87.65828235	     -3.19826416	     -5.42072968	     11.32103319	     22.24761272	     78.75708227
      2.91666670	     -2.25792349	     -0.02152417	     -1.60221271	     -0.95772730	      0.99851456	     -0.04341668	     -6.20186049	      4.73889009	      1.86967116	      0.00000000	      8.13414565	      2.35158606	      0.00000000	     23.96972406	      1.31784947	     -6.81893334	     14.85840098	      2.18007660	      3.32162982	      0.00000000	     -4.25548416	      3.44744212	      2.55103225	      0.08217189	     -6.76349466	     -0.49724168	     29.38530942	     87.64536825	     -3.12576524	     -5.12486555	     11.15230215	     22.05405032	     78.76430626
      2.93333330	     -2.00488027	     -0.46354882	     -2.02386033	     -0.94698412	      0.99621148	     -0.04306518	     -7.16558331	      5.10935954	      2.30738761	      0.00000000	      9.82154892	      2.38032046	      0.00000000	     23.72390885	      1.01938618	     -5.96286292	     10.59776230	      1.78700006	      3.94695971	      0.00000000	     -4.63702017	      3.85559048	      2.85837723	      0.23939894	     -6.84210043	     -0.23710874	     29.40116847	     87.62793672	     -2.90627858	     -4.88447477	     11.00361601	     21.88647100	     78.77893872
      2.95000000	     -1.55999161	     -0.81911787	     -2.36934136	     -0.93648157	      0.99286418	     -0.04259075	     -8.40362164	      5.36890387	      2.67283359	      0.00000000	     11.42520486	      2.64978683	      0.00000000	     23.34624787	      0.72329666	     -5.06740113	      6.76617531	      1.54929663	      4.23377082	      0.00000000	     -5.41148043	      4.10875143	      3.11572836	      0.51492755	     -6.94566787	      0.23951147	     29.47408645	     87.57240633	     -2.45479389	     -4.69264075	     10.81489218	     21.65180767	     78.83867433
      2.96666670	     -1.54960348	     -1.13238124	     -2.48821449	     -0.92370825	      0.98701556	     -0.04214257	     -9.26488008	      5.64746003	      3.06480292	      0.00000000	     13.04245043	      2.38009804	      0.00000000	     23.59712493	      0.38122439	     -4.11671347	      3.90928152	      1.40548624	      4.43236663	      0.00000000	     -5.62341279	      4.26155016	      3.11597613	      0.67191317	     -6.88012892	      0.46296871	     29.53907014	     87.53591211	     -2.14137656	     -4.70040796	     10.77164770	     21.65409210	     78.88118446
      2.98333330	     -1.32476762	     -1.27183804	     -2.56337168	     -0.90883308	      0.98105765	     -0.04194025	    -10.43272196	      5.73353429	      3.38992048	      0.00000000	     14.26795264	      2.08460588	      0.00000000	     23.53634152	      0.17626258	     -3.09233994	      1.99951289	      1.21723859	      3.76883345	      0.00000000	     -6.10212767	      4.14814937	      3.06455408	      0.87356617	     -6.76156879	      0.78843163	     29.55254676	     87.47612456	     -1.77587900	     -4.79836770	     10.75804905	     21.63195368	     78.94831544
      3.00000000	     -1.06892714	     -1.28562059	     -2.52209766	     -0.89340483	      0.97806807	     -0.04263400	    -11.68504788	      5.67874954	      3.54687034	      0.00000000	     14.80857878	      1.80686282	      0.00000000	     23.45284087	      0.16959165	     -1.82694802	      1.37687093	      0.94561639	      2.00760440	      0.00000000	     -6.58584893	      3.87454940	      2.85409545	      1.04726455	     -6.59181845	      1.20197835	     29.39102764	     87.36276542	     -1.49273598	     -4.96385432	     10.80689659	     21.60328747	     79.04963147
      3.01666670	     -0.91142788	     -1.05106406	     -2.35290312	     -0.87795525	      0.97801424	     -0.04415236	    -12.90722843	      5.35610251	      3.57316345	      0.00000000	     15.03588495	      1.60889827	      0.00000000	     23.40919414	      0.55832101	     -0.71015899	      1.88185623	      0.67673466	     -0.06153711	      0.00000000	     -6.67909906	      3.31739205	      2.48957928	      1.10949735	     -6.40053064	      1.52131698	     29.07271157	     87.22507786	     -1.31821744	     -5.15017312	     10.89701315	     21.59129312	     79.14452882
      3.03333330	     -0.80012940	     -0.50992186	     -2.19542396	     -0.86264212	      0.97966204	     -0.04587995	    -14.10886440	      4.68923773	      3.38319349	      0.00000000	     14.85729579	      1.61860086	      0.00000000	     23.37148050	      1.37284640	     -0.06680138	      3.31799741	      0.18105203	     -2.33331330	      0.00000000	     -6.67285260	      2.43002463	      2.12852726	      1.11177005	     -6.05027398	      1.77594807	     28.69656922	     87.08997580	     -1.16133218	     -5.50455317	     10.99222452	     21.55917462	     79.22590550
      3.05000000	     -0.77240506	      0.06505643	     -2.13055523	     -0.84763213	      0.98078880	     -0.04760729	    -15.20773166	      3.96861357	      3.04855908	      0.00000000	     14.70746278	      2.06634639	      0.00000000	     23.37299998	      2.29688697	      0.53095553	      5.20618982	     -1.14056155	     -5.06350821	      0.00000000	     -6.61285496	      1.44596633	      1.78007693	      1.26765039	     -5.70139262	      2.06969813	     28.15177597	     86.86770391	     -1.00443710	     -5.90323401	     11.20709925	     21.59715505	     79.35815118
      3.06666670	     -0.93074512	      0.71465151	     -2.35896918	     -0.83234465	      0.98099369	     -0.04880437	    -16.06665042	      3.11138732	      2.90840766	      0.00000000	     14.54614975	      2.29023802	      0.00000000	     23.52654254	      3.19520312	      0.00579478	      7.22755368	     -1.45746543	     -5.81695089	      0.00000000	     -6.28931491	      0.43158984	      1.71028845	      1.12603775	     -5.41660485	      2.16350759	     28.04801497	     86.82878576	     -0.94342983	     -6.25541754	     11.21358373	     21.58718804	     79.37781682
      3.08333330	     -1.11156759	      1.30068699	     -2.70340346	     -0.81597831	      0.98008518	     -0.04997030	    -16.87683553	      2.25006288	      2.32988655	      0.00000000	     15.06182353	      3.74771241	      0.00000000	     23.51265872	      4.07803201	      0.22796507	      8.70183194	     -2.36568957	     -7.44255146	      0.00000000	     -5.84140877	     -0.53165875	      1.78950172	      1.08732099	     -5.18561646	      2.35168773	     27.31617746	     86.58685605	     -1.01608989	     -6.61359950	     11.51301156	     21.77853668	     79.53848124
      3.10000000	     -1.28440912	      1.79326874	     -3.09212121	     -0.79800563	      0.97751146	     -0.05083483	    -17.77037140	      1.47534856	      2.32488488	      0.00000000	     15.07862591	      4.03066078	      0.00000000	     23.48194946	      4.78071318	      0.02758433	      9.97132310	     -2.31340764	     -7.62990404	      0.00000000	     -5.46978941	     -1.34974226	      1.78379638	      0.89839142	     -4.96480146	      2.40856888	     27.21205224	     86.54415619	     -1.09288137	     -6.90230811	     11.53209066	     21.74962592	     79.56125619
      3.11666670	     -1.24216909	      2.38616677	     -3.39923152	     -0.77860658	      0.97472457	     -0.05190519	    -19.08697297	      0.56260767	      1.83387006	      0.00000000	     14.90072172	      4.90490497	      0.00000000	     22.90785346	      5.58813186	     -0.03266686	     10.68439266	     -2.15936150	     -7.43661981	      0.00000000	     -5.17380599	     -2.31767801	      1.86976188	      0.59592712	     -4.74231490	      2.40771162	     26.71722230	     86.38849446	     -1.23417242	     -7.21931696	     11.68805507	     21.85078611	     79.65216686
      3.13333330	     -1.30101704	      2.80205144	     -3.71574472	     -0.76020067	      0.97286372	     -0.05323154	    -19.78434853	     -0.18980686	      1.37781183	      1.11481685	     14.43866880	      5.08728541	      0.00000000	     22.51795636	      6.13189526	     -0.18215303	     11.65147788	     -1.87055059	     -7.62094808	      0.00000000	     -4.82857425	     -3.07671356	      1.83956453	      0.32073930	     -4.52123018	      2.40530412	     26.56652353	     86.33821689	     -1.34038023	     -7.49619427	     11.71488422	     21.81681864	     79.67615910
      3.15000000	     -1.29698627	      3.17420422	     -4.00197245	     -0.74257583	      0.97231252	     -0.05469305	    -20.01346531	     -0.92427675	      0.53503989	      3.17089011	     13.78323985	      5.20333105	      0.00000000	     21.84584654	      6.60214412	     -0.27265258	     12.31810947	     -1.55144586	     -7.76734207	      0.00000000	     -4.57377635	     -3.74734207	      1.82839622	     -0.00403269	     -4.37793579	      2.36186279	     26.35847826	     86.28420436	     -1.48300640	     -7.69702088	     11.75539846	     21.78029774	     79.70059150
      3.16666670	     -1.25145075	      3.47610455	     -4.24514206	     -0.72516879	      0.97236913	     -0.05637437	    -19.88426277	     -1.62276309	     -0.52165327	      5.73947808	     12.93296424	      5.29136217	      0.00000000	     20.97542159	      6.99608850	     -0.35630561	     12.73906853	     -1.17539209	     -7.93779188	      0.00000000	     -4.36019409	     -4.34423007	      1.76750906	     -0.34938713	     -4.26470807	      2.29661689	     26.13909197	     86.23207829	     -1.62741516	     -7.86029937	     11.80065124	     21.72766331	     79.72308036
      3.18333330	     -1.23575382	      3.87953987	     -4.35035630	     -0.70738996	      0.97338431	     -0.05829269	    -19.18916217	     -2.51883141	     -2.59395401	      9.21235799	     12.72463818	      7.20149833	      0.00000000	     19.79747574	      7.52070056	     -0.50412551	     12.58565665	     -0.87409600	     -7.77104339	      0.00000000	     -4.00742208	     -5.03950778	      1.72328477	     -0.70276593	     -4.02741772	      1.75435741	     25.39988508	     85.89602491	     -1.77184477	     -8.07911682	     12.15320383	     21.66529962	     79.86544880
      3.20000000	     -1.05077825	      4.06383128	     -4.44511581	     -0.69058890	      0.97538273	     -0.06032427	    -18.13901516	     -3.24831234	     -3.85605529	     13.47094164	     11.22224613	      7.13463029	      0.00000000	     18.18886134	      7.86325046	     -0.46750826	     12.11368797	     -0.44640708	     -7.73900184	      0.00000000	     -4.03322330	     -5.48533944	      1.43933601	     -0.99582623	     -3.90487168	      1.60205846	     25.25513423	     85.79226866	     -1.86562585	     -8.24090296	     12.25302456	     21.54079775	     79.90325657
      3.21666670	     -0.73547090	      4.09951358	     -4.52026753	     -0.67503153	      0.97719119	     -0.06250987	    -16.43275367	     -3.98628578	     -4.97236456	     18.97527308	      9.46792702	      7.15637904	      0.00000000	     16.12792800	      8.12623059	     -0.28563119	     11.19080724	      0.20280202	     -7.49795243	      0.00000000	     -4.26148807	     -5.73709282	      1.06881559	     -1.21661070	     -3.87067568	      1.41830249	     25.12066954	     85.68371728	     -1.92118357	     -8.33193035	     12.36050745	     21.44180060	     79.94021510
      3.23333330	     -0.26130761	      3.94758608	     -4.49685421	     -0.66045369	      0.97893054	     -0.06493603	    -14.02780258	     -4.65319986	     -5.75180162	     25.64949066	      7.57561814	      6.80704199	      0.00000000	     13.86750585	      8.28016284	      0.08232934	     10.21905444	      1.10691661	     -7.15582810	      0.00000000	     -4.81313717	     -5.74868512	      0.56235362	     -1.32084636	     -3.92916340	      1.23330965	     25.06866630	     85.58183809	     -1.84311718	     -8.37142205	     12.45976804	     21.38779342	     79.97299729
      3.25000000	     -0.13104319	      3.71079217	     -4.44747467	     -0.64540364	      0.97948324	     -0.06711118	    -10.43058504	     -5.15979688	     -5.74977389	     33.20709092	      5.99314459	      5.34269146	      0.00000000	     12.14042544	      8.27131987	      0.06276893	      9.41088415	      2.42600833	     -6.19504397	      0.00000000	     -4.91793987	     -5.62001979	      0.19754043	     -1.53253894	     -3.95254623	      0.73473747	     25.11730380	     85.24871600	     -1.78667921	     -8.45786807	     12.72143432	     21.52013293	     80.04729991
      3.26666670	      0.12135467	      3.52752883	     -4.22960766	     -0.62953022	      0.98188975	     -0.06960609	     -6.80142870	     -5.56549711	     -5.49591445	     40.41568233	      5.05047026	      3.65909916	      0.00000000	     10.35822081	      8.38587306	      0.28366501	      8.63497782	      3.41767268	     -5.76211798	      0.00000000	     -5.20468241	     -5.54217613	     -0.37549045	     -1.65146066	     -3.98303997	      0.42227409	     25.20868296	     85.01505066	     -1.68276783	     -8.56177886	     12.88425451	     21.52191853	     80.07895373
      3.28333330	      0.23464764	      3.33224827	     -3.86006855	     -0.61386930	      0.98677481	     -0.07208503	     -3.29506218	     -5.69605238	     -5.16079448	     46.33858764	      4.72596215	      2.08108908	      0.00000000	      8.72398650	      8.44440066	      0.42472723	      7.78310483	      4.22059800	     -5.27184123	      0.00000000	     -5.25784980	     -5.40605822	     -1.02582164	     -1.76159447	     -3.98229356	      0.16244874	     25.22314689	     84.81945836	     -1.57704867	     -8.68327253	     13.00465351	     21.51538939	     80.08976198
      3.30000000	      0.47264488	      2.99155643	     -3.34441368	     -0.59962488	      0.99377050	     -0.07477025	     -0.35280882	     -5.43887435	     -4.92355505	     50.58101402	      4.90539902	      0.93146351	      0.00000000	      6.85430865	      8.35887006	      0.72815799	      6.75358650	      4.84242416	     -4.78266748	      0.00000000	     -5.55223541	     -5.11442366	     -1.74871518	     -1.75435830	     -3.95049064	      0.02317271	     25.23403659	     84.72409818	     -1.35018578	     -8.83293074	     13.04923905	     21.45904719	     80.09248703
      3.31666670	      0.36564688	      2.38176862	     -2.80812561	     -0.58610648	      1.00032804	     -0.07769594	      2.71570802	     -4.61485732	     -4.64633332	     53.36492415	      5.05242050	     -0.52796961	      0.00000000	      5.23439799	      7.91186132	      0.71647784	      5.50393782	      5.41030271	     -3.37191085	      0.00000000	     -5.37647681	     -4.43307906	     -2.48804081	     -1.68292911	     -3.97683880	     -0.24726604	     25.16960429	     84.53908549	     -1.24213264	     -8.88432158	     13.12798556	     21.46924554	     80.08195201
      3.33333330	      0.52212093	      1.55777882	     -2.26033314	     -0.57248206	      1.00626291	     -0.08104754	      5.25056343	     -3.48512108	     -4.58381300	     54.91273966	      5.44333297	     -1.85202150	      0.00000000	      3.16102256	      7.23898425	      0.80074857	      3.91917438	      5.86805402	     -1.78090150	      0.00000000	     -5.63829429	     -3.48352100	     -3.19476221	     -1.47593206	     -4.05399170	     -0.47230423	     25.18986191	     84.38009247	     -1.01599776	     -8.87018465	     13.14548598	     21.44752610	     80.05320764
      3.35000000	      0.71433029	      0.63825087	     -1.70950075	     -0.55852688	      1.01064046	     -0.08428415	      7.55568359	     -2.22561275	     -4.68949441	     55.48579208	      5.52178501	     -3.19234556	      0.00000000	      1.04329277	      6.44440153	      0.88822063	      2.21689799	      6.05627048	     -0.19227113	      0.00000000	     -5.98589790	     -2.39179317	     -3.85357345	     -1.24521474	     -4.18765674	     -0.66704999	     25.30213494	     84.25900048	     -0.75713986	     -8.80502148	     13.10441471	     21.43310990	     80.01249462
      3.36666670	      0.92288707	     -0.25168823	     -1.13898459	     -0.54459380	      1.01330694	     -0.08692371	      9.66153465	     -0.97519325	     -4.90766359	     55.26579663	      5.29748669	     -4.51068939	      0.00000000	     -0.99081895	      5.64199917	      0.96843700	      0.62428348	      6.11549103	      1.36545716	      0.00000000	     -6.34297402	     -1.31225686	     -4.48966582	     -1.04536445	     -4.31114562	     -0.86349737	     25.46746690	     84.15911703	     -0.51942322	     -8.74488553	     13.00470537	     21.42399332	     79.95582123
      3.38333330	      1.00952359	     -1.03751253	     -0.42594726	     -0.53066013	      1.01496138	     -0.08931093	     11.80275973	      0.17816161	     -5.29343573	     54.41186579	      4.84204772	     -5.83368139	      0.00000000	     -2.38976803	      4.90135760	      1.04020997	      0.00000000	      6.66066197	      2.89378418	      0.00000000	     -6.57318238	     -0.33732512	     -5.24177390	     -0.92605865	     -4.37209389	     -1.07844450	     25.68273933	     84.07183458	     -0.32899350	     -8.73376773	     12.85540851	     21.42067501	     79.88378021
      3.40000000	      1.06093268	     -1.65977198	      0.33524301	     -0.51567011	      1.01669521	     -0.09170291	     13.77294560	      1.17364927	     -5.74928364	     52.61313634	      4.20407781	     -7.24352200	      0.00000000	     -3.42793422	      4.30130008	      1.02756470	      0.00000000	      7.28936957	      4.33449739	      0.00000000	     -6.72834443	      0.43409699	     -6.03958842	     -0.83112201	     -4.36487588	     -1.31113122	     25.89971709	     83.99493280	     -0.17509388	     -8.76506673	     12.65828192	     21.43895634	     79.79337844
      3.41666670	      1.19976884	     -2.07788739	      1.09279828	     -0.49918487	      1.01735443	     -0.09410970	     15.18572377	      2.00117241	     -6.11344450	     49.60907105	      3.59910527	     -8.66403164	      0.00000000	     -4.53108145	      3.90964039	      1.05269385	      0.00000000	      7.74191163	      5.56396445	      0.00000000	     -6.81686036	      0.99247185	     -6.85630082	     -0.86185862	     -4.30031407	     -1.55773781	     26.06308015	     83.92671803	     -0.05304022	     -8.83333735	     12.41344565	     21.51024214	     79.68128340
      3.43333330	      1.32570435	     -2.26901214	      1.80881891	     -0.48232354	      1.01587195	     -0.09621832	     16.07428149	      2.60500614	     -6.37325093	     45.51717737	      3.31775929	     -9.83703055	      0.00000000	     -5.56156671	      3.73356067	      1.08517198	      0.00000000	      7.97142636	      6.42689873	      0.00000000	     -6.80392391	      1.28549301	     -7.58860054	     -0.95338966	     -4.20452590	     -1.80055100	     26.18974238	     83.86986479	      0.00474088	     -8.93198038	     12.15860242	     21.62175491	     79.56038558
      3.45000000	      1.32336637	     -2.29920492	      2.47623607	     -0.46617508	      1.01325875	     -0.09805709	     16.74769945	      2.98023721	     -6.50037816	     40.90840179	      3.61471364	    -10.46508976	      0.00000000	     -6.35962104	      3.69452555	      1.16509659	      0.00000000	      7.81554983	      6.83667118	      0.00000000	     -6.49531709	      1.39494326	     -8.06738780	     -1.18925966	     -4.15727419	     -1.92882627	     26.20717300	     83.84289130	      0.10108229	     -9.00017659	     12.02864527	     21.74884608	     79.49720250
      3.46666670	      1.38441525	     -2.22852380	      3.09493622	     -0.45079471	      1.01192553	     -0.09952665	     17.01482689	      3.25672221	     -6.40075295	     35.79575410	      3.44532229	    -11.01437356	      0.00000000	     -7.13967091	      3.68123708	      1.21428606	      0.00000000	      7.82397299	      7.13742635	      0.00000000	     -6.20463182	      1.34049840	     -8.67571634	     -1.36212128	     -3.98659855	     -2.09648282	     26.27242850	     83.80683127	      0.06981398	     -9.16280431	     11.86903641	     21.81478651	     79.41383949
      3.48333330	      1.62205314	     -1.97451453	      3.64428393	     -0.43593869	      1.01303317	     -0.10089097	     16.95733526	      3.32618685	     -6.02665276	     30.66583194	      2.71039197	    -11.68621046	      0.00000000	     -8.02455375	      3.81127547	      1.32114401	      0.00000000	      8.26831993	      7.42985139	      0.00000000	     -6.23230371	      1.06074808	     -9.38038431	     -1.40012841	     -3.64342309	     -2.40442967	     26.31528264	     83.74832255	     -0.05820897	     -9.44728107	     11.53034691	     21.93823888	     79.22633026
      3.50000000	      1.60058899	     -1.72288164	      4.13377424	     -0.42086682	      1.01456508	     -0.10261679	     17.20646637	      3.24133462	     -5.77361634	     25.76573631	      2.28914036	    -11.44886443	      0.00000000	     -8.64186926	      3.98282334	      1.65555378	      0.00000000	      9.41009157	      7.53237068	      0.00000000	     -5.81881998	      0.78353385	     -9.69140699	     -1.68557442	     -3.49247459	     -2.51306016	     26.24021811	     83.73239677	     -0.11651681	     -9.54802384	     11.39549597	     22.07263389	     79.14717755
      3.51666670	      1.88298692	     -1.45260041	      4.73134280	     -0.40688883	      1.01439287	     -0.10409978	     17.07539062	      3.12503713	     -5.62454865	     20.80073171	      1.64905877	    -11.20114506	      0.00000000	     -9.68951792	      4.13415717	      1.96176650	      0.00000000	     11.31252899	      8.12288517	      0.00000000	     -5.97126364	      0.51998595	    -10.36894912	     -1.68652542	     -3.18818178	     -2.75866114	     26.21008322	     83.70043205	     -0.24078886	     -9.78084247	     11.12670574	     22.27904067	     78.97499976
      3.53333330	      1.81317681	     -1.31481730	      5.26940182	     -0.39394261	      1.01163021	     -0.10546404	     17.33669873	      3.09593479	     -5.41216223	     16.03720504	      1.45467319	    -10.44959260	      0.00000000	    -10.55524590	      4.21810034	      2.50639554	      0.00000000	     13.68226954	      8.34397751	      0.00000000	     -5.70872710	      0.39549450	    -10.66092352	     -1.83023265	     -3.07462498	     -2.84170009	     26.18975152	     83.69669035	     -0.16378071	     -9.88083486	     11.01921130	     22.52145844	     78.90293699
      3.55000000	      2.05910607	     -1.38790466	      5.99805289	     -0.38180237	      1.00730391	     -0.10691421	     17.10436605	      3.24204952	     -5.58106787	     11.27583213	      1.89212206	     -8.67906832	      0.00000000	    -11.92721808	      3.99583600	      2.78587901	      0.00000000	     15.72961647	      9.26950741	      0.00000000	     -6.07323802	      0.57920186	    -11.28552964	     -1.73943816	     -2.90698679	     -3.01953355	     26.38928147	     83.69861630	     -0.14558458	    -10.06358738	     10.85357892	     23.00577391	     78.76251875
      3.56666670	      1.96926514	     -1.70310929	      6.69226796	     -0.36937333	      1.00121703	     -0.10851140	     17.33896891	      3.56371471	     -5.60160249	      7.03042156	      2.85691890	     -6.31473371	      0.00000000	    -13.07519648	      3.54704203	      3.17895744	      0.00000000	     17.65846699	      9.78038645	      0.00000000	     -6.04321901	      1.06843532	    -11.71749168	     -1.77519199	     -2.92641363	     -3.15141409	     26.69994103	     83.73418028	     -0.08675500	    -10.10996497	     10.73010287	     23.63839845	     78.63615724
      3.58333330	      1.77660009	     -2.20431211	      7.37424678	     -0.35636221	      0.99414250	     -0.11004664	     17.79290386	      3.99354783	     -5.49693359	      3.37993691	      3.81932978	     -3.91834624	      0.00000000	    -14.14061081	      2.87996699	      3.62915572	      0.00000000	     19.58615571	     10.07716862	      0.00000000	     -5.88390966	      1.76500015	    -12.16838968	     -1.80768411	     -3.03219088	     -3.24515990	     27.06928816	     83.79194895	     -0.02791207	    -10.08764599	     10.66381135	     24.21531813	     78.54257112
      3.60000000	      1.52725218	     -2.79554534	      8.01611305	     -0.34280134	      0.98705753	     -0.11138389	     18.40250762	      4.43693724	     -5.39528590	      0.47532001	      4.40455498	     -1.97243991	      0.00000000	    -15.04486078	      2.11489401	      4.02168799	      0.00000000	     21.68796204	     10.35067475	      0.00000000	     -5.61461535	      2.62985021	    -12.58600984	     -1.82466092	     -3.17892273	     -3.29604792	     27.38577879	     83.85984921	      0.06450058	    -10.03677797	     10.63103542	     24.71318317	     78.48066862
      3.61666670	      0.95608214	     -3.21525339	      8.31252690	     -0.32932790	      0.98045903	     -0.11192410	     20.09032915	      4.64656038	     -5.42804919	      0.00000000	      5.68185985	     -0.69551356	      0.00000000	    -15.47231867	      1.63567354	      4.04009392	      0.00000000	     23.44358038	     10.47661139	      0.00000000	     -4.97996030	      3.12244702	    -12.65991262	     -1.86111660	     -3.31592921	     -3.29125421	     27.58208088	     83.93381179	      0.16409479	     -9.92609665	     10.61474214	     25.19183299	     78.44128353
      3.63333330	      0.74446347	     -3.60082006	      8.54191791	     -0.31591224	      0.97570307	     -0.11261076	     21.06242248	      4.96105171	     -5.37264534	      0.00000000	      6.23179758	     -0.65533117	      0.00000000	    -16.16069046	      1.15631714	      4.10955326	      0.00000000	     24.76077133	     10.33731570	      0.00000000	     -4.90516961	      3.72353446	    -12.72369152	     -1.66211376	     -3.49025338	     -3.30555093	     27.63143458	     83.95196385	      0.39870609	     -9.76493069	     10.62854101	     25.37142769	     78.43773206
      3.65000000	      0.58945964	     -3.99430682	      8.81489957	     -0.30135609	      0.97244380	     -0.11372996	     21.33177053	      5.41001716	     -5.43103136	      0.00000000	      6.47191155	     -0.84248822	      0.00000000	    -16.90065239	      0.57337909	      4.04750061	      0.00000000	     25.37445583	     10.33389349	      0.00000000	     -4.71010069	      4.31923941	    -12.80068072	     -1.64988963	     -3.64235496	     -3.29679505	     27.58810198	     83.97417845	      0.50892466	     -9.55188400	     10.65838856	     25.50174273	     78.43792782
      3.66666670	      0.67565080	     -4.37924708	      9.04360412	     -0.28544033	      0.97060410	     -0.11508273	     20.80949797	      6.04010283	     -5.31636213	      0.00000000	      6.30233678	     -1.56241218	      0.00000000	    -18.07792660	     -0.07955913	      3.85081680	      0.00000000	     25.82499612	     10.42867284	      0.00000000	     -4.66641155	      5.05722438	    -12.91642384	     -1.53974698	     -3.87977160	     -3.26277845	     27.47676970	     84.01501708	      0.51494109	     -9.23836228	     10.71295070	     25.52403402	     78.43944108
      3.68333330	      1.25112977	     -4.54617949	      9.19503487	     -0.26839046	      0.97022180	     -0.11579741	     19.32094746	      6.72311885	     -4.28954162	      0.00000000	      5.10889516	     -3.69130736	      0.00000000	    -19.81191768	     -0.61116991	      3.41017435	      0.00000000	     25.80198277	     10.85811826	      0.00000000	     -5.35719889	      5.52079554	    -13.08488573	     -1.29482149	     -3.95589274	     -3.03729658	     27.18459049	     84.14587962	      0.51210499	     -9.02648588	     10.73193027	     25.31338578	     78.42252019
      3.70000000	      1.24989640	     -4.58839322	      9.00342049	     -0.25014041	      0.96898979	     -0.11577052	     18.69152069	      7.30663817	     -2.99510256	      1.08235290	      4.13906302	     -5.96584739	      0.00000000	    -20.81658225	     -0.79967183	      2.88684139	      0.00000000	     25.42130903	     10.89058917	      0.00000000	     -5.17779819	      5.80276149	    -12.84643190	     -1.30268820	     -4.10270667	     -2.74009672	     26.84433994	     84.32078417	      0.25922877	     -8.76095710	     10.70894098	     25.15254114	     78.38991082
      3.71666670	      1.17804352	     -4.47713866	      8.79296205	     -0.23187460	      0.96770317	     -0.11545254	     18.16531148	      7.72065325	     -2.19596208	      2.50892577	      2.96642935	     -7.52332410	      0.00000000	    -21.60339459	     -0.80551735	      2.50208667	      0.00000000	     24.93218808	     10.77205018	      0.00000000	     -4.94284823	      5.87098787	    -12.69697004	     -1.37002407	     -4.21493149	     -2.49819644	     26.65061919	     84.48483140	     -0.06405887	     -8.52764201	     10.67793087	     24.93428621	     78.35639749
      3.73333330	      1.10156921	     -4.31797789	      8.54730302	     -0.21330406	      0.96604883	     -0.11498465	     17.52386672	      8.02282879	     -1.97577735	      3.67681204	      1.85681127	     -7.60992851	      0.00000000	    -22.38028682	     -0.73886460	      2.14084628	      0.00000000	     24.46520152	     10.61859227	      0.00000000	     -4.63923209	      5.91998669	    -12.55767214	     -1.45519243	     -4.29279131	     -2.46402439	     26.59446996	     84.51937309	     -0.51244170	     -8.34305897	     10.70650818	     24.77293933	     78.35200068
      3.75000000	      1.24768402	     -4.13824029	      8.27689875	     -0.19443033	      0.96476244	     -0.11410982	     16.41676539	      8.31594465	     -0.91398200	      4.26191867	     -0.10446262	     -9.20227587	      0.00000000	    -23.48148996	     -0.67534510	      1.82338370	      0.00000000	     24.16067319	     10.58367506	      0.00000000	     -4.56486123	      5.90406636	    -12.19302197	     -1.60889962	     -4.39363450	     -2.29226867	     26.36448218	     84.65527430	     -0.88752420	     -8.11011566	     10.63394072	     24.45211968	     78.30583798
      3.76666670	      1.14354867	     -3.96148736	      8.04576282	     -0.17565904	      0.96453031	     -0.11332084	     15.77894249	      8.42053517	     -0.71359253	      5.14510458	     -0.83629941	     -8.97348432	      0.00000000	    -24.44118292	     -0.58736904	      1.67319055	      0.00000000	     23.92534148	     10.50617354	      0.00000000	     -4.11119217	      5.83437388	    -12.07172243	     -1.90991242	     -4.46322504	     -2.29204227	     26.28116700	     84.66431857	     -1.54022942	     -7.96422426	     10.67443333	     24.25197543	     78.30671285
      3.78333330	      1.33680491	     -3.87325262	      7.60981065	     -0.15830339	      0.96621499	     -0.11229739	     14.63564786	      8.69602625	      0.52480752	      5.42924659	     -2.56964023	    -10.16101807	      0.00000000	    -24.99811290	     -0.55869601	      0.46942546	      1.78598376	     23.78673140	     10.60921397	      0.00000000	     -4.17989581	      5.98707336	    -11.60816932	     -1.92856939	     -4.64568089	     -2.10040752	     26.11960148	     84.80866905	     -1.91014252	     -7.67567886	     10.48509305	     23.80970135	     78.22790670
      3.80000000	      1.23520259	     -3.70138379	      7.27622201	     -0.14173305	      0.96812495	     -0.11158866	     14.04765983	      8.73318093	      1.36807352	      6.18542436	     -3.18835018	    -10.38441259	      0.00000000	    -24.05634498	     -0.58348541	     -1.12471365	      5.93074904	     24.19752848	     10.97627499	      0.00000000	     -3.88566884	      5.93829085	    -11.29448627	     -2.06910518	     -4.80595609	     -1.92875902	     26.05109699	     84.92208113	     -2.45052813	     -7.46843991	     10.31618733	     23.50670840	     78.17023907
      3.81666670	      1.31038516	     -3.58953169	      6.73839997	     -0.12490458	      0.97018549	     -0.11091706	     13.27054741	      8.87790913	      2.52580956	      6.96465615	     -3.65144342	    -10.64598787	      0.00000000	    -21.77836621	     -0.99720392	     -3.72855327	     12.98365672	     24.80203384	     11.61948442	      0.00000000	     -3.81521687	      5.98555862	    -10.68192344	     -2.19648105	     -5.04765318	     -1.72322081	     25.94425600	     85.02128888	     -2.93559074	     -7.20051546	     10.10934008	     23.22092110	     78.11620401
      3.83333330	      1.29078932	     -3.82070114	      6.24487918	     -0.10750989	      0.97133780	     -0.11063747	     12.56848138	      9.31673780	      3.55612808	      7.66929399	     -3.79432045	    -10.82544970	      0.00000000	    -18.10152632	     -2.24234169	     -6.32501984	     22.45342665	     25.53435804	     12.19077801	      0.00000000	     -3.62750948	      6.42304361	    -10.00211880	     -2.38149100	     -5.40010241	     -1.56653489	     26.01521386	     85.08077404	     -3.39836593	     -6.88049605	      9.94091012	     23.06955249	     78.08380676
      3.85000000	      0.92976147	     -4.33980750	      5.65659543	     -0.09021536	      0.97205189	     -0.11039212	     12.12657379	      9.98867618	      4.40146644	      8.11094190	     -3.65695515	    -10.84687188	      0.00000000	    -14.01722341	     -3.88222432	     -8.54316877	     31.69739961	     25.94438640	     12.53876667	      0.00000000	     -3.09828398	      7.20735704	     -9.26040734	     -2.62414461	     -5.88040124	     -1.43353211	     26.34414288	     85.12074523	     -3.96311026	     -6.46514355	      9.76161698	     22.96684210	     78.05968269
      3.86666670	      0.55092387	     -4.78541741	      5.10738950	     -0.07432213	      0.97392689	     -0.10971054	     11.35207918	     10.52274324	      5.02410710	      7.84326657	     -3.11101772	    -10.56436257	      0.00000000	    -10.32128621	     -5.33576021	     -9.94732524	     39.50068154	     25.56704975	     11.82284084	      0.00000000	     -2.54237185	      7.88156847	     -8.49570287	     -2.87967683	     -6.31185508	     -1.31775075	     26.75147045	     85.14365474	     -4.44960333	     -6.13425557	      9.58232420	     22.93101576	     78.04325960
      3.88333330	      0.53797907	     -4.95431761	      4.51957428	     -0.05991014	      0.97718071	     -0.10841881	      9.89750517	     10.75429927	      5.55200318	      7.06008805	     -2.43131242	    -10.11403961	      0.00000000	     -7.43297042	     -6.34072653	    -10.89392703	     45.51802428	     24.07240806	     10.53860099	      0.00000000	     -2.69397514	      8.32409441	     -7.77884770	     -2.77398376	     -6.66032849	     -1.27771097	     26.96638597	     85.14942495	     -4.82314655	     -5.90108956	      9.51219305	     22.91337571	     78.03912767
      3.90000000	      0.12104799	     -4.62346877	      3.96182917	     -0.04504349	      0.98022787	     -0.10638832	      8.65224012	     10.38847727	      5.58864471	      5.86255999	     -1.53986149	     -8.76156047	      0.00000000	     -3.98447814	     -6.58761459	    -11.15587857	     50.18363085	     22.06031233	      8.15966331	      0.00000000	     -2.20121088	      7.93590710	     -6.92345522	     -3.07121867	     -6.77468690	     -1.06813224	     27.50605745	     85.16366774	     -5.16834087	     -5.94325279	      9.28149995	     22.99725361	     78.03510286
      3.91666670	      0.27155891	     -4.03193753	      3.33103333	     -0.02974894	      0.98375435	     -0.10413172	      6.54579282	      9.79858707	      5.77245911	      4.19518913	     -0.73731996	     -7.64156654	      0.00000000	     -0.73911834	     -6.67621166	    -11.54815775	     53.90096825	     20.07600929	      6.32318391	      0.00000000	     -2.51366024	      7.34247377	     -6.07781213	     -2.94220818	     -6.82097284	     -0.94777549	     27.64213206	     85.16482000	     -5.37556446	     -6.01049995	      9.16219071	     23.04864206	     78.03856652
      3.93333330	      0.44687609	     -2.92410309	      2.71575688	     -0.01558564	      0.98701855	     -0.10211007	      4.54285516	      8.63069329	      5.44432676	      2.73168830	      0.43708255	     -5.72021710	      0.00000000	      3.05162172	     -6.13080567	    -11.68303208	     56.96930131	     17.96467285	      4.05835328	      0.00000000	     -2.91335007	      5.95364670	     -5.26475528	     -2.66164719	     -6.58335348	     -0.72389693	     27.82033234	     85.14424976	     -5.39685824	     -6.37103114	      8.98631568	     23.13776894	     78.06797626
      3.95000000	      0.63840080	     -1.76713539	      2.21270884	     -0.00275871	      0.99023327	     -0.10108732	      2.51242310	      7.38274129	      5.17244316	      1.10393754	      1.29508194	     -4.06976815	      0.00000000	      6.97302479	     -5.55281731	    -11.87583224	     59.30496844	     15.55883706	      2.57276850	      0.00000000	     -3.26798872	      4.49104958	     -4.52084251	     -2.35991437	     -6.34973068	     -0.54082551	     27.80253255	     85.10781469	     -5.33158116	     -6.73273460	      8.87904731	     23.23645827	     78.10844982
      3.96666670	      0.67108097	     -0.70163356	      1.71477969	      0.00947998	      0.99416587	     -0.10060034	      1.00597538	      6.20001264	      4.81848731	      0.00000000	      2.17060676	     -2.52183288	      0.00000000	     10.78017846	     -4.88524756	    -12.01795941	     60.62223582	     13.15205572	      1.40539204	      0.00000000	     -3.41811124	      3.12333038	     -3.75011636	     -2.04527830	     -6.16205076	     -0.38381038	     27.78204007	     85.05681448	     -5.19905982	     -7.05476084	      8.81967921	     23.34996644	     78.15849408
      3.98333330	      0.54104473	      0.12851651	      1.12756302	      0.02192489	      0.99870201	     -0.09981263	      0.31729467	      5.27712338	      4.25988611	      0.00000000	      3.24583491	     -1.01129084	      0.00000000	     14.29224649	     -4.18541792	    -12.06510746	     60.78261675	     11.20671024	      0.61449456	      0.00000000	     -3.44957621	      2.03860441	     -2.87629615	     -1.75140718	     -6.06899474	     -0.24796401	     27.80225656	     84.97886394	     -4.98377581	     -7.26606457	      8.80352046	     23.45900348	     78.22664389
      4.00000000	      0.49743534	      0.72769255	      0.52277897	      0.03528772	      1.00248545	     -0.09877143	     -0.44376040	      4.61530178	      3.79830139	      0.00000000	      4.01893440	      0.15674466	      0.00000000	     17.09283710	     -3.43981988	    -11.90889441	     59.73016395	     10.14183913	      0.27388144	      0.00000000	     -3.54489904	      1.24811145	     -2.01039552	     -1.48141037	     -6.07509500	     -0.15921737	     27.89908909	     84.88003932	     -4.74024275	     -7.36401559	      8.83395123	     23.52960116	     78.30552440
      4.01666670	      0.53308455	      1.15838617	     -0.04755377	      0.04906767	      1.00535230	     -0.09782512	     -1.35698915	      4.16999349	      3.63537108	      0.00000000	      4.36116190	      0.48476945	      0.00000000	     19.20329322	     -2.66558468	    -11.57000973	     57.53477715	      9.94565789	      0.43467143	      0.00000000	     -3.71667939	      0.66733497	     -1.40295713	     -1.22352273	     -6.05436056	     -0.11492472	     28.00858851	     84.84904247	     -4.59578682	     -7.44437447	      8.82745452	     23.59044606	     78.32765209
      4.03333330	      0.57103403	      1.42350529	     -0.73733610	      0.06315730	      1.00750249	     -0.09713953	     -2.35109033	      3.89714800	      3.31282162	      0.00000000	      4.73242281	      1.49733304	      0.00000000	     20.64033926	     -1.92655675	    -11.25453136	     54.15433740	      9.54271741	     -0.00578950	      0.00000000	     -3.79020942	      0.28972807	     -0.39222572	     -1.18658751	     -6.21297800	     -0.08882928	     28.15252344	     84.73760832	     -4.34683352	     -7.36891506	      8.91080089	     23.70702682	     78.41140073
      4.05000000	      0.52151755	      1.62586793	     -1.33890445	      0.07763008	      1.00883632	     -0.09637790	     -3.27674513	      3.70639509	      3.18075463	      0.00000000	      4.55293361	      1.86217838	      0.00000000	     21.54422818	     -1.18469985	    -11.00364039	     49.74388811	      9.52093887	     -0.07375040	      0.00000000	     -3.64292608	     -0.02195995	      0.08418381	     -1.11703565	     -6.20834722	     -0.08045362	     28.33115766	     84.68700716	     -4.40829531	     -7.37213045	      8.95386369	     23.73033961	     78.44977494
      4.06666670	      0.65510759	      1.73475944	     -1.98614991	      0.09139452	      1.00886693	     -0.09554933	     -4.26997197	      3.58335877	      3.11612297	      0.00000000	      4.46394619	      2.46967106	      0.00000000	     21.70822371	     -0.42102029	    -10.71787203	     44.38131769	      8.64330547	     -0.51072323	      0.00000000	     -3.84650940	     -0.20386224	      0.86565174	     -1.18281131	     -6.36594111	     -0.09585411	     28.59625930	     84.57339454	     -4.32861218	     -7.26224309	      9.04400505	     23.92339917	     78.53087245
      4.08333330	      0.55670834	      1.69431606	     -2.58670994	      0.10445771	      1.00702627	     -0.09452745	     -4.83712291	      3.64031953	      3.07367395	      0.00000000	      4.04415897	      2.66533039	      0.00000000	     21.73553481	      0.13887157	    -10.34927608	     38.60062845	      8.08015739	     -0.27214615	      0.00000000	     -3.57765859	     -0.22777546	      1.22034802	     -1.19108927	     -6.38789415	     -0.08744911	     28.87391059	     84.52021893	     -4.53182943	     -7.20448075	      9.09111770	     23.99693288	     78.57109946
      4.10000000	      0.54618614	      1.49008977	     -3.20180719	      0.11653462	      1.00598643	     -0.09392909	     -5.35403527	      3.85078911	      3.20710703	      0.00000000	      4.21227843	      2.68529303	      0.00000000	     21.38566427	      0.50146333	     -9.71424816	     32.62968717	      7.01144047	      0.00093271	      0.00000000	     -3.49819196	     -0.04669185	      1.66905191	     -1.20611612	     -6.49881719	     -0.05539118	     29.19853226	     84.46666820	     -4.65127574	     -7.09090718	      9.13163419	     24.17491177	     78.61227753
      4.11666670	      0.78728326	      1.06389175	     -3.83973703	      0.12844893	      1.00565340	     -0.09400951	     -6.04552636	      4.24154749	      3.48987384	      0.00000000	      5.21344573	      2.73870578	      0.00000000	     20.68065432	      0.61217866	     -8.80525203	     26.89622570	      5.82679643	      0.04087029	      0.00000000	     -3.89698227	      0.42096331	      2.21903425	     -1.23970406	     -6.76615370	     -0.00039149	     29.81045525	     84.35087663	     -4.63330816	     -6.90235999	      9.22007803	     24.51110784	     78.70055566
      4.13333330	      0.68550471	      0.54627903	     -4.27443186	      0.14105064	      1.00317081	     -0.09426647	     -6.33996752	      4.74028013	      3.84785532	      0.00000000	      7.40138829	      2.46501448	      0.00000000	     20.56889257	      0.53219508	     -7.81961134	     21.88073663	      5.18115263	      0.89260063	      0.00000000	     -3.77062009	      0.96949444	      2.42115281	     -1.23973373	     -6.88020952	      0.02554019	     30.11151085	     84.29894232	     -4.71830674	     -6.76764727	      9.27880601	     24.60515933	     78.74297578
      4.15000000	      0.71997851	      0.01594102	     -4.70710064	      0.15380402	      0.99987871	     -0.09413204	     -6.80153618	      5.18199701	      4.39176685	      0.00000000	     10.40141223	      2.30066348	      0.00000000	     20.45075969	      0.40204862	     -6.81889571	     17.40777046	      4.94828548	      1.76713581	      0.00000000	     -3.88016948	      1.50004944	      2.65418040	     -1.22506229	     -7.01255731	      0.07151388	     30.40028393	     84.24482996	     -4.69100086	     -6.61280834	      9.35531311	     24.67405350	     78.78802659
      4.16666670	      1.05493676	     -0.43689062	     -5.09869238	      0.16655298	      0.99645412	     -0.09347829	     -7.66532088	      5.46169849	      4.78678116	      0.00000000	     13.52511077	      2.80212380	      0.00000000	     19.97795263	      0.29495334	     -5.83887019	     13.34089605	      5.02347436	      2.79558849	      0.00000000	     -4.40792303	      1.90052923	      2.93125963	     -1.25973071	     -7.17633836	      0.18603241	     30.83405350	     84.10978184	     -4.46927220	     -6.46372367	      9.57264582	     24.61252248	     78.89110722
      4.18333330	      0.99474627	     -0.74529689	     -5.21471796	      0.17929560	      0.99103417	     -0.09283727	     -8.33274367	      5.67825667	      5.24225246	      0.00000000	     15.83286363	      2.54517381	      0.00000000	     20.05033526	      0.25122593	     -4.38101290	     10.07020850	      5.22019601	      3.48489978	      0.00000000	     -4.30171317	      2.08473910	      2.89823383	     -1.30756151	     -7.13318901	      0.24774264	     30.92191715	     84.04532726	     -4.26553206	     -6.46192978	      9.69026244	     24.57258716	     78.93622159
      4.20000000	      1.10617758	     -0.60293619	     -5.35510804	      0.19168632	      0.98394545	     -0.09249254	     -9.51379850	      5.43091113	      5.48086786	      0.00000000	     17.22938011	      2.80658321	      0.00000000	     19.76030059	      0.58924536	     -2.97753726	      7.12378542	      5.30387184	      3.49205407	      0.00000000	     -4.36414198	      1.69589075	      2.80202363	     -1.30001238	     -6.96914619	      0.41584438	     31.00624313	     83.87389274	     -3.97840375	     -6.63608145	     10.08888771	     24.37473786	     79.05243738
      4.21666670	      0.78186855	     -0.03406822	     -5.41005151	      0.20444182	      0.97430433	     -0.09267966	    -10.59890687	      4.87726069	      5.63712035	      0.00000000	     18.46380528	      2.64256601	      0.00000000	     20.01214624	      1.29452175	     -1.86949336	      5.03691874	      6.07438018	      3.51432168	      0.00000000	     -3.68274690	      0.78174362	      2.65942287	     -1.56612650	     -6.66308754	      0.51884090	     31.00334552	     83.82906552	     -3.87661597	     -6.93683210	     10.18533294	     24.37580664	     79.07762194
      4.23333330	      0.31901380	      0.93274483	     -5.51471431	      0.21748993	      0.96465672	     -0.09316007	    -11.78302146	      3.92640568	      5.65048754	      0.00000000	     20.03394224	      2.44473002	      0.00000000	     20.34221128	      2.42886754	     -1.16527111	      3.58956902	      7.01495852	      3.12643125	      0.00000000	     -2.85671094	     -0.57912137	      2.56072703	     -1.78217855	     -6.26226054	      0.62411980	     31.03747133	     83.79597842	     -3.84893055	     -7.36752972	     10.26373160	     24.37117235	     79.09592390
      4.25000000	     -0.26938918	      1.98351705	     -5.45157593	      0.23091689	      0.95803071	     -0.09433131	    -12.85781567	      2.86626762	      4.69115823	      0.00000000	     22.28766929	      3.83884461	      0.00000000	     20.79565306	      3.82057245	     -0.04008748	      2.94101452	      7.07528538	      0.90773223	      0.00000000	     -1.67603760	     -1.95025427	      2.30150042	     -2.15246237	     -5.79231028	      0.82555463	     30.81243171	     83.43671262	     -3.96194200	     -8.09296571	     11.35683904	     24.79849141	     79.26772102
      4.26666670	     -0.68586573	      2.92170452	     -5.51686579	      0.24396007	      0.95642416	     -0.09533320	    -13.88840782	      1.82425227	      4.68259397	      0.00000000	     23.69301494	      3.57091169	      0.00000000	     21.00476147	      5.08043689	     -0.04002001	      3.07424721	      7.60039083	      0.23280008	      0.00000000	     -0.86755828	     -3.22297962	      2.20976858	     -2.46542253	     -5.42845431	      0.91483750	     30.84565145	     83.38828457	     -3.98683941	     -8.50401544	     11.45612724	     24.78342907	     79.27015208
      4.28333330	     -1.40451278	      3.77265954	     -5.58486673	      0.25689868	      0.95682518	     -0.09649171	    -14.42754337	      0.85605535	      4.19037337	      0.00000000	     25.14710953	      4.49935662	      0.00000000	     21.46657879	      6.27938257	      0.41984884	      3.64902123	      6.62090933	     -2.17428188	      0.00000000	      0.46731074	     -4.31860273	      2.30780090	     -2.95868275	     -5.12554985	      0.98231061	     30.83704095	     83.08969875	     -4.16445536	     -9.04643707	     12.33907393	     25.22107241	     79.32737034
      4.30000000	     -2.67667108	      5.73566990	     -5.87717830	      0.26852198	      0.95262112	     -0.09660599	    -15.10377682	     -1.19159883	      3.24349855	      0.00000000	     27.79057247	      6.22245366	      0.00000000	     23.21286730	      8.27526595	     -0.77611704	      5.57999393	      5.18969321	     -4.73166832	      0.00000000	      2.49630935	     -6.66793382	      2.68718804	     -3.57641538	     -4.47057975	      0.92243423	     31.14650485	     82.73794589	     -4.47806726	    -10.07885163	     13.33017032	     25.93598935	     79.32889633
      4.31666670	     -6.13013297	     10.57800730	     -6.69850111	      0.27683047	      0.93384099	     -0.09385127	    -14.84494348	     -5.98609023	     -0.09341008	      0.15722768	     33.55382291	      9.74320815	      0.00000000	     29.33911714	     11.62531504	     -7.34573842	     10.62866795	      2.97078513	     -8.43678186	      0.00000000	      7.29403836	    -11.94752103	      4.56862137	     -4.85365243	     -3.04759615	      0.46657353	     32.62401748	     82.47153222	     -5.42245839	    -12.46619540	     14.36187712	     28.54149292	     79.33829583
      4.33333330	    -10.04691365	     16.64608959	     -7.58538624	      0.28200639	      0.90848563	     -0.08936794	    -14.46080761	    -11.44534662	     -3.55464939	      0.21747171	     40.12707262	     11.89494206	      0.00000000	     36.31062483	     14.69741087	    -17.80047940	     14.36512541	      2.69900461	    -10.61750118	      0.00000000	     12.04031167	    -18.34417311	      7.04402098	     -6.42262168	     -1.01562463	     -1.27882654	     36.52998360	     82.26793986	     -7.31898544	    -16.50714719	     16.00276600	     35.30719866	     79.24948709
      4.35000000	    -12.67245278	     19.87870337	     -8.21129292	      0.29238778	      0.89253360	     -0.08695689	    -13.21506297	    -14.30739450	     -3.11940729	      0.68680700	     43.64577497	     10.71091727	      0.00000000	     39.86180358	     15.97511160	    -22.80156201	     14.32375358	      2.14781852	    -11.27621388	      0.00000000	     15.30408397	    -21.91970764	      8.25053140	     -7.45409484	      0.16156185	     -2.01058766	     38.85201461	     82.48015247	     -9.72443557	    -19.10492640	     15.72568977	     41.06805560	     78.73281900
      4.36666670	    -12.07489282	     18.48357817	     -7.79263823	      0.31318031	      0.89688076	     -0.08731700	    -12.23750969	    -12.99390415	     -1.54039365	      2.48657041	     43.57642226	      8.85734796	      0.00000000	     37.33005825	     16.29029210	    -20.24866133	     11.86435502	      2.51390737	     -8.47235233	      0.00000000	     14.46160889	    -21.11750237	      5.82528270	     -7.08084185	      0.10481296	     -1.00138428	     36.88234255	     83.05878737	    -11.40510044	    -18.42783050	     13.12851993	     41.29938925	     77.65952715
      4.38333330	     -9.74504789	     15.36846521	     -7.40717481	      0.33419302	      0.90951519	     -0.08878008	    -12.36680361	    -10.33921653	     -0.66852648	      4.87563170	     42.59590682	      8.52223238	      0.00000000	     32.40834525	     15.52764010	    -15.64656984	      9.75609434	      2.06392133	     -6.44460012	      0.00000000	     11.67478344	    -18.46495708	      3.15449143	     -6.71053733	     -0.38058939	     -0.77629252	     35.62272418	     83.08848945	    -11.27393654	    -17.28101872	     13.20577251	     39.40065707	     77.59895439
      4.40000000	     -7.05042698	     11.89516292	     -7.31613663	      0.35400074	      0.92350514	     -0.09073252	    -12.63655913	     -7.70739095	     -0.24944145	      8.18896977	     41.28135448	      8.37451926	      0.00000000	     27.00570329	     13.83346968	    -11.50196252	      8.17637336	      1.62655195	     -4.85360290	      0.00000000	      9.03531145	    -15.07756466	      1.22179258	     -5.71560797	     -1.05076141	      0.03192068	     32.65950512	     83.12713664	    -10.09526030	    -15.45598450	     13.08052569	     35.50909381	     77.46308693
      4.41666670	     -4.73162764	      8.61440094	     -7.17276853	      0.37104042	      0.93664927	     -0.09363748	    -12.12523936	     -5.48139079	     -0.67367195	     13.12073751	     40.48373617	      9.23474818	      0.00000000	     22.32812842	     11.67202280	     -8.06774571	      7.54294852	      1.36689644	     -3.81298738	      0.00000000	      6.79062457	    -11.77241999	     -0.12591573	     -4.77885497	     -1.78104679	      0.98454191	     30.06498713	     83.08348240	     -8.71190654	    -13.77322158	     13.25988521	     31.91182596	     77.38067673
      4.43333330	     -2.99612847	      6.12335697	     -7.23954460	      0.38473734	      0.94661287	     -0.09718029	    -10.76219337	     -4.28505496	     -1.52675297	     19.07521952	     39.82132528	     10.85140364	      0.00000000	     18.59481681	      9.80201675	     -5.99923774	      7.25739778	      1.68105796	     -3.10813671	      0.00000000	      5.17231201	     -9.12839560	     -0.99474767	     -4.18320168	     -2.51004712	      1.70582681	     28.26329293	     82.95202313	     -7.73383147	    -12.38565248	     13.61933203	     29.35496367	     77.33203857
      4.45000000	     -2.01748462	      4.31969153	     -7.49372319	      0.39563942	      0.95320819	     -0.10072777	     -8.55619974	     -3.68996394	     -1.87264486	     25.40633502	     38.92995770	     11.73600663	      0.00000000	     16.03586010	      8.24930696	     -4.96678743	      7.17407637	      2.20248088	     -2.67792275	      0.00000000	      4.19631802	     -7.09586533	     -1.47621948	     -3.92378766	     -3.05208398	      1.82630184	     27.71053693	     82.87947729	     -7.42778441	    -11.57785805	     13.83767836	     28.69989043	     77.32884764
      4.46666670	     -1.47126551	      3.42763908	     -7.75475992	      0.40619186	      0.95732762	     -0.10408849	     -6.46431800	     -4.05612710	     -2.80249696	     31.01684850	     37.94517777	     13.90101009	      0.00000000	     13.98417508	      7.56717311	     -4.40799570	      6.67429407	      3.04003917	     -2.20770269	      0.00000000	      3.92348407	     -6.02497453	     -1.69742450	     -3.56219106	     -3.42647464	      2.38009162	     26.45701677	     82.71309189	     -6.71890612	    -10.78884069	     14.10609208	     26.84770615	     77.25525299
      4.48333330	     -1.27406505	      2.87315816	     -7.89211769	      0.41618538	      0.96055463	     -0.10645386	     -4.92504082	     -4.32129159	     -3.16767840	     34.96716913	     35.87726302	     14.14445437	      0.00000000	     12.48186767	      7.14317309	     -3.95177941	      6.10013351	      3.70214489	     -2.02841843	      0.00000000	      3.68738998	     -5.37867798	     -2.01129799	     -3.54718693	     -3.67168559	      2.40330451	     26.32234723	     82.67432392	     -6.58537586	    -10.47784462	     14.21103528	     26.72918645	     77.25623678
      4.50000000	     -1.70849797	      2.81064009	     -8.24287840	      0.42589486	      0.96236291	     -0.10771821	     -2.95954214	     -4.85201711	     -3.21433331	     38.18886450	     34.12302402	     14.59082051	      0.00000000	     11.83994223	      7.03797869	     -4.41567317	      5.53577738	      4.55204653	     -1.21021354	      0.00000000	      4.41146191	     -5.15357674	     -1.95513260	     -3.57986229	     -3.78191328	      2.87075123	     25.70133950	     82.47129311	     -6.33691190	    -10.26601483	     14.50760591	     25.85742742	     77.18279261
      4.51666670	     -1.85000383	      2.52984548	     -8.30568324	      0.43552860	      0.96593535	     -0.10960239	     -1.75439518	     -4.96254014	     -3.46626841	     40.24307362	     31.90491909	     14.60325531	      0.00000000	     10.71469269	      6.85820948	     -4.16368988	      4.56195379	      5.11744346	     -0.81595773	      0.00000000	      4.49840844	     -4.82011647	     -2.18728801	     -3.68199728	     -3.87506010	      2.98016859	     25.60875172	     82.37846786	     -6.22493549	    -10.18582339	     14.64624570	     25.75216197	     77.16067016
      4.53333330	     -2.03497633	      2.10387234	     -8.31552539	      0.44602121	      0.96903931	     -0.11181629	     -0.44572013	     -4.79968758	     -3.64762325	     42.03945524	     29.47941104	     14.49418522	      0.00000000	      9.54661585	      6.55860399	     -3.90958285	      3.34331911	      5.50934849	     -0.15855240	      0.00000000	      4.65874587	     -4.27284721	     -2.40632292	     -3.78122111	     -4.01950967	      3.06069170	     25.50817060	     82.28354264	     -6.06884971	    -10.03956676	     14.78273799	     25.68144915	     77.13790320
      4.55000000	     -2.20979009	      1.49679043	     -8.25463715	      0.45625775	      0.97255458	     -0.11415489	      0.83088290	     -4.33799133	     -3.83791923	     43.40369565	     26.54568768	     14.05793294	      0.00000000	      8.36352485	      6.11464546	     -3.65250822	      2.05343984	      5.77479136	      0.62845539	      0.00000000	      4.82451373	     -3.53320256	     -2.61998974	     -3.86884361	     -4.19326850	      3.13195021	     25.38559091	     82.17386355	     -5.88498718	     -9.83655970	     14.93042907	     25.57489820	     77.10838193
      4.56666670	     -2.34299434	      0.75372796	     -8.16196557	      0.46513370	      0.97579712	     -0.11623853	      1.93780424	     -3.52446379	     -3.75909598	     44.14228212	     23.49923860	     12.73249661	      0.00000000	      7.22121515	      5.54672319	     -3.37287137	      0.83940896	      6.01745561	      1.60912668	      0.00000000	      4.90042565	     -2.60509920	     -2.86777285	     -3.82891544	     -4.42305848	      3.23741328	     25.25541966	     81.98331440	     -5.57001589	     -9.56724735	     15.14604310	     25.34448405	     77.04305576
      4.58333330	     -2.48034169	      0.02641336	     -7.99955156	      0.47304693	      0.97946667	     -0.11829800	      3.00004081	     -2.67764409	     -3.76135416	     44.34872278	     21.06745396	     11.64264194	      0.00000000	      6.29611625	      4.97214864	     -3.09965330	      0.00000000	      6.32074843	      2.31108113	      0.00000000	      4.89307307	     -1.73522463	     -3.15219752	     -3.84657893	     -4.61805791	      3.31418804	     25.17081395	     81.79317875	     -5.33077254	     -9.34295040	     15.32619404	     25.18522762	     76.96585228
      4.60000000	     -2.69925610	     -0.73708134	     -7.68157689	      0.48020116	      0.98331973	     -0.12059153	      4.18376255	     -1.71251821	     -3.86682850	     44.17635777	     19.40856612	     10.41039915	      0.00000000	      5.92665917	      4.30186964	     -2.94966844	      0.00000000	      6.95933869	      2.95512384	      0.00000000	      4.86457143	     -0.82206609	     -3.57595174	     -3.75536377	     -4.75939273	      3.36399054	     25.15805752	     81.60340769	     -5.01619261	     -9.16474104	     15.46260084	     25.08804871	     76.87621079
      4.61666670	     -2.85783320	     -1.47327216	     -7.36200607	      0.48730615	      0.98616462	     -0.12272497	      5.25984765	     -0.80745883	     -4.06096983	     43.51909540	     18.22317790	      9.29840600	      0.00000000	      5.52649744	      3.66479355	     -2.67850142	      0.00000000	      7.53596802	      3.38290807	      0.00000000	      4.80571190	      0.07475042	     -3.90344577	     -3.74044162	     -4.92664058	      3.37584593	     25.10161148	     81.48872664	     -4.78136298	     -8.94410000	     15.53865197	     25.08432982	     76.81670644
      4.63333330	     -2.96651971	     -2.08239148	     -6.99629103	      0.49435475	      0.98574642	     -0.12381347	      6.12789068	      0.02890196	     -4.21268869	     42.33066445	     17.19761907	      7.66911454	      0.00000000	      5.14971692	      3.14340786	     -2.44604758	      0.00000000	      8.08240143	      3.82329843	      0.00000000	      4.71454064	      0.76622777	     -4.33528165	     -3.58856090	     -4.99009665	      3.40328402	     25.10428023	     81.36396362	     -4.47221459	     -8.80667717	     15.59159479	     25.05727325	     76.73965268
      4.65000000	     -3.10871698	     -2.55545768	     -6.61824766	      0.50102305	      0.98389277	     -0.12424632	      6.77413871	      0.70707431	     -4.54261167	     40.60405898	     16.52749737	      6.38083198	      0.00000000	      4.87921956	      2.76052166	     -2.07109817	      0.00000000	      8.55799228	      4.16116657	      0.00000000	      4.60252306	      1.25545104	     -4.56480998	     -3.54639710	     -5.09726566	      3.42256160	     25.07751729	     81.28178599	     -4.25110643	     -8.66857159	     15.61917314	     25.12503452	     76.68221994
      4.66666670	     -3.12969186	     -2.90736350	     -6.32200614	      0.50700974	      0.98278055	     -0.12416389	      6.97586394	      1.37447801	     -4.62895555	     38.26304731	     15.26937623	      4.26880285	      0.00000000	      4.53003974	      2.47547876	     -2.01738349	      0.00000000	      8.95944041	      4.41050717	      0.00000000	      4.41762600	      1.61101973	     -4.97213320	     -3.35893095	     -5.01571551	      3.50849251	     25.22101437	     81.11811146	     -4.06069871	     -8.71449500	     15.63775621	     25.18923984	     76.55100472
      4.68333330	     -3.27030618	     -3.21940085	     -5.95627121	      0.51339478	      0.98237763	     -0.12472470	      7.08250404	      1.89582690	     -5.08130635	     35.58025274	     14.43037800	      3.22912152	      0.00000000	      4.30533475	      2.22627506	     -1.72931002	      0.00000000	      9.27629893	      4.64063479	      0.00000000	      4.48485981	      1.92093754	     -5.09722978	     -3.35695298	     -5.07282356	      3.56582688	     25.27665467	     81.02839893	     -3.84946725	     -8.62798916	     15.63745906	     25.42081345	     76.47051019
      4.70000000	     -3.22864794	     -3.47068780	     -5.68513535	      0.52052227	      0.98140798	     -0.12479193	      6.91791435	      2.43792834	     -5.25190365	     32.55699954	     13.19752102	      1.60776598	      0.00000000	      3.85220795	      2.01702583	     -1.66623277	      0.00000000	      9.60788276	      4.81388907	      0.00000000	      4.31633565	      2.09763369	     -5.36287667	     -3.26537829	     -4.96790185	      3.69750674	     25.44660935	     80.88051368	     -3.84005147	     -8.73962927	     15.62499856	     25.61305281	     76.32714858
      4.71666670	     -3.27845510	     -3.67520032	     -5.39174849	      0.52810527	      0.97960510	     -0.12480567	      6.76098692	      2.90964199	     -5.53527350	     29.17642324	     12.13740061	      0.76971571	      0.00000000	      3.45961954	      1.84545250	     -1.49907072	      0.00000000	     10.01037684	      5.07900947	      0.00000000	      4.40957692	      2.24463447	     -5.52459412	     -3.24733365	     -4.93074742	      3.83718892	     25.48100689	     80.75553832	     -3.82455592	     -8.76957048	     15.59983722	     25.83524628	     76.19198405
      4.73333330	     -3.30436956	     -3.83938265	     -5.07522075	      0.53463547	      0.97779130	     -0.12511958	      6.38853347	      3.38414051	     -5.66808691	     25.27727653	     11.13818203	      0.18152157	      0.00000000	      3.04049112	      1.73330126	     -1.28939651	      0.00000000	     10.47144520	      5.39609123	      0.00000000	      4.57399017	      2.31079123	     -5.73987583	     -3.21862836	     -4.87511638	      4.00832315	     25.49640090	     80.63005465	     -3.89284072	     -8.79772446	     15.58067932	     26.03247440	     76.04680350
      4.75000000	     -3.49976633	     -3.94737484	     -4.75187298	      0.53945837	      0.97590487	     -0.12602800	      6.07378746	      3.82632100	     -5.69239194	     21.10499565	     10.61083897	      0.24241653	      0.00000000	      2.86130256	      1.69641308	     -1.02704334	      0.00000000	     10.93986565	      5.56309645	      0.00000000	      4.97209697	      2.38070066	     -5.80218864	     -3.32340883	     -4.87622328	      4.10981426	     25.47714094	     80.57620112	     -3.89373800	     -8.75973707	     15.57883124	     26.22747651	     75.97859855
      4.76666670	     -3.61026230	     -3.97151645	     -4.40288670	      0.54292372	      0.97385440	     -0.12702701	      5.57542534	      4.19753244	     -5.46646860	     16.82956067	     10.14644408	      0.32392868	      0.00000000	      2.68359599	      1.76804812	     -0.77828352	      0.00000000	     11.46741090	      5.69765395	      0.00000000	      5.21074251	      2.31331566	     -6.00012768	     -3.34069393	     -4.80697888	      4.23375837	     25.57435761	     80.52564339	     -3.91445552	     -8.81491796	     15.60444061	     26.40178408	     75.91683758
      4.78333330	     -3.68482924	     -3.94218116	     -4.08332391	      0.54614817	      0.97191357	     -0.12784032	      5.09669472	      4.47805646	     -5.06032127	     12.84416588	      9.78646996	      0.49749502	      0.00000000	      2.56007583	      1.89093277	     -0.53176548	      0.00000000	     12.01015656	      5.80494147	      0.00000000	      5.35329100	      2.18486034	     -6.15612569	     -3.32828676	     -4.74758286	      4.37851040	     25.72492468	     80.48477278	     -3.90556073	     -8.87715242	     15.65583663	     26.62159651	     75.86693883
      4.80000000	     -3.69157518	     -3.88704854	     -3.76333268	      0.55027923	      0.97041412	     -0.12841525	      4.60768620	      4.67806767	     -4.57266024	      9.35152414	      9.26660661	      0.67252525	      0.00000000	      2.39579827	      2.03573713	     -0.31496092	      0.00000000	     12.53123214	      5.92481994	      0.00000000	      5.35771352	      2.02168489	     -6.31889172	     -3.29624615	     -4.69626894	      4.58115199	     25.94188688	     80.44292428	     -3.85448466	     -8.99435156	     15.74784486	     26.91601987	     75.81909813
      4.81666670	     -3.72261110	     -3.79764067	     -3.51777273	      0.55525537	      0.96920596	     -0.12857961	      4.21022447	      4.78424323	     -4.07936222	      6.50807775	      8.69021717	      0.90367598	      0.00000000	      2.22754963	      2.17686814	     -0.15003377	      0.00000000	     12.93798346	      5.99800356	      0.00000000	      5.42407549	      1.83314447	     -6.35454577	     -3.28857956	     -4.66346185	      4.78677479	     26.13326425	     80.41274866	     -3.83833045	     -9.06163117	     15.86556439	     27.20896517	     75.78836282
      4.83333330	     -3.81645239	     -3.62815314	     -3.35172774	      0.56004140	      0.96866307	     -0.12833934	      3.96141216	      4.77290493	     -3.58062615	      4.43691076	      8.32680391	      1.21268576	      0.00000000	      2.09822718	      2.37739389	     -0.03400956	      0.00000000	     13.12985061	      6.01754710	      0.00000000	      5.60184809	      1.55724854	     -6.31462407	     -3.36391372	     -4.55684947	      4.92235476	     26.23381893	     80.40547846	     -3.84930252	     -9.18043239	     15.92570229	     27.36853826	     75.77764748
      4.85000000	     -3.75750008	     -3.62814170	     -3.18734166	      0.56396969	      0.96903709	     -0.12825403	      3.51870534	      4.90113666	     -3.36304813	      2.89481363	      7.29905552	      1.25199365	      0.00000000	      1.78910513	      2.39127658	      0.02839107	      0.00000000	     13.29489680	      6.06088625	      0.00000000	      5.53402036	      1.51203627	     -6.30019761	     -3.35113653	     -4.61999720	      5.18091454	     26.46613077	     80.39118256	     -3.83001667	     -9.20593481	     16.14089292	     27.77326886	     75.77770267
      4.86666670	     -3.82274588	     -3.59636318	     -3.14956111	      0.56715215	      0.97005893	     -0.12810764	      3.64436904	      4.94695929	     -3.35433699	      2.82297164	      7.29701497	      1.25632763	      0.00000000	      1.61856514	      2.42354037	      0.02698450	      0.00000000	     13.28949108	      6.06066625	      0.00000000	      5.52810910	      1.51109370	     -6.29504470	     -3.33620142	     -4.61622862	      5.18283348	     26.47247117	     80.39126709	     -3.82192967	     -9.20646396	     16.14149155	     27.77761675	     75.77769804
      4.88333330	     -3.89660257	     -3.50397019	     -3.16526327	      0.57093032	      0.97114337	     -0.12762356	      3.15899684	      4.96500619	     -2.91031699	      1.93815521	      6.82658853	      1.53456348	      0.00000000	      1.40305824	      2.50562214	      0.07619564	      0.00000000	     13.18886522	      6.08027219	      0.00000000	      5.75552996	      1.34410656	     -6.10659284	     -3.43669031	     -4.51476983	      5.33415675	     26.56500106	     80.40394975	     -3.93399849	     -9.22581212	     16.23461616	     27.94561619	     75.78730301
      4.90000000	     -3.90185602	     -3.54092222	     -3.21278600	      0.57403008	      0.97103445	     -0.12736310	      3.02970089	      5.04223396	     -2.88602905	      2.13132024	      6.64746152	      1.50464159	      0.00000000	      1.16232694	      2.46804756	      0.11654298	      0.00000000	     13.18930227	      6.09686650	      0.00000000	      5.82117919	      1.43210567	     -6.03731843	     -3.43178214	     -4.51530739	      5.39142934	     26.61242617	     80.41022287	     -3.96164818	     -9.21629510	     16.27765181	     28.01406793	     75.79377215
      4.91666670	     -3.98039248	     -3.54873332	     -3.12888346	      0.57686847	      0.97071021	     -0.12745338	      2.90935087	      5.05268723	     -2.83289757	      2.31767561	      6.57785966	      1.50398726	      0.00000000	      1.07447622	      2.47878828	      0.12391633	      0.00000000	     13.20060897	      6.09686669	      0.00000000	      5.83900068	      1.48837822	     -5.97810352	     -3.40480491	     -4.50373466	      5.41622514	     26.63828024	     80.41393948	     -3.99456017	     -9.19500105	     16.29749096	     28.03292827	     75.79695038
      4.93333330	     -3.91266450	     -3.61794081	     -3.28846550	      0.57957597	      0.97117718	     -0.12736426	      2.83572317	      5.08966761	     -2.63778729	      2.97490492	      6.36800438	      1.29546789	      0.00000000	      0.81603355	      2.42143308	      0.13916178	      0.00000000	     13.36662694	      6.05499743	      0.00000000	      5.57035476	      1.69211579	     -5.77832607	     -3.36523139	     -4.59434661	      5.59832465	     26.75020189	     80.44684811	     -4.04234425	     -9.07574668	     16.44690493	     28.18479714	     75.82531046
      4.95000000	     -3.68137383	     -3.61418942	     -3.36317197	      0.58224605	      0.97210849	     -0.12728110	      2.35782166	      5.04600378	     -1.93495576	      3.20339446	      6.18973898	      0.35258795	      0.00000000	      0.38424336	      2.44629316	     -0.00958928	      0.00000000	     13.34805216	      6.02709121	      0.00000000	      5.13821877	      1.71886676	     -5.35349841	     -3.48670116	     -4.81889405	      6.62293686	     27.22097804	     80.63576847	     -3.82336082	     -9.23756353	     17.08974022	     28.60602862	     75.96516162
      4.96666670	     -3.73384928	     -3.63233759	     -3.34464183	      0.58492028	      0.97177184	     -0.12743156	      2.25055777	      5.00991566	     -1.87980276	      3.51256314	      6.15590173	      0.36036034	      0.00000000	      0.27801079	      2.43859646	     -0.02688859	      0.00000000	     13.40284281	      5.98777217	      0.00000000	      5.19989682	      1.82324603	     -5.34918897	     -3.45726710	     -4.82737050	      6.65984517	     27.23621058	     80.64125974	     -3.87784651	     -9.16089146	     17.13829426	     28.58755684	     75.97319862
      4.98333330	     -3.82751406	     -3.63493980	     -3.25496139	      0.58799350	      0.97112321	     -0.12721339	      2.15484672	      4.98195289	     -1.83370172	      3.64951074	      6.16894356	      0.36302651	      0.00000000	      0.23164468	      2.43342366	     -0.05366403	      0.00000000	     13.42344895	      5.95771438	      0.00000000	      5.20707057	      1.88018834	     -5.30761068	     -3.42617391	     -4.82267710	      6.67443034	     27.24605098	     80.64413609	     -3.92168563	     -9.14397402	     17.15278891	     28.56895551	     75.97552062
      5.00000000	     -3.77204273	     -3.67247088	     -3.44277260	      0.59151169	      0.97153601	     -0.12651376	      2.04302279	      5.00190313	     -1.46904154	      4.06405720	      6.65022475	      0.28574711	      0.00000000	     -0.05510618	      2.39541079	     -0.21510157	      0.00000000	     13.52300920	      5.64398809	      0.00000000	      5.12403121	      2.09591304	     -5.18675470	     -3.31668439	     -4.90924997	      6.90566536	     27.23758984	     80.69841174	     -3.97280571	     -9.02515389	     17.31054874	     28.38047609	     76.00575849
      5.01666670	     -3.89734685	     -3.65149697	     -3.42793103	      0.59409369	      0.97301979	     -0.12623210	      1.97193296	      4.99816513	     -1.46681099	      4.10542236	      6.64884138	      0.28553045	      0.00000000	     -0.09636300	      2.39040402	     -0.21884267	      0.00000000	     13.51776259	      5.64019052	      0.00000000	      5.11902128	      2.10254180	     -5.17776434	     -3.30758323	     -4.90756042	      6.90806221	     27.23959854	     80.69901942	     -3.97517596	     -9.02389108	     17.31174245	     28.37773241	     76.00594700
      5.03333330	     -3.83827384	     -3.57447101	     -3.46014113	      0.59563630	      0.97424198	     -0.12620474	      1.66895421	      4.90997520	     -1.45554729	      4.07774372	      6.72260236	      0.25836941	      0.00000000	     -0.35229471	      2.47447761	     -0.30444925	      0.00000000	     13.38903916	      5.53130800	      0.00000000	      5.27148426	      2.17007835	     -5.01942989	     -3.38992960	     -4.90883478	      6.98078565	     27.19236816	     80.71811436	     -4.23734544	     -8.94390263	     17.36400035	     28.24337620	     76.01265693
      5.05000000	     -3.90288210	     -3.55159896	     -3.44923370	      0.59580655	      0.97468224	     -0.12585414	      1.61578649	      4.90654890	     -1.45261128	      4.08961430	      6.72354893	      0.25854068	      0.00000000	     -0.35557251	      2.47021369	     -0.30905901	      0.00000000	     13.38687790	      5.52482405	      0.00000000	      5.26234558	      2.17656123	     -5.00988930	     -3.38165176	     -4.91022406	      6.98370067	     27.19282478	     80.71905283	     -4.24079686	     -8.94211997	     17.36527435	     28.23786550	     76.01282778
      5.06666670	     -3.45926448	     -3.55715040	     -3.38499354	      0.59628564	      0.97477024	     -0.12521571	      0.74578797	      4.91650952	     -1.16090711	      3.39802996	      6.29227305	      0.01040994	      0.00000000	     -0.87413727	      2.47888399	     -0.02995360	      0.00000000	     13.26999174	      4.89403933	      0.00000000	      4.54053102	      2.26324033	     -4.72812036	     -3.09145151	     -5.06816298	      7.76754795	     26.95866556	     80.96813696	     -3.73085948	     -8.76174809	     17.58319755	     27.34352361	     76.05630021
      5.08333330	     -3.48567008	     -3.52335543	     -3.37393595	      0.59772683	      0.97356119	     -0.12413996	      0.73084976	      4.91981015	     -1.16114792	      3.40351658	      6.29205114	      0.00942031	      0.00000000	     -0.87470261	      2.46436662	     -0.02695629	      0.00000000	     13.27319845	      4.89463075	      0.00000000	      4.52935359	      2.26968062	     -4.72330782	     -3.08408419	     -5.06982070	      7.76914423	     26.96012010	     80.96876934	     -3.73268628	     -8.76167906	     17.58419499	     27.34071253	     76.05647070
      5.10000000	     -3.52538834	     -3.48617597	     -3.35936681	      0.59973849	      0.97246343	     -0.12343046	      0.71099368	      4.92790013	     -1.16144428	      3.41196995	      6.29099434	      0.00795077	      0.00000000	     -0.87574970	      2.44946000	     -0.01947261	      0.00000000	     13.28194443	      4.89665880	      0.00000000	      4.51255363	      2.27753536	     -4.71328501	     -3.07109034	     -5.07031229	      7.77124810	     26.96324598	     80.96960331	     -3.73728646	     -8.76456076	     17.58488996	     27.33540814	     76.05656929
      5.11666670	     -3.57101157	     -3.48451817	     -3.22872990	      0.60213792	      0.97267203	     -0.12316537	      0.64913008	      4.97190585	     -1.19054040	      3.41915065	      6.27908031	     -0.12206383	      0.00000000	     -0.91387453	      2.39278339	      0.39722158	      0.00000000	     13.92899247	      5.03523718	      0.00000000	      4.40604785	      2.33774206	     -4.70497227	     -2.99632858	     -5.10333613	      7.93454269	     26.98696886	     81.02925931	     -3.76049424	     -8.80963102	     17.63283731	     27.13358800	     76.06430905
      5.13333330	     -3.65593069	     -3.44382418	     -3.21233737	      0.60477189	      0.97380459	     -0.12237329	      0.60411808	      4.97705027	     -1.19083336	      3.44844421	      6.27736932	     -0.12374590	      0.00000000	     -0.94434120	      2.37254489	      0.39773618	      0.00000000	     13.93003851	      5.03565563	      0.00000000	      4.39992740	      2.34418171	     -4.69973096	     -2.98628690	     -5.10466962	      7.93671740	     26.98963917	     81.03019535	     -3.76071425	     -8.80874998	     17.63358488	     27.13035220	     76.06438217
      5.15000000	     -3.75005053	     -3.39840543	     -3.18745567	      0.60672228	      0.97458355	     -0.12133554	      0.54931196	      4.98459809	     -1.19079343	      3.48114478	      6.27723112	     -0.12549310	      0.00000000	     -0.98789177	      2.35317310	      0.39972374	      0.00000000	     13.93286449	      5.03618887	      0.00000000	      4.40046264	      2.35203358	     -4.68981984	     -2.97682264	     -5.10567166	      7.93899296	     26.99238581	     81.03115609	     -3.76800771	     -8.80906109	     17.63431944	     27.12488162	     76.06439215
      5.16666670	     -3.65565804	     -3.35074993	     -3.10979061	      0.60791391	      0.97458120	     -0.12060054	      0.21263461	      4.98479394	     -1.23064618	      3.44590774	      6.41076396	     -0.20400605	      0.00000000	     -1.29288843	      2.34779430	      0.54151771	      0.00000000	     14.08599328	      5.10229465	      0.00000000	      4.61307601	      2.33061146	     -4.58567952	     -3.07434248	     -5.08389984	      8.02724829	     26.97198472	     81.06222962	     -4.02789796	     -8.87141803	     17.65354559	     26.94926809	     76.06416814
      5.18333330	     -3.72080312	     -3.31789848	     -3.09030843	      0.60808332	      0.97293452	     -0.12032857	      0.18483228	      4.98660021	     -1.22708303	      3.44918979	      6.41397947	     -0.20337407	      0.00000000	     -1.33057166	      2.33705501	      0.53986517	      0.00000000	     14.09104030	      5.10139168	      0.00000000	      4.60592056	      2.33431330	     -4.58564704	     -3.07125282	     -5.08501969	      8.02978126	     26.97214840	     81.06324620	     -4.02418881	     -8.87073165	     17.65387648	     26.94710346	     76.06416513
      5.20000000	     -3.24948497	     -3.28398749	     -2.77503033	      0.60885220	      0.97222165	     -0.12059834	     -0.81807163	      4.96191172	     -1.08254072	      2.66510794	      6.40951797	     -0.10696982	      0.00000000	     -1.95925117	      2.36344369	      0.71575733	      0.00000000	     14.57015202	      5.37642996	      0.00000000	      3.99943373	      2.29379200	     -4.85711031	     -2.94633316	     -5.19757629	      8.79995643	     27.00192749	     81.36730528	     -3.68383388	     -8.85064294	     17.83981036	     26.32901418	     76.07910256
      5.21666670	     -3.29555775	     -3.25365344	     -2.75527535	      0.60985489	      0.97138335	     -0.12002174	     -0.81925683	      4.94660596	     -1.07677087	      2.66072442	      6.41204120	     -0.10489636	      0.00000000	     -2.00213314	      2.34290913	      0.70904236	      0.00000000	     14.56641237	      5.37326117	      0.00000000	      3.99948742	      2.29831788	     -4.85516560	     -2.93960913	     -5.20064748	      8.80181114	     27.00379962	     81.36828073	     -3.67880500	     -8.85104844	     17.84013304	     26.33005281	     76.07913062
      5.23333330	     -3.33436366	     -3.10787024	     -2.68076026	      0.61107807	      0.97143154	     -0.11942842	     -1.07025658	      4.81758886	     -0.79042274	      2.20472375	      6.57500384	      0.04076045	      0.00000000	     -2.04848156	      2.45106467	      0.55844848	      0.00000000	     14.36368753	      5.29652688	      0.00000000	      4.14888427	      2.13872322	     -4.86006160	     -2.98954638	     -5.24306347	      8.94603272	     27.04478402	     81.42884933	     -3.68296567	     -8.91768648	     17.88696403	     26.32015534	     76.08485170
      5.25000000	     -3.37980090	     -3.07379390	     -2.66880369	      0.61202790	      0.97230172	     -0.11877224	     -1.08405974	      4.81216727	     -0.78712505	      2.20566524	      6.57627338	      0.04269064	      0.00000000	     -2.07001229	      2.43435804	      0.55468946	      0.00000000	     14.36158270	      5.29379730	      0.00000000	      4.14645614	      2.14610374	     -4.86056023	     -2.98525345	     -5.24568520	      8.94770772	     27.04664867	     81.42969008	     -3.67734987	     -8.91693569	     17.88753107	     26.32210183	     76.08496397
      5.26666670	     -3.42051331	     -3.03289336	     -2.65777060	      0.61323874	      0.97384537	     -0.11796914	     -1.10985133	      4.81366202	     -0.78328168	      2.19872641	      6.58237159	      0.04480337	      0.00000000	     -2.07375244	      2.42973444	      0.54852368	      0.00000000	     14.35742986	      5.29010870	      0.00000000	      4.14527950	      2.15488552	     -4.86018844	     -2.98004690	     -5.24922554	      8.94996834	     27.04941968	     81.43081441	     -3.67237748	     -8.91616869	     17.88841065	     26.32423905	     76.08514521
      5.28333330	     -3.49870986	     -2.89275888	     -2.61556738	      0.61447509	      0.97447269	     -0.11710676	     -1.30291166	      4.70361134	     -0.74489955	      1.76456447	      6.76126601	      0.05894705	      0.00000000	     -2.01972309	      2.56446163	      0.43690086	      0.00000000	     14.25941683	      5.24452429	      0.00000000	      4.18950641	      2.18763699	     -4.83158639	     -2.97344780	     -5.25946508	      9.00425305	     27.08390221	     81.45297741	     -3.69938083	     -8.93062747	     17.90895615	     26.32947844	     76.08893780
      5.30000000	     -3.50456472	     -2.89034783	     -2.64764763	      0.61512154	      0.97352588	     -0.11576505	     -1.40297086	      4.78249421	     -0.71009426	      1.66640587	      6.80778662	      0.07864788	      0.00000000	     -2.04862676	      2.50142307	      0.43490531	      0.00000000	     14.21867423	      5.24887472	      0.00000000	      4.21251847	      2.05065605	     -4.84847341	     -3.03113704	     -5.26336008	      9.04040432	     27.08560953	     81.46711923	     -3.73383945	     -8.91405226	     17.92927347	     26.33417643	     76.09240486
      5.31666670	     -3.50929124	     -2.84873601	     -2.63397043	      0.61512576	      0.97152664	     -0.11494971	     -1.42379852	      4.79973052	     -0.70832297	      1.66421103	      6.81228856	      0.07888252	      0.00000000	     -2.04275365	      2.49722341	      0.43364696	      0.00000000	     14.21977566	      5.24846146	      0.00000000	      4.20913610	      2.06000644	     -4.84499688	     -3.03207819	     -5.26187217	      9.04404730	     27.08625797	     81.46837006	     -3.73636313	     -8.91327519	     17.93063593	     26.33461020	     76.09268446
      5.33333330	     -3.50914571	     -2.81257787	     -2.61844855	      0.61506406	      0.96994757	     -0.11448683	     -1.44692076	      4.81749482	     -0.70804632	      1.65204396	      6.82492480	      0.07474031	      0.00000000	     -2.02035092	      2.49254852	      0.43325242	      0.00000000	     14.22752186	      5.24840433	      0.00000000	      4.19969665	      2.06705188	     -4.84092599	     -3.03449003	     -5.25659907	      9.05011190	     27.08683169	     81.47028833	     -3.73710586	     -8.91155858	     17.93275984	     26.33672177	     76.09317036
      5.35000000	     -3.59697093	     -2.79261348	     -2.46103041	      0.61517677	      0.96925677	     -0.11455654	     -1.52508202	      4.85592284	     -0.71481066	      1.35262853	      7.06474747	     -0.02329172	      0.00000000	     -1.88736545	      2.46770604	      0.44375635	      0.00000000	     14.36488273	      5.25994281	      0.00000000	      4.06753193	      2.07492381	     -4.83612221	     -3.07318925	     -5.17500438	      9.13268538	     27.09226204	     81.49579027	     -3.66292162	     -8.87906982	     17.96076528	     26.39960736	     76.10077289
      5.36666670	     -3.52078180	     -2.80395665	     -2.35634224	      0.61549037	      0.96939689	     -0.11423087	     -1.79513578	      4.92412584	     -0.61679539	      1.13241767	      7.50022887	     -0.21216815	      0.00000000	     -2.01712366	      2.39478714	      0.65338048	      0.00000000	     14.61501673	      5.46989395	      0.00000000	      4.05180837	      2.08272331	     -4.85953110	     -3.19714328	     -5.24852913	      9.39475333	     27.11452527	     81.59216543	     -3.57165039	     -8.91362784	     18.08826083	     26.58752928	     76.13876506
      5.38333330	     -3.54767538	     -2.76997756	     -2.35743747	      0.61512813	      0.96963983	     -0.11368731	     -1.81548796	      4.92833541	     -0.61753952	      1.14024460	      7.50234738	     -0.21362391	      0.00000000	     -2.02097538	      2.36800881	      0.64976203	      0.00000000	     14.61660533	      5.46972737	      0.00000000	      4.05060767	      2.08263759	     -4.86268720	     -3.19293260	     -5.25156032	      9.39789590	     27.11679639	     81.59349933	     -3.56499413	     -8.90818878	     18.09108928	     26.59297142	     76.13954038
      5.40000000	     -3.56768779	     -2.73980604	     -2.36074900	      0.61476556	      0.97032925	     -0.11320577	     -1.84098664	      4.93087444	     -0.61902435	      1.14723442	      7.50681763	     -0.21613570	      0.00000000	     -2.00732994	      2.33836364	      0.64466616	      0.00000000	     14.61866339	      5.46874469	      0.00000000	      4.04860811	      2.08229002	     -4.86668604	     -3.18843316	     -5.25398999	      9.40082194	     27.11917153	     81.59471695	     -3.55675321	     -8.90045664	     18.09417520	     26.59963732	     76.14038002
      5.41666670	     -3.62022634	     -2.76059695	     -2.34421052	      0.61466128	      0.97098007	     -0.11271459	     -1.84834799	      4.99431627	     -0.63342818	      1.05591054	      7.56203833	     -0.24763314	      0.00000000	     -1.91600487	      2.25710933	      0.52177297	      0.00000000	     14.62494850	      5.44352463	      0.00000000	      3.98803248	      2.05130906	     -4.91817942	     -3.11858894	     -5.24931964	      9.45120544	     27.15878841	     81.61360117	     -3.43631361	     -8.80034823	     18.14124160	     26.70056124	     76.15381133
      5.43333330	     -3.61850353	     -2.73216809	     -2.34158623	      0.61471873	      0.97134304	     -0.11206954	     -1.86717213	      4.99131088	     -0.63424027	      1.06117578	      7.56040175	     -0.24787689	      0.00000000	     -1.89179488	      2.23619353	      0.51553803	      0.00000000	     14.62303927	      5.44256608	      0.00000000	      3.98532667	      2.06119973	     -4.91842795	     -3.11684884	     -5.25092006	      9.45410684	     27.15993747	     81.61469060	     -3.43459227	     -8.79780544	     18.14381323	     26.70438120	     76.15460675
      5.45000000	     -3.66921364	     -2.71741912	     -2.27104938	      0.61443816	      0.97132660	     -0.11164165	     -1.85743908	      4.99983855	     -0.64958753	      0.95246907	      7.48555299	     -0.23540178	      0.00000000	     -1.79012657	      2.21865965	      0.31190415	      0.00000000	     14.51942113	      5.41055993	      0.00000000	      3.89024712	      2.14973521	     -4.94980172	     -3.07880239	     -5.23179774	      9.52278084	     27.18950039	     81.63857112	     -3.35832254	     -8.75075373	     18.19982413	     26.79933552	     76.17270027
      5.46666670	     -3.68274432	     -2.69360816	     -2.28144128	      0.61444703	      0.97114317	     -0.11091542	     -1.86893025	      5.00477579	     -0.65106450	      0.95733105	      7.47862579	     -0.23397143	      0.00000000	     -1.79563870	      2.19726486	      0.30763161	      0.00000000	     14.50956438	      5.41308505	      0.00000000	      3.89059105	      2.14909198	     -4.95384431	     -3.07761473	     -5.23615329	      9.52629642	     27.19073363	     81.64003528	     -3.35437409	     -8.74722722	     18.20390088	     26.80567123	     76.17401082
      5.48333330	     -3.66668527	     -2.70361841	     -2.42046054	      0.61429360	      0.97130548	     -0.11025218	     -1.87010050	      5.03639059	     -0.58663859	      1.00078363	      7.21931628	     -0.13761446	      0.00000000	     -1.84000152	      2.15339194	     -0.07797358	      0.00000000	     13.99924969	      5.55950896	      0.00000000	      3.78067118	      2.22354068	     -4.93805726	     -2.99584108	     -5.29098694	      9.81792940	     27.28419557	     81.74727624	     -3.38842493	     -8.78740461	     18.46461575	     27.11304748	     76.26384711
      5.50000000	     -3.68987238	     -2.68297948	     -2.41781583	      0.61442168	      0.97056379	     -0.10983380	     -1.87331139	      5.04258380	     -0.58574337	      1.00320125	      7.22179055	     -0.13831753	      0.00000000	     -1.86073827	      2.14221990	     -0.07877374	      0.00000000	     14.00146404	      5.56032234	      0.00000000	      3.77956378	      2.22043743	     -4.93921067	     -2.99357166	     -5.29384831	      9.82048539	     27.28505052	     81.74835130	     -3.38559800	     -8.78535989	     18.46745444	     27.11734133	     76.26482850
      5.51666670	     -3.70253583	     -2.66471475	     -2.42206106	      0.61452588	      0.96975261	     -0.10949060	     -1.87352523	      5.04648246	     -0.58559724	      1.00118316	      7.22780357	     -0.14028518	      0.00000000	     -1.87307815	      2.13160332	     -0.08032620	      0.00000000	     14.00464545	      5.56183241	      0.00000000	      3.77835852	      2.21528103	     -4.94144515	     -2.98998042	     -5.29660090	      9.82392766	     27.28652664	     81.74976653	     -3.38045711	     -8.78188712	     18.47132572	     27.12387648	     76.26618460
      5.53333330	     -3.72129487	     -2.62420892	     -2.59156871	      0.61459748	      0.96918251	     -0.10890900	     -1.77632935	      5.01953732	     -0.39141851	      1.14747649	      7.66051023	     -0.23925990	      0.00000000	     -1.86457461	      2.14994089	     -0.64003882	      0.00000000	     14.34326538	      6.36880861	      0.00000000	      3.64846599	      2.17453426	     -4.79195300	     -2.84678039	     -5.52461209	     11.13793332	     27.45819809	     82.24041147	     -3.57606987	     -9.17386033	     19.58496070	     28.29990451	     76.69463782
      5.55000000	     -3.71814003	     -2.60929318	     -2.59413470	      0.61490150	      0.96903558	     -0.10855922	     -1.79282658	      5.01849489	     -0.39369201	      1.14855121	      7.65899878	     -0.23923463	      0.00000000	     -1.84330558	      2.14630435	     -0.64253174	      0.00000000	     14.34855762	      6.36590328	      0.00000000	      3.64831593	      2.17406492	     -4.79639165	     -2.84699414	     -5.52971279	     11.13919809	     27.45719040	     82.24120090	     -3.57305423	     -9.17191809	     19.58659579	     28.30060958	     76.69537289
      5.56666670	     -3.71367628	     -2.59756307	     -2.59837506	      0.61511976	      0.96883888	     -0.10823153	     -1.81550456	      5.02164843	     -0.39714461	      1.14991768	      7.65765962	     -0.23961820	      0.00000000	     -1.81019633	      2.15236549	     -0.64606697	      0.00000000	     14.35775059	      6.36262048	      0.00000000	      3.64698548	      2.17440659	     -4.80042050	     -2.84659245	     -5.53424604	     11.14051979	     27.45651633	     82.24199603	     -3.57014172	     -9.16931980	     19.58842785	     28.30169417	     76.69615596
      5.58333330	     -3.71360128	     -2.58513925	     -2.60263989	      0.61515064	      0.96893338	     -0.10804275	     -1.84238367	      5.02676834	     -0.40035511	      1.15440981	      7.65606179	     -0.23991520	      0.00000000	     -1.77565390	      2.15928486	     -0.64963348	      0.00000000	     14.36769502	      6.35967858	      0.00000000	      3.64582339	      2.17547437	     -4.80366082	     -2.84646527	     -5.53766725	     11.14164703	     27.45603081	     82.24264881	     -3.56789548	     -9.16708244	     19.59002642	     28.30277512	     76.69682954
      5.60000000	     -3.76874389	     -2.51807115	     -2.54437714	      0.61498196	      0.96942967	     -0.10830142	     -1.85572722	      4.95259239	     -0.42674109	      1.04135034	      7.62474847	     -0.23287338	      0.00000000	     -1.68652047	      2.23878523	     -0.72981922	      0.00000000	     14.54207322	      6.30780123	      0.00000000	      3.63869008	      2.17858515	     -4.85920779	     -2.84386210	     -5.58216749	     11.16523681	     27.45052240	     82.25512881	     -3.52647551	     -9.14207518	     19.61892445	     28.32157641	     76.70968969
      5.61666670	     -3.78399256	     -2.51190123	     -2.54555351	      0.61468601	      0.97040828	     -0.10841538	     -1.86291759	      4.95162922	     -0.42689434	      1.04426775	      7.62444249	     -0.23284413	      0.00000000	     -1.68990557	      2.23294646	     -0.72965545	      0.00000000	     14.54294490	      6.30786924	      0.00000000	      3.63982590	      2.17807062	     -4.85954641	     -2.84395655	     -5.58239883	     11.16551775	     27.45057423	     82.25526590	     -3.52657324	     -9.14203914	     19.61924569	     28.32165742	     76.70983116
      5.63333330	     -3.79107715	     -2.50018550	     -2.54287462	      0.61434250	      0.97162923	     -0.10829066	     -1.85645553	      4.93099636	     -0.42453052	      1.04122503	      7.62249807	     -0.23098617	      0.00000000	     -1.70448523	      2.20556256	     -0.72905511	      0.00000000	     14.54446501	      6.30898964	      0.00000000	      3.64561988	      2.17732727	     -4.86146326	     -2.84331767	     -5.58398655	     11.16687528	     27.45079293	     82.25596737	     -3.52560243	     -9.14085742	     19.62102157	     28.32244034	     76.71061143
      5.65000000	     -3.79992611	     -2.48901799	     -2.53884261	      0.61434497	      0.97255730	     -0.10808726	     -1.84013443	      4.91782146	     -0.42114009	      1.03515256	      7.61936903	     -0.22822819	      0.00000000	     -1.73332293	      2.18917097	     -0.72875321	      0.00000000	     14.54249191	      6.31094728	      0.00000000	      3.65097156	      2.17816615	     -4.86377395	     -2.84037398	     -5.58582793	     11.16844061	     27.45147774	     82.25681259	     -3.52261553	     -9.13881948	     19.62320237	     28.32390536	     76.71160409
      5.66666670	     -3.80623307	     -2.47712565	     -2.53995863	      0.61475651	      0.97275082	     -0.10770873	     -1.82583417	      4.91161061	     -0.41972500	      1.03004356	      7.61500040	     -0.22590001	      0.00000000	     -1.76192037	      2.18239285	     -0.72840085	      0.00000000	     14.53701219	      6.31358707	      0.00000000	      3.65444982	      2.18092074	     -4.86583066	     -2.83511813	     -5.58793890	     11.16996157	     27.45258943	     82.25769224	     -3.51881381	     -9.13559803	     19.62566467	     28.32572976	     76.71270943
      5.68333330	     -3.79353438	     -2.44332669	     -2.61281036	      0.61547515	      0.97251477	     -0.10718272	     -1.83869690	      4.89129030	     -0.43146318	      1.02682500	      7.58476147	     -0.21896862	      0.00000000	     -1.81823940	      2.20771181	     -0.72447126	      0.00000000	     14.49327906	      6.33348063	      0.00000000	      3.67555094	      2.19396888	     -4.86796589	     -2.79737247	     -5.59639522	     11.18079497	     27.46071642	     82.26371334	     -3.51235411	     -9.11536420	     19.64340676	     28.33246652	     76.72038762
      5.70000000	     -3.79604502	     -2.42635024	     -2.60983811	      0.61563379	      0.97226149	     -0.10685869	     -1.83471426	      4.89838928	     -0.43388925	      1.02205407	      7.57894401	     -0.21782078	      0.00000000	     -1.83652084	      2.21745197	     -0.72760851	      0.00000000	     14.48704822	      6.33491867	      0.00000000	      3.67338796	      2.19619484	     -4.86296619	     -2.78778817	     -5.59849274	     11.18289446	     27.46220049	     82.26493357	     -3.51654524	     -9.11171464	     19.64718034	     28.33193072	     76.72194088
      5.71666670	     -3.80202075	     -2.41935290	     -2.61023048	      0.61526163	      0.97171786	     -0.10691539	     -1.83773733	      4.90205585	     -0.43471146	      1.02259051	      7.57808188	     -0.21777502	      0.00000000	     -1.84267539	      2.21807161	     -0.72799663	      0.00000000	     14.48644757	      6.33509681	      0.00000000	      3.67321722	      2.19655594	     -4.86219190	     -2.78679928	     -5.59877520	     11.18314557	     27.46227195	     82.26507710	     -3.51738059	     -9.11118668	     19.64766082	     28.33179937	     76.72213067
      5.73333330	     -3.79350591	     -2.39791260	     -2.61219410	      0.61447910	      0.97081476	     -0.10696064	     -1.83422093	      4.91208406	     -0.44078845	      1.01808265	      7.57138141	     -0.21817555	      0.00000000	     -1.85211424	      2.22785203	     -0.72963398	      0.00000000	     14.48485511	      6.33574079	      0.00000000	      3.67107286	      2.19946368	     -4.85583456	     -2.77743232	     -5.60082292	     11.18460644	     27.46341016	     82.26598181	     -3.52126990	     -9.10774515	     19.65063142	     28.33175034	     76.72336491
      5.75000000	     -3.79491505	     -2.39147162	     -2.61274648	      0.61427296	      0.97011279	     -0.10707766	     -1.83586772	      4.91234635	     -0.44186496	      1.01917919	      7.56974575	     -0.21814845	      0.00000000	     -1.85594989	      2.22534592	     -0.73009925	      0.00000000	     14.48453840	      6.33572422	      0.00000000	      3.67029247	      2.20012488	     -4.85465088	     -2.77555235	     -5.60114577	     11.18483332	     27.46360068	     82.26612616	     -3.52165245	     -9.10713683	     19.65110141	     28.33181050	     76.72356620
      5.76666670	     -3.66972732	     -2.34172312	     -2.75054681	      0.61428336	      0.97028454	     -0.10686426	     -1.82097093	      4.83107904	     -0.63539409	      1.23880454	      7.23572196	     -0.22628841	      0.00000000	     -1.99858526	      2.29736505	     -0.81206415	      0.00000000	     14.45520151	      6.31267761	      0.00000000	      3.42974861	      2.27100020	     -4.72390978	     -2.48291347	     -5.69882544	     11.23577635	     27.45619772	     82.29816548	     -3.48304654	     -8.99487567	     19.74337085	     28.38129948	     76.76799851
      5.78333330	     -3.66670907	     -2.33224985	     -2.73332997	      0.61506118	      0.97043769	     -0.10627159	     -1.81528471	      4.84077950	     -0.63161100	      1.24168065	      7.23306265	     -0.22487426	      0.00000000	     -2.00592929	      2.29331469	     -0.81706623	      0.00000000	     14.45583422	      6.31020453	      0.00000000	      3.42011136	      2.27620429	     -4.72295987	     -2.48329277	     -5.69876061	     11.23854233	     27.45305142	     82.29932108	     -3.48019619	     -8.99748277	     19.74491895	     28.38180342	     76.76925814
      5.80000000	     -3.65851810	     -2.32269087	     -2.72583131	      0.61571987	      0.97039422	     -0.10567468	     -1.81858483	      4.85548617	     -0.62883804	      1.24498703	      7.23346533	     -0.22440798	      0.00000000	     -1.99964540	      2.29351682	     -0.81923211	      0.00000000	     14.45814000	      6.30866170	      0.00000000	      3.41062303	      2.28203198	     -4.72343394	     -2.48567125	     -5.69836005	     11.24108927	     27.44955688	     82.30035938	     -3.47751691	     -8.99998294	     19.74633687	     28.38209703	     76.77040510
      5.81666670	     -3.64464206	     -2.31103130	     -2.72546348	      0.61587965	      0.97006163	     -0.10528459	     -1.82749693	      4.87335024	     -0.62590918	      1.24276151	      7.23879328	     -0.22491912	      0.00000000	     -1.98283274	      2.29315869	     -0.81926481	      0.00000000	     14.46304780	      6.30768797	      0.00000000	      3.40090159	      2.28768889	     -4.72533725	     -2.49085309	     -5.69677787	     11.24398079	     27.44534470	     82.30146069	     -3.47486982	     -9.00363864	     19.74778424	     28.38206835	     76.77161027
      5.83333330	     -3.65274072	     -2.34477776	     -2.73389451	      0.61583338	      0.96981210	     -0.10506517	     -1.88863042	      4.94428892	     -0.56575725	      1.07573360	      7.38458353	     -0.24494147	      0.00000000	     -1.94748184	      2.23437748	     -0.79337327	      0.00000000	     14.55719108	      6.30300447	      0.00000000	      3.26613611	      2.33407730	     -4.75730363	     -2.56390377	     -5.64345737	     11.29076865	     27.39041105	     82.31831308	     -3.42309613	     -9.08207844	     19.76708068	     28.38085244	     76.78954440
      5.85000000	     -3.63418237	     -2.33297320	     -2.73056341	      0.61596350	      0.96922838	     -0.10493483	     -1.91492118	      4.95778231	     -0.55956306	      1.07820557	      7.39281938	     -0.24505059	      0.00000000	     -1.92706852	      2.23306806	     -0.78814276	      0.00000000	     14.56441073	      6.30459868	      0.00000000	      3.27067132	      2.33612120	     -4.75414186	     -2.55955941	     -5.64302425	     11.29319507	     27.38975916	     82.31951732	     -3.42225882	     -9.08241973	     19.76982000	     28.38172642	     76.79110396
      5.86666670	     -3.54581659	     -2.39983100	     -2.69692770	      0.61617104	      0.96819860	     -0.10485213	     -2.13796048	      5.06455983	     -0.41133376	      0.88637700	      7.65243346	     -0.27628409	      0.00000000	     -2.03246056	      2.13778341	     -0.60729703	      0.00000000	     14.80419634	      6.35927224	      0.00000000	      3.33524986	      2.36383667	     -4.74080894	     -2.53413148	     -5.60343919	     11.36190653	     27.34968386	     82.34975794	     -3.36243776	     -9.12891931	     19.83302455	     28.40555613	     76.82933061
      5.88333330	     -3.54839612	     -2.39432626	     -2.69751979	      0.61593274	      0.96776147	     -0.10497213	     -2.14272099	      5.06726802	     -0.41106805	      0.88846148	      7.65235815	     -0.27619548	      0.00000000	     -2.03237216	      2.13624128	     -0.60731440	      0.00000000	     14.80493216	      6.35929431	      0.00000000	      3.33398893	      2.36462968	     -4.74121669	     -2.53520660	     -5.60379596	     11.36222484	     27.34892327	     82.34990191	     -3.36282378	     -9.12884351	     19.83348722	     28.40541613	     76.82954067
